X Z
1.00000000 0.00000000
0.99995980 0.00000921
0.99991960 0.00001841
0.99987939 0.00002761
0.99983917 0.00003681
0.99979895 0.00004600
0.99975871 0.00005519
0.99971847 0.00006438
0.99967823 0.00007356
0.99963797 0.00008274
0.99959771 0.00009192
0.99955744 0.00010110
0.99951716 0.00011027
0.99947688 0.00011944
0.99943659 0.00012860
0.99939629 0.00013777
0.99935598 0.00014693
0.99931567 0.00015608
0.99927535 0.00016524
0.99923502 0.00017439
0.99919468 0.00018354
0.99915434 0.00019268
0.99911399 0.00020182
0.99907363 0.00021096
0.99903327 0.00022010
0.99899289 0.00022923
0.99895251 0.00023836
0.99891213 0.00024749
0.99887173 0.00025661
0.99883133 0.00026573
0.99879092 0.00027485
0.99875051 0.00028396
0.99871008 0.00029308
0.99866965 0.00030219
0.99862921 0.00031129
0.99858877 0.00032040
0.99854832 0.00032950
0.99850785 0.00033859
0.99846739 0.00034769
0.99842691 0.00035678
0.99838643 0.00036587
0.99834594 0.00037496
0.99830544 0.00038404
0.99826494 0.00039312
0.99822443 0.00040220
0.99818391 0.00041127
0.99814338 0.00042034
0.99810285 0.00042941
0.99806231 0.00043848
0.99802176 0.00044754
0.99798121 0.00045660
0.99794064 0.00046566
0.99790007 0.00047472
0.99785950 0.00048377
0.99781891 0.00049282
0.99777832 0.00050187
0.99773772 0.00051091
0.99769711 0.00051995
0.99765650 0.00052899
0.99761588 0.00053803
0.99757525 0.00054706
0.99753461 0.00055609
0.99749397 0.00056512
0.99745332 0.00057414
0.99741266 0.00058316
0.99737200 0.00059218
0.99733133 0.00060120
0.99729065 0.00061022
0.99724996 0.00061923
0.99720927 0.00062824
0.99716857 0.00063724
0.99712786 0.00064625
0.99708714 0.00065525
0.99704642 0.00066424
0.99700569 0.00067324
0.99696495 0.00068223
0.99692420 0.00069122
0.99688345 0.00070021
0.99684269 0.00070920
0.99680193 0.00071818
0.99676115 0.00072716
0.99672037 0.00073613
0.99667958 0.00074511
0.99663878 0.00075408
0.99659798 0.00076305
0.99655717 0.00077202
0.99651635 0.00078098
0.99647553 0.00078994
0.99643470 0.00079890
0.99639386 0.00080786
0.99635301 0.00081681
0.99631215 0.00082577
0.99627129 0.00083471
0.99623042 0.00084366
0.99618955 0.00085261
0.99614866 0.00086155
0.99610777 0.00087049
0.99606688 0.00087942
0.99602597 0.00088836
0.99598506 0.00089729
0.99594414 0.00090622
0.99590321 0.00091514
0.99586228 0.00092407
0.99582134 0.00093299
0.99578039 0.00094191
0.99573943 0.00095083
0.99569847 0.00095974
0.99565750 0.00096865
0.99561652 0.00097756
0.99557554 0.00098647
0.99553454 0.00099538
0.99549354 0.00100428
0.99545254 0.00101318
0.99541152 0.00102208
0.99537050 0.00103097
0.99532947 0.00103986
0.99528844 0.00104875
0.99524739 0.00105764
0.99520634 0.00106653
0.99516529 0.00107541
0.99512422 0.00108429
0.99508315 0.00109317
0.99504207 0.00110205
0.99500098 0.00111092
0.99495989 0.00111979
0.99491879 0.00112866
0.99487768 0.00113753
0.99483657 0.00114640
0.99479544 0.00115526
0.99475431 0.00116412
0.99471318 0.00117298
0.99467203 0.00118183
0.99463088 0.00119069
0.99458972 0.00119954
0.99454856 0.00120839
0.99450738 0.00121723
0.99446620 0.00122608
0.99442501 0.00123492
0.99438382 0.00124376
0.99434262 0.00125260
0.99430141 0.00126144
0.99426019 0.00127027
0.99421897 0.00127910
0.99417774 0.00128793
0.99413650 0.00129676
0.99409525 0.00130558
0.99405400 0.00131440
0.99401274 0.00132322
0.99397147 0.00133204
0.99393020 0.00134086
0.99388892 0.00134967
0.99384763 0.00135849
0.99380633 0.00136729
0.99376503 0.00137610
0.99372372 0.00138491
0.99368240 0.00139371
0.99364108 0.00140251
0.99359974 0.00141131
0.99355840 0.00142011
0.99351706 0.00142890
0.99347570 0.00143770
0.99343434 0.00144649
0.99339297 0.00145528
0.99335160 0.00146406
0.99331022 0.00147285
0.99326883 0.00148163
0.99322743 0.00149041
0.99318603 0.00149919
0.99314461 0.00150797
0.99310320 0.00151674
0.99306177 0.00152551
0.99302034 0.00153428
0.99297890 0.00154305
0.99293745 0.00155182
0.99289599 0.00156058
0.99285453 0.00156935
0.99281306 0.00157811
0.99277159 0.00158686
0.99273010 0.00159562
0.99268861 0.00160438
0.99264712 0.00161313
0.99260561 0.00162188
0.99256410 0.00163063
0.99252258 0.00163937
0.99248105 0.00164812
0.99243952 0.00165686
0.99239798 0.00166560
0.99235643 0.00167434
0.99231488 0.00168308
0.99227331 0.00169181
0.99223174 0.00170055
0.99219017 0.00170928
0.99214858 0.00171801
0.99210699 0.00172674
0.99206539 0.00173546
0.99202379 0.00174419
0.99198218 0.00175291
0.99194056 0.00176163
0.99189893 0.00177035
0.99185730 0.00177906
0.99181565 0.00178778
0.99177401 0.00179649
0.99173235 0.00180520
0.99169069 0.00181391
0.99164902 0.00182262
0.99160734 0.00183133
0.99156566 0.00184003
0.99152397 0.00184873
0.99148227 0.00185743
0.99144056 0.00186613
0.99139885 0.00187483
0.99135713 0.00188352
0.99131540 0.00189222
0.99127367 0.00190091
0.99123193 0.00190960
0.99119018 0.00191829
0.99114842 0.00192697
0.99110666 0.00193566
0.99106489 0.00194434
0.99102311 0.00195302
0.99098133 0.00196170
0.99093953 0.00197038
0.99089774 0.00197905
0.99085593 0.00198773
0.99081412 0.00199640
0.99077230 0.00200507
0.99073047 0.00201374
0.99068863 0.00202241
0.99064679 0.00203107
0.99060494 0.00203974
0.99056309 0.00204840
0.99052122 0.00205706
0.99047935 0.00206572
0.99043748 0.00207438
0.99039559 0.00208304
0.99035370 0.00209169
0.99031180 0.00210034
0.99026990 0.00210899
0.99022798 0.00211764
0.99018606 0.00212629
0.99014414 0.00213494
0.99010220 0.00214358
0.99006026 0.00215223
0.99001831 0.00216087
0.98997636 0.00216951
0.98993439 0.00217815
0.98989242 0.00218679
0.98985045 0.00219542
0.98980846 0.00220405
0.98976647 0.00221269
0.98972447 0.00222132
0.98968247 0.00222995
0.98964045 0.00223858
0.98959843 0.00224720
0.98955641 0.00225583
0.98951437 0.00226445
0.98947233 0.00227307
0.98943028 0.00228169
0.98938823 0.00229031
0.98934616 0.00229893
0.98930409 0.00230754
0.98926202 0.00231616
0.98921993 0.00232477
0.98917784 0.00233338
0.98913574 0.00234199
0.98909364 0.00235060
0.98905153 0.00235921
0.98900941 0.00236782
0.98896728 0.00237642
0.98892515 0.00238502
0.98888301 0.00239363
0.98884086 0.00240223
0.98879870 0.00241082
0.98875654 0.00241942
0.98871437 0.00242802
0.98867220 0.00243661
0.98863001 0.00244521
0.98858782 0.00245380
0.98854562 0.00246239
0.98850342 0.00247098
0.98846121 0.00247956
0.98841899 0.00248815
0.98837676 0.00249674
0.98833453 0.00250532
0.98829229 0.00251390
0.98825004 0.00252248
0.98820779 0.00253106
0.98816553 0.00253964
0.98812326 0.00254822
0.98808098 0.00255680
0.98803870 0.00256537
0.98799641 0.00257394
0.98795411 0.00258252
0.98791181 0.00259109
0.98786950 0.00259966
0.98782718 0.00260822
0.98778485 0.00261679
0.98774252 0.00262536
0.98770018 0.00263392
0.98765784 0.00264248
0.98761548 0.00265105
0.98757312 0.00265961
0.98753076 0.00266817
0.98748838 0.00267672
0.98744600 0.00268528
0.98740361 0.00269384
0.98736121 0.00270239
0.98731881 0.00271095
0.98727640 0.00271950
0.98723398 0.00272805
0.98719156 0.00273660
0.98714913 0.00274515
0.98710669 0.00275370
0.98706424 0.00276224
0.98702179 0.00277079
0.98697933 0.00277933
0.98693687 0.00278787
0.98689439 0.00279642
0.98685191 0.00280496
0.98680942 0.00281350
0.98676693 0.00282203
0.98672443 0.00283057
0.98668192 0.00283911
0.98663940 0.00284764
0.98659688 0.00285618
0.98655435 0.00286471
0.98651181 0.00287324
0.98646927 0.00288177
0.98642672 0.00289030
0.98638416 0.00289883
0.98634159 0.00290736
0.98629902 0.00291588
0.98625644 0.00292441
0.98621385 0.00293293
0.98617126 0.00294146
0.98612866 0.00294998
0.98608605 0.00295850
0.98604344 0.00296702
0.98600082 0.00297554
0.98595819 0.00298406
0.98591555 0.00299258
0.98587291 0.00300109
0.98583026 0.00300961
0.98578760 0.00301812
0.98574494 0.00302664
0.98570227 0.00303515
0.98565959 0.00304366
0.98561691 0.00305217
0.98557421 0.00306068
0.98553151 0.00306919
0.98548881 0.00307769
0.98544609 0.00308620
0.98540337 0.00309471
0.98536065 0.00310321
0.98531791 0.00311171
0.98527517 0.00312022
0.98523242 0.00312872
0.98518967 0.00313722
0.98514691 0.00314572
0.98510414 0.00315422
0.98506136 0.00316272
0.98501858 0.00317121
0.98497579 0.00317971
0.98493299 0.00318821
0.98489019 0.00319670
0.98484737 0.00320519
0.98480456 0.00321369
0.98476173 0.00322218
0.98471890 0.00323067
0.98467606 0.00323916
0.98463321 0.00324765
0.98459036 0.00325614
0.98454750 0.00326463
0.98450463 0.00327311
0.98446176 0.00328160
0.98441887 0.00329008
0.98437599 0.00329857
0.98433309 0.00330705
0.98429019 0.00331554
0.98424728 0.00332402
0.98420436 0.00333250
0.98416144 0.00334098
0.98411851 0.00334946
0.98407557 0.00335794
0.98403263 0.00336642
0.98398967 0.00337489
0.98394672 0.00338337
0.98390375 0.00339185
0.98386078 0.00340032
0.98381780 0.00340880
0.98377481 0.00341727
0.98373182 0.00342574
0.98368882 0.00343422
0.98364581 0.00344269
0.98360280 0.00345116
0.98355977 0.00345963
0.98351675 0.00346810
0.98347371 0.00347657
0.98343067 0.00348503
0.98338762 0.00349350
0.98334456 0.00350197
0.98330150 0.00351043
0.98325843 0.00351890
0.98321535 0.00352736
0.98317227 0.00353583
0.98312918 0.00354429
0.98308608 0.00355275
0.98304297 0.00356122
0.98299986 0.00356968
0.98295674 0.00357814
0.98291362 0.00358660
0.98287048 0.00359506
0.98282734 0.00360352
0.98278420 0.00361198
0.98274104 0.00362043
0.98269788 0.00362889
0.98265471 0.00363735
0.98261154 0.00364580
0.98256836 0.00365426
0.98252517 0.00366271
0.98248197 0.00367117
0.98243877 0.00367962
0.98239556 0.00368807
0.98235234 0.00369653
0.98230912 0.00370498
0.98226589 0.00371343
0.98222265 0.00372188
0.98217941 0.00373033
0.98213615 0.00373878
0.98209290 0.00374723
0.98204963 0.00375568
0.98200636 0.00376413
0.98196308 0.00377257
0.98191979 0.00378102
0.98187650 0.00378947
0.98183320 0.00379791
0.98178989 0.00380636
0.98174658 0.00381481
0.98170326 0.00382325
0.98165993 0.00383169
0.98161659 0.00384014
0.98157325 0.00384858
0.98152990 0.00385702
0.98148655 0.00386547
0.98144319 0.00387391
0.98139982 0.00388235
0.98135644 0.00389079
0.98131306 0.00389923
0.98126967 0.00390767
0.98122627 0.00391611
0.98118286 0.00392455
0.98113945 0.00393299
0.98109604 0.00394143
0.98105261 0.00394987
0.98100918 0.00395830
0.98096574 0.00396674
0.98092229 0.00397518
0.98087884 0.00398362
0.98083538 0.00399205
0.98079191 0.00400049
0.98074844 0.00400892
0.98070496 0.00401736
0.98066147 0.00402579
0.98061798 0.00403423
0.98057448 0.00404266
0.98053097 0.00405110
0.98048745 0.00405953
0.98044393 0.00406796
0.98040040 0.00407639
0.98035687 0.00408483
0.98031333 0.00409326
0.98026978 0.00410169
0.98022622 0.00411012
0.98018266 0.00411855
0.98013908 0.00412698
0.98009551 0.00413541
0.98005192 0.00414385
0.98000833 0.00415228
0.97996473 0.00416070
0.97992113 0.00416913
0.97987752 0.00417756
0.97983390 0.00418599
0.97979027 0.00419442
0.97974664 0.00420285
0.97970300 0.00421128
0.97965935 0.00421971
0.97961570 0.00422813
0.97957204 0.00423656
0.97952837 0.00424499
0.97948470 0.00425342
0.97944102 0.00426184
0.97939733 0.00427027
0.97935364 0.00427870
0.97930994 0.00428712
0.97926623 0.00429555
0.97922251 0.00430397
0.97917879 0.00431240
0.97913506 0.00432082
0.97909132 0.00432925
0.97904758 0.00433768
0.97900383 0.00434610
0.97896008 0.00435453
0.97891631 0.00436295
0.97887254 0.00437137
0.97882876 0.00437980
0.97878498 0.00438822
0.97874119 0.00439665
0.97869739 0.00440507
0.97865359 0.00441350
0.97860977 0.00442192
0.97856596 0.00443034
0.97852213 0.00443877
0.97847830 0.00444719
0.97843446 0.00445561
0.97839061 0.00446404
0.97834676 0.00447246
0.97830290 0.00448088
0.97825903 0.00448931
0.97821516 0.00449773
0.97817128 0.00450615
0.97812739 0.00451457
0.97808350 0.00452300
0.97803960 0.00453142
0.97799569 0.00453984
0.97795177 0.00454826
0.97790785 0.00455669
0.97786392 0.00456511
0.97781999 0.00457353
0.97777605 0.00458195
0.97773210 0.00459038
0.97768814 0.00459880
0.97764418 0.00460722
0.97760021 0.00461564
0.97755623 0.00462407
0.97751225 0.00463249
0.97746826 0.00464091
0.97742426 0.00464933
0.97738026 0.00465776
0.97733625 0.00466618
0.97729223 0.00467460
0.97724820 0.00468302
0.97720417 0.00469144
0.97716013 0.00469987
0.97711609 0.00470829
0.97707204 0.00471671
0.97702798 0.00472514
0.97698391 0.00473356
0.97693984 0.00474198
0.97689576 0.00475040
0.97685168 0.00475883
0.97680758 0.00476725
0.97676348 0.00477567
0.97671938 0.00478410
0.97667526 0.00479252
0.97663114 0.00480094
0.97658702 0.00480937
0.97654288 0.00481779
0.97649874 0.00482621
0.97645459 0.00483464
0.97641044 0.00484306
0.97636628 0.00485149
0.97632211 0.00485991
0.97627793 0.00486833
0.97623375 0.00487676
0.97618956 0.00488518
0.97614537 0.00489361
0.97610117 0.00490203
0.97605696 0.00491046
0.97601274 0.00491888
0.97596852 0.00492731
0.97592429 0.00493574
0.97588005 0.00494416
0.97583581 0.00495259
0.97579156 0.00496101
0.97574730 0.00496944
0.97570304 0.00497787
0.97565877 0.00498629
0.97561449 0.00499472
0.97557021 0.00500315
0.97552592 0.00501158
0.97548162 0.00502000
0.97543731 0.00502843
0.97539300 0.00503686
0.97534868 0.00504529
0.97530436 0.00505372
0.97526003 0.00506215
0.97521569 0.00507057
0.97517134 0.00507900
0.97512699 0.00508743
0.97508263 0.00509586
0.97503827 0.00510429
0.97499389 0.00511272
0.97494951 0.00512115
0.97490513 0.00512959
0.97486073 0.00513802
0.97481633 0.00514645
0.97477193 0.00515488
0.97472751 0.00516331
0.97468309 0.00517174
0.97463867 0.00518018
0.97459423 0.00518861
0.97454979 0.00519704
0.97450535 0.00520548
0.97446089 0.00521391
0.97441643 0.00522235
0.97437196 0.00523078
0.97432749 0.00523922
0.97428301 0.00524765
0.97423852 0.00525609
0.97419402 0.00526452
0.97414952 0.00527296
0.97410501 0.00528140
0.97406050 0.00528983
0.97401598 0.00529827
0.97397145 0.00530671
0.97392691 0.00531515
0.97388237 0.00532359
0.97383782 0.00533203
0.97379327 0.00534047
0.97374870 0.00534891
0.97370413 0.00535735
0.97365956 0.00536579
0.97361497 0.00537423
0.97357038 0.00538267
0.97352579 0.00539111
0.97348118 0.00539956
0.97343657 0.00540800
0.97339196 0.00541644
0.97334733 0.00542489
0.97330270 0.00543333
0.97325807 0.00544177
0.97321342 0.00545022
0.97316877 0.00545867
0.97312411 0.00546711
0.97307945 0.00547556
0.97303478 0.00548400
0.97299010 0.00549245
0.97294542 0.00550090
0.97290073 0.00550935
0.97285603 0.00551780
0.97281132 0.00552625
0.97276661 0.00553470
0.97272189 0.00554315
0.97267717 0.00555160
0.97263244 0.00556005
0.97258770 0.00556850
0.97254295 0.00557696
0.97249820 0.00558541
0.97245344 0.00559386
0.97240868 0.00560232
0.97236390 0.00561077
0.97231913 0.00561923
0.97227434 0.00562768
0.97222955 0.00563614
0.97218475 0.00564460
0.97213994 0.00565305
0.97209513 0.00566151
0.97205031 0.00566997
0.97200548 0.00567843
0.97196065 0.00568689
0.97191581 0.00569535
0.97187096 0.00570381
0.97182611 0.00571227
0.97178125 0.00572073
0.97173639 0.00572920
0.97169151 0.00573766
0.97164663 0.00574612
0.97160175 0.00575459
0.97155685 0.00576305
0.97151195 0.00577152
0.97146704 0.00577999
0.97142213 0.00578845
0.97137721 0.00579692
0.97133228 0.00580539
0.97128735 0.00581386
0.97124241 0.00582233
0.97119746 0.00583080
0.97115251 0.00583927
0.97110755 0.00584774
0.97106258 0.00585621
0.97101761 0.00586469
0.97097262 0.00587316
0.97092764 0.00588163
0.97088264 0.00589011
0.97083764 0.00589859
0.97079263 0.00590706
0.97074762 0.00591554
0.97070260 0.00592402
0.97065757 0.00593250
0.97061254 0.00594097
0.97056749 0.00594945
0.97052245 0.00595794
0.97047739 0.00596642
0.97043233 0.00597490
0.97038726 0.00598338
0.97034219 0.00599187
0.97029711 0.00600035
0.97025202 0.00600884
0.97020692 0.00601732
0.97016182 0.00602581
0.97011671 0.00603430
0.97007160 0.00604278
0.97002648 0.00605127
0.96998135 0.00605976
0.96993621 0.00606825
0.96989107 0.00607674
0.96984592 0.00608524
0.96980077 0.00609373
0.96975560 0.00610222
0.96971044 0.00611072
0.96966526 0.00611921
0.96962008 0.00612771
0.96957489 0.00613621
0.96952969 0.00614470
0.96948449 0.00615320
0.96943928 0.00616170
0.96939407 0.00617020
0.96934885 0.00617870
0.96930362 0.00618720
0.96925838 0.00619571
0.96921314 0.00620421
0.96916789 0.00621271
0.96912264 0.00622122
0.96907737 0.00622973
0.96903211 0.00623823
0.96898683 0.00624674
0.96894155 0.00625525
0.96889626 0.00626376
0.96885096 0.00627227
0.96880566 0.00628078
0.96876035 0.00628929
0.96871504 0.00629780
0.96866971 0.00630632
0.96862439 0.00631483
0.96857905 0.00632335
0.96853371 0.00633187
0.96848836 0.00634038
0.96844300 0.00634890
0.96839764 0.00635742
0.96835227 0.00636594
0.96830690 0.00637446
0.96826151 0.00638299
0.96821613 0.00639151
0.96817073 0.00640003
0.96812533 0.00640856
0.96807992 0.00641708
0.96803450 0.00642561
0.96798908 0.00643414
0.96794365 0.00644267
0.96789822 0.00645120
0.96785278 0.00645973
0.96780733 0.00646826
0.96776187 0.00647679
0.96771641 0.00648533
0.96767094 0.00649386
0.96762547 0.00650240
0.96757998 0.00651093
0.96753450 0.00651947
0.96748900 0.00652801
0.96744350 0.00653655
0.96739799 0.00654509
0.96735247 0.00655363
0.96730695 0.00656217
0.96726142 0.00657072
0.96721589 0.00657926
0.96717035 0.00658781
0.96712480 0.00659635
0.96707924 0.00660490
0.96703368 0.00661345
0.96698811 0.00662200
0.96694254 0.00663055
0.96689696 0.00663910
0.96685137 0.00664766
0.96680577 0.00665621
0.96676017 0.00666477
0.96671457 0.00667332
0.96666895 0.00668188
0.96662333 0.00669044
0.96657770 0.00669900
0.96653207 0.00670756
0.96648643 0.00671612
0.96644078 0.00672468
0.96639512 0.00673325
0.96634946 0.00674181
0.96630379 0.00675038
0.96625812 0.00675894
0.96621244 0.00676751
0.96616675 0.00677608
0.96612106 0.00678465
0.96607536 0.00679322
0.96602965 0.00680180
0.96598394 0.00681037
0.96593822 0.00681895
0.96589249 0.00682752
0.96584675 0.00683610
0.96580101 0.00684468
0.96575527 0.00685326
0.96570951 0.00686184
0.96566375 0.00687042
0.96561799 0.00687900
0.96557221 0.00688759
0.96552643 0.00689617
0.96548065 0.00690476
0.96543485 0.00691335
0.96538905 0.00692194
0.96534325 0.00693053
0.96529743 0.00693912
0.96525161 0.00694771
0.96520579 0.00695630
0.96515996 0.00696490
0.96511412 0.00697350
0.96506827 0.00698209
0.96502242 0.00699069
0.96497656 0.00699929
0.96493069 0.00700789
0.96488482 0.00701650
0.96483894 0.00702510
0.96479306 0.00703370
0.96474716 0.00704231
0.96470126 0.00705092
0.96465536 0.00705953
0.96460945 0.00706813
0.96456353 0.00707675
0.96451760 0.00708536
0.96447167 0.00709397
0.96442573 0.00710259
0.96437979 0.00711120
0.96433384 0.00711982
0.96428788 0.00712844
0.96424192 0.00713706
0.96419594 0.00714568
0.96414997 0.00715430
0.96410398 0.00716293
0.96405799 0.00717155
0.96401199 0.00718018
0.96396599 0.00718880
0.96391998 0.00719743
0.96387396 0.00720606
0.96382794 0.00721469
0.96378191 0.00722333
0.96373587 0.00723196
0.96368983 0.00724060
0.96364378 0.00724923
0.96359772 0.00725787
0.96355166 0.00726651
0.96350559 0.00727515
0.96345951 0.00728379
0.96341343 0.00729244
0.96336734 0.00730108
0.96332125 0.00730973
0.96327514 0.00731838
0.96322903 0.00732703
0.96318292 0.00733568
0.96313680 0.00734433
0.96309067 0.00735298
0.96304453 0.00736164
0.96299839 0.00737029
0.96295224 0.00737895
0.96290609 0.00738761
0.96285993 0.00739627
0.96281376 0.00740493
0.96276758 0.00741359
0.96272140 0.00742226
0.96267522 0.00743092
0.96262902 0.00743959
0.96258282 0.00744826
0.96253661 0.00745693
0.96249040 0.00746560
0.96244418 0.00747427
0.96239795 0.00748295
0.96235172 0.00749162
0.96230548 0.00750030
0.96225923 0.00750898
0.96221298 0.00751766
0.96216672 0.00752634
0.96212045 0.00753502
0.96207418 0.00754370
0.96202790 0.00755239
0.96198162 0.00756108
0.96193532 0.00756977
0.96188903 0.00757846
0.96184272 0.00758715
0.96179641 0.00759584
0.96175009 0.00760454
0.96170377 0.00761323
0.96165744 0.00762193
0.96161110 0.00763063
0.96156475 0.00763933
0.96151840 0.00764803
0.96147204 0.00765673
0.96142568 0.00766544
0.96137931 0.00767415
0.96133293 0.00768285
0.96128655 0.00769156
0.96124016 0.00770027
0.96119376 0.00770899
0.96114736 0.00771770
0.96110095 0.00772642
0.96105454 0.00773513
0.96100811 0.00774385
0.96096168 0.00775257
0.96091525 0.00776130
0.96086881 0.00777002
0.96082236 0.00777874
0.96077590 0.00778747
0.96072944 0.00779620
0.96068297 0.00780493
0.96063650 0.00781366
0.96059002 0.00782239
0.96054353 0.00783113
0.96049704 0.00783986
0.96045053 0.00784860
0.96040403 0.00785734
0.96035751 0.00786608
0.96031099 0.00787482
0.96026447 0.00788357
0.96021793 0.00789231
0.96017140 0.00790106
0.96012485 0.00790981
0.96007830 0.00791856
0.96003174 0.00792731
0.95998517 0.00793606
0.95993860 0.00794482
0.95989202 0.00795358
0.95984544 0.00796233
0.95979885 0.00797109
0.95975225 0.00797986
0.95970564 0.00798862
0.95965903 0.00799738
0.95961241 0.00800615
0.95956579 0.00801492
0.95951916 0.00802369
0.95947252 0.00803246
0.95942588 0.00804123
0.95937923 0.00805001
0.95933257 0.00805878
0.95928591 0.00806756
0.95923924 0.00807634
0.95919257 0.00808512
0.95914588 0.00809391
0.95909920 0.00810269
0.95905250 0.00811148
0.95900580 0.00812027
0.95895909 0.00812906
0.95891238 0.00813785
0.95886566 0.00814664
0.95881893 0.00815544
0.95877219 0.00816423
0.95872545 0.00817303
0.95867871 0.00818183
0.95863195 0.00819064
0.95858519 0.00819944
0.95853843 0.00820824
0.95849166 0.00821705
0.95844488 0.00822586
0.95839809 0.00823467
0.95835130 0.00824348
0.95830450 0.00825230
0.95825770 0.00826111
0.95821088 0.00826993
0.95816407 0.00827875
0.95811724 0.00828757
0.95807041 0.00829639
0.95802357 0.00830522
0.95797673 0.00831405
0.95792988 0.00832287
0.95788302 0.00833170
0.95783616 0.00834053
0.95778929 0.00834937
0.95774242 0.00835820
0.95769553 0.00836704
0.95764864 0.00837588
0.95760175 0.00838472
0.95755485 0.00839356
0.95750794 0.00840241
0.95746103 0.00841125
0.95741410 0.00842010
0.95736718 0.00842895
0.95732024 0.00843780
0.95727330 0.00844666
0.95722636 0.00845551
0.95717940 0.00846437
0.95713244 0.00847323
0.95708548 0.00848209
0.95703851 0.00849095
0.95699153 0.00849981
0.95694454 0.00850868
0.95689755 0.00851755
0.95685055 0.00852642
0.95680355 0.00853529
0.95675654 0.00854416
0.95670952 0.00855304
0.95666249 0.00856191
0.95661546 0.00857079
0.95656843 0.00857967
0.95652139 0.00858856
0.95647434 0.00859744
0.95642728 0.00860633
0.95638022 0.00861522
0.95633315 0.00862411
0.95628607 0.00863300
0.95623899 0.00864189
0.95619190 0.00865079
0.95614481 0.00865969
0.95609771 0.00866859
0.95605060 0.00867749
0.95600349 0.00868639
0.95595637 0.00869530
0.95590924 0.00870420
0.95586211 0.00871311
0.95581497 0.00872203
0.95576782 0.00873094
0.95572067 0.00873985
0.95567351 0.00874877
0.95562635 0.00875769
0.95557918 0.00876661
0.95553200 0.00877553
0.95548482 0.00878446
0.95543763 0.00879338
0.95539043 0.00880231
0.95534323 0.00881124
0.95529602 0.00882018
0.95524880 0.00882911
0.95520158 0.00883805
0.95515435 0.00884699
0.95510711 0.00885593
0.95505987 0.00886487
0.95501262 0.00887381
0.95496537 0.00888276
0.95491811 0.00889171
0.95487084 0.00890066
0.95482357 0.00890961
0.95477629 0.00891856
0.95472900 0.00892752
0.95468171 0.00893648
0.95463441 0.00894544
0.95458711 0.00895440
0.95453979 0.00896336
0.95449248 0.00897233
0.95444515 0.00898130
0.95439782 0.00899027
0.95435048 0.00899924
0.95430314 0.00900822
0.95425579 0.00901719
0.95420843 0.00902617
0.95416107 0.00903515
0.95411370 0.00904413
0.95406633 0.00905312
0.95401894 0.00906210
0.95397156 0.00907109
0.95392416 0.00908008
0.95387676 0.00908908
0.95382935 0.00909807
0.95378194 0.00910707
0.95373452 0.00911607
0.95368709 0.00912507
0.95363966 0.00913407
0.95359222 0.00914307
0.95354477 0.00915208
0.95349732 0.00916109
0.95344986 0.00917010
0.95340240 0.00917911
0.95335493 0.00918813
0.95330745 0.00919715
0.95325997 0.00920617
0.95321248 0.00921519
0.95316498 0.00922421
0.95311748 0.00923324
0.95306997 0.00924227
0.95302245 0.00925130
0.95297493 0.00926033
0.95292740 0.00926936
0.95287987 0.00927840
0.95283233 0.00928744
0.95278478 0.00929648
0.95273723 0.00930552
0.95268967 0.00931456
0.95264210 0.00932361
0.95259453 0.00933266
0.95254695 0.00934171
0.95249937 0.00935077
0.95245178 0.00935982
0.95240418 0.00936888
0.95235657 0.00937794
0.95230896 0.00938700
0.95226135 0.00939606
0.95221372 0.00940513
0.95216609 0.00941420
0.95211846 0.00942327
0.95207082 0.00943234
0.95202317 0.00944142
0.95197551 0.00945049
0.95192785 0.00945957
0.95188018 0.00946865
0.95183251 0.00947774
0.95178483 0.00948682
0.95173714 0.00949591
0.95168945 0.00950500
0.95164175 0.00951409
0.95159405 0.00952319
0.95154633 0.00953228
0.95149862 0.00954138
0.95145089 0.00955048
0.95140316 0.00955959
0.95135542 0.00956869
0.95130768 0.00957780
0.95125993 0.00958691
0.95121218 0.00959602
0.95116441 0.00960514
0.95111664 0.00961425
0.95106887 0.00962337
0.95102109 0.00963249
0.95097330 0.00964162
0.95092551 0.00965074
0.95087771 0.00965987
0.95082990 0.00966900
0.95078209 0.00967813
0.95073427 0.00968727
0.95068644 0.00969640
0.95063861 0.00970554
0.95059077 0.00971468
0.95054293 0.00972383
0.95049508 0.00973297
0.95044722 0.00974212
0.95039936 0.00975127
0.95035149 0.00976042
0.95030362 0.00976958
0.95025573 0.00977874
0.95020784 0.00978789
0.95015995 0.00979706
0.95011205 0.00980622
0.95006414 0.00981539
0.95001623 0.00982455
0.94996831 0.00983373
0.94992038 0.00984290
0.94987245 0.00985207
0.94982451 0.00986125
0.94977657 0.00987043
0.94972862 0.00987961
0.94968066 0.00988880
0.94963270 0.00989799
0.94958473 0.00990717
0.94953675 0.00991637
0.94948877 0.00992556
0.94944078 0.00993476
0.94939278 0.00994395
0.94934478 0.00995316
0.94929677 0.00996236
0.94924876 0.00997156
0.94920074 0.00998077
0.94915271 0.00998998
0.94910468 0.00999919
0.94905664 0.01000841
0.94900860 0.01001763
0.94896055 0.01002685
0.94891249 0.01003607
0.94886442 0.01004529
0.94881635 0.01005452
0.94876828 0.01006375
0.94872019 0.01007298
0.94867210 0.01008221
0.94862401 0.01009145
0.94857591 0.01010069
0.94852780 0.01010993
0.94847969 0.01011917
0.94843157 0.01012842
0.94838344 0.01013767
0.94833531 0.01014692
0.94828717 0.01015617
0.94823902 0.01016542
0.94819087 0.01017468
0.94814271 0.01018394
0.94809455 0.01019320
0.94804638 0.01020247
0.94799820 0.01021174
0.94795002 0.01022100
0.94790183 0.01023028
0.94785363 0.01023955
0.94780543 0.01024883
0.94775722 0.01025811
0.94770901 0.01026739
0.94766079 0.01027667
0.94761256 0.01028596
0.94756433 0.01029525
0.94751609 0.01030454
0.94746785 0.01031383
0.94741959 0.01032313
0.94737134 0.01033243
0.94732307 0.01034173
0.94727480 0.01035103
0.94722653 0.01036034
0.94717824 0.01036965
0.94712995 0.01037896
0.94708166 0.01038827
0.94703336 0.01039759
0.94698505 0.01040691
0.94693674 0.01041623
0.94688842 0.01042555
0.94684009 0.01043488
0.94679176 0.01044420
0.94674342 0.01045353
0.94669507 0.01046287
0.94664672 0.01047220
0.94659836 0.01048154
0.94655000 0.01049088
0.94650163 0.01050023
0.94645326 0.01050957
0.94640487 0.01051892
0.94635648 0.01052827
0.94630809 0.01053762
0.94625969 0.01054698
0.94621128 0.01055634
0.94616287 0.01056570
0.94611445 0.01057506
0.94606602 0.01058443
0.94601759 0.01059379
0.94596915 0.01060316
0.94592071 0.01061254
0.94587226 0.01062191
0.94582380 0.01063129
0.94577534 0.01064067
0.94572687 0.01065006
0.94567839 0.01065944
0.94562991 0.01066883
0.94558142 0.01067822
0.94553293 0.01068761
0.94548443 0.01069701
0.94543592 0.01070641
0.94538741 0.01071581
0.94533889 0.01072521
0.94529037 0.01073462
0.94524184 0.01074403
0.94519330 0.01075344
0.94514475 0.01076285
0.94509621 0.01077227
0.94504765 0.01078169
0.94499909 0.01079111
0.94495052 0.01080053
0.94490194 0.01080996
0.94485336 0.01081939
0.94480478 0.01082882
0.94475618 0.01083826
0.94470758 0.01084769
0.94465898 0.01085713
0.94461037 0.01086658
0.94456175 0.01087602
0.94451313 0.01088547
0.94446450 0.01089492
0.94441586 0.01090437
0.94436722 0.01091383
0.94431857 0.01092328
0.94426991 0.01093274
0.94422125 0.01094221
0.94417258 0.01095167
0.94412391 0.01096114
0.94407523 0.01097061
0.94402655 0.01098009
0.94397785 0.01098956
0.94392916 0.01099904
0.94388045 0.01100852
0.94383174 0.01101801
0.94378302 0.01102749
0.94373430 0.01103698
0.94368557 0.01104647
0.94363684 0.01105597
0.94358810 0.01106547
0.94353935 0.01107496
0.94349060 0.01108447
0.94344184 0.01109397
0.94339307 0.01110348
0.94334430 0.01111299
0.94329552 0.01112250
0.94324674 0.01113202
0.94319795 0.01114154
0.94314915 0.01115106
0.94310035 0.01116058
0.94305154 0.01117011
0.94300272 0.01117964
0.94295390 0.01118917
0.94290507 0.01119870
0.94285624 0.01120824
0.94280740 0.01121778
0.94275855 0.01122732
0.94270970 0.01123687
0.94266084 0.01124642
0.94261198 0.01125597
0.94256311 0.01126552
0.94251423 0.01127508
0.94246535 0.01128464
0.94241646 0.01129420
0.94236757 0.01130376
0.94231867 0.01131333
0.94226976 0.01132290
0.94222085 0.01133247
0.94217193 0.01134204
0.94212300 0.01135162
0.94207407 0.01136120
0.94202513 0.01137079
0.94197619 0.01138037
0.94192724 0.01138996
0.94187828 0.01139955
0.94182932 0.01140914
0.94178035 0.01141874
0.94173138 0.01142834
0.94168239 0.01143794
0.94163341 0.01144755
0.94158442 0.01145716
0.94153542 0.01146677
0.94148641 0.01147638
0.94143740 0.01148599
0.94138838 0.01149561
0.94133936 0.01150523
0.94129033 0.01151486
0.94124129 0.01152449
0.94119225 0.01153412
0.94114320 0.01154375
0.94109415 0.01155338
0.94104509 0.01156302
0.94099602 0.01157266
0.94094695 0.01158230
0.94089787 0.01159195
0.94084879 0.01160160
0.94079970 0.01161125
0.94075060 0.01162091
0.94070150 0.01163056
0.94065239 0.01164022
0.94060327 0.01164989
0.94055415 0.01165955
0.94050502 0.01166922
0.94045589 0.01167889
0.94040675 0.01168857
0.94035760 0.01169824
0.94030845 0.01170792
0.94025929 0.01171761
0.94021013 0.01172729
0.94016096 0.01173698
0.94011178 0.01174667
0.94006260 0.01175636
0.94001341 0.01176606
0.93996422 0.01177576
0.93991502 0.01178546
0.93986581 0.01179517
0.93981660 0.01180488
0.93976738 0.01181459
0.93971816 0.01182430
0.93966892 0.01183402
0.93961969 0.01184373
0.93957044 0.01185346
0.93952119 0.01186318
0.93947194 0.01187291
0.93942268 0.01188264
0.93937341 0.01189237
0.93932414 0.01190211
0.93927486 0.01191185
0.93922557 0.01192159
0.93917628 0.01193134
0.93912698 0.01194108
0.93907768 0.01195083
0.93902837 0.01196059
0.93897905 0.01197034
0.93892973 0.01198010
0.93888040 0.01198986
0.93883107 0.01199963
0.93878173 0.01200940
0.93873238 0.01201917
0.93868303 0.01202894
0.93863367 0.01203872
0.93858431 0.01204850
0.93853493 0.01205828
0.93848556 0.01206806
0.93843618 0.01207785
0.93838679 0.01208764
0.93833739 0.01209744
0.93828799 0.01210723
0.93823858 0.01211703
0.93818917 0.01212683
0.93813975 0.01213664
0.93809033 0.01214645
0.93804089 0.01215626
0.93799146 0.01216607
0.93794201 0.01217589
0.93789256 0.01218571
0.93784311 0.01219553
0.93779365 0.01220536
0.93774418 0.01221518
0.93769471 0.01222502
0.93764523 0.01223485
0.93759574 0.01224469
0.93754625 0.01225453
0.93749675 0.01226437
0.93744725 0.01227422
0.93739774 0.01228407
0.93734822 0.01229392
0.93729870 0.01230377
0.93724917 0.01231363
0.93719964 0.01232349
0.93715010 0.01233335
0.93710055 0.01234322
0.93705100 0.01235309
0.93700144 0.01236296
0.93695188 0.01237284
0.93690231 0.01238272
0.93685273 0.01239260
0.93680315 0.01240248
0.93675356 0.01241237
0.93670397 0.01242226
0.93665437 0.01243215
0.93660476 0.01244205
0.93655515 0.01245195
0.93650553 0.01246185
0.93645591 0.01247176
0.93640628 0.01248166
0.93635664 0.01249157
0.93630700 0.01250149
0.93625735 0.01251141
0.93620769 0.01252133
0.93615803 0.01253125
0.93610837 0.01254117
0.93605869 0.01255110
0.93600902 0.01256103
0.93595933 0.01257097
0.93590964 0.01258091
0.93585994 0.01259085
0.93581024 0.01260079
0.93576053 0.01261074
0.93571082 0.01262069
0.93566110 0.01263064
0.93561137 0.01264060
0.93556164 0.01265056
0.93551190 0.01266052
0.93546215 0.01267048
0.93541240 0.01268045
0.93536265 0.01269042
0.93531288 0.01270040
0.93526312 0.01271037
0.93521334 0.01272035
0.93516356 0.01273034
0.93511377 0.01274032
0.93506398 0.01275031
0.93501418 0.01276030
0.93496438 0.01277030
0.93491457 0.01278030
0.93486475 0.01279030
0.93481493 0.01280030
0.93476510 0.01281031
0.93471526 0.01282032
0.93466542 0.01283033
0.93461558 0.01284035
0.93456573 0.01285037
0.93451587 0.01286039
0.93446600 0.01287042
0.93441613 0.01288044
0.93436626 0.01289048
0.93431637 0.01290051
0.93426648 0.01291055
0.93421659 0.01292059
0.93416669 0.01293063
0.93411678 0.01294068
0.93406687 0.01295073
0.93401695 0.01296078
0.93396703 0.01297084
0.93391710 0.01298090
0.93386716 0.01299096
0.93381722 0.01300103
0.93376727 0.01301109
0.93371732 0.01302117
0.93366736 0.01303124
0.93361739 0.01304132
0.93356742 0.01305140
0.93351744 0.01306148
0.93346746 0.01307157
0.93341747 0.01308166
0.93336747 0.01309175
0.93331747 0.01310185
0.93326746 0.01311195
0.93321745 0.01312205
0.93316743 0.01313216
0.93311740 0.01314227
0.93306737 0.01315238
0.93301733 0.01316249
0.93296729 0.01317261
0.93291724 0.01318273
0.93286718 0.01319285
0.93281712 0.01320298
0.93276706 0.01321311
0.93271698 0.01322325
0.93266690 0.01323338
0.93261682 0.01324352
0.93256673 0.01325367
0.93251663 0.01326381
0.93246653 0.01327396
0.93241642 0.01328411
0.93236630 0.01329427
0.93231618 0.01330443
0.93226605 0.01331459
0.93221592 0.01332475
0.93216578 0.01333492
0.93211564 0.01334509
0.93206549 0.01335527
0.93201533 0.01336544
0.93196517 0.01337562
0.93191500 0.01338581
0.93186483 0.01339599
0.93181465 0.01340618
0.93176446 0.01341638
0.93171427 0.01342657
0.93166407 0.01343677
0.93161387 0.01344698
0.93156366 0.01345718
0.93151344 0.01346739
0.93146322 0.01347760
0.93141299 0.01348782
0.93136276 0.01349804
0.93131252 0.01350826
0.93126227 0.01351848
0.93121202 0.01352871
0.93116176 0.01353894
0.93111150 0.01354918
0.93106123 0.01355941
0.93101096 0.01356965
0.93096067 0.01357990
0.93091039 0.01359014
0.93086009 0.01360039
0.93080980 0.01361065
0.93075949 0.01362090
0.93070918 0.01363116
0.93065886 0.01364143
0.93060854 0.01365169
0.93055821 0.01366196
0.93050788 0.01367223
0.93045754 0.01368251
0.93040719 0.01369279
0.93035684 0.01370307
0.93030648 0.01371336
0.93025612 0.01372365
0.93020575 0.01373394
0.93015537 0.01374423
0.93010499 0.01375453
0.93005461 0.01376483
0.93000421 0.01377514
0.92995381 0.01378544
0.92990341 0.01379575
0.92985300 0.01380607
0.92980258 0.01381639
0.92975216 0.01382671
0.92970173 0.01383703
0.92965129 0.01384736
0.92960085 0.01385769
0.92955041 0.01386802
0.92949996 0.01387836
0.92944950 0.01388870
0.92939903 0.01389904
0.92934856 0.01390939
0.92929809 0.01391974
0.92924761 0.01393009
0.92919712 0.01394045
0.92914663 0.01395081
0.92909613 0.01396117
0.92904562 0.01397154
0.92899511 0.01398190
0.92894459 0.01399228
0.92889407 0.01400265
0.92884354 0.01401303
0.92879301 0.01402341
0.92874247 0.01403380
0.92869192 0.01404419
0.92864137 0.01405458
0.92859081 0.01406498
0.92854025 0.01407537
0.92848968 0.01408578
0.92843910 0.01409618
0.92838852 0.01410659
0.92833793 0.01411700
0.92828734 0.01412742
0.92823674 0.01413783
0.92818614 0.01414825
0.92813553 0.01415868
0.92808491 0.01416911
0.92803429 0.01417954
0.92798366 0.01418997
0.92793302 0.01420041
0.92788238 0.01421085
0.92783174 0.01422130
0.92778109 0.01423174
0.92773043 0.01424220
0.92767977 0.01425265
0.92762910 0.01426311
0.92757842 0.01427357
0.92752774 0.01428403
0.92747705 0.01429450
0.92742636 0.01430497
0.92737566 0.01431544
0.92732496 0.01432592
0.92727425 0.01433640
0.92722353 0.01434689
0.92717281 0.01435737
0.92712208 0.01436786
0.92707135 0.01437836
0.92702061 0.01438885
0.92696986 0.01439936
0.92691911 0.01440986
0.92686835 0.01442037
0.92681759 0.01443088
0.92676682 0.01444139
0.92671605 0.01445191
0.92666527 0.01446243
0.92661448 0.01447295
0.92656369 0.01448348
0.92651289 0.01449401
0.92646209 0.01450454
0.92641128 0.01451508
0.92636046 0.01452562
0.92630964 0.01453616
0.92625881 0.01454671
0.92620798 0.01455726
0.92615714 0.01456781
0.92610630 0.01457837
0.92605545 0.01458893
0.92600459 0.01459950
0.92595373 0.01461006
0.92590286 0.01462063
0.92585199 0.01463121
0.92580111 0.01464178
0.92575022 0.01465236
0.92569933 0.01466295
0.92564844 0.01467354
0.92559753 0.01468413
0.92554662 0.01469472
0.92549571 0.01470532
0.92544479 0.01471592
0.92539386 0.01472652
0.92534293 0.01473713
0.92529199 0.01474774
0.92524105 0.01475835
0.92519010 0.01476897
0.92513915 0.01477959
0.92508819 0.01479022
0.92503722 0.01480084
0.92498625 0.01481147
0.92493527 0.01482211
0.92488429 0.01483275
0.92483330 0.01484339
0.92478230 0.01485403
0.92473130 0.01486468
0.92468029 0.01487533
0.92462928 0.01488598
0.92457826 0.01489664
0.92452724 0.01490730
0.92447620 0.01491797
0.92442517 0.01492864
0.92437413 0.01493931
0.92432308 0.01494998
0.92427203 0.01496066
0.92422097 0.01497134
0.92416990 0.01498203
0.92411883 0.01499272
0.92406775 0.01500341
0.92401667 0.01501410
0.92396558 0.01502480
0.92391449 0.01503550
0.92386339 0.01504621
0.92381228 0.01505692
0.92376117 0.01506763
0.92371005 0.01507835
0.92365893 0.01508907
0.92360780 0.01509979
0.92355667 0.01511051
0.92350553 0.01512124
0.92345438 0.01513198
0.92340323 0.01514271
0.92335207 0.01515345
0.92330091 0.01516419
0.92324974 0.01517494
0.92319857 0.01518569
0.92314738 0.01519644
0.92309620 0.01520720
0.92304501 0.01521796
0.92299381 0.01522872
0.92294260 0.01523949
0.92289140 0.01525026
0.92284018 0.01526104
0.92278896 0.01527181
0.92273773 0.01528259
0.92268650 0.01529338
0.92263526 0.01530416
0.92258402 0.01531496
0.92253277 0.01532575
0.92248151 0.01533655
0.92243025 0.01534735
0.92237898 0.01535815
0.92232771 0.01536896
0.92227643 0.01537977
0.92222515 0.01539059
0.92217386 0.01540141
0.92212256 0.01541223
0.92207126 0.01542306
0.92201995 0.01543388
0.92196864 0.01544472
0.92191732 0.01545555
0.92186600 0.01546639
0.92181467 0.01547723
0.92176333 0.01548808
0.92171199 0.01549893
0.92166064 0.01550978
0.92160929 0.01552064
0.92155793 0.01553150
0.92150656 0.01554236
0.92145519 0.01555323
0.92140382 0.01556410
0.92135244 0.01557497
0.92130105 0.01558585
0.92124965 0.01559673
0.92119825 0.01560762
0.92114685 0.01561850
0.92109544 0.01562940
0.92104402 0.01564029
0.92099260 0.01565119
0.92094117 0.01566209
0.92088974 0.01567300
0.92083830 0.01568390
0.92078686 0.01569482
0.92073540 0.01570573
0.92068395 0.01571665
0.92063249 0.01572757
0.92058102 0.01573850
0.92052954 0.01574943
0.92047807 0.01576036
0.92042658 0.01577130
0.92037509 0.01578224
0.92032359 0.01579318
0.92027209 0.01580413
0.92022058 0.01581508
0.92016907 0.01582604
0.92011755 0.01583699
0.92006603 0.01584795
0.92001449 0.01585892
0.91996296 0.01586989
0.91991142 0.01588086
0.91985987 0.01589183
0.91980831 0.01590281
0.91975676 0.01591379
0.91970519 0.01592478
0.91965362 0.01593577
0.91960204 0.01594676
0.91955046 0.01595776
0.91949887 0.01596876
0.91944728 0.01597976
0.91939568 0.01599077
0.91934408 0.01600178
0.91929247 0.01601279
0.91924085 0.01602381
0.91918923 0.01603483
0.91913760 0.01604585
0.91908597 0.01605688
0.91903433 0.01606791
0.91898268 0.01607895
0.91893103 0.01608999
0.91887938 0.01610103
0.91882771 0.01611207
0.91877605 0.01612312
0.91872437 0.01613418
0.91867270 0.01614523
0.91862101 0.01615629
0.91856932 0.01616735
0.91851762 0.01617842
0.91846592 0.01618949
0.91841422 0.01620057
0.91836250 0.01621164
0.91831078 0.01622272
0.91825906 0.01623381
0.91820733 0.01624490
0.91815559 0.01625599
0.91810385 0.01626708
0.91805211 0.01627818
0.91800035 0.01628928
0.91794860 0.01630039
0.91789683 0.01631150
0.91784506 0.01632261
0.91779329 0.01633373
0.91774151 0.01634485
0.91768972 0.01635597
0.91763793 0.01636710
0.91758613 0.01637823
0.91753432 0.01638936
0.91748252 0.01640050
0.91743070 0.01641164
0.91737888 0.01642279
0.91732705 0.01643393
0.91727522 0.01644509
0.91722338 0.01645624
0.91717154 0.01646740
0.91711969 0.01647856
0.91706784 0.01648973
0.91701598 0.01650090
0.91696411 0.01651207
0.91691224 0.01652325
0.91686036 0.01653443
0.91680848 0.01654562
0.91675659 0.01655680
0.91670470 0.01656799
0.91665280 0.01657919
0.91660089 0.01659039
0.91654898 0.01660159
0.91649706 0.01661280
0.91644514 0.01662400
0.91639321 0.01663522
0.91634128 0.01664643
0.91628934 0.01665765
0.91623740 0.01666888
0.91618545 0.01668010
0.91613349 0.01669133
0.91608153 0.01670257
0.91602956 0.01671381
0.91597759 0.01672505
0.91592561 0.01673629
0.91587362 0.01674754
0.91582163 0.01675879
0.91576964 0.01677005
0.91571764 0.01678131
0.91566563 0.01679257
0.91561362 0.01680384
0.91556160 0.01681511
0.91550958 0.01682638
0.91545755 0.01683766
0.91540551 0.01684894
0.91535347 0.01686023
0.91530142 0.01687151
0.91524937 0.01688281
0.91519731 0.01689410
0.91514525 0.01690540
0.91509318 0.01691670
0.91504111 0.01692801
0.91498903 0.01693932
0.91493694 0.01695063
0.91488485 0.01696195
0.91483276 0.01697327
0.91478065 0.01698460
0.91472854 0.01699592
0.91467643 0.01700726
0.91462431 0.01701859
0.91457219 0.01702993
0.91452006 0.01704127
0.91446792 0.01705262
0.91441578 0.01706397
0.91436363 0.01707532
0.91431148 0.01708668
0.91425932 0.01709804
0.91420716 0.01710940
0.91415499 0.01712077
0.91410281 0.01713214
0.91405063 0.01714352
0.91399844 0.01715490
0.91394625 0.01716628
0.91389405 0.01717766
0.91384185 0.01718905
0.91378964 0.01720045
0.91373743 0.01721184
0.91368521 0.01722325
0.91363298 0.01723465
0.91358075 0.01724606
0.91352851 0.01725747
0.91347627 0.01726888
0.91342402 0.01728030
0.91337177 0.01729172
0.91331951 0.01730315
0.91326725 0.01731458
0.91321497 0.01732601
0.91316270 0.01733745
0.91311042 0.01734889
0.91305813 0.01736034
0.91300584 0.01737178
0.91295354 0.01738324
0.91290124 0.01739469
0.91284893 0.01740615
0.91279661 0.01741761
0.91274429 0.01742908
0.91269196 0.01744055
0.91263963 0.01745202
0.91258730 0.01746350
0.91253495 0.01747498
0.91248260 0.01748646
0.91243025 0.01749795
0.91237789 0.01750944
0.91232553 0.01752094
0.91227316 0.01753244
0.91222078 0.01754394
0.91216840 0.01755545
0.91211601 0.01756696
0.91206362 0.01757847
0.91201122 0.01758999
0.91195881 0.01760151
0.91190640 0.01761303
0.91185399 0.01762456
0.91180157 0.01763609
0.91174914 0.01764763
0.91169671 0.01765917
0.91164427 0.01767071
0.91159183 0.01768226
0.91153938 0.01769381
0.91148693 0.01770536
0.91143447 0.01771692
0.91138200 0.01772848
0.91132953 0.01774005
0.91127706 0.01775162
0.91122457 0.01776319
0.91117209 0.01777477
0.91111959 0.01778635
0.91106710 0.01779793
0.91101459 0.01780952
0.91096208 0.01782111
0.91090957 0.01783270
0.91085705 0.01784430
0.91080452 0.01785590
0.91075199 0.01786751
0.91069945 0.01787912
0.91064691 0.01789073
0.91059436 0.01790235
0.91054181 0.01791397
0.91048925 0.01792559
0.91043668 0.01793722
0.91038411 0.01794885
0.91033154 0.01796049
0.91027895 0.01797213
0.91022637 0.01798377
0.91017378 0.01799541
0.91012118 0.01800706
0.91006857 0.01801872
0.91001596 0.01803038
0.90996335 0.01804204
0.90991073 0.01805370
0.90985810 0.01806537
0.90980547 0.01807704
0.90975284 0.01808872
0.90970019 0.01810040
0.90964755 0.01811208
0.90959489 0.01812377
0.90954223 0.01813546
0.90948957 0.01814715
0.90943690 0.01815885
0.90938422 0.01817055
0.90933154 0.01818226
0.90927886 0.01819397
0.90922617 0.01820568
0.90917347 0.01821740
0.90912077 0.01822912
0.90906806 0.01824084
0.90901534 0.01825257
0.90896262 0.01826430
0.90890990 0.01827604
0.90885717 0.01828777
0.90880443 0.01829952
0.90875169 0.01831126
0.90869894 0.01832301
0.90864619 0.01833477
0.90859343 0.01834652
0.90854067 0.01835829
0.90848790 0.01837005
0.90843513 0.01838182
0.90838235 0.01839359
0.90832956 0.01840537
0.90827677 0.01841715
0.90822397 0.01842893
0.90817117 0.01844072
0.90811837 0.01845251
0.90806555 0.01846430
0.90801273 0.01847610
0.90795991 0.01848790
0.90790708 0.01849971
0.90785425 0.01851152
0.90780141 0.01852333
0.90774856 0.01853515
0.90769571 0.01854697
0.90764285 0.01855880
0.90758999 0.01857062
0.90753712 0.01858246
0.90748425 0.01859429
0.90743137 0.01860613
0.90737849 0.01861797
0.90732560 0.01862982
0.90727270 0.01864167
0.90721980 0.01865353
0.90716690 0.01866538
0.90711398 0.01867725
0.90706107 0.01868911
0.90700815 0.01870098
0.90695522 0.01871285
0.90690228 0.01872473
0.90684935 0.01873661
0.90679640 0.01874850
0.90674345 0.01876038
0.90669050 0.01877228
0.90663754 0.01878417
0.90658457 0.01879607
0.90653160 0.01880797
0.90647862 0.01881988
0.90642564 0.01883179
0.90637265 0.01884371
0.90631966 0.01885562
0.90626666 0.01886755
0.90621365 0.01887947
0.90616064 0.01889140
0.90610763 0.01890333
0.90605461 0.01891527
0.90600158 0.01892721
0.90594855 0.01893916
0.90589551 0.01895110
0.90584247 0.01896306
0.90578942 0.01897501
0.90573637 0.01898697
0.90568331 0.01899893
0.90563025 0.01901090
0.90557718 0.01902287
0.90552410 0.01903484
0.90547102 0.01904682
0.90541793 0.01905880
0.90536484 0.01907079
0.90531175 0.01908278
0.90525864 0.01909477
0.90520554 0.01910677
0.90515242 0.01911877
0.90509930 0.01913077
0.90504618 0.01914278
0.90499305 0.01915480
0.90493992 0.01916681
0.90488678 0.01917883
0.90483363 0.01919085
0.90478048 0.01920288
0.90472732 0.01921491
0.90467416 0.01922695
0.90462099 0.01923898
0.90456782 0.01925103
0.90451464 0.01926307
0.90446146 0.01927512
0.90440827 0.01928718
0.90435507 0.01929923
0.90430187 0.01931129
0.90424867 0.01932336
0.90419546 0.01933543
0.90414224 0.01934750
0.90408902 0.01935957
0.90403579 0.01937165
0.90398256 0.01938374
0.90392932 0.01939583
0.90387608 0.01940792
0.90382283 0.01942001
0.90376958 0.01943211
0.90371632 0.01944421
0.90366305 0.01945632
0.90360978 0.01946843
0.90355650 0.01948054
0.90350322 0.01949266
0.90344994 0.01950478
0.90339664 0.01951691
0.90334335 0.01952904
0.90329004 0.01954117
0.90323674 0.01955330
0.90318342 0.01956545
0.90313010 0.01957759
0.90307678 0.01958974
0.90302345 0.01960189
0.90297011 0.01961404
0.90291677 0.01962620
0.90286343 0.01963837
0.90281008 0.01965053
0.90275672 0.01966270
0.90270336 0.01967488
0.90264999 0.01968706
0.90259662 0.01969924
0.90254324 0.01971142
0.90248985 0.01972361
0.90243646 0.01973581
0.90238307 0.01974800
0.90232967 0.01976020
0.90227627 0.01977241
0.90222285 0.01978462
0.90216944 0.01979683
0.90211602 0.01980905
0.90206259 0.01982127
0.90200916 0.01983349
0.90195572 0.01984572
0.90190228 0.01985795
0.90184883 0.01987018
0.90179538 0.01988242
0.90174192 0.01989466
0.90168845 0.01990691
0.90163498 0.01991916
0.90158151 0.01993141
0.90152803 0.01994367
0.90147454 0.01995593
0.90142105 0.01996820
0.90136755 0.01998047
0.90131405 0.01999274
0.90126054 0.02000502
0.90120703 0.02001730
0.90115351 0.02002958
0.90109999 0.02004187
0.90104646 0.02005416
0.90099293 0.02006646
0.90093939 0.02007876
0.90088584 0.02009106
0.90083229 0.02010337
0.90077874 0.02011568
0.90072517 0.02012799
0.90067161 0.02014031
0.90061804 0.02015264
0.90056446 0.02016496
0.90051088 0.02017729
0.90045729 0.02018963
0.90040370 0.02020196
0.90035010 0.02021430
0.90029649 0.02022665
0.90024288 0.02023900
0.90018927 0.02025135
0.90013565 0.02026371
0.90008203 0.02027607
0.90002840 0.02028843
0.89997476 0.02030080
0.89992112 0.02031317
0.89986747 0.02032555
0.89981382 0.02033793
0.89976016 0.02035031
0.89970650 0.02036270
0.89965283 0.02037509
0.89959916 0.02038748
0.89954548 0.02039988
0.89949180 0.02041229
0.89943811 0.02042469
0.89938441 0.02043710
0.89933071 0.02044952
0.89927701 0.02046193
0.89922330 0.02047436
0.89916958 0.02048678
0.89911586 0.02049921
0.89906213 0.02051164
0.89900840 0.02052408
0.89895466 0.02053652
0.89890092 0.02054896
0.89884717 0.02056141
0.89879342 0.02057386
0.89873966 0.02058632
0.89868590 0.02059878
0.89863213 0.02061124
0.89857836 0.02062371
0.89852458 0.02063618
0.89847079 0.02064866
0.89841700 0.02066114
0.89836320 0.02067362
0.89830940 0.02068610
0.89825560 0.02069859
0.89820179 0.02071109
0.89814797 0.02072359
0.89809415 0.02073609
0.89804032 0.02074859
0.89798649 0.02076110
0.89793265 0.02077362
0.89787881 0.02078613
0.89782496 0.02079865
0.89777110 0.02081118
0.89771724 0.02082371
0.89766338 0.02083624
0.89760951 0.02084878
0.89755563 0.02086132
0.89750175 0.02087386
0.89744787 0.02088641
0.89739398 0.02089896
0.89734008 0.02091151
0.89728618 0.02092407
0.89723227 0.02093664
0.89717836 0.02094920
0.89712444 0.02096177
0.89707052 0.02097435
0.89701659 0.02098693
0.89696266 0.02099951
0.89690872 0.02101209
0.89685477 0.02102468
0.89680082 0.02103728
0.89674687 0.02104987
0.89669291 0.02106248
0.89663895 0.02107508
0.89658497 0.02108769
0.89653100 0.02110030
0.89647702 0.02111292
0.89642303 0.02112554
0.89636904 0.02113816
0.89631504 0.02115079
0.89626104 0.02116342
0.89620703 0.02117606
0.89615302 0.02118870
0.89609900 0.02120134
0.89604498 0.02121399
0.89599095 0.02122664
0.89593692 0.02123929
0.89588288 0.02125195
0.89582884 0.02126462
0.89577479 0.02127728
0.89572073 0.02128995
0.89566667 0.02130263
0.89561261 0.02131530
0.89555854 0.02132799
0.89550446 0.02134067
0.89545038 0.02135336
0.89539629 0.02136605
0.89534220 0.02137875
0.89528810 0.02139145
0.89523400 0.02140416
0.89517989 0.02141687
0.89512578 0.02142958
0.89507166 0.02144229
0.89501754 0.02145501
0.89496341 0.02146774
0.89490928 0.02148047
0.89485514 0.02149320
0.89480100 0.02150593
0.89474685 0.02151867
0.89469269 0.02153142
0.89463853 0.02154416
0.89458437 0.02155691
0.89453020 0.02156967
0.89447602 0.02158243
0.89442184 0.02159519
0.89436765 0.02160796
0.89431346 0.02162073
0.89425927 0.02163350
0.89420506 0.02164628
0.89415086 0.02165906
0.89409664 0.02167184
0.89404243 0.02168463
0.89398820 0.02169743
0.89393398 0.02171022
0.89387974 0.02172302
0.89382550 0.02173583
0.89377126 0.02174864
0.89371701 0.02176145
0.89366276 0.02177427
0.89360850 0.02178709
0.89355423 0.02179991
0.89349996 0.02181274
0.89344569 0.02182557
0.89339141 0.02183840
0.89333712 0.02185124
0.89328283 0.02186409
0.89322854 0.02187693
0.89317424 0.02188978
0.89311993 0.02190264
0.89306562 0.02191550
0.89301130 0.02192836
0.89295698 0.02194122
0.89290265 0.02195409
0.89284832 0.02196697
0.89279398 0.02197985
0.89273964 0.02199273
0.89268529 0.02200561
0.89263094 0.02201850
0.89257658 0.02203140
0.89252222 0.02204429
0.89246785 0.02205719
0.89241347 0.02207010
0.89235909 0.02208301
0.89230471 0.02209592
0.89225032 0.02210883
0.89219592 0.02212175
0.89214152 0.02213468
0.89208712 0.02214761
0.89203271 0.02216054
0.89197829 0.02217347
0.89192387 0.02218641
0.89186945 0.02219935
0.89181501 0.02221230
0.89176058 0.02222525
0.89170614 0.02223821
0.89165169 0.02225117
0.89159724 0.02226413
0.89154278 0.02227709
0.89148832 0.02229006
0.89143385 0.02230304
0.89137938 0.02231602
0.89132490 0.02232900
0.89127042 0.02234198
0.89121593 0.02235497
0.89116143 0.02236796
0.89110694 0.02238096
0.89105243 0.02239396
0.89099792 0.02240697
0.89094341 0.02241998
0.89088889 0.02243299
0.89083436 0.02244600
0.89077983 0.02245902
0.89072530 0.02247205
0.89067076 0.02248508
0.89061621 0.02249811
0.89056166 0.02251114
0.89050711 0.02252418
0.89045255 0.02253722
0.89039798 0.02255027
0.89034341 0.02256332
0.89028883 0.02257638
0.89023425 0.02258944
0.89017966 0.02260250
0.89012507 0.02261556
0.89007048 0.02262863
0.89001587 0.02264171
0.88996127 0.02265479
0.88990665 0.02266787
0.88985204 0.02268095
0.88979741 0.02269404
0.88974279 0.02270714
0.88968815 0.02272023
0.88963351 0.02273333
0.88957887 0.02274644
0.88952422 0.02275955
0.88946957 0.02277266
0.88941491 0.02278578
0.88936025 0.02279890
0.88930558 0.02281202
0.88925090 0.02282515
0.88919622 0.02283828
0.88914154 0.02285142
0.88908685 0.02286455
0.88903215 0.02287770
0.88897745 0.02289085
0.88892275 0.02290400
0.88886804 0.02291715
0.88881332 0.02293031
0.88875860 0.02294347
0.88870388 0.02295664
0.88864914 0.02296981
0.88859441 0.02298298
0.88853967 0.02299616
0.88848492 0.02300934
0.88843017 0.02302253
0.88837541 0.02303572
0.88832065 0.02304891
0.88826588 0.02306211
0.88821111 0.02307531
0.88815633 0.02308851
0.88810155 0.02310172
0.88804676 0.02311494
0.88799197 0.02312815
0.88793717 0.02314137
0.88788237 0.02315460
0.88782756 0.02316782
0.88777275 0.02318106
0.88771793 0.02319429
0.88766311 0.02320753
0.88760828 0.02322077
0.88755345 0.02323402
0.88749861 0.02324727
0.88744377 0.02326053
0.88738892 0.02327379
0.88733406 0.02328705
0.88727920 0.02330032
0.88722434 0.02331359
0.88716947 0.02332686
0.88711460 0.02334014
0.88705972 0.02335342
0.88700483 0.02336671
0.88694994 0.02338000
0.88689505 0.02339329
0.88684015 0.02340659
0.88678524 0.02341989
0.88673033 0.02343319
0.88667542 0.02344650
0.88662050 0.02345981
0.88656557 0.02347313
0.88651064 0.02348645
0.88645570 0.02349978
0.88640076 0.02351310
0.88634582 0.02352644
0.88629087 0.02353977
0.88623591 0.02355311
0.88618095 0.02356645
0.88612598 0.02357980
0.88607101 0.02359315
0.88601603 0.02360651
0.88596105 0.02361987
0.88590607 0.02363323
0.88585107 0.02364660
0.88579608 0.02365997
0.88574108 0.02367334
0.88568607 0.02368672
0.88563106 0.02370010
0.88557604 0.02371349
0.88552102 0.02372688
0.88546599 0.02374027
0.88541096 0.02375367
0.88535592 0.02376707
0.88530088 0.02378047
0.88524583 0.02379388
0.88519078 0.02380730
0.88513572 0.02382071
0.88508066 0.02383413
0.88502559 0.02384756
0.88497052 0.02386098
0.88491544 0.02387442
0.88486035 0.02388785
0.88480527 0.02390129
0.88475017 0.02391474
0.88469507 0.02392818
0.88463997 0.02394163
0.88458486 0.02395509
0.88452975 0.02396855
0.88447463 0.02398201
0.88441951 0.02399548
0.88436438 0.02400895
0.88430924 0.02402242
0.88425411 0.02403590
0.88419896 0.02404938
0.88414381 0.02406287
0.88408866 0.02407636
0.88403350 0.02408985
0.88397833 0.02410335
0.88392317 0.02411685
0.88386799 0.02413036
0.88381281 0.02414386
0.88375763 0.02415738
0.88370244 0.02417089
0.88364724 0.02418441
0.88359204 0.02419794
0.88353684 0.02421147
0.88348163 0.02422500
0.88342642 0.02423853
0.88337120 0.02425207
0.88331597 0.02426562
0.88326074 0.02427917
0.88320551 0.02429272
0.88315027 0.02430627
0.88309502 0.02431983
0.88303977 0.02433339
0.88298452 0.02434696
0.88292926 0.02436053
0.88287399 0.02437410
0.88281872 0.02438768
0.88276345 0.02440126
0.88270817 0.02441485
0.88265288 0.02442844
0.88259759 0.02444203
0.88254229 0.02445563
0.88248699 0.02446923
0.88243169 0.02448284
0.88237638 0.02449645
0.88232106 0.02451006
0.88226574 0.02452367
0.88221042 0.02453729
0.88215509 0.02455092
0.88209975 0.02456455
0.88204441 0.02457818
0.88198906 0.02459181
0.88193371 0.02460545
0.88187836 0.02461910
0.88182300 0.02463274
0.88176763 0.02464640
0.88171226 0.02466005
0.88165689 0.02467371
0.88160151 0.02468737
0.88154612 0.02470104
0.88149073 0.02471471
0.88143533 0.02472838
0.88137993 0.02474206
0.88132453 0.02475574
0.88126912 0.02476943
0.88121370 0.02478312
0.88115828 0.02479681
0.88110285 0.02481051
0.88104742 0.02482421
0.88099199 0.02483791
0.88093655 0.02485162
0.88088110 0.02486533
0.88082565 0.02487905
0.88077019 0.02489277
0.88071473 0.02490649
0.88065927 0.02492022
0.88060380 0.02493395
0.88054832 0.02494769
0.88049284 0.02496143
0.88043735 0.02497517
0.88038186 0.02498892
0.88032637 0.02500267
0.88027087 0.02501642
0.88021536 0.02503018
0.88015985 0.02504394
0.88010434 0.02505771
0.88004881 0.02507148
0.87999329 0.02508525
0.87993776 0.02509903
0.87988222 0.02511281
0.87982668 0.02512660
0.87977114 0.02514039
0.87971559 0.02515418
0.87966003 0.02516798
0.87960447 0.02518178
0.87954890 0.02519558
0.87949333 0.02520939
0.87943776 0.02522320
0.87938218 0.02523702
0.87932659 0.02525084
0.87927100 0.02526466
0.87921541 0.02527849
0.87915981 0.02529232
0.87910420 0.02530615
0.87904859 0.02531999
0.87899298 0.02533384
0.87893735 0.02534768
0.87888173 0.02536153
0.87882610 0.02537539
0.87877046 0.02538924
0.87871482 0.02540311
0.87865918 0.02541697
0.87860353 0.02543084
0.87854787 0.02544471
0.87849221 0.02545859
0.87843655 0.02547247
0.87838088 0.02548636
0.87832520 0.02550024
0.87826952 0.02551414
0.87821384 0.02552803
0.87815815 0.02554193
0.87810246 0.02555584
0.87804676 0.02556974
0.87799105 0.02558366
0.87793534 0.02559757
0.87787963 0.02561149
0.87782391 0.02562541
0.87776818 0.02563934
0.87771245 0.02565327
0.87765672 0.02566720
0.87760098 0.02568114
0.87754524 0.02569508
0.87748949 0.02570903
0.87743373 0.02572298
0.87737798 0.02573693
0.87732221 0.02575089
0.87726644 0.02576485
0.87721067 0.02577882
0.87715489 0.02579278
0.87709911 0.02580676
0.87704332 0.02582073
0.87698752 0.02583471
0.87693173 0.02584870
0.87687592 0.02586268
0.87682011 0.02587668
0.87676430 0.02589067
0.87670848 0.02590467
0.87665266 0.02591867
0.87659683 0.02593268
0.87654100 0.02594669
0.87648516 0.02596070
0.87642932 0.02597472
0.87637347 0.02598874
0.87631762 0.02600277
0.87626176 0.02601680
0.87620590 0.02603083
0.87615003 0.02604487
0.87609416 0.02605891
0.87603828 0.02607296
0.87598240 0.02608700
0.87592651 0.02610106
0.87587062 0.02611511
0.87581472 0.02612917
0.87575882 0.02614324
0.87570292 0.02615730
0.87564700 0.02617138
0.87559109 0.02618545
0.87553517 0.02619953
0.87547924 0.02621361
0.87542331 0.02622770
0.87536737 0.02624179
0.87531143 0.02625588
0.87525549 0.02626998
0.87519953 0.02628408
0.87514358 0.02629819
0.87508762 0.02631230
0.87503165 0.02632641
0.87497568 0.02634053
0.87491971 0.02635465
0.87486373 0.02636878
0.87480774 0.02638290
0.87475175 0.02639704
0.87469576 0.02641117
0.87463976 0.02642531
0.87458375 0.02643946
0.87452774 0.02645360
0.87447173 0.02646775
0.87441571 0.02648191
0.87435968 0.02649607
0.87430365 0.02651023
0.87424762 0.02652440
0.87419158 0.02653857
0.87413554 0.02655274
0.87407949 0.02656692
0.87402344 0.02658110
0.87396738 0.02659529
0.87391131 0.02660947
0.87385525 0.02662367
0.87379917 0.02663786
0.87374309 0.02665206
0.87368701 0.02666627
0.87363092 0.02668048
0.87357483 0.02669469
0.87351873 0.02670890
0.87346263 0.02672312
0.87340652 0.02673735
0.87335041 0.02675157
0.87329430 0.02676580
0.87323817 0.02678004
0.87318205 0.02679428
0.87312592 0.02680852
0.87306978 0.02682277
0.87301364 0.02683702
0.87295749 0.02685127
0.87290134 0.02686553
0.87284519 0.02687979
0.87278902 0.02689405
0.87273286 0.02690832
0.87267669 0.02692259
0.87262051 0.02693687
0.87256433 0.02695115
0.87250815 0.02696543
0.87245196 0.02697972
0.87239576 0.02699401
0.87233956 0.02700831
0.87228336 0.02702261
0.87222715 0.02703691
0.87217094 0.02705121
0.87211472 0.02706552
0.87205849 0.02707984
0.87200226 0.02709416
0.87194603 0.02710848
0.87188979 0.02712280
0.87183355 0.02713713
0.87177730 0.02715146
0.87172105 0.02716580
0.87166479 0.02718014
0.87160853 0.02719449
0.87155226 0.02720883
0.87149599 0.02722318
0.87143971 0.02723754
0.87138343 0.02725190
0.87132714 0.02726626
0.87127085 0.02728063
0.87121455 0.02729500
0.87115825 0.02730937
0.87110195 0.02732375
0.87104564 0.02733813
0.87098932 0.02735252
0.87093300 0.02736691
0.87087667 0.02738130
0.87082034 0.02739570
0.87076401 0.02741010
0.87070767 0.02742450
0.87065132 0.02743891
0.87059498 0.02745332
0.87053862 0.02746774
0.87048226 0.02748216
0.87042590 0.02749658
0.87036953 0.02751101
0.87031316 0.02752544
0.87025678 0.02753987
0.87020039 0.02755431
0.87014401 0.02756875
0.87008761 0.02758320
0.87003122 0.02759765
0.86997481 0.02761210
0.86991841 0.02762656
0.86986199 0.02764102
0.86980558 0.02765548
0.86974915 0.02766995
0.86969273 0.02768442
0.86963630 0.02769890
0.86957986 0.02771338
0.86952342 0.02772786
0.86946697 0.02774235
0.86941052 0.02775684
0.86935407 0.02777133
0.86929761 0.02778583
0.86924114 0.02780033
0.86918467 0.02781484
0.86912820 0.02782935
0.86907172 0.02784386
0.86901523 0.02785838
0.86895875 0.02787290
0.86890225 0.02788742
0.86884575 0.02790195
0.86878925 0.02791648
0.86873274 0.02793102
0.86867623 0.02794556
0.86861971 0.02796010
0.86856319 0.02797465
0.86850666 0.02798920
0.86845013 0.02800375
0.86839359 0.02801831
0.86833705 0.02803287
0.86828050 0.02804744
0.86822395 0.02806201
0.86816740 0.02807658
0.86811084 0.02809116
0.86805427 0.02810574
0.86799770 0.02812032
0.86794113 0.02813491
0.86788455 0.02814950
0.86782796 0.02816410
0.86777137 0.02817870
0.86771478 0.02819330
0.86765818 0.02820791
0.86760158 0.02822252
0.86754497 0.02823713
0.86748835 0.02825175
0.86743174 0.02826637
0.86737511 0.02828100
0.86731849 0.02829562
0.86726185 0.02831026
0.86720522 0.02832489
0.86714857 0.02833953
0.86709193 0.02835418
0.86703528 0.02836883
0.86697862 0.02838348
0.86692196 0.02839813
0.86686529 0.02841279
0.86680862 0.02842745
0.86675195 0.02844212
0.86669527 0.02845679
0.86663858 0.02847146
0.86658189 0.02848614
0.86652520 0.02850082
0.86646850 0.02851551
0.86641180 0.02853019
0.86635509 0.02854489
0.86629838 0.02855958
0.86624166 0.02857428
0.86618493 0.02858899
0.86612821 0.02860369
0.86607147 0.02861840
0.86601474 0.02863312
0.86595800 0.02864784
0.86590125 0.02866256
0.86584450 0.02867728
0.86578774 0.02869201
0.86573098 0.02870675
0.86567422 0.02872148
0.86561745 0.02873622
0.86556067 0.02875097
0.86550389 0.02876571
0.86544711 0.02878047
0.86539032 0.02879522
0.86533353 0.02880998
0.86527673 0.02882474
0.86521992 0.02883951
0.86516312 0.02885428
0.86510630 0.02886905
0.86504949 0.02888383
0.86499266 0.02889861
0.86493584 0.02891340
0.86487901 0.02892819
0.86482217 0.02894298
0.86476533 0.02895777
0.86470848 0.02897257
0.86465163 0.02898738
0.86459478 0.02900218
0.86453792 0.02901699
0.86448105 0.02903181
0.86442418 0.02904663
0.86436731 0.02906145
0.86431043 0.02907627
0.86425355 0.02909110
0.86419666 0.02910594
0.86413977 0.02912077
0.86408287 0.02913561
0.86402597 0.02915046
0.86396906 0.02916531
0.86391215 0.02918016
0.86385523 0.02919501
0.86379831 0.02920987
0.86374138 0.02922473
0.86368445 0.02923960
0.86362752 0.02925447
0.86357058 0.02926934
0.86351363 0.02928422
0.86345668 0.02929910
0.86339973 0.02931398
0.86334277 0.02932887
0.86328581 0.02934376
0.86322884 0.02935866
0.86317187 0.02937356
0.86311489 0.02938846
0.86305791 0.02940337
0.86300092 0.02941828
0.86294393 0.02943319
0.86288693 0.02944811
0.86282993 0.02946303
0.86277293 0.02947796
0.86271591 0.02949288
0.86265890 0.02950782
0.86260188 0.02952275
0.86254486 0.02953769
0.86248783 0.02955264
0.86243079 0.02956758
0.86237375 0.02958253
0.86231671 0.02959749
0.86225966 0.02961244
0.86220261 0.02962741
0.86214555 0.02964237
0.86208849 0.02965734
0.86203143 0.02967231
0.86197435 0.02968729
0.86191728 0.02970227
0.86186020 0.02971725
0.86180311 0.02973224
0.86174602 0.02974723
0.86168893 0.02976222
0.86163183 0.02977722
0.86157472 0.02979222
0.86151762 0.02980723
0.86146050 0.02982224
0.86140339 0.02983725
0.86134626 0.02985227
0.86128914 0.02986729
0.86123200 0.02988231
0.86117487 0.02989734
0.86111773 0.02991237
0.86106058 0.02992741
0.86100343 0.02994244
0.86094627 0.02995749
0.86088911 0.02997253
0.86083195 0.02998758
0.86077478 0.03000263
0.86071761 0.03001769
0.86066043 0.03003275
0.86060325 0.03004781
0.86054606 0.03006288
0.86048887 0.03007795
0.86043167 0.03009303
0.86037447 0.03010811
0.86031726 0.03012319
0.86026005 0.03013827
0.86020283 0.03015336
0.86014561 0.03016846
0.86008839 0.03018355
0.86003116 0.03019865
0.85997392 0.03021376
0.85991669 0.03022886
0.85985944 0.03024397
0.85980219 0.03025909
0.85974494 0.03027421
0.85968768 0.03028933
0.85963042 0.03030446
0.85957316 0.03031958
0.85951588 0.03033472
0.85945861 0.03034985
0.85940133 0.03036499
0.85934404 0.03038014
0.85928675 0.03039528
0.85922946 0.03041044
0.85917216 0.03042559
0.85911486 0.03044075
0.85905755 0.03045591
0.85900023 0.03047108
0.85894292 0.03048624
0.85888560 0.03050142
0.85882827 0.03051659
0.85877094 0.03053177
0.85871360 0.03054696
0.85865626 0.03056214
0.85859892 0.03057734
0.85854157 0.03059253
0.85848421 0.03060773
0.85842685 0.03062293
0.85836949 0.03063813
0.85831212 0.03065334
0.85825475 0.03066856
0.85819737 0.03068377
0.85813999 0.03069899
0.85808260 0.03071421
0.85802521 0.03072944
0.85796781 0.03074467
0.85791041 0.03075991
0.85785301 0.03077514
0.85779560 0.03079038
0.85773818 0.03080563
0.85768076 0.03082088
0.85762334 0.03083613
0.85756591 0.03085139
0.85750848 0.03086664
0.85745104 0.03088191
0.85739360 0.03089717
0.85733615 0.03091244
0.85727870 0.03092772
0.85722125 0.03094299
0.85716379 0.03095828
0.85710632 0.03097356
0.85704885 0.03098885
0.85699138 0.03100414
0.85693390 0.03101943
0.85687642 0.03103473
0.85681893 0.03105004
0.85676144 0.03106534
0.85670394 0.03108065
0.85664644 0.03109596
0.85658893 0.03111128
0.85653142 0.03112660
0.85647390 0.03114192
0.85641638 0.03115725
0.85635886 0.03117258
0.85630133 0.03118792
0.85624380 0.03120326
0.85618626 0.03121860
0.85612872 0.03123394
0.85607117 0.03124929
0.85601362 0.03126464
0.85595606 0.03128000
0.85589850 0.03129536
0.85584093 0.03131072
0.85578336 0.03132609
0.85572579 0.03134146
0.85566821 0.03135683
0.85561062 0.03137221
0.85555304 0.03138759
0.85549544 0.03140298
0.85543785 0.03141836
0.85538024 0.03143376
0.85532264 0.03144915
0.85526503 0.03146455
0.85520741 0.03147995
0.85514979 0.03149536
0.85509216 0.03151077
0.85503453 0.03152618
0.85497690 0.03154160
0.85491926 0.03155702
0.85486162 0.03157244
0.85480397 0.03158787
0.85474632 0.03160330
0.85468866 0.03161873
0.85463100 0.03163417
0.85457333 0.03164961
0.85451566 0.03166506
0.85445799 0.03168051
0.85440031 0.03169596
0.85434262 0.03171141
0.85428494 0.03172687
0.85422724 0.03174234
0.85416954 0.03175780
0.85411184 0.03177327
0.85405414 0.03178875
0.85399642 0.03180422
0.85393871 0.03181970
0.85388099 0.03183519
0.85382326 0.03185067
0.85376553 0.03186617
0.85370780 0.03188166
0.85365006 0.03189716
0.85359232 0.03191266
0.85353457 0.03192816
0.85347682 0.03194367
0.85341906 0.03195919
0.85336130 0.03197470
0.85330353 0.03199022
0.85324576 0.03200574
0.85318799 0.03202127
0.85313021 0.03203680
0.85307243 0.03205233
0.85301464 0.03206787
0.85295684 0.03208341
0.85289905 0.03209895
0.85284124 0.03211450
0.85278344 0.03213005
0.85272563 0.03214561
0.85266781 0.03216117
0.85260999 0.03217673
0.85255217 0.03219229
0.85249434 0.03220786
0.85243650 0.03222343
0.85237867 0.03223901
0.85232082 0.03225459
0.85226298 0.03227017
0.85220512 0.03228576
0.85214727 0.03230135
0.85208941 0.03231694
0.85203154 0.03233254
0.85197367 0.03234814
0.85191580 0.03236374
0.85185792 0.03237935
0.85180004 0.03239496
0.85174215 0.03241057
0.85168426 0.03242619
0.85162636 0.03244181
0.85156846 0.03245744
0.85151055 0.03247306
0.85145264 0.03248870
0.85139473 0.03250433
0.85133681 0.03251997
0.85127889 0.03253561
0.85122096 0.03255126
0.85116303 0.03256691
0.85110509 0.03258256
0.85104715 0.03259822
0.85098920 0.03261387
0.85093125 0.03262954
0.85087330 0.03264520
0.85081534 0.03266087
0.85075737 0.03267655
0.85069940 0.03269223
0.85064143 0.03270791
0.85058345 0.03272359
0.85052547 0.03273928
0.85046748 0.03275497
0.85040949 0.03277066
0.85035150 0.03278636
0.85029350 0.03280206
0.85023549 0.03281777
0.85017749 0.03283348
0.85011947 0.03284919
0.85006145 0.03286490
0.85000343 0.03288062
0.84994541 0.03289634
0.84988737 0.03291207
0.84982934 0.03292780
0.84977130 0.03294353
0.84971325 0.03295927
0.84965521 0.03297501
0.84959715 0.03299075
0.84953909 0.03300650
0.84948103 0.03302225
0.84942297 0.03303800
0.84936489 0.03305376
0.84930682 0.03306952
0.84924874 0.03308528
0.84919065 0.03310105
0.84913256 0.03311682
0.84907447 0.03313259
0.84901637 0.03314837
0.84895827 0.03316415
0.84890016 0.03317994
0.84884205 0.03319572
0.84878394 0.03321152
0.84872582 0.03322731
0.84866769 0.03324311
0.84860956 0.03325891
0.84855143 0.03327472
0.84849329 0.03329053
0.84843515 0.03330634
0.84837700 0.03332215
0.84831885 0.03333797
0.84826069 0.03335379
0.84820253 0.03336962
0.84814437 0.03338545
0.84808620 0.03340128
0.84802802 0.03341712
0.84796985 0.03343296
0.84791166 0.03344880
0.84785348 0.03346465
0.84779529 0.03348050
0.84773709 0.03349635
0.84767889 0.03351221
0.84762069 0.03352807
0.84756248 0.03354393
0.84750426 0.03355980
0.84744604 0.03357567
0.84738782 0.03359154
0.84732960 0.03360742
0.84727136 0.03362330
0.84721313 0.03363919
0.84715489 0.03365507
0.84709664 0.03367096
0.84703840 0.03368686
0.84698014 0.03370276
0.84692188 0.03371866
0.84686362 0.03373456
0.84680536 0.03375047
0.84674708 0.03376638
0.84668881 0.03378230
0.84663053 0.03379822
0.84657224 0.03381414
0.84651396 0.03383006
0.84645566 0.03384599
0.84639737 0.03386192
0.84633906 0.03387786
0.84628076 0.03389380
0.84622245 0.03390974
0.84616413 0.03392568
0.84610581 0.03394163
0.84604749 0.03395759
0.84598916 0.03397354
0.84593083 0.03398950
0.84587249 0.03400546
0.84581415 0.03402143
0.84575580 0.03403740
0.84569745 0.03405337
0.84563910 0.03406935
0.84558074 0.03408533
0.84552237 0.03410131
0.84546401 0.03411730
0.84540563 0.03413329
0.84534726 0.03414928
0.84528888 0.03416527
0.84523049 0.03418127
0.84517210 0.03419728
0.84511371 0.03421328
0.84505531 0.03422929
0.84499691 0.03424531
0.84493850 0.03426132
0.84488009 0.03427734
0.84482167 0.03429337
0.84476325 0.03430939
0.84470482 0.03432542
0.84464640 0.03434146
0.84458796 0.03435750
0.84452952 0.03437354
0.84447108 0.03438958
0.84441263 0.03440563
0.84435418 0.03442168
0.84429573 0.03443773
0.84423727 0.03445379
0.84417880 0.03446985
0.84412033 0.03448591
0.84406186 0.03450198
0.84400338 0.03451805
0.84394490 0.03453412
0.84388642 0.03455020
0.84382793 0.03456628
0.84376943 0.03458237
0.84371093 0.03459845
0.84365243 0.03461454
0.84359392 0.03463064
0.84353541 0.03464673
0.84347689 0.03466284
0.84341837 0.03467894
0.84335984 0.03469505
0.84330131 0.03471116
0.84324278 0.03472727
0.84318424 0.03474339
0.84312570 0.03475951
0.84306715 0.03477563
0.84300860 0.03479176
0.84295004 0.03480789
0.84289148 0.03482403
0.84283292 0.03484016
0.84277435 0.03485630
0.84271578 0.03487245
0.84265720 0.03488860
0.84259862 0.03490475
0.84254003 0.03492090
0.84248144 0.03493706
0.84242284 0.03495322
0.84236424 0.03496938
0.84230564 0.03498555
0.84224703 0.03500172
0.84218842 0.03501790
0.84212980 0.03503407
0.84207118 0.03505025
0.84201256 0.03506644
0.84195393 0.03508262
0.84189529 0.03509882
0.84183665 0.03511501
0.84177801 0.03513121
0.84171936 0.03514741
0.84166071 0.03516361
0.84160206 0.03517982
0.84154340 0.03519603
0.84148473 0.03521224
0.84142606 0.03522846
0.84136739 0.03524468
0.84130871 0.03526090
0.84125003 0.03527713
0.84119135 0.03529336
0.84113266 0.03530959
0.84107396 0.03532583
0.84101526 0.03534207
0.84095656 0.03535832
0.84089785 0.03537456
0.84083914 0.03539081
0.84078042 0.03540707
0.84072170 0.03542332
0.84066298 0.03543958
0.84060425 0.03545585
0.84054551 0.03547211
0.84048678 0.03548838
0.84042803 0.03550465
0.84036929 0.03552093
0.84031054 0.03553721
0.84025178 0.03555349
0.84019302 0.03556978
0.84013426 0.03558607
0.84007549 0.03560236
0.84001672 0.03561866
0.83995794 0.03563496
0.83989916 0.03565126
0.83984038 0.03566757
0.83978159 0.03568388
0.83972279 0.03570019
0.83966399 0.03571650
0.83960519 0.03573282
0.83954638 0.03574914
0.83948757 0.03576547
0.83942876 0.03578180
0.83936994 0.03579813
0.83931112 0.03581447
0.83925229 0.03583081
0.83919345 0.03584715
0.83913462 0.03586349
0.83907578 0.03587984
0.83901693 0.03589619
0.83895808 0.03591255
0.83889923 0.03592890
0.83884037 0.03594527
0.83878151 0.03596163
0.83872264 0.03597800
0.83866377 0.03599437
0.83860489 0.03601074
0.83854601 0.03602712
0.83848713 0.03604350
0.83842824 0.03605989
0.83836935 0.03607627
0.83831045 0.03609266
0.83825155 0.03610906
0.83819265 0.03612545
0.83813374 0.03614185
0.83807482 0.03615826
0.83801591 0.03617467
0.83795698 0.03619107
0.83789806 0.03620749
0.83783913 0.03622390
0.83778019 0.03624032
0.83772125 0.03625675
0.83766231 0.03627317
0.83760336 0.03628960
0.83754441 0.03630603
0.83748545 0.03632247
0.83742649 0.03633891
0.83736753 0.03635535
0.83730856 0.03637180
0.83724958 0.03638825
0.83719061 0.03640470
0.83713162 0.03642115
0.83707264 0.03643761
0.83701365 0.03645407
0.83695465 0.03647054
0.83689565 0.03648700
0.83683665 0.03650348
0.83677764 0.03651995
0.83671863 0.03653643
0.83665961 0.03655291
0.83660059 0.03656939
0.83654157 0.03658588
0.83648254 0.03660237
0.83642351 0.03661886
0.83636447 0.03663536
0.83630543 0.03665186
0.83624638 0.03666836
0.83618733 0.03668487
0.83612828 0.03670138
0.83606922 0.03671789
0.83601016 0.03673441
0.83595109 0.03675093
0.83589202 0.03676745
0.83583294 0.03678397
0.83577387 0.03680050
0.83571478 0.03681703
0.83565569 0.03683357
0.83559660 0.03685011
0.83553750 0.03686665
0.83547840 0.03688319
0.83541930 0.03689974
0.83536019 0.03691629
0.83530108 0.03693285
0.83524196 0.03694940
0.83518284 0.03696596
0.83512371 0.03698253
0.83506458 0.03699909
0.83500545 0.03701566
0.83494631 0.03703224
0.83488716 0.03704881
0.83482802 0.03706539
0.83476887 0.03708197
0.83470971 0.03709856
0.83465055 0.03711515
0.83459139 0.03713174
0.83453222 0.03714834
0.83447304 0.03716493
0.83441387 0.03718154
0.83435469 0.03719814
0.83429550 0.03721475
0.83423631 0.03723136
0.83417712 0.03724797
0.83411792 0.03726459
0.83405872 0.03728121
0.83399951 0.03729783
0.83394030 0.03731446
0.83388109 0.03733109
0.83382187 0.03734772
0.83376265 0.03736436
0.83370342 0.03738100
0.83364419 0.03739764
0.83358495 0.03741429
0.83352571 0.03743093
0.83346647 0.03744759
0.83340722 0.03746424
0.83334797 0.03748090
0.83328871 0.03749756
0.83322945 0.03751422
0.83317019 0.03753089
0.83311092 0.03754756
0.83305164 0.03756424
0.83299237 0.03758091
0.83293309 0.03759759
0.83287380 0.03761427
0.83281451 0.03763096
0.83275522 0.03764765
0.83269592 0.03766434
0.83263661 0.03768104
0.83257731 0.03769774
0.83251800 0.03771444
0.83245868 0.03773114
0.83239936 0.03774785
0.83234004 0.03776456
0.83228071 0.03778128
0.83222138 0.03779799
0.83216204 0.03781471
0.83210270 0.03783144
0.83204336 0.03784816
0.83198401 0.03786489
0.83192466 0.03788162
0.83186530 0.03789836
0.83180594 0.03791510
0.83174658 0.03793184
0.83168721 0.03794859
0.83162783 0.03796533
0.83156846 0.03798209
0.83150907 0.03799884
0.83144969 0.03801560
0.83139030 0.03803236
0.83133090 0.03804912
0.83127150 0.03806589
0.83121210 0.03808266
0.83115270 0.03809943
0.83109328 0.03811621
0.83103387 0.03813298
0.83097445 0.03814977
0.83091503 0.03816655
0.83085560 0.03818334
0.83079617 0.03820013
0.83073673 0.03821693
0.83067729 0.03823372
0.83061785 0.03825052
0.83055840 0.03826733
0.83049895 0.03828413
0.83043949 0.03830094
0.83038003 0.03831775
0.83032057 0.03833457
0.83026110 0.03835139
0.83020162 0.03836821
0.83014215 0.03838504
0.83008266 0.03840186
0.83002318 0.03841869
0.82996369 0.03843553
0.82990420 0.03845237
0.82984470 0.03846921
0.82978520 0.03848605
0.82972569 0.03850290
0.82966618 0.03851974
0.82960666 0.03853660
0.82954715 0.03855345
0.82948762 0.03857031
0.82942810 0.03858717
0.82936857 0.03860404
0.82930903 0.03862090
0.82924949 0.03863777
0.82918995 0.03865465
0.82913040 0.03867152
0.82907085 0.03868840
0.82901129 0.03870529
0.82895173 0.03872217
0.82889217 0.03873906
0.82883260 0.03875595
0.82877303 0.03877285
0.82871345 0.03878974
0.82865387 0.03880664
0.82859429 0.03882355
0.82853470 0.03884046
0.82847511 0.03885737
0.82841551 0.03887428
0.82835591 0.03889119
0.82829630 0.03890811
0.82823669 0.03892503
0.82817708 0.03894196
0.82811746 0.03895889
0.82805784 0.03897582
0.82799822 0.03899275
0.82793859 0.03900969
0.82787895 0.03902663
0.82781931 0.03904357
0.82775967 0.03906052
0.82770003 0.03907747
0.82764038 0.03909442
0.82758072 0.03911137
0.82752106 0.03912833
0.82746140 0.03914529
0.82740173 0.03916225
0.82734206 0.03917922
0.82728239 0.03919619
0.82722271 0.03921316
0.82716303 0.03923014
0.82710334 0.03924712
0.82704365 0.03926410
0.82698395 0.03928108
0.82692425 0.03929807
0.82686455 0.03931506
0.82680484 0.03933206
0.82674513 0.03934905
0.82668542 0.03936605
0.82662570 0.03938305
0.82656597 0.03940006
0.82650624 0.03941707
0.82644651 0.03943408
0.82638678 0.03945109
0.82632704 0.03946811
0.82626729 0.03948513
0.82620754 0.03950215
0.82614779 0.03951918
0.82608803 0.03953621
0.82602827 0.03955324
0.82596851 0.03957028
0.82590874 0.03958731
0.82584897 0.03960436
0.82578919 0.03962140
0.82572941 0.03963845
0.82566963 0.03965550
0.82560984 0.03967255
0.82555004 0.03968960
0.82549025 0.03970666
0.82543044 0.03972372
0.82537064 0.03974079
0.82531083 0.03975786
0.82525102 0.03977493
0.82519120 0.03979200
0.82513138 0.03980908
0.82507155 0.03982615
0.82501172 0.03984324
0.82495189 0.03986032
0.82489205 0.03987741
0.82483221 0.03989450
0.82477236 0.03991159
0.82471251 0.03992869
0.82465266 0.03994579
0.82459280 0.03996289
0.82453294 0.03998000
0.82447307 0.03999711
0.82441320 0.04001422
0.82435333 0.04003133
0.82429345 0.04004845
0.82423357 0.04006557
0.82417368 0.04008269
0.82411379 0.04009982
0.82405390 0.04011695
0.82399400 0.04013408
0.82393410 0.04015121
0.82387419 0.04016835
0.82381428 0.04018549
0.82375437 0.04020263
0.82369445 0.04021978
0.82363452 0.04023693
0.82357460 0.04025408
0.82351467 0.04027123
0.82345473 0.04028839
0.82339479 0.04030555
0.82333485 0.04032272
0.82327490 0.04033988
0.82321495 0.04035705
0.82315500 0.04037422
0.82309504 0.04039140
0.82303508 0.04040858
0.82297511 0.04042576
0.82291514 0.04044294
0.82285516 0.04046013
0.82279519 0.04047732
0.82273520 0.04049451
0.82267522 0.04051170
0.82261522 0.04052890
0.82255523 0.04054610
0.82249523 0.04056331
0.82243523 0.04058051
0.82237522 0.04059772
0.82231521 0.04061493
0.82225519 0.04063215
0.82219518 0.04064937
0.82213515 0.04066659
0.82207512 0.04068381
0.82201509 0.04070104
0.82195506 0.04071827
0.82189502 0.04073550
0.82183498 0.04075273
0.82177493 0.04076997
0.82171488 0.04078721
0.82165482 0.04080446
0.82159476 0.04082170
0.82153470 0.04083895
0.82147463 0.04085620
0.82141456 0.04087346
0.82135449 0.04089072
0.82129441 0.04090798
0.82123433 0.04092524
0.82117424 0.04094251
0.82111415 0.04095978
0.82105405 0.04097705
0.82099395 0.04099432
0.82093385 0.04101160
0.82087374 0.04102888
0.82081363 0.04104616
0.82075352 0.04106345
0.82069340 0.04108074
0.82063327 0.04109803
0.82057315 0.04111532
0.82051302 0.04113262
0.82045288 0.04114992
0.82039274 0.04116723
0.82033260 0.04118453
0.82027245 0.04120184
0.82021230 0.04121915
0.82015215 0.04123646
0.82009199 0.04125378
0.82003183 0.04127110
0.81997166 0.04128842
0.81991149 0.04130575
0.81985131 0.04132308
0.81979113 0.04134041
0.81973095 0.04135774
0.81967077 0.04137508
0.81961058 0.04139242
0.81955038 0.04140976
0.81949018 0.04142710
0.81942998 0.04144445
0.81936977 0.04146180
0.81930956 0.04147916
0.81924935 0.04149651
0.81918913 0.04151387
0.81912891 0.04153123
0.81906868 0.04154860
0.81900845 0.04156596
0.81894822 0.04158333
0.81888798 0.04160071
0.81882774 0.04161808
0.81876749 0.04163546
0.81870724 0.04165284
0.81864699 0.04167022
0.81858673 0.04168761
0.81852647 0.04170500
0.81846620 0.04172239
0.81840593 0.04173979
0.81834566 0.04175718
0.81828538 0.04177458
0.81822510 0.04179199
0.81816481 0.04180939
0.81810452 0.04182680
0.81804423 0.04184421
0.81798393 0.04186163
0.81792363 0.04187904
0.81786333 0.04189646
0.81780302 0.04191389
0.81774271 0.04193131
0.81768239 0.04194874
0.81762207 0.04196617
0.81756174 0.04198360
0.81750141 0.04200104
0.81744108 0.04201848
0.81738074 0.04203592
0.81732040 0.04205336
0.81726006 0.04207081
0.81719971 0.04208826
0.81713936 0.04210571
0.81707900 0.04212317
0.81701864 0.04214062
0.81695828 0.04215808
0.81689791 0.04217555
0.81683754 0.04219301
0.81677716 0.04221048
0.81671678 0.04222795
0.81665640 0.04224543
0.81659601 0.04226290
0.81653562 0.04228038
0.81647522 0.04229787
0.81641482 0.04231535
0.81635442 0.04233284
0.81629401 0.04235033
0.81623360 0.04236782
0.81617319 0.04238532
0.81611277 0.04240282
0.81605235 0.04242032
0.81599192 0.04243782
0.81593149 0.04245533
0.81587105 0.04247284
0.81581062 0.04249035
0.81575017 0.04250786
0.81568973 0.04252538
0.81562928 0.04254290
0.81556882 0.04256042
0.81550836 0.04257795
0.81544790 0.04259547
0.81538744 0.04261301
0.81532697 0.04263054
0.81526649 0.04264807
0.81520602 0.04266561
0.81514553 0.04268315
0.81508505 0.04270070
0.81502456 0.04271825
0.81496407 0.04273579
0.81490357 0.04275335
0.81484307 0.04277090
0.81478256 0.04278846
0.81472206 0.04280602
0.81466154 0.04282358
0.81460103 0.04284115
0.81454051 0.04285871
0.81447998 0.04287628
0.81441945 0.04289386
0.81435892 0.04291143
0.81429839 0.04292901
0.81423785 0.04294659
0.81417730 0.04296418
0.81411676 0.04298176
0.81405620 0.04299935
0.81399565 0.04301694
0.81393509 0.04303454
0.81387453 0.04305214
0.81381396 0.04306973
0.81375339 0.04308734
0.81369281 0.04310494
0.81363224 0.04312255
0.81357165 0.04314016
0.81351107 0.04315777
0.81345048 0.04317539
0.81338988 0.04319301
0.81332929 0.04321063
0.81326868 0.04322825
0.81320808 0.04324588
0.81314747 0.04326350
0.81308686 0.04328114
0.81302624 0.04329877
0.81296562 0.04331641
0.81290499 0.04333404
0.81284437 0.04335169
0.81278373 0.04336933
0.81272310 0.04338698
0.81266246 0.04340463
0.81260181 0.04342228
0.81254116 0.04343993
0.81248051 0.04345759
0.81241986 0.04347525
0.81235920 0.04349291
0.81229853 0.04351058
0.81223787 0.04352824
0.81217720 0.04354591
0.81211652 0.04356359
0.81205584 0.04358126
0.81199516 0.04359894
0.81193447 0.04361662
0.81187378 0.04363430
0.81181309 0.04365199
0.81175239 0.04366968
0.81169169 0.04368737
0.81163098 0.04370506
0.81157027 0.04372276
0.81150956 0.04374046
0.81144884 0.04375816
0.81138812 0.04377586
0.81132740 0.04379357
0.81126667 0.04381128
0.81120594 0.04382899
0.81114520 0.04384670
0.81108446 0.04386442
0.81102372 0.04388214
0.81096297 0.04389986
0.81090222 0.04391758
0.81084146 0.04393531
0.81078070 0.04395304
0.81071994 0.04397077
0.81065917 0.04398850
0.81059840 0.04400624
0.81053763 0.04402398
0.81047685 0.04404172
0.81041607 0.04405947
0.81035528 0.04407721
0.81029449 0.04409496
0.81023370 0.04411271
0.81017290 0.04413047
0.81011210 0.04414823
0.81005130 0.04416599
0.80999049 0.04418375
0.80992967 0.04420151
0.80986886 0.04421928
0.80980804 0.04423705
0.80974721 0.04425482
0.80968639 0.04427260
0.80962555 0.04429037
0.80956472 0.04430815
0.80950388 0.04432594
0.80944304 0.04434372
0.80938219 0.04436151
0.80932134 0.04437930
0.80926048 0.04439709
0.80919963 0.04441489
0.80913876 0.04443268
0.80907790 0.04445048
0.80901703 0.04446829
0.80895615 0.04448609
0.80889528 0.04450390
0.80883440 0.04452171
0.80877351 0.04453952
0.80871262 0.04455734
0.80865173 0.04457515
0.80859083 0.04459297
0.80852993 0.04461079
0.80846903 0.04462862
0.80840812 0.04464645
0.80834721 0.04466428
0.80828630 0.04468211
0.80822538 0.04469994
0.80816445 0.04471778
0.80810353 0.04473562
0.80804260 0.04475346
0.80798166 0.04477131
0.80792073 0.04478915
0.80785978 0.04480700
0.80779884 0.04482486
0.80773789 0.04484271
0.80767694 0.04486057
0.80761598 0.04487843
0.80755502 0.04489629
0.80749406 0.04491415
0.80743309 0.04493202
0.80737212 0.04494989
0.80731114 0.04496776
0.80725016 0.04498564
0.80718918 0.04500351
0.80712819 0.04502139
0.80706720 0.04503927
0.80700621 0.04505716
0.80694521 0.04507504
0.80688421 0.04509293
0.80682320 0.04511082
0.80676219 0.04512872
0.80670118 0.04514661
0.80664016 0.04516451
0.80657914 0.04518241
0.80651812 0.04520032
0.80645709 0.04521822
0.80639606 0.04523613
0.80633502 0.04525404
0.80627398 0.04527195
0.80621294 0.04528987
0.80615189 0.04530779
0.80609084 0.04532571
0.80602979 0.04534363
0.80596873 0.04536156
0.80590767 0.04537948
0.80584660 0.04539741
0.80578553 0.04541535
0.80572446 0.04543328
0.80566338 0.04545122
0.80560230 0.04546916
0.80554122 0.04548710
0.80548013 0.04550505
0.80541904 0.04552299
0.80535794 0.04554094
0.80529684 0.04555889
0.80523574 0.04557685
0.80517463 0.04559480
0.80511352 0.04561276
0.80505241 0.04563072
0.80499129 0.04564869
0.80493017 0.04566665
0.80486904 0.04568462
0.80480791 0.04570259
0.80474678 0.04572057
0.80468564 0.04573854
0.80462450 0.04575652
0.80456336 0.04577450
0.80450221 0.04579248
0.80444106 0.04581047
0.80437990 0.04582846
0.80431875 0.04584645
0.80425758 0.04586444
0.80419642 0.04588243
0.80413525 0.04590043
0.80407407 0.04591843
0.80401290 0.04593643
0.80395171 0.04595443
0.80389053 0.04597244
0.80382934 0.04599045
0.80376815 0.04600846
0.80370695 0.04602647
0.80364575 0.04604449
0.80358455 0.04606251
0.80352334 0.04608053
0.80346213 0.04609855
0.80340092 0.04611657
0.80333970 0.04613460
0.80327848 0.04615263
0.80321725 0.04617066
0.80315602 0.04618870
0.80309479 0.04620674
0.80303355 0.04622477
0.80297231 0.04624282
0.80291107 0.04626086
0.80284982 0.04627891
0.80278857 0.04629695
0.80272731 0.04631500
0.80266605 0.04633306
0.80260479 0.04635111
0.80254352 0.04636917
0.80248225 0.04638723
0.80242098 0.04640529
0.80235970 0.04642336
0.80229842 0.04644142
0.80223714 0.04645949
0.80217585 0.04647756
0.80211456 0.04649564
0.80205326 0.04651371
0.80199196 0.04653179
0.80193066 0.04654987
0.80186935 0.04656796
0.80180804 0.04658604
0.80174673 0.04660413
0.80168541 0.04662222
0.80162409 0.04664031
0.80156276 0.04665841
0.80150143 0.04667650
0.80144010 0.04669460
0.80137876 0.04671270
0.80131742 0.04673081
0.80125608 0.04674891
0.80119473 0.04676702
0.80113338 0.04678513
0.80107203 0.04680324
0.80101067 0.04682136
0.80094931 0.04683948
0.80088794 0.04685760
0.80082657 0.04687572
0.80076520 0.04689384
0.80070382 0.04691197
0.80064244 0.04693010
0.80058106 0.04694823
0.80051967 0.04696636
0.80045828 0.04698450
0.80039688 0.04700263
0.80033549 0.04702077
0.80027408 0.04703891
0.80021268 0.04705706
0.80015127 0.04707521
0.80008986 0.04709335
0.80002844 0.04711151
0.79996702 0.04712966
0.79990559 0.04714781
0.79984417 0.04716597
0.79978273 0.04718413
0.79972130 0.04720229
0.79965986 0.04722046
0.79959842 0.04723862
0.79953697 0.04725679
0.79947552 0.04727496
0.79941407 0.04729314
0.79935261 0.04731131
0.79929115 0.04732949
0.79922969 0.04734767
0.79916822 0.04736585
0.79910675 0.04738404
0.79904527 0.04740222
0.79898380 0.04742041
0.79892231 0.04743860
0.79886083 0.04745680
0.79879934 0.04747499
0.79873784 0.04749319
0.79867635 0.04751139
0.79861485 0.04752959
0.79855334 0.04754780
0.79849183 0.04756600
0.79843032 0.04758421
0.79836881 0.04760242
0.79830729 0.04762064
0.79824577 0.04763885
0.79818424 0.04765707
0.79812271 0.04767529
0.79806118 0.04769351
0.79799964 0.04771173
0.79793810 0.04772996
0.79787656 0.04774819
0.79781501 0.04776642
0.79775346 0.04778465
0.79769190 0.04780289
0.79763035 0.04782112
0.79756878 0.04783936
0.79750722 0.04785760
0.79744565 0.04787585
0.79738408 0.04789409
0.79732250 0.04791234
0.79726092 0.04793059
0.79719934 0.04794884
0.79713775 0.04796710
0.79707616 0.04798535
0.79701456 0.04800361
0.79695297 0.04802187
0.79689136 0.04804014
0.79682976 0.04805840
0.79676815 0.04807667
0.79670654 0.04809494
0.79664492 0.04811321
0.79658330 0.04813148
0.79652168 0.04814976
0.79646005 0.04816804
0.79639842 0.04818632
0.79633679 0.04820460
0.79627515 0.04822288
0.79621351 0.04824117
0.79615186 0.04825946
0.79609021 0.04827775
0.79602856 0.04829604
0.79596691 0.04831434
0.79590525 0.04833263
0.79584359 0.04835093
0.79578192 0.04836923
0.79572025 0.04838754
0.79565858 0.04840584
0.79559690 0.04842415
0.79553522 0.04844246
0.79547353 0.04846077
0.79541185 0.04847908
0.79535015 0.04849740
0.79528846 0.04851572
0.79522676 0.04853404
0.79516506 0.04855236
0.79510335 0.04857069
0.79504164 0.04858901
0.79497993 0.04860734
0.79491821 0.04862567
0.79485650 0.04864400
0.79479477 0.04866234
0.79473304 0.04868068
0.79467131 0.04869901
0.79460958 0.04871736
0.79454784 0.04873570
0.79448610 0.04875404
0.79442436 0.04877239
0.79436261 0.04879074
0.79430086 0.04880909
0.79423910 0.04882745
0.79417734 0.04884580
0.79411558 0.04886416
0.79405381 0.04888252
0.79399204 0.04890088
0.79393027 0.04891924
0.79386849 0.04893761
0.79380671 0.04895598
0.79374493 0.04897435
0.79368314 0.04899272
0.79362135 0.04901109
0.79355955 0.04902947
0.79349776 0.04904785
0.79343595 0.04906623
0.79337415 0.04908461
0.79331234 0.04910299
0.79325053 0.04912138
0.79318871 0.04913977
0.79312689 0.04915816
0.79306507 0.04917655
0.79300324 0.04919495
0.79294141 0.04921334
0.79287958 0.04923174
0.79281774 0.04925014
0.79275590 0.04926854
0.79269406 0.04928695
0.79263221 0.04930536
0.79257036 0.04932376
0.79250850 0.04934217
0.79244665 0.04936059
0.79238478 0.04937900
0.79232292 0.04939742
0.79226105 0.04941584
0.79219918 0.04943426
0.79213730 0.04945268
0.79207542 0.04947111
0.79201354 0.04948953
0.79195165 0.04950796
0.79188976 0.04952639
0.79182787 0.04954482
0.79176597 0.04956326
0.79170407 0.04958170
0.79164217 0.04960013
0.79158026 0.04961857
0.79151835 0.04963702
0.79145643 0.04965546
0.79139452 0.04967391
0.79133259 0.04969236
0.79127067 0.04971081
0.79120874 0.04972926
0.79114681 0.04974771
0.79108487 0.04976617
0.79102293 0.04978463
0.79096099 0.04980309
0.79089904 0.04982155
0.79083709 0.04984002
0.79077514 0.04985848
0.79071318 0.04987695
0.79065122 0.04989542
0.79058926 0.04991389
0.79052729 0.04993237
0.79046532 0.04995084
0.79040335 0.04996932
0.79034137 0.04998780
0.79027939 0.05000628
0.79021740 0.05002477
0.79015542 0.05004325
0.79009342 0.05006174
0.79003143 0.05008023
0.78996943 0.05009872
0.78990743 0.05011722
0.78984542 0.05013571
0.78978341 0.05015421
0.78972140 0.05017271
0.78965938 0.05019121
0.78959737 0.05020971
0.78953534 0.05022822
0.78947332 0.05024672
0.78941129 0.05026523
0.78934925 0.05028374
0.78928722 0.05030226
0.78922517 0.05032077
0.78916313 0.05033929
0.78910108 0.05035781
0.78903903 0.05037633
0.78897698 0.05039485
0.78891492 0.05041337
0.78885286 0.05043190
0.78879079 0.05045043
0.78872873 0.05046896
0.78866665 0.05048749
0.78860458 0.05050602
0.78854250 0.05052456
0.78848042 0.05054310
0.78841833 0.05056164
0.78835624 0.05058018
0.78829415 0.05059872
0.78823205 0.05061727
0.78816996 0.05063581
0.78810785 0.05065436
0.78804575 0.05067291
0.78798364 0.05069146
0.78792152 0.05071002
0.78785941 0.05072858
0.78779729 0.05074713
0.78773516 0.05076569
0.78767304 0.05078426
0.78761090 0.05080282
0.78754877 0.05082139
0.78748663 0.05083995
0.78742449 0.05085852
0.78736235 0.05087709
0.78730020 0.05089567
0.78723805 0.05091424
0.78717589 0.05093282
0.78711374 0.05095140
0.78705157 0.05096998
0.78698941 0.05098856
0.78692724 0.05100714
0.78686507 0.05102573
0.78680289 0.05104432
0.78674072 0.05106291
0.78667853 0.05108150
0.78661635 0.05110009
0.78655416 0.05111869
0.78649197 0.05113728
0.78642977 0.05115588
0.78636757 0.05117448
0.78630537 0.05119309
0.78624316 0.05121169
0.78618095 0.05123030
0.78611874 0.05124890
0.78605652 0.05126751
0.78599430 0.05128613
0.78593208 0.05130474
0.78586985 0.05132335
0.78580762 0.05134197
0.78574539 0.05136059
0.78568315 0.05137921
0.78562091 0.05139783
0.78555867 0.05141646
0.78549642 0.05143508
0.78543417 0.05145371
0.78537191 0.05147234
0.78530966 0.05149097
0.78524740 0.05150961
0.78518513 0.05152824
0.78512286 0.05154688
0.78506059 0.05156552
0.78499832 0.05158416
0.78493604 0.05160280
0.78487376 0.05162144
0.78481147 0.05164009
0.78474918 0.05165874
0.78468689 0.05167739
0.78462460 0.05169604
0.78456230 0.05171469
0.78450000 0.05173334
0.78443769 0.05175200
0.78437538 0.05177066
0.78431307 0.05178932
0.78425076 0.05180798
0.78418844 0.05182664
0.78412611 0.05184531
0.78406379 0.05186397
0.78400146 0.05188264
0.78393913 0.05190131
0.78387679 0.05191999
0.78381445 0.05193866
0.78375211 0.05195733
0.78368976 0.05197601
0.78362741 0.05199469
0.78356506 0.05201337
0.78350270 0.05203205
0.78344034 0.05205074
0.78337798 0.05206942
0.78331562 0.05208811
0.78325325 0.05210680
0.78319087 0.05212549
0.78312850 0.05214419
0.78306612 0.05216288
0.78300373 0.05218158
0.78294135 0.05220028
0.78287896 0.05221898
0.78281656 0.05223768
0.78275417 0.05225638
0.78269177 0.05227508
0.78262936 0.05229379
0.78256696 0.05231250
0.78250454 0.05233121
0.78244213 0.05234992
0.78237971 0.05236864
0.78231729 0.05238735
0.78225487 0.05240607
0.78219244 0.05242479
0.78213001 0.05244351
0.78206758 0.05246223
0.78200514 0.05248095
0.78194270 0.05249968
0.78188026 0.05251840
0.78181781 0.05253713
0.78175536 0.05255586
0.78169290 0.05257459
0.78163045 0.05259333
0.78156799 0.05261206
0.78150552 0.05263080
0.78144305 0.05264954
0.78138058 0.05266828
0.78131811 0.05268702
0.78125563 0.05270577
0.78119315 0.05272451
0.78113067 0.05274326
0.78106818 0.05276201
0.78100569 0.05278076
0.78094319 0.05279951
0.78088070 0.05281826
0.78081820 0.05283702
0.78075569 0.05285578
0.78069318 0.05287453
0.78063067 0.05289329
0.78056816 0.05291206
0.78050564 0.05293082
0.78044312 0.05294958
0.78038060 0.05296835
0.78031807 0.05298712
0.78025554 0.05300589
0.78019300 0.05302466
0.78013046 0.05304344
0.78006792 0.05306221
0.78000538 0.05308099
0.77994283 0.05309976
0.77988028 0.05311854
0.77981773 0.05313733
0.77975517 0.05315611
0.77969261 0.05317489
0.77963004 0.05319368
0.77956748 0.05321247
0.77950490 0.05323126
0.77944233 0.05325005
0.77937975 0.05326884
0.77931717 0.05328764
0.77925459 0.05330643
0.77919200 0.05332523
0.77912941 0.05334403
0.77906681 0.05336283
0.77900422 0.05338163
0.77894162 0.05340044
0.77887901 0.05341924
0.77881640 0.05343805
0.77875379 0.05345686
0.77869118 0.05347567
0.77862856 0.05349448
0.77856594 0.05351329
0.77850332 0.05353211
0.77844069 0.05355092
0.77837806 0.05356974
0.77831543 0.05358856
0.77825279 0.05360738
0.77819015 0.05362621
0.77812750 0.05364503
0.77806486 0.05366386
0.77800221 0.05368268
0.77793955 0.05370151
0.77787690 0.05372034
0.77781423 0.05373918
0.77775157 0.05375801
0.77768890 0.05377685
0.77762623 0.05379568
0.77756356 0.05381452
0.77750088 0.05383336
0.77743820 0.05385220
0.77737552 0.05387105
0.77731283 0.05388989
0.77725014 0.05390874
0.77718745 0.05392758
0.77712475 0.05394643
0.77706205 0.05396528
0.77699935 0.05398414
0.77693664 0.05400299
0.77687393 0.05402185
0.77681122 0.05404070
0.77674851 0.05405956
0.77668579 0.05407842
0.77662306 0.05409728
0.77656034 0.05411614
0.77649761 0.05413501
0.77643487 0.05415387
0.77637214 0.05417274
0.77630940 0.05419161
0.77624666 0.05421048
0.77618391 0.05422935
0.77612116 0.05424823
0.77605841 0.05426710
0.77599565 0.05428598
0.77593290 0.05430486
0.77587013 0.05432374
0.77580737 0.05434262
0.77574460 0.05436150
0.77568183 0.05438038
0.77561905 0.05439927
0.77555627 0.05441816
0.77549349 0.05443704
0.77543071 0.05445593
0.77536792 0.05447483
0.77530513 0.05449372
0.77524233 0.05451261
0.77517953 0.05453151
0.77511673 0.05455041
0.77505393 0.05456930
0.77499112 0.05458820
0.77492831 0.05460711
0.77486550 0.05462601
0.77480268 0.05464491
0.77473986 0.05466382
0.77467703 0.05468273
0.77461421 0.05470164
0.77455138 0.05472055
0.77448854 0.05473946
0.77442571 0.05475837
0.77436287 0.05477729
0.77430002 0.05479620
0.77423717 0.05481512
0.77417432 0.05483404
0.77411147 0.05485296
0.77404862 0.05487188
0.77398576 0.05489080
0.77392289 0.05490973
0.77386003 0.05492865
0.77379716 0.05494758
0.77373428 0.05496651
0.77367141 0.05498544
0.77360853 0.05500437
0.77354565 0.05502331
0.77348276 0.05504224
0.77341987 0.05506118
0.77335698 0.05508012
0.77329409 0.05509905
0.77323119 0.05511799
0.77316829 0.05513694
0.77310538 0.05515588
0.77304247 0.05517482
0.77297956 0.05519377
0.77291665 0.05521272
0.77285373 0.05523167
0.77279081 0.05525062
0.77272788 0.05526957
0.77266496 0.05528852
0.77260203 0.05530748
0.77253909 0.05532643
0.77247615 0.05534539
0.77241321 0.05536435
0.77235027 0.05538331
0.77228732 0.05540227
0.77222437 0.05542123
0.77216142 0.05544019
0.77209847 0.05545916
0.77203551 0.05547813
0.77197254 0.05549709
0.77190958 0.05551606
0.77184661 0.05553503
0.77178364 0.05555401
0.77172066 0.05557298
0.77165768 0.05559195
0.77159470 0.05561093
0.77153171 0.05562991
0.77146873 0.05564889
0.77140573 0.05566787
0.77134274 0.05568685
0.77127974 0.05570583
0.77121674 0.05572482
0.77115374 0.05574380
0.77109073 0.05576279
0.77102772 0.05578178
0.77096470 0.05580077
0.77090169 0.05581976
0.77083867 0.05583875
0.77077564 0.05585774
0.77071262 0.05587674
0.77064959 0.05589574
0.77058655 0.05591473
0.77052352 0.05593373
0.77046048 0.05595273
0.77039743 0.05597173
0.77033439 0.05599074
0.77027134 0.05600974
0.77020829 0.05602875
0.77014523 0.05604775
0.77008217 0.05606676
0.77001911 0.05608577
0.76995605 0.05610478
0.76989298 0.05612379
0.76982991 0.05614281
0.76976683 0.05616182
0.76970376 0.05618084
0.76964068 0.05619986
0.76957759 0.05621887
0.76951451 0.05623789
0.76945142 0.05625692
0.76938832 0.05627594
0.76932523 0.05629496
0.76926213 0.05631399
0.76919902 0.05633301
0.76913592 0.05635204
0.76907281 0.05637107
0.76900970 0.05639010
0.76894658 0.05640913
0.76888346 0.05642816
0.76882034 0.05644720
0.76875721 0.05646623
0.76869409 0.05648527
0.76863096 0.05650431
0.76856782 0.05652334
0.76850468 0.05654238
0.76844154 0.05656143
0.76837840 0.05658047
0.76831525 0.05659951
0.76825210 0.05661856
0.76818895 0.05663760
0.76812579 0.05665665
0.76806263 0.05667570
0.76799947 0.05669475
0.76793630 0.05671380
0.76787313 0.05673286
0.76780996 0.05675191
0.76774679 0.05677096
0.76768361 0.05679002
0.76762043 0.05680908
0.76755724 0.05682814
0.76749405 0.05684720
0.76743086 0.05686626
0.76736767 0.05688532
0.76730447 0.05690438
0.76724127 0.05692345
0.76717807 0.05694251
0.76711486 0.05696158
0.76705165 0.05698065
0.76698844 0.05699972
0.76692522 0.05701879
0.76686200 0.05703786
0.76679878 0.05705694
0.76673556 0.05707601
0.76667233 0.05709509
0.76660910 0.05711416
0.76654586 0.05713324
0.76648262 0.05715232
0.76641938 0.05717140
0.76635614 0.05719048
0.76629289 0.05720957
0.76622964 0.05722865
0.76616639 0.05724773
0.76610313 0.05726682
0.76603987 0.05728591
0.76597661 0.05730500
0.76591334 0.05732409
0.76585007 0.05734318
0.76578680 0.05736227
0.76572353 0.05738136
0.76566025 0.05740046
0.76559697 0.05741955
0.76553368 0.05743865
0.76547039 0.05745775
0.76540710 0.05747685
0.76534381 0.05749595
0.76528051 0.05751505
0.76521721 0.05753415
0.76515391 0.05755326
0.76509060 0.05757236
0.76502729 0.05759147
0.76496398 0.05761057
0.76490066 0.05762968
0.76483735 0.05764879
0.76477402 0.05766790
0.76471070 0.05768701
0.76464737 0.05770613
0.76458404 0.05772524
0.76452071 0.05774435
0.76445737 0.05776347
0.76439403 0.05778259
0.76433068 0.05780171
0.76426734 0.05782083
0.76420399 0.05783995
0.76414064 0.05785907
0.76407728 0.05787819
0.76401392 0.05789732
0.76395056 0.05791644
0.76388719 0.05793557
0.76382383 0.05795469
0.76376046 0.05797382
0.76369708 0.05799295
0.76363370 0.05801208
0.76357032 0.05803121
0.76350694 0.05805035
0.76344355 0.05806948
0.76338016 0.05808862
0.76331677 0.05810775
0.76325338 0.05812689
0.76318998 0.05814603
0.76312658 0.05816517
0.76306317 0.05818431
0.76299976 0.05820345
0.76293635 0.05822259
0.76287294 0.05824173
0.76280952 0.05826088
0.76274610 0.05828003
0.76268268 0.05829917
0.76261925 0.05831832
0.76255582 0.05833747
0.76249239 0.05835662
0.76242895 0.05837577
0.76236551 0.05839492
0.76230207 0.05841407
0.76223863 0.05843323
0.76217518 0.05845238
0.76211173 0.05847154
0.76204827 0.05849070
0.76198482 0.05850986
0.76192136 0.05852902
0.76185790 0.05854818
0.76179443 0.05856734
0.76173096 0.05858650
0.76166749 0.05860566
0.76160401 0.05862483
0.76154053 0.05864399
0.76147705 0.05866316
0.76141357 0.05868233
0.76135008 0.05870150
0.76128659 0.05872067
0.76122310 0.05873984
0.76115960 0.05875901
0.76109610 0.05877818
0.76103260 0.05879736
0.76096909 0.05881653
0.76090558 0.05883571
0.76084207 0.05885488
0.76077856 0.05887406
0.76071504 0.05889324
0.76065152 0.05891242
0.76058800 0.05893160
0.76052447 0.05895078
0.76046094 0.05896996
0.76039741 0.05898915
0.76033387 0.05900833
0.76027033 0.05902752
0.76020679 0.05904670
0.76014325 0.05906589
0.76007970 0.05908508
0.76001615 0.05910427
0.75995259 0.05912346
0.75988904 0.05914265
0.75982548 0.05916185
0.75976191 0.05918104
0.75969835 0.05920023
0.75963478 0.05921943
0.75957120 0.05923863
0.75950763 0.05925782
0.75944405 0.05927702
0.75938047 0.05929622
0.75931689 0.05931542
0.75925330 0.05933462
0.75918971 0.05935382
0.75912612 0.05937303
0.75906252 0.05939223
0.75899892 0.05941144
0.75893532 0.05943064
0.75887171 0.05944985
0.75880811 0.05946906
0.75874449 0.05948827
0.75868088 0.05950747
0.75861726 0.05952669
0.75855364 0.05954590
0.75849002 0.05956511
0.75842639 0.05958432
0.75836276 0.05960354
0.75829913 0.05962275
0.75823550 0.05964197
0.75817186 0.05966119
0.75810822 0.05968040
0.75804457 0.05969962
0.75798093 0.05971884
0.75791728 0.05973806
0.75785362 0.05975728
0.75778997 0.05977651
0.75772631 0.05979573
0.75766265 0.05981495
0.75759898 0.05983418
0.75753531 0.05985341
0.75747164 0.05987263
0.75740797 0.05989186
0.75734429 0.05991109
0.75728061 0.05993032
0.75721693 0.05994955
0.75715324 0.05996878
0.75708955 0.05998801
0.75702586 0.06000725
0.75696217 0.06002648
0.75689847 0.06004572
0.75683477 0.06006495
0.75677107 0.06008419
0.75670736 0.06010343
0.75664365 0.06012266
0.75657994 0.06014190
0.75651622 0.06016114
0.75645250 0.06018038
0.75638878 0.06019963
0.75632506 0.06021887
0.75626133 0.06023811
0.75619760 0.06025736
0.75613387 0.06027660
0.75607013 0.06029585
0.75600639 0.06031510
0.75594265 0.06033434
0.75587890 0.06035359
0.75581515 0.06037284
0.75575140 0.06039209
0.75568765 0.06041134
0.75562389 0.06043059
0.75556013 0.06044985
0.75549637 0.06046910
0.75543260 0.06048836
0.75536884 0.06050761
0.75530506 0.06052687
0.75524129 0.06054612
0.75517751 0.06056538
0.75511373 0.06058464
0.75504995 0.06060390
0.75498616 0.06062316
0.75492237 0.06064242
0.75485858 0.06066168
0.75479478 0.06068094
0.75473099 0.06070021
0.75466718 0.06071947
0.75460338 0.06073874
0.75453957 0.06075800
0.75447576 0.06077727
0.75441195 0.06079654
0.75434813 0.06081581
0.75428432 0.06083507
0.75422049 0.06085434
0.75415667 0.06087361
0.75409284 0.06089289
0.75402901 0.06091216
0.75396518 0.06093143
0.75390134 0.06095070
0.75383750 0.06096998
0.75377366 0.06098925
0.75370982 0.06100853
0.75364597 0.06102781
0.75358212 0.06104708
0.75351826 0.06106636
0.75345441 0.06108564
0.75339055 0.06110492
0.75332668 0.06112420
0.75326282 0.06114348
0.75319895 0.06116277
0.75313508 0.06118205
0.75307121 0.06120133
0.75300733 0.06122062
0.75294345 0.06123990
0.75287957 0.06125919
0.75281568 0.06127847
0.75275179 0.06129776
0.75268790 0.06131705
0.75262400 0.06133634
0.75256011 0.06135563
0.75249621 0.06137492
0.75243230 0.06139421
0.75236840 0.06141350
0.75230449 0.06143279
0.75224058 0.06145208
0.75217666 0.06147138
0.75211274 0.06149067
0.75204882 0.06150997
0.75198490 0.06152926
0.75192097 0.06154856
0.75185704 0.06156786
0.75179311 0.06158716
0.75172918 0.06160645
0.75166524 0.06162575
0.75160130 0.06164505
0.75153735 0.06166435
0.75147341 0.06168366
0.75140946 0.06170296
0.75134550 0.06172226
0.75128155 0.06174156
0.75121759 0.06176087
0.75115363 0.06178017
0.75108967 0.06179948
0.75102570 0.06181879
0.75096173 0.06183809
0.75089776 0.06185740
0.75083378 0.06187671
0.75076980 0.06189602
0.75070582 0.06191533
0.75064184 0.06193464
0.75057785 0.06195395
0.75051386 0.06197326
0.75044987 0.06199257
0.75038587 0.06201189
0.75032187 0.06203120
0.75025787 0.06205051
0.75019387 0.06206983
0.75012986 0.06208915
0.75006585 0.06210846
0.75000184 0.06212778
0.74993782 0.06214710
0.74987380 0.06216641
0.74980978 0.06218573
0.74974576 0.06220505
0.74968173 0.06222437
0.74961770 0.06224369
0.74955367 0.06226301
0.74948963 0.06228234
0.74942559 0.06230166
0.74936155 0.06232098
0.74929751 0.06234031
0.74923346 0.06235963
0.74916941 0.06237896
0.74910536 0.06239828
0.74904130 0.06241761
0.74897724 0.06243694
0.74891318 0.06245626
0.74884912 0.06247559
0.74878505 0.06249492
0.74872098 0.06251425
0.74865691 0.06253358
0.74859283 0.06255291
0.74852875 0.06257224
0.74846467 0.06259157
0.74840059 0.06261090
0.74833650 0.06263024
0.74827241 0.06264957
0.74820832 0.06266891
0.74814422 0.06268824
0.74808013 0.06270758
0.74801603 0.06272691
0.74795192 0.06274625
0.74788781 0.06276558
0.74782370 0.06278492
0.74775959 0.06280426
0.74769548 0.06282360
0.74763136 0.06284294
0.74756724 0.06286228
0.74750311 0.06288162
0.74743899 0.06290096
0.74737486 0.06292030
0.74731073 0.06293964
0.74724659 0.06295899
0.74718245 0.06297833
0.74711831 0.06299767
0.74705417 0.06301702
0.74699002 0.06303636
0.74692587 0.06305571
0.74686172 0.06307505
0.74679757 0.06309440
0.74673341 0.06311375
0.74666925 0.06313310
0.74660508 0.06315244
0.74654092 0.06317179
0.74647675 0.06319114
0.74641258 0.06321049
0.74634840 0.06322984
0.74628423 0.06324919
0.74622005 0.06326854
0.74615586 0.06328789
0.74609168 0.06330725
0.74602749 0.06332660
0.74596330 0.06334595
0.74589910 0.06336531
0.74583491 0.06338466
0.74577071 0.06340402
0.74570650 0.06342337
0.74564230 0.06344273
0.74557809 0.06346208
0.74551388 0.06348144
0.74544967 0.06350080
0.74538545 0.06352016
0.74532123 0.06353951
0.74525701 0.06355887
0.74519278 0.06357823
0.74512856 0.06359759
0.74506433 0.06361695
0.74500009 0.06363631
0.74493586 0.06365567
0.74487162 0.06367504
0.74480738 0.06369440
0.74474313 0.06371376
0.74467888 0.06373312
0.74461463 0.06375249
0.74455038 0.06377185
0.74448613 0.06379122
0.74442187 0.06381058
0.74435761 0.06382995
0.74429334 0.06384931
0.74422908 0.06386868
0.74416481 0.06388805
0.74410054 0.06390741
0.74403626 0.06392678
0.74397198 0.06394615
0.74390770 0.06396552
0.74384342 0.06398489
0.74377913 0.06400426
0.74371484 0.06402363
0.74365055 0.06404300
0.74358626 0.06406237
0.74352196 0.06408174
0.74345766 0.06410111
0.74339336 0.06412048
0.74332905 0.06413985
0.74326475 0.06415923
0.74320043 0.06417860
0.74313612 0.06419797
0.74307180 0.06421735
0.74300749 0.06423672
0.74294316 0.06425610
0.74287884 0.06427547
0.74281451 0.06429485
0.74275018 0.06431422
0.74268585 0.06433360
0.74262151 0.06435298
0.74255717 0.06437236
0.74249283 0.06439173
0.74242849 0.06441111
0.74236414 0.06443049
0.74229979 0.06444987
0.74223544 0.06446925
0.74217109 0.06448863
0.74210673 0.06450801
0.74204237 0.06452739
0.74197800 0.06454677
0.74191364 0.06456615
0.74184927 0.06458553
0.74178490 0.06460491
0.74172052 0.06462430
0.74165615 0.06464368
0.74159177 0.06466306
0.74152739 0.06468245
0.74146300 0.06470183
0.74139861 0.06472121
0.74133422 0.06474060
0.74126983 0.06475998
0.74120543 0.06477937
0.74114103 0.06479875
0.74107663 0.06481814
0.74101223 0.06483753
0.74094782 0.06485691
0.74088341 0.06487630
0.74081900 0.06489569
0.74075459 0.06491508
0.74069017 0.06493446
0.74062575 0.06495385
0.74056132 0.06497324
0.74049690 0.06499263
0.74043247 0.06501202
0.74036804 0.06503141
0.74030360 0.06505080
0.74023917 0.06507019
0.74017473 0.06508958
0.74011029 0.06510897
0.74004584 0.06512836
0.73998139 0.06514775
0.73991694 0.06516714
0.73985249 0.06518654
0.73978803 0.06520593
0.73972358 0.06522532
0.73965911 0.06524472
0.73959465 0.06526411
0.73953018 0.06528350
0.73946571 0.06530290
0.73940124 0.06532229
0.73933677 0.06534169
0.73927229 0.06536108
0.73920781 0.06538048
0.73914333 0.06539987
0.73907884 0.06541927
0.73901435 0.06543866
0.73894986 0.06545806
0.73888537 0.06547746
0.73882087 0.06549685
0.73875637 0.06551625
0.73869187 0.06553565
0.73862737 0.06555504
0.73856286 0.06557444
0.73849835 0.06559384
0.73843384 0.06561324
0.73836932 0.06563264
0.73830481 0.06565204
0.73824029 0.06567144
0.73817576 0.06569084
0.73811124 0.06571023
0.73804671 0.06572963
0.73798218 0.06574904
0.73791764 0.06576844
0.73785311 0.06578784
0.73778857 0.06580724
0.73772403 0.06582664
0.73765948 0.06584604
0.73759493 0.06586544
0.73753038 0.06588484
0.73746583 0.06590425
0.73740128 0.06592365
0.73733672 0.06594305
0.73727216 0.06596245
0.73720759 0.06598186
0.73714303 0.06600126
0.73707846 0.06602066
0.73701389 0.06604007
0.73694931 0.06605947
0.73688474 0.06607887
0.73682016 0.06609828
0.73675558 0.06611768
0.73669099 0.06613709
0.73662641 0.06615649
0.73656182 0.06617590
0.73649722 0.06619530
0.73643263 0.06621471
0.73636803 0.06623411
0.73630343 0.06625352
0.73623883 0.06627293
0.73617422 0.06629233
0.73610961 0.06631174
0.73604500 0.06633115
0.73598039 0.06635055
0.73591577 0.06636996
0.73585115 0.06638937
0.73578653 0.06640877
0.73572191 0.06642818
0.73565728 0.06644759
0.73559265 0.06646700
0.73552802 0.06648640
0.73546338 0.06650581
0.73539874 0.06652522
0.73533410 0.06654463
0.73526946 0.06656404
0.73520482 0.06658345
0.73514017 0.06660286
0.73507552 0.06662226
0.73501086 0.06664167
0.73494621 0.06666108
0.73488155 0.06668049
0.73481689 0.06669990
0.73475222 0.06671931
0.73468756 0.06673872
0.73462289 0.06675813
0.73455822 0.06677754
0.73449354 0.06679695
0.73442886 0.06681636
0.73436418 0.06683577
0.73429950 0.06685518
0.73423482 0.06687460
0.73417013 0.06689401
0.73410544 0.06691342
0.73404075 0.06693283
0.73397605 0.06695224
0.73391135 0.06697165
0.73384665 0.06699106
0.73378195 0.06701047
0.73371724 0.06702989
0.73365254 0.06704930
0.73358782 0.06706871
0.73352311 0.06708812
0.73345839 0.06710753
0.73339368 0.06712695
0.73332895 0.06714636
0.73326423 0.06716577
0.73319950 0.06718518
0.73313477 0.06720460
0.73307004 0.06722401
0.73300531 0.06724342
0.73294057 0.06726283
0.73287583 0.06728225
0.73281109 0.06730166
0.73274634 0.06732107
0.73268159 0.06734049
0.73261684 0.06735990
0.73255209 0.06737931
0.73248734 0.06739873
0.73242258 0.06741814
0.73235782 0.06743755
0.73229305 0.06745697
0.73222829 0.06747638
0.73216352 0.06749579
0.73209875 0.06751521
0.73203398 0.06753462
0.73196920 0.06755403
0.73190442 0.06757345
0.73183964 0.06759286
0.73177486 0.06761228
0.73171007 0.06763169
0.73164528 0.06765110
0.73158049 0.06767052
0.73151570 0.06768993
0.73145090 0.06770935
0.73138610 0.06772876
0.73132130 0.06774817
0.73125649 0.06776759
0.73119169 0.06778700
0.73112688 0.06780642
0.73106206 0.06782583
0.73099725 0.06784524
0.73093243 0.06786466
0.73086761 0.06788407
0.73080279 0.06790349
0.73073796 0.06792290
0.73067314 0.06794232
0.73060831 0.06796173
0.73054347 0.06798114
0.73047864 0.06800056
0.73041380 0.06801997
0.73034896 0.06803939
0.73028412 0.06805880
0.73021927 0.06807822
0.73015442 0.06809763
0.73008957 0.06811704
0.73002472 0.06813646
0.72995986 0.06815587
0.72989500 0.06817529
0.72983014 0.06819470
0.72976528 0.06821411
0.72970041 0.06823353
0.72963554 0.06825294
0.72957067 0.06827236
0.72950580 0.06829177
0.72944092 0.06831118
0.72937604 0.06833060
0.72931116 0.06835001
0.72924628 0.06836943
0.72918139 0.06838884
0.72911650 0.06840825
0.72905161 0.06842767
0.72898672 0.06844708
0.72892182 0.06846649
0.72885692 0.06848591
0.72879202 0.06850532
0.72872712 0.06852473
0.72866221 0.06854415
0.72859730 0.06856356
0.72853239 0.06858297
0.72846747 0.06860239
0.72840256 0.06862180
0.72833764 0.06864121
0.72827272 0.06866063
0.72820779 0.06868004
0.72814286 0.06869945
0.72807793 0.06871886
0.72801300 0.06873828
0.72794807 0.06875769
0.72788313 0.06877710
0.72781819 0.06879651
0.72775325 0.06881592
0.72768830 0.06883534
0.72762336 0.06885475
0.72755841 0.06887416
0.72749345 0.06889357
0.72742850 0.06891298
0.72736354 0.06893240
0.72729858 0.06895181
0.72723362 0.06897122
0.72716866 0.06899063
0.72710369 0.06901004
0.72703872 0.06902945
0.72697375 0.06904886
0.72690877 0.06906827
0.72684379 0.06908768
0.72677881 0.06910709
0.72671383 0.06912651
0.72664885 0.06914592
0.72658386 0.06916533
0.72651887 0.06918474
0.72645388 0.06920415
0.72638888 0.06922356
0.72632388 0.06924296
0.72625888 0.06926237
0.72619388 0.06928178
0.72612888 0.06930119
0.72606387 0.06932060
0.72599886 0.06934001
0.72593385 0.06935942
0.72586883 0.06937883
0.72580381 0.06939824
0.72573879 0.06941764
0.72567377 0.06943705
0.72560875 0.06945646
0.72554372 0.06947587
0.72547869 0.06949528
0.72541366 0.06951468
0.72534862 0.06953409
0.72528358 0.06955350
0.72521854 0.06957290
0.72515350 0.06959231
0.72508846 0.06961172
0.72502341 0.06963112
0.72495836 0.06965053
0.72489331 0.06966994
0.72482825 0.06968934
0.72476319 0.06970875
0.72469814 0.06972815
0.72463307 0.06974756
0.72456801 0.06976696
0.72450294 0.06978637
0.72443787 0.06980577
0.72437280 0.06982518
0.72430772 0.06984458
0.72424265 0.06986398
0.72417757 0.06988339
0.72411249 0.06990279
0.72404740 0.06992220
0.72398231 0.06994160
0.72391723 0.06996100
0.72385213 0.06998040
0.72378704 0.06999981
0.72372194 0.07001921
0.72365684 0.07003861
0.72359174 0.07005801
0.72352664 0.07007741
0.72346153 0.07009682
0.72339642 0.07011622
0.72333131 0.07013562
0.72326620 0.07015502
0.72320108 0.07017442
0.72313596 0.07019382
0.72307084 0.07021322
0.72300572 0.07023262
0.72294059 0.07025202
0.72287546 0.07027142
0.72281033 0.07029081
0.72274520 0.07031021
0.72268006 0.07032961
0.72261492 0.07034901
0.72254978 0.07036841
0.72248464 0.07038780
0.72241949 0.07040720
0.72235434 0.07042660
0.72228919 0.07044600
0.72222404 0.07046539
0.72215888 0.07048479
0.72209372 0.07050418
0.72202856 0.07052358
0.72196340 0.07054298
0.72189824 0.07056237
0.72183307 0.07058176
0.72176790 0.07060116
0.72170273 0.07062055
0.72163755 0.07063995
0.72157237 0.07065934
0.72150719 0.07067873
0.72144201 0.07069813
0.72137683 0.07071752
0.72131164 0.07073691
0.72124645 0.07075630
0.72118126 0.07077570
0.72111606 0.07079509
0.72105087 0.07081448
0.72098567 0.07083387
0.72092046 0.07085326
0.72085526 0.07087265
0.72079005 0.07089204
0.72072484 0.07091143
0.72065963 0.07093082
0.72059442 0.07095021
0.72052920 0.07096960
0.72046398 0.07098898
0.72039876 0.07100837
0.72033354 0.07102776
0.72026831 0.07104715
0.72020309 0.07106653
0.72013785 0.07108592
0.72007262 0.07110531
0.72000739 0.07112469
0.71994215 0.07114408
0.71987691 0.07116346
0.71981166 0.07118285
0.71974642 0.07120223
0.71968117 0.07122162
0.71961592 0.07124100
0.71955067 0.07126038
0.71948542 0.07127977
0.71942016 0.07129915
0.71935490 0.07131853
0.71928964 0.07133791
0.71922437 0.07135729
0.71915911 0.07137667
0.71909384 0.07139605
0.71902856 0.07141544
0.71896329 0.07143481
0.71889801 0.07145419
0.71883274 0.07147357
0.71876745 0.07149295
0.71870217 0.07151233
0.71863689 0.07153171
0.71857160 0.07155109
0.71850631 0.07157046
0.71844101 0.07158984
0.71837572 0.07160922
0.71831042 0.07162859
0.71824512 0.07164797
0.71817982 0.07166734
0.71811451 0.07168672
0.71804921 0.07170609
0.71798390 0.07172547
0.71791858 0.07174484
0.71785327 0.07176421
0.71778795 0.07178359
0.71772263 0.07180296
0.71765731 0.07182233
0.71759199 0.07184170
0.71752666 0.07186107
0.71746133 0.07188044
0.71739600 0.07189981
0.71733067 0.07191918
0.71726533 0.07193855
0.71719999 0.07195792
0.71713465 0.07197729
0.71706931 0.07199666
0.71700397 0.07201602
0.71693862 0.07203539
0.71687327 0.07205476
0.71680792 0.07207412
0.71674256 0.07209349
0.71667721 0.07211285
0.71661185 0.07213222
0.71654648 0.07215158
0.71648112 0.07217095
0.71641575 0.07219031
0.71635039 0.07220967
0.71628501 0.07222904
0.71621964 0.07224840
0.71615426 0.07226776
0.71608889 0.07228712
0.71602351 0.07230648
0.71595812 0.07232584
0.71589274 0.07234520
0.71582735 0.07236456
0.71576196 0.07238392
0.71569657 0.07240328
0.71563117 0.07242263
0.71556578 0.07244199
0.71550038 0.07246135
0.71543498 0.07248070
0.71536957 0.07250006
0.71530417 0.07251941
0.71523876 0.07253877
0.71517335 0.07255812
0.71510793 0.07257748
0.71504252 0.07259683
0.71497710 0.07261618
0.71491168 0.07263553
0.71484626 0.07265489
0.71478083 0.07267424
0.71471541 0.07269359
0.71464998 0.07271294
0.71458454 0.07273229
0.71451911 0.07275163
0.71445367 0.07277098
0.71438823 0.07279033
0.71432279 0.07280968
0.71425735 0.07282903
0.71419190 0.07284837
0.71412646 0.07286772
0.71406101 0.07288706
0.71399555 0.07290641
0.71393010 0.07292575
0.71386464 0.07294509
0.71379918 0.07296444
0.71373372 0.07298378
0.71366825 0.07300312
0.71360279 0.07302246
0.71353732 0.07304180
0.71347185 0.07306114
0.71340637 0.07308048
0.71334090 0.07309982
0.71327542 0.07311916
0.71320994 0.07313850
0.71314446 0.07315784
0.71307897 0.07317717
0.71301348 0.07319651
0.71294799 0.07321584
0.71288250 0.07323518
0.71281701 0.07325451
0.71275151 0.07327385
0.71268601 0.07329318
0.71262051 0.07331251
0.71255501 0.07333185
0.71248950 0.07335118
0.71242400 0.07337051
0.71235848 0.07338984
0.71229297 0.07340917
0.71222746 0.07342850
0.71216194 0.07344782
0.71209642 0.07346715
0.71203090 0.07348648
0.71196537 0.07350581
0.71189985 0.07352513
0.71183432 0.07354446
0.71176879 0.07356378
0.71170326 0.07358311
0.71163772 0.07360243
0.71157218 0.07362175
0.71150664 0.07364108
0.71144110 0.07366040
0.71137556 0.07367972
0.71131001 0.07369904
0.71124446 0.07371836
0.71117891 0.07373768
0.71111336 0.07375700
0.71104780 0.07377631
0.71098224 0.07379563
0.71091668 0.07381495
0.71085112 0.07383426
0.71078555 0.07385358
0.71071999 0.07387289
0.71065442 0.07389221
0.71058884 0.07391152
0.71052327 0.07393083
0.71045769 0.07395015
0.71039212 0.07396946
0.71032653 0.07398877
0.71026095 0.07400808
0.71019537 0.07402739
0.71012978 0.07404670
0.71006419 0.07406600
0.70999860 0.07408531
0.70993300 0.07410462
0.70986741 0.07412392
0.70980181 0.07414323
0.70973621 0.07416253
0.70967060 0.07418184
0.70960500 0.07420114
0.70953939 0.07422044
0.70947378 0.07423974
0.70940817 0.07425905
0.70934255 0.07427835
0.70927693 0.07429765
0.70921132 0.07431694
0.70914569 0.07433624
0.70908007 0.07435554
0.70901444 0.07437484
0.70894882 0.07439413
0.70888319 0.07441343
0.70881755 0.07443272
0.70875192 0.07445202
0.70868628 0.07447131
0.70862064 0.07449060
0.70855500 0.07450990
0.70848936 0.07452919
0.70842371 0.07454848
0.70835806 0.07456777
0.70829241 0.07458706
0.70822676 0.07460634
0.70816111 0.07462563
0.70809545 0.07464492
0.70802979 0.07466420
0.70796413 0.07468349
0.70789846 0.07470277
0.70783280 0.07472206
0.70776713 0.07474134
0.70770146 0.07476062
0.70763579 0.07477991
0.70757011 0.07479919
0.70750443 0.07481847
0.70743875 0.07483775
0.70737307 0.07485702
0.70730739 0.07487630
0.70724170 0.07489558
0.70717602 0.07491486
0.70711033 0.07493413
0.70704463 0.07495341
0.70697894 0.07497268
0.70691324 0.07499195
0.70684754 0.07501122
0.70678184 0.07503050
0.70671614 0.07504977
0.70665043 0.07506904
0.70658472 0.07508831
0.70651901 0.07510758
0.70645330 0.07512684
0.70638759 0.07514611
0.70632187 0.07516538
0.70625615 0.07518464
0.70619043 0.07520391
0.70612470 0.07522317
0.70605898 0.07524243
0.70599325 0.07526169
0.70592752 0.07528096
0.70586179 0.07530022
0.70579605 0.07531948
0.70573032 0.07533873
0.70566458 0.07535799
0.70559884 0.07537725
0.70553309 0.07539651
0.70546735 0.07541576
0.70540160 0.07543502
0.70533585 0.07545427
0.70527010 0.07547352
0.70520435 0.07549278
0.70513859 0.07551203
0.70507283 0.07553128
0.70500707 0.07555053
0.70494131 0.07556978
0.70487554 0.07558902
0.70480978 0.07560827
0.70474401 0.07562752
0.70467823 0.07564676
0.70461246 0.07566601
0.70454668 0.07568525
0.70448091 0.07570450
0.70441513 0.07572374
0.70434934 0.07574298
0.70428356 0.07576222
0.70421777 0.07578146
0.70415198 0.07580070
0.70408619 0.07581994
0.70402040 0.07583917
0.70395460 0.07585841
0.70388881 0.07587764
0.70382301 0.07589688
0.70375721 0.07591611
0.70369140 0.07593534
0.70362559 0.07595458
0.70355979 0.07597381
0.70349398 0.07599304
0.70342816 0.07601227
0.70336235 0.07603149
0.70329653 0.07605072
0.70323071 0.07606995
0.70316489 0.07608917
0.70309907 0.07610840
0.70303324 0.07612762
0.70296741 0.07614684
0.70290158 0.07616607
0.70283575 0.07618529
0.70276992 0.07620451
0.70270408 0.07622373
0.70263824 0.07624294
0.70257240 0.07626216
0.70250656 0.07628138
0.70244071 0.07630059
0.70237487 0.07631981
0.70230902 0.07633902
0.70224317 0.07635823
0.70217731 0.07637745
0.70211146 0.07639666
0.70204560 0.07641587
0.70197974 0.07643508
0.70191388 0.07645428
0.70184801 0.07647349
0.70178215 0.07649270
0.70171628 0.07651190
0.70165041 0.07653111
0.70158454 0.07655031
0.70151866 0.07656951
0.70145278 0.07658871
0.70138691 0.07660792
0.70132102 0.07662711
0.70125514 0.07664631
0.70118926 0.07666551
0.70112337 0.07668471
0.70105748 0.07670390
0.70099159 0.07672310
0.70092569 0.07674229
0.70085980 0.07676148
0.70079390 0.07678068
0.70072800 0.07679987
0.70066210 0.07681906
0.70059619 0.07683825
0.70053028 0.07685743
0.70046438 0.07687662
0.70039846 0.07689581
0.70033255 0.07691499
0.70026664 0.07693418
0.70020072 0.07695336
0.70013480 0.07697254
0.70006888 0.07699172
0.70000296 0.07701090
0.69993703 0.07703008
0.69987110 0.07704926
0.69980517 0.07706844
0.69973924 0.07708761
0.69967331 0.07710679
0.69960737 0.07712596
0.69954143 0.07714513
0.69947549 0.07716431
0.69940955 0.07718348
0.69934361 0.07720265
0.69927766 0.07722182
0.69921171 0.07724098
0.69914576 0.07726015
0.69907981 0.07727932
0.69901385 0.07729848
0.69894789 0.07731765
0.69888194 0.07733681
0.69881597 0.07735597
0.69875001 0.07737513
0.69868405 0.07739429
0.69861808 0.07741345
0.69855211 0.07743261
0.69848614 0.07745176
0.69842016 0.07747092
0.69835419 0.07749007
0.69828821 0.07750923
0.69822223 0.07752838
0.69815625 0.07754753
0.69809026 0.07756668
0.69802428 0.07758583
0.69795829 0.07760498
0.69789230 0.07762412
0.69782631 0.07764327
0.69776031 0.07766242
0.69769431 0.07768156
0.69762832 0.07770070
0.69756232 0.07771984
0.69749631 0.07773898
0.69743031 0.07775812
0.69736430 0.07777726
0.69729829 0.07779640
0.69723228 0.07781554
0.69716627 0.07783467
0.69710025 0.07785380
0.69703424 0.07787294
0.69696822 0.07789207
0.69690220 0.07791120
0.69683617 0.07793033
0.69677015 0.07794946
0.69670412 0.07796859
0.69663809 0.07798771
0.69657206 0.07800684
0.69650602 0.07802596
0.69643999 0.07804509
0.69637395 0.07806421
0.69630791 0.07808333
0.69624187 0.07810245
0.69617582 0.07812157
0.69610978 0.07814068
0.69604373 0.07815980
0.69597768 0.07817892
0.69591163 0.07819803
0.69584557 0.07821714
0.69577952 0.07823625
0.69571346 0.07825537
0.69564740 0.07827448
0.69558134 0.07829358
0.69551527 0.07831269
0.69544921 0.07833180
0.69538314 0.07835090
0.69531707 0.07837001
0.69525100 0.07838911
0.69518492 0.07840821
0.69511884 0.07842731
0.69505277 0.07844641
0.69498669 0.07846551
0.69492060 0.07848461
0.69485452 0.07850370
0.69478843 0.07852280
0.69472234 0.07854189
0.69465625 0.07856098
0.69459016 0.07858007
0.69452406 0.07859916
0.69445797 0.07861825
0.69439187 0.07863734
0.69432577 0.07865643
0.69425966 0.07867551
0.69419356 0.07869460
0.69412745 0.07871368
0.69406134 0.07873276
0.69399523 0.07875184
0.69392912 0.07877092
0.69386301 0.07879000
0.69379689 0.07880907
0.69373077 0.07882815
0.69366465 0.07884723
0.69359853 0.07886630
0.69353240 0.07888537
0.69346627 0.07890444
0.69340014 0.07892351
0.69333401 0.07894258
0.69326788 0.07896165
0.69320174 0.07898071
0.69313561 0.07899978
0.69306947 0.07901884
0.69300333 0.07903790
0.69293718 0.07905697
0.69287104 0.07907603
0.69280489 0.07909509
0.69273874 0.07911414
0.69267259 0.07913320
0.69260644 0.07915225
0.69254028 0.07917131
0.69247413 0.07919036
0.69240797 0.07920941
0.69234181 0.07922846
0.69227564 0.07924751
0.69220948 0.07926656
0.69214331 0.07928561
0.69207714 0.07930465
0.69201097 0.07932369
0.69194480 0.07934274
0.69187862 0.07936178
0.69181245 0.07938082
0.69174627 0.07939986
0.69168009 0.07941890
0.69161390 0.07943793
0.69154772 0.07945697
0.69148153 0.07947600
0.69141534 0.07949503
0.69134915 0.07951407
0.69128296 0.07953310
0.69121677 0.07955212
0.69115057 0.07957115
0.69108437 0.07959018
0.69101817 0.07960920
0.69095197 0.07962823
0.69088576 0.07964725
0.69081956 0.07966627
0.69075335 0.07968529
0.69068714 0.07970431
0.69062092 0.07972333
0.69055471 0.07974234
0.69048849 0.07976136
0.69042228 0.07978037
0.69035606 0.07979938
0.69028983 0.07981839
0.69022361 0.07983740
0.69015738 0.07985641
0.69009115 0.07987542
0.69002492 0.07989442
0.68995869 0.07991343
0.68989246 0.07993243
0.68982622 0.07995143
0.68975998 0.07997043
0.68969374 0.07998943
0.68962750 0.08000843
0.68956126 0.08002742
0.68949501 0.08004642
0.68942877 0.08006541
0.68936252 0.08008441
0.68929626 0.08010340
0.68923001 0.08012239
0.68916376 0.08014137
0.68909750 0.08016036
0.68903124 0.08017935
0.68896498 0.08019833
0.68889871 0.08021731
0.68883245 0.08023630
0.68876618 0.08025528
0.68869991 0.08027426
0.68863364 0.08029323
0.68856737 0.08031221
0.68850110 0.08033118
0.68843482 0.08035016
0.68836854 0.08036913
0.68830226 0.08038810
0.68823598 0.08040707
0.68816969 0.08042604
0.68810341 0.08044500
0.68803712 0.08046397
0.68797083 0.08048293
0.68790453 0.08050190
0.68783824 0.08052086
0.68777194 0.08053982
0.68770565 0.08055877
0.68763935 0.08057773
0.68757305 0.08059669
0.68750674 0.08061564
0.68744044 0.08063459
0.68737413 0.08065355
0.68730782 0.08067250
0.68724151 0.08069144
0.68717519 0.08071039
0.68710888 0.08072934
0.68704256 0.08074828
0.68697624 0.08076722
0.68690992 0.08078617
0.68684360 0.08080511
0.68677727 0.08082404
0.68671095 0.08084298
0.68664462 0.08086192
0.68657829 0.08088085
0.68651196 0.08089979
0.68644562 0.08091872
0.68637929 0.08093765
0.68631295 0.08095658
0.68624661 0.08097550
0.68618027 0.08099443
0.68611392 0.08101335
0.68604758 0.08103228
0.68598123 0.08105120
0.68591488 0.08107012
0.68584853 0.08108904
0.68578218 0.08110796
0.68571582 0.08112687
0.68564946 0.08114579
0.68558310 0.08116470
0.68551674 0.08118361
0.68545038 0.08120252
0.68538402 0.08122143
0.68531765 0.08124034
0.68525128 0.08125924
0.68518491 0.08127815
0.68511854 0.08129705
0.68505216 0.08131595
0.68498579 0.08133485
0.68491941 0.08135375
0.68485303 0.08137265
0.68478665 0.08139154
0.68472027 0.08141043
0.68465388 0.08142933
0.68458749 0.08144822
0.68452111 0.08146711
0.68445471 0.08148600
0.68438832 0.08150488
0.68432193 0.08152377
0.68425553 0.08154265
0.68418913 0.08156153
0.68412273 0.08158041
0.68405633 0.08159929
0.68398993 0.08161817
0.68392352 0.08163705
0.68385711 0.08165592
0.68379070 0.08167479
0.68372429 0.08169367
0.68365788 0.08171254
0.68359146 0.08173140
0.68352505 0.08175027
0.68345863 0.08176914
0.68339221 0.08178800
0.68332578 0.08180686
0.68325936 0.08182572
0.68319293 0.08184458
0.68312650 0.08186344
0.68306007 0.08188230
0.68299364 0.08190115
0.68292721 0.08192001
0.68286077 0.08193886
0.68279434 0.08195771
0.68272790 0.08197656
0.68266146 0.08199540
0.68259501 0.08201425
0.68252857 0.08203309
0.68246212 0.08205194
0.68239567 0.08207078
0.68232922 0.08208962
0.68226277 0.08210845
0.68219632 0.08212729
0.68212986 0.08214613
0.68206340 0.08216496
0.68199694 0.08218379
0.68193048 0.08220262
0.68186402 0.08222145
0.68179755 0.08224028
0.68173109 0.08225910
0.68166462 0.08227793
0.68159815 0.08229675
0.68153167 0.08231557
0.68146520 0.08233439
0.68139872 0.08235321
0.68133225 0.08237202
0.68126577 0.08239084
0.68119929 0.08240965
0.68113280 0.08242846
0.68106632 0.08244727
0.68099983 0.08246608
0.68093334 0.08248488
0.68086685 0.08250369
0.68080036 0.08252249
0.68073386 0.08254129
0.68066737 0.08256009
0.68060087 0.08257889
0.68053437 0.08259769
0.68046787 0.08261648
0.68040137 0.08263528
0.68033486 0.08265407
0.68026835 0.08267286
0.68020184 0.08269165
0.68013533 0.08271044
0.68006882 0.08272922
0.68000231 0.08274801
0.67993579 0.08276679
0.67986927 0.08278557
0.67980275 0.08280435
0.67973623 0.08282313
0.67966971 0.08284190
0.67960318 0.08286068
0.67953666 0.08287945
0.67947013 0.08289822
0.67940360 0.08291699
0.67933707 0.08293576
0.67927053 0.08295452
0.67920400 0.08297329
0.67913746 0.08299205
0.67907092 0.08301081
0.67900438 0.08302957
0.67893784 0.08304833
0.67887129 0.08306708
0.67880474 0.08308584
0.67873820 0.08310459
0.67867165 0.08312334
0.67860509 0.08314209
0.67853854 0.08316084
0.67847198 0.08317958
0.67840543 0.08319833
0.67833887 0.08321707
0.67827231 0.08323581
0.67820575 0.08325455
0.67813918 0.08327329
0.67807261 0.08329203
0.67800605 0.08331076
0.67793948 0.08332949
0.67787291 0.08334822
0.67780633 0.08336695
0.67773976 0.08338568
0.67767318 0.08340441
0.67760660 0.08342313
0.67754002 0.08344185
0.67747344 0.08346058
0.67740686 0.08347929
0.67734027 0.08349801
0.67727368 0.08351673
0.67720709 0.08353544
0.67714050 0.08355415
0.67707391 0.08357286
0.67700731 0.08359157
0.67694072 0.08361028
0.67687412 0.08362899
0.67680752 0.08364769
0.67674092 0.08366639
0.67667432 0.08368509
0.67660771 0.08370379
0.67654110 0.08372249
0.67647450 0.08374118
0.67640789 0.08375988
0.67634127 0.08377857
0.67627466 0.08379726
0.67620804 0.08381595
0.67614143 0.08383463
0.67607481 0.08385332
0.67600819 0.08387200
0.67594156 0.08389068
0.67587494 0.08390936
0.67580831 0.08392804
0.67574169 0.08394672
0.67567506 0.08396539
0.67560843 0.08398406
0.67554179 0.08400273
0.67547516 0.08402140
0.67540852 0.08404007
0.67534188 0.08405874
0.67527524 0.08407740
0.67520860 0.08409606
0.67514196 0.08411472
0.67507531 0.08413338
0.67500867 0.08415204
0.67494202 0.08417069
0.67487537 0.08418934
0.67480871 0.08420800
0.67474206 0.08422665
0.67467540 0.08424529
0.67460875 0.08426394
0.67454209 0.08428258
0.67447543 0.08430123
0.67440877 0.08431987
0.67434210 0.08433851
0.67427543 0.08435714
0.67420877 0.08437578
0.67414210 0.08439441
0.67407543 0.08441304
0.67400875 0.08443167
0.67394208 0.08445030
0.67387540 0.08446893
0.67380873 0.08448755
0.67374205 0.08450617
0.67367536 0.08452480
0.67360868 0.08454341
0.67354200 0.08456203
0.67347531 0.08458065
0.67340862 0.08459926
0.67334193 0.08461787
0.67327524 0.08463648
0.67320855 0.08465509
0.67314185 0.08467370
0.67307515 0.08469230
0.67300846 0.08471090
0.67294176 0.08472950
0.67287505 0.08474810
0.67280835 0.08476670
0.67274165 0.08478530
0.67267494 0.08480389
0.67260823 0.08482248
0.67254152 0.08484107
0.67247481 0.08485966
0.67240809 0.08487824
0.67234138 0.08489683
0.67227466 0.08491541
0.67220794 0.08493399
0.67214122 0.08495257
0.67207450 0.08497115
0.67200778 0.08498972
0.67194105 0.08500830
0.67187432 0.08502687
0.67180759 0.08504544
0.67174086 0.08506400
0.67167413 0.08508257
0.67160740 0.08510113
0.67154066 0.08511969
0.67147392 0.08513825
0.67140718 0.08515681
0.67134044 0.08517537
0.67127370 0.08519392
0.67120696 0.08521248
0.67114021 0.08523103
0.67107346 0.08524957
0.67100671 0.08526812
0.67093996 0.08528667
0.67087321 0.08530521
0.67080646 0.08532375
0.67073970 0.08534229
0.67067294 0.08536083
0.67060618 0.08537936
0.67053942 0.08539790
0.67047266 0.08541643
0.67040590 0.08543496
0.67033913 0.08545349
0.67027236 0.08547201
0.67020560 0.08549053
0.67013882 0.08550906
0.67007205 0.08552758
0.67000528 0.08554610
0.66993850 0.08556461
0.66987172 0.08558313
0.66980495 0.08560164
0.66973816 0.08562015
0.66967138 0.08563866
0.66960460 0.08565716
0.66953781 0.08567567
0.66947103 0.08569417
0.66940424 0.08571267
0.66933745 0.08573117
0.66927065 0.08574967
0.66920386 0.08576816
0.66913706 0.08578666
0.66907027 0.08580515
0.66900347 0.08582364
0.66893667 0.08584212
0.66886986 0.08586061
0.66880306 0.08587909
0.66873626 0.08589757
0.66866945 0.08591605
0.66860264 0.08593453
0.66853583 0.08595301
0.66846902 0.08597148
0.66840220 0.08598995
0.66833539 0.08600842
0.66826857 0.08602689
0.66820175 0.08604535
0.66813493 0.08606382
0.66806811 0.08608228
0.66800129 0.08610074
0.66793446 0.08611920
0.66786764 0.08613765
0.66780081 0.08615611
0.66773398 0.08617456
0.66766715 0.08619301
0.66760031 0.08621145
0.66753348 0.08622990
0.66746664 0.08624834
0.66739980 0.08626679
0.66733296 0.08628523
0.66726612 0.08630366
0.66719928 0.08632210
0.66713243 0.08634053
0.66706559 0.08635896
0.66699874 0.08637739
0.66693189 0.08639582
0.66686504 0.08641425
0.66679819 0.08643267
0.66673133 0.08645109
0.66666448 0.08646951
0.66659762 0.08648793
0.66653076 0.08650635
0.66646390 0.08652476
0.66639704 0.08654317
0.66633017 0.08656158
0.66626331 0.08657999
0.66619644 0.08659839
0.66612957 0.08661680
0.66606270 0.08663520
0.66599583 0.08665360
0.66592896 0.08667200
0.66586208 0.08669039
0.66579521 0.08670878
0.66572833 0.08672718
0.66566145 0.08674556
0.66559457 0.08676395
0.66552768 0.08678234
0.66546080 0.08680072
0.66539391 0.08681910
0.66532702 0.08683748
0.66526013 0.08685586
0.66519324 0.08687423
0.66512635 0.08689260
0.66505946 0.08691098
0.66499256 0.08692934
0.66492566 0.08694771
0.66485876 0.08696607
0.66479186 0.08698444
0.66472496 0.08700280
0.66465806 0.08702116
0.66459115 0.08703951
0.66452425 0.08705787
0.66445734 0.08707622
0.66439043 0.08709457
0.66432352 0.08711292
0.66425660 0.08713126
0.66418969 0.08714961
0.66412277 0.08716795
0.66405585 0.08718629
0.66398893 0.08720462
0.66392201 0.08722296
0.66385509 0.08724129
0.66378817 0.08725962
0.66372124 0.08727795
0.66365431 0.08729628
0.66358739 0.08731460
0.66352045 0.08733293
0.66345352 0.08735125
0.66338659 0.08736957
0.66331965 0.08738788
0.66325272 0.08740620
0.66318578 0.08742451
0.66311884 0.08744282
0.66305190 0.08746113
0.66298496 0.08747943
0.66291801 0.08749773
0.66285107 0.08751604
0.66278412 0.08753434
0.66271717 0.08755263
0.66265022 0.08757093
0.66258327 0.08758922
0.66251631 0.08760751
0.66244936 0.08762580
0.66238240 0.08764409
0.66231544 0.08766237
0.66224848 0.08768065
0.66218152 0.08769893
0.66211456 0.08771721
0.66204759 0.08773549
0.66198063 0.08775376
0.66191366 0.08777203
0.66184669 0.08779030
0.66177972 0.08780857
0.66171275 0.08782683
0.66164577 0.08784510
0.66157880 0.08786336
0.66151182 0.08788162
0.66144484 0.08789987
0.66137786 0.08791813
0.66131088 0.08793638
0.66124390 0.08795463
0.66117691 0.08797287
0.66110993 0.08799112
0.66104294 0.08800936
0.66097595 0.08802760
0.66090896 0.08804584
0.66084197 0.08806408
0.66077497 0.08808231
0.66070798 0.08810055
0.66064098 0.08811878
0.66057398 0.08813700
0.66050698 0.08815523
0.66043998 0.08817345
0.66037298 0.08819168
0.66030598 0.08820989
0.66023897 0.08822811
0.66017196 0.08824633
0.66010495 0.08826454
0.66003794 0.08828275
0.65997093 0.08830096
0.65990392 0.08831916
0.65983690 0.08833737
0.65976989 0.08835557
0.65970287 0.08837377
0.65963585 0.08839196
0.65956883 0.08841016
0.65950181 0.08842835
0.65943478 0.08844654
0.65936776 0.08846473
0.65930073 0.08848292
0.65923370 0.08850110
0.65916667 0.08851928
0.65909964 0.08853746
0.65903261 0.08855564
0.65896557 0.08857381
0.65889854 0.08859198
0.65883150 0.08861015
0.65876446 0.08862832
0.65869742 0.08864649
0.65863038 0.08866465
0.65856333 0.08868281
0.65849629 0.08870097
0.65842924 0.08871913
0.65836220 0.08873728
0.65829515 0.08875544
0.65822810 0.08877358
0.65816104 0.08879173
0.65809399 0.08880988
0.65802693 0.08882802
0.65795988 0.08884616
0.65789282 0.08886430
0.65782576 0.08888244
0.65775870 0.08890057
0.65769164 0.08891870
0.65762457 0.08893683
0.65755751 0.08895496
0.65749044 0.08897308
0.65742337 0.08899121
0.65735630 0.08900933
0.65728923 0.08902745
0.65722216 0.08904556
0.65715508 0.08906367
0.65708800 0.08908179
0.65702093 0.08909989
0.65695385 0.08911800
0.65688677 0.08913611
0.65681969 0.08915421
0.65675260 0.08917231
0.65668552 0.08919040
0.65661843 0.08920850
0.65655134 0.08922659
0.65648426 0.08924468
0.65641716 0.08926277
0.65635007 0.08928086
0.65628298 0.08929894
0.65621588 0.08931702
0.65614879 0.08933510
0.65608169 0.08935318
0.65601459 0.08937125
0.65594749 0.08938932
0.65588039 0.08940739
0.65581328 0.08942546
0.65574618 0.08944353
0.65567907 0.08946159
0.65561196 0.08947965
0.65554485 0.08949771
0.65547774 0.08951576
0.65541063 0.08953382
0.65534352 0.08955187
0.65527640 0.08956991
0.65520929 0.08958796
0.65514217 0.08960600
0.65507505 0.08962405
0.65500793 0.08964209
0.65494080 0.08966012
0.65487368 0.08967816
0.65480656 0.08969619
0.65473943 0.08971422
0.65467230 0.08973225
0.65460517 0.08975027
0.65453804 0.08976829
0.65447091 0.08978631
0.65440377 0.08980433
0.65433664 0.08982235
0.65426950 0.08984036
0.65420236 0.08985837
0.65413522 0.08987638
0.65406808 0.08989439
0.65400094 0.08991239
0.65393380 0.08993039
0.65386665 0.08994839
0.65379950 0.08996639
0.65373236 0.08998438
0.65366521 0.09000237
0.65359806 0.09002036
0.65353090 0.09003835
0.65346375 0.09005633
0.65339659 0.09007432
0.65332944 0.09009230
0.65326228 0.09011027
0.65319512 0.09012825
0.65312796 0.09014622
0.65306080 0.09016419
0.65299363 0.09018216
0.65292647 0.09020012
0.65285930 0.09021809
0.65279213 0.09023605
0.65272496 0.09025400
0.65265779 0.09027196
0.65259062 0.09028991
0.65252345 0.09030786
0.65245627 0.09032581
0.65238910 0.09034376
0.65232192 0.09036170
0.65225474 0.09037964
0.65218756 0.09039758
0.65212038 0.09041552
0.65205319 0.09043345
0.65198601 0.09045138
0.65191882 0.09046931
0.65185164 0.09048724
0.65178445 0.09050516
0.65171726 0.09052309
0.65165006 0.09054100
0.65158287 0.09055892
0.65151568 0.09057684
0.65144848 0.09059475
0.65138128 0.09061266
0.65131409 0.09063056
0.65124689 0.09064847
0.65117968 0.09066637
0.65111248 0.09068427
0.65104528 0.09070217
0.65097807 0.09072006
0.65091086 0.09073795
0.65084366 0.09075584
0.65077645 0.09077373
0.65070924 0.09079162
0.65064202 0.09080950
0.65057481 0.09082738
0.65050759 0.09084525
0.65044038 0.09086313
0.65037316 0.09088100
0.65030594 0.09089887
0.65023872 0.09091674
0.65017150 0.09093460
0.65010427 0.09095247
0.65003705 0.09097033
0.64996982 0.09098818
0.64990260 0.09100604
0.64983537 0.09102389
0.64976814 0.09104174
0.64970091 0.09105959
0.64963367 0.09107743
0.64956644 0.09109528
0.64949920 0.09111312
0.64943197 0.09113095
0.64936473 0.09114879
0.64929749 0.09116662
0.64923025 0.09118445
0.64916300 0.09120228
0.64909576 0.09122010
0.64902852 0.09123793
0.64896127 0.09125575
0.64889402 0.09127356
0.64882677 0.09129138
0.64875952 0.09130919
0.64869227 0.09132700
0.64862502 0.09134481
0.64855776 0.09136261
0.64849051 0.09138041
0.64842325 0.09139821
0.64835599 0.09141601
0.64828873 0.09143381
0.64822147 0.09145160
0.64815421 0.09146939
0.64808694 0.09148717
0.64801968 0.09150496
0.64795241 0.09152274
0.64788514 0.09154052
0.64781787 0.09155830
0.64775060 0.09157607
0.64768333 0.09159384
0.64761606 0.09161161
0.64754878 0.09162938
0.64748151 0.09164714
0.64741423 0.09166490
0.64734695 0.09168266
0.64727967 0.09170042
0.64721239 0.09171817
0.64714511 0.09173592
0.64707782 0.09175367
0.64701054 0.09177142
0.64694325 0.09178916
0.64687597 0.09180690
0.64680868 0.09182464
0.64674139 0.09184238
0.64667409 0.09186011
0.64660680 0.09187784
0.64653951 0.09189557
0.64647221 0.09191329
0.64640491 0.09193102
0.64633762 0.09194874
0.64627032 0.09196645
0.64620302 0.09198417
0.64613571 0.09200188
0.64606841 0.09201959
0.64600110 0.09203730
0.64593380 0.09205500
0.64586649 0.09207271
0.64579918 0.09209041
0.64573187 0.09210810
0.64566456 0.09212580
0.64559725 0.09214349
0.64552993 0.09216118
0.64546262 0.09217886
0.64539530 0.09219655
0.64532798 0.09221423
0.64526066 0.09223191
0.64519334 0.09224958
0.64512602 0.09226726
0.64505870 0.09228493
0.64499138 0.09230259
0.64492405 0.09232026
0.64485672 0.09233792
0.64478939 0.09235558
0.64472206 0.09237324
0.64465473 0.09239090
0.64458740 0.09240855
0.64452007 0.09242620
0.64445273 0.09244384
0.64438540 0.09246149
0.64431806 0.09247913
0.64425072 0.09249677
0.64418338 0.09251441
0.64411604 0.09253204
0.64404870 0.09254967
0.64398136 0.09256730
0.64391401 0.09258492
0.64384666 0.09260255
0.64377932 0.09262017
0.64371197 0.09263779
0.64364462 0.09265540
0.64357727 0.09267301
0.64350991 0.09269062
0.64344256 0.09270823
0.64337521 0.09272583
0.64330785 0.09274344
0.64324049 0.09276104
0.64317313 0.09277863
0.64310577 0.09279623
0.64303841 0.09281382
0.64297105 0.09283140
0.64290368 0.09284899
0.64283632 0.09286657
0.64276895 0.09288415
0.64270159 0.09290173
0.64263422 0.09291931
0.64256685 0.09293688
0.64249947 0.09295445
0.64243210 0.09297201
0.64236473 0.09298958
0.64229735 0.09300714
0.64222998 0.09302470
0.64216260 0.09304226
0.64209522 0.09305981
0.64202784 0.09307736
0.64196046 0.09309491
0.64189308 0.09311245
0.64182569 0.09312999
0.64175831 0.09314753
0.64169092 0.09316507
0.64162353 0.09318261
0.64155614 0.09320014
0.64148875 0.09321767
0.64142136 0.09323519
0.64135397 0.09325272
0.64128657 0.09327024
0.64121918 0.09328776
0.64115178 0.09330527
0.64108439 0.09332278
0.64101699 0.09334029
0.64094959 0.09335780
0.64088219 0.09337530
0.64081478 0.09339281
0.64074738 0.09341031
0.64067997 0.09342780
0.64061257 0.09344529
0.64054516 0.09346279
0.64047775 0.09348027
0.64041034 0.09349776
0.64034293 0.09351524
0.64027552 0.09353272
0.64020811 0.09355020
0.64014069 0.09356767
0.64007327 0.09358514
0.64000586 0.09360261
0.63993844 0.09362008
0.63987102 0.09363754
0.63980360 0.09365500
0.63973618 0.09367246
0.63966875 0.09368991
0.63960133 0.09370737
0.63953390 0.09372481
0.63946648 0.09374226
0.63939905 0.09375970
0.63933162 0.09377715
0.63926419 0.09379458
0.63919676 0.09381202
0.63912932 0.09382945
0.63906189 0.09384688
0.63899445 0.09386431
0.63892702 0.09388173
0.63885958 0.09389915
0.63879214 0.09391657
0.63872470 0.09393399
0.63865726 0.09395140
0.63858982 0.09396881
0.63852237 0.09398622
0.63845493 0.09400362
0.63838748 0.09402103
0.63832003 0.09403843
0.63825258 0.09405582
0.63818513 0.09407322
0.63811768 0.09409061
0.63805023 0.09410799
0.63798278 0.09412538
0.63791532 0.09414276
0.63784787 0.09416014
0.63778041 0.09417752
0.63771295 0.09419489
0.63764549 0.09421226
0.63757803 0.09422963
0.63751057 0.09424700
0.63744311 0.09426436
0.63737565 0.09428172
0.63730818 0.09429907
0.63724071 0.09431643
0.63717325 0.09433378
0.63710578 0.09435113
0.63703831 0.09436847
0.63697084 0.09438582
0.63690336 0.09440316
0.63683589 0.09442049
0.63676842 0.09443783
0.63670094 0.09445516
0.63663346 0.09447249
0.63656599 0.09448981
0.63649851 0.09450713
0.63643103 0.09452445
0.63636354 0.09454177
0.63629606 0.09455909
0.63622858 0.09457640
0.63616109 0.09459370
0.63609361 0.09461101
0.63602612 0.09462831
0.63595863 0.09464561
0.63589114 0.09466291
0.63582365 0.09468020
0.63575616 0.09469750
0.63568866 0.09471478
0.63562117 0.09473207
0.63555367 0.09474935
0.63548618 0.09476663
0.63541868 0.09478391
0.63535118 0.09480118
0.63528368 0.09481845
0.63521618 0.09483572
0.63514868 0.09485299
0.63508117 0.09487025
0.63501367 0.09488751
0.63494616 0.09490477
0.63487866 0.09492202
0.63481115 0.09493927
0.63474364 0.09495652
0.63467613 0.09497376
0.63460862 0.09499101
0.63454110 0.09500824
0.63447359 0.09502548
0.63440608 0.09504271
0.63433856 0.09505995
0.63427104 0.09507717
0.63420352 0.09509440
0.63413600 0.09511162
0.63406848 0.09512884
0.63400096 0.09514605
0.63393344 0.09516327
0.63386591 0.09518048
0.63379839 0.09519768
0.63373086 0.09521489
0.63366334 0.09523209
0.63359581 0.09524929
0.63352828 0.09526648
0.63346075 0.09528368
0.63339321 0.09530087
0.63332568 0.09531805
0.63325815 0.09533524
0.63319061 0.09535242
0.63312308 0.09536960
0.63305554 0.09538677
0.63298800 0.09540394
0.63292046 0.09542111
0.63285292 0.09543828
0.63278538 0.09545544
0.63271783 0.09547260
0.63265029 0.09548976
0.63258274 0.09550691
0.63251520 0.09552406
0.63244765 0.09554121
0.63238010 0.09555836
0.63231255 0.09557550
0.63224500 0.09559264
0.63217745 0.09560978
0.63210990 0.09562691
0.63204234 0.09564404
0.63197479 0.09566117
0.63190723 0.09567829
0.63183967 0.09569542
0.63177211 0.09571253
0.63170455 0.09572965
0.63163699 0.09574676
0.63156943 0.09576387
0.63150187 0.09578098
0.63143431 0.09579808
0.63136674 0.09581519
0.63129917 0.09583228
0.63123161 0.09584938
0.63116404 0.09586647
0.63109647 0.09588356
0.63102890 0.09590065
0.63096133 0.09591773
0.63089375 0.09593481
0.63082618 0.09595189
0.63075860 0.09596896
0.63069103 0.09598603
0.63062345 0.09600310
0.63055587 0.09602016
0.63048829 0.09603723
0.63042071 0.09605428
0.63035313 0.09607134
0.63028555 0.09608839
0.63021797 0.09610544
0.63015038 0.09612249
0.63008280 0.09613953
0.63001521 0.09615658
0.62994762 0.09617361
0.62988003 0.09619065
0.62981244 0.09620768
0.62974485 0.09622471
0.62967726 0.09624173
0.62960967 0.09625876
0.62954207 0.09627578
0.62947448 0.09629279
0.62940688 0.09630981
0.62933928 0.09632682
0.62927168 0.09634383
0.62920408 0.09636083
0.62913648 0.09637783
0.62906888 0.09639483
0.62900128 0.09641183
0.62893368 0.09642882
0.62886607 0.09644581
0.62879846 0.09646279
0.62873086 0.09647978
0.62866325 0.09649676
0.62859564 0.09651373
0.62852803 0.09653071
0.62846042 0.09654768
0.62839281 0.09656465
0.62832519 0.09658161
0.62825758 0.09659857
0.62818996 0.09661553
0.62812235 0.09663249
0.62805473 0.09664944
0.62798711 0.09666639
0.62791949 0.09668334
0.62785187 0.09670028
0.62778425 0.09671722
0.62771663 0.09673416
0.62764900 0.09675109
0.62758138 0.09676803
0.62751375 0.09678495
0.62744613 0.09680188
0.62737850 0.09681880
0.62731087 0.09683572
0.62724324 0.09685264
0.62717561 0.09686955
0.62710798 0.09688646
0.62704034 0.09690336
0.62697271 0.09692027
0.62690507 0.09693717
0.62683744 0.09695406
0.62676980 0.09697096
0.62670216 0.09698785
0.62663452 0.09700474
0.62656688 0.09702162
0.62649924 0.09703850
0.62643160 0.09705538
0.62636396 0.09707226
0.62629631 0.09708913
0.62622867 0.09710600
0.62616102 0.09712287
0.62609337 0.09713973
0.62602572 0.09715659
0.62595807 0.09717345
0.62589042 0.09719030
0.62582277 0.09720715
0.62575512 0.09722400
0.62568747 0.09724084
0.62561981 0.09725768
0.62555216 0.09727452
0.62548450 0.09729136
0.62541684 0.09730819
0.62534918 0.09732502
0.62528153 0.09734184
0.62521386 0.09735867
0.62514620 0.09737548
0.62507854 0.09739230
0.62501088 0.09740911
0.62494321 0.09742592
0.62487555 0.09744273
0.62480788 0.09745953
0.62474021 0.09747633
0.62467254 0.09749313
0.62460488 0.09750993
0.62453720 0.09752672
0.62446953 0.09754350
0.62440186 0.09756029
0.62433419 0.09757707
0.62426651 0.09759385
0.62419884 0.09761062
0.62413116 0.09762740
0.62406348 0.09764417
0.62399581 0.09766093
0.62392813 0.09767769
0.62386045 0.09769445
0.62379276 0.09771121
0.62372508 0.09772796
0.62365740 0.09774471
0.62358971 0.09776146
0.62352203 0.09777820
0.62345434 0.09779494
0.62338666 0.09781168
0.62331897 0.09782841
0.62325128 0.09784514
0.62318359 0.09786187
0.62311590 0.09787860
0.62304820 0.09789532
0.62298051 0.09791204
0.62291282 0.09792875
0.62284512 0.09794546
0.62277743 0.09796217
0.62270973 0.09797888
0.62264203 0.09799558
0.62257433 0.09801228
0.62250663 0.09802897
0.62243893 0.09804567
0.62237123 0.09806235
0.62230353 0.09807904
0.62223582 0.09809572
0.62216812 0.09811240
0.62210041 0.09812908
0.62203271 0.09814575
0.62196500 0.09816242
0.62189729 0.09817909
0.62182958 0.09819575
0.62176187 0.09821241
0.62169416 0.09822907
0.62162645 0.09824572
0.62155873 0.09826237
0.62149102 0.09827902
0.62142331 0.09829567
0.62135559 0.09831231
0.62128787 0.09832895
0.62122015 0.09834558
0.62115244 0.09836221
0.62108472 0.09837884
0.62101699 0.09839546
0.62094927 0.09841209
0.62088155 0.09842870
0.62081383 0.09844532
0.62074610 0.09846193
0.62067838 0.09847854
0.62061065 0.09849514
0.62054292 0.09851175
0.62047519 0.09852835
0.62040747 0.09854494
0.62033974 0.09856153
0.62027200 0.09857812
0.62020427 0.09859471
0.62013654 0.09861129
0.62006881 0.09862787
0.62000107 0.09864445
0.61993333 0.09866102
0.61986560 0.09867759
0.61979786 0.09869415
0.61973012 0.09871072
0.61966238 0.09872728
0.61959464 0.09874383
0.61952690 0.09876039
0.61945916 0.09877694
0.61939142 0.09879348
0.61932367 0.09881003
0.61925593 0.09882657
0.61918818 0.09884310
0.61912043 0.09885964
0.61905269 0.09887617
0.61898494 0.09889269
0.61891719 0.09890922
0.61884944 0.09892574
0.61878169 0.09894226
0.61871393 0.09895877
0.61864618 0.09897528
0.61857843 0.09899179
0.61851067 0.09900829
0.61844292 0.09902479
0.61837516 0.09904129
0.61830740 0.09905778
0.61823964 0.09907427
0.61817188 0.09909076
0.61810412 0.09910724
0.61803636 0.09912373
0.61796860 0.09914020
0.61790084 0.09915668
0.61783307 0.09917315
0.61776531 0.09918961
0.61769754 0.09920608
0.61762977 0.09922254
0.61756201 0.09923900
0.61749424 0.09925545
0.61742647 0.09927190
0.61735870 0.09928835
0.61729093 0.09930479
0.61722316 0.09932124
0.61715538 0.09933767
0.61708761 0.09935411
0.61701983 0.09937054
0.61695206 0.09938697
0.61688428 0.09940339
0.61681651 0.09941981
0.61674873 0.09943623
0.61668095 0.09945264
0.61661317 0.09946905
0.61654539 0.09948546
0.61647761 0.09950187
0.61640982 0.09951827
0.61634204 0.09953466
0.61627425 0.09955106
0.61620647 0.09956745
0.61613868 0.09958384
0.61607090 0.09960022
0.61600311 0.09961660
0.61593532 0.09963298
0.61586753 0.09964935
0.61579974 0.09966572
0.61573195 0.09968209
0.61566416 0.09969845
0.61559636 0.09971481
0.61552857 0.09973117
0.61546077 0.09974753
0.61539298 0.09976388
0.61532518 0.09978022
0.61525739 0.09979657
0.61518959 0.09981291
0.61512179 0.09982924
0.61505399 0.09984558
0.61498619 0.09986191
0.61491839 0.09987824
0.61485058 0.09989456
0.61478278 0.09991088
0.61471498 0.09992720
0.61464717 0.09994351
0.61457936 0.09995982
0.61451156 0.09997612
0.61444375 0.09999243
0.61437594 0.10000873
0.61430813 0.10002502
0.61424032 0.10004132
0.61417251 0.10005761
0.61410470 0.10007389
0.61403689 0.10009018
0.61396907 0.10010645
0.61390126 0.10012273
0.61383344 0.10013900
0.61376563 0.10015527
0.61369781 0.10017154
0.61362999 0.10018780
0.61356218 0.10020406
0.61349436 0.10022031
0.61342654 0.10023657
0.61335872 0.10025282
0.61329089 0.10026906
0.61322307 0.10028530
0.61315525 0.10030154
0.61308742 0.10031778
0.61301960 0.10033401
0.61295177 0.10035023
0.61288394 0.10036646
0.61281612 0.10038268
0.61274829 0.10039890
0.61268046 0.10041511
0.61261263 0.10043132
0.61254480 0.10044753
0.61247697 0.10046374
0.61240913 0.10047994
0.61234130 0.10049613
0.61227347 0.10051233
0.61220563 0.10052852
0.61213780 0.10054470
0.61206996 0.10056089
0.61200212 0.10057707
0.61193428 0.10059324
0.61186644 0.10060942
0.61179860 0.10062559
0.61173076 0.10064175
0.61166292 0.10065792
0.61159508 0.10067407
0.61152724 0.10069023
0.61145939 0.10070638
0.61139155 0.10072253
0.61132370 0.10073868
0.61125586 0.10075482
0.61118801 0.10077096
0.61112016 0.10078709
0.61105231 0.10080322
0.61098446 0.10081935
0.61091661 0.10083548
0.61084876 0.10085160
0.61078091 0.10086771
0.61071306 0.10088383
0.61064520 0.10089994
0.61057735 0.10091605
0.61050950 0.10093215
0.61044164 0.10094825
0.61037378 0.10096435
0.61030593 0.10098044
0.61023807 0.10099653
0.61017021 0.10101262
0.61010235 0.10102870
0.61003449 0.10104478
0.60996663 0.10106085
0.60989876 0.10107693
0.60983090 0.10109300
0.60976304 0.10110906
0.60969517 0.10112512
0.60962731 0.10114118
0.60955944 0.10115724
0.60949158 0.10117329
0.60942371 0.10118933
0.60935584 0.10120538
0.60928797 0.10122142
0.60922010 0.10123746
0.60915223 0.10125349
0.60908436 0.10126952
0.60901649 0.10128555
0.60894861 0.10130157
0.60888074 0.10131759
0.60881287 0.10133361
0.60874499 0.10134962
0.60867711 0.10136563
0.60860924 0.10138163
0.60854136 0.10139764
0.60847348 0.10141363
0.60840560 0.10142963
0.60833772 0.10144562
0.60826984 0.10146161
0.60820196 0.10147759
0.60813408 0.10149357
0.60806620 0.10150955
0.60799831 0.10152552
0.60793043 0.10154149
0.60786254 0.10155746
0.60779466 0.10157342
0.60772677 0.10158938
0.60765888 0.10160534
0.60759099 0.10162129
0.60752311 0.10163724
0.60745522 0.10165319
0.60738733 0.10166913
0.60731943 0.10168507
0.60725154 0.10170100
0.60718365 0.10171693
0.60711576 0.10173286
0.60704786 0.10174878
0.60697997 0.10176471
0.60691207 0.10178062
0.60684418 0.10179654
0.60677628 0.10181245
0.60670838 0.10182835
0.60664048 0.10184425
0.60657258 0.10186015
0.60650468 0.10187605
0.60643678 0.10189194
0.60636888 0.10190783
0.60630098 0.10192371
0.60623308 0.10193960
0.60616517 0.10195547
0.60609727 0.10197135
0.60602936 0.10198722
0.60596146 0.10200308
0.60589355 0.10201895
0.60582564 0.10203481
0.60575774 0.10205066
0.60568983 0.10206652
0.60562192 0.10208236
0.60555401 0.10209821
0.60548610 0.10211405
0.60541819 0.10212989
0.60535027 0.10214572
0.60528236 0.10216156
0.60521445 0.10217738
0.60514653 0.10219321
0.60507862 0.10220903
0.60501070 0.10222484
0.60494279 0.10224066
0.60487487 0.10225647
0.60480695 0.10227227
0.60473903 0.10228807
0.60467111 0.10230387
0.60460319 0.10231967
0.60453527 0.10233546
0.60446735 0.10235125
0.60439943 0.10236703
0.60433151 0.10238281
0.60426358 0.10239859
0.60419566 0.10241436
0.60412773 0.10243013
0.60405981 0.10244590
0.60399188 0.10246166
0.60392395 0.10247742
0.60385603 0.10249317
0.60378810 0.10250892
0.60372017 0.10252467
0.60365224 0.10254042
0.60358431 0.10255616
0.60351638 0.10257189
0.60344844 0.10258763
0.60338051 0.10260336
0.60331258 0.10261908
0.60324464 0.10263480
0.60317671 0.10265052
0.60310877 0.10266624
0.60304084 0.10268195
0.60297290 0.10269766
0.60290496 0.10271336
0.60283703 0.10272906
0.60276909 0.10274476
0.60270115 0.10276045
0.60263321 0.10277614
0.60256527 0.10279183
0.60249733 0.10280751
0.60242938 0.10282319
0.60236144 0.10283886
0.60229350 0.10285453
0.60222555 0.10287020
0.60215761 0.10288586
0.60208966 0.10290152
0.60202172 0.10291718
0.60195377 0.10293283
0.60188582 0.10294848
0.60181788 0.10296413
0.60174993 0.10297977
0.60168198 0.10299541
0.60161403 0.10301104
0.60154608 0.10302667
0.60147812 0.10304230
0.60141017 0.10305792
0.60134222 0.10307354
0.60127427 0.10308916
0.60120631 0.10310477
0.60113836 0.10312038
0.60107040 0.10313599
0.60100245 0.10315159
0.60093449 0.10316718
0.60086653 0.10318278
0.60079857 0.10319837
0.60073062 0.10321396
0.60066266 0.10322954
0.60059470 0.10324512
0.60052674 0.10326069
0.60045877 0.10327626
0.60039081 0.10329183
0.60032285 0.10330740
0.60025489 0.10332296
0.60018692 0.10333851
0.60011896 0.10335407
0.60005099 0.10336962
0.59998303 0.10338516
0.59991506 0.10340070
0.59984710 0.10341624
0.59977913 0.10343178
0.59971116 0.10344731
0.59964319 0.10346284
0.59957522 0.10347836
0.59950725 0.10349388
0.59943928 0.10350939
0.59937131 0.10352491
0.59930334 0.10354042
0.59923536 0.10355592
0.59916739 0.10357142
0.59909942 0.10358692
0.59903144 0.10360241
0.59896347 0.10361790
0.59889549 0.10363339
0.59882751 0.10364887
0.59875954 0.10366435
0.59869156 0.10367982
0.59862358 0.10369529
0.59855560 0.10371076
0.59848762 0.10372623
0.59841964 0.10374169
0.59835166 0.10375714
0.59828368 0.10377259
0.59821570 0.10378804
0.59814772 0.10380349
0.59807973 0.10381893
0.59801175 0.10383437
0.59794377 0.10384980
0.59787578 0.10386523
0.59780779 0.10388066
0.59773981 0.10389608
0.59767182 0.10391150
0.59760383 0.10392691
0.59753585 0.10394232
0.59746786 0.10395773
0.59739987 0.10397313
0.59733188 0.10398853
0.59726389 0.10400393
0.59719590 0.10401932
0.59712791 0.10403471
0.59705991 0.10405010
0.59699192 0.10406548
0.59692393 0.10408085
0.59685593 0.10409623
0.59678794 0.10411160
0.59671994 0.10412696
0.59665195 0.10414233
0.59658395 0.10415768
0.59651595 0.10417304
0.59644796 0.10418839
0.59637996 0.10420374
0.59631196 0.10421908
0.59624396 0.10423442
0.59617596 0.10424975
0.59610796 0.10426509
0.59603996 0.10428041
0.59597196 0.10429574
0.59590396 0.10431106
0.59583595 0.10432637
0.59576795 0.10434169
0.59569995 0.10435700
0.59563194 0.10437230
0.59556394 0.10438760
0.59549593 0.10440290
0.59542792 0.10441819
0.59535992 0.10443348
0.59529191 0.10444877
0.59522390 0.10446405
0.59515589 0.10447933
0.59508788 0.10449460
0.59501987 0.10450988
0.59495186 0.10452514
0.59488385 0.10454041
0.59481584 0.10455567
0.59474783 0.10457092
0.59467982 0.10458617
0.59461180 0.10460142
0.59454379 0.10461666
0.59447578 0.10463191
0.59440776 0.10464714
0.59433975 0.10466237
0.59427173 0.10467760
0.59420371 0.10469283
0.59413570 0.10470805
0.59406768 0.10472327
0.59399966 0.10473848
0.59393164 0.10475369
0.59386362 0.10476889
0.59379560 0.10478410
0.59372758 0.10479929
0.59365956 0.10481449
0.59359154 0.10482968
0.59352352 0.10484487
0.59345550 0.10486005
0.59338748 0.10487523
0.59331945 0.10489040
0.59325143 0.10490557
0.59318340 0.10492074
0.59311538 0.10493590
0.59304735 0.10495106
0.59297933 0.10496622
0.59291130 0.10498137
0.59284327 0.10499652
0.59277524 0.10501166
0.59270722 0.10502680
0.59263919 0.10504194
0.59257116 0.10505707
0.59250313 0.10507220
0.59243510 0.10508733
0.59236707 0.10510245
0.59229903 0.10511756
0.59223100 0.10513268
0.59216297 0.10514779
0.59209494 0.10516289
0.59202690 0.10517799
0.59195887 0.10519309
0.59189083 0.10520819
0.59182280 0.10522328
0.59175476 0.10523836
0.59168673 0.10525344
0.59161869 0.10526852
0.59155065 0.10528360
0.59148262 0.10529867
0.59141458 0.10531373
0.59134654 0.10532880
0.59127850 0.10534385
0.59121046 0.10535891
0.59114242 0.10537396
0.59107438 0.10538901
0.59100634 0.10540405
0.59093830 0.10541909
0.59087025 0.10543413
0.59080221 0.10544916
0.59073417 0.10546419
0.59066612 0.10547921
0.59059808 0.10549423
0.59053003 0.10550924
0.59046199 0.10552426
0.59039394 0.10553926
0.59032590 0.10555427
0.59025785 0.10556927
0.59018980 0.10558427
0.59012175 0.10559926
0.59005371 0.10561425
0.58998566 0.10562923
0.58991761 0.10564421
0.58984956 0.10565919
0.58978151 0.10567416
0.58971346 0.10568913
0.58964540 0.10570410
0.58957735 0.10571906
0.58950930 0.10573401
0.58944125 0.10574897
0.58937319 0.10576392
0.58930514 0.10577886
0.58923709 0.10579380
0.58916903 0.10580874
0.58910098 0.10582367
0.58903292 0.10583860
0.58896486 0.10585353
0.58889681 0.10586845
0.58882875 0.10588337
0.58876069 0.10589828
0.58869263 0.10591319
0.58862458 0.10592810
0.58855652 0.10594300
0.58848846 0.10595790
0.58842040 0.10597279
0.58835234 0.10598768
0.58828428 0.10600257
0.58821622 0.10601745
0.58814815 0.10603233
0.58808009 0.10604721
0.58801203 0.10606208
0.58794396 0.10607694
0.58787590 0.10609180
0.58780784 0.10610666
0.58773977 0.10612152
0.58767171 0.10613637
0.58760364 0.10615122
0.58753558 0.10616606
0.58746751 0.10618090
0.58739944 0.10619573
0.58733137 0.10621056
0.58726331 0.10622539
0.58719524 0.10624021
0.58712717 0.10625503
0.58705910 0.10626985
0.58699103 0.10628466
0.58692296 0.10629946
0.58685489 0.10631427
0.58678682 0.10632907
0.58671875 0.10634386
0.58665068 0.10635865
0.58658260 0.10637344
0.58651453 0.10638822
0.58644646 0.10640300
0.58637838 0.10641778
0.58631031 0.10643255
0.58624224 0.10644731
0.58617416 0.10646208
0.58610608 0.10647684
0.58603801 0.10649159
0.58596993 0.10650634
0.58590186 0.10652109
0.58583378 0.10653583
0.58576570 0.10655057
0.58569762 0.10656531
0.58562954 0.10658004
0.58556147 0.10659477
0.58549339 0.10660949
0.58542531 0.10662421
0.58535723 0.10663892
0.58528915 0.10665363
0.58522106 0.10666834
0.58515298 0.10668304
0.58508490 0.10669774
0.58501682 0.10671244
0.58494874 0.10672713
0.58488065 0.10674182
0.58481257 0.10675650
0.58474449 0.10677118
0.58467640 0.10678585
0.58460832 0.10680052
0.58454023 0.10681519
0.58447215 0.10682985
0.58440406 0.10684451
0.58433597 0.10685917
0.58426789 0.10687382
0.58419980 0.10688847
0.58413171 0.10690311
0.58406362 0.10691775
0.58399553 0.10693238
0.58392745 0.10694701
0.58385936 0.10696164
0.58379127 0.10697626
0.58372318 0.10699088
0.58365509 0.10700549
0.58358699 0.10702011
0.58351890 0.10703471
0.58345081 0.10704931
0.58338272 0.10706391
0.58331463 0.10707851
0.58324653 0.10709310
0.58317844 0.10710768
0.58311035 0.10712227
0.58304225 0.10713684
0.58297416 0.10715142
0.58290606 0.10716599
0.58283797 0.10718055
0.58276987 0.10719512
0.58270178 0.10720967
0.58263368 0.10722423
0.58256558 0.10723878
0.58249749 0.10725332
0.58242939 0.10726786
0.58236129 0.10728240
0.58229319 0.10729693
0.58222509 0.10731146
0.58215699 0.10732599
0.58208889 0.10734051
0.58202079 0.10735503
0.58195269 0.10736954
0.58188459 0.10738405
0.58181649 0.10739855
0.58174839 0.10741306
0.58168029 0.10742755
0.58161219 0.10744205
0.58154408 0.10745653
0.58147598 0.10747102
0.58140788 0.10748550
0.58133977 0.10749998
0.58127167 0.10751445
0.58120356 0.10752892
0.58113546 0.10754338
0.58106735 0.10755784
0.58099925 0.10757230
0.58093114 0.10758675
0.58086304 0.10760120
0.58079493 0.10761564
0.58072682 0.10763008
0.58065872 0.10764451
0.58059061 0.10765895
0.58052250 0.10767337
0.58045439 0.10768780
0.58038628 0.10770222
0.58031817 0.10771663
0.58025006 0.10773104
0.58018195 0.10774545
0.58011384 0.10775985
0.58004573 0.10777425
0.57997762 0.10778864
0.57990951 0.10780303
0.57984140 0.10781742
0.57977329 0.10783180
0.57970518 0.10784618
0.57963706 0.10786056
0.57956895 0.10787493
0.57950084 0.10788929
0.57943272 0.10790365
0.57936461 0.10791801
0.57929650 0.10793236
0.57922838 0.10794671
0.57916027 0.10796106
0.57909215 0.10797540
0.57902403 0.10798974
0.57895592 0.10800407
0.57888780 0.10801840
0.57881969 0.10803272
0.57875157 0.10804704
0.57868345 0.10806136
0.57861533 0.10807567
0.57854722 0.10808998
0.57847910 0.10810428
0.57841098 0.10811858
0.57834286 0.10813288
0.57827474 0.10814717
0.57820662 0.10816146
0.57813850 0.10817574
0.57807038 0.10819002
0.57800226 0.10820429
0.57793414 0.10821856
0.57786602 0.10823283
0.57779790 0.10824709
0.57772977 0.10826135
0.57766165 0.10827560
0.57759353 0.10828985
0.57752541 0.10830410
0.57745728 0.10831834
0.57738916 0.10833258
0.57732104 0.10834681
0.57725291 0.10836104
0.57718479 0.10837527
0.57711666 0.10838949
0.57704854 0.10840370
0.57698041 0.10841792
0.57691229 0.10843212
0.57684416 0.10844633
0.57677603 0.10846053
0.57670791 0.10847472
0.57663978 0.10848892
0.57657165 0.10850310
0.57650353 0.10851729
0.57643540 0.10853147
0.57636727 0.10854564
0.57629914 0.10855981
0.57623101 0.10857398
0.57616288 0.10858814
0.57609475 0.10860230
0.57602663 0.10861645
0.57595850 0.10863060
0.57589037 0.10864475
0.57582223 0.10865889
0.57575410 0.10867303
0.57568597 0.10868716
0.57561784 0.10870129
0.57554971 0.10871542
0.57548158 0.10872954
0.57541345 0.10874365
0.57534531 0.10875776
0.57527718 0.10877187
0.57520905 0.10878598
0.57514091 0.10880008
0.57507278 0.10881417
0.57500465 0.10882826
0.57493651 0.10884235
0.57486838 0.10885643
0.57480024 0.10887051
0.57473211 0.10888459
0.57466397 0.10889866
0.57459584 0.10891272
0.57452770 0.10892678
0.57445957 0.10894084
0.57439143 0.10895490
0.57432329 0.10896894
0.57425516 0.10898299
0.57418702 0.10899703
0.57411888 0.10901107
0.57405074 0.10902510
0.57398261 0.10903913
0.57391447 0.10905315
0.57384633 0.10906717
0.57377819 0.10908119
0.57371005 0.10909520
0.57364191 0.10910921
0.57357377 0.10912321
0.57350563 0.10913721
0.57343749 0.10915120
0.57336935 0.10916519
0.57330121 0.10917918
0.57323307 0.10919316
0.57316493 0.10920714
0.57309679 0.10922111
0.57302865 0.10923508
0.57296051 0.10924904
0.57289237 0.10926300
0.57282422 0.10927696
0.57275608 0.10929091
0.57268794 0.10930486
0.57261979 0.10931880
0.57255165 0.10933274
0.57248351 0.10934668
0.57241536 0.10936061
0.57234722 0.10937454
0.57227908 0.10938846
0.57221093 0.10940238
0.57214279 0.10941629
0.57207464 0.10943020
0.57200650 0.10944411
0.57193835 0.10945801
0.57187021 0.10947190
0.57180206 0.10948580
0.57173391 0.10949969
0.57166577 0.10951357
0.57159762 0.10952745
0.57152947 0.10954133
0.57146133 0.10955520
0.57139318 0.10956906
0.57132503 0.10958293
0.57125689 0.10959679
0.57118874 0.10961064
0.57112059 0.10962449
0.57105244 0.10963834
0.57098429 0.10965218
0.57091614 0.10966601
0.57084799 0.10967985
0.57077985 0.10969368
0.57071170 0.10970750
0.57064355 0.10972132
0.57057540 0.10973514
0.57050725 0.10974895
0.57043910 0.10976276
0.57037095 0.10977656
0.57030279 0.10979036
0.57023464 0.10980415
0.57016649 0.10981794
0.57009834 0.10983173
0.57003019 0.10984551
0.56996204 0.10985929
0.56989389 0.10987306
0.56982573 0.10988683
0.56975758 0.10990059
0.56968943 0.10991435
0.56962128 0.10992811
0.56955312 0.10994186
0.56948497 0.10995561
0.56941682 0.10996935
0.56934866 0.10998309
0.56928051 0.10999683
0.56921235 0.11001056
0.56914420 0.11002428
0.56907605 0.11003800
0.56900789 0.11005172
0.56893974 0.11006543
0.56887158 0.11007914
0.56880343 0.11009285
0.56873527 0.11010655
0.56866712 0.11012024
0.56859896 0.11013393
0.56853080 0.11014762
0.56846265 0.11016130
0.56839449 0.11017498
0.56832634 0.11018866
0.56825818 0.11020233
0.56819002 0.11021599
0.56812187 0.11022965
0.56805371 0.11024331
0.56798555 0.11025696
0.56791739 0.11027061
0.56784924 0.11028426
0.56778108 0.11029790
0.56771292 0.11031153
0.56764476 0.11032516
0.56757660 0.11033879
0.56750844 0.11035241
0.56744029 0.11036603
0.56737213 0.11037964
0.56730397 0.11039325
0.56723581 0.11040686
0.56716765 0.11042046
0.56709949 0.11043406
0.56703133 0.11044765
0.56696317 0.11046124
0.56689501 0.11047482
0.56682685 0.11048840
0.56675869 0.11050197
0.56669053 0.11051554
0.56662237 0.11052911
0.56655421 0.11054267
0.56648605 0.11055623
0.56641788 0.11056978
0.56634972 0.11058333
0.56628156 0.11059688
0.56621340 0.11061042
0.56614524 0.11062395
0.56607708 0.11063748
0.56600891 0.11065101
0.56594075 0.11066453
0.56587259 0.11067805
0.56580443 0.11069156
0.56573626 0.11070507
0.56566810 0.11071858
0.56559994 0.11073208
0.56553178 0.11074558
0.56546361 0.11075907
0.56539545 0.11077256
0.56532729 0.11078604
0.56525912 0.11079952
0.56519096 0.11081299
0.56512279 0.11082646
0.56505463 0.11083993
0.56498647 0.11085339
0.56491830 0.11086685
0.56485014 0.11088030
0.56478197 0.11089375
0.56471381 0.11090719
0.56464564 0.11092063
0.56457748 0.11093407
0.56450931 0.11094750
0.56444115 0.11096093
0.56437298 0.11097435
0.56430482 0.11098777
0.56423665 0.11100118
0.56416848 0.11101459
0.56410032 0.11102800
0.56403215 0.11104140
0.56396399 0.11105479
0.56389582 0.11106818
0.56382765 0.11108157
0.56375949 0.11109495
0.56369132 0.11110833
0.56362315 0.11112171
0.56355499 0.11113508
0.56348682 0.11114844
0.56341865 0.11116180
0.56335049 0.11117516
0.56328232 0.11118851
0.56321415 0.11120186
0.56314598 0.11121520
0.56307782 0.11122854
0.56300965 0.11124187
0.56294148 0.11125521
0.56287331 0.11126853
0.56280514 0.11128185
0.56273698 0.11129517
0.56266881 0.11130848
0.56260064 0.11132179
0.56253247 0.11133509
0.56246430 0.11134839
0.56239613 0.11136169
0.56232797 0.11137498
0.56225980 0.11138826
0.56219163 0.11140155
0.56212346 0.11141482
0.56205529 0.11142810
0.56198712 0.11144136
0.56191895 0.11145463
0.56185078 0.11146789
0.56178261 0.11148114
0.56171444 0.11149439
0.56164627 0.11150764
0.56157810 0.11152088
0.56150993 0.11153412
0.56144176 0.11154735
0.56137359 0.11156058
0.56130542 0.11157381
0.56123725 0.11158703
0.56116908 0.11160024
0.56110091 0.11161345
0.56103274 0.11162666
0.56096457 0.11163986
0.56089640 0.11165306
0.56082823 0.11166625
0.56076006 0.11167944
0.56069189 0.11169263
0.56062372 0.11170581
0.56055555 0.11171898
0.56048738 0.11173215
0.56041921 0.11174532
0.56035103 0.11175848
0.56028286 0.11177164
0.56021469 0.11178479
0.56014652 0.11179794
0.56007835 0.11181109
0.56001018 0.11182423
0.55994201 0.11183736
0.55987383 0.11185049
0.55980566 0.11186362
0.55973749 0.11187674
0.55966932 0.11188986
0.55960115 0.11190297
0.55953298 0.11191608
0.55946480 0.11192919
0.55939663 0.11194229
0.55932846 0.11195538
0.55926029 0.11196847
0.55919211 0.11198156
0.55912394 0.11199464
0.55905577 0.11200772
0.55898760 0.11202079
0.55891943 0.11203386
0.55885125 0.11204692
0.55878308 0.11205998
0.55871491 0.11207304
0.55864674 0.11208609
0.55857856 0.11209914
0.55851039 0.11211218
0.55844222 0.11212522
0.55837404 0.11213825
0.55830587 0.11215128
0.55823770 0.11216430
0.55816953 0.11217732
0.55810135 0.11219034
0.55803318 0.11220335
0.55796501 0.11221635
0.55789683 0.11222936
0.55782866 0.11224235
0.55776049 0.11225535
0.55769232 0.11226833
0.55762414 0.11228132
0.55755597 0.11229430
0.55748780 0.11230727
0.55741962 0.11232024
0.55735145 0.11233321
0.55728328 0.11234617
0.55721510 0.11235913
0.55714693 0.11237208
0.55707876 0.11238503
0.55701058 0.11239797
0.55694241 0.11241091
0.55687424 0.11242384
0.55680606 0.11243677
0.55673789 0.11244970
0.55666972 0.11246262
0.55660154 0.11247554
0.55653337 0.11248845
0.55646520 0.11250136
0.55639702 0.11251426
0.55632885 0.11252716
0.55626068 0.11254005
0.55619250 0.11255294
0.55612433 0.11256583
0.55605615 0.11257871
0.55598798 0.11259158
0.55591981 0.11260445
0.55585163 0.11261732
0.55578346 0.11263018
0.55571529 0.11264304
0.55564711 0.11265590
0.55557894 0.11266874
0.55551077 0.11268159
0.55544259 0.11269443
0.55537442 0.11270726
0.55530625 0.11272009
0.55523807 0.11273292
0.55516990 0.11274574
0.55510172 0.11275856
0.55503355 0.11277137
0.55496538 0.11278418
0.55489720 0.11279699
0.55482903 0.11280978
0.55476086 0.11282258
0.55469268 0.11283537
0.55462451 0.11284816
0.55455634 0.11286094
0.55448816 0.11287371
0.55441999 0.11288649
0.55435182 0.11289925
0.55428364 0.11291202
0.55421547 0.11292477
0.55414730 0.11293753
0.55407912 0.11295028
0.55401095 0.11296302
0.55394278 0.11297576
0.55387460 0.11298850
0.55380643 0.11300123
0.55373826 0.11301396
0.55367008 0.11302668
0.55360191 0.11303940
0.55353374 0.11305211
0.55346556 0.11306482
0.55339739 0.11307752
0.55332922 0.11309022
0.55326104 0.11310292
0.55319287 0.11311561
0.55312470 0.11312829
0.55305653 0.11314097
0.55298835 0.11315365
0.55292018 0.11316632
0.55285201 0.11317899
0.55278383 0.11319165
0.55271566 0.11320431
0.55264749 0.11321697
0.55257932 0.11322962
0.55251114 0.11324226
0.55244297 0.11325490
0.55237480 0.11326754
0.55230663 0.11328017
0.55223845 0.11329280
0.55217028 0.11330542
0.55210211 0.11331804
0.55203394 0.11333065
0.55196576 0.11334326
0.55189759 0.11335586
0.55182942 0.11336846
0.55176125 0.11338106
0.55169308 0.11339365
0.55162490 0.11340623
0.55155673 0.11341881
0.55148856 0.11343139
0.55142039 0.11344396
0.55135222 0.11345653
0.55128405 0.11346909
0.55121587 0.11348165
0.55114770 0.11349420
0.55107953 0.11350675
0.55101136 0.11351930
0.55094319 0.11353184
0.55087502 0.11354437
0.55080685 0.11355690
0.55073867 0.11356943
0.55067050 0.11358195
0.55060233 0.11359447
0.55053416 0.11360698
0.55046599 0.11361949
0.55039782 0.11363199
0.55032965 0.11364449
0.55026148 0.11365698
0.55019331 0.11366947
0.55012514 0.11368196
0.55005697 0.11369444
0.54998880 0.11370691
0.54992063 0.11371938
0.54985246 0.11373185
0.54978429 0.11374431
0.54971612 0.11375677
0.54964795 0.11376922
0.54957978 0.11378167
0.54951161 0.11379412
0.54944344 0.11380655
0.54937527 0.11381899
0.54930710 0.11383142
0.54923893 0.11384384
0.54917076 0.11385626
0.54910259 0.11386868
0.54903442 0.11388109
0.54896625 0.11389350
0.54889808 0.11390590
0.54882991 0.11391830
0.54876175 0.11393069
0.54869358 0.11394308
0.54862541 0.11395546
0.54855724 0.11396784
0.54848907 0.11398022
0.54842090 0.11399259
0.54835274 0.11400495
0.54828457 0.11401731
0.54821640 0.11402967
0.54814823 0.11404202
0.54808006 0.11405437
0.54801190 0.11406671
0.54794373 0.11407905
0.54787556 0.11409138
0.54780739 0.11410371
0.54773923 0.11411603
0.54767106 0.11412835
0.54760289 0.11414067
0.54753473 0.11415298
0.54746656 0.11416528
0.54739839 0.11417758
0.54733023 0.11418988
0.54726206 0.11420217
0.54719389 0.11421446
0.54712573 0.11422674
0.54705756 0.11423901
0.54698940 0.11425129
0.54692123 0.11426356
0.54685306 0.11427582
0.54678490 0.11428808
0.54671673 0.11430033
0.54664857 0.11431258
0.54658040 0.11432483
0.54651224 0.11433707
0.54644407 0.11434930
0.54637591 0.11436153
0.54630774 0.11437376
0.54623958 0.11438598
0.54617142 0.11439820
0.54610325 0.11441041
0.54603509 0.11442262
0.54596692 0.11443482
0.54589876 0.11444702
0.54583060 0.11445922
0.54576243 0.11447141
0.54569427 0.11448359
0.54562611 0.11449577
0.54555794 0.11450795
0.54548978 0.11452012
0.54542162 0.11453228
0.54535345 0.11454444
0.54528529 0.11455660
0.54521713 0.11456875
0.54514897 0.11458090
0.54508080 0.11459304
0.54501264 0.11460518
0.54494448 0.11461731
0.54487632 0.11462944
0.54480816 0.11464157
0.54474000 0.11465369
0.54467184 0.11466580
0.54460367 0.11467791
0.54453551 0.11469002
0.54446735 0.11470212
0.54439919 0.11471422
0.54433103 0.11472631
0.54426287 0.11473839
0.54419471 0.11475048
0.54412655 0.11476255
0.54405839 0.11477463
0.54399023 0.11478669
0.54392207 0.11479876
0.54385391 0.11481082
0.54378576 0.11482287
0.54371760 0.11483492
0.54364944 0.11484697
0.54358128 0.11485901
0.54351312 0.11487104
0.54344496 0.11488307
0.54337680 0.11489510
0.54330865 0.11490712
0.54324049 0.11491914
0.54317233 0.11493115
0.54310417 0.11494316
0.54303602 0.11495516
0.54296786 0.11496716
0.54289970 0.11497915
0.54283155 0.11499114
0.54276339 0.11500312
0.54269523 0.11501510
0.54262708 0.11502708
0.54255892 0.11503905
0.54249077 0.11505101
0.54242261 0.11506297
0.54235446 0.11507493
0.54228630 0.11508688
0.54221815 0.11509882
0.54214999 0.11511077
0.54208184 0.11512270
0.54201368 0.11513464
0.54194553 0.11514656
0.54187737 0.11515849
0.54180922 0.11517040
0.54174107 0.11518232
0.54167291 0.11519423
0.54160476 0.11520613
0.54153661 0.11521803
0.54146845 0.11522993
0.54140030 0.11524182
0.54133215 0.11525370
0.54126400 0.11526558
0.54119584 0.11527746
0.54112769 0.11528933
0.54105954 0.11530120
0.54099139 0.11531306
0.54092324 0.11532491
0.54085509 0.11533677
0.54078694 0.11534861
0.54071879 0.11536046
0.54065064 0.11537230
0.54058249 0.11538413
0.54051434 0.11539596
0.54044619 0.11540778
0.54037804 0.11541960
0.54030989 0.11543142
0.54024174 0.11544323
0.54017359 0.11545503
0.54010544 0.11546683
0.54003729 0.11547863
0.53996915 0.11549042
0.53990100 0.11550221
0.53983285 0.11551399
0.53976470 0.11552576
0.53969656 0.11553754
0.53962841 0.11554930
0.53956026 0.11556107
0.53949212 0.11557282
0.53942397 0.11558458
0.53935582 0.11559633
0.53928768 0.11560807
0.53921953 0.11561981
0.53915139 0.11563154
0.53908324 0.11564327
0.53901510 0.11565500
0.53894695 0.11566672
0.53887881 0.11567843
0.53881066 0.11569014
0.53874252 0.11570185
0.53867437 0.11571355
0.53860623 0.11572525
0.53853809 0.11573694
0.53846995 0.11574863
0.53840180 0.11576031
0.53833366 0.11577199
0.53826552 0.11578366
0.53819738 0.11579533
0.53812923 0.11580699
0.53806109 0.11581865
0.53799295 0.11583030
0.53792481 0.11584195
0.53785667 0.11585360
0.53778853 0.11586524
0.53772039 0.11587687
0.53765225 0.11588850
0.53758411 0.11590013
0.53751597 0.11591175
0.53744783 0.11592336
0.53737969 0.11593497
0.53731155 0.11594658
0.53724341 0.11595818
0.53717528 0.11596978
0.53710714 0.11598137
0.53703900 0.11599296
0.53697086 0.11600454
0.53690273 0.11601612
0.53683459 0.11602769
0.53676645 0.11603926
0.53669832 0.11605082
0.53663018 0.11606238
0.53656204 0.11607394
0.53649391 0.11608549
0.53642577 0.11609703
0.53635764 0.11610857
0.53628950 0.11612010
0.53622137 0.11613164
0.53615324 0.11614316
0.53608510 0.11615468
0.53601697 0.11616620
0.53594883 0.11617771
0.53588070 0.11618921
0.53581257 0.11620072
0.53574444 0.11621221
0.53567630 0.11622370
0.53560817 0.11623519
0.53554004 0.11624667
0.53547191 0.11625815
0.53540378 0.11626963
0.53533565 0.11628109
0.53526752 0.11629256
0.53519939 0.11630402
0.53513126 0.11631547
0.53506313 0.11632692
0.53499500 0.11633836
0.53492687 0.11634980
0.53485874 0.11636124
0.53479061 0.11637267
0.53472248 0.11638409
0.53465436 0.11639551
0.53458623 0.11640693
0.53451810 0.11641834
0.53444998 0.11642974
0.53438185 0.11644115
0.53431372 0.11645254
0.53424560 0.11646393
0.53417747 0.11647532
0.53410935 0.11648670
0.53404122 0.11649808
0.53397310 0.11650945
0.53390497 0.11652082
0.53383685 0.11653218
0.53376872 0.11654354
0.53370060 0.11655489
0.53363248 0.11656624
0.53356435 0.11657759
0.53349623 0.11658892
0.53342811 0.11660026
0.53335999 0.11661159
0.53329186 0.11662291
0.53322374 0.11663423
0.53315562 0.11664555
0.53308750 0.11665686
0.53301938 0.11666816
0.53295126 0.11667946
0.53288314 0.11669076
0.53281502 0.11670205
0.53274690 0.11671334
0.53267878 0.11672462
0.53261067 0.11673589
0.53254255 0.11674716
0.53247443 0.11675843
0.53240631 0.11676969
0.53233820 0.11678095
0.53227008 0.11679220
0.53220196 0.11680345
0.53213385 0.11681469
0.53206573 0.11682593
0.53199762 0.11683716
0.53192950 0.11684839
0.53186139 0.11685962
0.53179327 0.11687084
0.53172516 0.11688205
0.53165704 0.11689326
0.53158893 0.11690446
0.53152082 0.11691566
0.53145270 0.11692686
0.53138459 0.11693805
0.53131648 0.11694923
0.53124837 0.11696041
0.53118026 0.11697159
0.53111215 0.11698276
0.53104404 0.11699392
0.53097592 0.11700508
0.53090781 0.11701624
0.53083971 0.11702739
0.53077160 0.11703854
0.53070349 0.11704968
0.53063538 0.11706082
0.53056727 0.11707195
0.53049916 0.11708307
0.53043106 0.11709420
0.53036295 0.11710531
0.53029484 0.11711643
0.53022674 0.11712753
0.53015863 0.11713864
0.53009052 0.11714974
0.53002242 0.11716083
0.52995431 0.11717192
0.52988621 0.11718300
0.52981810 0.11719408
0.52975000 0.11720515
0.52968190 0.11721622
0.52961379 0.11722729
0.52954569 0.11723835
0.52947759 0.11724940
0.52940949 0.11726045
0.52934139 0.11727149
0.52927328 0.11728253
0.52920518 0.11729357
0.52913708 0.11730460
0.52906898 0.11731563
0.52900088 0.11732665
0.52893278 0.11733766
0.52886469 0.11734867
0.52879659 0.11735968
0.52872849 0.11737068
0.52866039 0.11738168
0.52859229 0.11739267
0.52852420 0.11740365
0.52845610 0.11741464
0.52838800 0.11742561
0.52831991 0.11743658
0.52825181 0.11744755
0.52818372 0.11745851
0.52811562 0.11746947
0.52804753 0.11748042
0.52797943 0.11749137
0.52791134 0.11750232
0.52784325 0.11751325
0.52777516 0.11752419
0.52770706 0.11753511
0.52763897 0.11754604
0.52757088 0.11755696
0.52750279 0.11756787
0.52743470 0.11757878
0.52736661 0.11758968
0.52729852 0.11760058
0.52723043 0.11761148
0.52716234 0.11762237
0.52709425 0.11763325
0.52702616 0.11764413
0.52695807 0.11765501
0.52688999 0.11766588
0.52682190 0.11767674
0.52675381 0.11768760
0.52668573 0.11769846
0.52661764 0.11770931
0.52654956 0.11772015
0.52648147 0.11773099
0.52641339 0.11774183
0.52634530 0.11775266
0.52627722 0.11776349
0.52620913 0.11777431
0.52614105 0.11778512
0.52607297 0.11779594
0.52600489 0.11780674
0.52593681 0.11781754
0.52586872 0.11782834
0.52580064 0.11783913
0.52573256 0.11784992
0.52566448 0.11786070
0.52559640 0.11787148
0.52552832 0.11788225
0.52546025 0.11789302
0.52539217 0.11790378
0.52532409 0.11791454
0.52525601 0.11792529
0.52518794 0.11793604
0.52511986 0.11794678
0.52505178 0.11795752
0.52498371 0.11796826
0.52491563 0.11797898
0.52484756 0.11798971
0.52477948 0.11800043
0.52471141 0.11801114
0.52464334 0.11802185
0.52457526 0.11803255
0.52450719 0.11804325
0.52443912 0.11805395
0.52437105 0.11806464
0.52430297 0.11807532
0.52423490 0.11808600
0.52416683 0.11809667
0.52409876 0.11810734
0.52403069 0.11811801
0.52396263 0.11812867
0.52389456 0.11813932
0.52382649 0.11814997
0.52375842 0.11816062
0.52369035 0.11817126
0.52362229 0.11818190
0.52355422 0.11819253
0.52348616 0.11820315
0.52341809 0.11821377
0.52335002 0.11822439
0.52328196 0.11823500
0.52321390 0.11824561
0.52314583 0.11825621
0.52307777 0.11826680
0.52300971 0.11827739
0.52294165 0.11828798
0.52287358 0.11829856
0.52280552 0.11830914
0.52273746 0.11831971
0.52266940 0.11833028
0.52260134 0.11834084
0.52253328 0.11835140
0.52246522 0.11836195
0.52239717 0.11837250
0.52232911 0.11838304
0.52226105 0.11839357
0.52219299 0.11840411
0.52212494 0.11841463
0.52205688 0.11842516
0.52198882 0.11843567
0.52192077 0.11844619
0.52185272 0.11845670
0.52178466 0.11846720
0.52171661 0.11847770
0.52164855 0.11848819
0.52158050 0.11849868
0.52151245 0.11850916
0.52144440 0.11851964
0.52137635 0.11853011
0.52130830 0.11854058
0.52124025 0.11855104
0.52117220 0.11856150
0.52110415 0.11857196
0.52103610 0.11858241
0.52096805 0.11859285
0.52090000 0.11860329
0.52083196 0.11861372
0.52076391 0.11862415
0.52069586 0.11863457
0.52062782 0.11864499
0.52055977 0.11865541
0.52049173 0.11866582
0.52042368 0.11867622
0.52035564 0.11868662
0.52028760 0.11869702
0.52021955 0.11870741
0.52015151 0.11871779
0.52008347 0.11872817
0.52001543 0.11873854
0.51994739 0.11874891
0.51987935 0.11875928
0.51981131 0.11876964
0.51974327 0.11877999
0.51967523 0.11879034
0.51960719 0.11880069
0.51953915 0.11881103
0.51947112 0.11882136
0.51940308 0.11883169
0.51933504 0.11884202
0.51926701 0.11885234
0.51919897 0.11886266
0.51913094 0.11887297
0.51906290 0.11888327
0.51899487 0.11889357
0.51892684 0.11890387
0.51885881 0.11891416
0.51879077 0.11892445
0.51872274 0.11893473
0.51865471 0.11894500
0.51858668 0.11895527
0.51851865 0.11896554
0.51845062 0.11897580
0.51838259 0.11898606
0.51831456 0.11899631
0.51824654 0.11900655
0.51817851 0.11901679
0.51811048 0.11902703
0.51804246 0.11903726
0.51797443 0.11904749
0.51790641 0.11905771
0.51783838 0.11906793
0.51777036 0.11907814
0.51770233 0.11908834
0.51763431 0.11909855
0.51756629 0.11910874
0.51749827 0.11911893
0.51743025 0.11912912
0.51736223 0.11913930
0.51729421 0.11914948
0.51722619 0.11915965
0.51715817 0.11916982
0.51709015 0.11917998
0.51702213 0.11919014
0.51695411 0.11920029
0.51688610 0.11921044
0.51681808 0.11922058
0.51675006 0.11923072
0.51668205 0.11924085
0.51661403 0.11925098
0.51654602 0.11926110
0.51647801 0.11927121
0.51640999 0.11928133
0.51634198 0.11929143
0.51627397 0.11930154
0.51620596 0.11931163
0.51613795 0.11932173
0.51606994 0.11933181
0.51600193 0.11934190
0.51593392 0.11935197
0.51586591 0.11936205
0.51579790 0.11937211
0.51572989 0.11938218
0.51566189 0.11939223
0.51559388 0.11940229
0.51552588 0.11941233
0.51545787 0.11942238
0.51538987 0.11943241
0.51532186 0.11944245
0.51525386 0.11945247
0.51518586 0.11946250
0.51511785 0.11947252
0.51504985 0.11948253
0.51498185 0.11949254
0.51491385 0.11950254
0.51484585 0.11951254
0.51477785 0.11952253
0.51470985 0.11953252
0.51464185 0.11954250
0.51457386 0.11955248
0.51450586 0.11956245
0.51443786 0.11957242
0.51436987 0.11958238
0.51430187 0.11959234
0.51423388 0.11960229
0.51416588 0.11961224
0.51409789 0.11962218
0.51402990 0.11963212
0.51396191 0.11964205
0.51389391 0.11965198
0.51382592 0.11966191
0.51375793 0.11967182
0.51368994 0.11968174
0.51362195 0.11969165
0.51355396 0.11970155
0.51348598 0.11971145
0.51341799 0.11972134
0.51335000 0.11973123
0.51328202 0.11974111
0.51321403 0.11975099
0.51314604 0.11976086
0.51307806 0.11977073
0.51301008 0.11978059
0.51294209 0.11979045
0.51287411 0.11980030
0.51280613 0.11981015
0.51273815 0.11982000
0.51267017 0.11982983
0.51260219 0.11983967
0.51253421 0.11984950
0.51246623 0.11985932
0.51239825 0.11986914
0.51233027 0.11987895
0.51226229 0.11988876
0.51219432 0.11989856
0.51212634 0.11990836
0.51205837 0.11991815
0.51199039 0.11992794
0.51192242 0.11993772
0.51185444 0.11994750
0.51178647 0.11995727
0.51171850 0.11996704
0.51165053 0.11997681
0.51158256 0.11998656
0.51151459 0.11999632
0.51144662 0.12000606
0.51137865 0.12001581
0.51131068 0.12002555
0.51124271 0.12003528
0.51117474 0.12004501
0.51110678 0.12005473
0.51103881 0.12006445
0.51097085 0.12007416
0.51090288 0.12008387
0.51083492 0.12009357
0.51076696 0.12010327
0.51069899 0.12011296
0.51063103 0.12012265
0.51056307 0.12013233
0.51049511 0.12014201
0.51042715 0.12015168
0.51035919 0.12016135
0.51029123 0.12017101
0.51022327 0.12018067
0.51015531 0.12019033
0.51008736 0.12019997
0.51001940 0.12020962
0.50995145 0.12021925
0.50988349 0.12022889
0.50981554 0.12023851
0.50974758 0.12024814
0.50967963 0.12025775
0.50961168 0.12026737
0.50954373 0.12027697
0.50947577 0.12028658
0.50940782 0.12029617
0.50933987 0.12030577
0.50927193 0.12031535
0.50920398 0.12032494
0.50913603 0.12033451
0.50906808 0.12034409
0.50900014 0.12035365
0.50893219 0.12036322
0.50886425 0.12037277
0.50879630 0.12038233
0.50872836 0.12039187
0.50866041 0.12040142
0.50859247 0.12041095
0.50852453 0.12042048
0.50845659 0.12043001
0.50838865 0.12043953
0.50832071 0.12044905
0.50825277 0.12045856
0.50818483 0.12046807
0.50811689 0.12047757
0.50804896 0.12048707
0.50798102 0.12049656
0.50791309 0.12050605
0.50784515 0.12051553
0.50777722 0.12052501
0.50770928 0.12053448
0.50764135 0.12054394
0.50757342 0.12055341
0.50750549 0.12056286
0.50743755 0.12057231
0.50736962 0.12058176
0.50730169 0.12059120
0.50723377 0.12060064
0.50716584 0.12061007
0.50709791 0.12061950
0.50702998 0.12062892
0.50696206 0.12063833
0.50689413 0.12064775
0.50682621 0.12065715
0.50675828 0.12066655
0.50669036 0.12067595
0.50662244 0.12068534
0.50655452 0.12069473
0.50648660 0.12070411
0.50641867 0.12071348
0.50635075 0.12072285
0.50628284 0.12073222
0.50621492 0.12074158
0.50614700 0.12075094
0.50607908 0.12076029
0.50601117 0.12076963
0.50594325 0.12077897
0.50587534 0.12078831
0.50580742 0.12079764
0.50573951 0.12080696
0.50567160 0.12081628
0.50560368 0.12082560
0.50553577 0.12083491
0.50546786 0.12084421
0.50539995 0.12085352
0.50533204 0.12086281
0.50526413 0.12087210
0.50519623 0.12088139
0.50512832 0.12089067
0.50506041 0.12089994
0.50499251 0.12090921
0.50492460 0.12091847
0.50485670 0.12092773
0.50478880 0.12093699
0.50472089 0.12094624
0.50465299 0.12095548
0.50458509 0.12096472
0.50451719 0.12097396
0.50444929 0.12098319
0.50438139 0.12099241
0.50431349 0.12100163
0.50424560 0.12101084
0.50417770 0.12102005
0.50410980 0.12102926
0.50404191 0.12103846
0.50397401 0.12104765
0.50390612 0.12105684
0.50383823 0.12106602
0.50377033 0.12107520
0.50370244 0.12108437
0.50363455 0.12109354
0.50356666 0.12110271
0.50349877 0.12111187
0.50343088 0.12112102
0.50336299 0.12113017
0.50329511 0.12113931
0.50322722 0.12114845
0.50315933 0.12115758
0.50309145 0.12116671
0.50302357 0.12117583
0.50295568 0.12118495
0.50288780 0.12119406
0.50281992 0.12120317
0.50275204 0.12121227
0.50268416 0.12122137
0.50261628 0.12123046
0.50254840 0.12123955
0.50248052 0.12124863
0.50241264 0.12125771
0.50234476 0.12126678
0.50227689 0.12127585
0.50220901 0.12128491
0.50214114 0.12129397
0.50207326 0.12130302
0.50200539 0.12131207
0.50193752 0.12132111
0.50186965 0.12133015
0.50180178 0.12133918
0.50173391 0.12134820
0.50166604 0.12135723
0.50159817 0.12136624
0.50153030 0.12137525
0.50146244 0.12138426
0.50139457 0.12139326
0.50132671 0.12140226
0.50125884 0.12141125
0.50119098 0.12142023
0.50112311 0.12142921
0.50105525 0.12143819
0.50098739 0.12144716
0.50091953 0.12145613
0.50085167 0.12146509
0.50078381 0.12147404
0.50071595 0.12148299
0.50064810 0.12149194
0.50058024 0.12150088
0.50051238 0.12150981
0.50044453 0.12151874
0.50037667 0.12152767
0.50030882 0.12153659
0.50024097 0.12154550
0.50017312 0.12155441
0.50010526 0.12156332
0.50003741 0.12157221
0.49996956 0.12158111
0.49990172 0.12159000
0.49983387 0.12159888
0.49976602 0.12160776
0.49969817 0.12161664
0.49963033 0.12162550
0.49956248 0.12163437
0.49949464 0.12164323
0.49942680 0.12165208
0.49935895 0.12166093
0.49929111 0.12166977
0.49922327 0.12167861
0.49915543 0.12168744
0.49908759 0.12169627
0.49901975 0.12170509
0.49895192 0.12171391
0.49888408 0.12172273
0.49881624 0.12173153
0.49874841 0.12174034
0.49868057 0.12174913
0.49861274 0.12175793
0.49854491 0.12176671
0.49847708 0.12177550
0.49840925 0.12178427
0.49834142 0.12179304
0.49827359 0.12180181
0.49820576 0.12181057
0.49813793 0.12181933
0.49807010 0.12182808
0.49800228 0.12183683
0.49793445 0.12184557
0.49786663 0.12185431
0.49779880 0.12186304
0.49773098 0.12187176
0.49766316 0.12188048
0.49759534 0.12188920
0.49752752 0.12189791
0.49745970 0.12190662
0.49739188 0.12191532
0.49732406 0.12192401
0.49725624 0.12193270
0.49718843 0.12194139
0.49712061 0.12195007
0.49705280 0.12195874
0.49698498 0.12196741
0.49691717 0.12197608
0.49684936 0.12198474
0.49678155 0.12199339
0.49671374 0.12200204
0.49664593 0.12201069
0.49657812 0.12201933
0.49651031 0.12202796
0.49644250 0.12203659
0.49637470 0.12204521
0.49630689 0.12205383
0.49623909 0.12206245
0.49617128 0.12207105
0.49610348 0.12207966
0.49603568 0.12208826
0.49596788 0.12209685
0.49590008 0.12210544
0.49583228 0.12211402
0.49576448 0.12212260
0.49569668 0.12213117
0.49562888 0.12213974
0.49556109 0.12214830
0.49549329 0.12215686
0.49542550 0.12216541
0.49535770 0.12217396
0.49528991 0.12218250
0.49522212 0.12219104
0.49515433 0.12219957
0.49508654 0.12220810
0.49501875 0.12221662
0.49495096 0.12222513
0.49488317 0.12223365
0.49481539 0.12224215
0.49474760 0.12225065
0.49467982 0.12225915
0.49461203 0.12226764
0.49454425 0.12227613
0.49447647 0.12228461
0.49440869 0.12229308
0.49434091 0.12230155
0.49427313 0.12231002
0.49420535 0.12231848
0.49413757 0.12232693
0.49406979 0.12233538
0.49400202 0.12234383
0.49393424 0.12235227
0.49386647 0.12236070
0.49379869 0.12236913
0.49373092 0.12237756
0.49366315 0.12238597
0.49359538 0.12239439
0.49352761 0.12240280
0.49345984 0.12241120
0.49339207 0.12241960
0.49332430 0.12242799
0.49325654 0.12243638
0.49318877 0.12244477
0.49312101 0.12245314
0.49305324 0.12246152
0.49298548 0.12246988
0.49291772 0.12247825
0.49284996 0.12248660
0.49278220 0.12249496
0.49271444 0.12250330
0.49264668 0.12251165
0.49257892 0.12251998
0.49251117 0.12252832
0.49244341 0.12253664
0.49237566 0.12254496
0.49230790 0.12255328
0.49224015 0.12256159
0.49217240 0.12256990
0.49210465 0.12257820
0.49203690 0.12258650
0.49196915 0.12259479
0.49190140 0.12260307
0.49183365 0.12261135
0.49176590 0.12261963
0.49169816 0.12262790
0.49163041 0.12263616
0.49156267 0.12264442
0.49149493 0.12265268
0.49142718 0.12266093
0.49135944 0.12266917
0.49129170 0.12267741
0.49122396 0.12268565
0.49115622 0.12269388
0.49108849 0.12270210
0.49102075 0.12271032
0.49095301 0.12271853
0.49088528 0.12272674
0.49081755 0.12273495
0.49074981 0.12274314
0.49068208 0.12275134
0.49061435 0.12275953
0.49054662 0.12276771
0.49047889 0.12277589
0.49041116 0.12278406
0.49034344 0.12279223
0.49027571 0.12280039
0.49020798 0.12280855
0.49014026 0.12281670
0.49007254 0.12282485
0.49000481 0.12283299
0.48993709 0.12284112
0.48986937 0.12284926
0.48980165 0.12285738
0.48973393 0.12286550
0.48966621 0.12287362
0.48959850 0.12288173
0.48953078 0.12288984
0.48946306 0.12289794
0.48939535 0.12290603
0.48932764 0.12291412
0.48925992 0.12292221
0.48919221 0.12293029
0.48912450 0.12293836
0.48905679 0.12294643
0.48898908 0.12295450
0.48892138 0.12296256
0.48885367 0.12297061
0.48878596 0.12297866
0.48871826 0.12298671
0.48865056 0.12299474
0.48858285 0.12300278
0.48851515 0.12301081
0.48844745 0.12301883
0.48837975 0.12302685
0.48831205 0.12303486
0.48824435 0.12304287
0.48817666 0.12305087
0.48810896 0.12305887
0.48804126 0.12306686
0.48797357 0.12307485
0.48790588 0.12308283
0.48783818 0.12309081
0.48777049 0.12309878
0.48770280 0.12310675
0.48763511 0.12311471
0.48756743 0.12312267
0.48749974 0.12313062
0.48743205 0.12313856
0.48736437 0.12314650
0.48729668 0.12315444
0.48722900 0.12316237
0.48716132 0.12317030
0.48709363 0.12317822
0.48702595 0.12318613
0.48695827 0.12319404
0.48689059 0.12320195
0.48682292 0.12320985
0.48675524 0.12321774
0.48668756 0.12322563
0.48661989 0.12323351
0.48655222 0.12324139
0.48648454 0.12324927
0.48641687 0.12325714
0.48634920 0.12326500
0.48628153 0.12327286
0.48621386 0.12328071
0.48614619 0.12328856
0.48607853 0.12329640
0.48601086 0.12330424
0.48594320 0.12331207
0.48587553 0.12331990
0.48580787 0.12332772
0.48574021 0.12333554
0.48567255 0.12334335
0.48560489 0.12335116
0.48553723 0.12335896
0.48546957 0.12336676
0.48540191 0.12337455
0.48533426 0.12338233
0.48526660 0.12339012
0.48519895 0.12339789
0.48513129 0.12340566
0.48506364 0.12341343
0.48499599 0.12342119
0.48492834 0.12342894
0.48486069 0.12343669
0.48479304 0.12344444
0.48472540 0.12345218
0.48465775 0.12345991
0.48459011 0.12346764
0.48452246 0.12347537
0.48445482 0.12348308
0.48438718 0.12349080
0.48431954 0.12349851
0.48425190 0.12350621
0.48418426 0.12351391
0.48411662 0.12352160
0.48404898 0.12352929
0.48398135 0.12353697
0.48391371 0.12354465
0.48384608 0.12355232
0.48377845 0.12355999
0.48371082 0.12356765
0.48364318 0.12357531
0.48357556 0.12358296
0.48350793 0.12359061
0.48344030 0.12359825
0.48337267 0.12360589
0.48330505 0.12361352
0.48323742 0.12362114
0.48316980 0.12362876
0.48310218 0.12363638
0.48303456 0.12364399
0.48296693 0.12365159
0.48289932 0.12365919
0.48283170 0.12366679
0.48276408 0.12367438
0.48269646 0.12368196
0.48262885 0.12368954
0.48256123 0.12369712
0.48249362 0.12370469
0.48242601 0.12371225
0.48235840 0.12371981
0.48229079 0.12372736
0.48222318 0.12373491
0.48215557 0.12374245
0.48208796 0.12374999
0.48202036 0.12375752
0.48195275 0.12376505
0.48188515 0.12377257
0.48181755 0.12378009
0.48174995 0.12378760
0.48168235 0.12379511
0.48161475 0.12380261
0.48154715 0.12381011
0.48147955 0.12381760
0.48141195 0.12382509
0.48134436 0.12383257
0.48127676 0.12384004
0.48120917 0.12384751
0.48114158 0.12385498
0.48107399 0.12386244
0.48100640 0.12386990
0.48093881 0.12387735
0.48087122 0.12388479
0.48080363 0.12389223
0.48073605 0.12389966
0.48066846 0.12390709
0.48060088 0.12391452
0.48053330 0.12392194
0.48046572 0.12392935
0.48039814 0.12393676
0.48033056 0.12394416
0.48026298 0.12395156
0.48019540 0.12395895
0.48012783 0.12396634
0.48006025 0.12397372
0.47999268 0.12398110
0.47992510 0.12398847
0.47985753 0.12399584
0.47978996 0.12400320
0.47972239 0.12401056
0.47965482 0.12401791
0.47958726 0.12402526
0.47951969 0.12403260
0.47945212 0.12403993
0.47938456 0.12404726
0.47931700 0.12405459
0.47924944 0.12406191
0.47918187 0.12406922
0.47911431 0.12407653
0.47904676 0.12408384
0.47897920 0.12409114
0.47891164 0.12409843
0.47884409 0.12410572
0.47877653 0.12411301
0.47870898 0.12412028
0.47864143 0.12412756
0.47857387 0.12413483
0.47850632 0.12414209
0.47843878 0.12414935
0.47837123 0.12415660
0.47830368 0.12416385
0.47823614 0.12417109
0.47816859 0.12417833
0.47810105 0.12418556
0.47803351 0.12419279
0.47796596 0.12420001
0.47789842 0.12420723
0.47783088 0.12421444
0.47776335 0.12422164
0.47769581 0.12422884
0.47762827 0.12423604
0.47756074 0.12424323
0.47749321 0.12425042
0.47742567 0.12425760
0.47735814 0.12426477
0.47729061 0.12427194
0.47722308 0.12427911
0.47715556 0.12428627
0.47708803 0.12429342
0.47702050 0.12430057
0.47695298 0.12430771
0.47688546 0.12431485
0.47681793 0.12432199
0.47675041 0.12432911
0.47668289 0.12433624
0.47661537 0.12434335
0.47654786 0.12435047
0.47648034 0.12435757
0.47641282 0.12436468
0.47634531 0.12437177
0.47627780 0.12437887
0.47621028 0.12438595
0.47614277 0.12439303
0.47607526 0.12440011
0.47600775 0.12440718
0.47594025 0.12441425
0.47587274 0.12442131
0.47580523 0.12442836
0.47573773 0.12443541
0.47567023 0.12444246
0.47560273 0.12444950
0.47553522 0.12445653
0.47546772 0.12446356
0.47540023 0.12447059
0.47533273 0.12447761
0.47526523 0.12448462
0.47519774 0.12449163
0.47513024 0.12449863
0.47506275 0.12450563
0.47499526 0.12451263
0.47492777 0.12451961
0.47486028 0.12452660
0.47479279 0.12453357
0.47472530 0.12454055
0.47465782 0.12454751
0.47459033 0.12455448
0.47452285 0.12456143
0.47445537 0.12456838
0.47438789 0.12457533
0.47432041 0.12458227
0.47425293 0.12458921
0.47418545 0.12459614
0.47411797 0.12460306
0.47405050 0.12460999
0.47398302 0.12461690
0.47391555 0.12462381
0.47384808 0.12463072
0.47378061 0.12463761
0.47371314 0.12464451
0.47364567 0.12465140
0.47357820 0.12465828
0.47351073 0.12466516
0.47344327 0.12467203
0.47337581 0.12467890
0.47330834 0.12468577
0.47324088 0.12469262
0.47317342 0.12469948
0.47310596 0.12470632
0.47303850 0.12471317
0.47297105 0.12472000
0.47290359 0.12472684
0.47283614 0.12473366
0.47276868 0.12474048
0.47270123 0.12474730
0.47263378 0.12475411
0.47256633 0.12476092
0.47249888 0.12476772
0.47243144 0.12477451
0.47236399 0.12478131
0.47229654 0.12478809
0.47222910 0.12479487
0.47216166 0.12480165
0.47209422 0.12480841
0.47202678 0.12481518
0.47195934 0.12482194
0.47189190 0.12482869
0.47182446 0.12483544
0.47175703 0.12484218
0.47168959 0.12484892
0.47162216 0.12485566
0.47155473 0.12486238
0.47148730 0.12486911
0.47141987 0.12487582
0.47135244 0.12488254
0.47128501 0.12488924
0.47121759 0.12489595
0.47115016 0.12490264
0.47108274 0.12490933
0.47101532 0.12491602
0.47094789 0.12492270
0.47088047 0.12492938
0.47081306 0.12493605
0.47074564 0.12494271
0.47067822 0.12494937
0.47061081 0.12495603
0.47054339 0.12496268
0.47047598 0.12496932
0.47040857 0.12497596
0.47034116 0.12498260
0.47027375 0.12498923
0.47020634 0.12499585
0.47013894 0.12500247
0.47007153 0.12500908
0.47000413 0.12501569
0.46993672 0.12502229
0.46986932 0.12502889
0.46980192 0.12503548
0.46973452 0.12504207
0.46966712 0.12504865
0.46959973 0.12505523
0.46953233 0.12506180
0.46946494 0.12506837
0.46939754 0.12507493
0.46933015 0.12508148
0.46926276 0.12508803
0.46919537 0.12509458
0.46912798 0.12510112
0.46906060 0.12510766
0.46899321 0.12511419
0.46892583 0.12512071
0.46885844 0.12512723
0.46879106 0.12513374
0.46872368 0.12514025
0.46865630 0.12514676
0.46858892 0.12515326
0.46852155 0.12515975
0.46845417 0.12516624
0.46838680 0.12517272
0.46831942 0.12517920
0.46825205 0.12518567
0.46818468 0.12519214
0.46811731 0.12519860
0.46804994 0.12520506
0.46798257 0.12521151
0.46791521 0.12521796
0.46784784 0.12522440
0.46778048 0.12523084
0.46771312 0.12523727
0.46764576 0.12524369
0.46757840 0.12525011
0.46751104 0.12525653
0.46744368 0.12526294
0.46737633 0.12526934
0.46730897 0.12527574
0.46724162 0.12528214
0.46717427 0.12528853
0.46710691 0.12529491
0.46703957 0.12530129
0.46697222 0.12530766
0.46690487 0.12531403
0.46683752 0.12532040
0.46677018 0.12532675
0.46670284 0.12533311
0.46663549 0.12533945
0.46656815 0.12534580
0.46650081 0.12535213
0.46643348 0.12535846
0.46636614 0.12536479
0.46629880 0.12537111
0.46623147 0.12537743
0.46616414 0.12538374
0.46609680 0.12539005
0.46602947 0.12539635
0.46596214 0.12540264
0.46589482 0.12540893
0.46582749 0.12541522
0.46576016 0.12542150
0.46569284 0.12542777
0.46562552 0.12543404
0.46555819 0.12544031
0.46549087 0.12544656
0.46542356 0.12545282
0.46535624 0.12545907
0.46528892 0.12546531
0.46522161 0.12547155
0.46515429 0.12547778
0.46508698 0.12548401
0.46501967 0.12549023
0.46495236 0.12549645
0.46488505 0.12550266
0.46481774 0.12550887
0.46475044 0.12551507
0.46468313 0.12552127
0.46461583 0.12552746
0.46454852 0.12553364
0.46448122 0.12553982
0.46441392 0.12554600
0.46434663 0.12555217
0.46427933 0.12555833
0.46421203 0.12556449
0.46414474 0.12557065
0.46407744 0.12557680
0.46401015 0.12558294
0.46394286 0.12558908
0.46387557 0.12559522
0.46380829 0.12560134
0.46374100 0.12560747
0.46367371 0.12561359
0.46360643 0.12561970
0.46353915 0.12562581
0.46347186 0.12563191
0.46340458 0.12563801
0.46333731 0.12564410
0.46327003 0.12565018
0.46320275 0.12565627
0.46313548 0.12566234
0.46306820 0.12566841
0.46300093 0.12567448
0.46293366 0.12568054
0.46286639 0.12568660
0.46279912 0.12569265
0.46273186 0.12569869
0.46266459 0.12570473
0.46259733 0.12571077
0.46253006 0.12571680
0.46246280 0.12572282
0.46239554 0.12572884
0.46232828 0.12573485
0.46226102 0.12574086
0.46219377 0.12574686
0.46212651 0.12575286
0.46205926 0.12575886
0.46199201 0.12576484
0.46192476 0.12577083
0.46185751 0.12577680
0.46179026 0.12578277
0.46172301 0.12578874
0.46165576 0.12579470
0.46158852 0.12580066
0.46152128 0.12580661
0.46145404 0.12581256
0.46138680 0.12581850
0.46131956 0.12582443
0.46125232 0.12583036
0.46118508 0.12583629
0.46111785 0.12584221
0.46105061 0.12584812
0.46098338 0.12585403
0.46091615 0.12585994
0.46084892 0.12586584
0.46078169 0.12587173
0.46071447 0.12587762
0.46064724 0.12588350
0.46058002 0.12588938
0.46051279 0.12589525
0.46044557 0.12590112
0.46037835 0.12590698
0.46031113 0.12591284
0.46024392 0.12591869
0.46017670 0.12592454
0.46010949 0.12593038
0.46004227 0.12593622
0.45997506 0.12594205
0.45990785 0.12594787
0.45984064 0.12595369
0.45977343 0.12595951
0.45970623 0.12596532
0.45963902 0.12597112
0.45957182 0.12597692
0.45950461 0.12598272
0.45943741 0.12598851
0.45937021 0.12599429
0.45930302 0.12600007
0.45923582 0.12600585
0.45916862 0.12601161
0.45910143 0.12601738
0.45903424 0.12602314
0.45896704 0.12602889
0.45889985 0.12603464
0.45883267 0.12604038
0.45876548 0.12604612
0.45869829 0.12605185
0.45863111 0.12605757
0.45856392 0.12606330
0.45849674 0.12606901
0.45842956 0.12607472
0.45836238 0.12608043
0.45829521 0.12608613
0.45822803 0.12609183
0.45816085 0.12609752
0.45809368 0.12610320
0.45802651 0.12610888
0.45795934 0.12611455
0.45789217 0.12612022
0.45782500 0.12612589
0.45775783 0.12613155
0.45769067 0.12613720
0.45762351 0.12614285
0.45755634 0.12614849
0.45748918 0.12615413
0.45742202 0.12615976
0.45735486 0.12616539
0.45728771 0.12617101
0.45722055 0.12617663
0.45715340 0.12618224
0.45708625 0.12618785
0.45701909 0.12619345
0.45695194 0.12619905
0.45688480 0.12620464
0.45681765 0.12621022
0.45675050 0.12621580
0.45668336 0.12622138
0.45661622 0.12622695
0.45654908 0.12623252
0.45648194 0.12623808
0.45641480 0.12624363
0.45634766 0.12624918
0.45628052 0.12625472
0.45621339 0.12626026
0.45614626 0.12626580
0.45607913 0.12627132
0.45601200 0.12627685
0.45594487 0.12628237
0.45587774 0.12628788
0.45581061 0.12629339
0.45574349 0.12629889
0.45567637 0.12630439
0.45560925 0.12630988
0.45554213 0.12631536
0.45547501 0.12632085
0.45540789 0.12632632
0.45534077 0.12633179
0.45527366 0.12633726
0.45520655 0.12634272
0.45513944 0.12634817
0.45507233 0.12635362
0.45500522 0.12635907
0.45493811 0.12636451
0.45487100 0.12636994
0.45480390 0.12637537
0.45473680 0.12638080
0.45466970 0.12638622
0.45460260 0.12639163
0.45453550 0.12639704
0.45446840 0.12640244
0.45440130 0.12640784
0.45433421 0.12641323
0.45426712 0.12641862
0.45420003 0.12642400
0.45413294 0.12642938
0.45406585 0.12643475
0.45399876 0.12644012
0.45393167 0.12644548
0.45386459 0.12645083
0.45379751 0.12645619
0.45373043 0.12646153
0.45366335 0.12646687
0.45359627 0.12647221
0.45352919 0.12647754
0.45346212 0.12648286
0.45339504 0.12648818
0.45332797 0.12649350
0.45326090 0.12649881
0.45319383 0.12650411
0.45312676 0.12650941
0.45305969 0.12651470
0.45299263 0.12651999
0.45292556 0.12652527
0.45285850 0.12653055
0.45279144 0.12653582
0.45272438 0.12654109
0.45265732 0.12654635
0.45259027 0.12655161
0.45252321 0.12655686
0.45245616 0.12656211
0.45238911 0.12656735
0.45232206 0.12657259
0.45225501 0.12657782
0.45218796 0.12658304
0.45212091 0.12658827
0.45205387 0.12659348
0.45198683 0.12659869
0.45191978 0.12660390
0.45185274 0.12660910
0.45178570 0.12661429
0.45171867 0.12661948
0.45165163 0.12662466
0.45158460 0.12662984
0.45151756 0.12663502
0.45145053 0.12664018
0.45138350 0.12664535
0.45131647 0.12665051
0.45124945 0.12665566
0.45118242 0.12666081
0.45111540 0.12666595
0.45104838 0.12667108
0.45098135 0.12667622
0.45091433 0.12668134
0.45084732 0.12668646
0.45078030 0.12669158
0.45071328 0.12669669
0.45064627 0.12670180
0.45057926 0.12670690
0.45051225 0.12671199
0.45044524 0.12671708
0.45037823 0.12672217
0.45031123 0.12672725
0.45024422 0.12673232
0.45017722 0.12673739
0.45011022 0.12674246
0.45004322 0.12674752
0.44997622 0.12675257
0.44990922 0.12675762
0.44984223 0.12676266
0.44977523 0.12676770
0.44970824 0.12677273
0.44964125 0.12677776
0.44957426 0.12678278
0.44950727 0.12678780
0.44944028 0.12679281
0.44937330 0.12679782
0.44930632 0.12680282
0.44923933 0.12680782
0.44917235 0.12681281
0.44910537 0.12681779
0.44903840 0.12682277
0.44897142 0.12682775
0.44890445 0.12683272
0.44883747 0.12683768
0.44877050 0.12684264
0.44870353 0.12684760
0.44863656 0.12685255
0.44856960 0.12685749
0.44850263 0.12686243
0.44843567 0.12686736
0.44836871 0.12687229
0.44830175 0.12687722
0.44823479 0.12688213
0.44816783 0.12688705
0.44810087 0.12689195
0.44803392 0.12689686
0.44796696 0.12690175
0.44790001 0.12690665
0.44783306 0.12691153
0.44776611 0.12691641
0.44769917 0.12692129
0.44763222 0.12692616
0.44756528 0.12693103
0.44749834 0.12693589
0.44743140 0.12694074
0.44736446 0.12694559
0.44729752 0.12695044
0.44723058 0.12695528
0.44716365 0.12696011
0.44709671 0.12696494
0.44702978 0.12696977
0.44696285 0.12697459
0.44689592 0.12697940
0.44682900 0.12698421
0.44676207 0.12698901
0.44669515 0.12699381
0.44662823 0.12699860
0.44656131 0.12700339
0.44649439 0.12700817
0.44642747 0.12701295
0.44636055 0.12701772
0.44629364 0.12702249
0.44622673 0.12702725
0.44615981 0.12703201
0.44609290 0.12703676
0.44602600 0.12704151
0.44595909 0.12704625
0.44589218 0.12705098
0.44582528 0.12705571
0.44575838 0.12706044
0.44569148 0.12706516
0.44562458 0.12706987
0.44555768 0.12707458
0.44549079 0.12707929
0.44542389 0.12708399
0.44535700 0.12708868
0.44529011 0.12709337
0.44522322 0.12709805
0.44515633 0.12710273
0.44508945 0.12710741
0.44502256 0.12711207
0.44495568 0.12711674
0.44488880 0.12712139
0.44482192 0.12712605
0.44475504 0.12713069
0.44468816 0.12713534
0.44462129 0.12713997
0.44455441 0.12714460
0.44448754 0.12714923
0.44442067 0.12715385
0.44435380 0.12715847
0.44428693 0.12716308
0.44422007 0.12716768
0.44415320 0.12717228
0.44408634 0.12717688
0.44401948 0.12718147
0.44395262 0.12718605
0.44388576 0.12719063
0.44381891 0.12719521
0.44375205 0.12719978
0.44368520 0.12720434
0.44361835 0.12720890
0.44355150 0.12721345
0.44348465 0.12721800
0.44341780 0.12722254
0.44335096 0.12722708
0.44328411 0.12723161
0.44321727 0.12723614
0.44315043 0.12724066
0.44308359 0.12724518
0.44301676 0.12724969
0.44294992 0.12725420
0.44288309 0.12725870
0.44281625 0.12726320
0.44274942 0.12726769
0.44268259 0.12727217
0.44261577 0.12727665
0.44254894 0.12728113
0.44248212 0.12728560
0.44241529 0.12729006
0.44234847 0.12729452
0.44228165 0.12729898
0.44221484 0.12730343
0.44214802 0.12730787
0.44208121 0.12731231
0.44201439 0.12731674
0.44194758 0.12732117
0.44188077 0.12732560
0.44181396 0.12733001
0.44174716 0.12733443
0.44168035 0.12733883
0.44161355 0.12734324
0.44154675 0.12734763
0.44147995 0.12735203
0.44141315 0.12735641
0.44134635 0.12736079
0.44127956 0.12736517
0.44121276 0.12736954
0.44114597 0.12737391
0.44107918 0.12737827
0.44101239 0.12738263
0.44094561 0.12738698
0.44087882 0.12739132
0.44081204 0.12739566
0.44074526 0.12740000
0.44067847 0.12740433
0.44061170 0.12740865
0.44054492 0.12741297
0.44047814 0.12741728
0.44041137 0.12742159
0.44034460 0.12742590
0.44027783 0.12743019
0.44021106 0.12743449
0.44014429 0.12743878
0.44007752 0.12744306
0.44001076 0.12744734
0.43994400 0.12745161
0.43987724 0.12745588
0.43981048 0.12746014
0.43974372 0.12746440
0.43967697 0.12746865
0.43961021 0.12747289
0.43954346 0.12747714
0.43947671 0.12748137
0.43940996 0.12748560
0.43934321 0.12748983
0.43927647 0.12749405
0.43920972 0.12749826
0.43914298 0.12750247
0.43907624 0.12750668
0.43900950 0.12751088
0.43894276 0.12751507
0.43887603 0.12751926
0.43880929 0.12752345
0.43874256 0.12752763
0.43867583 0.12753180
0.43860910 0.12753597
0.43854237 0.12754013
0.43847564 0.12754429
0.43840892 0.12754844
0.43834220 0.12755259
0.43827548 0.12755673
0.43820876 0.12756087
0.43814204 0.12756500
0.43807532 0.12756913
0.43800861 0.12757325
0.43794190 0.12757737
0.43787519 0.12758148
0.43780848 0.12758559
0.43774177 0.12758969
0.43767506 0.12759378
0.43760836 0.12759787
0.43754166 0.12760196
0.43747496 0.12760604
0.43740826 0.12761012
0.43734156 0.12761419
0.43727486 0.12761825
0.43720817 0.12762231
0.43714148 0.12762636
0.43707479 0.12763041
0.43700810 0.12763446
0.43694141 0.12763850
0.43687473 0.12764253
0.43680804 0.12764656
0.43674136 0.12765058
0.43667468 0.12765460
0.43660800 0.12765861
0.43654132 0.12766262
0.43647465 0.12766662
0.43640797 0.12767062
0.43634130 0.12767461
0.43627463 0.12767860
0.43620796 0.12768258
0.43614130 0.12768656
0.43607463 0.12769053
0.43600797 0.12769449
0.43594130 0.12769846
0.43587464 0.12770241
0.43580799 0.12770636
0.43574133 0.12771031
0.43567467 0.12771425
0.43560802 0.12771818
0.43554137 0.12772211
0.43547472 0.12772604
0.43540807 0.12772996
0.43534142 0.12773387
0.43527478 0.12773778
0.43520814 0.12774168
0.43514150 0.12774558
0.43507486 0.12774948
0.43500822 0.12775336
0.43494158 0.12775725
0.43487495 0.12776113
0.43480831 0.12776500
0.43474168 0.12776887
0.43467505 0.12777273
0.43460843 0.12777659
0.43454180 0.12778044
0.43447518 0.12778428
0.43440855 0.12778813
0.43434193 0.12779196
0.43427531 0.12779579
0.43420870 0.12779962
0.43414208 0.12780344
0.43407547 0.12780726
0.43400886 0.12781107
0.43394224 0.12781487
0.43387564 0.12781867
0.43380903 0.12782247
0.43374242 0.12782626
0.43367582 0.12783004
0.43360922 0.12783382
0.43354262 0.12783760
0.43347602 0.12784137
0.43340942 0.12784513
0.43334283 0.12784889
0.43327624 0.12785264
0.43320965 0.12785639
0.43314306 0.12786013
0.43307647 0.12786387
0.43300988 0.12786761
0.43294330 0.12787133
0.43287672 0.12787506
0.43281013 0.12787877
0.43274356 0.12788249
0.43267698 0.12788619
0.43261040 0.12788989
0.43254383 0.12789359
0.43247726 0.12789728
0.43241069 0.12790097
0.43234412 0.12790465
0.43227755 0.12790833
0.43221099 0.12791200
0.43214442 0.12791566
0.43207786 0.12791932
0.43201130 0.12792298
0.43194474 0.12792663
0.43187819 0.12793027
0.43181163 0.12793391
0.43174508 0.12793755
0.43167853 0.12794118
0.43161198 0.12794480
0.43154543 0.12794842
0.43147889 0.12795203
0.43141234 0.12795564
0.43134580 0.12795925
0.43127926 0.12796284
0.43121272 0.12796644
0.43114619 0.12797003
0.43107965 0.12797361
0.43101312 0.12797719
0.43094659 0.12798076
0.43088006 0.12798433
0.43081353 0.12798789
0.43074700 0.12799145
0.43068048 0.12799500
0.43061396 0.12799854
0.43054743 0.12800209
0.43048092 0.12800562
0.43041440 0.12800915
0.43034788 0.12801268
0.43028137 0.12801620
0.43021486 0.12801972
0.43014835 0.12802323
0.43008184 0.12802673
0.43001533 0.12803023
0.42994883 0.12803373
0.42988232 0.12803722
0.42981582 0.12804070
0.42974932 0.12804418
0.42968283 0.12804765
0.42961633 0.12805112
0.42954984 0.12805459
0.42948334 0.12805805
0.42941685 0.12806150
0.42935037 0.12806495
0.42928388 0.12806839
0.42921739 0.12807183
0.42915091 0.12807526
0.42908443 0.12807869
0.42901795 0.12808211
0.42895147 0.12808553
0.42888500 0.12808894
0.42881852 0.12809235
0.42875205 0.12809575
0.42868558 0.12809915
0.42861911 0.12810254
0.42855264 0.12810593
0.42848618 0.12810931
0.42841971 0.12811269
0.42835325 0.12811606
0.42828679 0.12811942
0.42822034 0.12812278
0.42815388 0.12812614
0.42808742 0.12812949
0.42802097 0.12813283
0.42795452 0.12813617
0.42788807 0.12813951
0.42782163 0.12814284
0.42775518 0.12814616
0.42768874 0.12814948
0.42762230 0.12815280
0.42755586 0.12815611
0.42748942 0.12815941
0.42742298 0.12816271
0.42735655 0.12816600
0.42729012 0.12816929
0.42722368 0.12817257
0.42715726 0.12817585
0.42709083 0.12817913
0.42702440 0.12818239
0.42695798 0.12818566
0.42689156 0.12818891
0.42682514 0.12819217
0.42675872 0.12819541
0.42669231 0.12819866
0.42662589 0.12820189
0.42655948 0.12820512
0.42649307 0.12820835
0.42642666 0.12821157
0.42636025 0.12821479
0.42629385 0.12821800
0.42622745 0.12822121
0.42616104 0.12822441
0.42609464 0.12822760
0.42602825 0.12823079
0.42596185 0.12823398
0.42589546 0.12823716
0.42582907 0.12824033
0.42576268 0.12824350
0.42569629 0.12824667
0.42562990 0.12824983
0.42556352 0.12825298
0.42549713 0.12825613
0.42543075 0.12825928
0.42536437 0.12826241
0.42529800 0.12826555
0.42523162 0.12826868
0.42516525 0.12827180
0.42509888 0.12827492
0.42503251 0.12827803
0.42496614 0.12828114
0.42489977 0.12828424
0.42483341 0.12828734
0.42476705 0.12829043
0.42470068 0.12829352
0.42463433 0.12829660
0.42456797 0.12829968
0.42450161 0.12830275
0.42443526 0.12830582
0.42436891 0.12830888
0.42430256 0.12831194
0.42423621 0.12831499
0.42416987 0.12831804
0.42410352 0.12832108
0.42403718 0.12832411
0.42397084 0.12832715
0.42390450 0.12833017
0.42383817 0.12833319
0.42377183 0.12833621
0.42370550 0.12833922
0.42363917 0.12834222
0.42357284 0.12834522
0.42350652 0.12834822
0.42344019 0.12835121
0.42337387 0.12835419
0.42330755 0.12835717
0.42324123 0.12836015
0.42317491 0.12836312
0.42310859 0.12836608
0.42304228 0.12836904
0.42297597 0.12837199
0.42290966 0.12837494
0.42284335 0.12837788
0.42277705 0.12838082
0.42271074 0.12838376
0.42264444 0.12838668
0.42257814 0.12838961
0.42251184 0.12839253
0.42244554 0.12839544
0.42237925 0.12839835
0.42231296 0.12840125
0.42224667 0.12840415
0.42218038 0.12840704
0.42211409 0.12840992
0.42204780 0.12841281
0.42198152 0.12841568
0.42191524 0.12841856
0.42184896 0.12842142
0.42178268 0.12842428
0.42171641 0.12842714
0.42165013 0.12842999
0.42158386 0.12843284
0.42151759 0.12843568
0.42145132 0.12843851
0.42138506 0.12844134
0.42131879 0.12844417
0.42125253 0.12844699
0.42118627 0.12844980
0.42112001 0.12845261
0.42105376 0.12845542
0.42098750 0.12845822
0.42092125 0.12846101
0.42085500 0.12846380
0.42078875 0.12846659
0.42072250 0.12846937
0.42065626 0.12847214
0.42059001 0.12847491
0.42052377 0.12847767
0.42045753 0.12848043
0.42039130 0.12848319
0.42032506 0.12848594
0.42025883 0.12848868
0.42019260 0.12849142
0.42012637 0.12849415
0.42006014 0.12849688
0.41999391 0.12849960
0.41992769 0.12850232
0.41986147 0.12850503
0.41979525 0.12850774
0.41972903 0.12851044
0.41966281 0.12851314
0.41959660 0.12851583
0.41953039 0.12851852
0.41946418 0.12852120
0.41939797 0.12852388
0.41933176 0.12852655
0.41926556 0.12852921
0.41919935 0.12853188
0.41913315 0.12853453
0.41906695 0.12853718
0.41900076 0.12853983
0.41893456 0.12854247
0.41886837 0.12854511
0.41880218 0.12854774
0.41873599 0.12855036
0.41866980 0.12855298
0.41860362 0.12855560
0.41853744 0.12855821
0.41847125 0.12856081
0.41840507 0.12856341
0.41833890 0.12856601
0.41827272 0.12856860
0.41820655 0.12857118
0.41814038 0.12857376
0.41807421 0.12857634
0.41800804 0.12857891
0.41794188 0.12858147
0.41787571 0.12858403
0.41780955 0.12858658
0.41774339 0.12858913
0.41767723 0.12859168
0.41761108 0.12859421
0.41754492 0.12859675
0.41747877 0.12859928
0.41741262 0.12860180
0.41734647 0.12860432
0.41728033 0.12860683
0.41721418 0.12860934
0.41714804 0.12861184
0.41708190 0.12861434
0.41701577 0.12861683
0.41694963 0.12861932
0.41688350 0.12862180
0.41681736 0.12862428
0.41675123 0.12862675
0.41668511 0.12862922
0.41661898 0.12863168
0.41655285 0.12863414
0.41648673 0.12863659
0.41642061 0.12863904
0.41635449 0.12864148
0.41628838 0.12864391
0.41622226 0.12864634
0.41615615 0.12864877
0.41609004 0.12865119
0.41602393 0.12865361
0.41595783 0.12865602
0.41589172 0.12865842
0.41582562 0.12866083
0.41575952 0.12866322
0.41569342 0.12866561
0.41562733 0.12866800
0.41556123 0.12867038
0.41549514 0.12867275
0.41542905 0.12867512
0.41536296 0.12867749
0.41529687 0.12867985
0.41523079 0.12868220
0.41516471 0.12868455
0.41509863 0.12868690
0.41503255 0.12868924
0.41496647 0.12869157
0.41490040 0.12869390
0.41483433 0.12869622
0.41476826 0.12869854
0.41470219 0.12870086
0.41463612 0.12870317
0.41457006 0.12870547
0.41450399 0.12870777
0.41443793 0.12871006
0.41437188 0.12871235
0.41430582 0.12871463
0.41423977 0.12871691
0.41417371 0.12871918
0.41410766 0.12872145
0.41404162 0.12872372
0.41397557 0.12872597
0.41390953 0.12872823
0.41384348 0.12873047
0.41377744 0.12873272
0.41371140 0.12873495
0.41364537 0.12873719
0.41357933 0.12873941
0.41351330 0.12874164
0.41344727 0.12874385
0.41338124 0.12874607
0.41331522 0.12874827
0.41324919 0.12875047
0.41318317 0.12875267
0.41311715 0.12875486
0.41305114 0.12875705
0.41298512 0.12875923
0.41291911 0.12876141
0.41285309 0.12876358
0.41278708 0.12876575
0.41272108 0.12876791
0.41265507 0.12877006
0.41258907 0.12877221
0.41252307 0.12877436
0.41245707 0.12877650
0.41239107 0.12877864
0.41232507 0.12878077
0.41225908 0.12878289
0.41219309 0.12878501
0.41212710 0.12878713
0.41206111 0.12878924
0.41199513 0.12879134
0.41192914 0.12879344
0.41186316 0.12879554
0.41179718 0.12879763
0.41173121 0.12879971
0.41166523 0.12880179
0.41159926 0.12880387
0.41153329 0.12880594
0.41146732 0.12880800
0.41140135 0.12881006
0.41133539 0.12881212
0.41126942 0.12881417
0.41120346 0.12881621
0.41113751 0.12881825
0.41107155 0.12882028
0.41100559 0.12882231
0.41093964 0.12882434
0.41087369 0.12882636
0.41080774 0.12882837
0.41074180 0.12883038
0.41067585 0.12883238
0.41060991 0.12883438
0.41054397 0.12883637
0.41047803 0.12883836
0.41041210 0.12884035
0.41034616 0.12884233
0.41028023 0.12884430
0.41021430 0.12884627
0.41014837 0.12884823
0.41008245 0.12885019
0.41001652 0.12885214
0.40995060 0.12885409
0.40988468 0.12885603
0.40981877 0.12885797
0.40975285 0.12885990
0.40968694 0.12886183
0.40962103 0.12886375
0.40955512 0.12886567
0.40948921 0.12886758
0.40942331 0.12886949
0.40935740 0.12887139
0.40929150 0.12887329
0.40922561 0.12887518
0.40915971 0.12887707
0.40909381 0.12887895
0.40902792 0.12888083
0.40896203 0.12888270
0.40889614 0.12888457
0.40883026 0.12888643
0.40876437 0.12888828
0.40869849 0.12889014
0.40863261 0.12889198
0.40856674 0.12889382
0.40850086 0.12889566
0.40843499 0.12889749
0.40836912 0.12889932
0.40830325 0.12890114
0.40823738 0.12890296
0.40817151 0.12890477
0.40810565 0.12890657
0.40803979 0.12890837
0.40797393 0.12891017
0.40790807 0.12891196
0.40784222 0.12891375
0.40777637 0.12891553
0.40771052 0.12891730
0.40764467 0.12891907
0.40757882 0.12892084
0.40751298 0.12892260
0.40744714 0.12892436
0.40738130 0.12892611
0.40731546 0.12892785
0.40724962 0.12892959
0.40718379 0.12893133
0.40711796 0.12893306
0.40705213 0.12893478
0.40698630 0.12893650
0.40692048 0.12893822
0.40685466 0.12893993
0.40678883 0.12894163
0.40672302 0.12894333
0.40665720 0.12894503
0.40659139 0.12894672
0.40652557 0.12894840
0.40645976 0.12895008
0.40639395 0.12895176
0.40632815 0.12895343
0.40626235 0.12895509
0.40619654 0.12895675
0.40613074 0.12895840
0.40606495 0.12896005
0.40599915 0.12896170
0.40593336 0.12896334
0.40586757 0.12896497
0.40580178 0.12896660
0.40573599 0.12896823
0.40567021 0.12896984
0.40560442 0.12897146
0.40553864 0.12897307
0.40547287 0.12897467
0.40540709 0.12897627
0.40534132 0.12897786
0.40527554 0.12897945
0.40520978 0.12898104
0.40514401 0.12898262
0.40507824 0.12898419
0.40501248 0.12898576
0.40494672 0.12898732
0.40488096 0.12898888
0.40481520 0.12899044
0.40474945 0.12899198
0.40468370 0.12899353
0.40461795 0.12899507
0.40455220 0.12899660
0.40448645 0.12899813
0.40442071 0.12899965
0.40435497 0.12900117
0.40428923 0.12900268
0.40422349 0.12900419
0.40415775 0.12900569
0.40409202 0.12900719
0.40402629 0.12900869
0.40396056 0.12901017
0.40389483 0.12901166
0.40382911 0.12901314
0.40376339 0.12901461
0.40369767 0.12901608
0.40363195 0.12901754
0.40356623 0.12901900
0.40350052 0.12902045
0.40343481 0.12902190
0.40336910 0.12902334
0.40330339 0.12902478
0.40323769 0.12902621
0.40317199 0.12902764
0.40310628 0.12902906
0.40304059 0.12903048
0.40297489 0.12903189
0.40290920 0.12903330
0.40284350 0.12903470
0.40277781 0.12903610
0.40271213 0.12903749
0.40264644 0.12903888
0.40258076 0.12904026
0.40251508 0.12904164
0.40244940 0.12904301
0.40238372 0.12904438
0.40231805 0.12904574
0.40225238 0.12904710
0.40218671 0.12904845
0.40212104 0.12904980
0.40205537 0.12905114
0.40198971 0.12905248
0.40192405 0.12905381
0.40185839 0.12905514
0.40179273 0.12905646
0.40172708 0.12905778
0.40166142 0.12905909
0.40159577 0.12906040
0.40153013 0.12906170
0.40146448 0.12906300
0.40139884 0.12906429
0.40133319 0.12906558
0.40126756 0.12906686
0.40120192 0.12906814
0.40113628 0.12906941
0.40107065 0.12907068
0.40100502 0.12907194
0.40093939 0.12907320
0.40087377 0.12907445
0.40080814 0.12907570
0.40074252 0.12907694
0.40067690 0.12907818
0.40061128 0.12907941
0.40054567 0.12908064
0.40048005 0.12908186
0.40041444 0.12908307
0.40034884 0.12908429
0.40028323 0.12908549
0.40021762 0.12908670
0.40015202 0.12908789
0.40008642 0.12908909
0.40002083 0.12909027
0.39995523 0.12909145
0.39988964 0.12909263
0.39982405 0.12909380
0.39975846 0.12909497
0.39969287 0.12909613
0.39962729 0.12909729
0.39956171 0.12909844
0.39949613 0.12909959
0.39943055 0.12910073
0.39936497 0.12910187
0.39929940 0.12910300
0.39923383 0.12910413
0.39916826 0.12910525
0.39910270 0.12910637
0.39903713 0.12910748
0.39897157 0.12910858
0.39890601 0.12910969
0.39884045 0.12911078
0.39877490 0.12911188
0.39870934 0.12911296
0.39864379 0.12911404
0.39857825 0.12911512
0.39851270 0.12911619
0.39844716 0.12911726
0.39838161 0.12911832
0.39831607 0.12911938
0.39825054 0.12912043
0.39818500 0.12912148
0.39811947 0.12912252
0.39805394 0.12912356
0.39798841 0.12912459
0.39792288 0.12912562
0.39785736 0.12912664
0.39779184 0.12912766
0.39772632 0.12912867
0.39766080 0.12912968
0.39759529 0.12913068
0.39752978 0.12913167
0.39746427 0.12913267
0.39739876 0.12913365
0.39733325 0.12913464
0.39726775 0.12913561
0.39720225 0.12913659
0.39713675 0.12913755
0.39707125 0.12913852
0.39700576 0.12913947
0.39694026 0.12914042
0.39687477 0.12914137
0.39680929 0.12914231
0.39674380 0.12914325
0.39667832 0.12914418
0.39661284 0.12914511
0.39654736 0.12914603
0.39648188 0.12914695
0.39641641 0.12914786
0.39635094 0.12914877
0.39628547 0.12914967
0.39622000 0.12915057
0.39615453 0.12915146
0.39608907 0.12915235
0.39602361 0.12915323
0.39595815 0.12915411
0.39589270 0.12915498
0.39582724 0.12915585
0.39576179 0.12915671
0.39569634 0.12915757
0.39563090 0.12915842
0.39556545 0.12915927
0.39550001 0.12916012
0.39543457 0.12916095
0.39536913 0.12916179
0.39530370 0.12916261
0.39523826 0.12916344
0.39517283 0.12916425
0.39510740 0.12916507
0.39504198 0.12916588
0.39497655 0.12916668
0.39491113 0.12916748
0.39484571 0.12916827
0.39478030 0.12916906
0.39471488 0.12916984
0.39464947 0.12917062
0.39458406 0.12917139
0.39451865 0.12917216
0.39445325 0.12917292
0.39438784 0.12917368
0.39432244 0.12917444
0.39425704 0.12917518
0.39419165 0.12917593
0.39412625 0.12917667
0.39406086 0.12917740
0.39399547 0.12917813
0.39393008 0.12917885
0.39386470 0.12917957
0.39379932 0.12918028
0.39373394 0.12918099
0.39366856 0.12918170
0.39360318 0.12918239
0.39353781 0.12918309
0.39347244 0.12918378
0.39340707 0.12918446
0.39334170 0.12918514
0.39327634 0.12918581
0.39321098 0.12918648
0.39314562 0.12918715
0.39308026 0.12918781
0.39301490 0.12918846
0.39294955 0.12918911
0.39288420 0.12918975
0.39281885 0.12919039
0.39275351 0.12919103
0.39268816 0.12919166
0.39262282 0.12919228
0.39255749 0.12919290
0.39249215 0.12919352
0.39242681 0.12919413
0.39236148 0.12919473
0.39229615 0.12919533
0.39223083 0.12919592
0.39216550 0.12919651
0.39210018 0.12919710
0.39203486 0.12919768
0.39196954 0.12919825
0.39190423 0.12919882
0.39183891 0.12919939
0.39177360 0.12919995
0.39170829 0.12920050
0.39164299 0.12920105
0.39157769 0.12920160
0.39151238 0.12920214
0.39144708 0.12920268
0.39138179 0.12920321
0.39131649 0.12920373
0.39125120 0.12920425
0.39118591 0.12920477
0.39112062 0.12920528
0.39105534 0.12920578
0.39099006 0.12920629
0.39092478 0.12920678
0.39085950 0.12920727
0.39079422 0.12920776
0.39072895 0.12920824
0.39066368 0.12920872
0.39059841 0.12920919
0.39053315 0.12920965
0.39046788 0.12921011
0.39040262 0.12921057
0.39033736 0.12921102
0.39027210 0.12921147
0.39020685 0.12921191
0.39014160 0.12921235
0.39007635 0.12921278
0.39001110 0.12921321
0.38994586 0.12921363
0.38988061 0.12921405
0.38981537 0.12921446
0.38975014 0.12921486
0.38968490 0.12921527
0.38961967 0.12921566
0.38955444 0.12921606
0.38948921 0.12921644
0.38942398 0.12921683
0.38935876 0.12921720
0.38929354 0.12921758
0.38922832 0.12921794
0.38916310 0.12921831
0.38909789 0.12921866
0.38903268 0.12921902
0.38896747 0.12921937
0.38890226 0.12921971
0.38883705 0.12922005
0.38877185 0.12922038
0.38870665 0.12922071
0.38864145 0.12922103
0.38857626 0.12922135
0.38851107 0.12922166
0.38844588 0.12922197
0.38838069 0.12922228
0.38831550 0.12922258
0.38825032 0.12922287
0.38818514 0.12922316
0.38811996 0.12922344
0.38805478 0.12922372
0.38798961 0.12922400
0.38792444 0.12922426
0.38785927 0.12922453
0.38779410 0.12922479
0.38772894 0.12922504
0.38766378 0.12922529
0.38759862 0.12922554
0.38753346 0.12922578
0.38746831 0.12922601
0.38740315 0.12922624
0.38733800 0.12922647
0.38727286 0.12922669
0.38720771 0.12922690
0.38714257 0.12922711
0.38707743 0.12922732
0.38701229 0.12922752
0.38694716 0.12922772
0.38688202 0.12922791
0.38681689 0.12922809
0.38675177 0.12922827
0.38668664 0.12922845
0.38662152 0.12922862
0.38655640 0.12922879
0.38649128 0.12922895
0.38642616 0.12922910
0.38636105 0.12922926
0.38629594 0.12922940
0.38623083 0.12922954
0.38616572 0.12922968
0.38610062 0.12922981
0.38603552 0.12922994
0.38597042 0.12923006
0.38590532 0.12923018
0.38584022 0.12923029
0.38577513 0.12923040
0.38571004 0.12923050
0.38564496 0.12923060
0.38557987 0.12923069
0.38551479 0.12923078
0.38544971 0.12923086
0.38538463 0.12923094
0.38531956 0.12923102
0.38525449 0.12923108
0.38518941 0.12923115
0.38512435 0.12923121
0.38505928 0.12923126
0.38499422 0.12923131
0.38492916 0.12923135
0.38486410 0.12923139
0.38479905 0.12923143
0.38473399 0.12923145
0.38466894 0.12923148
0.38460389 0.12923150
0.38453885 0.12923151
0.38447380 0.12923152
0.38440876 0.12923153
0.38434373 0.12923153
0.38427869 0.12923152
0.38421366 0.12923151
0.38414862 0.12923150
0.38408360 0.12923148
0.38401857 0.12923145
0.38395355 0.12923142
0.38388852 0.12923139
0.38382351 0.12923135
0.38375849 0.12923131
0.38369348 0.12923126
0.38362846 0.12923120
0.38356346 0.12923115
0.38349845 0.12923108
0.38343344 0.12923101
0.38336844 0.12923094
0.38330344 0.12923086
0.38323845 0.12923078
0.38317345 0.12923069
0.38310846 0.12923060
0.38304347 0.12923050
0.38297848 0.12923040
0.38291350 0.12923029
0.38284852 0.12923018
0.38278354 0.12923006
0.38271856 0.12922994
0.38265359 0.12922981
0.38258861 0.12922968
0.38252364 0.12922955
0.38245868 0.12922940
0.38239371 0.12922926
0.38232875 0.12922911
0.38226379 0.12922895
0.38219883 0.12922879
0.38213388 0.12922862
0.38206893 0.12922845
0.38200398 0.12922828
0.38193903 0.12922810
0.38187408 0.12922791
0.38180914 0.12922772
0.38174420 0.12922753
0.38167926 0.12922733
0.38161433 0.12922712
0.38154940 0.12922691
0.38148447 0.12922670
0.38141954 0.12922648
0.38135461 0.12922625
0.38128969 0.12922603
0.38122477 0.12922579
0.38115985 0.12922555
0.38109494 0.12922531
0.38103003 0.12922506
0.38096511 0.12922481
0.38090021 0.12922455
0.38083530 0.12922429
0.38077040 0.12922402
0.38070550 0.12922375
0.38064060 0.12922347
0.38057571 0.12922319
0.38051081 0.12922290
0.38044592 0.12922261
0.38038104 0.12922231
0.38031615 0.12922201
0.38025127 0.12922170
0.38018639 0.12922139
0.38012151 0.12922107
0.38005663 0.12922075
0.37999176 0.12922043
0.37992689 0.12922010
0.37986202 0.12921976
0.37979716 0.12921942
0.37973230 0.12921908
0.37966744 0.12921872
0.37960258 0.12921837
0.37953772 0.12921801
0.37947287 0.12921765
0.37940802 0.12921728
0.37934317 0.12921690
0.37927833 0.12921652
0.37921348 0.12921614
0.37914864 0.12921575
0.37908381 0.12921536
0.37901897 0.12921496
0.37895414 0.12921455
0.37888931 0.12921414
0.37882448 0.12921373
0.37875966 0.12921331
0.37869483 0.12921289
0.37863001 0.12921246
0.37856520 0.12921203
0.37850038 0.12921159
0.37843557 0.12921115
0.37837076 0.12921070
0.37830595 0.12921025
0.37824115 0.12920980
0.37817635 0.12920933
0.37811155 0.12920887
0.37804675 0.12920840
0.37798195 0.12920792
0.37791716 0.12920744
0.37785237 0.12920696
0.37778759 0.12920646
0.37772280 0.12920597
0.37765802 0.12920547
0.37759324 0.12920496
0.37752846 0.12920445
0.37746369 0.12920394
0.37739892 0.12920342
0.37733415 0.12920290
0.37726938 0.12920237
0.37720462 0.12920183
0.37713985 0.12920130
0.37707510 0.12920075
0.37701034 0.12920020
0.37694558 0.12919965
0.37688083 0.12919909
0.37681608 0.12919853
0.37675134 0.12919796
0.37668659 0.12919739
0.37662185 0.12919681
0.37655711 0.12919623
0.37649238 0.12919564
0.37642764 0.12919505
0.37636291 0.12919446
0.37629818 0.12919385
0.37623346 0.12919325
0.37616874 0.12919264
0.37610401 0.12919202
0.37603930 0.12919140
0.37597458 0.12919078
0.37590987 0.12919015
0.37584516 0.12918951
0.37578045 0.12918887
0.37571574 0.12918823
0.37565104 0.12918758
0.37558634 0.12918692
0.37552164 0.12918626
0.37545695 0.12918560
0.37539226 0.12918493
0.37532757 0.12918426
0.37526288 0.12918358
0.37519819 0.12918290
0.37513351 0.12918221
0.37506883 0.12918152
0.37500415 0.12918082
0.37493948 0.12918012
0.37487481 0.12917941
0.37481014 0.12917870
0.37474547 0.12917798
0.37468081 0.12917726
0.37461615 0.12917654
0.37455149 0.12917580
0.37448683 0.12917507
0.37442218 0.12917433
0.37435752 0.12917358
0.37429288 0.12917283
0.37422823 0.12917208
0.37416359 0.12917132
0.37409894 0.12917055
0.37403431 0.12916978
0.37396967 0.12916901
0.37390504 0.12916823
0.37384041 0.12916745
0.37377578 0.12916666
0.37371115 0.12916587
0.37364653 0.12916507
0.37358191 0.12916426
0.37351729 0.12916346
0.37345268 0.12916264
0.37338807 0.12916183
0.37332346 0.12916101
0.37325885 0.12916018
0.37319424 0.12915935
0.37312964 0.12915851
0.37306504 0.12915767
0.37300045 0.12915682
0.37293585 0.12915597
0.37287126 0.12915512
0.37280667 0.12915426
0.37274208 0.12915339
0.37267750 0.12915252
0.37261292 0.12915165
0.37254834 0.12915077
0.37248376 0.12914989
0.37241919 0.12914900
0.37235462 0.12914810
0.37229005 0.12914720
0.37222549 0.12914630
0.37216092 0.12914539
0.37209636 0.12914448
0.37203181 0.12914356
0.37196725 0.12914264
0.37190270 0.12914171
0.37183815 0.12914078
0.37177360 0.12913984
0.37170906 0.12913890
0.37164452 0.12913796
0.37157998 0.12913701
0.37151544 0.12913605
0.37145091 0.12913509
0.37138637 0.12913412
0.37132184 0.12913315
0.37125732 0.12913218
0.37119280 0.12913120
0.37112827 0.12913022
0.37106376 0.12912923
0.37099924 0.12912823
0.37093473 0.12912723
0.37087022 0.12912623
0.37080571 0.12912522
0.37074120 0.12912421
0.37067670 0.12912319
0.37061220 0.12912217
0.37054770 0.12912114
0.37048321 0.12912011
0.37041872 0.12911907
0.37035423 0.12911803
0.37028974 0.12911699
0.37022526 0.12911594
0.37016078 0.12911488
0.37009630 0.12911382
0.37003182 0.12911276
0.36996735 0.12911169
0.36990288 0.12911061
0.36983841 0.12910953
0.36977395 0.12910845
0.36970948 0.12910736
0.36964502 0.12910626
0.36958056 0.12910517
0.36951611 0.12910406
0.36945166 0.12910295
0.36938721 0.12910184
0.36932276 0.12910072
0.36925832 0.12909960
0.36919388 0.12909848
0.36912944 0.12909734
0.36906500 0.12909621
0.36900057 0.12909507
0.36893614 0.12909392
0.36887171 0.12909277
0.36880728 0.12909161
0.36874286 0.12909045
0.36867844 0.12908929
0.36861402 0.12908812
0.36854961 0.12908695
0.36848519 0.12908577
0.36842079 0.12908458
0.36835638 0.12908339
0.36829197 0.12908220
0.36822757 0.12908100
0.36816317 0.12907980
0.36809878 0.12907859
0.36803438 0.12907738
0.36796999 0.12907616
0.36790561 0.12907494
0.36784122 0.12907372
0.36777684 0.12907248
0.36771246 0.12907125
0.36764808 0.12907001
0.36758370 0.12906876
0.36751933 0.12906751
0.36745496 0.12906626
0.36739060 0.12906500
0.36732623 0.12906373
0.36726187 0.12906246
0.36719751 0.12906119
0.36713316 0.12905991
0.36706880 0.12905863
0.36700445 0.12905734
0.36694011 0.12905605
0.36687576 0.12905475
0.36681142 0.12905345
0.36674708 0.12905214
0.36668274 0.12905083
0.36661841 0.12904951
0.36655407 0.12904819
0.36648975 0.12904687
0.36642542 0.12904554
0.36636110 0.12904420
0.36629678 0.12904286
0.36623246 0.12904152
0.36616814 0.12904017
0.36610383 0.12903881
0.36603952 0.12903746
0.36597521 0.12903609
0.36591091 0.12903472
0.36584660 0.12903335
0.36578231 0.12903197
0.36571801 0.12903059
0.36565372 0.12902921
0.36558942 0.12902781
0.36552514 0.12902642
0.36546085 0.12902502
0.36539657 0.12902361
0.36533229 0.12902220
0.36526801 0.12902078
0.36520373 0.12901936
0.36513946 0.12901794
0.36507519 0.12901651
0.36501093 0.12901508
0.36494666 0.12901364
0.36488240 0.12901219
0.36481814 0.12901075
0.36475389 0.12900929
0.36468963 0.12900784
0.36462538 0.12900637
0.36456114 0.12900491
0.36449689 0.12900344
0.36443265 0.12900196
0.36436841 0.12900048
0.36430417 0.12899899
0.36423994 0.12899750
0.36417571 0.12899601
0.36411148 0.12899451
0.36404725 0.12899300
0.36398303 0.12899149
0.36391881 0.12898998
0.36385459 0.12898846
0.36379038 0.12898694
0.36372617 0.12898541
0.36366196 0.12898388
0.36359775 0.12898234
0.36353355 0.12898080
0.36346934 0.12897925
0.36340515 0.12897770
0.36334095 0.12897614
0.36327676 0.12897458
0.36321257 0.12897302
0.36314838 0.12897145
0.36308420 0.12896987
0.36302001 0.12896829
0.36295584 0.12896671
0.36289166 0.12896512
0.36282749 0.12896353
0.36276331 0.12896193
0.36269915 0.12896032
0.36263498 0.12895872
0.36257082 0.12895710
0.36250666 0.12895549
0.36244250 0.12895387
0.36237835 0.12895224
0.36231420 0.12895061
0.36225005 0.12894897
0.36218590 0.12894733
0.36212176 0.12894569
0.36205762 0.12894404
0.36199348 0.12894238
0.36192934 0.12894072
0.36186521 0.12893906
0.36180108 0.12893739
0.36173696 0.12893572
0.36167283 0.12893404
0.36160871 0.12893236
0.36154459 0.12893067
0.36148048 0.12892898
0.36141636 0.12892728
0.36135225 0.12892558
0.36128815 0.12892388
0.36122404 0.12892217
0.36115994 0.12892045
0.36109584 0.12891873
0.36103174 0.12891701
0.36096765 0.12891528
0.36090356 0.12891354
0.36083947 0.12891181
0.36077539 0.12891006
0.36071130 0.12890831
0.36064723 0.12890656
0.36058315 0.12890481
0.36051907 0.12890304
0.36045500 0.12890128
0.36039094 0.12889951
0.36032687 0.12889773
0.36026281 0.12889595
0.36019875 0.12889417
0.36013469 0.12889238
0.36007064 0.12889058
0.36000658 0.12888878
0.35994253 0.12888698
0.35987849 0.12888517
0.35981445 0.12888336
0.35975040 0.12888154
0.35968637 0.12887972
0.35962233 0.12887789
0.35955830 0.12887606
0.35949427 0.12887422
0.35943024 0.12887238
0.35936622 0.12887054
0.35930220 0.12886869
0.35923818 0.12886683
0.35917417 0.12886497
0.35911015 0.12886311
0.35904614 0.12886124
0.35898214 0.12885937
0.35891813 0.12885749
0.35885413 0.12885561
0.35879013 0.12885372
0.35872614 0.12885183
0.35866215 0.12884993
0.35859816 0.12884803
0.35853417 0.12884612
0.35847018 0.12884421
0.35840620 0.12884230
0.35834222 0.12884038
0.35827825 0.12883845
0.35821427 0.12883652
0.35815030 0.12883459
0.35808634 0.12883265
0.35802237 0.12883071
0.35795841 0.12882876
0.35789445 0.12882681
0.35783050 0.12882485
0.35776654 0.12882289
0.35770259 0.12882093
0.35763864 0.12881896
0.35757470 0.12881698
0.35751076 0.12881500
0.35744682 0.12881302
0.35738288 0.12881103
0.35731895 0.12880903
0.35725502 0.12880703
0.35719109 0.12880503
0.35712716 0.12880302
0.35706324 0.12880101
0.35699932 0.12879899
0.35693541 0.12879697
0.35687149 0.12879495
0.35680758 0.12879292
0.35674367 0.12879088
0.35667977 0.12878884
0.35661587 0.12878680
0.35655197 0.12878475
0.35648807 0.12878269
0.35642418 0.12878063
0.35636029 0.12877857
0.35629640 0.12877650
0.35623251 0.12877443
0.35616863 0.12877235
0.35610475 0.12877027
0.35604087 0.12876819
0.35597700 0.12876610
0.35591313 0.12876400
0.35584926 0.12876190
0.35578539 0.12875980
0.35572153 0.12875769
0.35565767 0.12875557
0.35559382 0.12875345
0.35552996 0.12875133
0.35546611 0.12874920
0.35540226 0.12874707
0.35533842 0.12874493
0.35527458 0.12874279
0.35521074 0.12874065
0.35514690 0.12873850
0.35508307 0.12873634
0.35501923 0.12873418
0.35495541 0.12873202
0.35489158 0.12872985
0.35482776 0.12872767
0.35476394 0.12872550
0.35470012 0.12872331
0.35463631 0.12872112
0.35457250 0.12871893
0.35450869 0.12871674
0.35444488 0.12871453
0.35438108 0.12871233
0.35431728 0.12871012
0.35425349 0.12870790
0.35418969 0.12870568
0.35412590 0.12870346
0.35406211 0.12870123
0.35399833 0.12869900
0.35393455 0.12869676
0.35387077 0.12869452
0.35380699 0.12869227
0.35374322 0.12869002
0.35367945 0.12868776
0.35361568 0.12868550
0.35355191 0.12868323
0.35348815 0.12868096
0.35342439 0.12867869
0.35336064 0.12867641
0.35329688 0.12867413
0.35323313 0.12867184
0.35316939 0.12866955
0.35310564 0.12866725
0.35304190 0.12866495
0.35297816 0.12866264
0.35291442 0.12866033
0.35285069 0.12865801
0.35278696 0.12865569
0.35272323 0.12865337
0.35265951 0.12865104
0.35259579 0.12864870
0.35253207 0.12864636
0.35246835 0.12864402
0.35240464 0.12864167
0.35234093 0.12863932
0.35227722 0.12863696
0.35221352 0.12863460
0.35214982 0.12863223
0.35208612 0.12862986
0.35202243 0.12862749
0.35195873 0.12862511
0.35189504 0.12862272
0.35183136 0.12862033
0.35176767 0.12861794
0.35170399 0.12861554
0.35164032 0.12861314
0.35157664 0.12861073
0.35151297 0.12860832
0.35144930 0.12860590
0.35138563 0.12860348
0.35132197 0.12860106
0.35125831 0.12859863
0.35119465 0.12859619
0.35113100 0.12859375
0.35106735 0.12859131
0.35100370 0.12858886
0.35094005 0.12858641
0.35087641 0.12858395
0.35081277 0.12858149
0.35074913 0.12857902
0.35068550 0.12857655
0.35062187 0.12857408
0.35055824 0.12857160
0.35049461 0.12856911
0.35043099 0.12856662
0.35036737 0.12856413
0.35030375 0.12856163
0.35024014 0.12855913
0.35017653 0.12855662
0.35011292 0.12855411
0.35004932 0.12855159
0.34998572 0.12854907
0.34992212 0.12854654
0.34985852 0.12854401
0.34979493 0.12854148
0.34973134 0.12853894
0.34966775 0.12853639
0.34960417 0.12853385
0.34954059 0.12853129
0.34947701 0.12852873
0.34941343 0.12852617
0.34934986 0.12852361
0.34928629 0.12852103
0.34922272 0.12851846
0.34915916 0.12851588
0.34909560 0.12851329
0.34903204 0.12851070
0.34896849 0.12850811
0.34890494 0.12850551
0.34884139 0.12850291
0.34877784 0.12850030
0.34871430 0.12849769
0.34865076 0.12849507
0.34858722 0.12849245
0.34852369 0.12848983
0.34846016 0.12848720
0.34839663 0.12848456
0.34833310 0.12848192
0.34826958 0.12847928
0.34820606 0.12847663
0.34814255 0.12847398
0.34807903 0.12847132
0.34801552 0.12846866
0.34795202 0.12846599
0.34788851 0.12846332
0.34782501 0.12846065
0.34776151 0.12845797
0.34769802 0.12845528
0.34763452 0.12845259
0.34757104 0.12844990
0.34750755 0.12844720
0.34744407 0.12844450
0.34738058 0.12844179
0.34731711 0.12843908
0.34725363 0.12843636
0.34719016 0.12843364
0.34712669 0.12843092
0.34706323 0.12842819
0.34699976 0.12842545
0.34693630 0.12842272
0.34687285 0.12841997
0.34680939 0.12841722
0.34674594 0.12841447
0.34668250 0.12841172
0.34661905 0.12840895
0.34655561 0.12840619
0.34649217 0.12840342
0.34642873 0.12840064
0.34636530 0.12839786
0.34630187 0.12839508
0.34623844 0.12839229
0.34617502 0.12838950
0.34611160 0.12838670
0.34604818 0.12838390
0.34598477 0.12838109
0.34592136 0.12837828
0.34585795 0.12837547
0.34579454 0.12837265
0.34573114 0.12836982
0.34566774 0.12836699
0.34560434 0.12836416
0.34554095 0.12836132
0.34547756 0.12835848
0.34541417 0.12835563
0.34535078 0.12835278
0.34528740 0.12834993
0.34522402 0.12834707
0.34516065 0.12834420
0.34509727 0.12834133
0.34503391 0.12833846
0.34497054 0.12833558
0.34490717 0.12833270
0.34484381 0.12832981
0.34478046 0.12832692
0.34471710 0.12832402
0.34465375 0.12832112
0.34459040 0.12831822
0.34452706 0.12831531
0.34446371 0.12831239
0.34440037 0.12830948
0.34433704 0.12830655
0.34427370 0.12830362
0.34421037 0.12830069
0.34414704 0.12829776
0.34408372 0.12829481
0.34402040 0.12829187
0.34395708 0.12828892
0.34389376 0.12828596
0.34383045 0.12828301
0.34376714 0.12828004
0.34370384 0.12827707
0.34364053 0.12827410
0.34357723 0.12827112
0.34351394 0.12826814
0.34345064 0.12826516
0.34338735 0.12826217
0.34332406 0.12825917
0.34326078 0.12825617
0.34319749 0.12825317
0.34313422 0.12825016
0.34307094 0.12824715
0.34300767 0.12824413
0.34294440 0.12824111
0.34288113 0.12823808
0.34281787 0.12823505
0.34275460 0.12823202
0.34269135 0.12822898
0.34262809 0.12822593
0.34256484 0.12822289
0.34250159 0.12821983
0.34243835 0.12821678
0.34237510 0.12821371
0.34231186 0.12821065
0.34224863 0.12820758
0.34218539 0.12820450
0.34212216 0.12820142
0.34205894 0.12819834
0.34199571 0.12819525
0.34193249 0.12819216
0.34186927 0.12818906
0.34180606 0.12818596
0.34174285 0.12818285
0.34167964 0.12817974
0.34161643 0.12817662
0.34155323 0.12817350
0.34149003 0.12817038
0.34142683 0.12816725
0.34136364 0.12816412
0.34130045 0.12816098
0.34123726 0.12815784
0.34117408 0.12815469
0.34111089 0.12815154
0.34104772 0.12814839
0.34098454 0.12814523
0.34092137 0.12814206
0.34085820 0.12813889
0.34079503 0.12813572
0.34073187 0.12813254
0.34066871 0.12812936
0.34060555 0.12812617
0.34054240 0.12812298
0.34047925 0.12811979
0.34041610 0.12811659
0.34035296 0.12811338
0.34028982 0.12811018
0.34022668 0.12810696
0.34016354 0.12810374
0.34010041 0.12810052
0.34003728 0.12809730
0.33997415 0.12809407
0.33991103 0.12809083
0.33984791 0.12808759
0.33978479 0.12808435
0.33972168 0.12808110
0.33965857 0.12807784
0.33959546 0.12807459
0.33953236 0.12807133
0.33946926 0.12806806
0.33940616 0.12806479
0.33934306 0.12806151
0.33927997 0.12805823
0.33921688 0.12805495
0.33915380 0.12805166
0.33909071 0.12804837
0.33902763 0.12804507
0.33896456 0.12804177
0.33890148 0.12803846
0.33883841 0.12803515
0.33877535 0.12803184
0.33871228 0.12802852
0.33864922 0.12802519
0.33858616 0.12802187
0.33852311 0.12801853
0.33846006 0.12801520
0.33839701 0.12801185
0.33833396 0.12800851
0.33827092 0.12800516
0.33820788 0.12800180
0.33814484 0.12799844
0.33808181 0.12799508
0.33801878 0.12799171
0.33795575 0.12798834
0.33789273 0.12798496
0.33782971 0.12798158
0.33776669 0.12797820
0.33770368 0.12797481
0.33764067 0.12797141
0.33757766 0.12796801
0.33751465 0.12796461
0.33745165 0.12796120
0.33738865 0.12795779
0.33732566 0.12795437
0.33726266 0.12795095
0.33719967 0.12794753
0.33713669 0.12794410
0.33707371 0.12794066
0.33701072 0.12793722
0.33694775 0.12793378
0.33688477 0.12793033
0.33682180 0.12792688
0.33675884 0.12792343
0.33669587 0.12791997
0.33663291 0.12791650
0.33656995 0.12791303
0.33650700 0.12790956
0.33644404 0.12790608
0.33638110 0.12790260
0.33631815 0.12789911
0.33625521 0.12789562
0.33619227 0.12789212
0.33612933 0.12788862
0.33606640 0.12788512
0.33600347 0.12788161
0.33594054 0.12787810
0.33587762 0.12787458
0.33581470 0.12787106
0.33575178 0.12786753
0.33568887 0.12786400
0.33562596 0.12786047
0.33556305 0.12785693
0.33550014 0.12785338
0.33543724 0.12784983
0.33537434 0.12784628
0.33531145 0.12784272
0.33524856 0.12783916
0.33518567 0.12783560
0.33512278 0.12783203
0.33505990 0.12782845
0.33499702 0.12782487
0.33493414 0.12782129
0.33487127 0.12781770
0.33480840 0.12781411
0.33474553 0.12781051
0.33468267 0.12780691
0.33461981 0.12780331
0.33455695 0.12779970
0.33449410 0.12779608
0.33443124 0.12779246
0.33436840 0.12778884
0.33430555 0.12778521
0.33424271 0.12778158
0.33417987 0.12777795
0.33411704 0.12777431
0.33405420 0.12777066
0.33399138 0.12776701
0.33392855 0.12776336
0.33386573 0.12775970
0.33380291 0.12775604
0.33374009 0.12775237
0.33367728 0.12774870
0.33361447 0.12774503
0.33355166 0.12774135
0.33348886 0.12773766
0.33342606 0.12773398
0.33336326 0.12773028
0.33330047 0.12772659
0.33323768 0.12772289
0.33317489 0.12771918
0.33311210 0.12771547
0.33304932 0.12771176
0.33298654 0.12770804
0.33292377 0.12770431
0.33286100 0.12770059
0.33279823 0.12769685
0.33273546 0.12769312
0.33267270 0.12768938
0.33260994 0.12768563
0.33254719 0.12768188
0.33248443 0.12767813
0.33242168 0.12767437
0.33235894 0.12767061
0.33229620 0.12766684
0.33223346 0.12766307
0.33217072 0.12765930
0.33210799 0.12765552
0.33204526 0.12765173
0.33198253 0.12764795
0.33191980 0.12764415
0.33185708 0.12764036
0.33179437 0.12763655
0.33173165 0.12763275
0.33166894 0.12762894
0.33160623 0.12762512
0.33154353 0.12762131
0.33148083 0.12761748
0.33141813 0.12761366
0.33135543 0.12760982
0.33129274 0.12760599
0.33123005 0.12760215
0.33116737 0.12759830
0.33110469 0.12759445
0.33104201 0.12759060
0.33097933 0.12758674
0.33091666 0.12758288
0.33085399 0.12757901
0.33079132 0.12757514
0.33072866 0.12757127
0.33066600 0.12756739
0.33060335 0.12756351
0.33054069 0.12755962
0.33047804 0.12755573
0.33041540 0.12755183
0.33035275 0.12754793
0.33029011 0.12754402
0.33022748 0.12754011
0.33016484 0.12753620
0.33010221 0.12753228
0.33003958 0.12752836
0.32997696 0.12752443
0.32991434 0.12752050
0.32985172 0.12751656
0.32978911 0.12751263
0.32972650 0.12750868
0.32966389 0.12750473
0.32960128 0.12750078
0.32953868 0.12749682
0.32947608 0.12749286
0.32941349 0.12748890
0.32935090 0.12748493
0.32928831 0.12748095
0.32922572 0.12747697
0.32916314 0.12747299
0.32910056 0.12746900
0.32903799 0.12746501
0.32897541 0.12746101
0.32891284 0.12745701
0.32885028 0.12745301
0.32878772 0.12744900
0.32872516 0.12744499
0.32866260 0.12744097
0.32860005 0.12743695
0.32853750 0.12743292
0.32847495 0.12742889
0.32841241 0.12742486
0.32834987 0.12742082
0.32828733 0.12741678
0.32822480 0.12741273
0.32816227 0.12740868
0.32809974 0.12740462
0.32803722 0.12740056
0.32797470 0.12739649
0.32791218 0.12739243
0.32784967 0.12738835
0.32778716 0.12738427
0.32772465 0.12738019
0.32766215 0.12737611
0.32759965 0.12737202
0.32753715 0.12736792
0.32747465 0.12736382
0.32741216 0.12735972
0.32734968 0.12735561
0.32728719 0.12735150
0.32722471 0.12734738
0.32716223 0.12734326
0.32709976 0.12733914
0.32703729 0.12733501
0.32697482 0.12733088
0.32691235 0.12732674
0.32684989 0.12732260
0.32678743 0.12731845
0.32672498 0.12731430
0.32666253 0.12731014
0.32660008 0.12730599
0.32653763 0.12730182
0.32647519 0.12729765
0.32641275 0.12729348
0.32635032 0.12728931
0.32628789 0.12728513
0.32622546 0.12728094
0.32616303 0.12727675
0.32610061 0.12727256
0.32603819 0.12726836
0.32597578 0.12726416
0.32591336 0.12725995
0.32585095 0.12725574
0.32578855 0.12725153
0.32572615 0.12724731
0.32566375 0.12724309
0.32560135 0.12723886
0.32553896 0.12723463
0.32547657 0.12723039
0.32541418 0.12722615
0.32535180 0.12722191
0.32528942 0.12721766
0.32522705 0.12721341
0.32516467 0.12720915
0.32510230 0.12720489
0.32503994 0.12720062
0.32497757 0.12719635
0.32491522 0.12719208
0.32485286 0.12718780
0.32479051 0.12718351
0.32472816 0.12717923
0.32466581 0.12717494
0.32460347 0.12717064
0.32454113 0.12716634
0.32447879 0.12716204
0.32441646 0.12715773
0.32435413 0.12715342
0.32429180 0.12714910
0.32422948 0.12714478
0.32416716 0.12714045
0.32410484 0.12713612
0.32404253 0.12713179
0.32398022 0.12712745
0.32391791 0.12712311
0.32385561 0.12711876
0.32379331 0.12711441
0.32373101 0.12711006
0.32366872 0.12710570
0.32360643 0.12710133
0.32354414 0.12709697
0.32348186 0.12709259
0.32341958 0.12708822
0.32335730 0.12708384
0.32329503 0.12707945
0.32323276 0.12707506
0.32317049 0.12707067
0.32310823 0.12706627
0.32304597 0.12706187
0.32298371 0.12705746
0.32292146 0.12705305
0.32285921 0.12704864
0.32279696 0.12704422
0.32273472 0.12703980
0.32267248 0.12703537
0.32261024 0.12703094
0.32254801 0.12702650
0.32248578 0.12702206
0.32242355 0.12701762
0.32236133 0.12701317
0.32229911 0.12700872
0.32223689 0.12700426
0.32217468 0.12699980
0.32211247 0.12699534
0.32205026 0.12699087
0.32198806 0.12698639
0.32192586 0.12698191
0.32186367 0.12697743
0.32180147 0.12697295
0.32173928 0.12696846
0.32167710 0.12696396
0.32161491 0.12695946
0.32155273 0.12695496
0.32149056 0.12695045
0.32142838 0.12694594
0.32136621 0.12694142
0.32130405 0.12693690
0.32124188 0.12693238
0.32117972 0.12692785
0.32111757 0.12692332
0.32105542 0.12691878
0.32099327 0.12691424
0.32093112 0.12690969
0.32086898 0.12690515
0.32080684 0.12690059
0.32074470 0.12689603
0.32068257 0.12689147
0.32062044 0.12688690
0.32055831 0.12688233
0.32049619 0.12687776
0.32043407 0.12687318
0.32037196 0.12686860
0.32030984 0.12686401
0.32024773 0.12685942
0.32018563 0.12685482
0.32012353 0.12685022
0.32006143 0.12684562
0.31999933 0.12684101
0.31993724 0.12683640
0.31987515 0.12683178
0.31981306 0.12682716
0.31975098 0.12682253
0.31968890 0.12681790
0.31962683 0.12681327
0.31956476 0.12680863
0.31950269 0.12680399
0.31944062 0.12679934
0.31937856 0.12679469
0.31931650 0.12679004
0.31925445 0.12678538
0.31919240 0.12678072
0.31913035 0.12677605
0.31906830 0.12677138
0.31900626 0.12676670
0.31894422 0.12676202
0.31888219 0.12675734
0.31882016 0.12675265
0.31875813 0.12674796
0.31869610 0.12674326
0.31863408 0.12673856
0.31857206 0.12673386
0.31851005 0.12672915
0.31844804 0.12672444
0.31838603 0.12671972
0.31832403 0.12671500
0.31826203 0.12671027
0.31820003 0.12670554
0.31813804 0.12670081
0.31807605 0.12669607
0.31801406 0.12669133
0.31795207 0.12668658
0.31789009 0.12668183
0.31782812 0.12667707
0.31776614 0.12667231
0.31770417 0.12666755
0.31764221 0.12666278
0.31758024 0.12665801
0.31751828 0.12665324
0.31745633 0.12664846
0.31739437 0.12664367
0.31733242 0.12663888
0.31727048 0.12663409
0.31720854 0.12662929
0.31714660 0.12662449
0.31708466 0.12661969
0.31702273 0.12661488
0.31696080 0.12661007
0.31689887 0.12660525
0.31683695 0.12660043
0.31677503 0.12659560
0.31671312 0.12659077
0.31665120 0.12658594
0.31658930 0.12658110
0.31652739 0.12657626
0.31646549 0.12657141
0.31640359 0.12656656
0.31634170 0.12656170
0.31627980 0.12655685
0.31621792 0.12655198
0.31615603 0.12654711
0.31609415 0.12654224
0.31603227 0.12653737
0.31597040 0.12653249
0.31590853 0.12652760
0.31584666 0.12652272
0.31578480 0.12651782
0.31572294 0.12651293
0.31566108 0.12650803
0.31559922 0.12650312
0.31553737 0.12649821
0.31547553 0.12649330
0.31541368 0.12648838
0.31535184 0.12648346
0.31529001 0.12647854
0.31522818 0.12647361
0.31516635 0.12646867
0.31510452 0.12646373
0.31504270 0.12645879
0.31498088 0.12645385
0.31491906 0.12644890
0.31485725 0.12644394
0.31479544 0.12643898
0.31473364 0.12643402
0.31467183 0.12642905
0.31461004 0.12642408
0.31454824 0.12641911
0.31448645 0.12641413
0.31442466 0.12640914
0.31436288 0.12640416
0.31430109 0.12639917
0.31423932 0.12639417
0.31417754 0.12638917
0.31411577 0.12638417
0.31405400 0.12637916
0.31399224 0.12637415
0.31393048 0.12636913
0.31386872 0.12636411
0.31380697 0.12635908
0.31374522 0.12635406
0.31368347 0.12634902
0.31362173 0.12634399
0.31355999 0.12633894
0.31349825 0.12633390
0.31343652 0.12632885
0.31337479 0.12632380
0.31331307 0.12631874
0.31325134 0.12631368
0.31318963 0.12630861
0.31312791 0.12630354
0.31306620 0.12629847
0.31300449 0.12629339
0.31294279 0.12628831
0.31288108 0.12628322
0.31281939 0.12627813
0.31275769 0.12627303
0.31269600 0.12626794
0.31263431 0.12626283
0.31257263 0.12625773
0.31251095 0.12625261
0.31244927 0.12624750
0.31238760 0.12624238
0.31232593 0.12623726
0.31226426 0.12623213
0.31220260 0.12622700
0.31214094 0.12622186
0.31207928 0.12621672
0.31201763 0.12621158
0.31195598 0.12620643
0.31189434 0.12620128
0.31183269 0.12619612
0.31177106 0.12619096
0.31170942 0.12618580
0.31164779 0.12618063
0.31158616 0.12617546
0.31152454 0.12617028
0.31146291 0.12616510
0.31140130 0.12615991
0.31133968 0.12615472
0.31127807 0.12614953
0.31121647 0.12614433
0.31115486 0.12613913
0.31109326 0.12613393
0.31103167 0.12612872
0.31097007 0.12612350
0.31090848 0.12611829
0.31084690 0.12611307
0.31078531 0.12610784
0.31072374 0.12610261
0.31066216 0.12609738
0.31060059 0.12609214
0.31053902 0.12608690
0.31047745 0.12608165
0.31041589 0.12607640
0.31035434 0.12607114
0.31029278 0.12606589
0.31023123 0.12606062
0.31016968 0.12605536
0.31010814 0.12605009
0.31004660 0.12604481
0.30998506 0.12603953
0.30992353 0.12603425
0.30986200 0.12602896
0.30980047 0.12602367
0.30973895 0.12601838
0.30967743 0.12601308
0.30961592 0.12600777
0.30955440 0.12600247
0.30949289 0.12599715
0.30943139 0.12599184
0.30936989 0.12598652
0.30930839 0.12598120
0.30924690 0.12597587
0.30918540 0.12597054
0.30912392 0.12596520
0.30906243 0.12595986
0.30900095 0.12595452
0.30893948 0.12594917
0.30887800 0.12594382
0.30881653 0.12593846
0.30875507 0.12593310
0.30869361 0.12592774
0.30863215 0.12592237
0.30857069 0.12591699
0.30850924 0.12591162
0.30844779 0.12590624
0.30838635 0.12590085
0.30832490 0.12589546
0.30826347 0.12589007
0.30820203 0.12588467
0.30814060 0.12587927
0.30807917 0.12587387
0.30801775 0.12586846
0.30795633 0.12586305
0.30789491 0.12585763
0.30783350 0.12585221
0.30777209 0.12584678
0.30771069 0.12584135
0.30764928 0.12583592
0.30758789 0.12583048
0.30752649 0.12582504
0.30746510 0.12581960
0.30740371 0.12581415
0.30734233 0.12580869
0.30728095 0.12580324
0.30721957 0.12579778
0.30715819 0.12579231
0.30709682 0.12578684
0.30703546 0.12578137
0.30697409 0.12577589
0.30691274 0.12577041
0.30685138 0.12576492
0.30679003 0.12575943
0.30672868 0.12575394
0.30666733 0.12574844
0.30660599 0.12574294
0.30654465 0.12573743
0.30648332 0.12573192
0.30642199 0.12572641
0.30636066 0.12572089
0.30629934 0.12571537
0.30623802 0.12570984
0.30617670 0.12570431
0.30611539 0.12569878
0.30605408 0.12569324
0.30599277 0.12568770
0.30593147 0.12568215
0.30587017 0.12567660
0.30580888 0.12567104
0.30574758 0.12566549
0.30568630 0.12565992
0.30562501 0.12565436
0.30556373 0.12564879
0.30550245 0.12564321
0.30544118 0.12563763
0.30537991 0.12563205
0.30531864 0.12562647
0.30525738 0.12562087
0.30519612 0.12561528
0.30513487 0.12560968
0.30507362 0.12560408
0.30501237 0.12559847
0.30495112 0.12559286
0.30488988 0.12558725
0.30482864 0.12558163
0.30476741 0.12557601
0.30470618 0.12557038
0.30464495 0.12556475
0.30458373 0.12555911
0.30452251 0.12555348
0.30446129 0.12554783
0.30440008 0.12554219
0.30433887 0.12553653
0.30427767 0.12553088
0.30421647 0.12552522
0.30415527 0.12551956
0.30409407 0.12551389
0.30403288 0.12550822
0.30397170 0.12550255
0.30391051 0.12549687
0.30384933 0.12549118
0.30378816 0.12548550
0.30372698 0.12547981
0.30366581 0.12547411
0.30360465 0.12546841
0.30354349 0.12546271
0.30348233 0.12545700
0.30342117 0.12545129
0.30336002 0.12544558
0.30329888 0.12543986
0.30323773 0.12543414
0.30317659 0.12542841
0.30311546 0.12542268
0.30305432 0.12541695
0.30299319 0.12541121
0.30293207 0.12540546
0.30287095 0.12539972
0.30280983 0.12539397
0.30274871 0.12538821
0.30268760 0.12538245
0.30262649 0.12537669
0.30256539 0.12537092
0.30250429 0.12536515
0.30244319 0.12535938
0.30238210 0.12535360
0.30232101 0.12534782
0.30225993 0.12534203
0.30219884 0.12533624
0.30213777 0.12533045
0.30207669 0.12532465
0.30201562 0.12531885
0.30195455 0.12531304
0.30189349 0.12530723
0.30183243 0.12530141
0.30177137 0.12529560
0.30171032 0.12528977
0.30164927 0.12528395
0.30158823 0.12527812
0.30152718 0.12527228
0.30146614 0.12526644
0.30140511 0.12526060
0.30134408 0.12525476
0.30128305 0.12524891
0.30122203 0.12524305
0.30116101 0.12523719
0.30109999 0.12523133
0.30103898 0.12522547
0.30097797 0.12521960
0.30091697 0.12521372
0.30085596 0.12520784
0.30079497 0.12520196
0.30073397 0.12519608
0.30067298 0.12519019
0.30061199 0.12518429
0.30055101 0.12517840
0.30049003 0.12517249
0.30042905 0.12516659
0.30036808 0.12516068
0.30030711 0.12515477
0.30024615 0.12514885
0.30018519 0.12514293
0.30012423 0.12513700
0.30006327 0.12513107
0.30000232 0.12512514
0.29994138 0.12511920
0.29988043 0.12511326
0.29981950 0.12510732
0.29975856 0.12510137
0.29969763 0.12509541
0.29963670 0.12508946
0.29957577 0.12508350
0.29951485 0.12507753
0.29945394 0.12507156
0.29939302 0.12506559
0.29933211 0.12505961
0.29927121 0.12505363
0.29921030 0.12504765
0.29914940 0.12504166
0.29908851 0.12503567
0.29902762 0.12502967
0.29896673 0.12502367
0.29890585 0.12501766
0.29884497 0.12501166
0.29878409 0.12500564
0.29872322 0.12499963
0.29866235 0.12499361
0.29860148 0.12498758
0.29854062 0.12498156
0.29847976 0.12497552
0.29841891 0.12496949
0.29835805 0.12496345
0.29829721 0.12495741
0.29823636 0.12495136
0.29817552 0.12494531
0.29811469 0.12493925
0.29805386 0.12493319
0.29799303 0.12492713
0.29793220 0.12492106
0.29787138 0.12491499
0.29781056 0.12490891
0.29774975 0.12490284
0.29768894 0.12489675
0.29762813 0.12489067
0.29756733 0.12488458
0.29750653 0.12487848
0.29744573 0.12487238
0.29738494 0.12486628
0.29732416 0.12486017
0.29726337 0.12485406
0.29720259 0.12484795
0.29714181 0.12484183
0.29708104 0.12483571
0.29702027 0.12482958
0.29695951 0.12482345
0.29689874 0.12481732
0.29683798 0.12481118
0.29677723 0.12480504
0.29671648 0.12479889
0.29665573 0.12479274
0.29659499 0.12478659
0.29653425 0.12478043
0.29647351 0.12477427
0.29641278 0.12476811
0.29635205 0.12476194
0.29629133 0.12475576
0.29623061 0.12474959
0.29616989 0.12474341
0.29610918 0.12473722
0.29604847 0.12473103
0.29598776 0.12472484
0.29592706 0.12471864
0.29586636 0.12471244
0.29580566 0.12470624
0.29574497 0.12470003
0.29568429 0.12469382
0.29562360 0.12468760
0.29556292 0.12468138
0.29550225 0.12467516
0.29544157 0.12466893
0.29538090 0.12466270
0.29532024 0.12465647
0.29525958 0.12465023
0.29519892 0.12464398
0.29513827 0.12463774
0.29507762 0.12463149
0.29501697 0.12462523
0.29495633 0.12461897
0.29489569 0.12461271
0.29483505 0.12460644
0.29477442 0.12460017
0.29471380 0.12459390
0.29465317 0.12458762
0.29459255 0.12458134
0.29453193 0.12457505
0.29447132 0.12456876
0.29441071 0.12456247
0.29435011 0.12455617
0.29428951 0.12454987
0.29422891 0.12454357
0.29416832 0.12453726
0.29410773 0.12453094
0.29404714 0.12452463
0.29398656 0.12451831
0.29392598 0.12451198
0.29386540 0.12450565
0.29380483 0.12449932
0.29374426 0.12449298
0.29368370 0.12448664
0.29362314 0.12448030
0.29356258 0.12447395
0.29350203 0.12446760
0.29344148 0.12446124
0.29338094 0.12445488
0.29332040 0.12444852
0.29325986 0.12444215
0.29319933 0.12443578
0.29313880 0.12442941
0.29307827 0.12442303
0.29301775 0.12441665
0.29295723 0.12441026
0.29289672 0.12440387
0.29283620 0.12439747
0.29277570 0.12439108
0.29271519 0.12438467
0.29265469 0.12437827
0.29259420 0.12437186
0.29253371 0.12436545
0.29247322 0.12435903
0.29241273 0.12435261
0.29235225 0.12434618
0.29229178 0.12433975
0.29223130 0.12433332
0.29217083 0.12432688
0.29211037 0.12432044
0.29204991 0.12431400
0.29198945 0.12430755
0.29192900 0.12430110
0.29186855 0.12429464
0.29180810 0.12428818
0.29174766 0.12428172
0.29168722 0.12427525
0.29162678 0.12426878
0.29156635 0.12426230
0.29150592 0.12425582
0.29144550 0.12424934
0.29138508 0.12424285
0.29132466 0.12423636
0.29126425 0.12422987
0.29120384 0.12422337
0.29114344 0.12421687
0.29108304 0.12421036
0.29102264 0.12420385
0.29096225 0.12419734
0.29090186 0.12419082
0.29084147 0.12418430
0.29078109 0.12417778
0.29072071 0.12417125
0.29066034 0.12416471
0.29059997 0.12415818
0.29053960 0.12415164
0.29047924 0.12414509
0.29041888 0.12413854
0.29035852 0.12413199
0.29029817 0.12412544
0.29023782 0.12411888
0.29017748 0.12411231
0.29011714 0.12410575
0.29005680 0.12409917
0.28999647 0.12409260
0.28993614 0.12408602
0.28987582 0.12407944
0.28981550 0.12407285
0.28975518 0.12406626
0.28969487 0.12405967
0.28963456 0.12405307
0.28957425 0.12404647
0.28951395 0.12403986
0.28945365 0.12403325
0.28939336 0.12402664
0.28933307 0.12402002
0.28927278 0.12401340
0.28921250 0.12400678
0.28915222 0.12400015
0.28909194 0.12399352
0.28903167 0.12398688
0.28897141 0.12398024
0.28891114 0.12397360
0.28885088 0.12396695
0.28879063 0.12396030
0.28873038 0.12395364
0.28867013 0.12394698
0.28860988 0.12394032
0.28854964 0.12393365
0.28848941 0.12392698
0.28842917 0.12392031
0.28836894 0.12391363
0.28830872 0.12390695
0.28824850 0.12390026
0.28818828 0.12389357
0.28812807 0.12388688
0.28806786 0.12388018
0.28800765 0.12387348
0.28794745 0.12386678
0.28788725 0.12386007
0.28782706 0.12385336
0.28776687 0.12384664
0.28770668 0.12383992
0.28764650 0.12383320
0.28758632 0.12382647
0.28752614 0.12381974
0.28746597 0.12381300
0.28740581 0.12380627
0.28734564 0.12379952
0.28728548 0.12379278
0.28722533 0.12378603
0.28716518 0.12377927
0.28710503 0.12377251
0.28704488 0.12376575
0.28698474 0.12375899
0.28692461 0.12375222
0.28686447 0.12374545
0.28680435 0.12373867
0.28674422 0.12373189
0.28668410 0.12372510
0.28662398 0.12371832
0.28656387 0.12371152
0.28650376 0.12370473
0.28644366 0.12369793
0.28638355 0.12369113
0.28632346 0.12368432
0.28626336 0.12367751
0.28620327 0.12367069
0.28614319 0.12366388
0.28608310 0.12365705
0.28602303 0.12365023
0.28596295 0.12364340
0.28590288 0.12363657
0.28584281 0.12362973
0.28578275 0.12362289
0.28572269 0.12361604
0.28566264 0.12360919
0.28560259 0.12360234
0.28554254 0.12359549
0.28548250 0.12358863
0.28542246 0.12358176
0.28536242 0.12357489
0.28530239 0.12356802
0.28524236 0.12356115
0.28518234 0.12355427
0.28512232 0.12354739
0.28506230 0.12354050
0.28500229 0.12353361
0.28494228 0.12352672
0.28488228 0.12351982
0.28482228 0.12351292
0.28476228 0.12350601
0.28470229 0.12349911
0.28464230 0.12349219
0.28458231 0.12348528
0.28452233 0.12347836
0.28446236 0.12347143
0.28440238 0.12346451
0.28434241 0.12345757
0.28428245 0.12345064
0.28422249 0.12344370
0.28416253 0.12343676
0.28410258 0.12342981
0.28404263 0.12342286
0.28398268 0.12341591
0.28392274 0.12340895
0.28386280 0.12340199
0.28380287 0.12339502
0.28374294 0.12338806
0.28368301 0.12338108
0.28362309 0.12337411
0.28356317 0.12336713
0.28350325 0.12336014
0.28344334 0.12335316
0.28338344 0.12334616
0.28332353 0.12333917
0.28326364 0.12333217
0.28320374 0.12332517
0.28314385 0.12331816
0.28308396 0.12331115
0.28302408 0.12330414
0.28296420 0.12329712
0.28290432 0.12329010
0.28284445 0.12328308
0.28278459 0.12327605
0.28272472 0.12326901
0.28266486 0.12326198
0.28260501 0.12325494
0.28254516 0.12324789
0.28248531 0.12324085
0.28242546 0.12323380
0.28236562 0.12322674
0.28230579 0.12321968
0.28224596 0.12321262
0.28218613 0.12320556
0.28212630 0.12319849
0.28206648 0.12319141
0.28200667 0.12318434
0.28194685 0.12317725
0.28188705 0.12317017
0.28182724 0.12316308
0.28176744 0.12315599
0.28170764 0.12314889
0.28164785 0.12314179
0.28158806 0.12313469
0.28152828 0.12312758
0.28146850 0.12312047
0.28140872 0.12311336
0.28134895 0.12310624
0.28128918 0.12309912
0.28122941 0.12309199
0.28116965 0.12308487
0.28110990 0.12307773
0.28105014 0.12307060
0.28099039 0.12306346
0.28093065 0.12305631
0.28087091 0.12304916
0.28081117 0.12304201
0.28075144 0.12303486
0.28069171 0.12302770
0.28063198 0.12302054
0.28057226 0.12301337
0.28051254 0.12300620
0.28045283 0.12299903
0.28039312 0.12299185
0.28033341 0.12298467
0.28027371 0.12297748
0.28021401 0.12297029
0.28015432 0.12296310
0.28009463 0.12295591
0.28003494 0.12294871
0.27997526 0.12294150
0.27991558 0.12293430
0.27985591 0.12292709
0.27979624 0.12291987
0.27973657 0.12291265
0.27967691 0.12290543
0.27961725 0.12289821
0.27955760 0.12289098
0.27949795 0.12288374
0.27943830 0.12287651
0.27937866 0.12286927
0.27931902 0.12286202
0.27925939 0.12285478
0.27919976 0.12284752
0.27914013 0.12284027
0.27908051 0.12283301
0.27902089 0.12282575
0.27896128 0.12281848
0.27890167 0.12281121
0.27884206 0.12280394
0.27878246 0.12279666
0.27872286 0.12278938
0.27866327 0.12278210
0.27860368 0.12277481
0.27854409 0.12276752
0.27848451 0.12276022
0.27842493 0.12275292
0.27836536 0.12274562
0.27830579 0.12273831
0.27824622 0.12273100
0.27818666 0.12272369
0.27812710 0.12271637
0.27806754 0.12270905
0.27800799 0.12270172
0.27794845 0.12269440
0.27788890 0.12268706
0.27782937 0.12267973
0.27776983 0.12267239
0.27771030 0.12266504
0.27765078 0.12265770
0.27759125 0.12265035
0.27753173 0.12264299
0.27747222 0.12263564
0.27741271 0.12262827
0.27735320 0.12262091
0.27729370 0.12261354
0.27723420 0.12260617
0.27717471 0.12259879
0.27711522 0.12259141
0.27705573 0.12258403
0.27699625 0.12257664
0.27693677 0.12256925
0.27687730 0.12256185
0.27681783 0.12255446
0.27675836 0.12254705
0.27669890 0.12253965
0.27663944 0.12253224
0.27657999 0.12252483
0.27652054 0.12251741
0.27646109 0.12250999
0.27640165 0.12250257
0.27634221 0.12249514
0.27628278 0.12248771
0.27622335 0.12248027
0.27616392 0.12247283
0.27610450 0.12246539
0.27604508 0.12245795
0.27598567 0.12245050
0.27592626 0.12244304
0.27586685 0.12243559
0.27580745 0.12242813
0.27574805 0.12242066
0.27568866 0.12241319
0.27562927 0.12240572
0.27556988 0.12239825
0.27551050 0.12239077
0.27545112 0.12238329
0.27539175 0.12237580
0.27533238 0.12236831
0.27527302 0.12236082
0.27521365 0.12235332
0.27515430 0.12234582
0.27509494 0.12233832
0.27503559 0.12233081
0.27497625 0.12232330
0.27491691 0.12231578
0.27485757 0.12230827
0.27479824 0.12230074
0.27473891 0.12229322
0.27467958 0.12228569
0.27462026 0.12227816
0.27456095 0.12227062
0.27450163 0.12226308
0.27444232 0.12225553
0.27438302 0.12224799
0.27432372 0.12224044
0.27426442 0.12223288
0.27420513 0.12222532
0.27414584 0.12221776
0.27408656 0.12221019
0.27402728 0.12220262
0.27396800 0.12219505
0.27390873 0.12218748
0.27384946 0.12217989
0.27379020 0.12217231
0.27373094 0.12216472
0.27367168 0.12215713
0.27361243 0.12214954
0.27355318 0.12214194
0.27349394 0.12213434
0.27343470 0.12212673
0.27337546 0.12211912
0.27331623 0.12211151
0.27325700 0.12210389
0.27319778 0.12209627
0.27313856 0.12208865
0.27307934 0.12208102
0.27302013 0.12207339
0.27296092 0.12206576
0.27290172 0.12205812
0.27284252 0.12205048
0.27278333 0.12204283
0.27272414 0.12203518
0.27266495 0.12202753
0.27260577 0.12201987
0.27254659 0.12201222
0.27248741 0.12200455
0.27242824 0.12199688
0.27236908 0.12198921
0.27230991 0.12198154
0.27225076 0.12197386
0.27219160 0.12196618
0.27213245 0.12195850
0.27207331 0.12195081
0.27201416 0.12194312
0.27195503 0.12193542
0.27189589 0.12192772
0.27183676 0.12192002
0.27177764 0.12191231
0.27171852 0.12190460
0.27165940 0.12189689
0.27160029 0.12188917
0.27154118 0.12188145
0.27148207 0.12187373
0.27142297 0.12186600
0.27136387 0.12185827
0.27130478 0.12185053
0.27124569 0.12184279
0.27118661 0.12183505
0.27112753 0.12182730
0.27106845 0.12181955
0.27100938 0.12181180
0.27095031 0.12180404
0.27089125 0.12179628
0.27083219 0.12178852
0.27077313 0.12178075
0.27071408 0.12177298
0.27065503 0.12176521
0.27059599 0.12175743
0.27053695 0.12174965
0.27047792 0.12174186
0.27041888 0.12173407
0.27035986 0.12172628
0.27030083 0.12171848
0.27024182 0.12171068
0.27018280 0.12170288
0.27012379 0.12169507
0.27006478 0.12168726
0.27000578 0.12167945
0.26994678 0.12167163
0.26988779 0.12166381
0.26982880 0.12165599
0.26976981 0.12164816
0.26971083 0.12164033
0.26965185 0.12163249
0.26959288 0.12162465
0.26953391 0.12161681
0.26947495 0.12160896
0.26941599 0.12160111
0.26935703 0.12159326
0.26929808 0.12158540
0.26923913 0.12157754
0.26918018 0.12156968
0.26912124 0.12156181
0.26906231 0.12155394
0.26900337 0.12154607
0.26894445 0.12153819
0.26888552 0.12153031
0.26882660 0.12152242
0.26876769 0.12151453
0.26870878 0.12150664
0.26864987 0.12149874
0.26859096 0.12149084
0.26853207 0.12148294
0.26847317 0.12147503
0.26841428 0.12146712
0.26835539 0.12145921
0.26829651 0.12145129
0.26823763 0.12144337
0.26817876 0.12143545
0.26811989 0.12142752
0.26806102 0.12141959
0.26800216 0.12141165
0.26794330 0.12140371
0.26788445 0.12139577
0.26782560 0.12138783
0.26776676 0.12137988
0.26770792 0.12137192
0.26764908 0.12136397
0.26759025 0.12135601
0.26753142 0.12134805
0.26747259 0.12134008
0.26741377 0.12133211
0.26735496 0.12132413
0.26729615 0.12131616
0.26723734 0.12130818
0.26717853 0.12130019
0.26711973 0.12129220
0.26706094 0.12128421
0.26700215 0.12127622
0.26694336 0.12126822
0.26688458 0.12126022
0.26682580 0.12125221
0.26676703 0.12124420
0.26670826 0.12123619
0.26664949 0.12122817
0.26659073 0.12122015
0.26653197 0.12121213
0.26647322 0.12120410
0.26641447 0.12119607
0.26635572 0.12118804
0.26629698 0.12118000
0.26623825 0.12117196
0.26617951 0.12116391
0.26612078 0.12115586
0.26606206 0.12114781
0.26600334 0.12113976
0.26594462 0.12113170
0.26588591 0.12112364
0.26582720 0.12111557
0.26576850 0.12110750
0.26570980 0.12109943
0.26565111 0.12109135
0.26559242 0.12108327
0.26553373 0.12107519
0.26547505 0.12106710
0.26541637 0.12105901
0.26535770 0.12105092
0.26529903 0.12104282
0.26524036 0.12103472
0.26518170 0.12102662
0.26512304 0.12101851
0.26506439 0.12101040
0.26500574 0.12100228
0.26494709 0.12099416
0.26488845 0.12098604
0.26482982 0.12097792
0.26477119 0.12096979
0.26471256 0.12096166
0.26465393 0.12095352
0.26459531 0.12094538
0.26453670 0.12093724
0.26447809 0.12092909
0.26441948 0.12092094
0.26436088 0.12091279
0.26430228 0.12090463
0.26424369 0.12089647
0.26418510 0.12088831
0.26412651 0.12088014
0.26406793 0.12087197
0.26400935 0.12086379
0.26395078 0.12085562
0.26389221 0.12084743
0.26383364 0.12083925
0.26377508 0.12083106
0.26371653 0.12082287
0.26365798 0.12081467
0.26359943 0.12080647
0.26354088 0.12079827
0.26348234 0.12079007
0.26342381 0.12078186
0.26336528 0.12077364
0.26330675 0.12076543
0.26324823 0.12075721
0.26318971 0.12074898
0.26313120 0.12074076
0.26307269 0.12073253
0.26301418 0.12072429
0.26295568 0.12071606
0.26289718 0.12070782
0.26283869 0.12069957
0.26278020 0.12069132
0.26272172 0.12068307
0.26266324 0.12067482
0.26260476 0.12066656
0.26254629 0.12065830
0.26248782 0.12065003
0.26242936 0.12064176
0.26237090 0.12063349
0.26231244 0.12062522
0.26225399 0.12061694
0.26219554 0.12060866
0.26213710 0.12060037
0.26207866 0.12059208
0.26202023 0.12058379
0.26196180 0.12057549
0.26190338 0.12056719
0.26184496 0.12055889
0.26178654 0.12055058
0.26172813 0.12054227
0.26166972 0.12053396
0.26161131 0.12052564
0.26155291 0.12051732
0.26149452 0.12050900
0.26143613 0.12050067
0.26137774 0.12049234
0.26131936 0.12048400
0.26126098 0.12047567
0.26120260 0.12046732
0.26114423 0.12045898
0.26108587 0.12045063
0.26102751 0.12044228
0.26096915 0.12043392
0.26091080 0.12042557
0.26085245 0.12041720
0.26079410 0.12040884
0.26073576 0.12040047
0.26067743 0.12039210
0.26061910 0.12038372
0.26056077 0.12037534
0.26050245 0.12036696
0.26044413 0.12035857
0.26038581 0.12035018
0.26032750 0.12034179
0.26026920 0.12033339
0.26021089 0.12032499
0.26015260 0.12031659
0.26009430 0.12030818
0.26003601 0.12029977
0.25997773 0.12029136
0.25991945 0.12028294
0.25986117 0.12027452
0.25980290 0.12026609
0.25974463 0.12025767
0.25968637 0.12024924
0.25962811 0.12024080
0.25956986 0.12023236
0.25951160 0.12022392
0.25945336 0.12021548
0.25939512 0.12020703
0.25933688 0.12019858
0.25927865 0.12019012
0.25922042 0.12018166
0.25916219 0.12017320
0.25910397 0.12016474
0.25904575 0.12015627
0.25898754 0.12014779
0.25892933 0.12013932
0.25887113 0.12013084
0.25881293 0.12012236
0.25875474 0.12011387
0.25869655 0.12010538
0.25863836 0.12009689
0.25858018 0.12008839
0.25852200 0.12007989
0.25846383 0.12007139
0.25840566 0.12006288
0.25834749 0.12005437
0.25828933 0.12004586
0.25823118 0.12003734
0.25817303 0.12002882
0.25811488 0.12002030
0.25805673 0.12001177
0.25799860 0.12000324
0.25794046 0.11999471
0.25788233 0.11998617
0.25782420 0.11997763
0.25776608 0.11996908
0.25770796 0.11996054
0.25764985 0.11995199
0.25759174 0.11994343
0.25753364 0.11993487
0.25747554 0.11992631
0.25741744 0.11991775
0.25735935 0.11990918
0.25730126 0.11990061
0.25724318 0.11989203
0.25718510 0.11988345
0.25712703 0.11987487
0.25706896 0.11986629
0.25701089 0.11985770
0.25695283 0.11984911
0.25689477 0.11984051
0.25683672 0.11983191
0.25677867 0.11982331
0.25672063 0.11981470
0.25666259 0.11980609
0.25660455 0.11979748
0.25654652 0.11978887
0.25648849 0.11978025
0.25643047 0.11977162
0.25637245 0.11976300
0.25631444 0.11975437
0.25625643 0.11974574
0.25619842 0.11973710
0.25614042 0.11972846
0.25608243 0.11971982
0.25602444 0.11971117
0.25596645 0.11970252
0.25590846 0.11969387
0.25585048 0.11968521
0.25579251 0.11967655
0.25573454 0.11966789
0.25567657 0.11965922
0.25561861 0.11965055
0.25556065 0.11964188
0.25550270 0.11963320
0.25544475 0.11962452
0.25538681 0.11961584
0.25532887 0.11960715
0.25527093 0.11959846
0.25521300 0.11958977
0.25515507 0.11958107
0.25509715 0.11957237
0.25503923 0.11956366
0.25498132 0.11955496
0.25492341 0.11954624
0.25486550 0.11953753
0.25480760 0.11952881
0.25474970 0.11952009
0.25469181 0.11951137
0.25463392 0.11950264
0.25457604 0.11949391
0.25451816 0.11948517
0.25446029 0.11947644
0.25440242 0.11946770
0.25434455 0.11945895
0.25428669 0.11945020
0.25422883 0.11944145
0.25417098 0.11943270
0.25411313 0.11942394
0.25405528 0.11941518
0.25399744 0.11940641
0.25393961 0.11939764
0.25388178 0.11938887
0.25382395 0.11938010
0.25376613 0.11937132
0.25370831 0.11936254
0.25365050 0.11935375
0.25359269 0.11934497
0.25353488 0.11933617
0.25347708 0.11932738
0.25341928 0.11931858
0.25336149 0.11930978
0.25330370 0.11930097
0.25324592 0.11929216
0.25318814 0.11928335
0.25313037 0.11927454
0.25307260 0.11926572
0.25301483 0.11925690
0.25295707 0.11924807
0.25289931 0.11923924
0.25284156 0.11923041
0.25278381 0.11922157
0.25272607 0.11921274
0.25266833 0.11920389
0.25261059 0.11919505
0.25255286 0.11918620
0.25249514 0.11917735
0.25243741 0.11916849
0.25237970 0.11915963
0.25232198 0.11915077
0.25226428 0.11914191
0.25220657 0.11913304
0.25214887 0.11912416
0.25209118 0.11911529
0.25203348 0.11910641
0.25197580 0.11909753
0.25191811 0.11908864
0.25186044 0.11907975
0.25180276 0.11907086
0.25174509 0.11906196
0.25168743 0.11905307
0.25162977 0.11904416
0.25157211 0.11903526
0.25151446 0.11902635
0.25145681 0.11901744
0.25139917 0.11900852
0.25134153 0.11899960
0.25128390 0.11899068
0.25122627 0.11898175
0.25116864 0.11897282
0.25111102 0.11896389
0.25105341 0.11895496
0.25099579 0.11894602
0.25093819 0.11893708
0.25088058 0.11892813
0.25082299 0.11891918
0.25076539 0.11891023
0.25070780 0.11890127
0.25065022 0.11889231
0.25059263 0.11888335
0.25053506 0.11887439
0.25047749 0.11886542
0.25041992 0.11885644
0.25036235 0.11884747
0.25030480 0.11883849
0.25024724 0.11882951
0.25018969 0.11882052
0.25013214 0.11881153
0.25007460 0.11880254
0.25001707 0.11879355
0.24995953 0.11878455
0.24990201 0.11877554
0.24984448 0.11876654
0.24978696 0.11875753
0.24972945 0.11874852
0.24967194 0.11873950
0.24961443 0.11873048
0.24955693 0.11872146
0.24949943 0.11871244
0.24944194 0.11870341
0.24938445 0.11869437
0.24932697 0.11868534
0.24926949 0.11867630
0.24921202 0.11866726
0.24915454 0.11865821
0.24909708 0.11864916
0.24903962 0.11864011
0.24898216 0.11863106
0.24892471 0.11862200
0.24886726 0.11861294
0.24880982 0.11860387
0.24875238 0.11859480
0.24869494 0.11858573
0.24863751 0.11857666
0.24858008 0.11856758
0.24852266 0.11855850
0.24846525 0.11854941
0.24840783 0.11854032
0.24835042 0.11853123
0.24829302 0.11852214
0.24823562 0.11851304
0.24817823 0.11850394
0.24812084 0.11849483
0.24806345 0.11848573
0.24800607 0.11847661
0.24794869 0.11846750
0.24789132 0.11845838
0.24783395 0.11844926
0.24777659 0.11844014
0.24771923 0.11843101
0.24766187 0.11842188
0.24760452 0.11841274
0.24754718 0.11840361
0.24748984 0.11839446
0.24743250 0.11838532
0.24737517 0.11837617
0.24731784 0.11836702
0.24726051 0.11835787
0.24720320 0.11834871
0.24714588 0.11833955
0.24708857 0.11833039
0.24703127 0.11832122
0.24697396 0.11831205
0.24691667 0.11830287
0.24685938 0.11829370
0.24680209 0.11828452
0.24674480 0.11827533
0.24668753 0.11826615
0.24663025 0.11825696
0.24657298 0.11824776
0.24651572 0.11823857
0.24645845 0.11822937
0.24640120 0.11822016
0.24634395 0.11821096
0.24628670 0.11820175
0.24622946 0.11819253
0.24617222 0.11818332
0.24611498 0.11817410
0.24605775 0.11816487
0.24600053 0.11815565
0.24594331 0.11814642
0.24588609 0.11813719
0.24582888 0.11812795
0.24577167 0.11811871
0.24571447 0.11810947
0.24565727 0.11810022
0.24560008 0.11809097
0.24554289 0.11808172
0.24548571 0.11807247
0.24542852 0.11806321
0.24537135 0.11805394
0.24531418 0.11804468
0.24525701 0.11803541
0.24519985 0.11802614
0.24514269 0.11801686
0.24508554 0.11800758
0.24502839 0.11799830
0.24497125 0.11798902
0.24491411 0.11797973
0.24485697 0.11797044
0.24479984 0.11796114
0.24474271 0.11795185
0.24468559 0.11794254
0.24462847 0.11793324
0.24457136 0.11792393
0.24451425 0.11791462
0.24445715 0.11790531
0.24440005 0.11789599
0.24434296 0.11788667
0.24428587 0.11787735
0.24422878 0.11786802
0.24417170 0.11785869
0.24411462 0.11784935
0.24405755 0.11784002
0.24400048 0.11783068
0.24394342 0.11782133
0.24388636 0.11781199
0.24382931 0.11780264
0.24377226 0.11779328
0.24371521 0.11778393
0.24365817 0.11777457
0.24360114 0.11776521
0.24354411 0.11775584
0.24348708 0.11774647
0.24343006 0.11773710
0.24337304 0.11772772
0.24331603 0.11771834
0.24325902 0.11770896
0.24320201 0.11769957
0.24314501 0.11769019
0.24308802 0.11768079
0.24303103 0.11767140
0.24297404 0.11766200
0.24291706 0.11765260
0.24286008 0.11764319
0.24280311 0.11763379
0.24274614 0.11762437
0.24268918 0.11761496
0.24263222 0.11760554
0.24257527 0.11759612
0.24251832 0.11758670
0.24246137 0.11757727
0.24240443 0.11756784
0.24234749 0.11755840
0.24229056 0.11754897
0.24223363 0.11753953
0.24217671 0.11753008
0.24211979 0.11752064
0.24206288 0.11751119
0.24200597 0.11750173
0.24194907 0.11749228
0.24189217 0.11748282
0.24183527 0.11747335
0.24177838 0.11746389
0.24172150 0.11745442
0.24166461 0.11744494
0.24160774 0.11743547
0.24155086 0.11742599
0.24149400 0.11741651
0.24143713 0.11740702
0.24138027 0.11739753
0.24132342 0.11738804
0.24126657 0.11737855
0.24120972 0.11736905
0.24115288 0.11735955
0.24109605 0.11735004
0.24103922 0.11734053
0.24098239 0.11733102
0.24092557 0.11732151
0.24086875 0.11731199
0.24081194 0.11730247
0.24075513 0.11729295
0.24069832 0.11728342
0.24064152 0.11727389
0.24058473 0.11726435
0.24052794 0.11725482
0.24047115 0.11724528
0.24041437 0.11723573
0.24035759 0.11722619
0.24030082 0.11721664
0.24024405 0.11720709
0.24018729 0.11719753
0.24013053 0.11718797
0.24007378 0.11717841
0.24001703 0.11716884
0.23996029 0.11715927
0.23990355 0.11714970
0.23984681 0.11714013
0.23979008 0.11713055
0.23973335 0.11712097
0.23967663 0.11711138
0.23961991 0.11710179
0.23956320 0.11709220
0.23950649 0.11708261
0.23944979 0.11707301
0.23939309 0.11706341
0.23933640 0.11705381
0.23927971 0.11704420
0.23922302 0.11703459
0.23916634 0.11702498
0.23910967 0.11701536
0.23905299 0.11700574
0.23899633 0.11699612
0.23893967 0.11698649
0.23888301 0.11697686
0.23882636 0.11696723
0.23876971 0.11695759
0.23871306 0.11694795
0.23865642 0.11693831
0.23859979 0.11692867
0.23854316 0.11691902
0.23848653 0.11690937
0.23842991 0.11689971
0.23837330 0.11689005
0.23831669 0.11688039
0.23826008 0.11687073
0.23820348 0.11686106
0.23814688 0.11685139
0.23809029 0.11684172
0.23803370 0.11683204
0.23797711 0.11682236
0.23792053 0.11681268
0.23786396 0.11680299
0.23780739 0.11679330
0.23775082 0.11678361
0.23769426 0.11677391
0.23763771 0.11676421
0.23758116 0.11675451
0.23752461 0.11674480
0.23746807 0.11673510
0.23741153 0.11672538
0.23735499 0.11671567
0.23729847 0.11670595
0.23724194 0.11669623
0.23718542 0.11668650
0.23712891 0.11667678
0.23707240 0.11666705
0.23701589 0.11665731
0.23695939 0.11664758
0.23690290 0.11663784
0.23684640 0.11662809
0.23678992 0.11661835
0.23673344 0.11660860
0.23667696 0.11659884
0.23662048 0.11658909
0.23656402 0.11657933
0.23650755 0.11656956
0.23645109 0.11655980
0.23639464 0.11655003
0.23633819 0.11654026
0.23628174 0.11653048
0.23622530 0.11652071
0.23616887 0.11651092
0.23611244 0.11650114
0.23605601 0.11649135
0.23599959 0.11648156
0.23594317 0.11647177
0.23588676 0.11646197
0.23583035 0.11645217
0.23577395 0.11644237
0.23571755 0.11643256
0.23566115 0.11642275
0.23560476 0.11641294
0.23554838 0.11640312
0.23549200 0.11639330
0.23543562 0.11638348
0.23537925 0.11637366
0.23532289 0.11636383
0.23526652 0.11635400
0.23521017 0.11634416
0.23515381 0.11633432
0.23509747 0.11632448
0.23504112 0.11631464
0.23498479 0.11630479
0.23492845 0.11629494
0.23487212 0.11628509
0.23481580 0.11627523
0.23475948 0.11626537
0.23470316 0.11625551
0.23464685 0.11624564
0.23459055 0.11623577
0.23453425 0.11622590
0.23447795 0.11621603
0.23442166 0.11620615
0.23436537 0.11619627
0.23430909 0.11618638
0.23425281 0.11617649
0.23419654 0.11616660
0.23414027 0.11615671
0.23408400 0.11614681
0.23402775 0.11613691
0.23397149 0.11612701
0.23391524 0.11611710
0.23385900 0.11610719
0.23380276 0.11609728
0.23374652 0.11608736
0.23369029 0.11607744
0.23363406 0.11606752
0.23357784 0.11605760
0.23352162 0.11604767
0.23346541 0.11603774
0.23340920 0.11602780
0.23335300 0.11601786
0.23329680 0.11600792
0.23324061 0.11599798
0.23318442 0.11598803
0.23312824 0.11597808
0.23307206 0.11596813
0.23301588 0.11595817
0.23295971 0.11594821
0.23290355 0.11593825
0.23284738 0.11592828
0.23279123 0.11591831
0.23273508 0.11590834
0.23267893 0.11589837
0.23262279 0.11588839
0.23256665 0.11587841
0.23251052 0.11586842
0.23245439 0.11585844
0.23239827 0.11584844
0.23234215 0.11583845
0.23228603 0.11582845
0.23222993 0.11581845
0.23217382 0.11580845
0.23211772 0.11579845
0.23206163 0.11578844
0.23200554 0.11577842
0.23194945 0.11576841
0.23189337 0.11575839
0.23183729 0.11574837
0.23178122 0.11573834
0.23172515 0.11572832
0.23166909 0.11571828
0.23161303 0.11570825
0.23155698 0.11569821
0.23150093 0.11568817
0.23144489 0.11567813
0.23138885 0.11566808
0.23133282 0.11565803
0.23127679 0.11564798
0.23122076 0.11563793
0.23116474 0.11562787
0.23110873 0.11561781
0.23105272 0.11560774
0.23099671 0.11559767
0.23094071 0.11558760
0.23088472 0.11557753
0.23082872 0.11556745
0.23077274 0.11555737
0.23071676 0.11554729
0.23066078 0.11553720
0.23060481 0.11552711
0.23054884 0.11551702
0.23049287 0.11550692
0.23043692 0.11549682
0.23038096 0.11548672
0.23032501 0.11547662
0.23026907 0.11546651
0.23021313 0.11545640
0.23015719 0.11544628
0.23010126 0.11543617
0.23004534 0.11542605
0.22998942 0.11541592
0.22993350 0.11540580
0.22987759 0.11539567
0.22982169 0.11538553
0.22976578 0.11537540
0.22970989 0.11536526
0.22965399 0.11535512
0.22959811 0.11534497
0.22954222 0.11533482
0.22948635 0.11532467
0.22943047 0.11531452
0.22937460 0.11530436
0.22931874 0.11529420
0.22926288 0.11528404
0.22920703 0.11527387
0.22915118 0.11526370
0.22909533 0.11525353
0.22903949 0.11524336
0.22898366 0.11523318
0.22892783 0.11522300
0.22887200 0.11521281
0.22881618 0.11520262
0.22876036 0.11519243
0.22870455 0.11518224
0.22864875 0.11517204
0.22859294 0.11516184
0.22853715 0.11515164
0.22848135 0.11514143
0.22842557 0.11513122
0.22836978 0.11512101
0.22831401 0.11511080
0.22825823 0.11510058
0.22820246 0.11509036
0.22814670 0.11508013
0.22809094 0.11506990
0.22803519 0.11505967
0.22797944 0.11504944
0.22792369 0.11503920
0.22786795 0.11502896
0.22781222 0.11501872
0.22775649 0.11500847
0.22770076 0.11499823
0.22764504 0.11498797
0.22758932 0.11497772
0.22753361 0.11496746
0.22747790 0.11495720
0.22742220 0.11494694
0.22736651 0.11493667
0.22731081 0.11492640
0.22725513 0.11491613
0.22719944 0.11490585
0.22714376 0.11489557
0.22708809 0.11488529
0.22703242 0.11487500
0.22697676 0.11486471
0.22692110 0.11485442
0.22686545 0.11484413
0.22680980 0.11483383
0.22675415 0.11482353
0.22669851 0.11481323
0.22664288 0.11480292
0.22658725 0.11479261
0.22653162 0.11478230
0.22647600 0.11477198
0.22642038 0.11476166
0.22636477 0.11475134
0.22630917 0.11474102
0.22625357 0.11473069
0.22619797 0.11472036
0.22614238 0.11471003
0.22608679 0.11469969
0.22603121 0.11468935
0.22597563 0.11467901
0.22592006 0.11466866
0.22586449 0.11465831
0.22580893 0.11464796
0.22575337 0.11463760
0.22569781 0.11462725
0.22564227 0.11461688
0.22558672 0.11460652
0.22553118 0.11459615
0.22547565 0.11458578
0.22542012 0.11457541
0.22536459 0.11456503
0.22530907 0.11455466
0.22525356 0.11454427
0.22519805 0.11453389
0.22514254 0.11452350
0.22508704 0.11451311
0.22503155 0.11450271
0.22497605 0.11449232
0.22492057 0.11448192
0.22486509 0.11447151
0.22480961 0.11446111
0.22475414 0.11445070
0.22469867 0.11444029
0.22464321 0.11442987
0.22458775 0.11441945
0.22453230 0.11440903
0.22447685 0.11439861
0.22442141 0.11438818
0.22436597 0.11437775
0.22431054 0.11436732
0.22425511 0.11435688
0.22419968 0.11434644
0.22414427 0.11433600
0.22408885 0.11432555
0.22403344 0.11431510
0.22397804 0.11430465
0.22392264 0.11429420
0.22386724 0.11428374
0.22381185 0.11427328
0.22375647 0.11426282
0.22370109 0.11425235
0.22364571 0.11424188
0.22359034 0.11423141
0.22353498 0.11422093
0.22347962 0.11421046
0.22342426 0.11419997
0.22336891 0.11418949
0.22331356 0.11417900
0.22325822 0.11416851
0.22320288 0.11415802
0.22314755 0.11414752
0.22309223 0.11413702
0.22303690 0.11412652
0.22298159 0.11411602
0.22292627 0.11410551
0.22287097 0.11409500
0.22281566 0.11408448
0.22276037 0.11407397
0.22270507 0.11406345
0.22264978 0.11405292
0.22259450 0.11404240
0.22253922 0.11403187
0.22248395 0.11402133
0.22242868 0.11401080
0.22237342 0.11400026
0.22231816 0.11398972
0.22226290 0.11397918
0.22220765 0.11396863
0.22215241 0.11395808
0.22209717 0.11394753
0.22204193 0.11393697
0.22198670 0.11392641
0.22193148 0.11391585
0.22187626 0.11390528
0.22182104 0.11389472
0.22176583 0.11388415
0.22171063 0.11387357
0.22165543 0.11386300
0.22160023 0.11385242
0.22154504 0.11384183
0.22148985 0.11383125
0.22143467 0.11382066
0.22137949 0.11381007
0.22132432 0.11379947
0.22126916 0.11378888
0.22121399 0.11377827
0.22115884 0.11376767
0.22110368 0.11375706
0.22104854 0.11374646
0.22099339 0.11373584
0.22093826 0.11372523
0.22088312 0.11371461
0.22082800 0.11370399
0.22077287 0.11369336
0.22071776 0.11368274
0.22066264 0.11367211
0.22060753 0.11366147
0.22055243 0.11365084
0.22049733 0.11364020
0.22044224 0.11362956
0.22038715 0.11361891
0.22033207 0.11360826
0.22027699 0.11359761
0.22022191 0.11358696
0.22016684 0.11357630
0.22011178 0.11356564
0.22005672 0.11355498
0.22000166 0.11354431
0.21994662 0.11353364
0.21989157 0.11352297
0.21983653 0.11351230
0.21978150 0.11350162
0.21972647 0.11349094
0.21967144 0.11348026
0.21961642 0.11346957
0.21956140 0.11345888
0.21950639 0.11344819
0.21945139 0.11343749
0.21939639 0.11342680
0.21934139 0.11341609
0.21928640 0.11340539
0.21923141 0.11339468
0.21917643 0.11338397
0.21912146 0.11337326
0.21906649 0.11336255
0.21901152 0.11335183
0.21895656 0.11334111
0.21890160 0.11333038
0.21884665 0.11331965
0.21879170 0.11330892
0.21873676 0.11329819
0.21868182 0.11328745
0.21862689 0.11327671
0.21857196 0.11326597
0.21851704 0.11325523
0.21846212 0.11324448
0.21840721 0.11323373
0.21835230 0.11322297
0.21829740 0.11321222
0.21824250 0.11320146
0.21818761 0.11319069
0.21813272 0.11317993
0.21807784 0.11316916
0.21802296 0.11315839
0.21796809 0.11314761
0.21791322 0.11313684
0.21785836 0.11312606
0.21780350 0.11311527
0.21774865 0.11310449
0.21769380 0.11309370
0.21763895 0.11308290
0.21758412 0.11307211
0.21752928 0.11306131
0.21747445 0.11305051
0.21741963 0.11303971
0.21736481 0.11302890
0.21731000 0.11301809
0.21725519 0.11300728
0.21720038 0.11299646
0.21714558 0.11298564
0.21709079 0.11297482
0.21703600 0.11296400
0.21698122 0.11295317
0.21692644 0.11294234
0.21687166 0.11293151
0.21681689 0.11292067
0.21676213 0.11290983
0.21670737 0.11289899
0.21665261 0.11288815
0.21659786 0.11287730
0.21654312 0.11286645
0.21648838 0.11285560
0.21643364 0.11284474
0.21637891 0.11283388
0.21632419 0.11282302
0.21626947 0.11281215
0.21621475 0.11280129
0.21616004 0.11279042
0.21610534 0.11277954
0.21605064 0.11276867
0.21599594 0.11275779
0.21594125 0.11274690
0.21588657 0.11273602
0.21583189 0.11272513
0.21577721 0.11271424
0.21572254 0.11270334
0.21566788 0.11269245
0.21561321 0.11268155
0.21555856 0.11267065
0.21550391 0.11265974
0.21544926 0.11264883
0.21539462 0.11263792
0.21533999 0.11262701
0.21528535 0.11261609
0.21523073 0.11260517
0.21517611 0.11259424
0.21512149 0.11258332
0.21506688 0.11257239
0.21501227 0.11256146
0.21495767 0.11255052
0.21490308 0.11253959
0.21484849 0.11252865
0.21479390 0.11251770
0.21473932 0.11250676
0.21468474 0.11249581
0.21463017 0.11248486
0.21457560 0.11247390
0.21452104 0.11246294
0.21446649 0.11245198
0.21441194 0.11244102
0.21435739 0.11243005
0.21430285 0.11241908
0.21424831 0.11240811
0.21419378 0.11239714
0.21413925 0.11238616
0.21408473 0.11237518
0.21403022 0.11236419
0.21397570 0.11235321
0.21392120 0.11234222
0.21386670 0.11233122
0.21381220 0.11232023
0.21375771 0.11230923
0.21370322 0.11229823
0.21364874 0.11228723
0.21359426 0.11227622
0.21353979 0.11226521
0.21348532 0.11225420
0.21343086 0.11224318
0.21337641 0.11223216
0.21332195 0.11222114
0.21326751 0.11221012
0.21321307 0.11219909
0.21315863 0.11218806
0.21310420 0.11217703
0.21304977 0.11216599
0.21299535 0.11215496
0.21294093 0.11214391
0.21288652 0.11213287
0.21283211 0.11212182
0.21277771 0.11211077
0.21272332 0.11209972
0.21266892 0.11208866
0.21261454 0.11207761
0.21256016 0.11206655
0.21250578 0.11205548
0.21245141 0.11204441
0.21239704 0.11203334
0.21234268 0.11202227
0.21228832 0.11201120
0.21223397 0.11200012
0.21217962 0.11198904
0.21212528 0.11197795
0.21207095 0.11196686
0.21201661 0.11195577
0.21196229 0.11194468
0.21190797 0.11193359
0.21185365 0.11192249
0.21179934 0.11191139
0.21174503 0.11190028
0.21169073 0.11188917
0.21163643 0.11187806
0.21158214 0.11186695
0.21152786 0.11185584
0.21147357 0.11184472
0.21141930 0.11183360
0.21136503 0.11182247
0.21131076 0.11181135
0.21125650 0.11180022
0.21120224 0.11178908
0.21114799 0.11177795
0.21109375 0.11176681
0.21103950 0.11175567
0.21098527 0.11174452
0.21093104 0.11173338
0.21087681 0.11172223
0.21082259 0.11171107
0.21076837 0.11169992
0.21071416 0.11168876
0.21065996 0.11167760
0.21060576 0.11166643
0.21055156 0.11165527
0.21049737 0.11164410
0.21044318 0.11163292
0.21038900 0.11162175
0.21033483 0.11161057
0.21028066 0.11159939
0.21022649 0.11158821
0.21017233 0.11157702
0.21011818 0.11156583
0.21006403 0.11155464
0.21000988 0.11154344
0.20995574 0.11153224
0.20990160 0.11152104
0.20984747 0.11150984
0.20979335 0.11149863
0.20973923 0.11148742
0.20968511 0.11147621
0.20963100 0.11146500
0.20957690 0.11145378
0.20952280 0.11144256
0.20946870 0.11143133
0.20941461 0.11142011
0.20936053 0.11140888
0.20930645 0.11139764
0.20925237 0.11138641
0.20919830 0.11137517
0.20914424 0.11136393
0.20909018 0.11135269
0.20903613 0.11134144
0.20898208 0.11133019
0.20892803 0.11131894
0.20887399 0.11130769
0.20881996 0.11129643
0.20876593 0.11128517
0.20871191 0.11127390
0.20865789 0.11126264
0.20860387 0.11125137
0.20854986 0.11124010
0.20849586 0.11122882
0.20844186 0.11121755
0.20838787 0.11120627
0.20833388 0.11119498
0.20827990 0.11118370
0.20822592 0.11117241
0.20817194 0.11116112
0.20811798 0.11114982
0.20806401 0.11113853
0.20801005 0.11112723
0.20795610 0.11111592
0.20790215 0.11110462
0.20784821 0.11109331
0.20779427 0.11108200
0.20774034 0.11107069
0.20768641 0.11105937
0.20763249 0.11104805
0.20757857 0.11103673
0.20752466 0.11102540
0.20747075 0.11101407
0.20741685 0.11100274
0.20736295 0.11099141
0.20730906 0.11098007
0.20725518 0.11096873
0.20720129 0.11095739
0.20714742 0.11094605
0.20709355 0.11093470
0.20703968 0.11092335
0.20698582 0.11091200
0.20693196 0.11090064
0.20687811 0.11088928
0.20682426 0.11087792
0.20677042 0.11086656
0.20671659 0.11085519
0.20666276 0.11084382
0.20660893 0.11083245
0.20655511 0.11082107
0.20650129 0.11080969
0.20644748 0.11079831
0.20639368 0.11078693
0.20633988 0.11077554
0.20628608 0.11076415
0.20623229 0.11075276
0.20617851 0.11074136
0.20612473 0.11072997
0.20607095 0.11071856
0.20601718 0.11070716
0.20596342 0.11069575
0.20590966 0.11068435
0.20585591 0.11067293
0.20580216 0.11066152
0.20574841 0.11065010
0.20569467 0.11063868
0.20564094 0.11062726
0.20558721 0.11061583
0.20553349 0.11060440
0.20547977 0.11059297
0.20542606 0.11058154
0.20537235 0.11057010
0.20531864 0.11055866
0.20526495 0.11054722
0.20521125 0.11053577
0.20515757 0.11052433
0.20510388 0.11051288
0.20505021 0.11050142
0.20499653 0.11048997
0.20494287 0.11047851
0.20488920 0.11046704
0.20483555 0.11045558
0.20478189 0.11044411
0.20472825 0.11043264
0.20467461 0.11042117
0.20462097 0.11040969
0.20456734 0.11039821
0.20451371 0.11038673
0.20446009 0.11037525
0.20440648 0.11036376
0.20435286 0.11035227
0.20429926 0.11034078
0.20424566 0.11032928
0.20419206 0.11031779
0.20413847 0.11030629
0.20408489 0.11029478
0.20403131 0.11028328
0.20397773 0.11027177
0.20392416 0.11026025
0.20387060 0.11024874
0.20381704 0.11023722
0.20376349 0.11022570
0.20370994 0.11021418
0.20365639 0.11020265
0.20360285 0.11019113
0.20354932 0.11017959
0.20349579 0.11016806
0.20344227 0.11015652
0.20338875 0.11014498
0.20333524 0.11013344
0.20328173 0.11012190
0.20322823 0.11011035
0.20317473 0.11009880
0.20312124 0.11008725
0.20306775 0.11007569
0.20301427 0.11006413
0.20296079 0.11005257
0.20290732 0.11004101
0.20285385 0.11002944
0.20280039 0.11001787
0.20274693 0.11000630
0.20269348 0.10999472
0.20264004 0.10998314
0.20258660 0.10997156
0.20253316 0.10995998
0.20247973 0.10994839
0.20242631 0.10993680
0.20237289 0.10992521
0.20231947 0.10991362
0.20226606 0.10990202
0.20221266 0.10989042
0.20215926 0.10987882
0.20210586 0.10986721
0.20205247 0.10985560
0.20199909 0.10984399
0.20194571 0.10983238
0.20189234 0.10982076
0.20183897 0.10980914
0.20178561 0.10979752
0.20173225 0.10978590
0.20167889 0.10977427
0.20162555 0.10976264
0.20157220 0.10975100
0.20151887 0.10973937
0.20146553 0.10972773
0.20141221 0.10971609
0.20135889 0.10970445
0.20130557 0.10969280
0.20125226 0.10968115
0.20119895 0.10966950
0.20114565 0.10965784
0.20109236 0.10964618
0.20103906 0.10963452
0.20098578 0.10962286
0.20093250 0.10961120
0.20087922 0.10959953
0.20082595 0.10958786
0.20077269 0.10957618
0.20071943 0.10956450
0.20066618 0.10955283
0.20061293 0.10954114
0.20055968 0.10952946
0.20050644 0.10951777
0.20045321 0.10950608
0.20039998 0.10949439
0.20034676 0.10948269
0.20029354 0.10947099
0.20024033 0.10945929
0.20018712 0.10944759
0.20013392 0.10943588
0.20008072 0.10942417
0.20002753 0.10941246
0.19997434 0.10940074
0.19992116 0.10938903
0.19986799 0.10937731
0.19981481 0.10936558
0.19976165 0.10935386
0.19970849 0.10934213
0.19965533 0.10933040
0.19960218 0.10931866
0.19954904 0.10930693
0.19949590 0.10929519
0.19944276 0.10928345
0.19938963 0.10927170
0.19933651 0.10925995
0.19928339 0.10924820
0.19923028 0.10923645
0.19917717 0.10922470
0.19912407 0.10921294
0.19907097 0.10920118
0.19901787 0.10918941
0.19896479 0.10917765
0.19891170 0.10916588
0.19885863 0.10915410
0.19880556 0.10914233
0.19875249 0.10913055
0.19869943 0.10911877
0.19864637 0.10910699
0.19859332 0.10909520
0.19854027 0.10908342
0.19848723 0.10907163
0.19843420 0.10905983
0.19838117 0.10904804
0.19832814 0.10903624
0.19827512 0.10902443
0.19822211 0.10901263
0.19816910 0.10900082
0.19811610 0.10898901
0.19806310 0.10897720
0.19801010 0.10896539
0.19795712 0.10895357
0.19790413 0.10894175
0.19785116 0.10892992
0.19779818 0.10891810
0.19774522 0.10890627
0.19769225 0.10889444
0.19763930 0.10888260
0.19758635 0.10887077
0.19753340 0.10885893
0.19748046 0.10884709
0.19742752 0.10883524
0.19737459 0.10882339
0.19732167 0.10881154
0.19726875 0.10879969
0.19721583 0.10878783
0.19716292 0.10877598
0.19711002 0.10876412
0.19705712 0.10875225
0.19700423 0.10874039
0.19695134 0.10872852
0.19689845 0.10871664
0.19684558 0.10870477
0.19679270 0.10869289
0.19673984 0.10868101
0.19668697 0.10866913
0.19663412 0.10865725
0.19658126 0.10864536
0.19652842 0.10863347
0.19647558 0.10862157
0.19642274 0.10860968
0.19636991 0.10859778
0.19631709 0.10858588
0.19626427 0.10857397
0.19621145 0.10856207
0.19615864 0.10855016
0.19610584 0.10853825
0.19605304 0.10852633
0.19600024 0.10851441
0.19594746 0.10850249
0.19589467 0.10849057
0.19584189 0.10847865
0.19578912 0.10846672
0.19573635 0.10845479
0.19568359 0.10844285
0.19563084 0.10843092
0.19557808 0.10841898
0.19552534 0.10840704
0.19547260 0.10839509
0.19541986 0.10838315
0.19536713 0.10837120
0.19531441 0.10835925
0.19526169 0.10834729
0.19520897 0.10833533
0.19515626 0.10832337
0.19510356 0.10831141
0.19505086 0.10829945
0.19499817 0.10828748
0.19494548 0.10827551
0.19489279 0.10826353
0.19484012 0.10825156
0.19478744 0.10823958
0.19473478 0.10822760
0.19468212 0.10821561
0.19462946 0.10820363
0.19457681 0.10819164
0.19452416 0.10817965
0.19447152 0.10816765
0.19441889 0.10815565
0.19436626 0.10814365
0.19431363 0.10813165
0.19426101 0.10811965
0.19420840 0.10810764
0.19415579 0.10809563
0.19410319 0.10808361
0.19405059 0.10807160
0.19399799 0.10805958
0.19394541 0.10804756
0.19389283 0.10803553
0.19384025 0.10802351
0.19378768 0.10801148
0.19373511 0.10799945
0.19368255 0.10798741
0.19362999 0.10797537
0.19357744 0.10796333
0.19352490 0.10795129
0.19347236 0.10793925
0.19341982 0.10792720
0.19336729 0.10791515
0.19331477 0.10790310
0.19326225 0.10789104
0.19320974 0.10787898
0.19315723 0.10786692
0.19310473 0.10785486
0.19305223 0.10784279
0.19299974 0.10783072
0.19294725 0.10781865
0.19289477 0.10780658
0.19284230 0.10779450
0.19278982 0.10778242
0.19273736 0.10777034
0.19268490 0.10775825
0.19263244 0.10774616
0.19258000 0.10773407
0.19252755 0.10772198
0.19247511 0.10770989
0.19242268 0.10769779
0.19237025 0.10768569
0.19231783 0.10767358
0.19226541 0.10766148
0.19221300 0.10764937
0.19216059 0.10763726
0.19210819 0.10762515
0.19205580 0.10761303
0.19200340 0.10760091
0.19195102 0.10758879
0.19189864 0.10757666
0.19184626 0.10756454
0.19179389 0.10755241
0.19174153 0.10754027
0.19168917 0.10752814
0.19163682 0.10751600
0.19158447 0.10750386
0.19153213 0.10749172
0.19147979 0.10747957
0.19142746 0.10746743
0.19137513 0.10745528
0.19132281 0.10744312
0.19127050 0.10743097
0.19121818 0.10741881
0.19116588 0.10740665
0.19111358 0.10739448
0.19106128 0.10738232
0.19100900 0.10737015
0.19095671 0.10735798
0.19090443 0.10734580
0.19085216 0.10733362
0.19079989 0.10732145
0.19074763 0.10730926
0.19069537 0.10729708
0.19064312 0.10728489
0.19059087 0.10727270
0.19053863 0.10726051
0.19048640 0.10724831
0.19043417 0.10723612
0.19038194 0.10722392
0.19032972 0.10721171
0.19027751 0.10719951
0.19022530 0.10718730
0.19017310 0.10717509
0.19012090 0.10716287
0.19006871 0.10715066
0.19001652 0.10713844
0.18996434 0.10712622
0.18991216 0.10711399
0.18985999 0.10710177
0.18980782 0.10708954
0.18975566 0.10707731
0.18970351 0.10706507
0.18965136 0.10705284
0.18959921 0.10704060
0.18954707 0.10702835
0.18949494 0.10701611
0.18944281 0.10700386
0.18939069 0.10699161
0.18933857 0.10697936
0.18928646 0.10696710
0.18923435 0.10695485
0.18918225 0.10694259
0.18913016 0.10693032
0.18907806 0.10691806
0.18902598 0.10690579
0.18897390 0.10689352
0.18892183 0.10688124
0.18886976 0.10686897
0.18881769 0.10685669
0.18876563 0.10684441
0.18871358 0.10683212
0.18866153 0.10681984
0.18860949 0.10680755
0.18855745 0.10679526
0.18850542 0.10678296
0.18845340 0.10677067
0.18840138 0.10675837
0.18834936 0.10674607
0.18829735 0.10673376
0.18824535 0.10672145
0.18819335 0.10670914
0.18814136 0.10669683
0.18808937 0.10668452
0.18803738 0.10667220
0.18798541 0.10665988
0.18793343 0.10664756
0.18788147 0.10663523
0.18782951 0.10662290
0.18777755 0.10661057
0.18772560 0.10659824
0.18767366 0.10658590
0.18762172 0.10657357
0.18756978 0.10656123
0.18751785 0.10654888
0.18746593 0.10653654
0.18741401 0.10652419
0.18736210 0.10651184
0.18731019 0.10649948
0.18725829 0.10648713
0.18720639 0.10647477
0.18715450 0.10646241
0.18710262 0.10645004
0.18705074 0.10643768
0.18699886 0.10642531
0.18694699 0.10641293
0.18689513 0.10640056
0.18684327 0.10638818
0.18679142 0.10637580
0.18673957 0.10636342
0.18668773 0.10635104
0.18663589 0.10633865
0.18658406 0.10632626
0.18653224 0.10631387
0.18648042 0.10630147
0.18642860 0.10628908
0.18637679 0.10627667
0.18632499 0.10626427
0.18627319 0.10625187
0.18622139 0.10623946
0.18616961 0.10622705
0.18611782 0.10621464
0.18606605 0.10620222
0.18601428 0.10618980
0.18596251 0.10617738
0.18591075 0.10616496
0.18585899 0.10615253
0.18580724 0.10614010
0.18575550 0.10612767
0.18570376 0.10611524
0.18565203 0.10610280
0.18560030 0.10609037
0.18554858 0.10607792
0.18549686 0.10606548
0.18544515 0.10605303
0.18539344 0.10604059
0.18534174 0.10602813
0.18529004 0.10601568
0.18523835 0.10600322
0.18518667 0.10599076
0.18513499 0.10597830
0.18508332 0.10596584
0.18503165 0.10595337
0.18497999 0.10594090
0.18492833 0.10592843
0.18487668 0.10591596
0.18482503 0.10590348
0.18477339 0.10589100
0.18472175 0.10587852
0.18467012 0.10586603
0.18461850 0.10585355
0.18456688 0.10584106
0.18451527 0.10582856
0.18446366 0.10581607
0.18441206 0.10580357
0.18436046 0.10579107
0.18430887 0.10577857
0.18425728 0.10576606
0.18420570 0.10575356
0.18415412 0.10574105
0.18410255 0.10572853
0.18405099 0.10571602
0.18399943 0.10570350
0.18394788 0.10569098
0.18389633 0.10567846
0.18384479 0.10566593
0.18379325 0.10565341
0.18374172 0.10564087
0.18369019 0.10562834
0.18363867 0.10561581
0.18358716 0.10560327
0.18353565 0.10559073
0.18348414 0.10557818
0.18343264 0.10556564
0.18338115 0.10555309
0.18332966 0.10554054
0.18327818 0.10552799
0.18322670 0.10551543
0.18317523 0.10550287
0.18312376 0.10549031
0.18307230 0.10547775
0.18302085 0.10546518
0.18296940 0.10545261
0.18291796 0.10544004
0.18286652 0.10542747
0.18281508 0.10541489
0.18276366 0.10540231
0.18271223 0.10538973
0.18266082 0.10537715
0.18260941 0.10536456
0.18255800 0.10535197
0.18250660 0.10533938
0.18245521 0.10532679
0.18240382 0.10531419
0.18235243 0.10530159
0.18230105 0.10528899
0.18224968 0.10527639
0.18219831 0.10526378
0.18214695 0.10525117
0.18209560 0.10523856
0.18204425 0.10522595
0.18199290 0.10521333
0.18194156 0.10520071
0.18189023 0.10518809
0.18183890 0.10517546
0.18178757 0.10516284
0.18173626 0.10515021
0.18168494 0.10513758
0.18163364 0.10512494
0.18158234 0.10511231
0.18153104 0.10509967
0.18147975 0.10508702
0.18142847 0.10507438
0.18137719 0.10506173
0.18132591 0.10504908
0.18127464 0.10503643
0.18122338 0.10502378
0.18117212 0.10501112
0.18112087 0.10499846
0.18106963 0.10498580
0.18101839 0.10497314
0.18096715 0.10496047
0.18091592 0.10494780
0.18086470 0.10493513
0.18081348 0.10492245
0.18076227 0.10490978
0.18071106 0.10489710
0.18065986 0.10488441
0.18060866 0.10487173
0.18055747 0.10485904
0.18050628 0.10484635
0.18045510 0.10483366
0.18040393 0.10482097
0.18035276 0.10480827
0.18030160 0.10479557
0.18025044 0.10478287
0.18019929 0.10477016
0.18014814 0.10475746
0.18009700 0.10474475
0.18004586 0.10473203
0.17999473 0.10471932
0.17994361 0.10470660
0.17989249 0.10469388
0.17984138 0.10468116
0.17979027 0.10466844
0.17973916 0.10465571
0.17968807 0.10464298
0.17963698 0.10463025
0.17958589 0.10461751
0.17953481 0.10460477
0.17948374 0.10459204
0.17943267 0.10457929
0.17938160 0.10456655
0.17933054 0.10455380
0.17927949 0.10454105
0.17922844 0.10452830
0.17917740 0.10451555
0.17912637 0.10450279
0.17907534 0.10449003
0.17902431 0.10447727
0.17897329 0.10446450
0.17892228 0.10445173
0.17887127 0.10443897
0.17882027 0.10442619
0.17876927 0.10441342
0.17871828 0.10440064
0.17866729 0.10438786
0.17861631 0.10437508
0.17856534 0.10436230
0.17851437 0.10434951
0.17846340 0.10433672
0.17841244 0.10432393
0.17836149 0.10431113
0.17831054 0.10429834
0.17825960 0.10428554
0.17820867 0.10427273
0.17815774 0.10425993
0.17810681 0.10424712
0.17805589 0.10423431
0.17800498 0.10422150
0.17795407 0.10420869
0.17790317 0.10419587
0.17785227 0.10418305
0.17780138 0.10417023
0.17775049 0.10415741
0.17769961 0.10414458
0.17764874 0.10413175
0.17759787 0.10411892
0.17754700 0.10410608
0.17749615 0.10409325
0.17744529 0.10408041
0.17739445 0.10406757
0.17734361 0.10405472
0.17729277 0.10404188
0.17724194 0.10402903
0.17719111 0.10401618
0.17714030 0.10400332
0.17708948 0.10399047
0.17703867 0.10397761
0.17698787 0.10396475
0.17693707 0.10395188
0.17688628 0.10393902
0.17683550 0.10392615
0.17678472 0.10391328
0.17673394 0.10390040
0.17668317 0.10388753
0.17663241 0.10387465
0.17658165 0.10386177
0.17653090 0.10384888
0.17648015 0.10383600
0.17642941 0.10382311
0.17637868 0.10381022
0.17632795 0.10379732
0.17627722 0.10378443
0.17622651 0.10377153
0.17617579 0.10375863
0.17612509 0.10374573
0.17607438 0.10373282
0.17602369 0.10371991
0.17597300 0.10370700
0.17592231 0.10369409
0.17587163 0.10368117
0.17582096 0.10366825
0.17577029 0.10365533
0.17571963 0.10364241
0.17566897 0.10362949
0.17561832 0.10361656
0.17556767 0.10360363
0.17551703 0.10359070
0.17546640 0.10357776
0.17541577 0.10356482
0.17536515 0.10355188
0.17531453 0.10353894
0.17526392 0.10352599
0.17521331 0.10351305
0.17516271 0.10350010
0.17511211 0.10348714
0.17506152 0.10347419
0.17501094 0.10346123
0.17496036 0.10344827
0.17490979 0.10343531
0.17485922 0.10342235
0.17480866 0.10340938
0.17475810 0.10339641
0.17470755 0.10338344
0.17465701 0.10337046
0.17460647 0.10335749
0.17455594 0.10334451
0.17450541 0.10333153
0.17445489 0.10331854
0.17440437 0.10330555
0.17435386 0.10329257
0.17430335 0.10327957
0.17425285 0.10326658
0.17420236 0.10325358
0.17415187 0.10324058
0.17410139 0.10322758
0.17405091 0.10321458
0.17400044 0.10320157
0.17394997 0.10318857
0.17389951 0.10317555
0.17384906 0.10316254
0.17379861 0.10314952
0.17374816 0.10313651
0.17369773 0.10312349
0.17364729 0.10311046
0.17359687 0.10309744
0.17354645 0.10308441
0.17349603 0.10307138
0.17344562 0.10305835
0.17339522 0.10304531
0.17334482 0.10303227
0.17329443 0.10301923
0.17324404 0.10300619
0.17319366 0.10299314
0.17314328 0.10298010
0.17309291 0.10296705
0.17304255 0.10295399
0.17299219 0.10294094
0.17294183 0.10292788
0.17289149 0.10291482
0.17284115 0.10290176
0.17279081 0.10288870
0.17274048 0.10287563
0.17269015 0.10286256
0.17263983 0.10284949
0.17258952 0.10283641
0.17253921 0.10282334
0.17248891 0.10281026
0.17243861 0.10279718
0.17238832 0.10278409
0.17233804 0.10277101
0.17228776 0.10275792
0.17223748 0.10274483
0.17218721 0.10273173
0.17213695 0.10271864
0.17208669 0.10270554
0.17203644 0.10269244
0.17198620 0.10267933
0.17193596 0.10266623
0.17188572 0.10265312
0.17183549 0.10264001
0.17178527 0.10262690
0.17173505 0.10261378
0.17168484 0.10260066
0.17163463 0.10258754
0.17158443 0.10257442
0.17153424 0.10256129
0.17148405 0.10254817
0.17143387 0.10253504
0.17138369 0.10252190
0.17133352 0.10250877
0.17128335 0.10249563
0.17123319 0.10248249
0.17118303 0.10246935
0.17113289 0.10245621
0.17108274 0.10244306
0.17103260 0.10242991
0.17098247 0.10241676
0.17093234 0.10240361
0.17088222 0.10239045
0.17083211 0.10237729
0.17078200 0.10236413
0.17073189 0.10235097
0.17068180 0.10233780
0.17063170 0.10232463
0.17058162 0.10231146
0.17053154 0.10229829
0.17048146 0.10228511
0.17043139 0.10227193
0.17038133 0.10225875
0.17033127 0.10224557
0.17028122 0.10223239
0.17023117 0.10221920
0.17018113 0.10220601
0.17013109 0.10219282
0.17008106 0.10217962
0.17003104 0.10216642
0.16998102 0.10215322
0.16993101 0.10214002
0.16988100 0.10212682
0.16983100 0.10211361
0.16978100 0.10210040
0.16973101 0.10208719
0.16968103 0.10207398
0.16963105 0.10206076
0.16958107 0.10204754
0.16953111 0.10203432
0.16948115 0.10202110
0.16943119 0.10200787
0.16938124 0.10199464
0.16933129 0.10198141
0.16928136 0.10196818
0.16923142 0.10195494
0.16918150 0.10194170
0.16913157 0.10192846
0.16908166 0.10191522
0.16903175 0.10190198
0.16898184 0.10188873
0.16893194 0.10187548
0.16888205 0.10186223
0.16883216 0.10184897
0.16878228 0.10183572
0.16873241 0.10182246
0.16868254 0.10180919
0.16863267 0.10179593
0.16858281 0.10178266
0.16853296 0.10176939
0.16848311 0.10175612
0.16843327 0.10174285
0.16838344 0.10172957
0.16833361 0.10171629
0.16828378 0.10170301
0.16823396 0.10168973
0.16818415 0.10167645
0.16813434 0.10166316
0.16808454 0.10164987
0.16803474 0.10163657
0.16798495 0.10162328
0.16793517 0.10160998
0.16788539 0.10159668
0.16783562 0.10158338
0.16778585 0.10157008
0.16773609 0.10155677
0.16768633 0.10154346
0.16763658 0.10153015
0.16758684 0.10151683
0.16753710 0.10150352
0.16748737 0.10149020
0.16743764 0.10147688
0.16738792 0.10146355
0.16733821 0.10145023
0.16728850 0.10143690
0.16723879 0.10142357
0.16718909 0.10141023
0.16713940 0.10139690
0.16708971 0.10138356
0.16704003 0.10137022
0.16699036 0.10135688
0.16694069 0.10134353
0.16689102 0.10133019
0.16684137 0.10131684
0.16679171 0.10130349
0.16674207 0.10129013
0.16669243 0.10127677
0.16664279 0.10126342
0.16659316 0.10125005
0.16654354 0.10123669
0.16649392 0.10122332
0.16644431 0.10120996
0.16639470 0.10119658
0.16634510 0.10118321
0.16629551 0.10116984
0.16624592 0.10115646
0.16619633 0.10114308
0.16614676 0.10112969
0.16609719 0.10111631
0.16604762 0.10110292
0.16599806 0.10108953
0.16594851 0.10107614
0.16589896 0.10106275
0.16584941 0.10104935
0.16579988 0.10103595
0.16575035 0.10102255
0.16570082 0.10100914
0.16565130 0.10099574
0.16560179 0.10098233
0.16555228 0.10096892
0.16550277 0.10095551
0.16545328 0.10094209
0.16540379 0.10092867
0.16535430 0.10091525
0.16530482 0.10090183
0.16525535 0.10088840
0.16520588 0.10087498
0.16515642 0.10086155
0.16510696 0.10084811
0.16505751 0.10083468
0.16500807 0.10082124
0.16495863 0.10080780
0.16490919 0.10079436
0.16485977 0.10078092
0.16481035 0.10076747
0.16476093 0.10075402
0.16471152 0.10074057
0.16466212 0.10072712
0.16461272 0.10071367
0.16456332 0.10070021
0.16451394 0.10068675
0.16446456 0.10067328
0.16441518 0.10065982
0.16436581 0.10064635
0.16431645 0.10063288
0.16426709 0.10061941
0.16421774 0.10060594
0.16416839 0.10059246
0.16411905 0.10057898
0.16406972 0.10056550
0.16402039 0.10055202
0.16397106 0.10053853
0.16392175 0.10052504
0.16387243 0.10051155
0.16382313 0.10049806
0.16377383 0.10048456
0.16372453 0.10047107
0.16367525 0.10045757
0.16362596 0.10044406
0.16357669 0.10043056
0.16352742 0.10041705
0.16347815 0.10040354
0.16342889 0.10039003
0.16337964 0.10037652
0.16333039 0.10036300
0.16328115 0.10034948
0.16323191 0.10033596
0.16318268 0.10032244
0.16313346 0.10030891
0.16308424 0.10029539
0.16303502 0.10028186
0.16298582 0.10026832
0.16293662 0.10025479
0.16288742 0.10024125
0.16283823 0.10022771
0.16278905 0.10021417
0.16273987 0.10020063
0.16269070 0.10018708
0.16264153 0.10017353
0.16259237 0.10015998
0.16254322 0.10014643
0.16249407 0.10013287
0.16244492 0.10011931
0.16239579 0.10010575
0.16234665 0.10009219
0.16229753 0.10007862
0.16224841 0.10006506
0.16219930 0.10005149
0.16215019 0.10003791
0.16210108 0.10002434
0.16205199 0.10001076
0.16200290 0.09999718
0.16195381 0.09998360
0.16190473 0.09997002
0.16185566 0.09995643
0.16180659 0.09994285
0.16175753 0.09992926
0.16170848 0.09991566
0.16165943 0.09990207
0.16161038 0.09988847
0.16156134 0.09987487
0.16151231 0.09986127
0.16146329 0.09984766
0.16141426 0.09983406
0.16136525 0.09982045
0.16131624 0.09980684
0.16126724 0.09979322
0.16121824 0.09977961
0.16116925 0.09976599
0.16112026 0.09975237
0.16107128 0.09973875
0.16102231 0.09972512
0.16097334 0.09971149
0.16092438 0.09969786
0.16087542 0.09968423
0.16082647 0.09967060
0.16077753 0.09965696
0.16072859 0.09964332
0.16067966 0.09962968
0.16063073 0.09961604
0.16058181 0.09960239
0.16053289 0.09958874
0.16048398 0.09957509
0.16043508 0.09956144
0.16038618 0.09954778
0.16033729 0.09953413
0.16028840 0.09952047
0.16023952 0.09950681
0.16019065 0.09949314
0.16014178 0.09947947
0.16009292 0.09946581
0.16004406 0.09945213
0.15999521 0.09943846
0.15994637 0.09942479
0.15989753 0.09941111
0.15984869 0.09939743
0.15979987 0.09938374
0.15975104 0.09937006
0.15970223 0.09935637
0.15965342 0.09934268
0.15960461 0.09932899
0.15955582 0.09931530
0.15950702 0.09930160
0.15945824 0.09928790
0.15940946 0.09927420
0.15936068 0.09926050
0.15931191 0.09924679
0.15926315 0.09923308
0.15921439 0.09921937
0.15916564 0.09920566
0.15911690 0.09919195
0.15906816 0.09917823
0.15901942 0.09916451
0.15897070 0.09915079
0.15892198 0.09913707
0.15887326 0.09912334
0.15882455 0.09910961
0.15877585 0.09909588
0.15872715 0.09908215
0.15867846 0.09906841
0.15862977 0.09905467
0.15858109 0.09904094
0.15853241 0.09902719
0.15848375 0.09901345
0.15843508 0.09899970
0.15838643 0.09898595
0.15833777 0.09897220
0.15828913 0.09895845
0.15824049 0.09894469
0.15819186 0.09893093
0.15814323 0.09891717
0.15809461 0.09890341
0.15804599 0.09888965
0.15799738 0.09887588
0.15794878 0.09886211
0.15790018 0.09884834
0.15785159 0.09883456
0.15780300 0.09882079
0.15775442 0.09880701
0.15770585 0.09879323
0.15765728 0.09877945
0.15760872 0.09876566
0.15756016 0.09875187
0.15751161 0.09873808
0.15746306 0.09872429
0.15741452 0.09871050
0.15736599 0.09869670
0.15731746 0.09868290
0.15726894 0.09866910
0.15722043 0.09865530
0.15717192 0.09864149
0.15712342 0.09862768
0.15707492 0.09861387
0.15702643 0.09860006
0.15697794 0.09858625
0.15692946 0.09857243
0.15688099 0.09855861
0.15683252 0.09854479
0.15678406 0.09853096
0.15673560 0.09851714
0.15668715 0.09850331
0.15663871 0.09848948
0.15659027 0.09847565
0.15654183 0.09846181
0.15649341 0.09844797
0.15644499 0.09843413
0.15639657 0.09842029
0.15634816 0.09840645
0.15629976 0.09839260
0.15625136 0.09837875
0.15620297 0.09836490
0.15615459 0.09835105
0.15610621 0.09833719
0.15605784 0.09832334
0.15600947 0.09830948
0.15596111 0.09829561
0.15591275 0.09828175
0.15586440 0.09826788
0.15581606 0.09825401
0.15576772 0.09824014
0.15571939 0.09822627
0.15567106 0.09821239
0.15562274 0.09819851
0.15557443 0.09818463
0.15552612 0.09817075
0.15547782 0.09815687
0.15542952 0.09814298
0.15538123 0.09812909
0.15533295 0.09811520
0.15528467 0.09810131
0.15523640 0.09808741
0.15518813 0.09807351
0.15513987 0.09805961
0.15509162 0.09804571
0.15504337 0.09803180
0.15499513 0.09801790
0.15494689 0.09800399
0.15489866 0.09799008
0.15485044 0.09797616
0.15480222 0.09796225
0.15475400 0.09794833
0.15470580 0.09793441
0.15465760 0.09792048
0.15460940 0.09790656
0.15456121 0.09789263
0.15451303 0.09787870
0.15446485 0.09786477
0.15441668 0.09785083
0.15436852 0.09783690
0.15432036 0.09782296
0.15427220 0.09780902
0.15422406 0.09779508
0.15417592 0.09778113
0.15412778 0.09776718
0.15407965 0.09775323
0.15403153 0.09773928
0.15398341 0.09772533
0.15393530 0.09771137
0.15388719 0.09769741
0.15383909 0.09768345
0.15379100 0.09766949
0.15374291 0.09765552
0.15369483 0.09764156
0.15364676 0.09762759
0.15359869 0.09761361
0.15355062 0.09759964
0.15350256 0.09758566
0.15345451 0.09757168
0.15340647 0.09755770
0.15335843 0.09754372
0.15331039 0.09752973
0.15326237 0.09751575
0.15321434 0.09750176
0.15316633 0.09748776
0.15311832 0.09747377
0.15307031 0.09745977
0.15302232 0.09744577
0.15297432 0.09743177
0.15292634 0.09741777
0.15287836 0.09740376
0.15283038 0.09738976
0.15278242 0.09737575
0.15273445 0.09736173
0.15268650 0.09734772
0.15263855 0.09733370
0.15259060 0.09731968
0.15254267 0.09730566
0.15249473 0.09729164
0.15244681 0.09727761
0.15239889 0.09726359
0.15235097 0.09724956
0.15230307 0.09723553
0.15225516 0.09722149
0.15220727 0.09720745
0.15215938 0.09719342
0.15211149 0.09717937
0.15206362 0.09716533
0.15201574 0.09715129
0.15196788 0.09713724
0.15192002 0.09712319
0.15187216 0.09710914
0.15182431 0.09709508
0.15177647 0.09708103
0.15172864 0.09706697
0.15168081 0.09705291
0.15163298 0.09703884
0.15158516 0.09702478
0.15153735 0.09701071
0.15148955 0.09699664
0.15144175 0.09698257
0.15139395 0.09696849
0.15134616 0.09695442
0.15129838 0.09694034
0.15125061 0.09692626
0.15120284 0.09691217
0.15115507 0.09689809
0.15110731 0.09688400
0.15105956 0.09686991
0.15101182 0.09685582
0.15096408 0.09684173
0.15091634 0.09682763
0.15086861 0.09681353
0.15082089 0.09679943
0.15077318 0.09678533
0.15072547 0.09677122
0.15067776 0.09675712
0.15063007 0.09674301
0.15058237 0.09672890
0.15053469 0.09671478
0.15048701 0.09670067
0.15043934 0.09668655
0.15039167 0.09667243
0.15034401 0.09665830
0.15029635 0.09664418
0.15024870 0.09663005
0.15020106 0.09661592
0.15015342 0.09660179
0.15010579 0.09658766
0.15005816 0.09657352
0.15001054 0.09655938
0.14996293 0.09654524
0.14991532 0.09653110
0.14986772 0.09651696
0.14982013 0.09650281
0.14977254 0.09648866
0.14972495 0.09647451
0.14967738 0.09646036
0.14962981 0.09644620
0.14958224 0.09643204
0.14953468 0.09641788
0.14948713 0.09640372
0.14943958 0.09638956
0.14939204 0.09637539
0.14934451 0.09636122
0.14929698 0.09634705
0.14924945 0.09633288
0.14920194 0.09631870
0.14915443 0.09630452
0.14910692 0.09629034
0.14905942 0.09627616
0.14901193 0.09626198
0.14896445 0.09624779
0.14891697 0.09623360
0.14886949 0.09621941
0.14882202 0.09620522
0.14877456 0.09619103
0.14872710 0.09617683
0.14867965 0.09616263
0.14863221 0.09614843
0.14858477 0.09613422
0.14853734 0.09612002
0.14848991 0.09610581
0.14844249 0.09609160
0.14839508 0.09607739
0.14834767 0.09606317
0.14830027 0.09604896
0.14825288 0.09603474
0.14820549 0.09602052
0.14815810 0.09600629
0.14811073 0.09599207
0.14806335 0.09597784
0.14801599 0.09596361
0.14796863 0.09594938
0.14792128 0.09593514
0.14787393 0.09592091
0.14782659 0.09590667
0.14777925 0.09589243
0.14773193 0.09587819
0.14768460 0.09586394
0.14763729 0.09584969
0.14758998 0.09583544
0.14754267 0.09582119
0.14749537 0.09580694
0.14744808 0.09579268
0.14740079 0.09577843
0.14735351 0.09576417
0.14730624 0.09574990
0.14725897 0.09573564
0.14721171 0.09572137
0.14716445 0.09570710
0.14711720 0.09569283
0.14706996 0.09567856
0.14702272 0.09566428
0.14697549 0.09565001
0.14692827 0.09563573
0.14688105 0.09562144
0.14683383 0.09560716
0.14678663 0.09559287
0.14673943 0.09557859
0.14669223 0.09556430
0.14664504 0.09555000
0.14659786 0.09553571
0.14655068 0.09552141
0.14650351 0.09550711
0.14645635 0.09549281
0.14640919 0.09547851
0.14636204 0.09546420
0.14631489 0.09544989
0.14626775 0.09543558
0.14622062 0.09542127
0.14617349 0.09540696
0.14612637 0.09539264
0.14607925 0.09537832
0.14603214 0.09536400
0.14598504 0.09534968
0.14593794 0.09533535
0.14589085 0.09532103
0.14584376 0.09530670
0.14579668 0.09529237
0.14574961 0.09527803
0.14570254 0.09526370
0.14565548 0.09524936
0.14560843 0.09523502
0.14556138 0.09522068
0.14551434 0.09520633
0.14546730 0.09519198
0.14542027 0.09517764
0.14537325 0.09516329
0.14532623 0.09514893
0.14527922 0.09513458
0.14523221 0.09512022
0.14518521 0.09510586
0.14513822 0.09509150
0.14509123 0.09507714
0.14504425 0.09506277
0.14499728 0.09504840
0.14495031 0.09503403
0.14490334 0.09501966
0.14485639 0.09500528
0.14480944 0.09499091
0.14476249 0.09497653
0.14471555 0.09496215
0.14466862 0.09494776
0.14462169 0.09493338
0.14457477 0.09491899
0.14452786 0.09490460
0.14448095 0.09489021
0.14443405 0.09487582
0.14438716 0.09486142
0.14434027 0.09484702
0.14429338 0.09483262
0.14424651 0.09481822
0.14419964 0.09480382
0.14415277 0.09478941
0.14410591 0.09477500
0.14405906 0.09476059
0.14401221 0.09474618
0.14396537 0.09473176
0.14391854 0.09471735
0.14387171 0.09470293
0.14382489 0.09468850
0.14377807 0.09467408
0.14373126 0.09465966
0.14368446 0.09464523
0.14363766 0.09463080
0.14359087 0.09461637
0.14354409 0.09460193
0.14349731 0.09458749
0.14345054 0.09457306
0.14340377 0.09455862
0.14335701 0.09454417
0.14331025 0.09452973
0.14326351 0.09451528
0.14321676 0.09450083
0.14317003 0.09448638
0.14312330 0.09447193
0.14307657 0.09445747
0.14302986 0.09444301
0.14298315 0.09442855
0.14293644 0.09441409
0.14288974 0.09439963
0.14284305 0.09438516
0.14279636 0.09437069
0.14274968 0.09435622
0.14270301 0.09434175
0.14265634 0.09432728
0.14260968 0.09431280
0.14256302 0.09429832
0.14251637 0.09428384
0.14246973 0.09426936
0.14242309 0.09425487
0.14237646 0.09424038
0.14232984 0.09422589
0.14228322 0.09421140
0.14223661 0.09419691
0.14219000 0.09418241
0.14214340 0.09416791
0.14209680 0.09415341
0.14205022 0.09413891
0.14200364 0.09412441
0.14195706 0.09410990
0.14191049 0.09409539
0.14186393 0.09408088
0.14181737 0.09406637
0.14177082 0.09405185
0.14172427 0.09403734
0.14167774 0.09402282
0.14163120 0.09400830
0.14158468 0.09399377
0.14153816 0.09397925
0.14149164 0.09396472
0.14144514 0.09395019
0.14139863 0.09393566
0.14135214 0.09392112
0.14130565 0.09390659
0.14125917 0.09389205
0.14121269 0.09387751
0.14116622 0.09386297
0.14111976 0.09384842
0.14107330 0.09383388
0.14102685 0.09381933
0.14098040 0.09380478
0.14093396 0.09379022
0.14088753 0.09377567
0.14084110 0.09376111
0.14079468 0.09374655
0.14074826 0.09373199
0.14070186 0.09371743
0.14065545 0.09370286
0.14060906 0.09368830
0.14056267 0.09367373
0.14051628 0.09365915
0.14046991 0.09364458
0.14042353 0.09363000
0.14037717 0.09361543
0.14033081 0.09360085
0.14028446 0.09358626
0.14023811 0.09357168
0.14019177 0.09355709
0.14014544 0.09354250
0.14009911 0.09352791
0.14005279 0.09351332
0.14000647 0.09349873
0.13996016 0.09348413
0.13991386 0.09346953
0.13986756 0.09345493
0.13982127 0.09344033
0.13977499 0.09342572
0.13972871 0.09341111
0.13968244 0.09339650
0.13963617 0.09338189
0.13958991 0.09336728
0.13954366 0.09335266
0.13949741 0.09333804
0.13945117 0.09332342
0.13940493 0.09330880
0.13935871 0.09329418
0.13931248 0.09327955
0.13926627 0.09326492
0.13922006 0.09325029
0.13917385 0.09323566
0.13912766 0.09322103
0.13908147 0.09320639
0.13903528 0.09319175
0.13898910 0.09317711
0.13894293 0.09316247
0.13889676 0.09314782
0.13885060 0.09313317
0.13880445 0.09311852
0.13875830 0.09310387
0.13871216 0.09308922
0.13866602 0.09307456
0.13861990 0.09305991
0.13857377 0.09304525
0.13852766 0.09303059
0.13848155 0.09301592
0.13843544 0.09300126
0.13838934 0.09298659
0.13834325 0.09297192
0.13829717 0.09295725
0.13825109 0.09294257
0.13820502 0.09292790
0.13815895 0.09291322
0.13811289 0.09289854
0.13806684 0.09288385
0.13802079 0.09286917
0.13797475 0.09285448
0.13792871 0.09283979
0.13788268 0.09282510
0.13783666 0.09281041
0.13779064 0.09279572
0.13774463 0.09278102
0.13769863 0.09276632
0.13765263 0.09275162
0.13760664 0.09273692
0.13756065 0.09272221
0.13751467 0.09270750
0.13746870 0.09269279
0.13742273 0.09267808
0.13737677 0.09266337
0.13733082 0.09264865
0.13728487 0.09263393
0.13723893 0.09261922
0.13719299 0.09260449
0.13714707 0.09258977
0.13710114 0.09257504
0.13705523 0.09256032
0.13700932 0.09254559
0.13696341 0.09253085
0.13691751 0.09251612
0.13687162 0.09250138
0.13682574 0.09248664
0.13677986 0.09247190
0.13673399 0.09245716
0.13668812 0.09244242
0.13664226 0.09242767
0.13659640 0.09241292
0.13655056 0.09239817
0.13650472 0.09238342
0.13645888 0.09236866
0.13641305 0.09235391
0.13636723 0.09233915
0.13632141 0.09232439
0.13627560 0.09230962
0.13622980 0.09229486
0.13618400 0.09228009
0.13613821 0.09226532
0.13609243 0.09225055
0.13604665 0.09223578
0.13600087 0.09222100
0.13595511 0.09220622
0.13590935 0.09219144
0.13586359 0.09217666
0.13581785 0.09216188
0.13577211 0.09214709
0.13572637 0.09213230
0.13568064 0.09211751
0.13563492 0.09210272
0.13558921 0.09208793
0.13554350 0.09207313
0.13549779 0.09205834
0.13545210 0.09204353
0.13540640 0.09202873
0.13536072 0.09201393
0.13531504 0.09199912
0.13526937 0.09198431
0.13522370 0.09196950
0.13517805 0.09195469
0.13513239 0.09193988
0.13508675 0.09192506
0.13504111 0.09191024
0.13499547 0.09189542
0.13494984 0.09188060
0.13490422 0.09186577
0.13485861 0.09185095
0.13481300 0.09183612
0.13476740 0.09182129
0.13472180 0.09180645
0.13467621 0.09179162
0.13463063 0.09177678
0.13458505 0.09176194
0.13453948 0.09174710
0.13449391 0.09173226
0.13444835 0.09171741
0.13440280 0.09170257
0.13435726 0.09168772
0.13431172 0.09167287
0.13426618 0.09165801
0.13422066 0.09164316
0.13417514 0.09162830
0.13412962 0.09161344
0.13408411 0.09159858
0.13403861 0.09158372
0.13399312 0.09156885
0.13394763 0.09155398
0.13390214 0.09153911
0.13385667 0.09152424
0.13381120 0.09150937
0.13376573 0.09149449
0.13372028 0.09147962
0.13367483 0.09146474
0.13362938 0.09144985
0.13358394 0.09143497
0.13353851 0.09142008
0.13349308 0.09140520
0.13344766 0.09139031
0.13340225 0.09137542
0.13335684 0.09136052
0.13331144 0.09134563
0.13326605 0.09133073
0.13322066 0.09131583
0.13317528 0.09130093
0.13312991 0.09128602
0.13308454 0.09127111
0.13303917 0.09125621
0.13299382 0.09124130
0.13294847 0.09122638
0.13290312 0.09121147
0.13285779 0.09119655
0.13281246 0.09118164
0.13276713 0.09116672
0.13272181 0.09115179
0.13267650 0.09113687
0.13263120 0.09112194
0.13258590 0.09110701
0.13254060 0.09109208
0.13249532 0.09107715
0.13245004 0.09106222
0.13240476 0.09104728
0.13235949 0.09103234
0.13231423 0.09101740
0.13226898 0.09100246
0.13222373 0.09098751
0.13217849 0.09097257
0.13213325 0.09095762
0.13208802 0.09094267
0.13204280 0.09092772
0.13199758 0.09091276
0.13195237 0.09089780
0.13190717 0.09088285
0.13186197 0.09086788
0.13181678 0.09085292
0.13177159 0.09083796
0.13172642 0.09082299
0.13168124 0.09080802
0.13163608 0.09079305
0.13159092 0.09077808
0.13154576 0.09076310
0.13150062 0.09074813
0.13145548 0.09073315
0.13141034 0.09071817
0.13136521 0.09070318
0.13132009 0.09068820
0.13127498 0.09067321
0.13122987 0.09065822
0.13118477 0.09064323
0.13113967 0.09062824
0.13109458 0.09061325
0.13104950 0.09059825
0.13100442 0.09058325
0.13095935 0.09056825
0.13091429 0.09055325
0.13086923 0.09053824
0.13082418 0.09052323
0.13077913 0.09050823
0.13073409 0.09049321
0.13068906 0.09047820
0.13064404 0.09046319
0.13059902 0.09044817
0.13055400 0.09043315
0.13050900 0.09041813
0.13046400 0.09040311
0.13041900 0.09038808
0.13037401 0.09037305
0.13032903 0.09035803
0.13028406 0.09034299
0.13023909 0.09032796
0.13019413 0.09031293
0.13014917 0.09029789
0.13010422 0.09028285
0.13005928 0.09026781
0.13001434 0.09025277
0.12996941 0.09023772
0.12992449 0.09022268
0.12987957 0.09020763
0.12983466 0.09019258
0.12978975 0.09017752
0.12974486 0.09016247
0.12969996 0.09014741
0.12965508 0.09013235
0.12961020 0.09011729
0.12956533 0.09010223
0.12952046 0.09008716
0.12947560 0.09007210
0.12943075 0.09005703
0.12938590 0.09004196
0.12934106 0.09002688
0.12929622 0.09001181
0.12925140 0.08999673
0.12920657 0.08998165
0.12916176 0.08996657
0.12911695 0.08995149
0.12907215 0.08993641
0.12902735 0.08992132
0.12898256 0.08990623
0.12893778 0.08989114
0.12889300 0.08987605
0.12884823 0.08986095
0.12880347 0.08984586
0.12875871 0.08983076
0.12871396 0.08981566
0.12866922 0.08980055
0.12862448 0.08978545
0.12857974 0.08977034
0.12853502 0.08975523
0.12849030 0.08974012
0.12844559 0.08972501
0.12840088 0.08970990
0.12835618 0.08969478
0.12831149 0.08967966
0.12826680 0.08966454
0.12822212 0.08964942
0.12817745 0.08963429
0.12813278 0.08961917
0.12808812 0.08960404
0.12804346 0.08958891
0.12799881 0.08957378
0.12795417 0.08955864
0.12790954 0.08954351
0.12786491 0.08952837
0.12782028 0.08951323
0.12777567 0.08949808
0.12773106 0.08948294
0.12768645 0.08946779
0.12764186 0.08945265
0.12759727 0.08943750
0.12755268 0.08942234
0.12750810 0.08940719
0.12746353 0.08939203
0.12741897 0.08937688
0.12737441 0.08936172
0.12732986 0.08934655
0.12728531 0.08933139
0.12724077 0.08931622
0.12719624 0.08930106
0.12715171 0.08928589
0.12710719 0.08927072
0.12706268 0.08925554
0.12701817 0.08924037
0.12697367 0.08922519
0.12692918 0.08921001
0.12688469 0.08919483
0.12684021 0.08917964
0.12679573 0.08916446
0.12675126 0.08914927
0.12670680 0.08913408
0.12666235 0.08911889
0.12661790 0.08910370
0.12657346 0.08908850
0.12652902 0.08907330
0.12648459 0.08905810
0.12644017 0.08904290
0.12639575 0.08902770
0.12635134 0.08901249
0.12630693 0.08899729
0.12626254 0.08898208
0.12621815 0.08896687
0.12617376 0.08895165
0.12612938 0.08893644
0.12608501 0.08892122
0.12604065 0.08890600
0.12599629 0.08889078
0.12595194 0.08887556
0.12590759 0.08886034
0.12586325 0.08884511
0.12581892 0.08882988
0.12577459 0.08881465
0.12573027 0.08879942
0.12568596 0.08878418
0.12564165 0.08876895
0.12559735 0.08875371
0.12555305 0.08873847
0.12550877 0.08872322
0.12546449 0.08870798
0.12542021 0.08869273
0.12537594 0.08867749
0.12533168 0.08866224
0.12528743 0.08864698
0.12524318 0.08863173
0.12519893 0.08861647
0.12515470 0.08860122
0.12511047 0.08858596
0.12506625 0.08857069
0.12502203 0.08855543
0.12497782 0.08854016
0.12493362 0.08852490
0.12488942 0.08850963
0.12484523 0.08849436
0.12480104 0.08847908
0.12475687 0.08846381
0.12471269 0.08844853
0.12466853 0.08843325
0.12462437 0.08841797
0.12458022 0.08840269
0.12453607 0.08838740
0.12449194 0.08837211
0.12444780 0.08835682
0.12440368 0.08834153
0.12435956 0.08832624
0.12431544 0.08831095
0.12427134 0.08829565
0.12422724 0.08828035
0.12418315 0.08826505
0.12413906 0.08824975
0.12409498 0.08823444
0.12405090 0.08821914
0.12400684 0.08820383
0.12396278 0.08818852
0.12391872 0.08817321
0.12387467 0.08815789
0.12383063 0.08814257
0.12378660 0.08812726
0.12374257 0.08811194
0.12369855 0.08809661
0.12365453 0.08808129
0.12361052 0.08806596
0.12356652 0.08805064
0.12352252 0.08803531
0.12347853 0.08801998
0.12343455 0.08800464
0.12339057 0.08798931
0.12334660 0.08797397
0.12330264 0.08795863
0.12325868 0.08794329
0.12321473 0.08792795
0.12317079 0.08791260
0.12312685 0.08789725
0.12308292 0.08788190
0.12303900 0.08786655
0.12299508 0.08785120
0.12295117 0.08783585
0.12290726 0.08782049
0.12286336 0.08780513
0.12281947 0.08778977
0.12277559 0.08777441
0.12273171 0.08775904
0.12268784 0.08774368
0.12264397 0.08772831
0.12260011 0.08771294
0.12255626 0.08769757
0.12251241 0.08768219
0.12246857 0.08766682
0.12242474 0.08765144
0.12238091 0.08763606
0.12233709 0.08762068
0.12229328 0.08760529
0.12224947 0.08758991
0.12220567 0.08757452
0.12216188 0.08755913
0.12211809 0.08754374
0.12207431 0.08752835
0.12203053 0.08751295
0.12198677 0.08749755
0.12194300 0.08748216
0.12189925 0.08746675
0.12185550 0.08745135
0.12181176 0.08743595
0.12176802 0.08742054
0.12172429 0.08740513
0.12168057 0.08738972
0.12163686 0.08737431
0.12159315 0.08735890
0.12154945 0.08734348
0.12150575 0.08732806
0.12146206 0.08731264
0.12141838 0.08729722
0.12137470 0.08728180
0.12133103 0.08726637
0.12128737 0.08725094
0.12124371 0.08723551
0.12120006 0.08722008
0.12115642 0.08720465
0.12111278 0.08718921
0.12106915 0.08717377
0.12102552 0.08715834
0.12098191 0.08714289
0.12093830 0.08712745
0.12089469 0.08711201
0.12085109 0.08709656
0.12080750 0.08708111
0.12076392 0.08706566
0.12072034 0.08705021
0.12067677 0.08703475
0.12063320 0.08701930
0.12058964 0.08700384
0.12054609 0.08698838
0.12050255 0.08697292
0.12045901 0.08695745
0.12041547 0.08694199
0.12037195 0.08692652
0.12032843 0.08691105
0.12028492 0.08689558
0.12024141 0.08688011
0.12019791 0.08686463
0.12015442 0.08684915
0.12011093 0.08683368
0.12006745 0.08681819
0.12002398 0.08680271
0.11998051 0.08678723
0.11993705 0.08677174
0.11989360 0.08675625
0.11985015 0.08674076
0.11980671 0.08672527
0.11976328 0.08670978
0.11971985 0.08669428
0.11967643 0.08667878
0.11963301 0.08666328
0.11958961 0.08664778
0.11954620 0.08663228
0.11950281 0.08661677
0.11945942 0.08660126
0.11941604 0.08658575
0.11937267 0.08657024
0.11932930 0.08655473
0.11928594 0.08653921
0.11924258 0.08652370
0.11919923 0.08650818
0.11915589 0.08649266
0.11911255 0.08647714
0.11906923 0.08646161
0.11902590 0.08644608
0.11898259 0.08643056
0.11893928 0.08641503
0.11889598 0.08639949
0.11885268 0.08638396
0.11880939 0.08636842
0.11876611 0.08635289
0.11872283 0.08633735
0.11867956 0.08632181
0.11863630 0.08630626
0.11859304 0.08629072
0.11854980 0.08627517
0.11850655 0.08625962
0.11846332 0.08624407
0.11842009 0.08622852
0.11837686 0.08621296
0.11833365 0.08619741
0.11829044 0.08618185
0.11824723 0.08616629
0.11820403 0.08615073
0.11816084 0.08613516
0.11811766 0.08611960
0.11807448 0.08610403
0.11803131 0.08608846
0.11798815 0.08607289
0.11794499 0.08605732
0.11790184 0.08604174
0.11785870 0.08602616
0.11781556 0.08601058
0.11777243 0.08599500
0.11772930 0.08597942
0.11768619 0.08596384
0.11764308 0.08594825
0.11759997 0.08593266
0.11755687 0.08591707
0.11751378 0.08590148
0.11747070 0.08588589
0.11742762 0.08587029
0.11738455 0.08585469
0.11734148 0.08583909
0.11729842 0.08582349
0.11725537 0.08580789
0.11721233 0.08579228
0.11716929 0.08577668
0.11712626 0.08576107
0.11708323 0.08574546
0.11704021 0.08572984
0.11699720 0.08571423
0.11695420 0.08569861
0.11691120 0.08568299
0.11686821 0.08566737
0.11682522 0.08565175
0.11678224 0.08563613
0.11673927 0.08562050
0.11669631 0.08560488
0.11665335 0.08558925
0.11661039 0.08557361
0.11656745 0.08555798
0.11652451 0.08554235
0.11648158 0.08552671
0.11643865 0.08551107
0.11639573 0.08549543
0.11635282 0.08547979
0.11630991 0.08546414
0.11626701 0.08544850
0.11622412 0.08543285
0.11618124 0.08541720
0.11613836 0.08540155
0.11609548 0.08538589
0.11605262 0.08537024
0.11600976 0.08535458
0.11596691 0.08533892
0.11592406 0.08532326
0.11588122 0.08530760
0.11583839 0.08529193
0.11579556 0.08527627
0.11575274 0.08526060
0.11570993 0.08524493
0.11566712 0.08522926
0.11562432 0.08521358
0.11558153 0.08519791
0.11553874 0.08518223
0.11549596 0.08516655
0.11545319 0.08515087
0.11541042 0.08513519
0.11536766 0.08511950
0.11532491 0.08510381
0.11528216 0.08508813
0.11523943 0.08507244
0.11519669 0.08505674
0.11515397 0.08504105
0.11511125 0.08502535
0.11506853 0.08500965
0.11502583 0.08499395
0.11498313 0.08497825
0.11494043 0.08496255
0.11489775 0.08494684
0.11485507 0.08493114
0.11481239 0.08491543
0.11476973 0.08489972
0.11472707 0.08488400
0.11468441 0.08486829
0.11464177 0.08485257
0.11459913 0.08483686
0.11455649 0.08482114
0.11451387 0.08480541
0.11447125 0.08478969
0.11442863 0.08477396
0.11438603 0.08475824
0.11434343 0.08474251
0.11430083 0.08472678
0.11425825 0.08471104
0.11421567 0.08469531
0.11417309 0.08467957
0.11413053 0.08466383
0.11408797 0.08464809
0.11404542 0.08463235
0.11400287 0.08461661
0.11396033 0.08460086
0.11391780 0.08458511
0.11387527 0.08456936
0.11383275 0.08455361
0.11379024 0.08453786
0.11374773 0.08452210
0.11370523 0.08450635
0.11366274 0.08449059
0.11362025 0.08447483
0.11357777 0.08445907
0.11353530 0.08444330
0.11349283 0.08442754
0.11345037 0.08441177
0.11340792 0.08439600
0.11336547 0.08438023
0.11332303 0.08436445
0.11328060 0.08434868
0.11323817 0.08433290
0.11319575 0.08431712
0.11315334 0.08430134
0.11311093 0.08428556
0.11306854 0.08426978
0.11302614 0.08425399
0.11298376 0.08423820
0.11294138 0.08422241
0.11289900 0.08420662
0.11285664 0.08419083
0.11281428 0.08417503
0.11277193 0.08415924
0.11272958 0.08414344
0.11268724 0.08412764
0.11264491 0.08411184
0.11260258 0.08409603
0.11256026 0.08408022
0.11251795 0.08406442
0.11247565 0.08404861
0.11243335 0.08403280
0.11239105 0.08401698
0.11234877 0.08400117
0.11230649 0.08398535
0.11226422 0.08396953
0.11222195 0.08395371
0.11217969 0.08393789
0.11213744 0.08392206
0.11209520 0.08390624
0.11205296 0.08389041
0.11201073 0.08387458
0.11196850 0.08385875
0.11192628 0.08384292
0.11188407 0.08382708
0.11184186 0.08381124
0.11179967 0.08379541
0.11175748 0.08377956
0.11171529 0.08376372
0.11167311 0.08374788
0.11163094 0.08373203
0.11158878 0.08371618
0.11154662 0.08370034
0.11150447 0.08368448
0.11146232 0.08366863
0.11142018 0.08365278
0.11137805 0.08363692
0.11133593 0.08362106
0.11129381 0.08360520
0.11125170 0.08358934
0.11120960 0.08357347
0.11116750 0.08355761
0.11112541 0.08354174
0.11108332 0.08352587
0.11104125 0.08351000
0.11099918 0.08349413
0.11095711 0.08347825
0.11091505 0.08346237
0.11087300 0.08344650
0.11083096 0.08343062
0.11078892 0.08341473
0.11074689 0.08339885
0.11070487 0.08338296
0.11066285 0.08336708
0.11062084 0.08335119
0.11057884 0.08333530
0.11053684 0.08331940
0.11049485 0.08330351
0.11045287 0.08328761
0.11041089 0.08327171
0.11036892 0.08325581
0.11032696 0.08323991
0.11028501 0.08322401
0.11024306 0.08320810
0.11020111 0.08319220
0.11015918 0.08317629
0.11011725 0.08316038
0.11007533 0.08314446
0.11003341 0.08312855
0.10999150 0.08311263
0.10994960 0.08309672
0.10990770 0.08308080
0.10986582 0.08306487
0.10982393 0.08304895
0.10978206 0.08303303
0.10974019 0.08301710
0.10969833 0.08300117
0.10965647 0.08298524
0.10961463 0.08296931
0.10957279 0.08295337
0.10953095 0.08293744
0.10948912 0.08292150
0.10944730 0.08290556
0.10940549 0.08288962
0.10936368 0.08287368
0.10932188 0.08285773
0.10928009 0.08284179
0.10923830 0.08282584
0.10919652 0.08280989
0.10915474 0.08279393
0.10911298 0.08277798
0.10907122 0.08276203
0.10902946 0.08274607
0.10898772 0.08273011
0.10894598 0.08271415
0.10890424 0.08269819
0.10886252 0.08268222
0.10882080 0.08266626
0.10877909 0.08265029
0.10873738 0.08263432
0.10869568 0.08261835
0.10865399 0.08260237
0.10861230 0.08258640
0.10857062 0.08257042
0.10852895 0.08255444
0.10848729 0.08253846
0.10844563 0.08252248
0.10840398 0.08250650
0.10836233 0.08249051
0.10832069 0.08247452
0.10827906 0.08245853
0.10823744 0.08244254
0.10819582 0.08242655
0.10815421 0.08241056
0.10811260 0.08239456
0.10807101 0.08237856
0.10802942 0.08236256
0.10798783 0.08234656
0.10794625 0.08233056
0.10790468 0.08231455
0.10786312 0.08229854
0.10782156 0.08228253
0.10778001 0.08226652
0.10773847 0.08225051
0.10769693 0.08223450
0.10765540 0.08221848
0.10761388 0.08220246
0.10757237 0.08218645
0.10753086 0.08217042
0.10748935 0.08215440
0.10744786 0.08213838
0.10740637 0.08212235
0.10736489 0.08210632
0.10732341 0.08209029
0.10728194 0.08207426
0.10724048 0.08205823
0.10719903 0.08204219
0.10715758 0.08202615
0.10711614 0.08201012
0.10707470 0.08199408
0.10703328 0.08197803
0.10699186 0.08196199
0.10695044 0.08194594
0.10690903 0.08192990
0.10686763 0.08191385
0.10682624 0.08189780
0.10678485 0.08188174
0.10674347 0.08186569
0.10670210 0.08184963
0.10666073 0.08183357
0.10661938 0.08181751
0.10657802 0.08180145
0.10653668 0.08178539
0.10649534 0.08176932
0.10645401 0.08175326
0.10641268 0.08173719
0.10637136 0.08172112
0.10633005 0.08170505
0.10628874 0.08168897
0.10624745 0.08167290
0.10620616 0.08165682
0.10616487 0.08164074
0.10612359 0.08162466
0.10608232 0.08160858
0.10604106 0.08159249
0.10599980 0.08157641
0.10595855 0.08156032
0.10591731 0.08154423
0.10587607 0.08152814
0.10583484 0.08151204
0.10579362 0.08149595
0.10575240 0.08147985
0.10571119 0.08146376
0.10566999 0.08144766
0.10562879 0.08143155
0.10558760 0.08141545
0.10554642 0.08139934
0.10550525 0.08138324
0.10546408 0.08136713
0.10542292 0.08135102
0.10538176 0.08133491
0.10534061 0.08131879
0.10529947 0.08130268
0.10525834 0.08128656
0.10521721 0.08127044
0.10517609 0.08125432
0.10513498 0.08123820
0.10509387 0.08122207
0.10505277 0.08120595
0.10501168 0.08118982
0.10497059 0.08117369
0.10492951 0.08115756
0.10488844 0.08114142
0.10484737 0.08112529
0.10480631 0.08110915
0.10476526 0.08109301
0.10472422 0.08107687
0.10468318 0.08106073
0.10464215 0.08104459
0.10460112 0.08102844
0.10456010 0.08101230
0.10451909 0.08099615
0.10447809 0.08098000
0.10443709 0.08096384
0.10439610 0.08094769
0.10435512 0.08093153
0.10431414 0.08091538
0.10427317 0.08089922
0.10423221 0.08088306
0.10419125 0.08086689
0.10415030 0.08085073
0.10410936 0.08083456
0.10406842 0.08081840
0.10402750 0.08080223
0.10398657 0.08078606
0.10394566 0.08076988
0.10390475 0.08075371
0.10386385 0.08073753
0.10382296 0.08072135
0.10378207 0.08070517
0.10374119 0.08068899
0.10370031 0.08067281
0.10365945 0.08065662
0.10361859 0.08064044
0.10357773 0.08062425
0.10353689 0.08060806
0.10349605 0.08059187
0.10345521 0.08057567
0.10341439 0.08055948
0.10337357 0.08054328
0.10333276 0.08052708
0.10329195 0.08051088
0.10325116 0.08049468
0.10321036 0.08047848
0.10316958 0.08046227
0.10312880 0.08044606
0.10308803 0.08042985
0.10304727 0.08041364
0.10300651 0.08039743
0.10296576 0.08038122
0.10292502 0.08036500
0.10288428 0.08034878
0.10284355 0.08033256
0.10280283 0.08031634
0.10276211 0.08030012
0.10272140 0.08028389
0.10268070 0.08026767
0.10264001 0.08025144
0.10259932 0.08023521
0.10255864 0.08021898
0.10251796 0.08020275
0.10247730 0.08018651
0.10243664 0.08017028
0.10239598 0.08015404
0.10235534 0.08013780
0.10231470 0.08012156
0.10227406 0.08010531
0.10223344 0.08008907
0.10219282 0.08007282
0.10215221 0.08005657
0.10211160 0.08004032
0.10207100 0.08002407
0.10203041 0.08000782
0.10198983 0.07999156
0.10194925 0.07997530
0.10190868 0.07995905
0.10186811 0.07994279
0.10182756 0.07992652
0.10178701 0.07991026
0.10174646 0.07989399
0.10170593 0.07987773
0.10166540 0.07986146
0.10162488 0.07984519
0.10158436 0.07982892
0.10154385 0.07981264
0.10150335 0.07979637
0.10146285 0.07978009
0.10142237 0.07976381
0.10138189 0.07974753
0.10134141 0.07973125
0.10130094 0.07971496
0.10126048 0.07969868
0.10122003 0.07968239
0.10117958 0.07966610
0.10113915 0.07964981
0.10109871 0.07963352
0.10105829 0.07961722
0.10101787 0.07960093
0.10097746 0.07958463
0.10093705 0.07956833
0.10089665 0.07955203
0.10085626 0.07953572
0.10081588 0.07951942
0.10077550 0.07950311
0.10073513 0.07948681
0.10069477 0.07947050
0.10065441 0.07945419
0.10061406 0.07943787
0.10057372 0.07942156
0.10053338 0.07940524
0.10049305 0.07938892
0.10045273 0.07937260
0.10041242 0.07935628
0.10037211 0.07933996
0.10033181 0.07932364
0.10029151 0.07930731
0.10025123 0.07929098
0.10021095 0.07927465
0.10017067 0.07925832
0.10013041 0.07924199
0.10009015 0.07922565
0.10004990 0.07920932
0.10000965 0.07919298
0.09996941 0.07917664
0.09992918 0.07916030
0.09988896 0.07914395
0.09984874 0.07912761
0.09980853 0.07911126
0.09976832 0.07909491
0.09972813 0.07907856
0.09968794 0.07906221
0.09964775 0.07904586
0.09960758 0.07902950
0.09956741 0.07901315
0.09952725 0.07899679
0.09948709 0.07898043
0.09944694 0.07896407
0.09940680 0.07894770
0.09936667 0.07893134
0.09932654 0.07891497
0.09928642 0.07889860
0.09924631 0.07888223
0.09920620 0.07886586
0.09916610 0.07884949
0.09912601 0.07883311
0.09908592 0.07881674
0.09904584 0.07880036
0.09900577 0.07878398
0.09896571 0.07876760
0.09892565 0.07875121
0.09888560 0.07873483
0.09884555 0.07871844
0.09880552 0.07870205
0.09876549 0.07868566
0.09872546 0.07866927
0.09868545 0.07865288
0.09864544 0.07863648
0.09860543 0.07862009
0.09856544 0.07860369
0.09852545 0.07858729
0.09848547 0.07857089
0.09844550 0.07855448
0.09840553 0.07853808
0.09836557 0.07852167
0.09832561 0.07850526
0.09828567 0.07848885
0.09824573 0.07847244
0.09820580 0.07845603
0.09816587 0.07843961
0.09812595 0.07842320
0.09808604 0.07840678
0.09804614 0.07839036
0.09800624 0.07837394
0.09796635 0.07835751
0.09792646 0.07834109
0.09788659 0.07832466
0.09784672 0.07830823
0.09780686 0.07829180
0.09776700 0.07827537
0.09772715 0.07825894
0.09768731 0.07824251
0.09764747 0.07822607
0.09760765 0.07820963
0.09756783 0.07819319
0.09752801 0.07817675
0.09748821 0.07816031
0.09744841 0.07814386
0.09740861 0.07812742
0.09736883 0.07811097
0.09732905 0.07809452
0.09728928 0.07807807
0.09724951 0.07806161
0.09720975 0.07804516
0.09717000 0.07802870
0.09713026 0.07801224
0.09709052 0.07799578
0.09705079 0.07797932
0.09701107 0.07796286
0.09697135 0.07794640
0.09693164 0.07792993
0.09689194 0.07791346
0.09685225 0.07789699
0.09681256 0.07788052
0.09677288 0.07786405
0.09673320 0.07784757
0.09669354 0.07783110
0.09665388 0.07781462
0.09661423 0.07779814
0.09657458 0.07778166
0.09653494 0.07776518
0.09649531 0.07774869
0.09645568 0.07773221
0.09641607 0.07771572
0.09637646 0.07769923
0.09633685 0.07768274
0.09629725 0.07766625
0.09625766 0.07764975
0.09621808 0.07763326
0.09617851 0.07761676
0.09613894 0.07760026
0.09609938 0.07758376
0.09605982 0.07756726
0.09602027 0.07755076
0.09598073 0.07753425
0.09594120 0.07751774
0.09590167 0.07750123
0.09586215 0.07748472
0.09582264 0.07746821
0.09578313 0.07745170
0.09574364 0.07743518
0.09570414 0.07741867
0.09566466 0.07740215
0.09562518 0.07738563
0.09558571 0.07736911
0.09554625 0.07735258
0.09550679 0.07733606
0.09546734 0.07731953
0.09542790 0.07730300
0.09538846 0.07728647
0.09534904 0.07726994
0.09530961 0.07725341
0.09527020 0.07723687
0.09523079 0.07722034
0.09519139 0.07720380
0.09515200 0.07718726
0.09511261 0.07717072
0.09507323 0.07715417
0.09503386 0.07713763
0.09499450 0.07712108
0.09495514 0.07710454
0.09491579 0.07708799
0.09487644 0.07707143
0.09483711 0.07705488
0.09479778 0.07703833
0.09475846 0.07702177
0.09471914 0.07700521
0.09467983 0.07698866
0.09464053 0.07697209
0.09460123 0.07695553
0.09456195 0.07693897
0.09452267 0.07692240
0.09448339 0.07690584
0.09444413 0.07688927
0.09440487 0.07687270
0.09436561 0.07685612
0.09432637 0.07683955
0.09428713 0.07682298
0.09424790 0.07680640
0.09420868 0.07678982
0.09416946 0.07677324
0.09413025 0.07675666
0.09409105 0.07674008
0.09405185 0.07672349
0.09401266 0.07670690
0.09397348 0.07669032
0.09393430 0.07667373
0.09389514 0.07665713
0.09385598 0.07664054
0.09381682 0.07662395
0.09377768 0.07660735
0.09373854 0.07659075
0.09369940 0.07657415
0.09366028 0.07655755
0.09362116 0.07654095
0.09358205 0.07652435
0.09354294 0.07650774
0.09350385 0.07649113
0.09346476 0.07647452
0.09342567 0.07645791
0.09338660 0.07644130
0.09334753 0.07642469
0.09330847 0.07640807
0.09326941 0.07639145
0.09323037 0.07637484
0.09319133 0.07635822
0.09315229 0.07634159
0.09311327 0.07632497
0.09307425 0.07630835
0.09303523 0.07629172
0.09299623 0.07627509
0.09295723 0.07625846
0.09291824 0.07624183
0.09287926 0.07622520
0.09284028 0.07620856
0.09280131 0.07619193
0.09276235 0.07617529
0.09272339 0.07615865
0.09268444 0.07614201
0.09264550 0.07612536
0.09260657 0.07610872
0.09256764 0.07609207
0.09252872 0.07607543
0.09248981 0.07605878
0.09245090 0.07604213
0.09241200 0.07602548
0.09237311 0.07600882
0.09233422 0.07599217
0.09229535 0.07597551
0.09225648 0.07595885
0.09221761 0.07594219
0.09217876 0.07592553
0.09213991 0.07590887
0.09210106 0.07589220
0.09206223 0.07587554
0.09202340 0.07585887
0.09198458 0.07584220
0.09194577 0.07582553
0.09190696 0.07580885
0.09186816 0.07579218
0.09182937 0.07577550
0.09179058 0.07575883
0.09175180 0.07574215
0.09171303 0.07572547
0.09167427 0.07570878
0.09163551 0.07569210
0.09159676 0.07567542
0.09155802 0.07565873
0.09151928 0.07564204
0.09148055 0.07562535
0.09144183 0.07560866
0.09140312 0.07559197
0.09136441 0.07557527
0.09132571 0.07555857
0.09128702 0.07554188
0.09124833 0.07552518
0.09120965 0.07550848
0.09117098 0.07549177
0.09113232 0.07547507
0.09109366 0.07545836
0.09105501 0.07544166
0.09101636 0.07542495
0.09097773 0.07540824
0.09093910 0.07539152
0.09090048 0.07537481
0.09086186 0.07535809
0.09082325 0.07534138
0.09078465 0.07532466
0.09074606 0.07530794
0.09070747 0.07529122
0.09066890 0.07527449
0.09063032 0.07525777
0.09059176 0.07524104
0.09055320 0.07522432
0.09051465 0.07520759
0.09047611 0.07519086
0.09043757 0.07517412
0.09039904 0.07515739
0.09036052 0.07514065
0.09032200 0.07512392
0.09028349 0.07510718
0.09024499 0.07509044
0.09020650 0.07507370
0.09016801 0.07505695
0.09012953 0.07504021
0.09009106 0.07502346
0.09005260 0.07500671
0.09001414 0.07498996
0.08997569 0.07497321
0.08993724 0.07495646
0.08989881 0.07493970
0.08986038 0.07492295
0.08982195 0.07490619
0.08978354 0.07488943
0.08974513 0.07487267
0.08970673 0.07485591
0.08966834 0.07483915
0.08962995 0.07482238
0.08959157 0.07480561
0.08955320 0.07478885
0.08951483 0.07477208
0.08947647 0.07475530
0.08943812 0.07473853
0.08939978 0.07472176
0.08936144 0.07470498
0.08932311 0.07468820
0.08928479 0.07467142
0.08924648 0.07465464
0.08920817 0.07463786
0.08916987 0.07462108
0.08913157 0.07460429
0.08909329 0.07458751
0.08905501 0.07457072
0.08901673 0.07455393
0.08897847 0.07453713
0.08894021 0.07452034
0.08890196 0.07450355
0.08886372 0.07448675
0.08882548 0.07446995
0.08878725 0.07445315
0.08874903 0.07443635
0.08871081 0.07441955
0.08867261 0.07440275
0.08863441 0.07438594
0.08859621 0.07436913
0.08855803 0.07435233
0.08851985 0.07433552
0.08848167 0.07431870
0.08844351 0.07430189
0.08840535 0.07428508
0.08836720 0.07426826
0.08832906 0.07425144
0.08829092 0.07423462
0.08825279 0.07421780
0.08821467 0.07420098
0.08817656 0.07418416
0.08813845 0.07416733
0.08810035 0.07415050
0.08806225 0.07413368
0.08802417 0.07411685
0.08798609 0.07410001
0.08794802 0.07408318
0.08790995 0.07406635
0.08787190 0.07404951
0.08783385 0.07403267
0.08779580 0.07401583
0.08775777 0.07399899
0.08771974 0.07398215
0.08768172 0.07396531
0.08764370 0.07394846
0.08760569 0.07393161
0.08756770 0.07391477
0.08752970 0.07389792
0.08749172 0.07388106
0.08745374 0.07386421
0.08741577 0.07384736
0.08737780 0.07383050
0.08733985 0.07381364
0.08730190 0.07379679
0.08726395 0.07377992
0.08722602 0.07376306
0.08718809 0.07374620
0.08715017 0.07372933
0.08711226 0.07371247
0.08707435 0.07369560
0.08703645 0.07367873
0.08699856 0.07366186
0.08696067 0.07364499
0.08692280 0.07362811
0.08688493 0.07361124
0.08684706 0.07359436
0.08680921 0.07357748
0.08677136 0.07356060
0.08673352 0.07354372
0.08669568 0.07352683
0.08665785 0.07350995
0.08662003 0.07349306
0.08658222 0.07347617
0.08654442 0.07345929
0.08650662 0.07344239
0.08646883 0.07342550
0.08643104 0.07340861
0.08639326 0.07339171
0.08635550 0.07337482
0.08631773 0.07335792
0.08627998 0.07334102
0.08624223 0.07332412
0.08620449 0.07330721
0.08616676 0.07329031
0.08612903 0.07327340
0.08609131 0.07325650
0.08605360 0.07323959
0.08601589 0.07322268
0.08597820 0.07320576
0.08594051 0.07318885
0.08590282 0.07317194
0.08586515 0.07315502
0.08582748 0.07313810
0.08578982 0.07312118
0.08575216 0.07310426
0.08571451 0.07308734
0.08567687 0.07307041
0.08563924 0.07305349
0.08560162 0.07303656
0.08556400 0.07301963
0.08552639 0.07300270
0.08548878 0.07298577
0.08545119 0.07296884
0.08541360 0.07295190
0.08537602 0.07293497
0.08533844 0.07291803
0.08530087 0.07290109
0.08526331 0.07288415
0.08522576 0.07286721
0.08518822 0.07285027
0.08515068 0.07283332
0.08511315 0.07281637
0.08507562 0.07279943
0.08503810 0.07278248
0.08500059 0.07276553
0.08496309 0.07274857
0.08492560 0.07273162
0.08488811 0.07271466
0.08485063 0.07269771
0.08481315 0.07268075
0.08477569 0.07266379
0.08473823 0.07264683
0.08470078 0.07262986
0.08466333 0.07261290
0.08462590 0.07259593
0.08458847 0.07257897
0.08455104 0.07256200
0.08451363 0.07254503
0.08447622 0.07252806
0.08443882 0.07251108
0.08440142 0.07249411
0.08436404 0.07247713
0.08432666 0.07246015
0.08428929 0.07244318
0.08425192 0.07242619
0.08421456 0.07240921
0.08417721 0.07239223
0.08413987 0.07237524
0.08410253 0.07235826
0.08406521 0.07234127
0.08402788 0.07232428
0.08399057 0.07230729
0.08395326 0.07229030
0.08391596 0.07227330
0.08387867 0.07225631
0.08384139 0.07223931
0.08380411 0.07222231
0.08376684 0.07220531
0.08372958 0.07218831
0.08369232 0.07217131
0.08365507 0.07215430
0.08361783 0.07213730
0.08358059 0.07212029
0.08354337 0.07210328
0.08350615 0.07208627
0.08346894 0.07206926
0.08343173 0.07205225
0.08339453 0.07203523
0.08335734 0.07201822
0.08332016 0.07200120
0.08328298 0.07198418
0.08324581 0.07196716
0.08320865 0.07195014
0.08317150 0.07193311
0.08313435 0.07191609
0.08309721 0.07189906
0.08306008 0.07188204
0.08302295 0.07186501
0.08298584 0.07184798
0.08294873 0.07183094
0.08291162 0.07181391
0.08287453 0.07179688
0.08283744 0.07177984
0.08280036 0.07176280
0.08276328 0.07174576
0.08272621 0.07172872
0.08268915 0.07171168
0.08265210 0.07169463
0.08261506 0.07167759
0.08257802 0.07166054
0.08254099 0.07164349
0.08250397 0.07162644
0.08246695 0.07160939
0.08242994 0.07159234
0.08239294 0.07157529
0.08235595 0.07155823
0.08231896 0.07154117
0.08228198 0.07152412
0.08224501 0.07150706
0.08220804 0.07149000
0.08217108 0.07147293
0.08213413 0.07145587
0.08209719 0.07143880
0.08206026 0.07142174
0.08202333 0.07140467
0.08198641 0.07138760
0.08194949 0.07137053
0.08191259 0.07135345
0.08187569 0.07133638
0.08183879 0.07131930
0.08180191 0.07130223
0.08176503 0.07128515
0.08172816 0.07126807
0.08169130 0.07125099
0.08165444 0.07123390
0.08161760 0.07121682
0.08158075 0.07119973
0.08154392 0.07118265
0.08150709 0.07116556
0.08147028 0.07114847
0.08143346 0.07113137
0.08139666 0.07111428
0.08135986 0.07109719
0.08132307 0.07108009
0.08128629 0.07106299
0.08124952 0.07104590
0.08121275 0.07102880
0.08117599 0.07101169
0.08113923 0.07099459
0.08110249 0.07097749
0.08106575 0.07096038
0.08102902 0.07094327
0.08099229 0.07092616
0.08095558 0.07090905
0.08091887 0.07089194
0.08088217 0.07087483
0.08084547 0.07085771
0.08080879 0.07084060
0.08077211 0.07082348
0.08073543 0.07080636
0.08069877 0.07078924
0.08066211 0.07077212
0.08062546 0.07075500
0.08058882 0.07073787
0.08055218 0.07072075
0.08051555 0.07070362
0.08047893 0.07068649
0.08044231 0.07066936
0.08040571 0.07065223
0.08036911 0.07063509
0.08033252 0.07061796
0.08029593 0.07060082
0.08025935 0.07058369
0.08022278 0.07056655
0.08018622 0.07054941
0.08014967 0.07053227
0.08011312 0.07051512
0.08007658 0.07049798
0.08004004 0.07048083
0.08000352 0.07046369
0.07996700 0.07044654
0.07993049 0.07042939
0.07989398 0.07041223
0.07985749 0.07039508
0.07982100 0.07037793
0.07978452 0.07036077
0.07974804 0.07034361
0.07971157 0.07032646
0.07967511 0.07030930
0.07963866 0.07029213
0.07960222 0.07027497
0.07956578 0.07025781
0.07952935 0.07024064
0.07949292 0.07022347
0.07945651 0.07020631
0.07942010 0.07018914
0.07938370 0.07017196
0.07934730 0.07015479
0.07931092 0.07013762
0.07927454 0.07012044
0.07923817 0.07010326
0.07920180 0.07008609
0.07916544 0.07006891
0.07912909 0.07005173
0.07909275 0.07003454
0.07905642 0.07001736
0.07902009 0.07000017
0.07898377 0.06998299
0.07894746 0.06996580
0.07891115 0.06994861
0.07887485 0.06993142
0.07883856 0.06991423
0.07880228 0.06989703
0.07876600 0.06987984
0.07872973 0.06986264
0.07869347 0.06984544
0.07865722 0.06982824
0.07862097 0.06981104
0.07858473 0.06979384
0.07854850 0.06977664
0.07851227 0.06975943
0.07847606 0.06974222
0.07843985 0.06972502
0.07840365 0.06970781
0.07836745 0.06969060
0.07833126 0.06967338
0.07829508 0.06965617
0.07825891 0.06963896
0.07822274 0.06962174
0.07818658 0.06960452
0.07815043 0.06958730
0.07811429 0.06957008
0.07807815 0.06955286
0.07804203 0.06953564
0.07800590 0.06951841
0.07796979 0.06950119
0.07793368 0.06948396
0.07789758 0.06946673
0.07786149 0.06944950
0.07782541 0.06943227
0.07778933 0.06941504
0.07775326 0.06939780
0.07771720 0.06938057
0.07768114 0.06936333
0.07764510 0.06934609
0.07760906 0.06932885
0.07757302 0.06931161
0.07753700 0.06929437
0.07750098 0.06927713
0.07746497 0.06925988
0.07742897 0.06924263
0.07739297 0.06922539
0.07735698 0.06920814
0.07732100 0.06919089
0.07728503 0.06917363
0.07724906 0.06915638
0.07721310 0.06913913
0.07717715 0.06912187
0.07714121 0.06910461
0.07710527 0.06908735
0.07706934 0.06907009
0.07703342 0.06905283
0.07699750 0.06903557
0.07696160 0.06901830
0.07692570 0.06900104
0.07688980 0.06898377
0.07685392 0.06896650
0.07681804 0.06894923
0.07678217 0.06893196
0.07674631 0.06891469
0.07671045 0.06889741
0.07667461 0.06888014
0.07663876 0.06886286
0.07660293 0.06884558
0.07656711 0.06882830
0.07653129 0.06881102
0.07649548 0.06879374
0.07645967 0.06877646
0.07642388 0.06875917
0.07638809 0.06874188
0.07635231 0.06872460
0.07631653 0.06870731
0.07628077 0.06869002
0.07624501 0.06867273
0.07620926 0.06865543
0.07617351 0.06863814
0.07613778 0.06862084
0.07610205 0.06860355
0.07606632 0.06858625
0.07603061 0.06856895
0.07599490 0.06855165
0.07595920 0.06853434
0.07592351 0.06851704
0.07588783 0.06849973
0.07585215 0.06848243
0.07581648 0.06846512
0.07578082 0.06844781
0.07574516 0.06843050
0.07570951 0.06841319
0.07567387 0.06839587
0.07563824 0.06837856
0.07560262 0.06836124
0.07556700 0.06834392
0.07553139 0.06832661
0.07549578 0.06830929
0.07546019 0.06829196
0.07542460 0.06827464
0.07538902 0.06825732
0.07535345 0.06823999
0.07531788 0.06822266
0.07528232 0.06820534
0.07524677 0.06818801
0.07521123 0.06817067
0.07517569 0.06815334
0.07514016 0.06813601
0.07510464 0.06811867
0.07506913 0.06810134
0.07503362 0.06808400
0.07499812 0.06806666
0.07496263 0.06804932
0.07492714 0.06803198
0.07489167 0.06801464
0.07485620 0.06799729
0.07482074 0.06797995
0.07478528 0.06796260
0.07474984 0.06794525
0.07471440 0.06792790
0.07467896 0.06791055
0.07464354 0.06789320
0.07460812 0.06787584
0.07457271 0.06785849
0.07453731 0.06784113
0.07450192 0.06782377
0.07446653 0.06780642
0.07443115 0.06778905
0.07439578 0.06777169
0.07436041 0.06775433
0.07432505 0.06773697
0.07428970 0.06771960
0.07425436 0.06770223
0.07421903 0.06768486
0.07418370 0.06766750
0.07414838 0.06765012
0.07411307 0.06763275
0.07407776 0.06761538
0.07404246 0.06759800
0.07400717 0.06758063
0.07397189 0.06756325
0.07393661 0.06754587
0.07390135 0.06752849
0.07386609 0.06751111
0.07383083 0.06749373
0.07379559 0.06747634
0.07376035 0.06745896
0.07372512 0.06744157
0.07368989 0.06742418
0.07365468 0.06740679
0.07361947 0.06738940
0.07358427 0.06737201
0.07354908 0.06735462
0.07351389 0.06733722
0.07347871 0.06731982
0.07344354 0.06730243
0.07340838 0.06728503
0.07337322 0.06726763
0.07333807 0.06725023
0.07330293 0.06723282
0.07326780 0.06721542
0.07323267 0.06719802
0.07319755 0.06718061
0.07316244 0.06716320
0.07312734 0.06714579
0.07309224 0.06712838
0.07305716 0.06711097
0.07302207 0.06709356
0.07298700 0.06707614
0.07295193 0.06705873
0.07291688 0.06704131
0.07288182 0.06702389
0.07284678 0.06700647
0.07281174 0.06698905
0.07277672 0.06697163
0.07274169 0.06695420
0.07270668 0.06693678
0.07267167 0.06691935
0.07263668 0.06690193
0.07260168 0.06688450
0.07256670 0.06686707
0.07253172 0.06684964
0.07249676 0.06683220
0.07246179 0.06681477
0.07242684 0.06679733
0.07239189 0.06677990
0.07235696 0.06676246
0.07232202 0.06674502
0.07228710 0.06672758
0.07225218 0.06671014
0.07221727 0.06669270
0.07218237 0.06667525
0.07214748 0.06665781
0.07211259 0.06664036
0.07207771 0.06662291
0.07204284 0.06660546
0.07200798 0.06658801
0.07197312 0.06657056
0.07193827 0.06655311
0.07190343 0.06653565
0.07186860 0.06651820
0.07183377 0.06650074
0.07179895 0.06648328
0.07176414 0.06646582
0.07172934 0.06644836
0.07169454 0.06643090
0.07165975 0.06641343
0.07162497 0.06639597
0.07159020 0.06637850
0.07155543 0.06636104
0.07152067 0.06634357
0.07148592 0.06632610
0.07145118 0.06630863
0.07141644 0.06629115
0.07138171 0.06627368
0.07134699 0.06625620
0.07131228 0.06623873
0.07127757 0.06622125
0.07124287 0.06620377
0.07120818 0.06618629
0.07117350 0.06616881
0.07113882 0.06615133
0.07110416 0.06613384
0.07106949 0.06611636
0.07103484 0.06609887
0.07100020 0.06608138
0.07096556 0.06606389
0.07093093 0.06604640
0.07089630 0.06602891
0.07086169 0.06601142
0.07082708 0.06599393
0.07079248 0.06597643
0.07075789 0.06595893
0.07072330 0.06594144
0.07068872 0.06592394
0.07065415 0.06590644
0.07061959 0.06588893
0.07058503 0.06587143
0.07055048 0.06585393
0.07051594 0.06583642
0.07048141 0.06581891
0.07044689 0.06580141
0.07041237 0.06578390
0.07037786 0.06576639
0.07034335 0.06574887
0.07030886 0.06573136
0.07027437 0.06571385
0.07023989 0.06569633
0.07020542 0.06567881
0.07017095 0.06566130
0.07013650 0.06564378
0.07010205 0.06562626
0.07006760 0.06560873
0.07003317 0.06559121
0.06999874 0.06557369
0.06996432 0.06555616
0.06992991 0.06553863
0.06989550 0.06552111
0.06986111 0.06550358
0.06982672 0.06548605
0.06979234 0.06546851
0.06975796 0.06545098
0.06972359 0.06543345
0.06968923 0.06541591
0.06965488 0.06539837
0.06962054 0.06538084
0.06958620 0.06536330
0.06955187 0.06534576
0.06951755 0.06532821
0.06948324 0.06531067
0.06944893 0.06529313
0.06941463 0.06527558
0.06938034 0.06525804
0.06934606 0.06524049
0.06931178 0.06522294
0.06927751 0.06520539
0.06924325 0.06518784
0.06920900 0.06517028
0.06917475 0.06515273
0.06914051 0.06513517
0.06910628 0.06511762
0.06907206 0.06510006
0.06903784 0.06508250
0.06900363 0.06506494
0.06896943 0.06504738
0.06893524 0.06502981
0.06890106 0.06501225
0.06886688 0.06499468
0.06883271 0.06497712
0.06879854 0.06495955
0.06876439 0.06494198
0.06873024 0.06492441
0.06869610 0.06490684
0.06866197 0.06488927
0.06862784 0.06487169
0.06859373 0.06485412
0.06855962 0.06483654
0.06852552 0.06481896
0.06849142 0.06480138
0.06845733 0.06478380
0.06842325 0.06476622
0.06838918 0.06474864
0.06835512 0.06473106
0.06832106 0.06471347
0.06828701 0.06469589
0.06825297 0.06467830
0.06821894 0.06466071
0.06818491 0.06464312
0.06815089 0.06462553
0.06811688 0.06460794
0.06808288 0.06459034
0.06804888 0.06457275
0.06801489 0.06455515
0.06798091 0.06453755
0.06794694 0.06451996
0.06791297 0.06450236
0.06787902 0.06448476
0.06784507 0.06446715
0.06781112 0.06444955
0.06777719 0.06443195
0.06774326 0.06441434
0.06770934 0.06439673
0.06767543 0.06437913
0.06764152 0.06436152
0.06760763 0.06434391
0.06757374 0.06432629
0.06753985 0.06430868
0.06750598 0.06429107
0.06747211 0.06427345
0.06743825 0.06425584
0.06740440 0.06423822
0.06737056 0.06422060
0.06733672 0.06420298
0.06730289 0.06418536
0.06726907 0.06416774
0.06723526 0.06415011
0.06720145 0.06413249
0.06716765 0.06411486
0.06713386 0.06409723
0.06710008 0.06407960
0.06706630 0.06406198
0.06703254 0.06404434
0.06699878 0.06402671
0.06696502 0.06400908
0.06693128 0.06399144
0.06689754 0.06397381
0.06686381 0.06395617
0.06683009 0.06393853
0.06679637 0.06392089
0.06676267 0.06390325
0.06672897 0.06388561
0.06669527 0.06386797
0.06666159 0.06385033
0.06662791 0.06383268
0.06659424 0.06381503
0.06656058 0.06379739
0.06652693 0.06377974
0.06649328 0.06376209
0.06645965 0.06374444
0.06642601 0.06372678
0.06639239 0.06370913
0.06635878 0.06369148
0.06632517 0.06367382
0.06629157 0.06365616
0.06625797 0.06363850
0.06622439 0.06362085
0.06619081 0.06360318
0.06615724 0.06358552
0.06612368 0.06356786
0.06609013 0.06355020
0.06605658 0.06353253
0.06602304 0.06351486
0.06598951 0.06349720
0.06595598 0.06347953
0.06592247 0.06346186
0.06588896 0.06344419
0.06585546 0.06342651
0.06582196 0.06340884
0.06578848 0.06339117
0.06575500 0.06337349
0.06572153 0.06335581
0.06568807 0.06333813
0.06565461 0.06332046
0.06562116 0.06330277
0.06558772 0.06328509
0.06555429 0.06326741
0.06552087 0.06324973
0.06548745 0.06323204
0.06545404 0.06321435
0.06542064 0.06319667
0.06538724 0.06317898
0.06535386 0.06316129
0.06532048 0.06314360
0.06528711 0.06312590
0.06525374 0.06310821
0.06522039 0.06309052
0.06518704 0.06307282
0.06515370 0.06305512
0.06512037 0.06303743
0.06508704 0.06301973
0.06505372 0.06300203
0.06502041 0.06298433
0.06498711 0.06296662
0.06495382 0.06294892
0.06492053 0.06293121
0.06488725 0.06291351
0.06485398 0.06289580
0.06482072 0.06287809
0.06478746 0.06286038
0.06475421 0.06284267
0.06472097 0.06282496
0.06468774 0.06280725
0.06465451 0.06278953
0.06462129 0.06277182
0.06458808 0.06275410
0.06455488 0.06273638
0.06452168 0.06271866
0.06448850 0.06270094
0.06445532 0.06268322
0.06442215 0.06266550
0.06438898 0.06264778
0.06435582 0.06263005
0.06432268 0.06261233
0.06428953 0.06259460
0.06425640 0.06257687
0.06422327 0.06255914
0.06419016 0.06254141
0.06415705 0.06252368
0.06412394 0.06250595
0.06409085 0.06248822
0.06405776 0.06247048
0.06402468 0.06245275
0.06399161 0.06243501
0.06395854 0.06241727
0.06392549 0.06239953
0.06389244 0.06238179
0.06385939 0.06236405
0.06382636 0.06234631
0.06379333 0.06232856
0.06376032 0.06231082
0.06372731 0.06229307
0.06369430 0.06227533
0.06366131 0.06225758
0.06362832 0.06223983
0.06359534 0.06222208
0.06356237 0.06220433
0.06352940 0.06218657
0.06349644 0.06216882
0.06346350 0.06215106
0.06343055 0.06213331
0.06339762 0.06211555
0.06336469 0.06209779
0.06333178 0.06208003
0.06329886 0.06206227
0.06326596 0.06204451
0.06323307 0.06202675
0.06320018 0.06200898
0.06316730 0.06199122
0.06313443 0.06197345
0.06310156 0.06195568
0.06306870 0.06193792
0.06303585 0.06192015
0.06300301 0.06190238
0.06297018 0.06188460
0.06293735 0.06186683
0.06290453 0.06184906
0.06287172 0.06183128
0.06283892 0.06181350
0.06280612 0.06179573
0.06277334 0.06177795
0.06274056 0.06176017
0.06270778 0.06174239
0.06267502 0.06172461
0.06264226 0.06170682
0.06260951 0.06168904
0.06257677 0.06167125
0.06254404 0.06165347
0.06251131 0.06163568
0.06247859 0.06161789
0.06244588 0.06160010
0.06241318 0.06158231
0.06238049 0.06156452
0.06234780 0.06154673
0.06231512 0.06152893
0.06228245 0.06151114
0.06224978 0.06149334
0.06221713 0.06147555
0.06218448 0.06145775
0.06215184 0.06143995
0.06211920 0.06142215
0.06208658 0.06140435
0.06205396 0.06138654
0.06202135 0.06136874
0.06198875 0.06135093
0.06195615 0.06133313
0.06192356 0.06131532
0.06189098 0.06129751
0.06185841 0.06127970
0.06182585 0.06126189
0.06179329 0.06124408
0.06176074 0.06122627
0.06172820 0.06120845
0.06169567 0.06119064
0.06166315 0.06117282
0.06163063 0.06115501
0.06159812 0.06113719
0.06156562 0.06111937
0.06153312 0.06110155
0.06150064 0.06108373
0.06146816 0.06106591
0.06143569 0.06104808
0.06140322 0.06103026
0.06137077 0.06101243
0.06133832 0.06099461
0.06130588 0.06097678
0.06127345 0.06095895
0.06124102 0.06094112
0.06120860 0.06092329
0.06117619 0.06090546
0.06114379 0.06088762
0.06111140 0.06086979
0.06107901 0.06085196
0.06104663 0.06083412
0.06101426 0.06081628
0.06098190 0.06079844
0.06094955 0.06078060
0.06091720 0.06076276
0.06088486 0.06074492
0.06085253 0.06072708
0.06082020 0.06070923
0.06078789 0.06069139
0.06075558 0.06067354
0.06072328 0.06065570
0.06069098 0.06063785
0.06065870 0.06062000
0.06062642 0.06060215
0.06059415 0.06058430
0.06056189 0.06056645
0.06052964 0.06054859
0.06049739 0.06053074
0.06046515 0.06051288
0.06043292 0.06049503
0.06040070 0.06047717
0.06036848 0.06045931
0.06033627 0.06044145
0.06030407 0.06042359
0.06027188 0.06040573
0.06023970 0.06038787
0.06020752 0.06037000
0.06017535 0.06035214
0.06014319 0.06033427
0.06011104 0.06031640
0.06007889 0.06029854
0.06004675 0.06028067
0.06001462 0.06026280
0.05998250 0.06024492
0.05995039 0.06022705
0.05991828 0.06020918
0.05988618 0.06019130
0.05985409 0.06017343
0.05982200 0.06015555
0.05978993 0.06013768
0.05975786 0.06011980
0.05972580 0.06010192
0.05969375 0.06008404
0.05966170 0.06006615
0.05962967 0.06004827
0.05959764 0.06003039
0.05956562 0.06001250
0.05953360 0.05999462
0.05950160 0.05997673
0.05946960 0.05995884
0.05943761 0.05994095
0.05940563 0.05992306
0.05937365 0.05990517
0.05934169 0.05988728
0.05930973 0.05986939
0.05927778 0.05985149
0.05924583 0.05983360
0.05921390 0.05981570
0.05918197 0.05979781
0.05915005 0.05977991
0.05911814 0.05976201
0.05908623 0.05974411
0.05905433 0.05972621
0.05902245 0.05970830
0.05899056 0.05969040
0.05895869 0.05967250
0.05892683 0.05965459
0.05889497 0.05963668
0.05886312 0.05961878
0.05883128 0.05960087
0.05879944 0.05958296
0.05876761 0.05956505
0.05873580 0.05954714
0.05870398 0.05952922
0.05867218 0.05951131
0.05864039 0.05949340
0.05860860 0.05947548
0.05857682 0.05945756
0.05854505 0.05943965
0.05851328 0.05942173
0.05848153 0.05940381
0.05844978 0.05938589
0.05841804 0.05936797
0.05838630 0.05935004
0.05835458 0.05933212
0.05832286 0.05931419
0.05829115 0.05929627
0.05825945 0.05927834
0.05822775 0.05926041
0.05819607 0.05924249
0.05816439 0.05922456
0.05813272 0.05920663
0.05810106 0.05918869
0.05806940 0.05917076
0.05803775 0.05915283
0.05800611 0.05913489
0.05797448 0.05911696
0.05794286 0.05909902
0.05791124 0.05908108
0.05787964 0.05906314
0.05784804 0.05904520
0.05781644 0.05902726
0.05778486 0.05900932
0.05775328 0.05899138
0.05772171 0.05897343
0.05769015 0.05895549
0.05765860 0.05893754
0.05762705 0.05891960
0.05759551 0.05890165
0.05756398 0.05888370
0.05753246 0.05886575
0.05750095 0.05884780
0.05746944 0.05882985
0.05743794 0.05881190
0.05740645 0.05879394
0.05737497 0.05877599
0.05734349 0.05875803
0.05731203 0.05874008
0.05728057 0.05872212
0.05724912 0.05870416
0.05721767 0.05868620
0.05718624 0.05866824
0.05715481 0.05865028
0.05712339 0.05863232
0.05709198 0.05861435
0.05706057 0.05859639
0.05702917 0.05857842
0.05699778 0.05856046
0.05696640 0.05854249
0.05693503 0.05852452
0.05690366 0.05850655
0.05687231 0.05848858
0.05684096 0.05847061
0.05680962 0.05845264
0.05677828 0.05843467
0.05674696 0.05841669
0.05671564 0.05839872
0.05668433 0.05838074
0.05665302 0.05836276
0.05662173 0.05834479
0.05659044 0.05832681
0.05655916 0.05830883
0.05652789 0.05829085
0.05649663 0.05827286
0.05646537 0.05825488
0.05643412 0.05823690
0.05640288 0.05821891
0.05637165 0.05820093
0.05634043 0.05818294
0.05630921 0.05816495
0.05627800 0.05814696
0.05624680 0.05812897
0.05621561 0.05811098
0.05618442 0.05809299
0.05615325 0.05807500
0.05612208 0.05805701
0.05609092 0.05803901
0.05605976 0.05802102
0.05602862 0.05800302
0.05599748 0.05798502
0.05596635 0.05796702
0.05593523 0.05794903
0.05590411 0.05793103
0.05587301 0.05791302
0.05584191 0.05789502
0.05581082 0.05787702
0.05577973 0.05785902
0.05574866 0.05784101
0.05571759 0.05782301
0.05568653 0.05780500
0.05565548 0.05778699
0.05562444 0.05776898
0.05559340 0.05775097
0.05556237 0.05773296
0.05553135 0.05771495
0.05550034 0.05769694
0.05546934 0.05767893
0.05543834 0.05766091
0.05540735 0.05764290
0.05537637 0.05762488
0.05534540 0.05760686
0.05531444 0.05758885
0.05528348 0.05757083
0.05525253 0.05755281
0.05522159 0.05753479
0.05519066 0.05751677
0.05515973 0.05749874
0.05512881 0.05748072
0.05509790 0.05746269
0.05506700 0.05744467
0.05503611 0.05742664
0.05500522 0.05740862
0.05497434 0.05739059
0.05494347 0.05737256
0.05491261 0.05735453
0.05488176 0.05733650
0.05485091 0.05731847
0.05482007 0.05730043
0.05478924 0.05728240
0.05475842 0.05726437
0.05472760 0.05724633
0.05469680 0.05722829
0.05466600 0.05721026
0.05463520 0.05719222
0.05460442 0.05717418
0.05457365 0.05715614
0.05454288 0.05713810
0.05451212 0.05712006
0.05448137 0.05710201
0.05445062 0.05708397
0.05441989 0.05706592
0.05438916 0.05704788
0.05435844 0.05702983
0.05432772 0.05701179
0.05429702 0.05699374
0.05426632 0.05697569
0.05423563 0.05695764
0.05420495 0.05693959
0.05417428 0.05692154
0.05414362 0.05690348
0.05411296 0.05688543
0.05408231 0.05686737
0.05405167 0.05684932
0.05402104 0.05683126
0.05399041 0.05681321
0.05395979 0.05679515
0.05392918 0.05677709
0.05389858 0.05675903
0.05386799 0.05674097
0.05383740 0.05672291
0.05380682 0.05670484
0.05377625 0.05668678
0.05374569 0.05666871
0.05371514 0.05665065
0.05368459 0.05663258
0.05365405 0.05661452
0.05362352 0.05659645
0.05359300 0.05657838
0.05356248 0.05656031
0.05353198 0.05654224
0.05350148 0.05652417
0.05347099 0.05650609
0.05344050 0.05648802
0.05341003 0.05646995
0.05337956 0.05645187
0.05334910 0.05643380
0.05331865 0.05641572
0.05328821 0.05639764
0.05325777 0.05637956
0.05322734 0.05636148
0.05319692 0.05634340
0.05316651 0.05632532
0.05313611 0.05630724
0.05310571 0.05628916
0.05307532 0.05627107
0.05304494 0.05625299
0.05301457 0.05623490
0.05298421 0.05621682
0.05295385 0.05619873
0.05292350 0.05618064
0.05289316 0.05616255
0.05286283 0.05614446
0.05283251 0.05612637
0.05280219 0.05610828
0.05277188 0.05609019
0.05274158 0.05607209
0.05271129 0.05605400
0.05268100 0.05603590
0.05265072 0.05601781
0.05262046 0.05599971
0.05259019 0.05598161
0.05255994 0.05596352
0.05252970 0.05594542
0.05249946 0.05592732
0.05246923 0.05590921
0.05243901 0.05589111
0.05240879 0.05587301
0.05237859 0.05585491
0.05234839 0.05583680
0.05231820 0.05581870
0.05228802 0.05580059
0.05225785 0.05578248
0.05222768 0.05576437
0.05219752 0.05574627
0.05216737 0.05572816
0.05213723 0.05571005
0.05210710 0.05569193
0.05207697 0.05567382
0.05204685 0.05565571
0.05201674 0.05563760
0.05198664 0.05561948
0.05195655 0.05560137
0.05192646 0.05558325
0.05189638 0.05556513
0.05186631 0.05554701
0.05183625 0.05552889
0.05180619 0.05551077
0.05177615 0.05549265
0.05174611 0.05547453
0.05171608 0.05545641
0.05168606 0.05543829
0.05165604 0.05542016
0.05162603 0.05540204
0.05159604 0.05538391
0.05156605 0.05536579
0.05153606 0.05534766
0.05150609 0.05532953
0.05147612 0.05531140
0.05144616 0.05529327
0.05141621 0.05527514
0.05138627 0.05525701
0.05135633 0.05523888
0.05132641 0.05522075
0.05129649 0.05520261
0.05126658 0.05518448
0.05123667 0.05516634
0.05120678 0.05514821
0.05117689 0.05513007
0.05114701 0.05511193
0.05111714 0.05509379
0.05108728 0.05507565
0.05105742 0.05505751
0.05102757 0.05503937
0.05099773 0.05502123
0.05096790 0.05500309
0.05093808 0.05498494
0.05090826 0.05496680
0.05087846 0.05494865
0.05084866 0.05493051
0.05081887 0.05491236
0.05078908 0.05489421
0.05075931 0.05487606
0.05072954 0.05485791
0.05069978 0.05483976
0.05067003 0.05482161
0.05064028 0.05480346
0.05061055 0.05478531
0.05058082 0.05476715
0.05055110 0.05474900
0.05052139 0.05473085
0.05049169 0.05471269
0.05046199 0.05469453
0.05043230 0.05467638
0.05040262 0.05465822
0.05037295 0.05464006
0.05034329 0.05462190
0.05031363 0.05460374
0.05028398 0.05458558
0.05025435 0.05456741
0.05022471 0.05454925
0.05019509 0.05453109
0.05016547 0.05451292
0.05013587 0.05449476
0.05010627 0.05447659
0.05007667 0.05445843
0.05004709 0.05444026
0.05001752 0.05442209
0.04998795 0.05440392
0.04995839 0.05438575
0.04992884 0.05436758
0.04989929 0.05434941
0.04986976 0.05433124
0.04984023 0.05431306
0.04981071 0.05429489
0.04978120 0.05427671
0.04975169 0.05425854
0.04972220 0.05424036
0.04969271 0.05422219
0.04966323 0.05420401
0.04963376 0.05418583
0.04960430 0.05416765
0.04957484 0.05414947
0.04954539 0.05413129
0.04951595 0.05411311
0.04948652 0.05409492
0.04945710 0.05407674
0.04942768 0.05405856
0.04939827 0.05404037
0.04936887 0.05402219
0.04933948 0.05400400
0.04931010 0.05398581
0.04928072 0.05396763
0.04925136 0.05394944
0.04922200 0.05393125
0.04919265 0.05391306
0.04916330 0.05389487
0.04913397 0.05387668
0.04910464 0.05385848
0.04907532 0.05384029
0.04904601 0.05382210
0.04901670 0.05380390
0.04898741 0.05378571
0.04895812 0.05376751
0.04892884 0.05374931
0.04889957 0.05373112
0.04887031 0.05371292
0.04884105 0.05369472
0.04881181 0.05367652
0.04878257 0.05365832
0.04875334 0.05364012
0.04872411 0.05362191
0.04869490 0.05360371
0.04866569 0.05358551
0.04863649 0.05356730
0.04860730 0.05354910
0.04857812 0.05353089
0.04854894 0.05351269
0.04851978 0.05349448
0.04849062 0.05347627
0.04846147 0.05345806
0.04843232 0.05343985
0.04840319 0.05342164
0.04837406 0.05340343
0.04834494 0.05338522
0.04831583 0.05336701
0.04828673 0.05334879
0.04825764 0.05333058
0.04822855 0.05331237
0.04819947 0.05329415
0.04817040 0.05327593
0.04814134 0.05325772
0.04811229 0.05323950
0.04808324 0.05322128
0.04805420 0.05320306
0.04802517 0.05318484
0.04799615 0.05316662
0.04796713 0.05314840
0.04793813 0.05313018
0.04790913 0.05311196
0.04788014 0.05309373
0.04785116 0.05307551
0.04782219 0.05305728
0.04779322 0.05303906
0.04776426 0.05302083
0.04773531 0.05300261
0.04770637 0.05298438
0.04767744 0.05296615
0.04764851 0.05294792
0.04761959 0.05292969
0.04759069 0.05291146
0.04756178 0.05289323
0.04753289 0.05287500
0.04750401 0.05285677
0.04747513 0.05283853
0.04744626 0.05282030
0.04741740 0.05280206
0.04738855 0.05278383
0.04735970 0.05276559
0.04733086 0.05274736
0.04730204 0.05272912
0.04727322 0.05271088
0.04724440 0.05269264
0.04721560 0.05267440
0.04718680 0.05265616
0.04715801 0.05263792
0.04712923 0.05261968
0.04710046 0.05260144
0.04707170 0.05258319
0.04704294 0.05256495
0.04701419 0.05254670
0.04698545 0.05252846
0.04695672 0.05251021
0.04692800 0.05249197
0.04689928 0.05247372
0.04687057 0.05245547
0.04684187 0.05243722
0.04681318 0.05241897
0.04678450 0.05240072
0.04675582 0.05238247
0.04672716 0.05236422
0.04669850 0.05234597
0.04666985 0.05232772
0.04664120 0.05230946
0.04661257 0.05229121
0.04658394 0.05227296
0.04655532 0.05225470
0.04652671 0.05223644
0.04649811 0.05221819
0.04646952 0.05219993
0.04644093 0.05218167
0.04641235 0.05216341
0.04638378 0.05214515
0.04635522 0.05212689
0.04632666 0.05210863
0.04629812 0.05209037
0.04626958 0.05207211
0.04624105 0.05205385
0.04621253 0.05203558
0.04618402 0.05201732
0.04615551 0.05199905
0.04612701 0.05198079
0.04609852 0.05196252
0.04607004 0.05194426
0.04604157 0.05192599
0.04601310 0.05190772
0.04598465 0.05188945
0.04595620 0.05187118
0.04592776 0.05185291
0.04589933 0.05183464
0.04587090 0.05181637
0.04584248 0.05179810
0.04581408 0.05177983
0.04578568 0.05176155
0.04575728 0.05174328
0.04572890 0.05172501
0.04570052 0.05170673
0.04567216 0.05168845
0.04564380 0.05167018
0.04561545 0.05165190
0.04558710 0.05163362
0.04555877 0.05161534
0.04553044 0.05159707
0.04550212 0.05157879
0.04547381 0.05156051
0.04544551 0.05154222
0.04541721 0.05152394
0.04538892 0.05150566
0.04536065 0.05148738
0.04533238 0.05146909
0.04530411 0.05145081
0.04527586 0.05143253
0.04524761 0.05141424
0.04521937 0.05139595
0.04519114 0.05137767
0.04516292 0.05135938
0.04513471 0.05134109
0.04510650 0.05132280
0.04507831 0.05130451
0.04505012 0.05128622
0.04502194 0.05126793
0.04499376 0.05124964
0.04496560 0.05123135
0.04493744 0.05121306
0.04490929 0.05119477
0.04488115 0.05117647
0.04485302 0.05115818
0.04482490 0.05113988
0.04479678 0.05112159
0.04476867 0.05110329
0.04474057 0.05108500
0.04471248 0.05106670
0.04468440 0.05104840
0.04465632 0.05103010
0.04462825 0.05101180
0.04460019 0.05099350
0.04457214 0.05097520
0.04454410 0.05095690
0.04451607 0.05093860
0.04448804 0.05092030
0.04446002 0.05090200
0.04443201 0.05088369
0.04440401 0.05086539
0.04437601 0.05084709
0.04434803 0.05082878
0.04432005 0.05081047
0.04429208 0.05079217
0.04426412 0.05077386
0.04423616 0.05075555
0.04420822 0.05073725
0.04418028 0.05071894
0.04415235 0.05070063
0.04412443 0.05068232
0.04409652 0.05066401
0.04406861 0.05064570
0.04404072 0.05062739
0.04401283 0.05060907
0.04398495 0.05059076
0.04395708 0.05057245
0.04392921 0.05055413
0.04390136 0.05053582
0.04387351 0.05051750
0.04384567 0.05049919
0.04381784 0.05048087
0.04379002 0.05046256
0.04376220 0.05044424
0.04373440 0.05042592
0.04370660 0.05040760
0.04367881 0.05038928
0.04365102 0.05037096
0.04362325 0.05035264
0.04359548 0.05033432
0.04356773 0.05031600
0.04353998 0.05029768
0.04351223 0.05027936
0.04348450 0.05026103
0.04345678 0.05024271
0.04342906 0.05022438
0.04340135 0.05020606
0.04337365 0.05018773
0.04334596 0.05016941
0.04331827 0.05015108
0.04329060 0.05013275
0.04326293 0.05011443
0.04323527 0.05009610
0.04320762 0.05007777
0.04317997 0.05005944
0.04315234 0.05004111
0.04312471 0.05002278
0.04309709 0.05000445
0.04306948 0.04998612
0.04304188 0.04996779
0.04301428 0.04994945
0.04298670 0.04993112
0.04295912 0.04991279
0.04293155 0.04989445
0.04290399 0.04987612
0.04287643 0.04985778
0.04284889 0.04983945
0.04282135 0.04982111
0.04279382 0.04980277
0.04276630 0.04978444
0.04273879 0.04976610
0.04271128 0.04974776
0.04268379 0.04972942
0.04265630 0.04971108
0.04262882 0.04969274
0.04260135 0.04967440
0.04257388 0.04965606
0.04254643 0.04963772
0.04251898 0.04961937
0.04249154 0.04960103
0.04246411 0.04958269
0.04243669 0.04956434
0.04240927 0.04954600
0.04238187 0.04952765
0.04235447 0.04950931
0.04232708 0.04949096
0.04229970 0.04947262
0.04227232 0.04945427
0.04224496 0.04943592
0.04221760 0.04941757
0.04219025 0.04939922
0.04216291 0.04938087
0.04213558 0.04936253
0.04210825 0.04934418
0.04208094 0.04932582
0.04205363 0.04930747
0.04202633 0.04928912
0.04199904 0.04927077
0.04197175 0.04925242
0.04194448 0.04923406
0.04191721 0.04921571
0.04188995 0.04919736
0.04186270 0.04917900
0.04183546 0.04916065
0.04180822 0.04914229
0.04178100 0.04912393
0.04175378 0.04910558
0.04172657 0.04908722
0.04169937 0.04906886
0.04167218 0.04905050
0.04164499 0.04903214
0.04161781 0.04901378
0.04159065 0.04899542
0.04156349 0.04897706
0.04153633 0.04895870
0.04150919 0.04894034
0.04148205 0.04892198
0.04145493 0.04890362
0.04142781 0.04888526
0.04140070 0.04886689
0.04137359 0.04884853
0.04134650 0.04883016
0.04131941 0.04881180
0.04129233 0.04879343
0.04126526 0.04877507
0.04123820 0.04875670
0.04121115 0.04873834
0.04118410 0.04871997
0.04115707 0.04870160
0.04113004 0.04868323
0.04110302 0.04866487
0.04107600 0.04864650
0.04104900 0.04862813
0.04102200 0.04860976
0.04099501 0.04859139
0.04096804 0.04857302
0.04094106 0.04855464
0.04091410 0.04853627
0.04088715 0.04851790
0.04086020 0.04849953
0.04083326 0.04848115
0.04080633 0.04846278
0.04077941 0.04844441
0.04075249 0.04842603
0.04072559 0.04840766
0.04069869 0.04838928
0.04067180 0.04837091
0.04064492 0.04835253
0.04061805 0.04833415
0.04059118 0.04831577
0.04056433 0.04829740
0.04053748 0.04827902
0.04051064 0.04826064
0.04048381 0.04824226
0.04045699 0.04822388
0.04043017 0.04820550
0.04040336 0.04818712
0.04037657 0.04816874
0.04034978 0.04815036
0.04032299 0.04813198
0.04029622 0.04811359
0.04026945 0.04809521
0.04024270 0.04807683
0.04021595 0.04805844
0.04018921 0.04804006
0.04016247 0.04802168
0.04013575 0.04800329
0.04010903 0.04798490
0.04008233 0.04796652
0.04005563 0.04794813
0.04002894 0.04792975
0.04000225 0.04791136
0.03997558 0.04789297
0.03994891 0.04787458
0.03992225 0.04785620
0.03989560 0.04783781
0.03986896 0.04781942
0.03984233 0.04780103
0.03981570 0.04778264
0.03978908 0.04776425
0.03976248 0.04774586
0.03973588 0.04772746
0.03970928 0.04770907
0.03968270 0.04769068
0.03965612 0.04767229
0.03962956 0.04765389
0.03960300 0.04763550
0.03957645 0.04761711
0.03954990 0.04759871
0.03952337 0.04758032
0.03949684 0.04756192
0.03947032 0.04754353
0.03944381 0.04752513
0.03941731 0.04750674
0.03939082 0.04748834
0.03936434 0.04746994
0.03933786 0.04745154
0.03931139 0.04743315
0.03928493 0.04741475
0.03925848 0.04739635
0.03923204 0.04737795
0.03920560 0.04735955
0.03917917 0.04734115
0.03915275 0.04732275
0.03912634 0.04730435
0.03909994 0.04728595
0.03907355 0.04726755
0.03904716 0.04724914
0.03902078 0.04723074
0.03899442 0.04721234
0.03896806 0.04719394
0.03894170 0.04717553
0.03891536 0.04715713
0.03888902 0.04713873
0.03886269 0.04712032
0.03883638 0.04710192
0.03881006 0.04708351
0.03878376 0.04706510
0.03875747 0.04704670
0.03873118 0.04702829
0.03870490 0.04700988
0.03867863 0.04699148
0.03865237 0.04697307
0.03862612 0.04695466
0.03859987 0.04693625
0.03857364 0.04691784
0.03854741 0.04689944
0.03852119 0.04688103
0.03849498 0.04686262
0.03846877 0.04684421
0.03844258 0.04682580
0.03841639 0.04680738
0.03839021 0.04678897
0.03836404 0.04677056
0.03833788 0.04675215
0.03831173 0.04673374
0.03828558 0.04671532
0.03825945 0.04669691
0.03823332 0.04667850
0.03820720 0.04666008
0.03818108 0.04664167
0.03815498 0.04662325
0.03812888 0.04660484
0.03810280 0.04658642
0.03807672 0.04656801
0.03805065 0.04654959
0.03802459 0.04653118
0.03799853 0.04651276
0.03797249 0.04649434
0.03794645 0.04647593
0.03792042 0.04645751
0.03789440 0.04643909
0.03786839 0.04642067
0.03784238 0.04640225
0.03781639 0.04638383
0.03779040 0.04636541
0.03776442 0.04634700
0.03773845 0.04632858
0.03771248 0.04631015
0.03768653 0.04629173
0.03766058 0.04627331
0.03763465 0.04625489
0.03760872 0.04623647
0.03758280 0.04621805
0.03755688 0.04619963
0.03753098 0.04618120
0.03750508 0.04616278
0.03747919 0.04614436
0.03745331 0.04612593
0.03742744 0.04610751
0.03740158 0.04608908
0.03737573 0.04607066
0.03734988 0.04605224
0.03732404 0.04603381
0.03729821 0.04601538
0.03727239 0.04599696
0.03724658 0.04597853
0.03722077 0.04596011
0.03719498 0.04594168
0.03716919 0.04592325
0.03714341 0.04590482
0.03711764 0.04588640
0.03709187 0.04586797
0.03706612 0.04584954
0.03704037 0.04583111
0.03701464 0.04581268
0.03698891 0.04579425
0.03696318 0.04577582
0.03693747 0.04575739
0.03691177 0.04573896
0.03688607 0.04572053
0.03686038 0.04570210
0.03683470 0.04568367
0.03680903 0.04566524
0.03678337 0.04564681
0.03675771 0.04562838
0.03673207 0.04560995
0.03670643 0.04559151
0.03668080 0.04557308
0.03665518 0.04555465
0.03662956 0.04553621
0.03660396 0.04551778
0.03657836 0.04549935
0.03655278 0.04548091
0.03652720 0.04546248
0.03650162 0.04544404
0.03647606 0.04542561
0.03645051 0.04540717
0.03642496 0.04538874
0.03639942 0.04537030
0.03637389 0.04535187
0.03634837 0.04533343
0.03632286 0.04531499
0.03629735 0.04529656
0.03627186 0.04527812
0.03624637 0.04525968
0.03622089 0.04524124
0.03619542 0.04522281
0.03616996 0.04520437
0.03614450 0.04518593
0.03611906 0.04516749
0.03609362 0.04514905
0.03606819 0.04513061
0.03604277 0.04511217
0.03601736 0.04509373
0.03599195 0.04507529
0.03596655 0.04505685
0.03594117 0.04503841
0.03591579 0.04501997
0.03589042 0.04500153
0.03586505 0.04498309
0.03583970 0.04496465
0.03581435 0.04494621
0.03578902 0.04492776
0.03576369 0.04490932
0.03573837 0.04489088
0.03571305 0.04487244
0.03568775 0.04485399
0.03566245 0.04483555
0.03563717 0.04481711
0.03561189 0.04479866
0.03558662 0.04478022
0.03556136 0.04476178
0.03553610 0.04474333
0.03551086 0.04472489
0.03548562 0.04470644
0.03546039 0.04468800
0.03543517 0.04466955
0.03540996 0.04465111
0.03538475 0.04463266
0.03535956 0.04461422
0.03533437 0.04459577
0.03530919 0.04457732
0.03528402 0.04455888
0.03525886 0.04454043
0.03523371 0.04452198
0.03520856 0.04450353
0.03518343 0.04448509
0.03515830 0.04446664
0.03513318 0.04444819
0.03510807 0.04442974
0.03508297 0.04441130
0.03505787 0.04439285
0.03503278 0.04437440
0.03500771 0.04435595
0.03498264 0.04433750
0.03495758 0.04431905
0.03493252 0.04430060
0.03490748 0.04428215
0.03488244 0.04426370
0.03485741 0.04424525
0.03483240 0.04422680
0.03480738 0.04420835
0.03478238 0.04418990
0.03475739 0.04417145
0.03473240 0.04415300
0.03470743 0.04413455
0.03468246 0.04411610
0.03465750 0.04409764
0.03463254 0.04407919
0.03460760 0.04406074
0.03458266 0.04404229
0.03455774 0.04402384
0.03453282 0.04400538
0.03450791 0.04398693
0.03448301 0.04396848
0.03445811 0.04395002
0.03443323 0.04393157
0.03440835 0.04391312
0.03438348 0.04389466
0.03435862 0.04387621
0.03433377 0.04385776
0.03430893 0.04383930
0.03428410 0.04382085
0.03425927 0.04380239
0.03423445 0.04378394
0.03420964 0.04376548
0.03418484 0.04374703
0.03416005 0.04372857
0.03413527 0.04371012
0.03411049 0.04369166
0.03408572 0.04367321
0.03406096 0.04365475
0.03403621 0.04363630
0.03401147 0.04361784
0.03398674 0.04359938
0.03396201 0.04358093
0.03393730 0.04356247
0.03391259 0.04354401
0.03388789 0.04352556
0.03386320 0.04350710
0.03383851 0.04348864
0.03381384 0.04347018
0.03378917 0.04345173
0.03376451 0.04343327
0.03373986 0.04341481
0.03371522 0.04339635
0.03369059 0.04337790
0.03366597 0.04335944
0.03364135 0.04334098
0.03361674 0.04332252
0.03359214 0.04330406
0.03356755 0.04328560
0.03354297 0.04326715
0.03351840 0.04324869
0.03349383 0.04323023
0.03346927 0.04321177
0.03344473 0.04319331
0.03342019 0.04317485
0.03339565 0.04315639
0.03337113 0.04313793
0.03334662 0.04311947
0.03332211 0.04310101
0.03329761 0.04308255
0.03327312 0.04306409
0.03324864 0.04304563
0.03322417 0.04302717
0.03319971 0.04300871
0.03317525 0.04299025
0.03315080 0.04297179
0.03312636 0.04295333
0.03310193 0.04293487
0.03307751 0.04291640
0.03305310 0.04289794
0.03302869 0.04287948
0.03300430 0.04286102
0.03297991 0.04284256
0.03295553 0.04282410
0.03293116 0.04280564
0.03290679 0.04278717
0.03288244 0.04276871
0.03285809 0.04275025
0.03283376 0.04273179
0.03280943 0.04271333
0.03278511 0.04269486
0.03276079 0.04267640
0.03273649 0.04265794
0.03271219 0.04263948
0.03268791 0.04262101
0.03266363 0.04260255
0.03263936 0.04258409
0.03261510 0.04256563
0.03259085 0.04254716
0.03256660 0.04252870
0.03254236 0.04251024
0.03251814 0.04249177
0.03249392 0.04247331
0.03246971 0.04245485
0.03244550 0.04243638
0.03242131 0.04241792
0.03239712 0.04239946
0.03237295 0.04238099
0.03234878 0.04236253
0.03232462 0.04234407
0.03230047 0.04232560
0.03227632 0.04230714
0.03225219 0.04228868
0.03222806 0.04227021
0.03220395 0.04225175
0.03217984 0.04223328
0.03215574 0.04221482
0.03213164 0.04219635
0.03210756 0.04217789
0.03208348 0.04215943
0.03205942 0.04214096
0.03203536 0.04212250
0.03201131 0.04210403
0.03198727 0.04208557
0.03196323 0.04206710
0.03193921 0.04204864
0.03191519 0.04203018
0.03189118 0.04201171
0.03186718 0.04199325
0.03184319 0.04197478
0.03181921 0.04195632
0.03179524 0.04193785
0.03177127 0.04191939
0.03174732 0.04190092
0.03172337 0.04188246
0.03169943 0.04186399
0.03167550 0.04184553
0.03165157 0.04182706
0.03162766 0.04180860
0.03160375 0.04179013
0.03157985 0.04177167
0.03155597 0.04175320
0.03153208 0.04173474
0.03150821 0.04171627
0.03148435 0.04169781
0.03146049 0.04167934
0.03143665 0.04166088
0.03141281 0.04164241
0.03138898 0.04162395
0.03136516 0.04160548
0.03134134 0.04158702
0.03131754 0.04156855
0.03129374 0.04155008
0.03126996 0.04153162
0.03124618 0.04151315
0.03122241 0.04149469
0.03119865 0.04147622
0.03117489 0.04145776
0.03115115 0.04143929
0.03112741 0.04142083
0.03110368 0.04140236
0.03107996 0.04138390
0.03105625 0.04136543
0.03103255 0.04134697
0.03100886 0.04132850
0.03098517 0.04131004
0.03096149 0.04129157
0.03093783 0.04127311
0.03091417 0.04125464
0.03089052 0.04123618
0.03086687 0.04121771
0.03084324 0.04119925
0.03081961 0.04118078
0.03079599 0.04116232
0.03077239 0.04114385
0.03074878 0.04112539
0.03072519 0.04110692
0.03070161 0.04108846
0.03067803 0.04106999
0.03065447 0.04105153
0.03063091 0.04103306
0.03060736 0.04101460
0.03058382 0.04099613
0.03056029 0.04097767
0.03053676 0.04095920
0.03051325 0.04094074
0.03048974 0.04092227
0.03046624 0.04090381
0.03044275 0.04088534
0.03041927 0.04086688
0.03039580 0.04084841
0.03037233 0.04082995
0.03034888 0.04081148
0.03032543 0.04079302
0.03030199 0.04077456
0.03027856 0.04075609
0.03025514 0.04073763
0.03023173 0.04071916
0.03020832 0.04070070
0.03018493 0.04068223
0.03016154 0.04066377
0.03013816 0.04064531
0.03011479 0.04062684
0.03009143 0.04060838
0.03006807 0.04058992
0.03004473 0.04057145
0.03002139 0.04055299
0.02999806 0.04053452
0.02997474 0.04051606
0.02995143 0.04049760
0.02992813 0.04047913
0.02990484 0.04046067
0.02988155 0.04044221
0.02985828 0.04042374
0.02983501 0.04040528
0.02981175 0.04038682
0.02978850 0.04036836
0.02976525 0.04034989
0.02974202 0.04033143
0.02971879 0.04031297
0.02969558 0.04029451
0.02967237 0.04027604
0.02964917 0.04025758
0.02962598 0.04023912
0.02960279 0.04022066
0.02957962 0.04020219
0.02955645 0.04018373
0.02953330 0.04016527
0.02951015 0.04014681
0.02948701 0.04012835
0.02946387 0.04010988
0.02944075 0.04009142
0.02941764 0.04007296
0.02939453 0.04005450
0.02937143 0.04003604
0.02934834 0.04001758
0.02932526 0.03999912
0.02930219 0.03998066
0.02927913 0.03996220
0.02925607 0.03994374
0.02923303 0.03992527
0.02920999 0.03990681
0.02918696 0.03988835
0.02916394 0.03986989
0.02914093 0.03985143
0.02911792 0.03983297
0.02909493 0.03981451
0.02907194 0.03979605
0.02904896 0.03977759
0.02902599 0.03975914
0.02900303 0.03974068
0.02898008 0.03972222
0.02895714 0.03970376
0.02893420 0.03968530
0.02891128 0.03966684
0.02888836 0.03964838
0.02886545 0.03962992
0.02884255 0.03961147
0.02881965 0.03959301
0.02879677 0.03957455
0.02877389 0.03955609
0.02875103 0.03953763
0.02872817 0.03951918
0.02870532 0.03950072
0.02868248 0.03948226
0.02865965 0.03946380
0.02863682 0.03944535
0.02861401 0.03942689
0.02859120 0.03940843
0.02856840 0.03938998
0.02854561 0.03937152
0.02852283 0.03935306
0.02850006 0.03933461
0.02847730 0.03931615
0.02845454 0.03929770
0.02843179 0.03927924
0.02840905 0.03926079
0.02838633 0.03924233
0.02836360 0.03922388
0.02834089 0.03920542
0.02831819 0.03918697
0.02829549 0.03916851
0.02827281 0.03915006
0.02825013 0.03913160
0.02822746 0.03911315
0.02820480 0.03909469
0.02818214 0.03907624
0.02815950 0.03905779
0.02813686 0.03903933
0.02811424 0.03902088
0.02809162 0.03900243
0.02806901 0.03898398
0.02804641 0.03896552
0.02802382 0.03894707
0.02800123 0.03892862
0.02797866 0.03891017
0.02795609 0.03889172
0.02793353 0.03887326
0.02791098 0.03885481
0.02788844 0.03883636
0.02786591 0.03881791
0.02784339 0.03879946
0.02782087 0.03878101
0.02779836 0.03876256
0.02777587 0.03874411
0.02775338 0.03872566
0.02773090 0.03870721
0.02770842 0.03868876
0.02768596 0.03867031
0.02766350 0.03865186
0.02764106 0.03863341
0.02761862 0.03861496
0.02759619 0.03859652
0.02757377 0.03857807
0.02755136 0.03855962
0.02752895 0.03854117
0.02750656 0.03852272
0.02748417 0.03850428
0.02746180 0.03848583
0.02743943 0.03846738
0.02741707 0.03844894
0.02739471 0.03843049
0.02737237 0.03841204
0.02735004 0.03839360
0.02732771 0.03837515
0.02730539 0.03835671
0.02728308 0.03833826
0.02726078 0.03831982
0.02723849 0.03830137
0.02721621 0.03828293
0.02719393 0.03826448
0.02717167 0.03824604
0.02714941 0.03822760
0.02712716 0.03820915
0.02710492 0.03819071
0.02708269 0.03817227
0.02706047 0.03815382
0.02703825 0.03813538
0.02701605 0.03811694
0.02699385 0.03809850
0.02697166 0.03808006
0.02694948 0.03806162
0.02692731 0.03804317
0.02690515 0.03802473
0.02688300 0.03800629
0.02686085 0.03798785
0.02683871 0.03796941
0.02681659 0.03795097
0.02679447 0.03793253
0.02677235 0.03791409
0.02675025 0.03789566
0.02672816 0.03787722
0.02670607 0.03785878
0.02668400 0.03784034
0.02666193 0.03782190
0.02663987 0.03780347
0.02661782 0.03778503
0.02659578 0.03776659
0.02657375 0.03774815
0.02655172 0.03772972
0.02652970 0.03771128
0.02650770 0.03769285
0.02648570 0.03767441
0.02646371 0.03765598
0.02644173 0.03763754
0.02641975 0.03761911
0.02639779 0.03760067
0.02637583 0.03758224
0.02635389 0.03756381
0.02633195 0.03754537
0.02631002 0.03752694
0.02628810 0.03750851
0.02626619 0.03749007
0.02624428 0.03747164
0.02622239 0.03745321
0.02620050 0.03743478
0.02617862 0.03741635
0.02615675 0.03739792
0.02613489 0.03737949
0.02611304 0.03736106
0.02609120 0.03734263
0.02606936 0.03732420
0.02604754 0.03730577
0.02602572 0.03728734
0.02600391 0.03726891
0.02598211 0.03725048
0.02596032 0.03723205
0.02593854 0.03721363
0.02591676 0.03719520
0.02589500 0.03717677
0.02587324 0.03715835
0.02585149 0.03713992
0.02582975 0.03712149
0.02580802 0.03710307
0.02578630 0.03708464
0.02576459 0.03706622
0.02574288 0.03704780
0.02572118 0.03702937
0.02569950 0.03701095
0.02567782 0.03699252
0.02565615 0.03697410
0.02563448 0.03695568
0.02561283 0.03693726
0.02559119 0.03691883
0.02556955 0.03690041
0.02554792 0.03688199
0.02552631 0.03686357
0.02550470 0.03684515
0.02548310 0.03682673
0.02546150 0.03680831
0.02543992 0.03678989
0.02541834 0.03677147
0.02539678 0.03675305
0.02537522 0.03673464
0.02535367 0.03671622
0.02533213 0.03669780
0.02531060 0.03667938
0.02528907 0.03666097
0.02526756 0.03664255
0.02524605 0.03662413
0.02522456 0.03660572
0.02520307 0.03658730
0.02518159 0.03656889
0.02516012 0.03655047
0.02513865 0.03653206
0.02511720 0.03651365
0.02509576 0.03649523
0.02507432 0.03647682
0.02505289 0.03645841
0.02503147 0.03644000
0.02501006 0.03642159
0.02498866 0.03640317
0.02496727 0.03638476
0.02494588 0.03636635
0.02492451 0.03634794
0.02490314 0.03632953
0.02488178 0.03631112
0.02486043 0.03629272
0.02483909 0.03627431
0.02481776 0.03625590
0.02479643 0.03623749
0.02477512 0.03621909
0.02475381 0.03620068
0.02473251 0.03618227
0.02471123 0.03616387
0.02468995 0.03614546
0.02466867 0.03612706
0.02464741 0.03610865
0.02462616 0.03609025
0.02460491 0.03607185
0.02458367 0.03605344
0.02456245 0.03603504
0.02454123 0.03601664
0.02452002 0.03599824
0.02449881 0.03597983
0.02447762 0.03596143
0.02445644 0.03594303
0.02443526 0.03592463
0.02441409 0.03590623
0.02439293 0.03588783
0.02437178 0.03586944
0.02435064 0.03585104
0.02432951 0.03583264
0.02430839 0.03581424
0.02428727 0.03579584
0.02426616 0.03577745
0.02424507 0.03575905
0.02422398 0.03574066
0.02420290 0.03572226
0.02418182 0.03570387
0.02416076 0.03568547
0.02413971 0.03566708
0.02411866 0.03564869
0.02409762 0.03563029
0.02407660 0.03561190
0.02405558 0.03559351
0.02403457 0.03557512
0.02401356 0.03555673
0.02399257 0.03553834
0.02397159 0.03551995
0.02395061 0.03550156
0.02392964 0.03548317
0.02390868 0.03546478
0.02388773 0.03544639
0.02386679 0.03542801
0.02384586 0.03540962
0.02382494 0.03539123
0.02380402 0.03537285
0.02378312 0.03535446
0.02376222 0.03533608
0.02374133 0.03531769
0.02372045 0.03529931
0.02369958 0.03528093
0.02367871 0.03526254
0.02365786 0.03524416
0.02363701 0.03522578
0.02361618 0.03520740
0.02359535 0.03518902
0.02357453 0.03517064
0.02355372 0.03515226
0.02353292 0.03513388
0.02351213 0.03511550
0.02349134 0.03509712
0.02347057 0.03507874
0.02344980 0.03506037
0.02342904 0.03504199
0.02340829 0.03502361
0.02338755 0.03500524
0.02336682 0.03498686
0.02334610 0.03496849
0.02332538 0.03495011
0.02330468 0.03493174
0.02328398 0.03491337
0.02326329 0.03489500
0.02324261 0.03487662
0.02322194 0.03485825
0.02320128 0.03483988
0.02318062 0.03482151
0.02315998 0.03480314
0.02313934 0.03478477
0.02311872 0.03476641
0.02309810 0.03474804
0.02307749 0.03472967
0.02305689 0.03471130
0.02303629 0.03469294
0.02301571 0.03467457
0.02299514 0.03465621
0.02297457 0.03463784
0.02295401 0.03461948
0.02293346 0.03460111
0.02291292 0.03458275
0.02289239 0.03456439
0.02287187 0.03454603
0.02285136 0.03452767
0.02283085 0.03450931
0.02281036 0.03449095
0.02278987 0.03447259
0.02276939 0.03445423
0.02274892 0.03443587
0.02272846 0.03441751
0.02270801 0.03439915
0.02268756 0.03438080
0.02266713 0.03436244
0.02264670 0.03434409
0.02262628 0.03432573
0.02260587 0.03430738
0.02258547 0.03428902
0.02256508 0.03427067
0.02254470 0.03425232
0.02252433 0.03423397
0.02250396 0.03421562
0.02248361 0.03419727
0.02246326 0.03417892
0.02244292 0.03416057
0.02242259 0.03414222
0.02240227 0.03412387
0.02238196 0.03410552
0.02236165 0.03408718
0.02234136 0.03406883
0.02232107 0.03405048
0.02230079 0.03403214
0.02228053 0.03401379
0.02226027 0.03399545
0.02224001 0.03397711
0.02221977 0.03395876
0.02219954 0.03394042
0.02217931 0.03392208
0.02215910 0.03390374
0.02213889 0.03388540
0.02211869 0.03386706
0.02209850 0.03384872
0.02207832 0.03383039
0.02205815 0.03381205
0.02203799 0.03379371
0.02201783 0.03377537
0.02199769 0.03375704
0.02197755 0.03373870
0.02195742 0.03372037
0.02193730 0.03370204
0.02191719 0.03368370
0.02189709 0.03366537
0.02187699 0.03364704
0.02185691 0.03362871
0.02183683 0.03361038
0.02181677 0.03359205
0.02179671 0.03357372
0.02177666 0.03355539
0.02175662 0.03353707
0.02173659 0.03351874
0.02171656 0.03350041
0.02169655 0.03348209
0.02167654 0.03346376
0.02165655 0.03344544
0.02163656 0.03342711
0.02161658 0.03340879
0.02159661 0.03339047
0.02157665 0.03337215
0.02155669 0.03335383
0.02153675 0.03333551
0.02151681 0.03331719
0.02149689 0.03329887
0.02147697 0.03328055
0.02145706 0.03326223
0.02143716 0.03324392
0.02141727 0.03322560
0.02139739 0.03320729
0.02137751 0.03318897
0.02135765 0.03317066
0.02133779 0.03315234
0.02131794 0.03313403
0.02129811 0.03311572
0.02127828 0.03309741
0.02125846 0.03307910
0.02123864 0.03306079
0.02121884 0.03304248
0.02119905 0.03302417
0.02117926 0.03300586
0.02115948 0.03298756
0.02113971 0.03296925
0.02111995 0.03295095
0.02110020 0.03293264
0.02108046 0.03291434
0.02106073 0.03289604
0.02104100 0.03287773
0.02102129 0.03285943
0.02100158 0.03284113
0.02098188 0.03282283
0.02096220 0.03280453
0.02094252 0.03278623
0.02092284 0.03276793
0.02090318 0.03274964
0.02088353 0.03273134
0.02086388 0.03271305
0.02084425 0.03269475
0.02082462 0.03267646
0.02080500 0.03265816
0.02078539 0.03263987
0.02076579 0.03262158
0.02074620 0.03260329
0.02072661 0.03258500
0.02070704 0.03256671
0.02068747 0.03254842
0.02066792 0.03253013
0.02064837 0.03251184
0.02062883 0.03249356
0.02060930 0.03247527
0.02058978 0.03245699
0.02057026 0.03243870
0.02055076 0.03242042
0.02053126 0.03240214
0.02051178 0.03238385
0.02049230 0.03236557
0.02047283 0.03234729
0.02045337 0.03232901
0.02043392 0.03231073
0.02041448 0.03229246
0.02039504 0.03227418
0.02037562 0.03225590
0.02035620 0.03223763
0.02033680 0.03221935
0.02031740 0.03220108
0.02029801 0.03218281
0.02027863 0.03216453
0.02025926 0.03214626
0.02023989 0.03212799
0.02022054 0.03210972
0.02020119 0.03209145
0.02018186 0.03207318
0.02016253 0.03205492
0.02014321 0.03203665
0.02012390 0.03201838
0.02010460 0.03200012
0.02008531 0.03198185
0.02006602 0.03196359
0.02004675 0.03194533
0.02002748 0.03192707
0.02000823 0.03190881
0.01998898 0.03189055
0.01996974 0.03187229
0.01995051 0.03185403
0.01993129 0.03183577
0.01991208 0.03181751
0.01989287 0.03179926
0.01987368 0.03178100
0.01985449 0.03176275
0.01983531 0.03174450
0.01981614 0.03172624
0.01979698 0.03170799
0.01977783 0.03168974
0.01975869 0.03167149
0.01973956 0.03165324
0.01972043 0.03163499
0.01970132 0.03161675
0.01968221 0.03159850
0.01966311 0.03158025
0.01964402 0.03156201
0.01962494 0.03154377
0.01960587 0.03152552
0.01958681 0.03150728
0.01956776 0.03148904
0.01954871 0.03147080
0.01952968 0.03145256
0.01951065 0.03143432
0.01949163 0.03141608
0.01947262 0.03139785
0.01945362 0.03137961
0.01943463 0.03136137
0.01941565 0.03134314
0.01939667 0.03132491
0.01937771 0.03130667
0.01935875 0.03128844
0.01933980 0.03127021
0.01932087 0.03125198
0.01930194 0.03123375
0.01928302 0.03121553
0.01926410 0.03119730
0.01924520 0.03117907
0.01922631 0.03116085
0.01920742 0.03114262
0.01918855 0.03112440
0.01916968 0.03110618
0.01915082 0.03108795
0.01913197 0.03106973
0.01911313 0.03105151
0.01909430 0.03103330
0.01907547 0.03101508
0.01905666 0.03099686
0.01903785 0.03097864
0.01901906 0.03096043
0.01900027 0.03094221
0.01898149 0.03092400
0.01896272 0.03090579
0.01894396 0.03088758
0.01892521 0.03086937
0.01890646 0.03085116
0.01888773 0.03083295
0.01886900 0.03081474
0.01885029 0.03079653
0.01883158 0.03077833
0.01881288 0.03076012
0.01879419 0.03074192
0.01877551 0.03072372
0.01875683 0.03070551
0.01873817 0.03068731
0.01871952 0.03066911
0.01870087 0.03065091
0.01868223 0.03063272
0.01866361 0.03061452
0.01864499 0.03059632
0.01862638 0.03057813
0.01860777 0.03055993
0.01858918 0.03054174
0.01857060 0.03052355
0.01855202 0.03050536
0.01853346 0.03048717
0.01851490 0.03046898
0.01849635 0.03045079
0.01847781 0.03043260
0.01845928 0.03041441
0.01844076 0.03039623
0.01842225 0.03037804
0.01840375 0.03035986
0.01838525 0.03034168
0.01836676 0.03032350
0.01834829 0.03030532
0.01832982 0.03028714
0.01831136 0.03026896
0.01829291 0.03025078
0.01827447 0.03023260
0.01825604 0.03021443
0.01823761 0.03019625
0.01821920 0.03017808
0.01820079 0.03015991
0.01818240 0.03014174
0.01816401 0.03012357
0.01814563 0.03010540
0.01812726 0.03008723
0.01810890 0.03006906
0.01809054 0.03005089
0.01807220 0.03003273
0.01805387 0.03001456
0.01803554 0.02999640
0.01801722 0.02997824
0.01799892 0.02996008
0.01798062 0.02994192
0.01796233 0.02992376
0.01794405 0.02990560
0.01792577 0.02988744
0.01790751 0.02986929
0.01788926 0.02985113
0.01787101 0.02983298
0.01785277 0.02981483
0.01783455 0.02979667
0.01781633 0.02977852
0.01779812 0.02976037
0.01777992 0.02974223
0.01776172 0.02972408
0.01774354 0.02970593
0.01772537 0.02968779
0.01770720 0.02966964
0.01768904 0.02965150
0.01767090 0.02963336
0.01765276 0.02961521
0.01763463 0.02959707
0.01761651 0.02957894
0.01759840 0.02956080
0.01758029 0.02954266
0.01756220 0.02952452
0.01754411 0.02950639
0.01752604 0.02948826
0.01750797 0.02947012
0.01748991 0.02945199
0.01747186 0.02943386
0.01745382 0.02941573
0.01743579 0.02939760
0.01741777 0.02937948
0.01739975 0.02936135
0.01738175 0.02934323
0.01736375 0.02932510
0.01734577 0.02930698
0.01732779 0.02928886
0.01730982 0.02927074
0.01729186 0.02925262
0.01727391 0.02923450
0.01725597 0.02921638
0.01723803 0.02919827
0.01722011 0.02918015
0.01720219 0.02916204
0.01718429 0.02914393
0.01716639 0.02912581
0.01714850 0.02910770
0.01713062 0.02908959
0.01711275 0.02907149
0.01709489 0.02905338
0.01707703 0.02903527
0.01705919 0.02901717
0.01704135 0.02899907
0.01702353 0.02898096
0.01700571 0.02896286
0.01698790 0.02894476
0.01697010 0.02892666
0.01695231 0.02890857
0.01693453 0.02889047
0.01691676 0.02887237
0.01689900 0.02885428
0.01688124 0.02883619
0.01686350 0.02881809
0.01684576 0.02880000
0.01682803 0.02878191
0.01681031 0.02876382
0.01679260 0.02874574
0.01677490 0.02872765
0.01675721 0.02870957
0.01673953 0.02869148
0.01672185 0.02867340
0.01670419 0.02865532
0.01668653 0.02863724
0.01666888 0.02861916
0.01665125 0.02860108
0.01663362 0.02858300
0.01661600 0.02856493
0.01659838 0.02854685
0.01658078 0.02852878
0.01656319 0.02851071
0.01654560 0.02849264
0.01652803 0.02847457
0.01651046 0.02845650
0.01649290 0.02843843
0.01647536 0.02842037
0.01645782 0.02840230
0.01644028 0.02838424
0.01642276 0.02836618
0.01640525 0.02834811
0.01638775 0.02833005
0.01637025 0.02831200
0.01635276 0.02829394
0.01633529 0.02827588
0.01631782 0.02825783
0.01630036 0.02823977
0.01628291 0.02822172
0.01626547 0.02820367
0.01624804 0.02818562
0.01623061 0.02816757
0.01621320 0.02814952
0.01619579 0.02813148
0.01617840 0.02811343
0.01616101 0.02809539
0.01614363 0.02807734
0.01612626 0.02805930
0.01610890 0.02804126
0.01609155 0.02802322
0.01607421 0.02800519
0.01605687 0.02798715
0.01603955 0.02796911
0.01602223 0.02795108
0.01600493 0.02793305
0.01598763 0.02791502
0.01597034 0.02789699
0.01595306 0.02787896
0.01593579 0.02786093
0.01591853 0.02784290
0.01590128 0.02782488
0.01588403 0.02780685
0.01586680 0.02778883
0.01584957 0.02777081
0.01583236 0.02775279
0.01581515 0.02773477
0.01579795 0.02771676
0.01578076 0.02769874
0.01576358 0.02768072
0.01574641 0.02766271
0.01572924 0.02764470
0.01571209 0.02762669
0.01569494 0.02760868
0.01567781 0.02759067
0.01566068 0.02757266
0.01564356 0.02755466
0.01562646 0.02753665
0.01560936 0.02751865
0.01559226 0.02750065
0.01557518 0.02748265
0.01555811 0.02746465
0.01554105 0.02744665
0.01552399 0.02742865
0.01550694 0.02741066
0.01548991 0.02739267
0.01547288 0.02737467
0.01545586 0.02735668
0.01543885 0.02733869
0.01542185 0.02732070
0.01540486 0.02730272
0.01538787 0.02728473
0.01537090 0.02726675
0.01535393 0.02724876
0.01533698 0.02723078
0.01532003 0.02721280
0.01530309 0.02719482
0.01528616 0.02717684
0.01526924 0.02715887
0.01525233 0.02714089
0.01523543 0.02712292
0.01521854 0.02710495
0.01520165 0.02708698
0.01518478 0.02706901
0.01516791 0.02705104
0.01515106 0.02703307
0.01513421 0.02701511
0.01511737 0.02699714
0.01510054 0.02697918
0.01508372 0.02696122
0.01506691 0.02694326
0.01505010 0.02692530
0.01503331 0.02690734
0.01501652 0.02688939
0.01499975 0.02687143
0.01498298 0.02685348
0.01496622 0.02683553
0.01494948 0.02681758
0.01493274 0.02679963
0.01491600 0.02678168
0.01489928 0.02676374
0.01488257 0.02674579
0.01486587 0.02672785
0.01484917 0.02670991
0.01483249 0.02669197
0.01481581 0.02667403
0.01479914 0.02665609
0.01478248 0.02663815
0.01476583 0.02662022
0.01474919 0.02660228
0.01473256 0.02658435
0.01471594 0.02656642
0.01469932 0.02654849
0.01468272 0.02653057
0.01466612 0.02651264
0.01464954 0.02649471
0.01463296 0.02647679
0.01461639 0.02645887
0.01459983 0.02644095
0.01458328 0.02642303
0.01456674 0.02640511
0.01455021 0.02638720
0.01453369 0.02636928
0.01451717 0.02635137
0.01450067 0.02633346
0.01448417 0.02631555
0.01446768 0.02629764
0.01445120 0.02627973
0.01443474 0.02626182
0.01441828 0.02624392
0.01440182 0.02622602
0.01438538 0.02620811
0.01436895 0.02619021
0.01435253 0.02617232
0.01433611 0.02615442
0.01431971 0.02613652
0.01430331 0.02611863
0.01428692 0.02610074
0.01427054 0.02608285
0.01425417 0.02606496
0.01423781 0.02604707
0.01422146 0.02602918
0.01420512 0.02601130
0.01418878 0.02599341
0.01417246 0.02597553
0.01415614 0.02595765
0.01413984 0.02593977
0.01412354 0.02592189
0.01410725 0.02590402
0.01409097 0.02588614
0.01407470 0.02586827
0.01405844 0.02585040
0.01404219 0.02583253
0.01402595 0.02581466
0.01400971 0.02579679
0.01399349 0.02577893
0.01397727 0.02576106
0.01396107 0.02574320
0.01394487 0.02572534
0.01392868 0.02570748
0.01391250 0.02568962
0.01389633 0.02567176
0.01388017 0.02565391
0.01386402 0.02563606
0.01384787 0.02561820
0.01383174 0.02560035
0.01381561 0.02558251
0.01379950 0.02556466
0.01378339 0.02554681
0.01376729 0.02552897
0.01375120 0.02551113
0.01373512 0.02549329
0.01371905 0.02547545
0.01370299 0.02545761
0.01368694 0.02543977
0.01367089 0.02542194
0.01365486 0.02540410
0.01363883 0.02538627
0.01362282 0.02536844
0.01360681 0.02535061
0.01359081 0.02533279
0.01357482 0.02531496
0.01355884 0.02529714
0.01354287 0.02527932
0.01352691 0.02526150
0.01351095 0.02524368
0.01349501 0.02522586
0.01347908 0.02520804
0.01346315 0.02519023
0.01344723 0.02517242
0.01343133 0.02515461
0.01341543 0.02513680
0.01339954 0.02511899
0.01338366 0.02510118
0.01336779 0.02508338
0.01335192 0.02506558
0.01333607 0.02504778
0.01332023 0.02502998
0.01330439 0.02501218
0.01328857 0.02499438
0.01327275 0.02497659
0.01325694 0.02495879
0.01324114 0.02494100
0.01322535 0.02492321
0.01320957 0.02490543
0.01319380 0.02488764
0.01317804 0.02486985
0.01316228 0.02485207
0.01314654 0.02483429
0.01313081 0.02481651
0.01311508 0.02479873
0.01309936 0.02478095
0.01308365 0.02476318
0.01306796 0.02474541
0.01305227 0.02472763
0.01303659 0.02470986
0.01302091 0.02469210
0.01300525 0.02467433
0.01298960 0.02465656
0.01297395 0.02463880
0.01295832 0.02462104
0.01294269 0.02460328
0.01292708 0.02458552
0.01291147 0.02456776
0.01289587 0.02455001
0.01288028 0.02453226
0.01286470 0.02451450
0.01284913 0.02449675
0.01283357 0.02447901
0.01281801 0.02446126
0.01280247 0.02444351
0.01278693 0.02442577
0.01277141 0.02440803
0.01275589 0.02439029
0.01274038 0.02437255
0.01272488 0.02435482
0.01270939 0.02433708
0.01269391 0.02431935
0.01267844 0.02430162
0.01266298 0.02428389
0.01264753 0.02426616
0.01263208 0.02424843
0.01261665 0.02423071
0.01260122 0.02421299
0.01258581 0.02419527
0.01257040 0.02417755
0.01255500 0.02415983
0.01253961 0.02414211
0.01252423 0.02412440
0.01250886 0.02410669
0.01249350 0.02408898
0.01247814 0.02407127
0.01246280 0.02405356
0.01244747 0.02403586
0.01243214 0.02401815
0.01241682 0.02400045
0.01240152 0.02398275
0.01238622 0.02396505
0.01237093 0.02394736
0.01235565 0.02392966
0.01234038 0.02391197
0.01232512 0.02389428
0.01230986 0.02387659
0.01229462 0.02385890
0.01227939 0.02384122
0.01226416 0.02382353
0.01224894 0.02380585
0.01223374 0.02378817
0.01221854 0.02377049
0.01220335 0.02375281
0.01218817 0.02373514
0.01217300 0.02371747
0.01215784 0.02369979
0.01214269 0.02368212
0.01212754 0.02366446
0.01211241 0.02364679
0.01209728 0.02362913
0.01208217 0.02361146
0.01206706 0.02359380
0.01205196 0.02357614
0.01203688 0.02355849
0.01202180 0.02354083
0.01200673 0.02352318
0.01199167 0.02350553
0.01197661 0.02348788
0.01196157 0.02347023
0.01194654 0.02345258
0.01193151 0.02343494
0.01191650 0.02341730
0.01190149 0.02339966
0.01188649 0.02338202
0.01187151 0.02336438
0.01185653 0.02334674
0.01184156 0.02332911
0.01182660 0.02331148
0.01181165 0.02329385
0.01179670 0.02327622
0.01178177 0.02325860
0.01176685 0.02324097
0.01175193 0.02322335
0.01173703 0.02320573
0.01172213 0.02318811
0.01170724 0.02317050
0.01169237 0.02315288
0.01167750 0.02313527
0.01166264 0.02311766
0.01164779 0.02310005
0.01163294 0.02308244
0.01161811 0.02306484
0.01160329 0.02304723
0.01158847 0.02302963
0.01157367 0.02301203
0.01155887 0.02299443
0.01154409 0.02297684
0.01152931 0.02295924
0.01151454 0.02294165
0.01149978 0.02292406
0.01148503 0.02290647
0.01147029 0.02288889
0.01145556 0.02287130
0.01144084 0.02285372
0.01142612 0.02283614
0.01141142 0.02281856
0.01139672 0.02280098
0.01138204 0.02278341
0.01136736 0.02276584
0.01135269 0.02274826
0.01133803 0.02273070
0.01132338 0.02271313
0.01130874 0.02269556
0.01129411 0.02267800
0.01127949 0.02266044
0.01126488 0.02264288
0.01125028 0.02262532
0.01123568 0.02260777
0.01122110 0.02259021
0.01120652 0.02257266
0.01119195 0.02255511
0.01117739 0.02253756
0.01116285 0.02252002
0.01114831 0.02250247
0.01113378 0.02248493
0.01111926 0.02246739
0.01110474 0.02244986
0.01109024 0.02243232
0.01107575 0.02241479
0.01106126 0.02239725
0.01104679 0.02237972
0.01103232 0.02236220
0.01101787 0.02234467
0.01100342 0.02232715
0.01098898 0.02230962
0.01097455 0.02229210
0.01096013 0.02227459
0.01094572 0.02225707
0.01093132 0.02223956
0.01091692 0.02222204
0.01090254 0.02220453
0.01088817 0.02218703
0.01087380 0.02216952
0.01085945 0.02215202
0.01084510 0.02213451
0.01083076 0.02211701
0.01081643 0.02209952
0.01080211 0.02208202
0.01078780 0.02206453
0.01077350 0.02204703
0.01075921 0.02202954
0.01074493 0.02201206
0.01073066 0.02199457
0.01071639 0.02197709
0.01070214 0.02195960
0.01068789 0.02194212
0.01067366 0.02192465
0.01065943 0.02190717
0.01064521 0.02188970
0.01063100 0.02187223
0.01061680 0.02185476
0.01060261 0.02183729
0.01058843 0.02181982
0.01057426 0.02180236
0.01056009 0.02178490
0.01054594 0.02176744
0.01053180 0.02174998
0.01051766 0.02173253
0.01050353 0.02171508
0.01048942 0.02169763
0.01047531 0.02168018
0.01046121 0.02166273
0.01044712 0.02164528
0.01043304 0.02162784
0.01041897 0.02161040
0.01040491 0.02159296
0.01039086 0.02157553
0.01037681 0.02155809
0.01036278 0.02154066
0.01034875 0.02152323
0.01033474 0.02150580
0.01032073 0.02148838
0.01030673 0.02147095
0.01029275 0.02145353
0.01027877 0.02143611
0.01026480 0.02141870
0.01025084 0.02140128
0.01023689 0.02138387
0.01022294 0.02136646
0.01020901 0.02134905
0.01019509 0.02133164
0.01018117 0.02131424
0.01016727 0.02129683
0.01015337 0.02127943
0.01013948 0.02126204
0.01012561 0.02124464
0.01011174 0.02122725
0.01009788 0.02120986
0.01008403 0.02119247
0.01007019 0.02117508
0.01005636 0.02115769
0.01004254 0.02114031
0.01002872 0.02112293
0.01001492 0.02110555
0.01000112 0.02108817
0.00998734 0.02107080
0.00997356 0.02105343
0.00995979 0.02103606
0.00994604 0.02101869
0.00993229 0.02100132
0.00991855 0.02098396
0.00990482 0.02096660
0.00989110 0.02094924
0.00987739 0.02093188
0.00986368 0.02091453
0.00984999 0.02089718
0.00983631 0.02087983
0.00982263 0.02086248
0.00980897 0.02084513
0.00979531 0.02082779
0.00978166 0.02081045
0.00976803 0.02079311
0.00975440 0.02077577
0.00974078 0.02075843
0.00972717 0.02074110
0.00971357 0.02072377
0.00969997 0.02070644
0.00968639 0.02068912
0.00967282 0.02067179
0.00965926 0.02065447
0.00964570 0.02063715
0.00963215 0.02061984
0.00961862 0.02060252
0.00960509 0.02058521
0.00959157 0.02056790
0.00957807 0.02055059
0.00956457 0.02053328
0.00955108 0.02051598
0.00953759 0.02049868
0.00952412 0.02048138
0.00951066 0.02046408
0.00949721 0.02044679
0.00948376 0.02042950
0.00947033 0.02041221
0.00945690 0.02039492
0.00944349 0.02037763
0.00943008 0.02036035
0.00941668 0.02034307
0.00940329 0.02032579
0.00938992 0.02030852
0.00937655 0.02029124
0.00936318 0.02027397
0.00934983 0.02025670
0.00933649 0.02023943
0.00932316 0.02022217
0.00930983 0.02020491
0.00929652 0.02018765
0.00928322 0.02017039
0.00926992 0.02015313
0.00925663 0.02013588
0.00924336 0.02011863
0.00923009 0.02010138
0.00921683 0.02008413
0.00920358 0.02006689
0.00919034 0.02004965
0.00917711 0.02003241
0.00916388 0.02001517
0.00915067 0.01999794
0.00913747 0.01998070
0.00912427 0.01996347
0.00911109 0.01994625
0.00909791 0.01992902
0.00908475 0.01991180
0.00907159 0.01989458
0.00905844 0.01987736
0.00904530 0.01986014
0.00903218 0.01984293
0.00901906 0.01982572
0.00900594 0.01980851
0.00899284 0.01979130
0.00897975 0.01977410
0.00896667 0.01975690
0.00895359 0.01973970
0.00894053 0.01972250
0.00892747 0.01970530
0.00891443 0.01968811
0.00890139 0.01967092
0.00888836 0.01965374
0.00887535 0.01963655
0.00886234 0.01961937
0.00884934 0.01960219
0.00883635 0.01958501
0.00882337 0.01956783
0.00881040 0.01955066
0.00879743 0.01953349
0.00878448 0.01951632
0.00877154 0.01949916
0.00875860 0.01948199
0.00874568 0.01946483
0.00873276 0.01944767
0.00871985 0.01943052
0.00870696 0.01941336
0.00869407 0.01939621
0.00868119 0.01937906
0.00866832 0.01936192
0.00865546 0.01934477
0.00864261 0.01932763
0.00862977 0.01931049
0.00861693 0.01929335
0.00860411 0.01927622
0.00859130 0.01925909
0.00857849 0.01924196
0.00856570 0.01922483
0.00855291 0.01920771
0.00854013 0.01919059
0.00852737 0.01917347
0.00851461 0.01915635
0.00850186 0.01913923
0.00848912 0.01912212
0.00847639 0.01910501
0.00846367 0.01908791
0.00845096 0.01907080
0.00843825 0.01905370
0.00842556 0.01903660
0.00841288 0.01901950
0.00840020 0.01900241
0.00838754 0.01898532
0.00837488 0.01896823
0.00836223 0.01895114
0.00834960 0.01893405
0.00833697 0.01891697
0.00832435 0.01889989
0.00831174 0.01888281
0.00829914 0.01886574
0.00828655 0.01884867
0.00827397 0.01883160
0.00826139 0.01881453
0.00824883 0.01879747
0.00823628 0.01878040
0.00822373 0.01876334
0.00821120 0.01874629
0.00819867 0.01872923
0.00818615 0.01871218
0.00817365 0.01869513
0.00816115 0.01867809
0.00814866 0.01866104
0.00813618 0.01864400
0.00812371 0.01862696
0.00811125 0.01860992
0.00809880 0.01859289
0.00808636 0.01857586
0.00807392 0.01855883
0.00806150 0.01854180
0.00804909 0.01852478
0.00803668 0.01850776
0.00802429 0.01849074
0.00801190 0.01847372
0.00799952 0.01845671
0.00798716 0.01843970
0.00797480 0.01842269
0.00796245 0.01840568
0.00795011 0.01838868
0.00793778 0.01837168
0.00792546 0.01835468
0.00791315 0.01833769
0.00790084 0.01832069
0.00788855 0.01830370
0.00787627 0.01828672
0.00786399 0.01826973
0.00785173 0.01825275
0.00783947 0.01823577
0.00782723 0.01821879
0.00781499 0.01820182
0.00780276 0.01818485
0.00779054 0.01816788
0.00777833 0.01815091
0.00776613 0.01813395
0.00775394 0.01811699
0.00774176 0.01810003
0.00772959 0.01808307
0.00771743 0.01806612
0.00770527 0.01804917
0.00769313 0.01803222
0.00768099 0.01801527
0.00766887 0.01799833
0.00765675 0.01798139
0.00764465 0.01796445
0.00763255 0.01794752
0.00762046 0.01793059
0.00760838 0.01791366
0.00759631 0.01789673
0.00758425 0.01787981
0.00757220 0.01786288
0.00756016 0.01784597
0.00754813 0.01782905
0.00753611 0.01781214
0.00752409 0.01779523
0.00751209 0.01777832
0.00750010 0.01776141
0.00748811 0.01774451
0.00747614 0.01772761
0.00746417 0.01771071
0.00745221 0.01769382
0.00744026 0.01767693
0.00742832 0.01766004
0.00741640 0.01764315
0.00740448 0.01762627
0.00739257 0.01760939
0.00738066 0.01759251
0.00736877 0.01757563
0.00735689 0.01755876
0.00734502 0.01754189
0.00733315 0.01752502
0.00732130 0.01750816
0.00730945 0.01749130
0.00729762 0.01747444
0.00728579 0.01745758
0.00727397 0.01744073
0.00726217 0.01742388
0.00725037 0.01740703
0.00723858 0.01739019
0.00722680 0.01737334
0.00721503 0.01735650
0.00720327 0.01733967
0.00719152 0.01732283
0.00717978 0.01730600
0.00716804 0.01728917
0.00715632 0.01727235
0.00714460 0.01725553
0.00713290 0.01723870
0.00712120 0.01722189
0.00710952 0.01720507
0.00709784 0.01718826
0.00708617 0.01717145
0.00707452 0.01715465
0.00706287 0.01713784
0.00705123 0.01712104
0.00703960 0.01710424
0.00702798 0.01708745
0.00701637 0.01707066
0.00700476 0.01705387
0.00699317 0.01703708
0.00698159 0.01702030
0.00697002 0.01700352
0.00695845 0.01698674
0.00694690 0.01696996
0.00693535 0.01695319
0.00692381 0.01693642
0.00691229 0.01691966
0.00690077 0.01690289
0.00688926 0.01688613
0.00687776 0.01686937
0.00686627 0.01685262
0.00685479 0.01683587
0.00684332 0.01681912
0.00683186 0.01680237
0.00682041 0.01678563
0.00680897 0.01676889
0.00679753 0.01675215
0.00678611 0.01673541
0.00677470 0.01671868
0.00676329 0.01670195
0.00675190 0.01668522
0.00674051 0.01666850
0.00672913 0.01665178
0.00671776 0.01663506
0.00670641 0.01661835
0.00669506 0.01660163
0.00668372 0.01658493
0.00667239 0.01656822
0.00666107 0.01655152
0.00664976 0.01653482
0.00663845 0.01651812
0.00662716 0.01650142
0.00661588 0.01648473
0.00660461 0.01646804
0.00659334 0.01645136
0.00658209 0.01643468
0.00657084 0.01641800
0.00655960 0.01640132
0.00654838 0.01638464
0.00653716 0.01636797
0.00652595 0.01635130
0.00651475 0.01633464
0.00650356 0.01631798
0.00649238 0.01630132
0.00648121 0.01628466
0.00647005 0.01626801
0.00645890 0.01625136
0.00644776 0.01623471
0.00643663 0.01621807
0.00642550 0.01620142
0.00641439 0.01618479
0.00640328 0.01616815
0.00639219 0.01615152
0.00638110 0.01613489
0.00637003 0.01611826
0.00635896 0.01610164
0.00634790 0.01608502
0.00633685 0.01606840
0.00632581 0.01605179
0.00631478 0.01603517
0.00630376 0.01601857
0.00629275 0.01600196
0.00628175 0.01598536
0.00627076 0.01596876
0.00625978 0.01595216
0.00624881 0.01593557
0.00623784 0.01591898
0.00622689 0.01590239
0.00621594 0.01588581
0.00620501 0.01586922
0.00619408 0.01585265
0.00618316 0.01583607
0.00617226 0.01581950
0.00616136 0.01580293
0.00615047 0.01578636
0.00613959 0.01576980
0.00612872 0.01575324
0.00611786 0.01573668
0.00610701 0.01572013
0.00609617 0.01570358
0.00608534 0.01568703
0.00607452 0.01567049
0.00606370 0.01565394
0.00605290 0.01563740
0.00604210 0.01562087
0.00603132 0.01560434
0.00602054 0.01558781
0.00600978 0.01557128
0.00599902 0.01555476
0.00598827 0.01553824
0.00597754 0.01552172
0.00596681 0.01550521
0.00595609 0.01548870
0.00594538 0.01547219
0.00593468 0.01545568
0.00592399 0.01543918
0.00591331 0.01542268
0.00590264 0.01540619
0.00589197 0.01538970
0.00588132 0.01537321
0.00587068 0.01535672
0.00586004 0.01534024
0.00584942 0.01532376
0.00583880 0.01530728
0.00582820 0.01529081
0.00581760 0.01527434
0.00580701 0.01525787
0.00579644 0.01524141
0.00578587 0.01522495
0.00577531 0.01520849
0.00576476 0.01519204
0.00575422 0.01517559
0.00574369 0.01515914
0.00573317 0.01514269
0.00572266 0.01512625
0.00571215 0.01510981
0.00570166 0.01509338
0.00569118 0.01507694
0.00568070 0.01506052
0.00567024 0.01504409
0.00565979 0.01502767
0.00564934 0.01501125
0.00563890 0.01499483
0.00562848 0.01497842
0.00561806 0.01496201
0.00560765 0.01494560
0.00559725 0.01492920
0.00558686 0.01491280
0.00557649 0.01489640
0.00556612 0.01488001
0.00555575 0.01486362
0.00554540 0.01484723
0.00553506 0.01483085
0.00552473 0.01481447
0.00551441 0.01479809
0.00550409 0.01478171
0.00549379 0.01476534
0.00548350 0.01474897
0.00547321 0.01473261
0.00546294 0.01471625
0.00545267 0.01469989
0.00544241 0.01468354
0.00543217 0.01466718
0.00542193 0.01465084
0.00541170 0.01463449
0.00540148 0.01461815
0.00539127 0.01460181
0.00538107 0.01458548
0.00537088 0.01456914
0.00536070 0.01455281
0.00535053 0.01453649
0.00534037 0.01452017
0.00533021 0.01450385
0.00532007 0.01448753
0.00530994 0.01447122
0.00529981 0.01445491
0.00528970 0.01443861
0.00527959 0.01442230
0.00526950 0.01440601
0.00525941 0.01438971
0.00524933 0.01437342
0.00523927 0.01435713
0.00522921 0.01434084
0.00521916 0.01432456
0.00520912 0.01430828
0.00519909 0.01429201
0.00518907 0.01427573
0.00517906 0.01425946
0.00516906 0.01424320
0.00515907 0.01422694
0.00514908 0.01421068
0.00513911 0.01419442
0.00512915 0.01417817
0.00511919 0.01416192
0.00510925 0.01414567
0.00509931 0.01412943
0.00508939 0.01411319
0.00507947 0.01409696
0.00506957 0.01408073
0.00505967 0.01406450
0.00504978 0.01404827
0.00503990 0.01403205
0.00503003 0.01401583
0.00502018 0.01399962
0.00501033 0.01398340
0.00500049 0.01396720
0.00499065 0.01395099
0.00498083 0.01393479
0.00497102 0.01391859
0.00496122 0.01390240
0.00495143 0.01388621
0.00494164 0.01387002
0.00493187 0.01385383
0.00492210 0.01383765
0.00491235 0.01382147
0.00490260 0.01380530
0.00489287 0.01378913
0.00488314 0.01377296
0.00487342 0.01375680
0.00486372 0.01374064
0.00485402 0.01372448
0.00484433 0.01370833
0.00483465 0.01369218
0.00482498 0.01367603
0.00481532 0.01365989
0.00480567 0.01364375
0.00479603 0.01362761
0.00478640 0.01361148
0.00477678 0.01359535
0.00476716 0.01357922
0.00475756 0.01356310
0.00474797 0.01354698
0.00473838 0.01353087
0.00472881 0.01351476
0.00471924 0.01349865
0.00470969 0.01348254
0.00470014 0.01346644
0.00469060 0.01345034
0.00468108 0.01343425
0.00467156 0.01341816
0.00466205 0.01340207
0.00465255 0.01338599
0.00464306 0.01336991
0.00463358 0.01335383
0.00462411 0.01333776
0.00461465 0.01332169
0.00460520 0.01330562
0.00459576 0.01328956
0.00458633 0.01327350
0.00457690 0.01325744
0.00456749 0.01324139
0.00455809 0.01322534
0.00454869 0.01320930
0.00453931 0.01319326
0.00452993 0.01317722
0.00452057 0.01316118
0.00451121 0.01314515
0.00450187 0.01312913
0.00449253 0.01311310
0.00448320 0.01309708
0.00447388 0.01308107
0.00446457 0.01306505
0.00445527 0.01304904
0.00444598 0.01303304
0.00443670 0.01301704
0.00442743 0.01300104
0.00441817 0.01298504
0.00440892 0.01296905
0.00439968 0.01295306
0.00439045 0.01293708
0.00438122 0.01292110
0.00437201 0.01290512
0.00436281 0.01288915
0.00435361 0.01287318
0.00434443 0.01285722
0.00433525 0.01284125
0.00432609 0.01282529
0.00431693 0.01280934
0.00430778 0.01279339
0.00429864 0.01277744
0.00428952 0.01276150
0.00428040 0.01274556
0.00427129 0.01272962
0.00426219 0.01271369
0.00425310 0.01269776
0.00424402 0.01268183
0.00423495 0.01266591
0.00422589 0.01264999
0.00421684 0.01263408
0.00420779 0.01261816
0.00419876 0.01260226
0.00418974 0.01258635
0.00418073 0.01257045
0.00417172 0.01255456
0.00416273 0.01253866
0.00415374 0.01252277
0.00414477 0.01250689
0.00413580 0.01249101
0.00412684 0.01247513
0.00411790 0.01245926
0.00410896 0.01244339
0.00410003 0.01242752
0.00409111 0.01241166
0.00408220 0.01239580
0.00407331 0.01237994
0.00406442 0.01236409
0.00405554 0.01234824
0.00404667 0.01233240
0.00403780 0.01231656
0.00402895 0.01230072
0.00402011 0.01228489
0.00401128 0.01226906
0.00400246 0.01225323
0.00399364 0.01223741
0.00398484 0.01222159
0.00397604 0.01220578
0.00396726 0.01218997
0.00395848 0.01217416
0.00394972 0.01215836
0.00394096 0.01214256
0.00393222 0.01212676
0.00392348 0.01211097
0.00391475 0.01209518
0.00390603 0.01207940
0.00389733 0.01206362
0.00388863 0.01204784
0.00387994 0.01203207
0.00387126 0.01201630
0.00386259 0.01200053
0.00385393 0.01198477
0.00384528 0.01196902
0.00383663 0.01195326
0.00382800 0.01193751
0.00381938 0.01192177
0.00381077 0.01190602
0.00380216 0.01189029
0.00379357 0.01187455
0.00378499 0.01185882
0.00377641 0.01184309
0.00376785 0.01182737
0.00375929 0.01181165
0.00375074 0.01179594
0.00374221 0.01178023
0.00373368 0.01176452
0.00372516 0.01174881
0.00371666 0.01173312
0.00370816 0.01171742
0.00369967 0.01170173
0.00369119 0.01168604
0.00368272 0.01167035
0.00367426 0.01165467
0.00366581 0.01163900
0.00365737 0.01162333
0.00364894 0.01160766
0.00364052 0.01159199
0.00363210 0.01157633
0.00362370 0.01156067
0.00361531 0.01154502
0.00360692 0.01152937
0.00359855 0.01151373
0.00359019 0.01149809
0.00358183 0.01148245
0.00357349 0.01146681
0.00356515 0.01145119
0.00355683 0.01143556
0.00354851 0.01141994
0.00354020 0.01140432
0.00353190 0.01138871
0.00352362 0.01137310
0.00351534 0.01135749
0.00350707 0.01134189
0.00349881 0.01132629
0.00349056 0.01131070
0.00348232 0.01129511
0.00347409 0.01127952
0.00346587 0.01126394
0.00345766 0.01124836
0.00344946 0.01123279
0.00344127 0.01121722
0.00343308 0.01120165
0.00342491 0.01118609
0.00341675 0.01117053
0.00340859 0.01115498
0.00340045 0.01113943
0.00339232 0.01112388
0.00338419 0.01110834
0.00337607 0.01109280
0.00336797 0.01107727
0.00335987 0.01106174
0.00335179 0.01104621
0.00334371 0.01103069
0.00333564 0.01101517
0.00332758 0.01099966
0.00331954 0.01098415
0.00331150 0.01096864
0.00330347 0.01095314
0.00329545 0.01093764
0.00328744 0.01092215
0.00327944 0.01090666
0.00327145 0.01089117
0.00326347 0.01087569
0.00325550 0.01086021
0.00324753 0.01084474
0.00323958 0.01082927
0.00323164 0.01081380
0.00322370 0.01079834
0.00321578 0.01078289
0.00320787 0.01076743
0.00319996 0.01075198
0.00319207 0.01073654
0.00318418 0.01072110
0.00317631 0.01070566
0.00316844 0.01069023
0.00316059 0.01067480
0.00315274 0.01065938
0.00314490 0.01064396
0.00313707 0.01062854
0.00312926 0.01061313
0.00312145 0.01059772
0.00311365 0.01058232
0.00310586 0.01056692
0.00309808 0.01055152
0.00309031 0.01053613
0.00308255 0.01052074
0.00307480 0.01050536
0.00306706 0.01048998
0.00305933 0.01047461
0.00305160 0.01045924
0.00304389 0.01044387
0.00303619 0.01042851
0.00302850 0.01041315
0.00302081 0.01039780
0.00301314 0.01038245
0.00300547 0.01036710
0.00299782 0.01035176
0.00299017 0.01033642
0.00298254 0.01032109
0.00297491 0.01030576
0.00296730 0.01029044
0.00295969 0.01027512
0.00295209 0.01025980
0.00294451 0.01024449
0.00293693 0.01022918
0.00292936 0.01021388
0.00292180 0.01019858
0.00291425 0.01018328
0.00290671 0.01016799
0.00289918 0.01015271
0.00289166 0.01013742
0.00288415 0.01012215
0.00287665 0.01010687
0.00286916 0.01009160
0.00286168 0.01007634
0.00285421 0.01006108
0.00284675 0.01004582
0.00283929 0.01003057
0.00283185 0.01001532
0.00282442 0.01000007
0.00281699 0.00998483
0.00280958 0.00996960
0.00280217 0.00995437
0.00279478 0.00993914
0.00278739 0.00992392
0.00278002 0.00990870
0.00277265 0.00989349
0.00276529 0.00987828
0.00275795 0.00986307
0.00275061 0.00984787
0.00274328 0.00983267
0.00273597 0.00981748
0.00272866 0.00980229
0.00272136 0.00978711
0.00271407 0.00977193
0.00270679 0.00975675
0.00269952 0.00974158
0.00269226 0.00972642
0.00268501 0.00971125
0.00267777 0.00969610
0.00267054 0.00968094
0.00266332 0.00966579
0.00265610 0.00965065
0.00264890 0.00963551
0.00264171 0.00962037
0.00263453 0.00960524
0.00262735 0.00959011
0.00262019 0.00957499
0.00261303 0.00955987
0.00260589 0.00954476
0.00259876 0.00952965
0.00259163 0.00951454
0.00258451 0.00949944
0.00257741 0.00948435
0.00257031 0.00946925
0.00256323 0.00945416
0.00255615 0.00943908
0.00254908 0.00942400
0.00254202 0.00940893
0.00253498 0.00939386
0.00252794 0.00937879
0.00252091 0.00936373
0.00251389 0.00934867
0.00250688 0.00933362
0.00249988 0.00931857
0.00249289 0.00930353
0.00248591 0.00928849
0.00247894 0.00927346
0.00247198 0.00925843
0.00246503 0.00924340
0.00245808 0.00922838
0.00245115 0.00921336
0.00244423 0.00919835
0.00243732 0.00918334
0.00243041 0.00916834
0.00242352 0.00915334
0.00241664 0.00913834
0.00240976 0.00912335
0.00240290 0.00910837
0.00239604 0.00909339
0.00238920 0.00907841
0.00238236 0.00906344
0.00237554 0.00904847
0.00236872 0.00903351
0.00236191 0.00901855
0.00235512 0.00900360
0.00234833 0.00898865
0.00234155 0.00897370
0.00233478 0.00895876
0.00232802 0.00894383
0.00232128 0.00892889
0.00231454 0.00891397
0.00230781 0.00889905
0.00230109 0.00888413
0.00229438 0.00886921
0.00228768 0.00885431
0.00228099 0.00883940
0.00227431 0.00882450
0.00226764 0.00880961
0.00226097 0.00879472
0.00225432 0.00877983
0.00224768 0.00876495
0.00224105 0.00875007
0.00223442 0.00873520
0.00222781 0.00872033
0.00222121 0.00870547
0.00221461 0.00869061
0.00220803 0.00867576
0.00220145 0.00866091
0.00219489 0.00864607
0.00218833 0.00863123
0.00218179 0.00861639
0.00217525 0.00860156
0.00216873 0.00858673
0.00216221 0.00857191
0.00215570 0.00855710
0.00214921 0.00854228
0.00214272 0.00852748
0.00213624 0.00851267
0.00212977 0.00849788
0.00212331 0.00848308
0.00211687 0.00846829
0.00211043 0.00845351
0.00210400 0.00843873
0.00209758 0.00842395
0.00209117 0.00840918
0.00208477 0.00839442
0.00207838 0.00837966
0.00207200 0.00836490
0.00206562 0.00835015
0.00205926 0.00833540
0.00205291 0.00832066
0.00204657 0.00830592
0.00204024 0.00829119
0.00203391 0.00827646
0.00202760 0.00826174
0.00202130 0.00824702
0.00201500 0.00823231
0.00200872 0.00821760
0.00200244 0.00820289
0.00199618 0.00818819
0.00198993 0.00817350
0.00198368 0.00815881
0.00197744 0.00814412
0.00197122 0.00812944
0.00196500 0.00811477
0.00195880 0.00810010
0.00195260 0.00808543
0.00194641 0.00807077
0.00194023 0.00805611
0.00193407 0.00804146
0.00192791 0.00802681
0.00192176 0.00801217
0.00191562 0.00799753
0.00190949 0.00798290
0.00190337 0.00796827
0.00189727 0.00795364
0.00189117 0.00793903
0.00188508 0.00792441
0.00187899 0.00790980
0.00187292 0.00789520
0.00186686 0.00788060
0.00186081 0.00786600
0.00185477 0.00785141
0.00184874 0.00783683
0.00184272 0.00782225
0.00183670 0.00780767
0.00183070 0.00779310
0.00182471 0.00777854
0.00181873 0.00776398
0.00181275 0.00774942
0.00180679 0.00773487
0.00180083 0.00772032
0.00179489 0.00770578
0.00178896 0.00769125
0.00178303 0.00767671
0.00177711 0.00766219
0.00177121 0.00764766
0.00176531 0.00763315
0.00175943 0.00761864
0.00175355 0.00760413
0.00174768 0.00758963
0.00174183 0.00757513
0.00173598 0.00756064
0.00173014 0.00754615
0.00172431 0.00753166
0.00171850 0.00751719
0.00171269 0.00750271
0.00170689 0.00748825
0.00170110 0.00747378
0.00169532 0.00745932
0.00168955 0.00744487
0.00168379 0.00743042
0.00167804 0.00741598
0.00167230 0.00740154
0.00166657 0.00738711
0.00166085 0.00737268
0.00165514 0.00735825
0.00164944 0.00734384
0.00164375 0.00732942
0.00163806 0.00731501
0.00163239 0.00730061
0.00162673 0.00728621
0.00162108 0.00727182
0.00161543 0.00725743
0.00160980 0.00724304
0.00160418 0.00722866
0.00159856 0.00721429
0.00159296 0.00719992
0.00158737 0.00718556
0.00158178 0.00717120
0.00157621 0.00715684
0.00157064 0.00714250
0.00156509 0.00712815
0.00155954 0.00711381
0.00155400 0.00709948
0.00154848 0.00708515
0.00154296 0.00707083
0.00153745 0.00705651
0.00153196 0.00704219
0.00152647 0.00702789
0.00152099 0.00701358
0.00151553 0.00699928
0.00151007 0.00698499
0.00150462 0.00697070
0.00149918 0.00695642
0.00149375 0.00694214
0.00148833 0.00692787
0.00148292 0.00691360
0.00147752 0.00689934
0.00147213 0.00688508
0.00146675 0.00687082
0.00146138 0.00685658
0.00145602 0.00684233
0.00145067 0.00682810
0.00144533 0.00681386
0.00144000 0.00679964
0.00143468 0.00678541
0.00142937 0.00677120
0.00142406 0.00675698
0.00141877 0.00674278
0.00141349 0.00672858
0.00140822 0.00671438
0.00140295 0.00670019
0.00139770 0.00668600
0.00139246 0.00667182
0.00138722 0.00665764
0.00138200 0.00664347
0.00137679 0.00662931
0.00137158 0.00661515
0.00136639 0.00660099
0.00136120 0.00658684
0.00135603 0.00657270
0.00135086 0.00655856
0.00134570 0.00654442
0.00134056 0.00653029
0.00133542 0.00651617
0.00133030 0.00650205
0.00132518 0.00648794
0.00132007 0.00647383
0.00131498 0.00645972
0.00130989 0.00644562
0.00130481 0.00643153
0.00129974 0.00641744
0.00129468 0.00640336
0.00128964 0.00638928
0.00128460 0.00637521
0.00127957 0.00636114
0.00127455 0.00634708
0.00126954 0.00633303
0.00126454 0.00631898
0.00125955 0.00630493
0.00125457 0.00629089
0.00124960 0.00627685
0.00124464 0.00626282
0.00123969 0.00624880
0.00123475 0.00623478
0.00122982 0.00622076
0.00122490 0.00620676
0.00121999 0.00619275
0.00121508 0.00617875
0.00121019 0.00616476
0.00120531 0.00615077
0.00120044 0.00613679
0.00119557 0.00612281
0.00119072 0.00610884
0.00118588 0.00609487
0.00118104 0.00608091
0.00117622 0.00606696
0.00117141 0.00605301
0.00116660 0.00603906
0.00116181 0.00602512
0.00115702 0.00601119
0.00115225 0.00599726
0.00114749 0.00598333
0.00114273 0.00596942
0.00113798 0.00595550
0.00113325 0.00594159
0.00112852 0.00592769
0.00112381 0.00591379
0.00111910 0.00589990
0.00111441 0.00588602
0.00110972 0.00587214
0.00110504 0.00585826
0.00110037 0.00584439
0.00109572 0.00583053
0.00109107 0.00581667
0.00108643 0.00580281
0.00108180 0.00578896
0.00107719 0.00577512
0.00107258 0.00576128
0.00106798 0.00574745
0.00106339 0.00573362
0.00105881 0.00571980
0.00105424 0.00570599
0.00104968 0.00569218
0.00104513 0.00567837
0.00104059 0.00566457
0.00103606 0.00565078
0.00103154 0.00563699
0.00102703 0.00562320
0.00102253 0.00560943
0.00101804 0.00559565
0.00101356 0.00558189
0.00100909 0.00556813
0.00100463 0.00555437
0.00100018 0.00554062
0.00099574 0.00552687
0.00099130 0.00551314
0.00098688 0.00549940
0.00098247 0.00548567
0.00097807 0.00547195
0.00097367 0.00545823
0.00096929 0.00544452
0.00096492 0.00543081
0.00096056 0.00541711
0.00095620 0.00540342
0.00095186 0.00538973
0.00094752 0.00537604
0.00094320 0.00536237
0.00093889 0.00534869
0.00093458 0.00533502
0.00093029 0.00532136
0.00092600 0.00530771
0.00092173 0.00529405
0.00091746 0.00528041
0.00091321 0.00526677
0.00090896 0.00525314
0.00090473 0.00523951
0.00090050 0.00522588
0.00089628 0.00521227
0.00089208 0.00519865
0.00088788 0.00518505
0.00088369 0.00517145
0.00087952 0.00515785
0.00087535 0.00514426
0.00087119 0.00513068
0.00086704 0.00511710
0.00086291 0.00510353
0.00085878 0.00508996
0.00085466 0.00507640
0.00085055 0.00506284
0.00084645 0.00504929
0.00084237 0.00503575
0.00083829 0.00502221
0.00083422 0.00500868
0.00083016 0.00499515
0.00082611 0.00498163
0.00082207 0.00496811
0.00081804 0.00495460
0.00081402 0.00494110
0.00081001 0.00492760
0.00080601 0.00491410
0.00080202 0.00490062
0.00079804 0.00488713
0.00079407 0.00487366
0.00079011 0.00486019
0.00078616 0.00484672
0.00078222 0.00483326
0.00077829 0.00481981
0.00077436 0.00480636
0.00077045 0.00479292
0.00076655 0.00477948
0.00076266 0.00476605
0.00075878 0.00475263
0.00075490 0.00473921
0.00075104 0.00472580
0.00074719 0.00471239
0.00074335 0.00469899
0.00073951 0.00468559
0.00073569 0.00467220
0.00073188 0.00465882
0.00072807 0.00464544
0.00072428 0.00463206
0.00072050 0.00461870
0.00071672 0.00460533
0.00071296 0.00459198
0.00070920 0.00457863
0.00070546 0.00456529
0.00070173 0.00455195
0.00069800 0.00453861
0.00069429 0.00452529
0.00069058 0.00451197
0.00068689 0.00449865
0.00068320 0.00448534
0.00067952 0.00447204
0.00067586 0.00445874
0.00067220 0.00444545
0.00066856 0.00443216
0.00066492 0.00441888
0.00066129 0.00440561
0.00065768 0.00439234
0.00065407 0.00437908
0.00065048 0.00436582
0.00064689 0.00435257
0.00064331 0.00433933
0.00063974 0.00432609
0.00063619 0.00431286
0.00063264 0.00429963
0.00062910 0.00428641
0.00062557 0.00427319
0.00062206 0.00425998
0.00061855 0.00424678
0.00061505 0.00423358
0.00061156 0.00422039
0.00060808 0.00420720
0.00060461 0.00419402
0.00060116 0.00418085
0.00059771 0.00416768
0.00059427 0.00415452
0.00059084 0.00414136
0.00058742 0.00412821
0.00058401 0.00411507
0.00058061 0.00410193
0.00057722 0.00408880
0.00057384 0.00407567
0.00057047 0.00406255
0.00056711 0.00404944
0.00056376 0.00403633
0.00056042 0.00402322
0.00055709 0.00401013
0.00055377 0.00399704
0.00055046 0.00398395
0.00054716 0.00397087
0.00054386 0.00395780
0.00054058 0.00394474
0.00053731 0.00393167
0.00053405 0.00391862
0.00053080 0.00390557
0.00052756 0.00389253
0.00052432 0.00387949
0.00052110 0.00386646
0.00051789 0.00385344
0.00051469 0.00384042
0.00051150 0.00382741
0.00050831 0.00381440
0.00050514 0.00380140
0.00050198 0.00378841
0.00049882 0.00377542
0.00049568 0.00376244
0.00049255 0.00374946
0.00048943 0.00373649
0.00048631 0.00372353
0.00048321 0.00371057
0.00048011 0.00369762
0.00047703 0.00368467
0.00047396 0.00367173
0.00047089 0.00365880
0.00046784 0.00364587
0.00046479 0.00363295
0.00046176 0.00362004
0.00045874 0.00360713
0.00045572 0.00359423
0.00045272 0.00358133
0.00044972 0.00356844
0.00044674 0.00355555
0.00044376 0.00354268
0.00044080 0.00352980
0.00043784 0.00351694
0.00043490 0.00350408
0.00043196 0.00349123
0.00042903 0.00347838
0.00042612 0.00346554
0.00042321 0.00345270
0.00042032 0.00343987
0.00041743 0.00342705
0.00041455 0.00341424
0.00041169 0.00340142
0.00040883 0.00338862
0.00040598 0.00337582
0.00040315 0.00336303
0.00040032 0.00335025
0.00039750 0.00333747
0.00039470 0.00332469
0.00039190 0.00331193
0.00038911 0.00329917
0.00038634 0.00328641
0.00038357 0.00327367
0.00038081 0.00326092
0.00037806 0.00324819
0.00037533 0.00323546
0.00037260 0.00322274
0.00036988 0.00321002
0.00036717 0.00319731
0.00036447 0.00318461
0.00036179 0.00317191
0.00035911 0.00315922
0.00035644 0.00314653
0.00035378 0.00313385
0.00035113 0.00312118
0.00034849 0.00310851
0.00034586 0.00309585
0.00034325 0.00308320
0.00034064 0.00307055
0.00033804 0.00305791
0.00033545 0.00304528
0.00033287 0.00303265
0.00033030 0.00302003
0.00032774 0.00300741
0.00032519 0.00299480
0.00032265 0.00298220
0.00032012 0.00296960
0.00031760 0.00295701
0.00031509 0.00294443
0.00031259 0.00293185
0.00031010 0.00291928
0.00030762 0.00290671
0.00030515 0.00289416
0.00030269 0.00288160
0.00030024 0.00286906
0.00029780 0.00285652
0.00029537 0.00284399
0.00029295 0.00283146
0.00029054 0.00281894
0.00028814 0.00280643
0.00028575 0.00279392
0.00028336 0.00278142
0.00028099 0.00276892
0.00027863 0.00275644
0.00027628 0.00274395
0.00027394 0.00273148
0.00027161 0.00271901
0.00026929 0.00270655
0.00026697 0.00269409
0.00026467 0.00268164
0.00026238 0.00266920
0.00026010 0.00265677
0.00025783 0.00264434
0.00025557 0.00263191
0.00025331 0.00261950
0.00025107 0.00260709
0.00024884 0.00259468
0.00024662 0.00258228
0.00024440 0.00256989
0.00024220 0.00255751
0.00024001 0.00254513
0.00023783 0.00253276
0.00023565 0.00252040
0.00023349 0.00250804
0.00023134 0.00249569
0.00022920 0.00248334
0.00022706 0.00247100
0.00022494 0.00245867
0.00022283 0.00244634
0.00022072 0.00243403
0.00021863 0.00242171
0.00021655 0.00240941
0.00021447 0.00239711
0.00021241 0.00238482
0.00021036 0.00237253
0.00020831 0.00236025
0.00020628 0.00234798
0.00020426 0.00233571
0.00020224 0.00232345
0.00020024 0.00231120
0.00019825 0.00229895
0.00019626 0.00228671
0.00019429 0.00227448
0.00019232 0.00226225
0.00019037 0.00225003
0.00018843 0.00223782
0.00018649 0.00222561
0.00018457 0.00221341
0.00018265 0.00220122
0.00018075 0.00218903
0.00017885 0.00217685
0.00017697 0.00216468
0.00017510 0.00215251
0.00017323 0.00214035
0.00017138 0.00212820
0.00016953 0.00211605
0.00016770 0.00210391
0.00016587 0.00209178
0.00016406 0.00207965
0.00016225 0.00206753
0.00016046 0.00205542
0.00015867 0.00204331
0.00015690 0.00203121
0.00015513 0.00201912
0.00015338 0.00200703
0.00015163 0.00199495
0.00014990 0.00198288
0.00014817 0.00197082
0.00014646 0.00195876
0.00014475 0.00194670
0.00014306 0.00193466
0.00014137 0.00192262
0.00013970 0.00191059
0.00013803 0.00189856
0.00013637 0.00188654
0.00013473 0.00187453
0.00013309 0.00186253
0.00013147 0.00185053
0.00012985 0.00183854
0.00012825 0.00182655
0.00012665 0.00181457
0.00012506 0.00180260
0.00012349 0.00179064
0.00012192 0.00177868
0.00012037 0.00176673
0.00011882 0.00175478
0.00011729 0.00174285
0.00011576 0.00173092
0.00011424 0.00171899
0.00011274 0.00170708
0.00011124 0.00169517
0.00010975 0.00168326
0.00010828 0.00167137
0.00010681 0.00165948
0.00010536 0.00164760
0.00010391 0.00163572
0.00010247 0.00162385
0.00010105 0.00161199
0.00009963 0.00160014
0.00009822 0.00158829
0.00009683 0.00157645
0.00009544 0.00156461
0.00009406 0.00155279
0.00009270 0.00154097
0.00009134 0.00152915
0.00009000 0.00151735
0.00008866 0.00150555
0.00008733 0.00149376
0.00008602 0.00148197
0.00008471 0.00147019
0.00008341 0.00145842
0.00008213 0.00144666
0.00008085 0.00143490
0.00007958 0.00142315
0.00007832 0.00141140
0.00007708 0.00139967
0.00007584 0.00138794
0.00007461 0.00137621
0.00007340 0.00136450
0.00007219 0.00135279
0.00007099 0.00134109
0.00006981 0.00132939
0.00006863 0.00131770
0.00006746 0.00130602
0.00006631 0.00129435
0.00006516 0.00128268
0.00006402 0.00127102
0.00006290 0.00125937
0.00006178 0.00124772
0.00006067 0.00123609
0.00005957 0.00122445
0.00005849 0.00121283
0.00005741 0.00120121
0.00005634 0.00118960
0.00005529 0.00117800
0.00005424 0.00116640
0.00005320 0.00115481
0.00005217 0.00114323
0.00005116 0.00113166
0.00005015 0.00112009
0.00004915 0.00110853
0.00004817 0.00109697
0.00004719 0.00108543
0.00004622 0.00107389
0.00004526 0.00106236
0.00004432 0.00105083
0.00004338 0.00103931
0.00004245 0.00102780
0.00004154 0.00101630
0.00004063 0.00100480
0.00003973 0.00099331
0.00003884 0.00098183
0.00003797 0.00097035
0.00003710 0.00095889
0.00003624 0.00094743
0.00003540 0.00093597
0.00003456 0.00092453
0.00003373 0.00091309
0.00003291 0.00090165
0.00003211 0.00089023
0.00003131 0.00087881
0.00003052 0.00086740
0.00002975 0.00085600
0.00002898 0.00084460
0.00002822 0.00083321
0.00002748 0.00082183
0.00002674 0.00081046
0.00002601 0.00079909
0.00002529 0.00078773
0.00002459 0.00077638
0.00002389 0.00076503
0.00002320 0.00075369
0.00002253 0.00074236
0.00002186 0.00073104
0.00002120 0.00071972
0.00002055 0.00070841
0.00001992 0.00069711
0.00001929 0.00068582
0.00001867 0.00067453
0.00001807 0.00066325
0.00001747 0.00065198
0.00001688 0.00064071
0.00001631 0.00062945
0.00001574 0.00061820
0.00001518 0.00060696
0.00001464 0.00059572
0.00001410 0.00058449
0.00001357 0.00057327
0.00001306 0.00056206
0.00001255 0.00055085
0.00001205 0.00053965
0.00001157 0.00052846
0.00001109 0.00051728
0.00001062 0.00050610
0.00001017 0.00049493
0.00000972 0.00048377
0.00000928 0.00047261
0.00000886 0.00046146
0.00000844 0.00045032
0.00000803 0.00043919
0.00000764 0.00042807
0.00000725 0.00041695
0.00000687 0.00040584
0.00000651 0.00039473
0.00000615 0.00038364
0.00000580 0.00037255
0.00000547 0.00036147
0.00000514 0.00035039
0.00000483 0.00033933
0.00000452 0.00032827
0.00000422 0.00031722
0.00000394 0.00030617
0.00000366 0.00029514
0.00000339 0.00028411
0.00000314 0.00027309
0.00000289 0.00026207
0.00000266 0.00025107
0.00000243 0.00024007
0.00000221 0.00022908
0.00000201 0.00021809
0.00000181 0.00020712
0.00000163 0.00019615
0.00000145 0.00018519
0.00000129 0.00017423
0.00000113 0.00016329
0.00000098 0.00015235
0.00000085 0.00014142
0.00000072 0.00013049
0.00000061 0.00011958
0.00000050 0.00010867
0.00000041 0.00009777
0.00000032 0.00008687
0.00000025 0.00007599
0.00000018 0.00006511
0.00000013 0.00005424
0.00000008 0.00004338
0.00000005 0.00003252
0.00000002 0.00002167
0.00000001 0.00001083
0.00000000 0.00000000
0.00000001 -0.00001126
0.00000002 -0.00002250
0.00000005 -0.00003375
0.00000008 -0.00004498
0.00000013 -0.00005621
0.00000018 -0.00006744
0.00000025 -0.00007866
0.00000032 -0.00008987
0.00000041 -0.00010108
0.00000050 -0.00011228
0.00000061 -0.00012347
0.00000072 -0.00013466
0.00000085 -0.00014584
0.00000098 -0.00015702
0.00000113 -0.00016819
0.00000129 -0.00017935
0.00000145 -0.00019051
0.00000163 -0.00020166
0.00000181 -0.00021280
0.00000201 -0.00022394
0.00000221 -0.00023507
0.00000243 -0.00024620
0.00000266 -0.00025732
0.00000289 -0.00026844
0.00000314 -0.00027955
0.00000339 -0.00029065
0.00000366 -0.00030175
0.00000394 -0.00031284
0.00000422 -0.00032392
0.00000452 -0.00033500
0.00000483 -0.00034607
0.00000514 -0.00035714
0.00000547 -0.00036820
0.00000580 -0.00037925
0.00000615 -0.00039030
0.00000651 -0.00040134
0.00000687 -0.00041238
0.00000725 -0.00042341
0.00000764 -0.00043443
0.00000803 -0.00044545
0.00000844 -0.00045646
0.00000886 -0.00046747
0.00000928 -0.00047847
0.00000972 -0.00048946
0.00001017 -0.00050045
0.00001062 -0.00051143
0.00001109 -0.00052241
0.00001157 -0.00053338
0.00001205 -0.00054434
0.00001255 -0.00055530
0.00001306 -0.00056625
0.00001357 -0.00057720
0.00001410 -0.00058814
0.00001464 -0.00059907
0.00001518 -0.00061000
0.00001574 -0.00062092
0.00001631 -0.00063184
0.00001688 -0.00064275
0.00001747 -0.00065365
0.00001807 -0.00066455
0.00001867 -0.00067544
0.00001929 -0.00068633
0.00001992 -0.00069721
0.00002055 -0.00070808
0.00002120 -0.00071895
0.00002186 -0.00072981
0.00002253 -0.00074067
0.00002320 -0.00075152
0.00002389 -0.00076236
0.00002459 -0.00077320
0.00002529 -0.00078403
0.00002601 -0.00079486
0.00002674 -0.00080568
0.00002748 -0.00081649
0.00002822 -0.00082730
0.00002898 -0.00083810
0.00002975 -0.00084890
0.00003052 -0.00085969
0.00003131 -0.00087047
0.00003211 -0.00088125
0.00003291 -0.00089203
0.00003373 -0.00090279
0.00003456 -0.00091355
0.00003540 -0.00092431
0.00003624 -0.00093506
0.00003710 -0.00094580
0.00003797 -0.00095654
0.00003884 -0.00096727
0.00003973 -0.00097800
0.00004063 -0.00098872
0.00004154 -0.00099943
0.00004245 -0.00101014
0.00004338 -0.00102084
0.00004432 -0.00103153
0.00004526 -0.00104222
0.00004622 -0.00105291
0.00004719 -0.00106359
0.00004817 -0.00107426
0.00004915 -0.00108493
0.00005015 -0.00109559
0.00005116 -0.00110624
0.00005217 -0.00111689
0.00005320 -0.00112753
0.00005424 -0.00113817
0.00005529 -0.00114880
0.00005634 -0.00115943
0.00005741 -0.00117005
0.00005849 -0.00118066
0.00005957 -0.00119127
0.00006067 -0.00120187
0.00006178 -0.00121246
0.00006290 -0.00122305
0.00006402 -0.00123364
0.00006516 -0.00124422
0.00006631 -0.00125479
0.00006746 -0.00126536
0.00006863 -0.00127592
0.00006981 -0.00128647
0.00007099 -0.00129702
0.00007219 -0.00130757
0.00007340 -0.00131810
0.00007461 -0.00132863
0.00007584 -0.00133916
0.00007708 -0.00134968
0.00007832 -0.00136019
0.00007958 -0.00137070
0.00008085 -0.00138121
0.00008213 -0.00139170
0.00008341 -0.00140219
0.00008471 -0.00141268
0.00008602 -0.00142316
0.00008733 -0.00143363
0.00008866 -0.00144410
0.00009000 -0.00145456
0.00009134 -0.00146502
0.00009270 -0.00147547
0.00009406 -0.00148591
0.00009544 -0.00149635
0.00009683 -0.00150678
0.00009822 -0.00151721
0.00009963 -0.00152763
0.00010105 -0.00153805
0.00010247 -0.00154846
0.00010391 -0.00155886
0.00010536 -0.00156926
0.00010681 -0.00157965
0.00010828 -0.00159004
0.00010975 -0.00160042
0.00011124 -0.00161080
0.00011274 -0.00162116
0.00011424 -0.00163153
0.00011576 -0.00164189
0.00011729 -0.00165224
0.00011882 -0.00166258
0.00012037 -0.00167293
0.00012192 -0.00168326
0.00012349 -0.00169359
0.00012506 -0.00170391
0.00012665 -0.00171423
0.00012825 -0.00172454
0.00012985 -0.00173485
0.00013147 -0.00174515
0.00013309 -0.00175544
0.00013473 -0.00176573
0.00013637 -0.00177602
0.00013803 -0.00178629
0.00013970 -0.00179657
0.00014137 -0.00180683
0.00014306 -0.00181709
0.00014475 -0.00182735
0.00014646 -0.00183760
0.00014817 -0.00184784
0.00014990 -0.00185808
0.00015163 -0.00186831
0.00015338 -0.00187853
0.00015513 -0.00188875
0.00015690 -0.00189897
0.00015867 -0.00190918
0.00016046 -0.00191938
0.00016225 -0.00192958
0.00016406 -0.00193977
0.00016587 -0.00194996
0.00016770 -0.00196014
0.00016953 -0.00197031
0.00017138 -0.00198048
0.00017323 -0.00199065
0.00017510 -0.00200080
0.00017697 -0.00201096
0.00017885 -0.00202110
0.00018075 -0.00203124
0.00018265 -0.00204138
0.00018457 -0.00205151
0.00018649 -0.00206163
0.00018843 -0.00207175
0.00019037 -0.00208186
0.00019232 -0.00209197
0.00019429 -0.00210207
0.00019626 -0.00211217
0.00019825 -0.00212226
0.00020024 -0.00213234
0.00020224 -0.00214242
0.00020426 -0.00215249
0.00020628 -0.00216256
0.00020831 -0.00217262
0.00021036 -0.00218268
0.00021241 -0.00219273
0.00021447 -0.00220277
0.00021655 -0.00221281
0.00021863 -0.00222284
0.00022072 -0.00223287
0.00022283 -0.00224289
0.00022494 -0.00225291
0.00022706 -0.00226292
0.00022920 -0.00227293
0.00023134 -0.00228293
0.00023349 -0.00229292
0.00023565 -0.00230291
0.00023783 -0.00231289
0.00024001 -0.00232287
0.00024220 -0.00233284
0.00024440 -0.00234281
0.00024662 -0.00235277
0.00024884 -0.00236272
0.00025107 -0.00237267
0.00025331 -0.00238262
0.00025557 -0.00239256
0.00025783 -0.00240249
0.00026010 -0.00241242
0.00026238 -0.00242234
0.00026467 -0.00243225
0.00026697 -0.00244216
0.00026929 -0.00245207
0.00027161 -0.00246197
0.00027394 -0.00247186
0.00027628 -0.00248175
0.00027863 -0.00249163
0.00028099 -0.00250151
0.00028336 -0.00251138
0.00028575 -0.00252125
0.00028814 -0.00253111
0.00029054 -0.00254096
0.00029295 -0.00255081
0.00029537 -0.00256066
0.00029780 -0.00257049
0.00030024 -0.00258033
0.00030269 -0.00259015
0.00030515 -0.00259998
0.00030762 -0.00260979
0.00031010 -0.00261960
0.00031259 -0.00262941
0.00031509 -0.00263921
0.00031760 -0.00264900
0.00032012 -0.00265879
0.00032265 -0.00266857
0.00032519 -0.00267835
0.00032774 -0.00268812
0.00033030 -0.00269789
0.00033287 -0.00270765
0.00033545 -0.00271740
0.00033804 -0.00272715
0.00034064 -0.00273690
0.00034325 -0.00274664
0.00034586 -0.00275637
0.00034849 -0.00276610
0.00035113 -0.00277582
0.00035378 -0.00278554
0.00035644 -0.00279525
0.00035911 -0.00280495
0.00036179 -0.00281465
0.00036447 -0.00282435
0.00036717 -0.00283404
0.00036988 -0.00284372
0.00037260 -0.00285340
0.00037533 -0.00286307
0.00037806 -0.00287274
0.00038081 -0.00288240
0.00038357 -0.00289206
0.00038634 -0.00290171
0.00038911 -0.00291136
0.00039190 -0.00292100
0.00039470 -0.00293063
0.00039750 -0.00294026
0.00040032 -0.00294988
0.00040315 -0.00295950
0.00040598 -0.00296912
0.00040883 -0.00297872
0.00041169 -0.00298833
0.00041455 -0.00299792
0.00041743 -0.00300751
0.00042032 -0.00301710
0.00042321 -0.00302668
0.00042612 -0.00303625
0.00042903 -0.00304582
0.00043196 -0.00305539
0.00043490 -0.00306495
0.00043784 -0.00307450
0.00044080 -0.00308405
0.00044376 -0.00309359
0.00044674 -0.00310313
0.00044972 -0.00311266
0.00045272 -0.00312218
0.00045572 -0.00313170
0.00045874 -0.00314122
0.00046176 -0.00315073
0.00046479 -0.00316023
0.00046784 -0.00316973
0.00047089 -0.00317923
0.00047396 -0.00318871
0.00047703 -0.00319820
0.00048011 -0.00320768
0.00048321 -0.00321715
0.00048631 -0.00322661
0.00048943 -0.00323608
0.00049255 -0.00324553
0.00049568 -0.00325498
0.00049882 -0.00326443
0.00050198 -0.00327387
0.00050514 -0.00328330
0.00050831 -0.00329273
0.00051150 -0.00330215
0.00051469 -0.00331157
0.00051789 -0.00332099
0.00052110 -0.00333039
0.00052432 -0.00333979
0.00052756 -0.00334919
0.00053080 -0.00335858
0.00053405 -0.00336797
0.00053731 -0.00337735
0.00054058 -0.00338673
0.00054386 -0.00339610
0.00054716 -0.00340546
0.00055046 -0.00341482
0.00055377 -0.00342417
0.00055709 -0.00343352
0.00056042 -0.00344287
0.00056376 -0.00345220
0.00056711 -0.00346154
0.00057047 -0.00347086
0.00057384 -0.00348019
0.00057722 -0.00348950
0.00058061 -0.00349881
0.00058401 -0.00350812
0.00058742 -0.00351742
0.00059084 -0.00352672
0.00059427 -0.00353601
0.00059771 -0.00354529
0.00060116 -0.00355457
0.00060461 -0.00356385
0.00060808 -0.00357311
0.00061156 -0.00358238
0.00061505 -0.00359164
0.00061855 -0.00360089
0.00062206 -0.00361014
0.00062557 -0.00361938
0.00062910 -0.00362862
0.00063264 -0.00363785
0.00063619 -0.00364708
0.00063974 -0.00365630
0.00064331 -0.00366551
0.00064689 -0.00367472
0.00065048 -0.00368393
0.00065407 -0.00369313
0.00065768 -0.00370232
0.00066129 -0.00371151
0.00066492 -0.00372070
0.00066856 -0.00372988
0.00067220 -0.00373905
0.00067586 -0.00374822
0.00067952 -0.00375738
0.00068320 -0.00376654
0.00068689 -0.00377569
0.00069058 -0.00378484
0.00069429 -0.00379398
0.00069800 -0.00380312
0.00070173 -0.00381225
0.00070546 -0.00382138
0.00070920 -0.00383050
0.00071296 -0.00383962
0.00071672 -0.00384873
0.00072050 -0.00385783
0.00072428 -0.00386693
0.00072807 -0.00387603
0.00073188 -0.00388512
0.00073569 -0.00389420
0.00073951 -0.00390328
0.00074335 -0.00391236
0.00074719 -0.00392143
0.00075104 -0.00393049
0.00075490 -0.00393955
0.00075878 -0.00394860
0.00076266 -0.00395765
0.00076655 -0.00396669
0.00077045 -0.00397573
0.00077436 -0.00398476
0.00077829 -0.00399379
0.00078222 -0.00400281
0.00078616 -0.00401183
0.00079011 -0.00402084
0.00079407 -0.00402985
0.00079804 -0.00403885
0.00080202 -0.00404784
0.00080601 -0.00405684
0.00081001 -0.00406582
0.00081402 -0.00407480
0.00081804 -0.00408378
0.00082207 -0.00409275
0.00082611 -0.00410171
0.00083016 -0.00411067
0.00083422 -0.00411963
0.00083829 -0.00412858
0.00084237 -0.00413752
0.00084645 -0.00414646
0.00085055 -0.00415539
0.00085466 -0.00416432
0.00085878 -0.00417325
0.00086291 -0.00418217
0.00086704 -0.00419108
0.00087119 -0.00419999
0.00087535 -0.00420889
0.00087952 -0.00421779
0.00088369 -0.00422668
0.00088788 -0.00423557
0.00089208 -0.00424445
0.00089628 -0.00425333
0.00090050 -0.00426220
0.00090473 -0.00427107
0.00090896 -0.00427993
0.00091321 -0.00428879
0.00091746 -0.00429764
0.00092173 -0.00430649
0.00092600 -0.00431533
0.00093029 -0.00432416
0.00093458 -0.00433299
0.00093889 -0.00434182
0.00094320 -0.00435064
0.00094752 -0.00435946
0.00095186 -0.00436827
0.00095620 -0.00437707
0.00096056 -0.00438587
0.00096492 -0.00439467
0.00096929 -0.00440346
0.00097367 -0.00441224
0.00097807 -0.00442103
0.00098247 -0.00442980
0.00098688 -0.00443857
0.00099130 -0.00444733
0.00099574 -0.00445609
0.00100018 -0.00446485
0.00100463 -0.00447360
0.00100909 -0.00448234
0.00101356 -0.00449108
0.00101804 -0.00449982
0.00102253 -0.00450855
0.00102703 -0.00451727
0.00103154 -0.00452599
0.00103606 -0.00453470
0.00104059 -0.00454341
0.00104513 -0.00455212
0.00104968 -0.00456082
0.00105424 -0.00456951
0.00105881 -0.00457820
0.00106339 -0.00458688
0.00106798 -0.00459556
0.00107258 -0.00460423
0.00107719 -0.00461290
0.00108180 -0.00462157
0.00108643 -0.00463022
0.00109107 -0.00463888
0.00109572 -0.00464753
0.00110037 -0.00465617
0.00110504 -0.00466481
0.00110972 -0.00467344
0.00111441 -0.00468207
0.00111910 -0.00469069
0.00112381 -0.00469931
0.00112852 -0.00470792
0.00113325 -0.00471653
0.00113798 -0.00472513
0.00114273 -0.00473373
0.00114749 -0.00474232
0.00115225 -0.00475091
0.00115702 -0.00475950
0.00116181 -0.00476807
0.00116660 -0.00477665
0.00117141 -0.00478521
0.00117622 -0.00479378
0.00118104 -0.00480233
0.00118588 -0.00481089
0.00119072 -0.00481944
0.00119557 -0.00482798
0.00120044 -0.00483652
0.00120531 -0.00484505
0.00121019 -0.00485358
0.00121508 -0.00486210
0.00121999 -0.00487062
0.00122490 -0.00487913
0.00122982 -0.00488764
0.00123475 -0.00489614
0.00123969 -0.00490464
0.00124464 -0.00491313
0.00124960 -0.00492162
0.00125457 -0.00493010
0.00125955 -0.00493858
0.00126454 -0.00494705
0.00126954 -0.00495552
0.00127455 -0.00496399
0.00127957 -0.00497244
0.00128460 -0.00498090
0.00128964 -0.00498935
0.00129468 -0.00499779
0.00129974 -0.00500623
0.00130481 -0.00501466
0.00130989 -0.00502309
0.00131498 -0.00503151
0.00132007 -0.00503993
0.00132518 -0.00504834
0.00133030 -0.00505675
0.00133542 -0.00506516
0.00134056 -0.00507356
0.00134570 -0.00508195
0.00135086 -0.00509034
0.00135603 -0.00509872
0.00136120 -0.00510710
0.00136639 -0.00511548
0.00137158 -0.00512384
0.00137679 -0.00513221
0.00138200 -0.00514057
0.00138722 -0.00514892
0.00139246 -0.00515727
0.00139770 -0.00516562
0.00140295 -0.00517396
0.00140822 -0.00518229
0.00141349 -0.00519062
0.00141877 -0.00519895
0.00142406 -0.00520727
0.00142937 -0.00521558
0.00143468 -0.00522389
0.00144000 -0.00523220
0.00144533 -0.00524050
0.00145067 -0.00524879
0.00145602 -0.00525708
0.00146138 -0.00526537
0.00146675 -0.00527365
0.00147213 -0.00528193
0.00147752 -0.00529020
0.00148292 -0.00529846
0.00148833 -0.00530672
0.00149375 -0.00531498
0.00149918 -0.00532323
0.00150462 -0.00533148
0.00151007 -0.00533972
0.00151553 -0.00534796
0.00152099 -0.00535619
0.00152647 -0.00536442
0.00153196 -0.00537264
0.00153745 -0.00538086
0.00154296 -0.00538907
0.00154848 -0.00539728
0.00155400 -0.00540548
0.00155954 -0.00541368
0.00156509 -0.00542187
0.00157064 -0.00543006
0.00157621 -0.00543824
0.00158178 -0.00544642
0.00158737 -0.00545460
0.00159296 -0.00546277
0.00159856 -0.00547093
0.00160418 -0.00547909
0.00160980 -0.00548724
0.00161543 -0.00549539
0.00162108 -0.00550354
0.00162673 -0.00551168
0.00163239 -0.00551981
0.00163806 -0.00552794
0.00164375 -0.00553607
0.00164944 -0.00554419
0.00165514 -0.00555231
0.00166085 -0.00556042
0.00166657 -0.00556852
0.00167230 -0.00557662
0.00167804 -0.00558472
0.00168379 -0.00559281
0.00168955 -0.00560090
0.00169532 -0.00560898
0.00170110 -0.00561706
0.00170689 -0.00562513
0.00171269 -0.00563320
0.00171850 -0.00564126
0.00172431 -0.00564932
0.00173014 -0.00565737
0.00173598 -0.00566542
0.00174183 -0.00567347
0.00174768 -0.00568151
0.00175355 -0.00568954
0.00175943 -0.00569757
0.00176531 -0.00570559
0.00177121 -0.00571361
0.00177711 -0.00572163
0.00178303 -0.00572964
0.00178896 -0.00573764
0.00179489 -0.00574565
0.00180083 -0.00575364
0.00180679 -0.00576163
0.00181275 -0.00576962
0.00181873 -0.00577760
0.00182471 -0.00578558
0.00183070 -0.00579355
0.00183670 -0.00580152
0.00184272 -0.00580948
0.00184874 -0.00581744
0.00185477 -0.00582539
0.00186081 -0.00583334
0.00186686 -0.00584128
0.00187292 -0.00584922
0.00187899 -0.00585716
0.00188508 -0.00586509
0.00189117 -0.00587301
0.00189727 -0.00588093
0.00190337 -0.00588885
0.00190949 -0.00589676
0.00191562 -0.00590466
0.00192176 -0.00591256
0.00192791 -0.00592046
0.00193407 -0.00592835
0.00194023 -0.00593624
0.00194641 -0.00594412
0.00195260 -0.00595200
0.00195880 -0.00595987
0.00196500 -0.00596774
0.00197122 -0.00597560
0.00197744 -0.00598346
0.00198368 -0.00599131
0.00198993 -0.00599916
0.00199618 -0.00600701
0.00200244 -0.00601485
0.00200872 -0.00602268
0.00201500 -0.00603051
0.00202130 -0.00603834
0.00202760 -0.00604616
0.00203391 -0.00605398
0.00204024 -0.00606179
0.00204657 -0.00606959
0.00205291 -0.00607740
0.00205926 -0.00608519
0.00206562 -0.00609299
0.00207200 -0.00610077
0.00207838 -0.00610856
0.00208477 -0.00611634
0.00209117 -0.00612411
0.00209758 -0.00613188
0.00210400 -0.00613965
0.00211043 -0.00614741
0.00211687 -0.00615516
0.00212331 -0.00616291
0.00212977 -0.00617066
0.00213624 -0.00617840
0.00214272 -0.00618614
0.00214921 -0.00619387
0.00215570 -0.00620160
0.00216221 -0.00620932
0.00216873 -0.00621704
0.00217525 -0.00622475
0.00218179 -0.00623246
0.00218833 -0.00624016
0.00219489 -0.00624786
0.00220145 -0.00625556
0.00220803 -0.00626325
0.00221461 -0.00627093
0.00222121 -0.00627861
0.00222781 -0.00628629
0.00223442 -0.00629396
0.00224105 -0.00630163
0.00224768 -0.00630929
0.00225432 -0.00631695
0.00226097 -0.00632460
0.00226764 -0.00633225
0.00227431 -0.00633990
0.00228099 -0.00634754
0.00228768 -0.00635517
0.00229438 -0.00636280
0.00230109 -0.00637043
0.00230781 -0.00637805
0.00231454 -0.00638566
0.00232128 -0.00639328
0.00232802 -0.00640088
0.00233478 -0.00640848
0.00234155 -0.00641608
0.00234833 -0.00642368
0.00235512 -0.00643126
0.00236191 -0.00643885
0.00236872 -0.00644643
0.00237554 -0.00645400
0.00238236 -0.00646157
0.00238920 -0.00646914
0.00239604 -0.00647670
0.00240290 -0.00648426
0.00240976 -0.00649181
0.00241664 -0.00649936
0.00242352 -0.00650690
0.00243041 -0.00651444
0.00243732 -0.00652197
0.00244423 -0.00652950
0.00245115 -0.00653703
0.00245808 -0.00654455
0.00246503 -0.00655206
0.00247198 -0.00655957
0.00247894 -0.00656708
0.00248591 -0.00657458
0.00249289 -0.00658208
0.00249988 -0.00658957
0.00250688 -0.00659706
0.00251389 -0.00660454
0.00252091 -0.00661202
0.00252794 -0.00661949
0.00253498 -0.00662696
0.00254202 -0.00663443
0.00254908 -0.00664189
0.00255615 -0.00664935
0.00256323 -0.00665680
0.00257031 -0.00666425
0.00257741 -0.00667169
0.00258451 -0.00667913
0.00259163 -0.00668656
0.00259876 -0.00669399
0.00260589 -0.00670141
0.00261303 -0.00670883
0.00262019 -0.00671625
0.00262735 -0.00672366
0.00263453 -0.00673107
0.00264171 -0.00673847
0.00264890 -0.00674587
0.00265610 -0.00675326
0.00266332 -0.00676065
0.00267054 -0.00676803
0.00267777 -0.00677541
0.00268501 -0.00678278
0.00269226 -0.00679015
0.00269952 -0.00679752
0.00270679 -0.00680488
0.00271407 -0.00681224
0.00272136 -0.00681959
0.00272866 -0.00682694
0.00273597 -0.00683428
0.00274328 -0.00684162
0.00275061 -0.00684896
0.00275795 -0.00685629
0.00276529 -0.00686361
0.00277265 -0.00687093
0.00278002 -0.00687825
0.00278739 -0.00688556
0.00279478 -0.00689287
0.00280217 -0.00690017
0.00280958 -0.00690747
0.00281699 -0.00691476
0.00282442 -0.00692205
0.00283185 -0.00692934
0.00283929 -0.00693662
0.00284675 -0.00694389
0.00285421 -0.00695117
0.00286168 -0.00695843
0.00286916 -0.00696570
0.00287665 -0.00697295
0.00288415 -0.00698021
0.00289166 -0.00698746
0.00289918 -0.00699470
0.00290671 -0.00700194
0.00291425 -0.00700918
0.00292180 -0.00701641
0.00292936 -0.00702364
0.00293693 -0.00703086
0.00294451 -0.00703808
0.00295209 -0.00704529
0.00295969 -0.00705250
0.00296730 -0.00705971
0.00297491 -0.00706691
0.00298254 -0.00707410
0.00299017 -0.00708130
0.00299782 -0.00708848
0.00300547 -0.00709567
0.00301314 -0.00710284
0.00302081 -0.00711002
0.00302850 -0.00711719
0.00303619 -0.00712435
0.00304389 -0.00713151
0.00305160 -0.00713867
0.00305933 -0.00714582
0.00306706 -0.00715297
0.00307480 -0.00716011
0.00308255 -0.00716725
0.00309031 -0.00717438
0.00309808 -0.00718151
0.00310586 -0.00718864
0.00311365 -0.00719576
0.00312145 -0.00720288
0.00312926 -0.00720999
0.00313707 -0.00721710
0.00314490 -0.00722420
0.00315274 -0.00723130
0.00316059 -0.00723840
0.00316844 -0.00724549
0.00317631 -0.00725257
0.00318418 -0.00725965
0.00319207 -0.00726673
0.00319996 -0.00727380
0.00320787 -0.00728087
0.00321578 -0.00728794
0.00322370 -0.00729500
0.00323164 -0.00730205
0.00323958 -0.00730910
0.00324753 -0.00731615
0.00325550 -0.00732319
0.00326347 -0.00733023
0.00327145 -0.00733726
0.00327944 -0.00734429
0.00328744 -0.00735132
0.00329545 -0.00735834
0.00330347 -0.00736535
0.00331150 -0.00737236
0.00331954 -0.00737937
0.00332758 -0.00738637
0.00333564 -0.00739337
0.00334371 -0.00740037
0.00335179 -0.00740736
0.00335987 -0.00741434
0.00336797 -0.00742132
0.00337607 -0.00742830
0.00338419 -0.00743527
0.00339232 -0.00744224
0.00340045 -0.00744921
0.00340859 -0.00745616
0.00341675 -0.00746312
0.00342491 -0.00747007
0.00343308 -0.00747702
0.00344127 -0.00748396
0.00344946 -0.00749090
0.00345766 -0.00749783
0.00346587 -0.00750476
0.00347409 -0.00751169
0.00348232 -0.00751861
0.00349056 -0.00752552
0.00349881 -0.00753243
0.00350707 -0.00753934
0.00351534 -0.00754625
0.00352362 -0.00755315
0.00353190 -0.00756004
0.00354020 -0.00756693
0.00354851 -0.00757382
0.00355683 -0.00758070
0.00356515 -0.00758758
0.00357349 -0.00759445
0.00358183 -0.00760132
0.00359019 -0.00760818
0.00359855 -0.00761504
0.00360692 -0.00762190
0.00361531 -0.00762875
0.00362370 -0.00763560
0.00363210 -0.00764244
0.00364052 -0.00764928
0.00364894 -0.00765612
0.00365737 -0.00766295
0.00366581 -0.00766977
0.00367426 -0.00767660
0.00368272 -0.00768341
0.00369119 -0.00769023
0.00369967 -0.00769704
0.00370816 -0.00770384
0.00371666 -0.00771064
0.00372516 -0.00771744
0.00373368 -0.00772423
0.00374221 -0.00773102
0.00375074 -0.00773780
0.00375929 -0.00774458
0.00376785 -0.00775136
0.00377641 -0.00775813
0.00378499 -0.00776489
0.00379357 -0.00777166
0.00380216 -0.00777841
0.00381077 -0.00778517
0.00381938 -0.00779192
0.00382800 -0.00779866
0.00383663 -0.00780540
0.00384528 -0.00781214
0.00385393 -0.00781887
0.00386259 -0.00782560
0.00387126 -0.00783233
0.00387994 -0.00783905
0.00388863 -0.00784576
0.00389733 -0.00785247
0.00390603 -0.00785918
0.00391475 -0.00786588
0.00392348 -0.00787258
0.00393222 -0.00787928
0.00394096 -0.00788597
0.00394972 -0.00789265
0.00395848 -0.00789934
0.00396726 -0.00790601
0.00397604 -0.00791269
0.00398484 -0.00791936
0.00399364 -0.00792602
0.00400246 -0.00793268
0.00401128 -0.00793934
0.00402011 -0.00794599
0.00402895 -0.00795264
0.00403780 -0.00795928
0.00404667 -0.00796592
0.00405554 -0.00797256
0.00406442 -0.00797919
0.00407331 -0.00798582
0.00408220 -0.00799244
0.00409111 -0.00799906
0.00410003 -0.00800568
0.00410896 -0.00801229
0.00411790 -0.00801889
0.00412684 -0.00802549
0.00413580 -0.00803209
0.00414477 -0.00803869
0.00415374 -0.00804528
0.00416273 -0.00805186
0.00417172 -0.00805844
0.00418073 -0.00806502
0.00418974 -0.00807159
0.00419876 -0.00807816
0.00420779 -0.00808473
0.00421684 -0.00809129
0.00422589 -0.00809784
0.00423495 -0.00810440
0.00424402 -0.00811094
0.00425310 -0.00811749
0.00426219 -0.00812403
0.00427129 -0.00813056
0.00428040 -0.00813710
0.00428952 -0.00814362
0.00429864 -0.00815015
0.00430778 -0.00815666
0.00431693 -0.00816318
0.00432609 -0.00816969
0.00433525 -0.00817620
0.00434443 -0.00818270
0.00435361 -0.00818920
0.00436281 -0.00819569
0.00437201 -0.00820218
0.00438122 -0.00820867
0.00439045 -0.00821515
0.00439968 -0.00822163
0.00440892 -0.00822810
0.00441817 -0.00823457
0.00442743 -0.00824104
0.00443670 -0.00824750
0.00444598 -0.00825395
0.00445527 -0.00826041
0.00446457 -0.00826686
0.00447388 -0.00827330
0.00448320 -0.00827974
0.00449253 -0.00828618
0.00450187 -0.00829261
0.00451121 -0.00829904
0.00452057 -0.00830546
0.00452993 -0.00831188
0.00453931 -0.00831830
0.00454869 -0.00832471
0.00455809 -0.00833112
0.00456749 -0.00833752
0.00457690 -0.00834392
0.00458633 -0.00835032
0.00459576 -0.00835671
0.00460520 -0.00836310
0.00461465 -0.00836948
0.00462411 -0.00837586
0.00463358 -0.00838223
0.00464306 -0.00838861
0.00465255 -0.00839497
0.00466205 -0.00840134
0.00467156 -0.00840769
0.00468108 -0.00841405
0.00469060 -0.00842040
0.00470014 -0.00842675
0.00470969 -0.00843309
0.00471924 -0.00843943
0.00472881 -0.00844576
0.00473838 -0.00845209
0.00474797 -0.00845842
0.00475756 -0.00846474
0.00476716 -0.00847106
0.00477678 -0.00847737
0.00478640 -0.00848368
0.00479603 -0.00848999
0.00480567 -0.00849629
0.00481532 -0.00850259
0.00482498 -0.00850888
0.00483465 -0.00851517
0.00484433 -0.00852146
0.00485402 -0.00852774
0.00486372 -0.00853402
0.00487342 -0.00854029
0.00488314 -0.00854656
0.00489287 -0.00855282
0.00490260 -0.00855909
0.00491235 -0.00856534
0.00492210 -0.00857160
0.00493187 -0.00857785
0.00494164 -0.00858409
0.00495143 -0.00859033
0.00496122 -0.00859657
0.00497102 -0.00860280
0.00498083 -0.00860903
0.00499065 -0.00861526
0.00500049 -0.00862148
0.00501033 -0.00862770
0.00502018 -0.00863391
0.00503003 -0.00864012
0.00503990 -0.00864632
0.00504978 -0.00865253
0.00505967 -0.00865872
0.00506957 -0.00866492
0.00507947 -0.00867110
0.00508939 -0.00867729
0.00509931 -0.00868347
0.00510925 -0.00868965
0.00511919 -0.00869582
0.00512915 -0.00870199
0.00513911 -0.00870816
0.00514908 -0.00871432
0.00515907 -0.00872047
0.00516906 -0.00872663
0.00517906 -0.00873278
0.00518907 -0.00873892
0.00519909 -0.00874506
0.00520912 -0.00875120
0.00521916 -0.00875733
0.00522921 -0.00876346
0.00523927 -0.00876959
0.00524933 -0.00877571
0.00525941 -0.00878183
0.00526950 -0.00878794
0.00527959 -0.00879405
0.00528970 -0.00880015
0.00529981 -0.00880626
0.00530994 -0.00881235
0.00532007 -0.00881845
0.00533021 -0.00882454
0.00534037 -0.00883062
0.00535053 -0.00883670
0.00536070 -0.00884278
0.00537088 -0.00884886
0.00538107 -0.00885493
0.00539127 -0.00886099
0.00540148 -0.00886705
0.00541170 -0.00887311
0.00542193 -0.00887916
0.00543217 -0.00888521
0.00544241 -0.00889126
0.00545267 -0.00889730
0.00546294 -0.00890334
0.00547321 -0.00890938
0.00548350 -0.00891541
0.00549379 -0.00892143
0.00550409 -0.00892745
0.00551441 -0.00893347
0.00552473 -0.00893949
0.00553506 -0.00894550
0.00554540 -0.00895151
0.00555575 -0.00895751
0.00556612 -0.00896351
0.00557649 -0.00896950
0.00558686 -0.00897549
0.00559725 -0.00898148
0.00560765 -0.00898746
0.00561806 -0.00899344
0.00562848 -0.00899942
0.00563890 -0.00900539
0.00564934 -0.00901136
0.00565979 -0.00901732
0.00567024 -0.00902328
0.00568070 -0.00902924
0.00569118 -0.00903519
0.00570166 -0.00904114
0.00571215 -0.00904708
0.00572266 -0.00905302
0.00573317 -0.00905896
0.00574369 -0.00906489
0.00575422 -0.00907082
0.00576476 -0.00907674
0.00577531 -0.00908266
0.00578587 -0.00908858
0.00579644 -0.00909449
0.00580701 -0.00910040
0.00581760 -0.00910631
0.00582820 -0.00911221
0.00583880 -0.00911811
0.00584942 -0.00912400
0.00586004 -0.00912989
0.00587068 -0.00913578
0.00588132 -0.00914166
0.00589197 -0.00914754
0.00590264 -0.00915341
0.00591331 -0.00915928
0.00592399 -0.00916515
0.00593468 -0.00917101
0.00594538 -0.00917687
0.00595609 -0.00918272
0.00596681 -0.00918858
0.00597754 -0.00919442
0.00598827 -0.00920027
0.00599902 -0.00920611
0.00600978 -0.00921194
0.00602054 -0.00921777
0.00603132 -0.00922360
0.00604210 -0.00922942
0.00605290 -0.00923524
0.00606370 -0.00924106
0.00607452 -0.00924687
0.00608534 -0.00925268
0.00609617 -0.00925849
0.00610701 -0.00926429
0.00611786 -0.00927009
0.00612872 -0.00927588
0.00613959 -0.00928167
0.00615047 -0.00928745
0.00616136 -0.00929324
0.00617226 -0.00929901
0.00618316 -0.00930479
0.00619408 -0.00931056
0.00620501 -0.00931632
0.00621594 -0.00932209
0.00622689 -0.00932785
0.00623784 -0.00933360
0.00624881 -0.00933935
0.00625978 -0.00934510
0.00627076 -0.00935084
0.00628175 -0.00935658
0.00629275 -0.00936232
0.00630376 -0.00936805
0.00631478 -0.00937378
0.00632581 -0.00937950
0.00633685 -0.00938523
0.00634790 -0.00939094
0.00635896 -0.00939666
0.00637003 -0.00940236
0.00638110 -0.00940807
0.00639219 -0.00941377
0.00640328 -0.00941947
0.00641439 -0.00942516
0.00642550 -0.00943085
0.00643663 -0.00943654
0.00644776 -0.00944222
0.00645890 -0.00944790
0.00647005 -0.00945358
0.00648121 -0.00945925
0.00649238 -0.00946492
0.00650356 -0.00947058
0.00651475 -0.00947624
0.00652595 -0.00948190
0.00653716 -0.00948755
0.00654838 -0.00949320
0.00655960 -0.00949884
0.00657084 -0.00950449
0.00658209 -0.00951012
0.00659334 -0.00951576
0.00660461 -0.00952139
0.00661588 -0.00952701
0.00662716 -0.00953263
0.00663845 -0.00953825
0.00664976 -0.00954387
0.00666107 -0.00954948
0.00667239 -0.00955509
0.00668372 -0.00956069
0.00669506 -0.00956629
0.00670641 -0.00957189
0.00671776 -0.00957748
0.00672913 -0.00958307
0.00674051 -0.00958865
0.00675190 -0.00959423
0.00676329 -0.00959981
0.00677470 -0.00960538
0.00678611 -0.00961095
0.00679753 -0.00961652
0.00680897 -0.00962208
0.00682041 -0.00962764
0.00683186 -0.00963320
0.00684332 -0.00963875
0.00685479 -0.00964429
0.00686627 -0.00964984
0.00687776 -0.00965538
0.00688926 -0.00966091
0.00690077 -0.00966645
0.00691229 -0.00967198
0.00692381 -0.00967750
0.00693535 -0.00968302
0.00694690 -0.00968854
0.00695845 -0.00969405
0.00697002 -0.00969956
0.00698159 -0.00970507
0.00699317 -0.00971057
0.00700476 -0.00971607
0.00701637 -0.00972157
0.00702798 -0.00972706
0.00703960 -0.00973255
0.00705123 -0.00973803
0.00706287 -0.00974351
0.00707452 -0.00974899
0.00708617 -0.00975446
0.00709784 -0.00975993
0.00710952 -0.00976540
0.00712120 -0.00977086
0.00713290 -0.00977632
0.00714460 -0.00978177
0.00715632 -0.00978722
0.00716804 -0.00979267
0.00717978 -0.00979811
0.00719152 -0.00980355
0.00720327 -0.00980899
0.00721503 -0.00981442
0.00722680 -0.00981985
0.00723858 -0.00982528
0.00725037 -0.00983070
0.00726217 -0.00983612
0.00727397 -0.00984153
0.00728579 -0.00984694
0.00729762 -0.00985235
0.00730945 -0.00985775
0.00732130 -0.00986315
0.00733315 -0.00986855
0.00734502 -0.00987394
0.00735689 -0.00987933
0.00736877 -0.00988471
0.00738066 -0.00989009
0.00739257 -0.00989547
0.00740448 -0.00990084
0.00741640 -0.00990621
0.00742832 -0.00991158
0.00744026 -0.00991694
0.00745221 -0.00992230
0.00746417 -0.00992766
0.00747614 -0.00993301
0.00748811 -0.00993836
0.00750010 -0.00994370
0.00751209 -0.00994904
0.00752409 -0.00995438
0.00753611 -0.00995971
0.00754813 -0.00996505
0.00756016 -0.00997037
0.00757220 -0.00997569
0.00758425 -0.00998101
0.00759631 -0.00998633
0.00760838 -0.00999164
0.00762046 -0.00999695
0.00763255 -0.01000225
0.00764465 -0.01000755
0.00765675 -0.01001285
0.00766887 -0.01001815
0.00768099 -0.01002344
0.00769313 -0.01002872
0.00770527 -0.01003401
0.00771743 -0.01003928
0.00772959 -0.01004456
0.00774176 -0.01004983
0.00775394 -0.01005510
0.00776613 -0.01006037
0.00777833 -0.01006563
0.00779054 -0.01007088
0.00780276 -0.01007614
0.00781499 -0.01008139
0.00782723 -0.01008664
0.00783947 -0.01009188
0.00785173 -0.01009712
0.00786399 -0.01010235
0.00787627 -0.01010759
0.00788855 -0.01011281
0.00790084 -0.01011804
0.00791315 -0.01012326
0.00792546 -0.01012848
0.00793778 -0.01013369
0.00795011 -0.01013890
0.00796245 -0.01014411
0.00797480 -0.01014932
0.00798716 -0.01015452
0.00799952 -0.01015971
0.00801190 -0.01016491
0.00802429 -0.01017009
0.00803668 -0.01017528
0.00804909 -0.01018046
0.00806150 -0.01018564
0.00807392 -0.01019082
0.00808636 -0.01019599
0.00809880 -0.01020116
0.00811125 -0.01020632
0.00812371 -0.01021148
0.00813618 -0.01021664
0.00814866 -0.01022179
0.00816115 -0.01022694
0.00817365 -0.01023209
0.00818615 -0.01023723
0.00819867 -0.01024237
0.00821120 -0.01024751
0.00822373 -0.01025264
0.00823628 -0.01025777
0.00824883 -0.01026289
0.00826139 -0.01026801
0.00827397 -0.01027313
0.00828655 -0.01027825
0.00829914 -0.01028336
0.00831174 -0.01028846
0.00832435 -0.01029357
0.00833697 -0.01029867
0.00834960 -0.01030376
0.00836223 -0.01030886
0.00837488 -0.01031395
0.00838754 -0.01031903
0.00840020 -0.01032412
0.00841288 -0.01032920
0.00842556 -0.01033427
0.00843825 -0.01033934
0.00845096 -0.01034441
0.00846367 -0.01034948
0.00847639 -0.01035454
0.00848912 -0.01035960
0.00850186 -0.01036465
0.00851461 -0.01036970
0.00852737 -0.01037475
0.00854013 -0.01037979
0.00855291 -0.01038483
0.00856570 -0.01038987
0.00857849 -0.01039490
0.00859130 -0.01039993
0.00860411 -0.01040496
0.00861693 -0.01040998
0.00862977 -0.01041500
0.00864261 -0.01042002
0.00865546 -0.01042503
0.00866832 -0.01043004
0.00868119 -0.01043504
0.00869407 -0.01044004
0.00870696 -0.01044504
0.00871985 -0.01045004
0.00873276 -0.01045503
0.00874568 -0.01046002
0.00875860 -0.01046500
0.00877154 -0.01046998
0.00878448 -0.01047496
0.00879743 -0.01047993
0.00881040 -0.01048490
0.00882337 -0.01048987
0.00883635 -0.01049483
0.00884934 -0.01049979
0.00886234 -0.01050475
0.00887535 -0.01050970
0.00888836 -0.01051465
0.00890139 -0.01051960
0.00891443 -0.01052454
0.00892747 -0.01052948
0.00894053 -0.01053441
0.00895359 -0.01053935
0.00896667 -0.01054428
0.00897975 -0.01054920
0.00899284 -0.01055412
0.00900594 -0.01055904
0.00901906 -0.01056395
0.00903218 -0.01056887
0.00904530 -0.01057377
0.00905844 -0.01057868
0.00907159 -0.01058358
0.00908475 -0.01058848
0.00909791 -0.01059337
0.00911109 -0.01059826
0.00912427 -0.01060315
0.00913747 -0.01060803
0.00915067 -0.01061291
0.00916388 -0.01061779
0.00917711 -0.01062266
0.00919034 -0.01062753
0.00920358 -0.01063240
0.00921683 -0.01063726
0.00923009 -0.01064212
0.00924336 -0.01064698
0.00925663 -0.01065183
0.00926992 -0.01065668
0.00928322 -0.01066152
0.00929652 -0.01066637
0.00930983 -0.01067121
0.00932316 -0.01067604
0.00933649 -0.01068087
0.00934983 -0.01068570
0.00936318 -0.01069053
0.00937655 -0.01069535
0.00938992 -0.01070017
0.00940329 -0.01070498
0.00941668 -0.01070979
0.00943008 -0.01071460
0.00944349 -0.01071941
0.00945690 -0.01072421
0.00947033 -0.01072900
0.00948376 -0.01073380
0.00949721 -0.01073859
0.00951066 -0.01074338
0.00952412 -0.01074816
0.00953759 -0.01075294
0.00955108 -0.01075772
0.00956457 -0.01076249
0.00957807 -0.01076726
0.00959157 -0.01077203
0.00960509 -0.01077680
0.00961862 -0.01078156
0.00963215 -0.01078631
0.00964570 -0.01079107
0.00965926 -0.01079582
0.00967282 -0.01080056
0.00968639 -0.01080531
0.00969997 -0.01081005
0.00971357 -0.01081478
0.00972717 -0.01081952
0.00974078 -0.01082425
0.00975440 -0.01082897
0.00976803 -0.01083370
0.00978166 -0.01083842
0.00979531 -0.01084313
0.00980897 -0.01084785
0.00982263 -0.01085255
0.00983631 -0.01085726
0.00984999 -0.01086196
0.00986368 -0.01086666
0.00987739 -0.01087136
0.00989110 -0.01087605
0.00990482 -0.01088074
0.00991855 -0.01088543
0.00993229 -0.01089011
0.00994604 -0.01089479
0.00995979 -0.01089946
0.00997356 -0.01090414
0.00998734 -0.01090881
0.01000112 -0.01091347
0.01001492 -0.01091813
0.01002872 -0.01092279
0.01004254 -0.01092745
0.01005636 -0.01093210
0.01007019 -0.01093675
0.01008403 -0.01094140
0.01009788 -0.01094604
0.01011174 -0.01095068
0.01012561 -0.01095531
0.01013948 -0.01095995
0.01015337 -0.01096458
0.01016727 -0.01096920
0.01018117 -0.01097382
0.01019509 -0.01097844
0.01020901 -0.01098306
0.01022294 -0.01098767
0.01023689 -0.01099228
0.01025084 -0.01099688
0.01026480 -0.01100149
0.01027877 -0.01100609
0.01029275 -0.01101068
0.01030673 -0.01101527
0.01032073 -0.01101986
0.01033474 -0.01102445
0.01034875 -0.01102903
0.01036278 -0.01103361
0.01037681 -0.01103819
0.01039086 -0.01104276
0.01040491 -0.01104733
0.01041897 -0.01105189
0.01043304 -0.01105645
0.01044712 -0.01106101
0.01046121 -0.01106557
0.01047531 -0.01107012
0.01048942 -0.01107467
0.01050353 -0.01107922
0.01051766 -0.01108376
0.01053180 -0.01108830
0.01054594 -0.01109284
0.01056009 -0.01109737
0.01057426 -0.01110190
0.01058843 -0.01110642
0.01060261 -0.01111095
0.01061680 -0.01111547
0.01063100 -0.01111998
0.01064521 -0.01112449
0.01065943 -0.01112900
0.01067366 -0.01113351
0.01068789 -0.01113801
0.01070214 -0.01114251
0.01071639 -0.01114701
0.01073066 -0.01115150
0.01074493 -0.01115599
0.01075921 -0.01116048
0.01077350 -0.01116496
0.01078780 -0.01116944
0.01080211 -0.01117392
0.01081643 -0.01117839
0.01083076 -0.01118286
0.01084510 -0.01118733
0.01085945 -0.01119179
0.01087380 -0.01119625
0.01088817 -0.01120071
0.01090254 -0.01120516
0.01091692 -0.01120962
0.01093132 -0.01121406
0.01094572 -0.01121851
0.01096013 -0.01122295
0.01097455 -0.01122739
0.01098898 -0.01123182
0.01100342 -0.01123625
0.01101787 -0.01124068
0.01103232 -0.01124510
0.01104679 -0.01124952
0.01106126 -0.01125394
0.01107575 -0.01125836
0.01109024 -0.01126277
0.01110474 -0.01126718
0.01111926 -0.01127158
0.01113378 -0.01127598
0.01114831 -0.01128038
0.01116285 -0.01128478
0.01117739 -0.01128917
0.01119195 -0.01129356
0.01120652 -0.01129794
0.01122110 -0.01130233
0.01123568 -0.01130670
0.01125028 -0.01131108
0.01126488 -0.01131545
0.01127949 -0.01131982
0.01129411 -0.01132419
0.01130874 -0.01132855
0.01132338 -0.01133291
0.01133803 -0.01133727
0.01135269 -0.01134162
0.01136736 -0.01134597
0.01138204 -0.01135032
0.01139672 -0.01135466
0.01141142 -0.01135900
0.01142612 -0.01136334
0.01144084 -0.01136767
0.01145556 -0.01137200
0.01147029 -0.01137633
0.01148503 -0.01138065
0.01149978 -0.01138498
0.01151454 -0.01138929
0.01152931 -0.01139361
0.01154409 -0.01139792
0.01155887 -0.01140223
0.01157367 -0.01140653
0.01158847 -0.01141083
0.01160329 -0.01141513
0.01161811 -0.01141943
0.01163294 -0.01142372
0.01164779 -0.01142801
0.01166264 -0.01143230
0.01167750 -0.01143658
0.01169237 -0.01144086
0.01170724 -0.01144513
0.01172213 -0.01144941
0.01173703 -0.01145368
0.01175193 -0.01145794
0.01176685 -0.01146221
0.01178177 -0.01146647
0.01179670 -0.01147072
0.01181165 -0.01147498
0.01182660 -0.01147923
0.01184156 -0.01148348
0.01185653 -0.01148772
0.01187151 -0.01149196
0.01188649 -0.01149620
0.01190149 -0.01150043
0.01191650 -0.01150467
0.01193151 -0.01150889
0.01194654 -0.01151312
0.01196157 -0.01151734
0.01197661 -0.01152156
0.01199167 -0.01152578
0.01200673 -0.01152999
0.01202180 -0.01153420
0.01203688 -0.01153841
0.01205196 -0.01154261
0.01206706 -0.01154681
0.01208217 -0.01155101
0.01209728 -0.01155520
0.01211241 -0.01155939
0.01212754 -0.01156358
0.01214269 -0.01156776
0.01215784 -0.01157194
0.01217300 -0.01157612
0.01218817 -0.01158029
0.01220335 -0.01158447
0.01221854 -0.01158863
0.01223374 -0.01159280
0.01224894 -0.01159696
0.01226416 -0.01160112
0.01227939 -0.01160528
0.01229462 -0.01160943
0.01230986 -0.01161358
0.01232512 -0.01161773
0.01234038 -0.01162187
0.01235565 -0.01162601
0.01237093 -0.01163015
0.01238622 -0.01163428
0.01240152 -0.01163841
0.01241682 -0.01164254
0.01243214 -0.01164666
0.01244747 -0.01165078
0.01246280 -0.01165490
0.01247814 -0.01165902
0.01249350 -0.01166313
0.01250886 -0.01166724
0.01252423 -0.01167134
0.01253961 -0.01167545
0.01255500 -0.01167955
0.01257040 -0.01168364
0.01258581 -0.01168774
0.01260122 -0.01169183
0.01261665 -0.01169591
0.01263208 -0.01170000
0.01264753 -0.01170408
0.01266298 -0.01170816
0.01267844 -0.01171223
0.01269391 -0.01171630
0.01270939 -0.01172037
0.01272488 -0.01172444
0.01274038 -0.01172850
0.01275589 -0.01173256
0.01277141 -0.01173661
0.01278693 -0.01174067
0.01280247 -0.01174472
0.01281801 -0.01174876
0.01283357 -0.01175281
0.01284913 -0.01175685
0.01286470 -0.01176089
0.01288028 -0.01176492
0.01289587 -0.01176895
0.01291147 -0.01177298
0.01292708 -0.01177700
0.01294269 -0.01178103
0.01295832 -0.01178505
0.01297395 -0.01178906
0.01298960 -0.01179307
0.01300525 -0.01179708
0.01302091 -0.01180109
0.01303659 -0.01180509
0.01305227 -0.01180909
0.01306796 -0.01181309
0.01308365 -0.01181709
0.01309936 -0.01182108
0.01311508 -0.01182506
0.01313081 -0.01182905
0.01314654 -0.01183303
0.01316228 -0.01183701
0.01317804 -0.01184099
0.01319380 -0.01184496
0.01320957 -0.01184893
0.01322535 -0.01185290
0.01324114 -0.01185686
0.01325694 -0.01186082
0.01327275 -0.01186478
0.01328857 -0.01186873
0.01330439 -0.01187268
0.01332023 -0.01187663
0.01333607 -0.01188058
0.01335192 -0.01188452
0.01336779 -0.01188846
0.01338366 -0.01189239
0.01339954 -0.01189633
0.01341543 -0.01190026
0.01343133 -0.01190419
0.01344723 -0.01190811
0.01346315 -0.01191203
0.01347908 -0.01191595
0.01349501 -0.01191986
0.01351095 -0.01192377
0.01352691 -0.01192768
0.01354287 -0.01193159
0.01355884 -0.01193549
0.01357482 -0.01193939
0.01359081 -0.01194329
0.01360681 -0.01194718
0.01362282 -0.01195107
0.01363883 -0.01195496
0.01365486 -0.01195884
0.01367089 -0.01196273
0.01368694 -0.01196660
0.01370299 -0.01197048
0.01371905 -0.01197435
0.01373512 -0.01197822
0.01375120 -0.01198209
0.01376729 -0.01198595
0.01378339 -0.01198981
0.01379950 -0.01199367
0.01381561 -0.01199752
0.01383174 -0.01200137
0.01384787 -0.01200522
0.01386402 -0.01200907
0.01388017 -0.01201291
0.01389633 -0.01201675
0.01391250 -0.01202059
0.01392868 -0.01202442
0.01394487 -0.01202825
0.01396107 -0.01203208
0.01397727 -0.01203590
0.01399349 -0.01203972
0.01400971 -0.01204354
0.01402595 -0.01204735
0.01404219 -0.01205117
0.01405844 -0.01205498
0.01407470 -0.01205878
0.01409097 -0.01206259
0.01410725 -0.01206639
0.01412354 -0.01207018
0.01413984 -0.01207398
0.01415614 -0.01207777
0.01417246 -0.01208156
0.01418878 -0.01208534
0.01420512 -0.01208912
0.01422146 -0.01209290
0.01423781 -0.01209668
0.01425417 -0.01210045
0.01427054 -0.01210422
0.01428692 -0.01210799
0.01430331 -0.01211176
0.01431971 -0.01211552
0.01433611 -0.01211928
0.01435253 -0.01212303
0.01436895 -0.01212678
0.01438538 -0.01213053
0.01440182 -0.01213428
0.01441828 -0.01213802
0.01443474 -0.01214176
0.01445120 -0.01214550
0.01446768 -0.01214924
0.01448417 -0.01215297
0.01450067 -0.01215670
0.01451717 -0.01216042
0.01453369 -0.01216415
0.01455021 -0.01216787
0.01456674 -0.01217158
0.01458328 -0.01217530
0.01459983 -0.01217901
0.01461639 -0.01218272
0.01463296 -0.01218642
0.01464954 -0.01219012
0.01466612 -0.01219382
0.01468272 -0.01219752
0.01469932 -0.01220121
0.01471594 -0.01220490
0.01473256 -0.01220859
0.01474919 -0.01221227
0.01476583 -0.01221596
0.01478248 -0.01221964
0.01479914 -0.01222331
0.01481581 -0.01222698
0.01483249 -0.01223065
0.01484917 -0.01223432
0.01486587 -0.01223798
0.01488257 -0.01224165
0.01489928 -0.01224530
0.01491600 -0.01224896
0.01493274 -0.01225261
0.01494948 -0.01225626
0.01496622 -0.01225991
0.01498298 -0.01226355
0.01499975 -0.01226719
0.01501652 -0.01227083
0.01503331 -0.01227446
0.01505010 -0.01227809
0.01506691 -0.01228172
0.01508372 -0.01228535
0.01510054 -0.01228897
0.01511737 -0.01229259
0.01513421 -0.01229621
0.01515106 -0.01229982
0.01516791 -0.01230343
0.01518478 -0.01230704
0.01520165 -0.01231065
0.01521854 -0.01231425
0.01523543 -0.01231785
0.01525233 -0.01232145
0.01526924 -0.01232504
0.01528616 -0.01232863
0.01530309 -0.01233222
0.01532003 -0.01233581
0.01533698 -0.01233939
0.01535393 -0.01234297
0.01537090 -0.01234654
0.01538787 -0.01235012
0.01540486 -0.01235369
0.01542185 -0.01235726
0.01543885 -0.01236082
0.01545586 -0.01236438
0.01547288 -0.01236794
0.01548991 -0.01237150
0.01550694 -0.01237505
0.01552399 -0.01237860
0.01554105 -0.01238215
0.01555811 -0.01238569
0.01557518 -0.01238924
0.01559226 -0.01239278
0.01560936 -0.01239631
0.01562646 -0.01239984
0.01564356 -0.01240337
0.01566068 -0.01240690
0.01567781 -0.01241043
0.01569494 -0.01241395
0.01571209 -0.01241747
0.01572924 -0.01242098
0.01574641 -0.01242450
0.01576358 -0.01242801
0.01578076 -0.01243151
0.01579795 -0.01243502
0.01581515 -0.01243852
0.01583236 -0.01244202
0.01584957 -0.01244551
0.01586680 -0.01244901
0.01588403 -0.01245250
0.01590128 -0.01245598
0.01591853 -0.01245947
0.01593579 -0.01246295
0.01595306 -0.01246643
0.01597034 -0.01246990
0.01598763 -0.01247338
0.01600493 -0.01247685
0.01602223 -0.01248031
0.01603955 -0.01248378
0.01605687 -0.01248724
0.01607421 -0.01249070
0.01609155 -0.01249416
0.01610890 -0.01249761
0.01612626 -0.01250106
0.01614363 -0.01250451
0.01616101 -0.01250795
0.01617840 -0.01251139
0.01619579 -0.01251483
0.01621320 -0.01251827
0.01623061 -0.01252170
0.01624804 -0.01252513
0.01626547 -0.01252856
0.01628291 -0.01253198
0.01630036 -0.01253540
0.01631782 -0.01253882
0.01633529 -0.01254224
0.01635276 -0.01254565
0.01637025 -0.01254906
0.01638775 -0.01255247
0.01640525 -0.01255588
0.01642276 -0.01255928
0.01644028 -0.01256268
0.01645782 -0.01256607
0.01647536 -0.01256947
0.01649290 -0.01257286
0.01651046 -0.01257624
0.01652803 -0.01257963
0.01654560 -0.01258301
0.01656319 -0.01258639
0.01658078 -0.01258977
0.01659838 -0.01259314
0.01661600 -0.01259651
0.01663362 -0.01259988
0.01665125 -0.01260325
0.01666888 -0.01260661
0.01668653 -0.01260997
0.01670419 -0.01261333
0.01672185 -0.01261668
0.01673953 -0.01262003
0.01675721 -0.01262338
0.01677490 -0.01262673
0.01679260 -0.01263007
0.01681031 -0.01263341
0.01682803 -0.01263675
0.01684576 -0.01264008
0.01686350 -0.01264341
0.01688124 -0.01264674
0.01689900 -0.01265007
0.01691676 -0.01265339
0.01693453 -0.01265671
0.01695231 -0.01266003
0.01697010 -0.01266334
0.01698790 -0.01266666
0.01700571 -0.01266997
0.01702353 -0.01267327
0.01704135 -0.01267658
0.01705919 -0.01267988
0.01707703 -0.01268318
0.01709489 -0.01268647
0.01711275 -0.01268976
0.01713062 -0.01269305
0.01714850 -0.01269634
0.01716639 -0.01269962
0.01718429 -0.01270291
0.01720219 -0.01270619
0.01722011 -0.01270946
0.01723803 -0.01271273
0.01725597 -0.01271601
0.01727391 -0.01271927
0.01729186 -0.01272254
0.01730982 -0.01272580
0.01732779 -0.01272906
0.01734577 -0.01273232
0.01736375 -0.01273557
0.01738175 -0.01273882
0.01739975 -0.01274207
0.01741777 -0.01274532
0.01743579 -0.01274856
0.01745382 -0.01275180
0.01747186 -0.01275504
0.01748991 -0.01275827
0.01750797 -0.01276150
0.01752604 -0.01276473
0.01754411 -0.01276796
0.01756220 -0.01277118
0.01758029 -0.01277440
0.01759840 -0.01277762
0.01761651 -0.01278084
0.01763463 -0.01278405
0.01765276 -0.01278726
0.01767090 -0.01279047
0.01768904 -0.01279367
0.01770720 -0.01279687
0.01772537 -0.01280007
0.01774354 -0.01280327
0.01776172 -0.01280646
0.01777992 -0.01280965
0.01779812 -0.01281284
0.01781633 -0.01281602
0.01783455 -0.01281921
0.01785277 -0.01282239
0.01787101 -0.01282556
0.01788926 -0.01282874
0.01790751 -0.01283191
0.01792577 -0.01283508
0.01794405 -0.01283824
0.01796233 -0.01284141
0.01798062 -0.01284457
0.01799892 -0.01284773
0.01801722 -0.01285088
0.01803554 -0.01285403
0.01805387 -0.01285718
0.01807220 -0.01286033
0.01809054 -0.01286347
0.01810890 -0.01286662
0.01812726 -0.01286976
0.01814563 -0.01287289
0.01816401 -0.01287603
0.01818240 -0.01287916
0.01820079 -0.01288228
0.01821920 -0.01288541
0.01823761 -0.01288853
0.01825604 -0.01289165
0.01827447 -0.01289477
0.01829291 -0.01289788
0.01831136 -0.01290100
0.01832982 -0.01290410
0.01834829 -0.01290721
0.01836676 -0.01291031
0.01838525 -0.01291342
0.01840375 -0.01291651
0.01842225 -0.01291961
0.01844076 -0.01292270
0.01845928 -0.01292579
0.01847781 -0.01292888
0.01849635 -0.01293197
0.01851490 -0.01293505
0.01853346 -0.01293813
0.01855202 -0.01294120
0.01857060 -0.01294428
0.01858918 -0.01294735
0.01860777 -0.01295042
0.01862638 -0.01295348
0.01864499 -0.01295655
0.01866361 -0.01295961
0.01868223 -0.01296267
0.01870087 -0.01296572
0.01871952 -0.01296877
0.01873817 -0.01297182
0.01875683 -0.01297487
0.01877551 -0.01297792
0.01879419 -0.01298096
0.01881288 -0.01298400
0.01883158 -0.01298703
0.01885029 -0.01299007
0.01886900 -0.01299310
0.01888773 -0.01299613
0.01890646 -0.01299915
0.01892521 -0.01300218
0.01894396 -0.01300520
0.01896272 -0.01300822
0.01898149 -0.01301123
0.01900027 -0.01301424
0.01901906 -0.01301725
0.01903785 -0.01302026
0.01905666 -0.01302326
0.01907547 -0.01302627
0.01909430 -0.01302927
0.01911313 -0.01303226
0.01913197 -0.01303526
0.01915082 -0.01303825
0.01916968 -0.01304124
0.01918855 -0.01304422
0.01920742 -0.01304721
0.01922631 -0.01305019
0.01924520 -0.01305316
0.01926410 -0.01305614
0.01928302 -0.01305911
0.01930194 -0.01306208
0.01932087 -0.01306505
0.01933980 -0.01306802
0.01935875 -0.01307098
0.01937771 -0.01307394
0.01939667 -0.01307689
0.01941565 -0.01307985
0.01943463 -0.01308280
0.01945362 -0.01308575
0.01947262 -0.01308870
0.01949163 -0.01309164
0.01951065 -0.01309458
0.01952968 -0.01309752
0.01954871 -0.01310045
0.01956776 -0.01310339
0.01958681 -0.01310632
0.01960587 -0.01310925
0.01962494 -0.01311217
0.01964402 -0.01311509
0.01966311 -0.01311801
0.01968221 -0.01312093
0.01970132 -0.01312385
0.01972043 -0.01312676
0.01973956 -0.01312967
0.01975869 -0.01313258
0.01977783 -0.01313548
0.01979698 -0.01313838
0.01981614 -0.01314128
0.01983531 -0.01314418
0.01985449 -0.01314707
0.01987368 -0.01314996
0.01989287 -0.01315285
0.01991208 -0.01315574
0.01993129 -0.01315862
0.01995051 -0.01316150
0.01996974 -0.01316438
0.01998898 -0.01316726
0.02000823 -0.01317013
0.02002748 -0.01317300
0.02004675 -0.01317587
0.02006602 -0.01317873
0.02008531 -0.01318160
0.02010460 -0.01318446
0.02012390 -0.01318731
0.02014321 -0.01319017
0.02016253 -0.01319302
0.02018186 -0.01319587
0.02020119 -0.01319872
0.02022054 -0.01320156
0.02023989 -0.01320440
0.02025926 -0.01320724
0.02027863 -0.01321008
0.02029801 -0.01321291
0.02031740 -0.01321574
0.02033680 -0.01321857
0.02035620 -0.01322140
0.02037562 -0.01322422
0.02039504 -0.01322704
0.02041448 -0.01322986
0.02043392 -0.01323268
0.02045337 -0.01323549
0.02047283 -0.01323830
0.02049230 -0.01324111
0.02051178 -0.01324392
0.02053126 -0.01324672
0.02055076 -0.01324952
0.02057026 -0.01325232
0.02058978 -0.01325511
0.02060930 -0.01325791
0.02062883 -0.01326070
0.02064837 -0.01326349
0.02066792 -0.01326627
0.02068747 -0.01326905
0.02070704 -0.01327183
0.02072661 -0.01327461
0.02074620 -0.01327739
0.02076579 -0.01328016
0.02078539 -0.01328293
0.02080500 -0.01328569
0.02082462 -0.01328846
0.02084425 -0.01329122
0.02086388 -0.01329398
0.02088353 -0.01329674
0.02090318 -0.01329949
0.02092284 -0.01330224
0.02094252 -0.01330499
0.02096220 -0.01330774
0.02098188 -0.01331048
0.02100158 -0.01331323
0.02102129 -0.01331597
0.02104100 -0.01331870
0.02106073 -0.01332144
0.02108046 -0.01332417
0.02110020 -0.01332690
0.02111995 -0.01332962
0.02113971 -0.01333235
0.02115948 -0.01333507
0.02117926 -0.01333779
0.02119905 -0.01334050
0.02121884 -0.01334322
0.02123864 -0.01334593
0.02125846 -0.01334864
0.02127828 -0.01335134
0.02129811 -0.01335405
0.02131794 -0.01335675
0.02133779 -0.01335944
0.02135765 -0.01336214
0.02137751 -0.01336483
0.02139739 -0.01336752
0.02141727 -0.01337021
0.02143716 -0.01337290
0.02145706 -0.01337558
0.02147697 -0.01337826
0.02149689 -0.01338094
0.02151681 -0.01338362
0.02153675 -0.01338629
0.02155669 -0.01338896
0.02157665 -0.01339163
0.02159661 -0.01339429
0.02161658 -0.01339696
0.02163656 -0.01339962
0.02165655 -0.01340228
0.02167654 -0.01340493
0.02169655 -0.01340759
0.02171656 -0.01341024
0.02173659 -0.01341288
0.02175662 -0.01341553
0.02177666 -0.01341817
0.02179671 -0.01342081
0.02181677 -0.01342345
0.02183683 -0.01342609
0.02185691 -0.01342872
0.02187699 -0.01343135
0.02189709 -0.01343398
0.02191719 -0.01343660
0.02193730 -0.01343923
0.02195742 -0.01344185
0.02197755 -0.01344446
0.02199769 -0.01344708
0.02201783 -0.01344969
0.02203799 -0.01345230
0.02205815 -0.01345491
0.02207832 -0.01345752
0.02209850 -0.01346012
0.02211869 -0.01346272
0.02213889 -0.01346532
0.02215910 -0.01346791
0.02217931 -0.01347051
0.02219954 -0.01347310
0.02221977 -0.01347569
0.02224001 -0.01347827
0.02226027 -0.01348085
0.02228053 -0.01348344
0.02230079 -0.01348601
0.02232107 -0.01348859
0.02234136 -0.01349116
0.02236165 -0.01349373
0.02238196 -0.01349630
0.02240227 -0.01349887
0.02242259 -0.01350143
0.02244292 -0.01350399
0.02246326 -0.01350655
0.02248361 -0.01350910
0.02250396 -0.01351166
0.02252433 -0.01351421
0.02254470 -0.01351676
0.02256508 -0.01351930
0.02258547 -0.01352185
0.02260587 -0.01352439
0.02262628 -0.01352693
0.02264670 -0.01352946
0.02266713 -0.01353200
0.02268756 -0.01353453
0.02270801 -0.01353706
0.02272846 -0.01353958
0.02274892 -0.01354211
0.02276939 -0.01354463
0.02278987 -0.01354715
0.02281036 -0.01354966
0.02283085 -0.01355218
0.02285136 -0.01355469
0.02287187 -0.01355720
0.02289239 -0.01355970
0.02291292 -0.01356221
0.02293346 -0.01356471
0.02295401 -0.01356721
0.02297457 -0.01356971
0.02299514 -0.01357220
0.02301571 -0.01357469
0.02303629 -0.01357718
0.02305689 -0.01357967
0.02307749 -0.01358215
0.02309810 -0.01358463
0.02311872 -0.01358711
0.02313934 -0.01358959
0.02315998 -0.01359207
0.02318062 -0.01359454
0.02320128 -0.01359701
0.02322194 -0.01359948
0.02324261 -0.01360194
0.02326329 -0.01360440
0.02328398 -0.01360686
0.02330468 -0.01360932
0.02332538 -0.01361178
0.02334610 -0.01361423
0.02336682 -0.01361668
0.02338755 -0.01361913
0.02340829 -0.01362157
0.02342904 -0.01362402
0.02344980 -0.01362646
0.02347057 -0.01362890
0.02349134 -0.01363133
0.02351213 -0.01363377
0.02353292 -0.01363620
0.02355372 -0.01363863
0.02357453 -0.01364105
0.02359535 -0.01364348
0.02361618 -0.01364590
0.02363701 -0.01364832
0.02365786 -0.01365073
0.02367871 -0.01365315
0.02369958 -0.01365556
0.02372045 -0.01365797
0.02374133 -0.01366037
0.02376222 -0.01366278
0.02378312 -0.01366518
0.02380402 -0.01366758
0.02382494 -0.01366998
0.02384586 -0.01367237
0.02386679 -0.01367476
0.02388773 -0.01367715
0.02390868 -0.01367954
0.02392964 -0.01368193
0.02395061 -0.01368431
0.02397159 -0.01368669
0.02399257 -0.01368907
0.02401356 -0.01369144
0.02403457 -0.01369382
0.02405558 -0.01369619
0.02407660 -0.01369856
0.02409762 -0.01370092
0.02411866 -0.01370329
0.02413971 -0.01370565
0.02416076 -0.01370801
0.02418182 -0.01371036
0.02420290 -0.01371272
0.02422398 -0.01371507
0.02424507 -0.01371742
0.02426616 -0.01371976
0.02428727 -0.01372211
0.02430839 -0.01372445
0.02432951 -0.01372679
0.02435064 -0.01372913
0.02437178 -0.01373146
0.02439293 -0.01373380
0.02441409 -0.01373613
0.02443526 -0.01373845
0.02445644 -0.01374078
0.02447762 -0.01374310
0.02449881 -0.01374542
0.02452002 -0.01374774
0.02454123 -0.01375006
0.02456245 -0.01375237
0.02458367 -0.01375468
0.02460491 -0.01375699
0.02462616 -0.01375930
0.02464741 -0.01376160
0.02466867 -0.01376390
0.02468995 -0.01376620
0.02471123 -0.01376850
0.02473251 -0.01377079
0.02475381 -0.01377309
0.02477512 -0.01377538
0.02479643 -0.01377766
0.02481776 -0.01377995
0.02483909 -0.01378223
0.02486043 -0.01378451
0.02488178 -0.01378679
0.02490314 -0.01378907
0.02492451 -0.01379134
0.02494588 -0.01379361
0.02496727 -0.01379588
0.02498866 -0.01379815
0.02501006 -0.01380041
0.02503147 -0.01380267
0.02505289 -0.01380493
0.02507432 -0.01380719
0.02509576 -0.01380944
0.02511720 -0.01381169
0.02513865 -0.01381394
0.02516012 -0.01381619
0.02518159 -0.01381844
0.02520307 -0.01382068
0.02522456 -0.01382292
0.02524605 -0.01382516
0.02526756 -0.01382739
0.02528907 -0.01382963
0.02531060 -0.01383186
0.02533213 -0.01383409
0.02535367 -0.01383631
0.02537522 -0.01383854
0.02539678 -0.01384076
0.02541834 -0.01384298
0.02543992 -0.01384519
0.02546150 -0.01384741
0.02548310 -0.01384962
0.02550470 -0.01385183
0.02552631 -0.01385404
0.02554792 -0.01385625
0.02556955 -0.01385845
0.02559119 -0.01386065
0.02561283 -0.01386285
0.02563448 -0.01386504
0.02565615 -0.01386724
0.02567782 -0.01386943
0.02569950 -0.01387162
0.02572118 -0.01387380
0.02574288 -0.01387599
0.02576459 -0.01387817
0.02578630 -0.01388035
0.02580802 -0.01388253
0.02582975 -0.01388470
0.02585149 -0.01388688
0.02587324 -0.01388905
0.02589500 -0.01389122
0.02591676 -0.01389338
0.02593854 -0.01389555
0.02596032 -0.01389771
0.02598211 -0.01389987
0.02600391 -0.01390202
0.02602572 -0.01390418
0.02604754 -0.01390633
0.02606936 -0.01390848
0.02609120 -0.01391063
0.02611304 -0.01391277
0.02613489 -0.01391491
0.02615675 -0.01391705
0.02617862 -0.01391919
0.02620050 -0.01392133
0.02622239 -0.01392346
0.02624428 -0.01392559
0.02626619 -0.01392772
0.02628810 -0.01392985
0.02631002 -0.01393197
0.02633195 -0.01393410
0.02635389 -0.01393622
0.02637583 -0.01393833
0.02639779 -0.01394045
0.02641975 -0.01394256
0.02644173 -0.01394467
0.02646371 -0.01394678
0.02648570 -0.01394889
0.02650770 -0.01395099
0.02652970 -0.01395309
0.02655172 -0.01395519
0.02657375 -0.01395729
0.02659578 -0.01395938
0.02661782 -0.01396148
0.02663987 -0.01396357
0.02666193 -0.01396565
0.02668400 -0.01396774
0.02670607 -0.01396982
0.02672816 -0.01397190
0.02675025 -0.01397398
0.02677235 -0.01397606
0.02679447 -0.01397813
0.02681659 -0.01398020
0.02683871 -0.01398227
0.02686085 -0.01398434
0.02688300 -0.01398641
0.02690515 -0.01398847
0.02692731 -0.01399053
0.02694948 -0.01399259
0.02697166 -0.01399464
0.02699385 -0.01399670
0.02701605 -0.01399875
0.02703825 -0.01400080
0.02706047 -0.01400285
0.02708269 -0.01400489
0.02710492 -0.01400693
0.02712716 -0.01400897
0.02714941 -0.01401101
0.02717167 -0.01401305
0.02719393 -0.01401508
0.02721621 -0.01401711
0.02723849 -0.01401914
0.02726078 -0.01402117
0.02728308 -0.01402319
0.02730539 -0.01402521
0.02732771 -0.01402723
0.02735004 -0.01402925
0.02737237 -0.01403127
0.02739471 -0.01403328
0.02741707 -0.01403529
0.02743943 -0.01403730
0.02746180 -0.01403930
0.02748417 -0.01404131
0.02750656 -0.01404331
0.02752895 -0.01404531
0.02755136 -0.01404731
0.02757377 -0.01404930
0.02759619 -0.01405129
0.02761862 -0.01405329
0.02764106 -0.01405527
0.02766350 -0.01405726
0.02768596 -0.01405924
0.02770842 -0.01406122
0.02773090 -0.01406320
0.02775338 -0.01406518
0.02777587 -0.01406716
0.02779836 -0.01406913
0.02782087 -0.01407110
0.02784339 -0.01407307
0.02786591 -0.01407503
0.02788844 -0.01407700
0.02791098 -0.01407896
0.02793353 -0.01408092
0.02795609 -0.01408288
0.02797866 -0.01408483
0.02800123 -0.01408678
0.02802382 -0.01408873
0.02804641 -0.01409068
0.02806901 -0.01409263
0.02809162 -0.01409457
0.02811424 -0.01409651
0.02813686 -0.01409845
0.02815950 -0.01410039
0.02818214 -0.01410232
0.02820480 -0.01410426
0.02822746 -0.01410619
0.02825013 -0.01410811
0.02827281 -0.01411004
0.02829549 -0.01411196
0.02831819 -0.01411389
0.02834089 -0.01411581
0.02836360 -0.01411772
0.02838633 -0.01411964
0.02840905 -0.01412155
0.02843179 -0.01412346
0.02845454 -0.01412537
0.02847730 -0.01412727
0.02850006 -0.01412918
0.02852283 -0.01413108
0.02854561 -0.01413298
0.02856840 -0.01413488
0.02859120 -0.01413677
0.02861401 -0.01413866
0.02863682 -0.01414055
0.02865965 -0.01414244
0.02868248 -0.01414433
0.02870532 -0.01414621
0.02872817 -0.01414810
0.02875103 -0.01414997
0.02877389 -0.01415185
0.02879677 -0.01415373
0.02881965 -0.01415560
0.02884255 -0.01415747
0.02886545 -0.01415934
0.02888836 -0.01416121
0.02891128 -0.01416307
0.02893420 -0.01416493
0.02895714 -0.01416679
0.02898008 -0.01416865
0.02900303 -0.01417051
0.02902599 -0.01417236
0.02904896 -0.01417421
0.02907194 -0.01417606
0.02909493 -0.01417791
0.02911792 -0.01417975
0.02914093 -0.01418159
0.02916394 -0.01418343
0.02918696 -0.01418527
0.02920999 -0.01418711
0.02923303 -0.01418894
0.02925607 -0.01419077
0.02927913 -0.01419260
0.02930219 -0.01419443
0.02932526 -0.01419625
0.02934834 -0.01419808
0.02937143 -0.01419990
0.02939453 -0.01420171
0.02941764 -0.01420353
0.02944075 -0.01420535
0.02946387 -0.01420716
0.02948701 -0.01420897
0.02951015 -0.01421077
0.02953330 -0.01421258
0.02955645 -0.01421438
0.02957962 -0.01421618
0.02960279 -0.01421798
0.02962598 -0.01421978
0.02964917 -0.01422157
0.02967237 -0.01422337
0.02969558 -0.01422516
0.02971879 -0.01422695
0.02974202 -0.01422873
0.02976525 -0.01423051
0.02978850 -0.01423230
0.02981175 -0.01423408
0.02983501 -0.01423585
0.02985828 -0.01423763
0.02988155 -0.01423940
0.02990484 -0.01424117
0.02992813 -0.01424294
0.02995143 -0.01424471
0.02997474 -0.01424647
0.02999806 -0.01424823
0.03002139 -0.01424999
0.03004473 -0.01425175
0.03006807 -0.01425351
0.03009143 -0.01425526
0.03011479 -0.01425701
0.03013816 -0.01425876
0.03016154 -0.01426051
0.03018493 -0.01426225
0.03020832 -0.01426400
0.03023173 -0.01426574
0.03025514 -0.01426748
0.03027856 -0.01426921
0.03030199 -0.01427095
0.03032543 -0.01427268
0.03034888 -0.01427441
0.03037233 -0.01427614
0.03039580 -0.01427786
0.03041927 -0.01427959
0.03044275 -0.01428131
0.03046624 -0.01428303
0.03048974 -0.01428475
0.03051325 -0.01428646
0.03053676 -0.01428817
0.03056029 -0.01428988
0.03058382 -0.01429159
0.03060736 -0.01429330
0.03063091 -0.01429500
0.03065447 -0.01429671
0.03067803 -0.01429841
0.03070161 -0.01430010
0.03072519 -0.01430180
0.03074878 -0.01430349
0.03077239 -0.01430519
0.03079599 -0.01430688
0.03081961 -0.01430856
0.03084324 -0.01431025
0.03086687 -0.01431193
0.03089052 -0.01431361
0.03091417 -0.01431529
0.03093783 -0.01431697
0.03096149 -0.01431864
0.03098517 -0.01432032
0.03100886 -0.01432199
0.03103255 -0.01432366
0.03105625 -0.01432532
0.03107996 -0.01432699
0.03110368 -0.01432865
0.03112741 -0.01433031
0.03115115 -0.01433197
0.03117489 -0.01433362
0.03119865 -0.01433528
0.03122241 -0.01433693
0.03124618 -0.01433858
0.03126996 -0.01434022
0.03129374 -0.01434187
0.03131754 -0.01434351
0.03134134 -0.01434515
0.03136516 -0.01434679
0.03138898 -0.01434843
0.03141281 -0.01435006
0.03143665 -0.01435170
0.03146049 -0.01435333
0.03148435 -0.01435496
0.03150821 -0.01435658
0.03153208 -0.01435821
0.03155597 -0.01435983
0.03157985 -0.01436145
0.03160375 -0.01436307
0.03162766 -0.01436468
0.03165157 -0.01436630
0.03167550 -0.01436791
0.03169943 -0.01436952
0.03172337 -0.01437113
0.03174732 -0.01437273
0.03177127 -0.01437433
0.03179524 -0.01437594
0.03181921 -0.01437753
0.03184319 -0.01437913
0.03186718 -0.01438073
0.03189118 -0.01438232
0.03191519 -0.01438391
0.03193921 -0.01438550
0.03196323 -0.01438709
0.03198727 -0.01438867
0.03201131 -0.01439025
0.03203536 -0.01439183
0.03205942 -0.01439341
0.03208348 -0.01439499
0.03210756 -0.01439656
0.03213164 -0.01439813
0.03215574 -0.01439970
0.03217984 -0.01440127
0.03220395 -0.01440284
0.03222806 -0.01440440
0.03225219 -0.01440596
0.03227632 -0.01440752
0.03230047 -0.01440908
0.03232462 -0.01441064
0.03234878 -0.01441219
0.03237295 -0.01441374
0.03239712 -0.01441529
0.03242131 -0.01441684
0.03244550 -0.01441838
0.03246971 -0.01441993
0.03249392 -0.01442147
0.03251814 -0.01442301
0.03254236 -0.01442454
0.03256660 -0.01442608
0.03259085 -0.01442761
0.03261510 -0.01442914
0.03263936 -0.01443067
0.03266363 -0.01443220
0.03268791 -0.01443372
0.03271219 -0.01443525
0.03273649 -0.01443677
0.03276079 -0.01443828
0.03278511 -0.01443980
0.03280943 -0.01444132
0.03283376 -0.01444283
0.03285809 -0.01444434
0.03288244 -0.01444585
0.03290679 -0.01444735
0.03293116 -0.01444886
0.03295553 -0.01445036
0.03297991 -0.01445186
0.03300430 -0.01445336
0.03302869 -0.01445485
0.03305310 -0.01445635
0.03307751 -0.01445784
0.03310193 -0.01445933
0.03312636 -0.01446082
0.03315080 -0.01446230
0.03317525 -0.01446379
0.03319971 -0.01446527
0.03322417 -0.01446675
0.03324864 -0.01446822
0.03327312 -0.01446970
0.03329761 -0.01447117
0.03332211 -0.01447264
0.03334662 -0.01447411
0.03337113 -0.01447558
0.03339565 -0.01447705
0.03342019 -0.01447851
0.03344473 -0.01447997
0.03346927 -0.01448143
0.03349383 -0.01448289
0.03351840 -0.01448434
0.03354297 -0.01448580
0.03356755 -0.01448725
0.03359214 -0.01448870
0.03361674 -0.01449014
0.03364135 -0.01449159
0.03366597 -0.01449303
0.03369059 -0.01449447
0.03371522 -0.01449591
0.03373986 -0.01449735
0.03376451 -0.01449878
0.03378917 -0.01450022
0.03381384 -0.01450165
0.03383851 -0.01450308
0.03386320 -0.01450450
0.03388789 -0.01450593
0.03391259 -0.01450735
0.03393730 -0.01450877
0.03396201 -0.01451019
0.03398674 -0.01451161
0.03401147 -0.01451302
0.03403621 -0.01451444
0.03406096 -0.01451585
0.03408572 -0.01451726
0.03411049 -0.01451866
0.03413527 -0.01452007
0.03416005 -0.01452147
0.03418484 -0.01452287
0.03420964 -0.01452427
0.03423445 -0.01452567
0.03425927 -0.01452706
0.03428410 -0.01452845
0.03430893 -0.01452984
0.03433377 -0.01453123
0.03435862 -0.01453262
0.03438348 -0.01453401
0.03440835 -0.01453539
0.03443323 -0.01453677
0.03445811 -0.01453815
0.03448301 -0.01453952
0.03450791 -0.01454090
0.03453282 -0.01454227
0.03455774 -0.01454364
0.03458266 -0.01454501
0.03460760 -0.01454638
0.03463254 -0.01454774
0.03465750 -0.01454911
0.03468246 -0.01455047
0.03470743 -0.01455183
0.03473240 -0.01455318
0.03475739 -0.01455454
0.03478238 -0.01455589
0.03480738 -0.01455724
0.03483240 -0.01455859
0.03485741 -0.01455994
0.03488244 -0.01456128
0.03490748 -0.01456262
0.03493252 -0.01456396
0.03495758 -0.01456530
0.03498264 -0.01456664
0.03500771 -0.01456798
0.03503278 -0.01456931
0.03505787 -0.01457064
0.03508297 -0.01457197
0.03510807 -0.01457330
0.03513318 -0.01457462
0.03515830 -0.01457594
0.03518343 -0.01457727
0.03520856 -0.01457858
0.03523371 -0.01457990
0.03525886 -0.01458122
0.03528402 -0.01458253
0.03530919 -0.01458384
0.03533437 -0.01458515
0.03535956 -0.01458646
0.03538475 -0.01458776
0.03540996 -0.01458907
0.03543517 -0.01459037
0.03546039 -0.01459167
0.03548562 -0.01459296
0.03551086 -0.01459426
0.03553610 -0.01459555
0.03556136 -0.01459685
0.03558662 -0.01459814
0.03561189 -0.01459942
0.03563717 -0.01460071
0.03566245 -0.01460199
0.03568775 -0.01460327
0.03571305 -0.01460455
0.03573837 -0.01460583
0.03576369 -0.01460711
0.03578902 -0.01460838
0.03581435 -0.01460965
0.03583970 -0.01461092
0.03586505 -0.01461219
0.03589042 -0.01461346
0.03591579 -0.01461472
0.03594117 -0.01461598
0.03596655 -0.01461724
0.03599195 -0.01461850
0.03601736 -0.01461976
0.03604277 -0.01462101
0.03606819 -0.01462227
0.03609362 -0.01462352
0.03611906 -0.01462477
0.03614450 -0.01462601
0.03616996 -0.01462726
0.03619542 -0.01462850
0.03622089 -0.01462974
0.03624637 -0.01463098
0.03627186 -0.01463222
0.03629735 -0.01463345
0.03632286 -0.01463468
0.03634837 -0.01463591
0.03637389 -0.01463714
0.03639942 -0.01463837
0.03642496 -0.01463960
0.03645051 -0.01464082
0.03647606 -0.01464204
0.03650162 -0.01464326
0.03652720 -0.01464448
0.03655278 -0.01464569
0.03657836 -0.01464691
0.03660396 -0.01464812
0.03662956 -0.01464933
0.03665518 -0.01465054
0.03668080 -0.01465174
0.03670643 -0.01465295
0.03673207 -0.01465415
0.03675771 -0.01465535
0.03678337 -0.01465655
0.03680903 -0.01465774
0.03683470 -0.01465894
0.03686038 -0.01466013
0.03688607 -0.01466132
0.03691177 -0.01466251
0.03693747 -0.01466370
0.03696318 -0.01466488
0.03698891 -0.01466606
0.03701464 -0.01466724
0.03704037 -0.01466842
0.03706612 -0.01466960
0.03709187 -0.01467078
0.03711764 -0.01467195
0.03714341 -0.01467312
0.03716919 -0.01467429
0.03719498 -0.01467546
0.03722077 -0.01467662
0.03724658 -0.01467779
0.03727239 -0.01467895
0.03729821 -0.01468011
0.03732404 -0.01468127
0.03734988 -0.01468242
0.03737573 -0.01468358
0.03740158 -0.01468473
0.03742744 -0.01468588
0.03745331 -0.01468703
0.03747919 -0.01468817
0.03750508 -0.01468932
0.03753098 -0.01469046
0.03755688 -0.01469160
0.03758280 -0.01469274
0.03760872 -0.01469388
0.03763465 -0.01469501
0.03766058 -0.01469614
0.03768653 -0.01469728
0.03771248 -0.01469840
0.03773845 -0.01469953
0.03776442 -0.01470066
0.03779040 -0.01470178
0.03781639 -0.01470290
0.03784238 -0.01470402
0.03786839 -0.01470514
0.03789440 -0.01470626
0.03792042 -0.01470737
0.03794645 -0.01470848
0.03797249 -0.01470959
0.03799853 -0.01471070
0.03802459 -0.01471181
0.03805065 -0.01471291
0.03807672 -0.01471402
0.03810280 -0.01471512
0.03812888 -0.01471622
0.03815498 -0.01471731
0.03818108 -0.01471841
0.03820720 -0.01471950
0.03823332 -0.01472059
0.03825945 -0.01472168
0.03828558 -0.01472277
0.03831173 -0.01472386
0.03833788 -0.01472494
0.03836404 -0.01472602
0.03839021 -0.01472710
0.03841639 -0.01472818
0.03844258 -0.01472926
0.03846877 -0.01473033
0.03849498 -0.01473140
0.03852119 -0.01473247
0.03854741 -0.01473354
0.03857364 -0.01473461
0.03859987 -0.01473568
0.03862612 -0.01473674
0.03865237 -0.01473780
0.03867863 -0.01473886
0.03870490 -0.01473992
0.03873118 -0.01474097
0.03875747 -0.01474203
0.03878376 -0.01474308
0.03881006 -0.01474413
0.03883638 -0.01474518
0.03886269 -0.01474622
0.03888902 -0.01474727
0.03891536 -0.01474831
0.03894170 -0.01474935
0.03896806 -0.01475039
0.03899442 -0.01475143
0.03902078 -0.01475246
0.03904716 -0.01475350
0.03907355 -0.01475453
0.03909994 -0.01475556
0.03912634 -0.01475658
0.03915275 -0.01475761
0.03917917 -0.01475863
0.03920560 -0.01475966
0.03923204 -0.01476068
0.03925848 -0.01476170
0.03928493 -0.01476271
0.03931139 -0.01476373
0.03933786 -0.01476474
0.03936434 -0.01476575
0.03939082 -0.01476676
0.03941731 -0.01476777
0.03944381 -0.01476877
0.03947032 -0.01476978
0.03949684 -0.01477078
0.03952337 -0.01477178
0.03954990 -0.01477278
0.03957645 -0.01477377
0.03960300 -0.01477477
0.03962956 -0.01477576
0.03965612 -0.01477675
0.03968270 -0.01477774
0.03970928 -0.01477873
0.03973588 -0.01477971
0.03976248 -0.01478069
0.03978908 -0.01478168
0.03981570 -0.01478266
0.03984233 -0.01478363
0.03986896 -0.01478461
0.03989560 -0.01478558
0.03992225 -0.01478655
0.03994891 -0.01478753
0.03997558 -0.01478849
0.04000225 -0.01478946
0.04002894 -0.01479043
0.04005563 -0.01479139
0.04008233 -0.01479235
0.04010903 -0.01479331
0.04013575 -0.01479427
0.04016247 -0.01479522
0.04018921 -0.01479618
0.04021595 -0.01479713
0.04024270 -0.01479808
0.04026945 -0.01479903
0.04029622 -0.01479997
0.04032299 -0.01480092
0.04034978 -0.01480186
0.04037657 -0.01480280
0.04040336 -0.01480374
0.04043017 -0.01480468
0.04045699 -0.01480561
0.04048381 -0.01480655
0.04051064 -0.01480748
0.04053748 -0.01480841
0.04056433 -0.01480934
0.04059118 -0.01481026
0.04061805 -0.01481119
0.04064492 -0.01481211
0.04067180 -0.01481303
0.04069869 -0.01481395
0.04072559 -0.01481487
0.04075249 -0.01481578
0.04077941 -0.01481670
0.04080633 -0.01481761
0.04083326 -0.01481852
0.04086020 -0.01481943
0.04088715 -0.01482034
0.04091410 -0.01482124
0.04094106 -0.01482214
0.04096804 -0.01482304
0.04099501 -0.01482394
0.04102200 -0.01482484
0.04104900 -0.01482574
0.04107600 -0.01482663
0.04110302 -0.01482752
0.04113004 -0.01482841
0.04115707 -0.01482930
0.04118410 -0.01483019
0.04121115 -0.01483107
0.04123820 -0.01483195
0.04126526 -0.01483284
0.04129233 -0.01483371
0.04131941 -0.01483459
0.04134650 -0.01483547
0.04137359 -0.01483634
0.04140070 -0.01483721
0.04142781 -0.01483808
0.04145493 -0.01483895
0.04148205 -0.01483982
0.04150919 -0.01484068
0.04153633 -0.01484155
0.04156349 -0.01484241
0.04159065 -0.01484327
0.04161781 -0.01484413
0.04164499 -0.01484498
0.04167218 -0.01484584
0.04169937 -0.01484669
0.04172657 -0.01484754
0.04175378 -0.01484839
0.04178100 -0.01484923
0.04180822 -0.01485008
0.04183546 -0.01485092
0.04186270 -0.01485176
0.04188995 -0.01485260
0.04191721 -0.01485344
0.04194448 -0.01485428
0.04197175 -0.01485511
0.04199904 -0.01485595
0.04202633 -0.01485678
0.04205363 -0.01485760
0.04208094 -0.01485843
0.04210825 -0.01485926
0.04213558 -0.01486008
0.04216291 -0.01486090
0.04219025 -0.01486172
0.04221760 -0.01486254
0.04224496 -0.01486336
0.04227232 -0.01486417
0.04229970 -0.01486499
0.04232708 -0.01486580
0.04235447 -0.01486661
0.04238187 -0.01486741
0.04240927 -0.01486822
0.04243669 -0.01486902
0.04246411 -0.01486983
0.04249154 -0.01487063
0.04251898 -0.01487143
0.04254643 -0.01487222
0.04257388 -0.01487302
0.04260135 -0.01487381
0.04262882 -0.01487460
0.04265630 -0.01487539
0.04268379 -0.01487618
0.04271128 -0.01487697
0.04273879 -0.01487775
0.04276630 -0.01487854
0.04279382 -0.01487932
0.04282135 -0.01488010
0.04284889 -0.01488087
0.04287643 -0.01488165
0.04290399 -0.01488242
0.04293155 -0.01488320
0.04295912 -0.01488397
0.04298670 -0.01488473
0.04301428 -0.01488550
0.04304188 -0.01488627
0.04306948 -0.01488703
0.04309709 -0.01488779
0.04312471 -0.01488855
0.04315234 -0.01488931
0.04317997 -0.01489007
0.04320762 -0.01489082
0.04323527 -0.01489157
0.04326293 -0.01489233
0.04329060 -0.01489307
0.04331827 -0.01489382
0.04334596 -0.01489457
0.04337365 -0.01489531
0.04340135 -0.01489605
0.04342906 -0.01489680
0.04345678 -0.01489753
0.04348450 -0.01489827
0.04351223 -0.01489901
0.04353998 -0.01489974
0.04356773 -0.01490047
0.04359548 -0.01490120
0.04362325 -0.01490193
0.04365102 -0.01490266
0.04367881 -0.01490338
0.04370660 -0.01490411
0.04373440 -0.01490483
0.04376220 -0.01490555
0.04379002 -0.01490626
0.04381784 -0.01490698
0.04384567 -0.01490769
0.04387351 -0.01490841
0.04390136 -0.01490912
0.04392921 -0.01490983
0.04395708 -0.01491053
0.04398495 -0.01491124
0.04401283 -0.01491194
0.04404072 -0.01491265
0.04406861 -0.01491335
0.04409652 -0.01491405
0.04412443 -0.01491474
0.04415235 -0.01491544
0.04418028 -0.01491613
0.04420822 -0.01491682
0.04423616 -0.01491751
0.04426412 -0.01491820
0.04429208 -0.01491889
0.04432005 -0.01491957
0.04434803 -0.01492026
0.04437601 -0.01492094
0.04440401 -0.01492162
0.04443201 -0.01492230
0.04446002 -0.01492297
0.04448804 -0.01492365
0.04451607 -0.01492432
0.04454410 -0.01492499
0.04457214 -0.01492566
0.04460019 -0.01492633
0.04462825 -0.01492699
0.04465632 -0.01492766
0.04468440 -0.01492832
0.04471248 -0.01492898
0.04474057 -0.01492964
0.04476867 -0.01493030
0.04479678 -0.01493095
0.04482490 -0.01493161
0.04485302 -0.01493226
0.04488115 -0.01493291
0.04490929 -0.01493356
0.04493744 -0.01493420
0.04496560 -0.01493485
0.04499376 -0.01493549
0.04502194 -0.01493614
0.04505012 -0.01493678
0.04507831 -0.01493741
0.04510650 -0.01493805
0.04513471 -0.01493869
0.04516292 -0.01493932
0.04519114 -0.01493995
0.04521937 -0.01494058
0.04524761 -0.01494121
0.04527586 -0.01494183
0.04530411 -0.01494246
0.04533238 -0.01494308
0.04536065 -0.01494370
0.04538892 -0.01494432
0.04541721 -0.01494494
0.04544551 -0.01494556
0.04547381 -0.01494617
0.04550212 -0.01494678
0.04553044 -0.01494740
0.04555877 -0.01494800
0.04558710 -0.01494861
0.04561545 -0.01494922
0.04564380 -0.01494982
0.04567216 -0.01495043
0.04570052 -0.01495103
0.04572890 -0.01495163
0.04575728 -0.01495222
0.04578568 -0.01495282
0.04581408 -0.01495341
0.04584248 -0.01495400
0.04587090 -0.01495460
0.04589933 -0.01495518
0.04592776 -0.01495577
0.04595620 -0.01495636
0.04598465 -0.01495694
0.04601310 -0.01495752
0.04604157 -0.01495810
0.04607004 -0.01495868
0.04609852 -0.01495926
0.04612701 -0.01495984
0.04615551 -0.01496041
0.04618402 -0.01496098
0.04621253 -0.01496155
0.04624105 -0.01496212
0.04626958 -0.01496269
0.04629812 -0.01496325
0.04632666 -0.01496382
0.04635522 -0.01496438
0.04638378 -0.01496494
0.04641235 -0.01496550
0.04644093 -0.01496605
0.04646952 -0.01496661
0.04649811 -0.01496716
0.04652671 -0.01496771
0.04655532 -0.01496826
0.04658394 -0.01496881
0.04661257 -0.01496936
0.04664120 -0.01496990
0.04666985 -0.01497045
0.04669850 -0.01497099
0.04672716 -0.01497153
0.04675582 -0.01497207
0.04678450 -0.01497260
0.04681318 -0.01497314
0.04684187 -0.01497367
0.04687057 -0.01497421
0.04689928 -0.01497474
0.04692800 -0.01497526
0.04695672 -0.01497579
0.04698545 -0.01497632
0.04701419 -0.01497684
0.04704294 -0.01497736
0.04707170 -0.01497788
0.04710046 -0.01497840
0.04712923 -0.01497892
0.04715801 -0.01497943
0.04718680 -0.01497994
0.04721560 -0.01498046
0.04724440 -0.01498097
0.04727322 -0.01498147
0.04730204 -0.01498198
0.04733086 -0.01498249
0.04735970 -0.01498299
0.04738855 -0.01498349
0.04741740 -0.01498399
0.04744626 -0.01498449
0.04747513 -0.01498499
0.04750401 -0.01498548
0.04753289 -0.01498597
0.04756178 -0.01498647
0.04759069 -0.01498696
0.04761959 -0.01498744
0.04764851 -0.01498793
0.04767744 -0.01498842
0.04770637 -0.01498890
0.04773531 -0.01498938
0.04776426 -0.01498986
0.04779322 -0.01499034
0.04782219 -0.01499082
0.04785116 -0.01499129
0.04788014 -0.01499176
0.04790913 -0.01499224
0.04793813 -0.01499271
0.04796713 -0.01499318
0.04799615 -0.01499364
0.04802517 -0.01499411
0.04805420 -0.01499457
0.04808324 -0.01499503
0.04811229 -0.01499549
0.04814134 -0.01499595
0.04817040 -0.01499641
0.04819947 -0.01499686
0.04822855 -0.01499732
0.04825764 -0.01499777
0.04828673 -0.01499822
0.04831583 -0.01499867
0.04834494 -0.01499912
0.04837406 -0.01499956
0.04840319 -0.01500001
0.04843232 -0.01500045
0.04846147 -0.01500089
0.04849062 -0.01500133
0.04851978 -0.01500176
0.04854894 -0.01500220
0.04857812 -0.01500263
0.04860730 -0.01500307
0.04863649 -0.01500350
0.04866569 -0.01500393
0.04869490 -0.01500435
0.04872411 -0.01500478
0.04875334 -0.01500520
0.04878257 -0.01500563
0.04881181 -0.01500605
0.04884105 -0.01500647
0.04887031 -0.01500688
0.04889957 -0.01500730
0.04892884 -0.01500772
0.04895812 -0.01500813
0.04898741 -0.01500854
0.04901670 -0.01500895
0.04904601 -0.01500936
0.04907532 -0.01500976
0.04910464 -0.01501017
0.04913397 -0.01501057
0.04916330 -0.01501097
0.04919265 -0.01501137
0.04922200 -0.01501177
0.04925136 -0.01501217
0.04928072 -0.01501256
0.04931010 -0.01501295
0.04933948 -0.01501335
0.04936887 -0.01501374
0.04939827 -0.01501412
0.04942768 -0.01501451
0.04945710 -0.01501490
0.04948652 -0.01501528
0.04951595 -0.01501566
0.04954539 -0.01501604
0.04957484 -0.01501642
0.04960430 -0.01501680
0.04963376 -0.01501717
0.04966323 -0.01501755
0.04969271 -0.01501792
0.04972220 -0.01501829
0.04975169 -0.01501866
0.04978120 -0.01501903
0.04981071 -0.01501939
0.04984023 -0.01501976
0.04986976 -0.01502012
0.04989929 -0.01502048
0.04992884 -0.01502084
0.04995839 -0.01502120
0.04998795 -0.01502155
0.05001752 -0.01502191
0.05004709 -0.01502226
0.05007667 -0.01502261
0.05010627 -0.01502296
0.05013587 -0.01502331
0.05016547 -0.01502366
0.05019509 -0.01502400
0.05022471 -0.01502434
0.05025435 -0.01502469
0.05028398 -0.01502503
0.05031363 -0.01502536
0.05034329 -0.01502570
0.05037295 -0.01502604
0.05040262 -0.01502637
0.05043230 -0.01502670
0.05046199 -0.01502703
0.05049169 -0.01502736
0.05052139 -0.01502769
0.05055110 -0.01502801
0.05058082 -0.01502834
0.05061055 -0.01502866
0.05064028 -0.01502898
0.05067003 -0.01502930
0.05069978 -0.01502962
0.05072954 -0.01502993
0.05075931 -0.01503025
0.05078908 -0.01503056
0.05081887 -0.01503087
0.05084866 -0.01503118
0.05087846 -0.01503149
0.05090826 -0.01503180
0.05093808 -0.01503210
0.05096790 -0.01503240
0.05099773 -0.01503271
0.05102757 -0.01503301
0.05105742 -0.01503331
0.05108728 -0.01503360
0.05111714 -0.01503390
0.05114701 -0.01503419
0.05117689 -0.01503448
0.05120678 -0.01503477
0.05123667 -0.01503506
0.05126658 -0.01503535
0.05129649 -0.01503564
0.05132641 -0.01503592
0.05135633 -0.01503620
0.05138627 -0.01503648
0.05141621 -0.01503676
0.05144616 -0.01503704
0.05147612 -0.01503732
0.05150609 -0.01503759
0.05153606 -0.01503787
0.05156605 -0.01503814
0.05159604 -0.01503841
0.05162603 -0.01503868
0.05165604 -0.01503894
0.05168606 -0.01503921
0.05171608 -0.01503947
0.05174611 -0.01503973
0.05177615 -0.01503999
0.05180619 -0.01504025
0.05183625 -0.01504051
0.05186631 -0.01504077
0.05189638 -0.01504102
0.05192646 -0.01504127
0.05195655 -0.01504153
0.05198664 -0.01504178
0.05201674 -0.01504202
0.05204685 -0.01504227
0.05207697 -0.01504251
0.05210710 -0.01504276
0.05213723 -0.01504300
0.05216737 -0.01504324
0.05219752 -0.01504348
0.05222768 -0.01504372
0.05225785 -0.01504395
0.05228802 -0.01504418
0.05231820 -0.01504442
0.05234839 -0.01504465
0.05237859 -0.01504488
0.05240879 -0.01504510
0.05243901 -0.01504533
0.05246923 -0.01504556
0.05249946 -0.01504578
0.05252970 -0.01504600
0.05255994 -0.01504622
0.05259019 -0.01504644
0.05262046 -0.01504665
0.05265072 -0.01504687
0.05268100 -0.01504708
0.05271129 -0.01504730
0.05274158 -0.01504751
0.05277188 -0.01504771
0.05280219 -0.01504792
0.05283251 -0.01504813
0.05286283 -0.01504833
0.05289316 -0.01504853
0.05292350 -0.01504874
0.05295385 -0.01504894
0.05298421 -0.01504913
0.05301457 -0.01504933
0.05304494 -0.01504952
0.05307532 -0.01504972
0.05310571 -0.01504991
0.05313611 -0.01505010
0.05316651 -0.01505029
0.05319692 -0.01505048
0.05322734 -0.01505066
0.05325777 -0.01505085
0.05328821 -0.01505103
0.05331865 -0.01505121
0.05334910 -0.01505139
0.05337956 -0.01505157
0.05341003 -0.01505174
0.05344050 -0.01505192
0.05347099 -0.01505209
0.05350148 -0.01505226
0.05353198 -0.01505243
0.05356248 -0.01505260
0.05359300 -0.01505277
0.05362352 -0.01505294
0.05365405 -0.01505310
0.05368459 -0.01505326
0.05371514 -0.01505342
0.05374569 -0.01505358
0.05377625 -0.01505374
0.05380682 -0.01505390
0.05383740 -0.01505405
0.05386799 -0.01505420
0.05389858 -0.01505436
0.05392918 -0.01505451
0.05395979 -0.01505466
0.05399041 -0.01505480
0.05402104 -0.01505495
0.05405167 -0.01505509
0.05408231 -0.01505523
0.05411296 -0.01505538
0.05414362 -0.01505551
0.05417428 -0.01505565
0.05420495 -0.01505579
0.05423563 -0.01505592
0.05426632 -0.01505606
0.05429702 -0.01505619
0.05432772 -0.01505632
0.05435844 -0.01505645
0.05438916 -0.01505658
0.05441989 -0.01505670
0.05445062 -0.01505683
0.05448137 -0.01505695
0.05451212 -0.01505707
0.05454288 -0.01505719
0.05457365 -0.01505731
0.05460442 -0.01505742
0.05463520 -0.01505754
0.05466600 -0.01505765
0.05469680 -0.01505776
0.05472760 -0.01505787
0.05475842 -0.01505798
0.05478924 -0.01505809
0.05482007 -0.01505820
0.05485091 -0.01505830
0.05488176 -0.01505840
0.05491261 -0.01505851
0.05494347 -0.01505861
0.05497434 -0.01505870
0.05500522 -0.01505880
0.05503611 -0.01505890
0.05506700 -0.01505899
0.05509790 -0.01505908
0.05512881 -0.01505917
0.05515973 -0.01505926
0.05519066 -0.01505935
0.05522159 -0.01505944
0.05525253 -0.01505952
0.05528348 -0.01505960
0.05531444 -0.01505969
0.05534540 -0.01505977
0.05537637 -0.01505984
0.05540735 -0.01505992
0.05543834 -0.01506000
0.05546934 -0.01506007
0.05550034 -0.01506014
0.05553135 -0.01506022
0.05556237 -0.01506028
0.05559340 -0.01506035
0.05562444 -0.01506042
0.05565548 -0.01506048
0.05568653 -0.01506055
0.05571759 -0.01506061
0.05574866 -0.01506067
0.05577973 -0.01506073
0.05581082 -0.01506079
0.05584191 -0.01506084
0.05587301 -0.01506090
0.05590411 -0.01506095
0.05593523 -0.01506100
0.05596635 -0.01506105
0.05599748 -0.01506110
0.05602862 -0.01506115
0.05605976 -0.01506119
0.05609092 -0.01506124
0.05612208 -0.01506128
0.05615325 -0.01506132
0.05618442 -0.01506136
0.05621561 -0.01506140
0.05624680 -0.01506144
0.05627800 -0.01506147
0.05630921 -0.01506151
0.05634043 -0.01506154
0.05637165 -0.01506157
0.05640288 -0.01506160
0.05643412 -0.01506162
0.05646537 -0.01506165
0.05649663 -0.01506168
0.05652789 -0.01506170
0.05655916 -0.01506172
0.05659044 -0.01506174
0.05662173 -0.01506176
0.05665302 -0.01506178
0.05668433 -0.01506179
0.05671564 -0.01506181
0.05674696 -0.01506182
0.05677828 -0.01506183
0.05680962 -0.01506184
0.05684096 -0.01506185
0.05687231 -0.01506186
0.05690366 -0.01506186
0.05693503 -0.01506186
0.05696640 -0.01506187
0.05699778 -0.01506187
0.05702917 -0.01506187
0.05706057 -0.01506187
0.05709198 -0.01506186
0.05712339 -0.01506186
0.05715481 -0.01506185
0.05718624 -0.01506184
0.05721767 -0.01506183
0.05724912 -0.01506182
0.05728057 -0.01506181
0.05731203 -0.01506180
0.05734349 -0.01506178
0.05737497 -0.01506176
0.05740645 -0.01506174
0.05743794 -0.01506173
0.05746944 -0.01506170
0.05750095 -0.01506168
0.05753246 -0.01506166
0.05756398 -0.01506163
0.05759551 -0.01506160
0.05762705 -0.01506158
0.05765860 -0.01506155
0.05769015 -0.01506151
0.05772171 -0.01506148
0.05775328 -0.01506145
0.05778486 -0.01506141
0.05781644 -0.01506137
0.05784804 -0.01506133
0.05787964 -0.01506129
0.05791124 -0.01506125
0.05794286 -0.01506121
0.05797448 -0.01506116
0.05800611 -0.01506112
0.05803775 -0.01506107
0.05806940 -0.01506102
0.05810106 -0.01506097
0.05813272 -0.01506092
0.05816439 -0.01506086
0.05819607 -0.01506081
0.05822775 -0.01506075
0.05825945 -0.01506069
0.05829115 -0.01506063
0.05832286 -0.01506057
0.05835458 -0.01506051
0.05838630 -0.01506045
0.05841804 -0.01506038
0.05844978 -0.01506032
0.05848153 -0.01506025
0.05851328 -0.01506018
0.05854505 -0.01506011
0.05857682 -0.01506003
0.05860860 -0.01505996
0.05864039 -0.01505988
0.05867218 -0.01505981
0.05870398 -0.01505973
0.05873580 -0.01505965
0.05876761 -0.01505957
0.05879944 -0.01505949
0.05883128 -0.01505940
0.05886312 -0.01505932
0.05889497 -0.01505923
0.05892683 -0.01505914
0.05895869 -0.01505905
0.05899056 -0.01505896
0.05902245 -0.01505887
0.05905433 -0.01505877
0.05908623 -0.01505868
0.05911814 -0.01505858
0.05915005 -0.01505848
0.05918197 -0.01505838
0.05921390 -0.01505828
0.05924583 -0.01505817
0.05927778 -0.01505807
0.05930973 -0.01505796
0.05934169 -0.01505786
0.05937365 -0.01505775
0.05940563 -0.01505764
0.05943761 -0.01505753
0.05946960 -0.01505741
0.05950160 -0.01505730
0.05953360 -0.01505718
0.05956562 -0.01505706
0.05959764 -0.01505695
0.05962967 -0.01505683
0.05966170 -0.01505670
0.05969375 -0.01505658
0.05972580 -0.01505646
0.05975786 -0.01505633
0.05978993 -0.01505620
0.05982200 -0.01505607
0.05985409 -0.01505594
0.05988618 -0.01505581
0.05991828 -0.01505568
0.05995039 -0.01505554
0.05998250 -0.01505541
0.06001462 -0.01505527
0.06004675 -0.01505513
0.06007889 -0.01505499
0.06011104 -0.01505485
0.06014319 -0.01505470
0.06017535 -0.01505456
0.06020752 -0.01505441
0.06023970 -0.01505427
0.06027188 -0.01505412
0.06030407 -0.01505397
0.06033627 -0.01505381
0.06036848 -0.01505366
0.06040070 -0.01505351
0.06043292 -0.01505335
0.06046515 -0.01505319
0.06049739 -0.01505303
0.06052964 -0.01505287
0.06056189 -0.01505271
0.06059415 -0.01505255
0.06062642 -0.01505238
0.06065870 -0.01505222
0.06069098 -0.01505205
0.06072328 -0.01505188
0.06075558 -0.01505171
0.06078789 -0.01505154
0.06082020 -0.01505136
0.06085253 -0.01505119
0.06088486 -0.01505101
0.06091720 -0.01505084
0.06094955 -0.01505066
0.06098190 -0.01505048
0.06101426 -0.01505030
0.06104663 -0.01505011
0.06107901 -0.01504993
0.06111140 -0.01504974
0.06114379 -0.01504955
0.06117619 -0.01504936
0.06120860 -0.01504917
0.06124102 -0.01504898
0.06127345 -0.01504879
0.06130588 -0.01504859
0.06133832 -0.01504840
0.06137077 -0.01504820
0.06140322 -0.01504800
0.06143569 -0.01504780
0.06146816 -0.01504760
0.06150064 -0.01504740
0.06153312 -0.01504719
0.06156562 -0.01504699
0.06159812 -0.01504678
0.06163063 -0.01504657
0.06166315 -0.01504636
0.06169567 -0.01504615
0.06172820 -0.01504594
0.06176074 -0.01504572
0.06179329 -0.01504551
0.06182585 -0.01504529
0.06185841 -0.01504507
0.06189098 -0.01504485
0.06192356 -0.01504463
0.06195615 -0.01504441
0.06198875 -0.01504418
0.06202135 -0.01504396
0.06205396 -0.01504373
0.06208658 -0.01504350
0.06211920 -0.01504327
0.06215184 -0.01504304
0.06218448 -0.01504281
0.06221713 -0.01504258
0.06224978 -0.01504234
0.06228245 -0.01504210
0.06231512 -0.01504186
0.06234780 -0.01504163
0.06238049 -0.01504138
0.06241318 -0.01504114
0.06244588 -0.01504090
0.06247859 -0.01504065
0.06251131 -0.01504041
0.06254404 -0.01504016
0.06257677 -0.01503991
0.06260951 -0.01503966
0.06264226 -0.01503941
0.06267502 -0.01503915
0.06270778 -0.01503890
0.06274056 -0.01503864
0.06277334 -0.01503838
0.06280612 -0.01503812
0.06283892 -0.01503786
0.06287172 -0.01503760
0.06290453 -0.01503734
0.06293735 -0.01503707
0.06297018 -0.01503681
0.06300301 -0.01503654
0.06303585 -0.01503627
0.06306870 -0.01503600
0.06310156 -0.01503573
0.06313443 -0.01503546
0.06316730 -0.01503518
0.06320018 -0.01503491
0.06323307 -0.01503463
0.06326596 -0.01503435
0.06329886 -0.01503407
0.06333178 -0.01503379
0.06336469 -0.01503351
0.06339762 -0.01503322
0.06343055 -0.01503294
0.06346350 -0.01503265
0.06349644 -0.01503236
0.06352940 -0.01503207
0.06356237 -0.01503178
0.06359534 -0.01503149
0.06362832 -0.01503120
0.06366131 -0.01503090
0.06369430 -0.01503060
0.06372731 -0.01503031
0.06376032 -0.01503001
0.06379333 -0.01502971
0.06382636 -0.01502940
0.06385939 -0.01502910
0.06389244 -0.01502880
0.06392549 -0.01502849
0.06395854 -0.01502818
0.06399161 -0.01502787
0.06402468 -0.01502756
0.06405776 -0.01502725
0.06409085 -0.01502694
0.06412394 -0.01502662
0.06415705 -0.01502631
0.06419016 -0.01502599
0.06422327 -0.01502567
0.06425640 -0.01502535
0.06428953 -0.01502503
0.06432268 -0.01502471
0.06435582 -0.01502438
0.06438898 -0.01502406
0.06442215 -0.01502373
0.06445532 -0.01502340
0.06448850 -0.01502308
0.06452168 -0.01502274
0.06455488 -0.01502241
0.06458808 -0.01502208
0.06462129 -0.01502174
0.06465451 -0.01502141
0.06468774 -0.01502107
0.06472097 -0.01502073
0.06475421 -0.01502039
0.06478746 -0.01502005
0.06482072 -0.01501970
0.06485398 -0.01501936
0.06488725 -0.01501901
0.06492053 -0.01501867
0.06495382 -0.01501832
0.06498711 -0.01501797
0.06502041 -0.01501762
0.06505372 -0.01501726
0.06508704 -0.01501691
0.06512037 -0.01501656
0.06515370 -0.01501620
0.06518704 -0.01501584
0.06522039 -0.01501548
0.06525374 -0.01501512
0.06528711 -0.01501476
0.06532048 -0.01501439
0.06535386 -0.01501403
0.06538724 -0.01501366
0.06542064 -0.01501330
0.06545404 -0.01501293
0.06548745 -0.01501256
0.06552087 -0.01501218
0.06555429 -0.01501181
0.06558772 -0.01501144
0.06562116 -0.01501106
0.06565461 -0.01501068
0.06568807 -0.01501031
0.06572153 -0.01500993
0.06575500 -0.01500954
0.06578848 -0.01500916
0.06582196 -0.01500878
0.06585546 -0.01500839
0.06588896 -0.01500801
0.06592247 -0.01500762
0.06595598 -0.01500723
0.06598951 -0.01500684
0.06602304 -0.01500645
0.06605658 -0.01500605
0.06609013 -0.01500566
0.06612368 -0.01500526
0.06615724 -0.01500487
0.06619081 -0.01500447
0.06622439 -0.01500407
0.06625797 -0.01500367
0.06629157 -0.01500326
0.06632517 -0.01500286
0.06635878 -0.01500245
0.06639239 -0.01500205
0.06642601 -0.01500164
0.06645965 -0.01500123
0.06649328 -0.01500082
0.06652693 -0.01500041
0.06656058 -0.01499999
0.06659424 -0.01499958
0.06662791 -0.01499916
0.06666159 -0.01499874
0.06669527 -0.01499833
0.06672897 -0.01499790
0.06676267 -0.01499748
0.06679637 -0.01499706
0.06683009 -0.01499664
0.06686381 -0.01499621
0.06689754 -0.01499578
0.06693128 -0.01499536
0.06696502 -0.01499493
0.06699878 -0.01499450
0.06703254 -0.01499406
0.06706630 -0.01499363
0.06710008 -0.01499319
0.06713386 -0.01499276
0.06716765 -0.01499232
0.06720145 -0.01499188
0.06723526 -0.01499144
0.06726907 -0.01499100
0.06730289 -0.01499056
0.06733672 -0.01499011
0.06737056 -0.01498967
0.06740440 -0.01498922
0.06743825 -0.01498877
0.06747211 -0.01498832
0.06750598 -0.01498787
0.06753985 -0.01498742
0.06757374 -0.01498697
0.06760763 -0.01498651
0.06764152 -0.01498606
0.06767543 -0.01498560
0.06770934 -0.01498514
0.06774326 -0.01498468
0.06777719 -0.01498422
0.06781112 -0.01498376
0.06784507 -0.01498329
0.06787902 -0.01498283
0.06791297 -0.01498236
0.06794694 -0.01498189
0.06798091 -0.01498142
0.06801489 -0.01498095
0.06804888 -0.01498048
0.06808288 -0.01498001
0.06811688 -0.01497953
0.06815089 -0.01497906
0.06818491 -0.01497858
0.06821894 -0.01497810
0.06825297 -0.01497762
0.06828701 -0.01497714
0.06832106 -0.01497666
0.06835512 -0.01497617
0.06838918 -0.01497569
0.06842325 -0.01497520
0.06845733 -0.01497471
0.06849142 -0.01497422
0.06852552 -0.01497373
0.06855962 -0.01497324
0.06859373 -0.01497275
0.06862784 -0.01497225
0.06866197 -0.01497176
0.06869610 -0.01497126
0.06873024 -0.01497076
0.06876439 -0.01497026
0.06879854 -0.01496976
0.06883271 -0.01496926
0.06886688 -0.01496876
0.06890106 -0.01496825
0.06893524 -0.01496775
0.06896943 -0.01496724
0.06900363 -0.01496673
0.06903784 -0.01496622
0.06907206 -0.01496571
0.06910628 -0.01496519
0.06914051 -0.01496468
0.06917475 -0.01496416
0.06920900 -0.01496365
0.06924325 -0.01496313
0.06927751 -0.01496261
0.06931178 -0.01496209
0.06934606 -0.01496157
0.06938034 -0.01496105
0.06941463 -0.01496052
0.06944893 -0.01496000
0.06948324 -0.01495947
0.06951755 -0.01495894
0.06955187 -0.01495841
0.06958620 -0.01495788
0.06962054 -0.01495735
0.06965488 -0.01495681
0.06968923 -0.01495628
0.06972359 -0.01495574
0.06975796 -0.01495520
0.06979234 -0.01495467
0.06982672 -0.01495413
0.06986111 -0.01495358
0.06989550 -0.01495304
0.06992991 -0.01495250
0.06996432 -0.01495195
0.06999874 -0.01495141
0.07003317 -0.01495086
0.07006760 -0.01495031
0.07010205 -0.01494976
0.07013650 -0.01494921
0.07017095 -0.01494865
0.07020542 -0.01494810
0.07023989 -0.01494754
0.07027437 -0.01494699
0.07030886 -0.01494643
0.07034335 -0.01494587
0.07037786 -0.01494531
0.07041237 -0.01494475
0.07044689 -0.01494418
0.07048141 -0.01494362
0.07051594 -0.01494305
0.07055048 -0.01494248
0.07058503 -0.01494192
0.07061959 -0.01494135
0.07065415 -0.01494077
0.07068872 -0.01494020
0.07072330 -0.01493963
0.07075789 -0.01493905
0.07079248 -0.01493848
0.07082708 -0.01493790
0.07086169 -0.01493732
0.07089630 -0.01493674
0.07093093 -0.01493616
0.07096556 -0.01493558
0.07100020 -0.01493499
0.07103484 -0.01493441
0.07106949 -0.01493382
0.07110416 -0.01493323
0.07113882 -0.01493264
0.07117350 -0.01493205
0.07120818 -0.01493146
0.07124287 -0.01493087
0.07127757 -0.01493027
0.07131228 -0.01492968
0.07134699 -0.01492908
0.07138171 -0.01492848
0.07141644 -0.01492788
0.07145118 -0.01492728
0.07148592 -0.01492668
0.07152067 -0.01492608
0.07155543 -0.01492547
0.07159020 -0.01492487
0.07162497 -0.01492426
0.07165975 -0.01492365
0.07169454 -0.01492304
0.07172934 -0.01492243
0.07176414 -0.01492182
0.07179895 -0.01492121
0.07183377 -0.01492059
0.07186860 -0.01491998
0.07190343 -0.01491936
0.07193827 -0.01491874
0.07197312 -0.01491812
0.07200798 -0.01491750
0.07204284 -0.01491688
0.07207771 -0.01491625
0.07211259 -0.01491563
0.07214748 -0.01491500
0.07218237 -0.01491437
0.07221727 -0.01491375
0.07225218 -0.01491312
0.07228710 -0.01491248
0.07232202 -0.01491185
0.07235696 -0.01491122
0.07239189 -0.01491058
0.07242684 -0.01490995
0.07246179 -0.01490931
0.07249676 -0.01490867
0.07253172 -0.01490803
0.07256670 -0.01490739
0.07260168 -0.01490675
0.07263668 -0.01490610
0.07267167 -0.01490546
0.07270668 -0.01490481
0.07274169 -0.01490416
0.07277672 -0.01490351
0.07281174 -0.01490286
0.07284678 -0.01490221
0.07288182 -0.01490156
0.07291688 -0.01490090
0.07295193 -0.01490025
0.07298700 -0.01489959
0.07302207 -0.01489894
0.07305716 -0.01489828
0.07309224 -0.01489762
0.07312734 -0.01489695
0.07316244 -0.01489629
0.07319755 -0.01489563
0.07323267 -0.01489496
0.07326780 -0.01489430
0.07330293 -0.01489363
0.07333807 -0.01489296
0.07337322 -0.01489229
0.07340838 -0.01489162
0.07344354 -0.01489094
0.07347871 -0.01489027
0.07351389 -0.01488959
0.07354908 -0.01488892
0.07358427 -0.01488824
0.07361947 -0.01488756
0.07365468 -0.01488688
0.07368989 -0.01488620
0.07372512 -0.01488551
0.07376035 -0.01488483
0.07379559 -0.01488415
0.07383083 -0.01488346
0.07386609 -0.01488277
0.07390135 -0.01488208
0.07393661 -0.01488139
0.07397189 -0.01488070
0.07400717 -0.01488001
0.07404246 -0.01487931
0.07407776 -0.01487862
0.07411307 -0.01487792
0.07414838 -0.01487722
0.07418370 -0.01487652
0.07421903 -0.01487582
0.07425436 -0.01487512
0.07428970 -0.01487442
0.07432505 -0.01487371
0.07436041 -0.01487301
0.07439578 -0.01487230
0.07443115 -0.01487159
0.07446653 -0.01487088
0.07450192 -0.01487017
0.07453731 -0.01486946
0.07457271 -0.01486875
0.07460812 -0.01486804
0.07464354 -0.01486732
0.07467896 -0.01486660
0.07471440 -0.01486589
0.07474984 -0.01486517
0.07478528 -0.01486445
0.07482074 -0.01486372
0.07485620 -0.01486300
0.07489167 -0.01486228
0.07492714 -0.01486155
0.07496263 -0.01486083
0.07499812 -0.01486010
0.07503362 -0.01485937
0.07506913 -0.01485864
0.07510464 -0.01485791
0.07514016 -0.01485717
0.07517569 -0.01485644
0.07521123 -0.01485571
0.07524677 -0.01485497
0.07528232 -0.01485423
0.07531788 -0.01485349
0.07535345 -0.01485275
0.07538902 -0.01485201
0.07542460 -0.01485127
0.07546019 -0.01485052
0.07549578 -0.01484978
0.07553139 -0.01484903
0.07556700 -0.01484829
0.07560262 -0.01484754
0.07563824 -0.01484679
0.07567387 -0.01484604
0.07570951 -0.01484528
0.07574516 -0.01484453
0.07578082 -0.01484377
0.07581648 -0.01484302
0.07585215 -0.01484226
0.07588783 -0.01484150
0.07592351 -0.01484074
0.07595920 -0.01483998
0.07599490 -0.01483922
0.07603061 -0.01483846
0.07606632 -0.01483769
0.07610205 -0.01483693
0.07613778 -0.01483616
0.07617351 -0.01483539
0.07620926 -0.01483462
0.07624501 -0.01483385
0.07628077 -0.01483308
0.07631653 -0.01483230
0.07635231 -0.01483153
0.07638809 -0.01483075
0.07642388 -0.01482998
0.07645967 -0.01482920
0.07649548 -0.01482842
0.07653129 -0.01482764
0.07656711 -0.01482686
0.07660293 -0.01482607
0.07663876 -0.01482529
0.07667461 -0.01482450
0.07671045 -0.01482372
0.07674631 -0.01482293
0.07678217 -0.01482214
0.07681804 -0.01482135
0.07685392 -0.01482056
0.07688980 -0.01481976
0.07692570 -0.01481897
0.07696160 -0.01481818
0.07699750 -0.01481738
0.07703342 -0.01481658
0.07706934 -0.01481578
0.07710527 -0.01481498
0.07714121 -0.01481418
0.07717715 -0.01481338
0.07721310 -0.01481257
0.07724906 -0.01481177
0.07728503 -0.01481096
0.07732100 -0.01481016
0.07735698 -0.01480935
0.07739297 -0.01480854
0.07742897 -0.01480773
0.07746497 -0.01480691
0.07750098 -0.01480610
0.07753700 -0.01480529
0.07757302 -0.01480447
0.07760906 -0.01480365
0.07764510 -0.01480283
0.07768114 -0.01480201
0.07771720 -0.01480119
0.07775326 -0.01480037
0.07778933 -0.01479955
0.07782541 -0.01479872
0.07786149 -0.01479790
0.07789758 -0.01479707
0.07793368 -0.01479624
0.07796979 -0.01479541
0.07800590 -0.01479458
0.07804203 -0.01479375
0.07807815 -0.01479292
0.07811429 -0.01479209
0.07815043 -0.01479125
0.07818658 -0.01479041
0.07822274 -0.01478958
0.07825891 -0.01478874
0.07829508 -0.01478790
0.07833126 -0.01478706
0.07836745 -0.01478621
0.07840365 -0.01478537
0.07843985 -0.01478453
0.07847606 -0.01478368
0.07851227 -0.01478283
0.07854850 -0.01478198
0.07858473 -0.01478113
0.07862097 -0.01478028
0.07865722 -0.01477943
0.07869347 -0.01477858
0.07872973 -0.01477772
0.07876600 -0.01477687
0.07880228 -0.01477601
0.07883856 -0.01477515
0.07887485 -0.01477429
0.07891115 -0.01477343
0.07894746 -0.01477257
0.07898377 -0.01477171
0.07902009 -0.01477085
0.07905642 -0.01476998
0.07909275 -0.01476911
0.07912909 -0.01476825
0.07916544 -0.01476738
0.07920180 -0.01476651
0.07923817 -0.01476564
0.07927454 -0.01476476
0.07931092 -0.01476389
0.07934730 -0.01476302
0.07938370 -0.01476214
0.07942010 -0.01476126
0.07945651 -0.01476038
0.07949292 -0.01475950
0.07952935 -0.01475862
0.07956578 -0.01475774
0.07960222 -0.01475686
0.07963866 -0.01475597
0.07967511 -0.01475509
0.07971157 -0.01475420
0.07974804 -0.01475331
0.07978452 -0.01475243
0.07982100 -0.01475153
0.07985749 -0.01475064
0.07989398 -0.01474975
0.07993049 -0.01474886
0.07996700 -0.01474796
0.08000352 -0.01474707
0.08004004 -0.01474617
0.08007658 -0.01474527
0.08011312 -0.01474437
0.08014967 -0.01474347
0.08018622 -0.01474257
0.08022278 -0.01474166
0.08025935 -0.01474076
0.08029593 -0.01473985
0.08033252 -0.01473895
0.08036911 -0.01473804
0.08040571 -0.01473713
0.08044231 -0.01473622
0.08047893 -0.01473531
0.08051555 -0.01473440
0.08055218 -0.01473348
0.08058882 -0.01473257
0.08062546 -0.01473165
0.08066211 -0.01473073
0.08069877 -0.01472981
0.08073543 -0.01472889
0.08077211 -0.01472797
0.08080879 -0.01472705
0.08084547 -0.01472613
0.08088217 -0.01472520
0.08091887 -0.01472428
0.08095558 -0.01472335
0.08099229 -0.01472242
0.08102902 -0.01472149
0.08106575 -0.01472056
0.08110249 -0.01471963
0.08113923 -0.01471870
0.08117599 -0.01471777
0.08121275 -0.01471683
0.08124952 -0.01471589
0.08128629 -0.01471496
0.08132307 -0.01471402
0.08135986 -0.01471308
0.08139666 -0.01471214
0.08143346 -0.01471119
0.08147028 -0.01471025
0.08150709 -0.01470931
0.08154392 -0.01470836
0.08158075 -0.01470741
0.08161760 -0.01470647
0.08165444 -0.01470552
0.08169130 -0.01470457
0.08172816 -0.01470362
0.08176503 -0.01470266
0.08180191 -0.01470171
0.08183879 -0.01470075
0.08187569 -0.01469980
0.08191259 -0.01469884
0.08194949 -0.01469788
0.08198641 -0.01469692
0.08202333 -0.01469596
0.08206026 -0.01469500
0.08209719 -0.01469404
0.08213413 -0.01469307
0.08217108 -0.01469211
0.08220804 -0.01469114
0.08224501 -0.01469017
0.08228198 -0.01468920
0.08231896 -0.01468823
0.08235595 -0.01468726
0.08239294 -0.01468629
0.08242994 -0.01468532
0.08246695 -0.01468434
0.08250397 -0.01468337
0.08254099 -0.01468239
0.08257802 -0.01468141
0.08261506 -0.01468043
0.08265210 -0.01467945
0.08268915 -0.01467847
0.08272621 -0.01467749
0.08276328 -0.01467650
0.08280036 -0.01467552
0.08283744 -0.01467453
0.08287453 -0.01467354
0.08291162 -0.01467255
0.08294873 -0.01467156
0.08298584 -0.01467057
0.08302295 -0.01466958
0.08306008 -0.01466859
0.08309721 -0.01466759
0.08313435 -0.01466660
0.08317150 -0.01466560
0.08320865 -0.01466460
0.08324581 -0.01466360
0.08328298 -0.01466260
0.08332016 -0.01466160
0.08335734 -0.01466060
0.08339453 -0.01465960
0.08343173 -0.01465859
0.08346894 -0.01465759
0.08350615 -0.01465658
0.08354337 -0.01465557
0.08358059 -0.01465456
0.08361783 -0.01465355
0.08365507 -0.01465254
0.08369232 -0.01465153
0.08372958 -0.01465051
0.08376684 -0.01464950
0.08380411 -0.01464848
0.08384139 -0.01464746
0.08387867 -0.01464644
0.08391596 -0.01464542
0.08395326 -0.01464440
0.08399057 -0.01464338
0.08402788 -0.01464236
0.08406521 -0.01464133
0.08410253 -0.01464031
0.08413987 -0.01463928
0.08417721 -0.01463825
0.08421456 -0.01463722
0.08425192 -0.01463619
0.08428929 -0.01463516
0.08432666 -0.01463413
0.08436404 -0.01463310
0.08440142 -0.01463206
0.08443882 -0.01463103
0.08447622 -0.01462999
0.08451363 -0.01462895
0.08455104 -0.01462791
0.08458847 -0.01462687
0.08462590 -0.01462583
0.08466333 -0.01462479
0.08470078 -0.01462374
0.08473823 -0.01462270
0.08477569 -0.01462165
0.08481315 -0.01462061
0.08485063 -0.01461956
0.08488811 -0.01461851
0.08492560 -0.01461746
0.08496309 -0.01461640
0.08500059 -0.01461535
0.08503810 -0.01461430
0.08507562 -0.01461324
0.08511315 -0.01461219
0.08515068 -0.01461113
0.08518822 -0.01461007
0.08522576 -0.01460901
0.08526331 -0.01460795
0.08530087 -0.01460689
0.08533844 -0.01460582
0.08537602 -0.01460476
0.08541360 -0.01460369
0.08545119 -0.01460263
0.08548878 -0.01460156
0.08552639 -0.01460049
0.08556400 -0.01459942
0.08560162 -0.01459835
0.08563924 -0.01459728
0.08567687 -0.01459621
0.08571451 -0.01459513
0.08575216 -0.01459405
0.08578982 -0.01459298
0.08582748 -0.01459190
0.08586515 -0.01459082
0.08590282 -0.01458974
0.08594051 -0.01458866
0.08597820 -0.01458758
0.08601589 -0.01458649
0.08605360 -0.01458541
0.08609131 -0.01458432
0.08612903 -0.01458324
0.08616676 -0.01458215
0.08620449 -0.01458106
0.08624223 -0.01457997
0.08627998 -0.01457888
0.08631773 -0.01457779
0.08635550 -0.01457669
0.08639326 -0.01457560
0.08643104 -0.01457450
0.08646883 -0.01457340
0.08650662 -0.01457231
0.08654442 -0.01457121
0.08658222 -0.01457011
0.08662003 -0.01456900
0.08665785 -0.01456790
0.08669568 -0.01456680
0.08673352 -0.01456569
0.08677136 -0.01456459
0.08680921 -0.01456348
0.08684706 -0.01456237
0.08688493 -0.01456126
0.08692280 -0.01456015
0.08696067 -0.01455904
0.08699856 -0.01455793
0.08703645 -0.01455681
0.08707435 -0.01455570
0.08711226 -0.01455458
0.08715017 -0.01455347
0.08718809 -0.01455235
0.08722602 -0.01455123
0.08726395 -0.01455011
0.08730190 -0.01454899
0.08733985 -0.01454786
0.08737780 -0.01454674
0.08741577 -0.01454561
0.08745374 -0.01454449
0.08749172 -0.01454336
0.08752970 -0.01454223
0.08756770 -0.01454110
0.08760569 -0.01453997
0.08764370 -0.01453884
0.08768172 -0.01453771
0.08771974 -0.01453657
0.08775777 -0.01453544
0.08779580 -0.01453430
0.08783385 -0.01453316
0.08787190 -0.01453203
0.08790995 -0.01453089
0.08794802 -0.01452975
0.08798609 -0.01452860
0.08802417 -0.01452746
0.08806225 -0.01452632
0.08810035 -0.01452517
0.08813845 -0.01452403
0.08817656 -0.01452288
0.08821467 -0.01452173
0.08825279 -0.01452058
0.08829092 -0.01451943
0.08832906 -0.01451828
0.08836720 -0.01451713
0.08840535 -0.01451597
0.08844351 -0.01451482
0.08848167 -0.01451366
0.08851985 -0.01451250
0.08855803 -0.01451135
0.08859621 -0.01451019
0.08863441 -0.01450903
0.08867261 -0.01450786
0.08871081 -0.01450670
0.08874903 -0.01450554
0.08878725 -0.01450437
0.08882548 -0.01450321
0.08886372 -0.01450204
0.08890196 -0.01450087
0.08894021 -0.01449970
0.08897847 -0.01449853
0.08901673 -0.01449736
0.08905501 -0.01449619
0.08909329 -0.01449501
0.08913157 -0.01449384
0.08916987 -0.01449266
0.08920817 -0.01449148
0.08924648 -0.01449031
0.08928479 -0.01448913
0.08932311 -0.01448795
0.08936144 -0.01448676
0.08939978 -0.01448558
0.08943812 -0.01448440
0.08947647 -0.01448321
0.08951483 -0.01448203
0.08955320 -0.01448084
0.08959157 -0.01447965
0.08962995 -0.01447846
0.08966834 -0.01447727
0.08970673 -0.01447608
0.08974513 -0.01447489
0.08978354 -0.01447370
0.08982195 -0.01447250
0.08986038 -0.01447130
0.08989881 -0.01447011
0.08993724 -0.01446891
0.08997569 -0.01446771
0.09001414 -0.01446651
0.09005260 -0.01446531
0.09009106 -0.01446411
0.09012953 -0.01446290
0.09016801 -0.01446170
0.09020650 -0.01446049
0.09024499 -0.01445929
0.09028349 -0.01445808
0.09032200 -0.01445687
0.09036052 -0.01445566
0.09039904 -0.01445445
0.09043757 -0.01445324
0.09047611 -0.01445202
0.09051465 -0.01445081
0.09055320 -0.01444959
0.09059176 -0.01444838
0.09063032 -0.01444716
0.09066890 -0.01444594
0.09070747 -0.01444472
0.09074606 -0.01444350
0.09078465 -0.01444228
0.09082325 -0.01444105
0.09086186 -0.01443983
0.09090048 -0.01443861
0.09093910 -0.01443738
0.09097773 -0.01443615
0.09101636 -0.01443492
0.09105501 -0.01443369
0.09109366 -0.01443246
0.09113232 -0.01443123
0.09117098 -0.01443000
0.09120965 -0.01442876
0.09124833 -0.01442753
0.09128702 -0.01442629
0.09132571 -0.01442506
0.09136441 -0.01442382
0.09140312 -0.01442258
0.09144183 -0.01442134
0.09148055 -0.01442010
0.09151928 -0.01441885
0.09155802 -0.01441761
0.09159676 -0.01441637
0.09163551 -0.01441512
0.09167427 -0.01441387
0.09171303 -0.01441262
0.09175180 -0.01441138
0.09179058 -0.01441013
0.09182937 -0.01440887
0.09186816 -0.01440762
0.09190696 -0.01440637
0.09194577 -0.01440511
0.09198458 -0.01440386
0.09202340 -0.01440260
0.09206223 -0.01440134
0.09210106 -0.01440009
0.09213991 -0.01439883
0.09217876 -0.01439756
0.09221761 -0.01439630
0.09225648 -0.01439504
0.09229535 -0.01439378
0.09233422 -0.01439251
0.09237311 -0.01439124
0.09241200 -0.01438998
0.09245090 -0.01438871
0.09248981 -0.01438744
0.09252872 -0.01438617
0.09256764 -0.01438490
0.09260657 -0.01438362
0.09264550 -0.01438235
0.09268444 -0.01438107
0.09272339 -0.01437980
0.09276235 -0.01437852
0.09280131 -0.01437724
0.09284028 -0.01437596
0.09287926 -0.01437468
0.09291824 -0.01437340
0.09295723 -0.01437212
0.09299623 -0.01437084
0.09303523 -0.01436955
0.09307425 -0.01436827
0.09311327 -0.01436698
0.09315229 -0.01436569
0.09319133 -0.01436440
0.09323037 -0.01436311
0.09326941 -0.01436182
0.09330847 -0.01436053
0.09334753 -0.01435924
0.09338660 -0.01435794
0.09342567 -0.01435665
0.09346476 -0.01435535
0.09350385 -0.01435406
0.09354294 -0.01435276
0.09358205 -0.01435146
0.09362116 -0.01435016
0.09366028 -0.01434886
0.09369940 -0.01434755
0.09373854 -0.01434625
0.09377768 -0.01434494
0.09381682 -0.01434364
0.09385598 -0.01434233
0.09389514 -0.01434102
0.09393430 -0.01433971
0.09397348 -0.01433840
0.09401266 -0.01433709
0.09405185 -0.01433578
0.09409105 -0.01433447
0.09413025 -0.01433315
0.09416946 -0.01433184
0.09420868 -0.01433052
0.09424790 -0.01432920
0.09428713 -0.01432788
0.09432637 -0.01432657
0.09436561 -0.01432524
0.09440487 -0.01432392
0.09444413 -0.01432260
0.09448339 -0.01432128
0.09452267 -0.01431995
0.09456195 -0.01431863
0.09460123 -0.01431730
0.09464053 -0.01431597
0.09467983 -0.01431464
0.09471914 -0.01431331
0.09475846 -0.01431198
0.09479778 -0.01431065
0.09483711 -0.01430931
0.09487644 -0.01430798
0.09491579 -0.01430664
0.09495514 -0.01430531
0.09499450 -0.01430397
0.09503386 -0.01430263
0.09507323 -0.01430129
0.09511261 -0.01429995
0.09515200 -0.01429861
0.09519139 -0.01429727
0.09523079 -0.01429592
0.09527020 -0.01429458
0.09530961 -0.01429323
0.09534904 -0.01429188
0.09538846 -0.01429054
0.09542790 -0.01428919
0.09546734 -0.01428784
0.09550679 -0.01428648
0.09554625 -0.01428513
0.09558571 -0.01428378
0.09562518 -0.01428242
0.09566466 -0.01428107
0.09570414 -0.01427971
0.09574364 -0.01427836
0.09578313 -0.01427700
0.09582264 -0.01427564
0.09586215 -0.01427428
0.09590167 -0.01427291
0.09594120 -0.01427155
0.09598073 -0.01427019
0.09602027 -0.01426882
0.09605982 -0.01426746
0.09609938 -0.01426609
0.09613894 -0.01426472
0.09617851 -0.01426335
0.09621808 -0.01426198
0.09625766 -0.01426061
0.09629725 -0.01425924
0.09633685 -0.01425787
0.09637646 -0.01425649
0.09641607 -0.01425512
0.09645568 -0.01425374
0.09649531 -0.01425236
0.09653494 -0.01425098
0.09657458 -0.01424960
0.09661423 -0.01424822
0.09665388 -0.01424684
0.09669354 -0.01424546
0.09673320 -0.01424408
0.09677288 -0.01424269
0.09681256 -0.01424131
0.09685225 -0.01423992
0.09689194 -0.01423853
0.09693164 -0.01423714
0.09697135 -0.01423575
0.09701107 -0.01423436
0.09705079 -0.01423297
0.09709052 -0.01423158
0.09713026 -0.01423018
0.09717000 -0.01422879
0.09720975 -0.01422739
0.09724951 -0.01422599
0.09728928 -0.01422459
0.09732905 -0.01422320
0.09736883 -0.01422180
0.09740861 -0.01422039
0.09744841 -0.01421899
0.09748821 -0.01421759
0.09752801 -0.01421618
0.09756783 -0.01421478
0.09760765 -0.01421337
0.09764747 -0.01421196
0.09768731 -0.01421056
0.09772715 -0.01420915
0.09776700 -0.01420774
0.09780686 -0.01420632
0.09784672 -0.01420491
0.09788659 -0.01420350
0.09792646 -0.01420208
0.09796635 -0.01420067
0.09800624 -0.01419925
0.09804614 -0.01419783
0.09808604 -0.01419641
0.09812595 -0.01419499
0.09816587 -0.01419357
0.09820580 -0.01419215
0.09824573 -0.01419073
0.09828567 -0.01418930
0.09832561 -0.01418788
0.09836557 -0.01418645
0.09840553 -0.01418502
0.09844550 -0.01418360
0.09848547 -0.01418217
0.09852545 -0.01418074
0.09856544 -0.01417931
0.09860543 -0.01417787
0.09864544 -0.01417644
0.09868545 -0.01417501
0.09872546 -0.01417357
0.09876549 -0.01417213
0.09880552 -0.01417070
0.09884555 -0.01416926
0.09888560 -0.01416782
0.09892565 -0.01416638
0.09896571 -0.01416494
0.09900577 -0.01416349
0.09904584 -0.01416205
0.09908592 -0.01416061
0.09912601 -0.01415916
0.09916610 -0.01415771
0.09920620 -0.01415627
0.09924631 -0.01415482
0.09928642 -0.01415337
0.09932654 -0.01415192
0.09936667 -0.01415046
0.09940680 -0.01414901
0.09944694 -0.01414756
0.09948709 -0.01414610
0.09952725 -0.01414465
0.09956741 -0.01414319
0.09960758 -0.01414173
0.09964775 -0.01414027
0.09968794 -0.01413881
0.09972813 -0.01413735
0.09976832 -0.01413589
0.09980853 -0.01413443
0.09984874 -0.01413296
0.09988896 -0.01413150
0.09992918 -0.01413003
0.09996941 -0.01412857
0.10000965 -0.01412710
0.10004990 -0.01412563
0.10009015 -0.01412416
0.10013041 -0.01412269
0.10017067 -0.01412122
0.10021095 -0.01411974
0.10025123 -0.01411827
0.10029151 -0.01411679
0.10033181 -0.01411532
0.10037211 -0.01411384
0.10041242 -0.01411236
0.10045273 -0.01411088
0.10049305 -0.01410940
0.10053338 -0.01410792
0.10057372 -0.01410644
0.10061406 -0.01410496
0.10065441 -0.01410347
0.10069477 -0.01410199
0.10073513 -0.01410050
0.10077550 -0.01409901
0.10081588 -0.01409752
0.10085626 -0.01409603
0.10089665 -0.01409454
0.10093705 -0.01409305
0.10097746 -0.01409156
0.10101787 -0.01409007
0.10105829 -0.01408857
0.10109871 -0.01408708
0.10113915 -0.01408558
0.10117958 -0.01408408
0.10122003 -0.01408258
0.10126048 -0.01408109
0.10130094 -0.01407958
0.10134141 -0.01407808
0.10138189 -0.01407658
0.10142237 -0.01407508
0.10146285 -0.01407357
0.10150335 -0.01407207
0.10154385 -0.01407056
0.10158436 -0.01406905
0.10162488 -0.01406754
0.10166540 -0.01406604
0.10170593 -0.01406452
0.10174646 -0.01406301
0.10178701 -0.01406150
0.10182756 -0.01405999
0.10186811 -0.01405847
0.10190868 -0.01405696
0.10194925 -0.01405544
0.10198983 -0.01405392
0.10203041 -0.01405240
0.10207100 -0.01405088
0.10211160 -0.01404936
0.10215221 -0.01404784
0.10219282 -0.01404632
0.10223344 -0.01404480
0.10227406 -0.01404327
0.10231470 -0.01404175
0.10235534 -0.01404022
0.10239598 -0.01403869
0.10243664 -0.01403716
0.10247730 -0.01403563
0.10251796 -0.01403410
0.10255864 -0.01403257
0.10259932 -0.01403104
0.10264001 -0.01402951
0.10268070 -0.01402797
0.10272140 -0.01402644
0.10276211 -0.01402490
0.10280283 -0.01402336
0.10284355 -0.01402182
0.10288428 -0.01402028
0.10292502 -0.01401874
0.10296576 -0.01401720
0.10300651 -0.01401566
0.10304727 -0.01401412
0.10308803 -0.01401257
0.10312880 -0.01401103
0.10316958 -0.01400948
0.10321036 -0.01400793
0.10325116 -0.01400638
0.10329195 -0.01400483
0.10333276 -0.01400328
0.10337357 -0.01400173
0.10341439 -0.01400018
0.10345521 -0.01399862
0.10349605 -0.01399707
0.10353689 -0.01399551
0.10357773 -0.01399396
0.10361859 -0.01399240
0.10365945 -0.01399084
0.10370031 -0.01398928
0.10374119 -0.01398772
0.10378207 -0.01398616
0.10382296 -0.01398460
0.10386385 -0.01398304
0.10390475 -0.01398147
0.10394566 -0.01397991
0.10398657 -0.01397834
0.10402750 -0.01397677
0.10406842 -0.01397520
0.10410936 -0.01397363
0.10415030 -0.01397206
0.10419125 -0.01397049
0.10423221 -0.01396892
0.10427317 -0.01396735
0.10431414 -0.01396577
0.10435512 -0.01396420
0.10439610 -0.01396262
0.10443709 -0.01396104
0.10447809 -0.01395947
0.10451909 -0.01395789
0.10456010 -0.01395631
0.10460112 -0.01395472
0.10464215 -0.01395314
0.10468318 -0.01395156
0.10472422 -0.01394998
0.10476526 -0.01394839
0.10480631 -0.01394680
0.10484737 -0.01394522
0.10488844 -0.01394363
0.10492951 -0.01394204
0.10497059 -0.01394045
0.10501168 -0.01393886
0.10505277 -0.01393727
0.10509387 -0.01393567
0.10513498 -0.01393408
0.10517609 -0.01393248
0.10521721 -0.01393089
0.10525834 -0.01392929
0.10529947 -0.01392769
0.10534061 -0.01392610
0.10538176 -0.01392450
0.10542292 -0.01392289
0.10546408 -0.01392129
0.10550525 -0.01391969
0.10554642 -0.01391809
0.10558760 -0.01391648
0.10562879 -0.01391488
0.10566999 -0.01391327
0.10571119 -0.01391166
0.10575240 -0.01391005
0.10579362 -0.01390844
0.10583484 -0.01390683
0.10587607 -0.01390522
0.10591731 -0.01390361
0.10595855 -0.01390199
0.10599980 -0.01390038
0.10604106 -0.01389876
0.10608232 -0.01389715
0.10612359 -0.01389553
0.10616487 -0.01389391
0.10620616 -0.01389229
0.10624745 -0.01389067
0.10628874 -0.01388905
0.10633005 -0.01388743
0.10637136 -0.01388580
0.10641268 -0.01388418
0.10645401 -0.01388256
0.10649534 -0.01388093
0.10653668 -0.01387930
0.10657802 -0.01387767
0.10661938 -0.01387604
0.10666073 -0.01387441
0.10670210 -0.01387278
0.10674347 -0.01387115
0.10678485 -0.01386952
0.10682624 -0.01386788
0.10686763 -0.01386625
0.10690903 -0.01386461
0.10695044 -0.01386298
0.10699186 -0.01386134
0.10703328 -0.01385970
0.10707470 -0.01385806
0.10711614 -0.01385642
0.10715758 -0.01385478
0.10719903 -0.01385313
0.10724048 -0.01385149
0.10728194 -0.01384985
0.10732341 -0.01384820
0.10736489 -0.01384655
0.10740637 -0.01384491
0.10744786 -0.01384326
0.10748935 -0.01384161
0.10753086 -0.01383996
0.10757237 -0.01383831
0.10761388 -0.01383665
0.10765540 -0.01383500
0.10769693 -0.01383335
0.10773847 -0.01383169
0.10778001 -0.01383003
0.10782156 -0.01382838
0.10786312 -0.01382672
0.10790468 -0.01382506
0.10794625 -0.01382340
0.10798783 -0.01382174
0.10802942 -0.01382008
0.10807101 -0.01381841
0.10811260 -0.01381675
0.10815421 -0.01381508
0.10819582 -0.01381342
0.10823744 -0.01381175
0.10827906 -0.01381008
0.10832069 -0.01380841
0.10836233 -0.01380674
0.10840398 -0.01380507
0.10844563 -0.01380340
0.10848729 -0.01380173
0.10852895 -0.01380006
0.10857062 -0.01379838
0.10861230 -0.01379671
0.10865399 -0.01379503
0.10869568 -0.01379335
0.10873738 -0.01379167
0.10877909 -0.01378999
0.10882080 -0.01378831
0.10886252 -0.01378663
0.10890424 -0.01378495
0.10894598 -0.01378327
0.10898772 -0.01378158
0.10902946 -0.01377990
0.10907122 -0.01377821
0.10911298 -0.01377652
0.10915474 -0.01377484
0.10919652 -0.01377315
0.10923830 -0.01377146
0.10928009 -0.01376977
0.10932188 -0.01376807
0.10936368 -0.01376638
0.10940549 -0.01376469
0.10944730 -0.01376299
0.10948912 -0.01376130
0.10953095 -0.01375960
0.10957279 -0.01375790
0.10961463 -0.01375621
0.10965647 -0.01375451
0.10969833 -0.01375281
0.10974019 -0.01375110
0.10978206 -0.01374940
0.10982393 -0.01374770
0.10986582 -0.01374599
0.10990770 -0.01374429
0.10994960 -0.01374258
0.10999150 -0.01374088
0.11003341 -0.01373917
0.11007533 -0.01373746
0.11011725 -0.01373575
0.11015918 -0.01373404
0.11020111 -0.01373233
0.11024306 -0.01373061
0.11028501 -0.01372890
0.11032696 -0.01372719
0.11036892 -0.01372547
0.11041089 -0.01372375
0.11045287 -0.01372204
0.11049485 -0.01372032
0.11053684 -0.01371860
0.11057884 -0.01371688
0.11062084 -0.01371516
0.11066285 -0.01371343
0.11070487 -0.01371171
0.11074689 -0.01370999
0.11078892 -0.01370826
0.11083096 -0.01370654
0.11087300 -0.01370481
0.11091505 -0.01370308
0.11095711 -0.01370135
0.11099918 -0.01369962
0.11104125 -0.01369789
0.11108332 -0.01369616
0.11112541 -0.01369443
0.11116750 -0.01369269
0.11120960 -0.01369096
0.11125170 -0.01368922
0.11129381 -0.01368749
0.11133593 -0.01368575
0.11137805 -0.01368401
0.11142018 -0.01368227
0.11146232 -0.01368053
0.11150447 -0.01367879
0.11154662 -0.01367705
0.11158878 -0.01367530
0.11163094 -0.01367356
0.11167311 -0.01367182
0.11171529 -0.01367007
0.11175748 -0.01366832
0.11179967 -0.01366658
0.11184186 -0.01366483
0.11188407 -0.01366308
0.11192628 -0.01366133
0.11196850 -0.01365958
0.11201073 -0.01365782
0.11205296 -0.01365607
0.11209520 -0.01365432
0.11213744 -0.01365256
0.11217969 -0.01365080
0.11222195 -0.01364905
0.11226422 -0.01364729
0.11230649 -0.01364553
0.11234877 -0.01364377
0.11239105 -0.01364201
0.11243335 -0.01364025
0.11247565 -0.01363848
0.11251795 -0.01363672
0.11256026 -0.01363496
0.11260258 -0.01363319
0.11264491 -0.01363142
0.11268724 -0.01362966
0.11272958 -0.01362789
0.11277193 -0.01362612
0.11281428 -0.01362435
0.11285664 -0.01362258
0.11289900 -0.01362081
0.11294138 -0.01361903
0.11298376 -0.01361726
0.11302614 -0.01361548
0.11306854 -0.01361371
0.11311093 -0.01361193
0.11315334 -0.01361015
0.11319575 -0.01360837
0.11323817 -0.01360659
0.11328060 -0.01360481
0.11332303 -0.01360303
0.11336547 -0.01360125
0.11340792 -0.01359947
0.11345037 -0.01359768
0.11349283 -0.01359590
0.11353530 -0.01359411
0.11357777 -0.01359232
0.11362025 -0.01359054
0.11366274 -0.01358875
0.11370523 -0.01358696
0.11374773 -0.01358517
0.11379024 -0.01358338
0.11383275 -0.01358158
0.11387527 -0.01357979
0.11391780 -0.01357800
0.11396033 -0.01357620
0.11400287 -0.01357440
0.11404542 -0.01357261
0.11408797 -0.01357081
0.11413053 -0.01356901
0.11417309 -0.01356721
0.11421567 -0.01356541
0.11425825 -0.01356361
0.11430083 -0.01356180
0.11434343 -0.01356000
0.11438603 -0.01355820
0.11442863 -0.01355639
0.11447125 -0.01355458
0.11451387 -0.01355278
0.11455649 -0.01355097
0.11459913 -0.01354916
0.11464177 -0.01354735
0.11468441 -0.01354554
0.11472707 -0.01354372
0.11476973 -0.01354191
0.11481239 -0.01354010
0.11485507 -0.01353828
0.11489775 -0.01353647
0.11494043 -0.01353465
0.11498313 -0.01353283
0.11502583 -0.01353101
0.11506853 -0.01352920
0.11511125 -0.01352738
0.11515397 -0.01352555
0.11519669 -0.01352373
0.11523943 -0.01352191
0.11528216 -0.01352008
0.11532491 -0.01351826
0.11536766 -0.01351643
0.11541042 -0.01351461
0.11545319 -0.01351278
0.11549596 -0.01351095
0.11553874 -0.01350912
0.11558153 -0.01350729
0.11562432 -0.01350546
0.11566712 -0.01350363
0.11570993 -0.01350179
0.11575274 -0.01349996
0.11579556 -0.01349813
0.11583839 -0.01349629
0.11588122 -0.01349445
0.11592406 -0.01349261
0.11596691 -0.01349078
0.11600976 -0.01348894
0.11605262 -0.01348710
0.11609548 -0.01348525
0.11613836 -0.01348341
0.11618124 -0.01348157
0.11622412 -0.01347972
0.11626701 -0.01347788
0.11630991 -0.01347603
0.11635282 -0.01347419
0.11639573 -0.01347234
0.11643865 -0.01347049
0.11648158 -0.01346864
0.11652451 -0.01346679
0.11656745 -0.01346494
0.11661039 -0.01346309
0.11665335 -0.01346123
0.11669631 -0.01345938
0.11673927 -0.01345752
0.11678224 -0.01345567
0.11682522 -0.01345381
0.11686821 -0.01345195
0.11691120 -0.01345009
0.11695420 -0.01344823
0.11699720 -0.01344637
0.11704021 -0.01344451
0.11708323 -0.01344265
0.11712626 -0.01344079
0.11716929 -0.01343892
0.11721233 -0.01343706
0.11725537 -0.01343519
0.11729842 -0.01343332
0.11734148 -0.01343146
0.11738455 -0.01342959
0.11742762 -0.01342772
0.11747070 -0.01342585
0.11751378 -0.01342398
0.11755687 -0.01342210
0.11759997 -0.01342023
0.11764308 -0.01341836
0.11768619 -0.01341648
0.11772930 -0.01341460
0.11777243 -0.01341273
0.11781556 -0.01341085
0.11785870 -0.01340897
0.11790184 -0.01340709
0.11794499 -0.01340521
0.11798815 -0.01340333
0.11803131 -0.01340145
0.11807448 -0.01339956
0.11811766 -0.01339768
0.11816084 -0.01339579
0.11820403 -0.01339391
0.11824723 -0.01339202
0.11829044 -0.01339013
0.11833365 -0.01338824
0.11837686 -0.01338635
0.11842009 -0.01338446
0.11846332 -0.01338257
0.11850655 -0.01338068
0.11854980 -0.01337879
0.11859304 -0.01337689
0.11863630 -0.01337500
0.11867956 -0.01337310
0.11872283 -0.01337121
0.11876611 -0.01336931
0.11880939 -0.01336741
0.11885268 -0.01336551
0.11889598 -0.01336361
0.11893928 -0.01336171
0.11898259 -0.01335981
0.11902590 -0.01335790
0.11906923 -0.01335600
0.11911255 -0.01335409
0.11915589 -0.01335219
0.11919923 -0.01335028
0.11924258 -0.01334837
0.11928594 -0.01334647
0.11932930 -0.01334456
0.11937267 -0.01334265
0.11941604 -0.01334073
0.11945942 -0.01333882
0.11950281 -0.01333691
0.11954620 -0.01333500
0.11958961 -0.01333308
0.11963301 -0.01333117
0.11967643 -0.01332925
0.11971985 -0.01332733
0.11976328 -0.01332541
0.11980671 -0.01332349
0.11985015 -0.01332157
0.11989360 -0.01331965
0.11993705 -0.01331773
0.11998051 -0.01331581
0.12002398 -0.01331388
0.12006745 -0.01331196
0.12011093 -0.01331003
0.12015442 -0.01330811
0.12019791 -0.01330618
0.12024141 -0.01330425
0.12028492 -0.01330232
0.12032843 -0.01330039
0.12037195 -0.01329846
0.12041547 -0.01329653
0.12045901 -0.01329460
0.12050255 -0.01329266
0.12054609 -0.01329073
0.12058964 -0.01328879
0.12063320 -0.01328686
0.12067677 -0.01328492
0.12072034 -0.01328298
0.12076392 -0.01328104
0.12080750 -0.01327910
0.12085109 -0.01327716
0.12089469 -0.01327522
0.12093830 -0.01327328
0.12098191 -0.01327134
0.12102552 -0.01326939
0.12106915 -0.01326745
0.12111278 -0.01326550
0.12115642 -0.01326355
0.12120006 -0.01326161
0.12124371 -0.01325966
0.12128737 -0.01325771
0.12133103 -0.01325576
0.12137470 -0.01325381
0.12141838 -0.01325185
0.12146206 -0.01324990
0.12150575 -0.01324795
0.12154945 -0.01324599
0.12159315 -0.01324404
0.12163686 -0.01324208
0.12168057 -0.01324012
0.12172429 -0.01323816
0.12176802 -0.01323621
0.12181176 -0.01323424
0.12185550 -0.01323228
0.12189925 -0.01323032
0.12194300 -0.01322836
0.12198677 -0.01322640
0.12203053 -0.01322443
0.12207431 -0.01322247
0.12211809 -0.01322050
0.12216188 -0.01321853
0.12220567 -0.01321656
0.12224947 -0.01321459
0.12229328 -0.01321262
0.12233709 -0.01321065
0.12238091 -0.01320868
0.12242474 -0.01320671
0.12246857 -0.01320474
0.12251241 -0.01320276
0.12255626 -0.01320079
0.12260011 -0.01319881
0.12264397 -0.01319683
0.12268784 -0.01319486
0.12273171 -0.01319288
0.12277559 -0.01319090
0.12281947 -0.01318892
0.12286336 -0.01318694
0.12290726 -0.01318495
0.12295117 -0.01318297
0.12299508 -0.01318099
0.12303900 -0.01317900
0.12308292 -0.01317702
0.12312685 -0.01317503
0.12317079 -0.01317304
0.12321473 -0.01317105
0.12325868 -0.01316907
0.12330264 -0.01316708
0.12334660 -0.01316508
0.12339057 -0.01316309
0.12343455 -0.01316110
0.12347853 -0.01315911
0.12352252 -0.01315711
0.12356652 -0.01315512
0.12361052 -0.01315312
0.12365453 -0.01315112
0.12369855 -0.01314913
0.12374257 -0.01314713
0.12378660 -0.01314513
0.12383063 -0.01314313
0.12387467 -0.01314113
0.12391872 -0.01313912
0.12396278 -0.01313712
0.12400684 -0.01313512
0.12405090 -0.01313311
0.12409498 -0.01313110
0.12413906 -0.01312910
0.12418315 -0.01312709
0.12422724 -0.01312508
0.12427134 -0.01312307
0.12431544 -0.01312106
0.12435956 -0.01311905
0.12440368 -0.01311704
0.12444780 -0.01311503
0.12449194 -0.01311301
0.12453607 -0.01311100
0.12458022 -0.01310898
0.12462437 -0.01310697
0.12466853 -0.01310495
0.12471269 -0.01310293
0.12475687 -0.01310091
0.12480104 -0.01309889
0.12484523 -0.01309687
0.12488942 -0.01309485
0.12493362 -0.01309283
0.12497782 -0.01309081
0.12502203 -0.01308878
0.12506625 -0.01308676
0.12511047 -0.01308473
0.12515470 -0.01308270
0.12519893 -0.01308068
0.12524318 -0.01307865
0.12528743 -0.01307662
0.12533168 -0.01307459
0.12537594 -0.01307256
0.12542021 -0.01307053
0.12546449 -0.01306849
0.12550877 -0.01306646
0.12555305 -0.01306443
0.12559735 -0.01306239
0.12564165 -0.01306035
0.12568596 -0.01305832
0.12573027 -0.01305628
0.12577459 -0.01305424
0.12581892 -0.01305220
0.12586325 -0.01305016
0.12590759 -0.01304812
0.12595194 -0.01304608
0.12599629 -0.01304403
0.12604065 -0.01304199
0.12608501 -0.01303995
0.12612938 -0.01303790
0.12617376 -0.01303585
0.12621815 -0.01303381
0.12626254 -0.01303176
0.12630693 -0.01302971
0.12635134 -0.01302766
0.12639575 -0.01302561
0.12644017 -0.01302356
0.12648459 -0.01302150
0.12652902 -0.01301945
0.12657346 -0.01301740
0.12661790 -0.01301534
0.12666235 -0.01301328
0.12670680 -0.01301123
0.12675126 -0.01300917
0.12679573 -0.01300711
0.12684021 -0.01300505
0.12688469 -0.01300299
0.12692918 -0.01300093
0.12697367 -0.01299887
0.12701817 -0.01299681
0.12706268 -0.01299474
0.12710719 -0.01299268
0.12715171 -0.01299061
0.12719624 -0.01298855
0.12724077 -0.01298648
0.12728531 -0.01298441
0.12732986 -0.01298234
0.12737441 -0.01298027
0.12741897 -0.01297820
0.12746353 -0.01297613
0.12750810 -0.01297406
0.12755268 -0.01297198
0.12759727 -0.01296991
0.12764186 -0.01296784
0.12768645 -0.01296576
0.12773106 -0.01296368
0.12777567 -0.01296161
0.12782028 -0.01295953
0.12786491 -0.01295745
0.12790954 -0.01295537
0.12795417 -0.01295329
0.12799881 -0.01295121
0.12804346 -0.01294912
0.12808812 -0.01294704
0.12813278 -0.01294496
0.12817745 -0.01294287
0.12822212 -0.01294079
0.12826680 -0.01293870
0.12831149 -0.01293661
0.12835618 -0.01293452
0.12840088 -0.01293243
0.12844559 -0.01293034
0.12849030 -0.01292825
0.12853502 -0.01292616
0.12857974 -0.01292407
0.12862448 -0.01292197
0.12866922 -0.01291988
0.12871396 -0.01291779
0.12875871 -0.01291569
0.12880347 -0.01291359
0.12884823 -0.01291149
0.12889300 -0.01290940
0.12893778 -0.01290730
0.12898256 -0.01290520
0.12902735 -0.01290309
0.12907215 -0.01290099
0.12911695 -0.01289889
0.12916176 -0.01289679
0.12920657 -0.01289468
0.12925140 -0.01289258
0.12929622 -0.01289047
0.12934106 -0.01288836
0.12938590 -0.01288625
0.12943075 -0.01288415
0.12947560 -0.01288204
0.12952046 -0.01287993
0.12956533 -0.01287781
0.12961020 -0.01287570
0.12965508 -0.01287359
0.12969996 -0.01287148
0.12974486 -0.01286936
0.12978975 -0.01286725
0.12983466 -0.01286513
0.12987957 -0.01286301
0.12992449 -0.01286089
0.12996941 -0.01285877
0.13001434 -0.01285665
0.13005928 -0.01285453
0.13010422 -0.01285241
0.13014917 -0.01285029
0.13019413 -0.01284817
0.13023909 -0.01284604
0.13028406 -0.01284392
0.13032903 -0.01284179
0.13037401 -0.01283967
0.13041900 -0.01283754
0.13046400 -0.01283541
0.13050900 -0.01283328
0.13055400 -0.01283115
0.13059902 -0.01282902
0.13064404 -0.01282689
0.13068906 -0.01282476
0.13073409 -0.01282262
0.13077913 -0.01282049
0.13082418 -0.01281836
0.13086923 -0.01281622
0.13091429 -0.01281408
0.13095935 -0.01281195
0.13100442 -0.01280981
0.13104950 -0.01280767
0.13109458 -0.01280553
0.13113967 -0.01280339
0.13118477 -0.01280125
0.13122987 -0.01279910
0.13127498 -0.01279696
0.13132009 -0.01279482
0.13136521 -0.01279267
0.13141034 -0.01279053
0.13145548 -0.01278838
0.13150062 -0.01278623
0.13154576 -0.01278408
0.13159092 -0.01278193
0.13163608 -0.01277978
0.13168124 -0.01277763
0.13172642 -0.01277548
0.13177159 -0.01277333
0.13181678 -0.01277118
0.13186197 -0.01276902
0.13190717 -0.01276687
0.13195237 -0.01276471
0.13199758 -0.01276256
0.13204280 -0.01276040
0.13208802 -0.01275824
0.13213325 -0.01275608
0.13217849 -0.01275392
0.13222373 -0.01275176
0.13226898 -0.01274960
0.13231423 -0.01274744
0.13235949 -0.01274527
0.13240476 -0.01274311
0.13245004 -0.01274094
0.13249532 -0.01273878
0.13254060 -0.01273661
0.13258590 -0.01273444
0.13263120 -0.01273228
0.13267650 -0.01273011
0.13272181 -0.01272794
0.13276713 -0.01272577
0.13281246 -0.01272359
0.13285779 -0.01272142
0.13290312 -0.01271925
0.13294847 -0.01271708
0.13299382 -0.01271490
0.13303917 -0.01271272
0.13308454 -0.01271055
0.13312991 -0.01270837
0.13317528 -0.01270619
0.13322066 -0.01270401
0.13326605 -0.01270183
0.13331144 -0.01269965
0.13335684 -0.01269747
0.13340225 -0.01269529
0.13344766 -0.01269311
0.13349308 -0.01269092
0.13353851 -0.01268874
0.13358394 -0.01268655
0.13362938 -0.01268437
0.13367483 -0.01268218
0.13372028 -0.01267999
0.13376573 -0.01267780
0.13381120 -0.01267561
0.13385667 -0.01267342
0.13390214 -0.01267123
0.13394763 -0.01266904
0.13399312 -0.01266684
0.13403861 -0.01266465
0.13408411 -0.01266246
0.13412962 -0.01266026
0.13417514 -0.01265806
0.13422066 -0.01265587
0.13426618 -0.01265367
0.13431172 -0.01265147
0.13435726 -0.01264927
0.13440280 -0.01264707
0.13444835 -0.01264487
0.13449391 -0.01264267
0.13453948 -0.01264046
0.13458505 -0.01263826
0.13463063 -0.01263606
0.13467621 -0.01263385
0.13472180 -0.01263164
0.13476740 -0.01262944
0.13481300 -0.01262723
0.13485861 -0.01262502
0.13490422 -0.01262281
0.13494984 -0.01262060
0.13499547 -0.01261839
0.13504111 -0.01261618
0.13508675 -0.01261397
0.13513239 -0.01261175
0.13517805 -0.01260954
0.13522370 -0.01260732
0.13526937 -0.01260511
0.13531504 -0.01260289
0.13536072 -0.01260067
0.13540640 -0.01259845
0.13545210 -0.01259624
0.13549779 -0.01259402
0.13554350 -0.01259179
0.13558921 -0.01258957
0.13563492 -0.01258735
0.13568064 -0.01258513
0.13572637 -0.01258290
0.13577211 -0.01258068
0.13581785 -0.01257845
0.13586359 -0.01257623
0.13590935 -0.01257400
0.13595511 -0.01257177
0.13600087 -0.01256954
0.13604665 -0.01256731
0.13609243 -0.01256508
0.13613821 -0.01256285
0.13618400 -0.01256062
0.13622980 -0.01255838
0.13627560 -0.01255615
0.13632141 -0.01255391
0.13636723 -0.01255168
0.13641305 -0.01254944
0.13645888 -0.01254721
0.13650472 -0.01254497
0.13655056 -0.01254273
0.13659640 -0.01254049
0.13664226 -0.01253825
0.13668812 -0.01253601
0.13673399 -0.01253377
0.13677986 -0.01253152
0.13682574 -0.01252928
0.13687162 -0.01252704
0.13691751 -0.01252479
0.13696341 -0.01252254
0.13700932 -0.01252030
0.13705523 -0.01251805
0.13710114 -0.01251580
0.13714707 -0.01251355
0.13719299 -0.01251130
0.13723893 -0.01250905
0.13728487 -0.01250680
0.13733082 -0.01250455
0.13737677 -0.01250229
0.13742273 -0.01250004
0.13746870 -0.01249778
0.13751467 -0.01249553
0.13756065 -0.01249327
0.13760664 -0.01249101
0.13765263 -0.01248876
0.13769863 -0.01248650
0.13774463 -0.01248424
0.13779064 -0.01248198
0.13783666 -0.01247972
0.13788268 -0.01247745
0.13792871 -0.01247519
0.13797475 -0.01247293
0.13802079 -0.01247066
0.13806684 -0.01246840
0.13811289 -0.01246613
0.13815895 -0.01246386
0.13820502 -0.01246160
0.13825109 -0.01245933
0.13829717 -0.01245706
0.13834325 -0.01245479
0.13838934 -0.01245252
0.13843544 -0.01245024
0.13848155 -0.01244797
0.13852766 -0.01244570
0.13857377 -0.01244342
0.13861990 -0.01244115
0.13866602 -0.01243887
0.13871216 -0.01243660
0.13875830 -0.01243432
0.13880445 -0.01243204
0.13885060 -0.01242976
0.13889676 -0.01242748
0.13894293 -0.01242520
0.13898910 -0.01242292
0.13903528 -0.01242064
0.13908147 -0.01241835
0.13912766 -0.01241607
0.13917385 -0.01241379
0.13922006 -0.01241150
0.13926627 -0.01240921
0.13931248 -0.01240693
0.13935871 -0.01240464
0.13940493 -0.01240235
0.13945117 -0.01240006
0.13949741 -0.01239777
0.13954366 -0.01239548
0.13958991 -0.01239319
0.13963617 -0.01239090
0.13968244 -0.01238860
0.13972871 -0.01238631
0.13977499 -0.01238401
0.13982127 -0.01238172
0.13986756 -0.01237942
0.13991386 -0.01237712
0.13996016 -0.01237483
0.14000647 -0.01237253
0.14005279 -0.01237023
0.14009911 -0.01236793
0.14014544 -0.01236562
0.14019177 -0.01236332
0.14023811 -0.01236102
0.14028446 -0.01235872
0.14033081 -0.01235641
0.14037717 -0.01235411
0.14042353 -0.01235180
0.14046991 -0.01234949
0.14051628 -0.01234719
0.14056267 -0.01234488
0.14060906 -0.01234257
0.14065545 -0.01234026
0.14070186 -0.01233795
0.14074826 -0.01233563
0.14079468 -0.01233332
0.14084110 -0.01233101
0.14088753 -0.01232869
0.14093396 -0.01232638
0.14098040 -0.01232406
0.14102685 -0.01232175
0.14107330 -0.01231943
0.14111976 -0.01231711
0.14116622 -0.01231479
0.14121269 -0.01231247
0.14125917 -0.01231015
0.14130565 -0.01230783
0.14135214 -0.01230551
0.14139863 -0.01230319
0.14144514 -0.01230086
0.14149164 -0.01229854
0.14153816 -0.01229622
0.14158468 -0.01229389
0.14163120 -0.01229156
0.14167774 -0.01228924
0.14172427 -0.01228691
0.14177082 -0.01228458
0.14181737 -0.01228225
0.14186393 -0.01227992
0.14191049 -0.01227759
0.14195706 -0.01227525
0.14200364 -0.01227292
0.14205022 -0.01227059
0.14209680 -0.01226825
0.14214340 -0.01226592
0.14219000 -0.01226358
0.14223661 -0.01226124
0.14228322 -0.01225891
0.14232984 -0.01225657
0.14237646 -0.01225423
0.14242309 -0.01225189
0.14246973 -0.01224955
0.14251637 -0.01224721
0.14256302 -0.01224486
0.14260968 -0.01224252
0.14265634 -0.01224018
0.14270301 -0.01223783
0.14274968 -0.01223549
0.14279636 -0.01223314
0.14284305 -0.01223079
0.14288974 -0.01222844
0.14293644 -0.01222610
0.14298315 -0.01222375
0.14302986 -0.01222140
0.14307657 -0.01221905
0.14312330 -0.01221669
0.14317003 -0.01221434
0.14321676 -0.01221199
0.14326351 -0.01220963
0.14331025 -0.01220728
0.14335701 -0.01220492
0.14340377 -0.01220257
0.14345054 -0.01220021
0.14349731 -0.01219785
0.14354409 -0.01219549
0.14359087 -0.01219313
0.14363766 -0.01219077
0.14368446 -0.01218841
0.14373126 -0.01218605
0.14377807 -0.01218369
0.14382489 -0.01218132
0.14387171 -0.01217896
0.14391854 -0.01217659
0.14396537 -0.01217423
0.14401221 -0.01217186
0.14405906 -0.01216949
0.14410591 -0.01216713
0.14415277 -0.01216476
0.14419964 -0.01216239
0.14424651 -0.01216002
0.14429338 -0.01215765
0.14434027 -0.01215527
0.14438716 -0.01215290
0.14443405 -0.01215053
0.14448095 -0.01214815
0.14452786 -0.01214578
0.14457477 -0.01214340
0.14462169 -0.01214102
0.14466862 -0.01213865
0.14471555 -0.01213627
0.14476249 -0.01213389
0.14480944 -0.01213151
0.14485639 -0.01212913
0.14490334 -0.01212675
0.14495031 -0.01212437
0.14499728 -0.01212198
0.14504425 -0.01211960
0.14509123 -0.01211721
0.14513822 -0.01211483
0.14518521 -0.01211244
0.14523221 -0.01211006
0.14527922 -0.01210767
0.14532623 -0.01210528
0.14537325 -0.01210289
0.14542027 -0.01210050
0.14546730 -0.01209811
0.14551434 -0.01209572
0.14556138 -0.01209333
0.14560843 -0.01209093
0.14565548 -0.01208854
0.14570254 -0.01208615
0.14574961 -0.01208375
0.14579668 -0.01208136
0.14584376 -0.01207896
0.14589085 -0.01207656
0.14593794 -0.01207416
0.14598504 -0.01207176
0.14603214 -0.01206936
0.14607925 -0.01206696
0.14612637 -0.01206456
0.14617349 -0.01206216
0.14622062 -0.01205976
0.14626775 -0.01205735
0.14631489 -0.01205495
0.14636204 -0.01205254
0.14640919 -0.01205014
0.14645635 -0.01204773
0.14650351 -0.01204532
0.14655068 -0.01204291
0.14659786 -0.01204051
0.14664504 -0.01203810
0.14669223 -0.01203569
0.14673943 -0.01203327
0.14678663 -0.01203086
0.14683383 -0.01202845
0.14688105 -0.01202604
0.14692827 -0.01202362
0.14697549 -0.01202121
0.14702272 -0.01201879
0.14706996 -0.01201637
0.14711720 -0.01201396
0.14716445 -0.01201154
0.14721171 -0.01200912
0.14725897 -0.01200670
0.14730624 -0.01200428
0.14735351 -0.01200186
0.14740079 -0.01199943
0.14744808 -0.01199701
0.14749537 -0.01199459
0.14754267 -0.01199216
0.14758998 -0.01198974
0.14763729 -0.01198731
0.14768460 -0.01198489
0.14773193 -0.01198246
0.14777925 -0.01198003
0.14782659 -0.01197760
0.14787393 -0.01197517
0.14792128 -0.01197274
0.14796863 -0.01197031
0.14801599 -0.01196788
0.14806335 -0.01196545
0.14811073 -0.01196301
0.14815810 -0.01196058
0.14820549 -0.01195814
0.14825288 -0.01195571
0.14830027 -0.01195327
0.14834767 -0.01195083
0.14839508 -0.01194840
0.14844249 -0.01194596
0.14848991 -0.01194352
0.14853734 -0.01194108
0.14858477 -0.01193864
0.14863221 -0.01193619
0.14867965 -0.01193375
0.14872710 -0.01193131
0.14877456 -0.01192886
0.14882202 -0.01192642
0.14886949 -0.01192397
0.14891697 -0.01192153
0.14896445 -0.01191908
0.14901193 -0.01191663
0.14905942 -0.01191418
0.14910692 -0.01191173
0.14915443 -0.01190928
0.14920194 -0.01190683
0.14924945 -0.01190438
0.14929698 -0.01190193
0.14934451 -0.01189948
0.14939204 -0.01189702
0.14943958 -0.01189457
0.14948713 -0.01189211
0.14953468 -0.01188966
0.14958224 -0.01188720
0.14962981 -0.01188474
0.14967738 -0.01188228
0.14972495 -0.01187982
0.14977254 -0.01187736
0.14982013 -0.01187490
0.14986772 -0.01187244
0.14991532 -0.01186998
0.14996293 -0.01186752
0.15001054 -0.01186505
0.15005816 -0.01186259
0.15010579 -0.01186012
0.15015342 -0.01185766
0.15020106 -0.01185519
0.15024870 -0.01185272
0.15029635 -0.01185025
0.15034401 -0.01184778
0.15039167 -0.01184532
0.15043934 -0.01184284
0.15048701 -0.01184037
0.15053469 -0.01183790
0.15058237 -0.01183543
0.15063007 -0.01183296
0.15067776 -0.01183048
0.15072547 -0.01182801
0.15077318 -0.01182553
0.15082089 -0.01182305
0.15086861 -0.01182058
0.15091634 -0.01181810
0.15096408 -0.01181562
0.15101182 -0.01181314
0.15105956 -0.01181066
0.15110731 -0.01180818
0.15115507 -0.01180570
0.15120284 -0.01180322
0.15125061 -0.01180073
0.15129838 -0.01179825
0.15134616 -0.01179576
0.15139395 -0.01179328
0.15144175 -0.01179079
0.15148955 -0.01178830
0.15153735 -0.01178582
0.15158516 -0.01178333
0.15163298 -0.01178084
0.15168081 -0.01177835
0.15172864 -0.01177586
0.15177647 -0.01177337
0.15182431 -0.01177088
0.15187216 -0.01176838
0.15192002 -0.01176589
0.15196788 -0.01176339
0.15201574 -0.01176090
0.15206362 -0.01175840
0.15211149 -0.01175591
0.15215938 -0.01175341
0.15220727 -0.01175091
0.15225516 -0.01174841
0.15230307 -0.01174591
0.15235097 -0.01174341
0.15239889 -0.01174091
0.15244681 -0.01173841
0.15249473 -0.01173591
0.15254267 -0.01173340
0.15259060 -0.01173090
0.15263855 -0.01172840
0.15268650 -0.01172589
0.15273445 -0.01172338
0.15278242 -0.01172088
0.15283038 -0.01171837
0.15287836 -0.01171586
0.15292634 -0.01171335
0.15297432 -0.01171084
0.15302232 -0.01170833
0.15307031 -0.01170582
0.15311832 -0.01170331
0.15316633 -0.01170079
0.15321434 -0.01169828
0.15326237 -0.01169577
0.15331039 -0.01169325
0.15335843 -0.01169074
0.15340647 -0.01168822
0.15345451 -0.01168570
0.15350256 -0.01168318
0.15355062 -0.01168066
0.15359869 -0.01167814
0.15364676 -0.01167562
0.15369483 -0.01167310
0.15374291 -0.01167058
0.15379100 -0.01166806
0.15383909 -0.01166554
0.15388719 -0.01166301
0.15393530 -0.01166049
0.15398341 -0.01165796
0.15403153 -0.01165544
0.15407965 -0.01165291
0.15412778 -0.01165038
0.15417592 -0.01164785
0.15422406 -0.01164532
0.15427220 -0.01164279
0.15432036 -0.01164026
0.15436852 -0.01163773
0.15441668 -0.01163520
0.15446485 -0.01163267
0.15451303 -0.01163013
0.15456121 -0.01162760
0.15460940 -0.01162506
0.15465760 -0.01162253
0.15470580 -0.01161999
0.15475400 -0.01161746
0.15480222 -0.01161492
0.15485044 -0.01161238
0.15489866 -0.01160984
0.15494689 -0.01160730
0.15499513 -0.01160476
0.15504337 -0.01160222
0.15509162 -0.01159967
0.15513987 -0.01159713
0.15518813 -0.01159459
0.15523640 -0.01159204
0.15528467 -0.01158950
0.15533295 -0.01158695
0.15538123 -0.01158441
0.15542952 -0.01158186
0.15547782 -0.01157931
0.15552612 -0.01157676
0.15557443 -0.01157421
0.15562274 -0.01157166
0.15567106 -0.01156911
0.15571939 -0.01156656
0.15576772 -0.01156401
0.15581606 -0.01156145
0.15586440 -0.01155890
0.15591275 -0.01155634
0.15596111 -0.01155379
0.15600947 -0.01155123
0.15605784 -0.01154868
0.15610621 -0.01154612
0.15615459 -0.01154356
0.15620297 -0.01154100
0.15625136 -0.01153844
0.15629976 -0.01153588
0.15634816 -0.01153332
0.15639657 -0.01153076
0.15644499 -0.01152819
0.15649341 -0.01152563
0.15654183 -0.01152307
0.15659027 -0.01152050
0.15663871 -0.01151794
0.15668715 -0.01151537
0.15673560 -0.01151280
0.15678406 -0.01151024
0.15683252 -0.01150767
0.15688099 -0.01150510
0.15692946 -0.01150253
0.15697794 -0.01149996
0.15702643 -0.01149739
0.15707492 -0.01149481
0.15712342 -0.01149224
0.15717192 -0.01148967
0.15722043 -0.01148709
0.15726894 -0.01148452
0.15731746 -0.01148194
0.15736599 -0.01147937
0.15741452 -0.01147679
0.15746306 -0.01147421
0.15751161 -0.01147163
0.15756016 -0.01146905
0.15760872 -0.01146647
0.15765728 -0.01146389
0.15770585 -0.01146131
0.15775442 -0.01145873
0.15780300 -0.01145615
0.15785159 -0.01145356
0.15790018 -0.01145098
0.15794878 -0.01144839
0.15799738 -0.01144581
0.15804599 -0.01144322
0.15809461 -0.01144063
0.15814323 -0.01143805
0.15819186 -0.01143546
0.15824049 -0.01143287
0.15828913 -0.01143028
0.15833777 -0.01142769
0.15838643 -0.01142510
0.15843508 -0.01142250
0.15848375 -0.01141991
0.15853241 -0.01141732
0.15858109 -0.01141472
0.15862977 -0.01141213
0.15867846 -0.01140953
0.15872715 -0.01140693
0.15877585 -0.01140434
0.15882455 -0.01140174
0.15887326 -0.01139914
0.15892198 -0.01139654
0.15897070 -0.01139394
0.15901942 -0.01139134
0.15906816 -0.01138874
0.15911690 -0.01138614
0.15916564 -0.01138353
0.15921439 -0.01138093
0.15926315 -0.01137833
0.15931191 -0.01137572
0.15936068 -0.01137311
0.15940946 -0.01137051
0.15945824 -0.01136790
0.15950702 -0.01136529
0.15955582 -0.01136268
0.15960461 -0.01136007
0.15965342 -0.01135746
0.15970223 -0.01135485
0.15975104 -0.01135224
0.15979987 -0.01134963
0.15984869 -0.01134702
0.15989753 -0.01134440
0.15994637 -0.01134179
0.15999521 -0.01133917
0.16004406 -0.01133656
0.16009292 -0.01133394
0.16014178 -0.01133132
0.16019065 -0.01132871
0.16023952 -0.01132609
0.16028840 -0.01132347
0.16033729 -0.01132085
0.16038618 -0.01131823
0.16043508 -0.01131561
0.16048398 -0.01131298
0.16053289 -0.01131036
0.16058181 -0.01130774
0.16063073 -0.01130511
0.16067966 -0.01130249
0.16072859 -0.01129986
0.16077753 -0.01129724
0.16082647 -0.01129461
0.16087542 -0.01129198
0.16092438 -0.01128935
0.16097334 -0.01128672
0.16102231 -0.01128409
0.16107128 -0.01128146
0.16112026 -0.01127883
0.16116925 -0.01127620
0.16121824 -0.01127357
0.16126724 -0.01127093
0.16131624 -0.01126830
0.16136525 -0.01126566
0.16141426 -0.01126303
0.16146329 -0.01126039
0.16151231 -0.01125775
0.16156134 -0.01125512
0.16161038 -0.01125248
0.16165943 -0.01124984
0.16170848 -0.01124720
0.16175753 -0.01124456
0.16180659 -0.01124192
0.16185566 -0.01123928
0.16190473 -0.01123663
0.16195381 -0.01123399
0.16200290 -0.01123135
0.16205199 -0.01122870
0.16210108 -0.01122606
0.16215019 -0.01122341
0.16219930 -0.01122076
0.16224841 -0.01121811
0.16229753 -0.01121547
0.16234665 -0.01121282
0.16239579 -0.01121017
0.16244492 -0.01120752
0.16249407 -0.01120487
0.16254322 -0.01120221
0.16259237 -0.01119956
0.16264153 -0.01119691
0.16269070 -0.01119426
0.16273987 -0.01119160
0.16278905 -0.01118895
0.16283823 -0.01118629
0.16288742 -0.01118363
0.16293662 -0.01118098
0.16298582 -0.01117832
0.16303502 -0.01117566
0.16308424 -0.01117300
0.16313346 -0.01117034
0.16318268 -0.01116768
0.16323191 -0.01116502
0.16328115 -0.01116235
0.16333039 -0.01115969
0.16337964 -0.01115703
0.16342889 -0.01115436
0.16347815 -0.01115170
0.16352742 -0.01114903
0.16357669 -0.01114637
0.16362596 -0.01114370
0.16367525 -0.01114103
0.16372453 -0.01113836
0.16377383 -0.01113569
0.16382313 -0.01113302
0.16387243 -0.01113035
0.16392175 -0.01112768
0.16397106 -0.01112501
0.16402039 -0.01112234
0.16406972 -0.01111966
0.16411905 -0.01111699
0.16416839 -0.01111431
0.16421774 -0.01111164
0.16426709 -0.01110896
0.16431645 -0.01110629
0.16436581 -0.01110361
0.16441518 -0.01110093
0.16446456 -0.01109825
0.16451394 -0.01109557
0.16456332 -0.01109289
0.16461272 -0.01109021
0.16466212 -0.01108753
0.16471152 -0.01108485
0.16476093 -0.01108216
0.16481035 -0.01107948
0.16485977 -0.01107679
0.16490919 -0.01107411
0.16495863 -0.01107142
0.16500807 -0.01106874
0.16505751 -0.01106605
0.16510696 -0.01106336
0.16515642 -0.01106067
0.16520588 -0.01105798
0.16525535 -0.01105529
0.16530482 -0.01105260
0.16535430 -0.01104991
0.16540379 -0.01104722
0.16545328 -0.01104453
0.16550277 -0.01104183
0.16555228 -0.01103914
0.16560179 -0.01103644
0.16565130 -0.01103375
0.16570082 -0.01103105
0.16575035 -0.01102835
0.16579988 -0.01102566
0.16584941 -0.01102296
0.16589896 -0.01102026
0.16594851 -0.01101756
0.16599806 -0.01101486
0.16604762 -0.01101216
0.16609719 -0.01100946
0.16614676 -0.01100675
0.16619633 -0.01100405
0.16624592 -0.01100135
0.16629551 -0.01099864
0.16634510 -0.01099594
0.16639470 -0.01099323
0.16644431 -0.01099053
0.16649392 -0.01098782
0.16654354 -0.01098511
0.16659316 -0.01098240
0.16664279 -0.01097969
0.16669243 -0.01097698
0.16674207 -0.01097427
0.16679171 -0.01097156
0.16684137 -0.01096885
0.16689102 -0.01096614
0.16694069 -0.01096342
0.16699036 -0.01096071
0.16704003 -0.01095799
0.16708971 -0.01095528
0.16713940 -0.01095256
0.16718909 -0.01094985
0.16723879 -0.01094713
0.16728850 -0.01094441
0.16733821 -0.01094169
0.16738792 -0.01093897
0.16743764 -0.01093625
0.16748737 -0.01093353
0.16753710 -0.01093081
0.16758684 -0.01092809
0.16763658 -0.01092536
0.16768633 -0.01092264
0.16773609 -0.01091992
0.16778585 -0.01091719
0.16783562 -0.01091447
0.16788539 -0.01091174
0.16793517 -0.01090901
0.16798495 -0.01090628
0.16803474 -0.01090356
0.16808454 -0.01090083
0.16813434 -0.01089810
0.16818415 -0.01089537
0.16823396 -0.01089264
0.16828378 -0.01088990
0.16833361 -0.01088717
0.16838344 -0.01088444
0.16843327 -0.01088170
0.16848311 -0.01087897
0.16853296 -0.01087623
0.16858281 -0.01087350
0.16863267 -0.01087076
0.16868254 -0.01086803
0.16873241 -0.01086529
0.16878228 -0.01086255
0.16883216 -0.01085981
0.16888205 -0.01085707
0.16893194 -0.01085433
0.16898184 -0.01085159
0.16903175 -0.01084885
0.16908166 -0.01084610
0.16913157 -0.01084336
0.16918150 -0.01084062
0.16923142 -0.01083787
0.16928136 -0.01083513
0.16933129 -0.01083238
0.16938124 -0.01082963
0.16943119 -0.01082689
0.16948115 -0.01082414
0.16953111 -0.01082139
0.16958107 -0.01081864
0.16963105 -0.01081589
0.16968103 -0.01081314
0.16973101 -0.01081039
0.16978100 -0.01080764
0.16983100 -0.01080488
0.16988100 -0.01080213
0.16993101 -0.01079938
0.16998102 -0.01079662
0.17003104 -0.01079387
0.17008106 -0.01079111
0.17013109 -0.01078835
0.17018113 -0.01078560
0.17023117 -0.01078284
0.17028122 -0.01078008
0.17033127 -0.01077732
0.17038133 -0.01077456
0.17043139 -0.01077180
0.17048146 -0.01076904
0.17053154 -0.01076628
0.17058162 -0.01076351
0.17063170 -0.01076075
0.17068180 -0.01075799
0.17073189 -0.01075522
0.17078200 -0.01075246
0.17083211 -0.01074969
0.17088222 -0.01074692
0.17093234 -0.01074416
0.17098247 -0.01074139
0.17103260 -0.01073862
0.17108274 -0.01073585
0.17113289 -0.01073308
0.17118303 -0.01073031
0.17123319 -0.01072754
0.17128335 -0.01072476
0.17133352 -0.01072199
0.17138369 -0.01071922
0.17143387 -0.01071644
0.17148405 -0.01071367
0.17153424 -0.01071089
0.17158443 -0.01070812
0.17163463 -0.01070534
0.17168484 -0.01070256
0.17173505 -0.01069979
0.17178527 -0.01069701
0.17183549 -0.01069423
0.17188572 -0.01069145
0.17193596 -0.01068867
0.17198620 -0.01068589
0.17203644 -0.01068310
0.17208669 -0.01068032
0.17213695 -0.01067754
0.17218721 -0.01067475
0.17223748 -0.01067197
0.17228776 -0.01066918
0.17233804 -0.01066640
0.17238832 -0.01066361
0.17243861 -0.01066082
0.17248891 -0.01065803
0.17253921 -0.01065525
0.17258952 -0.01065246
0.17263983 -0.01064967
0.17269015 -0.01064688
0.17274048 -0.01064408
0.17279081 -0.01064129
0.17284115 -0.01063850
0.17289149 -0.01063571
0.17294183 -0.01063291
0.17299219 -0.01063012
0.17304255 -0.01062732
0.17309291 -0.01062453
0.17314328 -0.01062173
0.17319366 -0.01061893
0.17324404 -0.01061613
0.17329443 -0.01061334
0.17334482 -0.01061054
0.17339522 -0.01060774
0.17344562 -0.01060494
0.17349603 -0.01060214
0.17354645 -0.01059933
0.17359687 -0.01059653
0.17364729 -0.01059373
0.17369773 -0.01059092
0.17374816 -0.01058812
0.17379861 -0.01058531
0.17384906 -0.01058251
0.17389951 -0.01057970
0.17394997 -0.01057689
0.17400044 -0.01057409
0.17405091 -0.01057128
0.17410139 -0.01056847
0.17415187 -0.01056566
0.17420236 -0.01056285
0.17425285 -0.01056004
0.17430335 -0.01055723
0.17435386 -0.01055441
0.17440437 -0.01055160
0.17445489 -0.01054879
0.17450541 -0.01054597
0.17455594 -0.01054316
0.17460647 -0.01054034
0.17465701 -0.01053753
0.17470755 -0.01053471
0.17475810 -0.01053189
0.17480866 -0.01052907
0.17485922 -0.01052625
0.17490979 -0.01052343
0.17496036 -0.01052061
0.17501094 -0.01051779
0.17506152 -0.01051497
0.17511211 -0.01051215
0.17516271 -0.01050933
0.17521331 -0.01050650
0.17526392 -0.01050368
0.17531453 -0.01050085
0.17536515 -0.01049803
0.17541577 -0.01049520
0.17546640 -0.01049238
0.17551703 -0.01048955
0.17556767 -0.01048672
0.17561832 -0.01048389
0.17566897 -0.01048106
0.17571963 -0.01047823
0.17577029 -0.01047540
0.17582096 -0.01047257
0.17587163 -0.01046974
0.17592231 -0.01046691
0.17597300 -0.01046407
0.17602369 -0.01046124
0.17607438 -0.01045840
0.17612509 -0.01045557
0.17617579 -0.01045273
0.17622651 -0.01044990
0.17627722 -0.01044706
0.17632795 -0.01044422
0.17637868 -0.01044138
0.17642941 -0.01043854
0.17648015 -0.01043570
0.17653090 -0.01043286
0.17658165 -0.01043002
0.17663241 -0.01042718
0.17668317 -0.01042434
0.17673394 -0.01042150
0.17678472 -0.01041865
0.17683550 -0.01041581
0.17688628 -0.01041296
0.17693707 -0.01041012
0.17698787 -0.01040727
0.17703867 -0.01040443
0.17708948 -0.01040158
0.17714030 -0.01039873
0.17719111 -0.01039588
0.17724194 -0.01039303
0.17729277 -0.01039018
0.17734361 -0.01038733
0.17739445 -0.01038448
0.17744529 -0.01038163
0.17749615 -0.01037877
0.17754700 -0.01037592
0.17759787 -0.01037307
0.17764874 -0.01037021
0.17769961 -0.01036736
0.17775049 -0.01036450
0.17780138 -0.01036165
0.17785227 -0.01035879
0.17790317 -0.01035593
0.17795407 -0.01035307
0.17800498 -0.01035021
0.17805589 -0.01034735
0.17810681 -0.01034449
0.17815774 -0.01034163
0.17820867 -0.01033877
0.17825960 -0.01033591
0.17831054 -0.01033305
0.17836149 -0.01033018
0.17841244 -0.01032732
0.17846340 -0.01032445
0.17851437 -0.01032159
0.17856534 -0.01031872
0.17861631 -0.01031586
0.17866729 -0.01031299
0.17871828 -0.01031012
0.17876927 -0.01030725
0.17882027 -0.01030438
0.17887127 -0.01030151
0.17892228 -0.01029864
0.17897329 -0.01029577
0.17902431 -0.01029290
0.17907534 -0.01029003
0.17912637 -0.01028715
0.17917740 -0.01028428
0.17922844 -0.01028140
0.17927949 -0.01027853
0.17933054 -0.01027565
0.17938160 -0.01027278
0.17943267 -0.01026990
0.17948374 -0.01026702
0.17953481 -0.01026415
0.17958589 -0.01026127
0.17963698 -0.01025839
0.17968807 -0.01025551
0.17973916 -0.01025263
0.17979027 -0.01024975
0.17984138 -0.01024686
0.17989249 -0.01024398
0.17994361 -0.01024110
0.17999473 -0.01023821
0.18004586 -0.01023533
0.18009700 -0.01023244
0.18014814 -0.01022956
0.18019929 -0.01022667
0.18025044 -0.01022378
0.18030160 -0.01022090
0.18035276 -0.01021801
0.18040393 -0.01021512
0.18045510 -0.01021223
0.18050628 -0.01020934
0.18055747 -0.01020645
0.18060866 -0.01020356
0.18065986 -0.01020067
0.18071106 -0.01019777
0.18076227 -0.01019488
0.18081348 -0.01019199
0.18086470 -0.01018909
0.18091592 -0.01018620
0.18096715 -0.01018330
0.18101839 -0.01018040
0.18106963 -0.01017751
0.18112087 -0.01017461
0.18117212 -0.01017171
0.18122338 -0.01016881
0.18127464 -0.01016591
0.18132591 -0.01016301
0.18137719 -0.01016011
0.18142847 -0.01015721
0.18147975 -0.01015431
0.18153104 -0.01015140
0.18158234 -0.01014850
0.18163364 -0.01014560
0.18168494 -0.01014269
0.18173626 -0.01013979
0.18178757 -0.01013688
0.18183890 -0.01013397
0.18189023 -0.01013107
0.18194156 -0.01012816
0.18199290 -0.01012525
0.18204425 -0.01012234
0.18209560 -0.01011943
0.18214695 -0.01011652
0.18219831 -0.01011361
0.18224968 -0.01011070
0.18230105 -0.01010779
0.18235243 -0.01010487
0.18240382 -0.01010196
0.18245521 -0.01009905
0.18250660 -0.01009613
0.18255800 -0.01009322
0.18260941 -0.01009030
0.18266082 -0.01008738
0.18271223 -0.01008447
0.18276366 -0.01008155
0.18281508 -0.01007863
0.18286652 -0.01007571
0.18291796 -0.01007279
0.18296940 -0.01006987
0.18302085 -0.01006695
0.18307230 -0.01006403
0.18312376 -0.01006111
0.18317523 -0.01005819
0.18322670 -0.01005526
0.18327818 -0.01005234
0.18332966 -0.01004941
0.18338115 -0.01004649
0.18343264 -0.01004356
0.18348414 -0.01004064
0.18353565 -0.01003771
0.18358716 -0.01003478
0.18363867 -0.01003185
0.18369019 -0.01002892
0.18374172 -0.01002599
0.18379325 -0.01002306
0.18384479 -0.01002013
0.18389633 -0.01001720
0.18394788 -0.01001427
0.18399943 -0.01001134
0.18405099 -0.01000840
0.18410255 -0.01000547
0.18415412 -0.01000254
0.18420570 -0.00999960
0.18425728 -0.00999666
0.18430887 -0.00999373
0.18436046 -0.00999079
0.18441206 -0.00998785
0.18446366 -0.00998492
0.18451527 -0.00998198
0.18456688 -0.00997904
0.18461850 -0.00997610
0.18467012 -0.00997316
0.18472175 -0.00997021
0.18477339 -0.00996727
0.18482503 -0.00996433
0.18487668 -0.00996139
0.18492833 -0.00995844
0.18497999 -0.00995550
0.18503165 -0.00995255
0.18508332 -0.00994961
0.18513499 -0.00994666
0.18518667 -0.00994372
0.18523835 -0.00994077
0.18529004 -0.00993782
0.18534174 -0.00993487
0.18539344 -0.00993192
0.18544515 -0.00992897
0.18549686 -0.00992602
0.18554858 -0.00992307
0.18560030 -0.00992012
0.18565203 -0.00991717
0.18570376 -0.00991421
0.18575550 -0.00991126
0.18580724 -0.00990831
0.18585899 -0.00990535
0.18591075 -0.00990240
0.18596251 -0.00989944
0.18601428 -0.00989648
0.18606605 -0.00989353
0.18611782 -0.00989057
0.18616961 -0.00988761
0.18622139 -0.00988465
0.18627319 -0.00988169
0.18632499 -0.00987873
0.18637679 -0.00987577
0.18642860 -0.00987281
0.18648042 -0.00986985
0.18653224 -0.00986688
0.18658406 -0.00986392
0.18663589 -0.00986096
0.18668773 -0.00985799
0.18673957 -0.00985503
0.18679142 -0.00985206
0.18684327 -0.00984909
0.18689513 -0.00984613
0.18694699 -0.00984316
0.18699886 -0.00984019
0.18705074 -0.00983722
0.18710262 -0.00983425
0.18715450 -0.00983128
0.18720639 -0.00982831
0.18725829 -0.00982534
0.18731019 -0.00982237
0.18736210 -0.00981940
0.18741401 -0.00981642
0.18746593 -0.00981345
0.18751785 -0.00981048
0.18756978 -0.00980750
0.18762172 -0.00980453
0.18767366 -0.00980155
0.18772560 -0.00979857
0.18777755 -0.00979560
0.18782951 -0.00979262
0.18788147 -0.00978964
0.18793343 -0.00978666
0.18798541 -0.00978368
0.18803738 -0.00978070
0.18808937 -0.00977772
0.18814136 -0.00977474
0.18819335 -0.00977176
0.18824535 -0.00976877
0.18829735 -0.00976579
0.18834936 -0.00976281
0.18840138 -0.00975982
0.18845340 -0.00975684
0.18850542 -0.00975385
0.18855745 -0.00975087
0.18860949 -0.00974788
0.18866153 -0.00974489
0.18871358 -0.00974190
0.18876563 -0.00973891
0.18881769 -0.00973593
0.18886976 -0.00973294
0.18892183 -0.00972994
0.18897390 -0.00972695
0.18902598 -0.00972396
0.18907806 -0.00972097
0.18913016 -0.00971798
0.18918225 -0.00971498
0.18923435 -0.00971199
0.18928646 -0.00970899
0.18933857 -0.00970600
0.18939069 -0.00970300
0.18944281 -0.00970001
0.18949494 -0.00969701
0.18954707 -0.00969401
0.18959921 -0.00969101
0.18965136 -0.00968802
0.18970351 -0.00968502
0.18975566 -0.00968202
0.18980782 -0.00967901
0.18985999 -0.00967601
0.18991216 -0.00967301
0.18996434 -0.00967001
0.19001652 -0.00966701
0.19006871 -0.00966400
0.19012090 -0.00966100
0.19017310 -0.00965799
0.19022530 -0.00965499
0.19027751 -0.00965198
0.19032972 -0.00964898
0.19038194 -0.00964597
0.19043417 -0.00964296
0.19048640 -0.00963995
0.19053863 -0.00963694
0.19059087 -0.00963393
0.19064312 -0.00963092
0.19069537 -0.00962791
0.19074763 -0.00962490
0.19079989 -0.00962189
0.19085216 -0.00961888
0.19090443 -0.00961586
0.19095671 -0.00961285
0.19100900 -0.00960984
0.19106128 -0.00960682
0.19111358 -0.00960381
0.19116588 -0.00960079
0.19121818 -0.00959777
0.19127050 -0.00959476
0.19132281 -0.00959174
0.19137513 -0.00958872
0.19142746 -0.00958570
0.19147979 -0.00958268
0.19153213 -0.00957966
0.19158447 -0.00957664
0.19163682 -0.00957362
0.19168917 -0.00957060
0.19174153 -0.00956757
0.19179389 -0.00956455
0.19184626 -0.00956153
0.19189864 -0.00955850
0.19195102 -0.00955548
0.19200340 -0.00955245
0.19205580 -0.00954943
0.19210819 -0.00954640
0.19216059 -0.00954337
0.19221300 -0.00954034
0.19226541 -0.00953732
0.19231783 -0.00953429
0.19237025 -0.00953126
0.19242268 -0.00952823
0.19247511 -0.00952520
0.19252755 -0.00952216
0.19258000 -0.00951913
0.19263244 -0.00951610
0.19268490 -0.00951307
0.19273736 -0.00951003
0.19278982 -0.00950700
0.19284230 -0.00950396
0.19289477 -0.00950093
0.19294725 -0.00949789
0.19299974 -0.00949486
0.19305223 -0.00949182
0.19310473 -0.00948878
0.19315723 -0.00948574
0.19320974 -0.00948270
0.19326225 -0.00947966
0.19331477 -0.00947662
0.19336729 -0.00947358
0.19341982 -0.00947054
0.19347236 -0.00946750
0.19352490 -0.00946446
0.19357744 -0.00946141
0.19362999 -0.00945837
0.19368255 -0.00945533
0.19373511 -0.00945228
0.19378768 -0.00944924
0.19384025 -0.00944619
0.19389283 -0.00944314
0.19394541 -0.00944010
0.19399799 -0.00943705
0.19405059 -0.00943400
0.19410319 -0.00943095
0.19415579 -0.00942790
0.19420840 -0.00942485
0.19426101 -0.00942180
0.19431363 -0.00941875
0.19436626 -0.00941570
0.19441889 -0.00941265
0.19447152 -0.00940959
0.19452416 -0.00940654
0.19457681 -0.00940349
0.19462946 -0.00940043
0.19468212 -0.00939738
0.19473478 -0.00939432
0.19478744 -0.00939126
0.19484012 -0.00938821
0.19489279 -0.00938515
0.19494548 -0.00938209
0.19499817 -0.00937903
0.19505086 -0.00937597
0.19510356 -0.00937291
0.19515626 -0.00936985
0.19520897 -0.00936679
0.19526169 -0.00936373
0.19531441 -0.00936067
0.19536713 -0.00935761
0.19541986 -0.00935454
0.19547260 -0.00935148
0.19552534 -0.00934841
0.19557808 -0.00934535
0.19563084 -0.00934228
0.19568359 -0.00933922
0.19573635 -0.00933615
0.19578912 -0.00933308
0.19584189 -0.00933002
0.19589467 -0.00932695
0.19594746 -0.00932388
0.19600024 -0.00932081
0.19605304 -0.00931774
0.19610584 -0.00931467
0.19615864 -0.00931160
0.19621145 -0.00930852
0.19626427 -0.00930545
0.19631709 -0.00930238
0.19636991 -0.00929931
0.19642274 -0.00929623
0.19647558 -0.00929316
0.19652842 -0.00929008
0.19658126 -0.00928701
0.19663412 -0.00928393
0.19668697 -0.00928085
0.19673984 -0.00927777
0.19679270 -0.00927470
0.19684558 -0.00927162
0.19689845 -0.00926854
0.19695134 -0.00926546
0.19700423 -0.00926238
0.19705712 -0.00925930
0.19711002 -0.00925622
0.19716292 -0.00925313
0.19721583 -0.00925005
0.19726875 -0.00924697
0.19732167 -0.00924388
0.19737459 -0.00924080
0.19742752 -0.00923771
0.19748046 -0.00923463
0.19753340 -0.00923154
0.19758635 -0.00922846
0.19763930 -0.00922537
0.19769225 -0.00922228
0.19774522 -0.00921919
0.19779818 -0.00921610
0.19785116 -0.00921301
0.19790413 -0.00920992
0.19795712 -0.00920683
0.19801010 -0.00920374
0.19806310 -0.00920065
0.19811610 -0.00919756
0.19816910 -0.00919446
0.19822211 -0.00919137
0.19827512 -0.00918828
0.19832814 -0.00918518
0.19838117 -0.00918209
0.19843420 -0.00917899
0.19848723 -0.00917590
0.19854027 -0.00917280
0.19859332 -0.00916970
0.19864637 -0.00916660
0.19869943 -0.00916350
0.19875249 -0.00916041
0.19880556 -0.00915731
0.19885863 -0.00915421
0.19891170 -0.00915110
0.19896479 -0.00914800
0.19901787 -0.00914490
0.19907097 -0.00914180
0.19912407 -0.00913870
0.19917717 -0.00913559
0.19923028 -0.00913249
0.19928339 -0.00912938
0.19933651 -0.00912628
0.19938963 -0.00912317
0.19944276 -0.00912007
0.19949590 -0.00911696
0.19954904 -0.00911385
0.19960218 -0.00911074
0.19965533 -0.00910763
0.19970849 -0.00910453
0.19976165 -0.00910142
0.19981481 -0.00909831
0.19986799 -0.00909519
0.19992116 -0.00909208
0.19997434 -0.00908897
0.20002753 -0.00908586
0.20008072 -0.00908275
0.20013392 -0.00907963
0.20018712 -0.00907652
0.20024033 -0.00907340
0.20029354 -0.00907029
0.20034676 -0.00906717
0.20039998 -0.00906405
0.20045321 -0.00906094
0.20050644 -0.00905782
0.20055968 -0.00905470
0.20061293 -0.00905158
0.20066618 -0.00904846
0.20071943 -0.00904534
0.20077269 -0.00904222
0.20082595 -0.00903910
0.20087922 -0.00903598
0.20093250 -0.00903286
0.20098578 -0.00902974
0.20103906 -0.00902661
0.20109236 -0.00902349
0.20114565 -0.00902037
0.20119895 -0.00901724
0.20125226 -0.00901412
0.20130557 -0.00901099
0.20135889 -0.00900786
0.20141221 -0.00900474
0.20146553 -0.00900161
0.20151887 -0.00899848
0.20157220 -0.00899535
0.20162555 -0.00899222
0.20167889 -0.00898909
0.20173225 -0.00898596
0.20178561 -0.00898283
0.20183897 -0.00897970
0.20189234 -0.00897657
0.20194571 -0.00897344
0.20199909 -0.00897030
0.20205247 -0.00896717
0.20210586 -0.00896404
0.20215926 -0.00896090
0.20221266 -0.00895777
0.20226606 -0.00895463
0.20231947 -0.00895149
0.20237289 -0.00894836
0.20242631 -0.00894522
0.20247973 -0.00894208
0.20253316 -0.00893894
0.20258660 -0.00893580
0.20264004 -0.00893266
0.20269348 -0.00892952
0.20274693 -0.00892638
0.20280039 -0.00892324
0.20285385 -0.00892010
0.20290732 -0.00891696
0.20296079 -0.00891381
0.20301427 -0.00891067
0.20306775 -0.00890753
0.20312124 -0.00890438
0.20317473 -0.00890124
0.20322823 -0.00889809
0.20328173 -0.00889495
0.20333524 -0.00889180
0.20338875 -0.00888865
0.20344227 -0.00888550
0.20349579 -0.00888236
0.20354932 -0.00887921
0.20360285 -0.00887606
0.20365639 -0.00887291
0.20370994 -0.00886976
0.20376349 -0.00886661
0.20381704 -0.00886345
0.20387060 -0.00886030
0.20392416 -0.00885715
0.20397773 -0.00885400
0.20403131 -0.00885084
0.20408489 -0.00884769
0.20413847 -0.00884453
0.20419206 -0.00884138
0.20424566 -0.00883822
0.20429926 -0.00883507
0.20435286 -0.00883191
0.20440648 -0.00882875
0.20446009 -0.00882559
0.20451371 -0.00882243
0.20456734 -0.00881927
0.20462097 -0.00881611
0.20467461 -0.00881295
0.20472825 -0.00880979
0.20478189 -0.00880663
0.20483555 -0.00880347
0.20488920 -0.00880031
0.20494287 -0.00879714
0.20499653 -0.00879398
0.20505021 -0.00879082
0.20510388 -0.00878765
0.20515757 -0.00878449
0.20521125 -0.00878132
0.20526495 -0.00877816
0.20531864 -0.00877499
0.20537235 -0.00877182
0.20542606 -0.00876865
0.20547977 -0.00876549
0.20553349 -0.00876232
0.20558721 -0.00875915
0.20564094 -0.00875598
0.20569467 -0.00875281
0.20574841 -0.00874964
0.20580216 -0.00874646
0.20585591 -0.00874329
0.20590966 -0.00874012
0.20596342 -0.00873695
0.20601718 -0.00873377
0.20607095 -0.00873060
0.20612473 -0.00872742
0.20617851 -0.00872425
0.20623229 -0.00872107
0.20628608 -0.00871790
0.20633988 -0.00871472
0.20639368 -0.00871154
0.20644748 -0.00870836
0.20650129 -0.00870518
0.20655511 -0.00870201
0.20660893 -0.00869883
0.20666276 -0.00869565
0.20671659 -0.00869247
0.20677042 -0.00868928
0.20682426 -0.00868610
0.20687811 -0.00868292
0.20693196 -0.00867974
0.20698582 -0.00867655
0.20703968 -0.00867337
0.20709355 -0.00867019
0.20714742 -0.00866700
0.20720129 -0.00866382
0.20725518 -0.00866063
0.20730906 -0.00865744
0.20736295 -0.00865426
0.20741685 -0.00865107
0.20747075 -0.00864788
0.20752466 -0.00864469
0.20757857 -0.00864150
0.20763249 -0.00863831
0.20768641 -0.00863512
0.20774034 -0.00863193
0.20779427 -0.00862874
0.20784821 -0.00862555
0.20790215 -0.00862236
0.20795610 -0.00861916
0.20801005 -0.00861597
0.20806401 -0.00861278
0.20811798 -0.00860958
0.20817194 -0.00860639
0.20822592 -0.00860319
0.20827990 -0.00860000
0.20833388 -0.00859680
0.20838787 -0.00859360
0.20844186 -0.00859040
0.20849586 -0.00858721
0.20854986 -0.00858401
0.20860387 -0.00858081
0.20865789 -0.00857761
0.20871191 -0.00857441
0.20876593 -0.00857121
0.20881996 -0.00856801
0.20887399 -0.00856480
0.20892803 -0.00856160
0.20898208 -0.00855840
0.20903613 -0.00855520
0.20909018 -0.00855199
0.20914424 -0.00854879
0.20919830 -0.00854558
0.20925237 -0.00854238
0.20930645 -0.00853917
0.20936053 -0.00853596
0.20941461 -0.00853276
0.20946870 -0.00852955
0.20952280 -0.00852634
0.20957690 -0.00852313
0.20963100 -0.00851992
0.20968511 -0.00851671
0.20973923 -0.00851350
0.20979335 -0.00851029
0.20984747 -0.00850708
0.20990160 -0.00850387
0.20995574 -0.00850066
0.21000988 -0.00849745
0.21006403 -0.00849423
0.21011818 -0.00849102
0.21017233 -0.00848780
0.21022649 -0.00848459
0.21028066 -0.00848137
0.21033483 -0.00847816
0.21038900 -0.00847494
0.21044318 -0.00847173
0.21049737 -0.00846851
0.21055156 -0.00846529
0.21060576 -0.00846207
0.21065996 -0.00845885
0.21071416 -0.00845563
0.21076837 -0.00845241
0.21082259 -0.00844919
0.21087681 -0.00844597
0.21093104 -0.00844275
0.21098527 -0.00843953
0.21103950 -0.00843631
0.21109375 -0.00843308
0.21114799 -0.00842986
0.21120224 -0.00842663
0.21125650 -0.00842341
0.21131076 -0.00842018
0.21136503 -0.00841696
0.21141930 -0.00841373
0.21147357 -0.00841051
0.21152786 -0.00840728
0.21158214 -0.00840405
0.21163643 -0.00840082
0.21169073 -0.00839759
0.21174503 -0.00839436
0.21179934 -0.00839113
0.21185365 -0.00838790
0.21190797 -0.00838467
0.21196229 -0.00838144
0.21201661 -0.00837821
0.21207095 -0.00837498
0.21212528 -0.00837175
0.21217962 -0.00836851
0.21223397 -0.00836528
0.21228832 -0.00836204
0.21234268 -0.00835881
0.21239704 -0.00835557
0.21245141 -0.00835234
0.21250578 -0.00834910
0.21256016 -0.00834586
0.21261454 -0.00834263
0.21266892 -0.00833939
0.21272332 -0.00833615
0.21277771 -0.00833291
0.21283211 -0.00832967
0.21288652 -0.00832643
0.21294093 -0.00832319
0.21299535 -0.00831995
0.21304977 -0.00831671
0.21310420 -0.00831347
0.21315863 -0.00831022
0.21321307 -0.00830698
0.21326751 -0.00830374
0.21332195 -0.00830049
0.21337641 -0.00829725
0.21343086 -0.00829400
0.21348532 -0.00829076
0.21353979 -0.00828751
0.21359426 -0.00828427
0.21364874 -0.00828102
0.21370322 -0.00827777
0.21375771 -0.00827452
0.21381220 -0.00827127
0.21386670 -0.00826802
0.21392120 -0.00826477
0.21397570 -0.00826152
0.21403022 -0.00825827
0.21408473 -0.00825502
0.21413925 -0.00825177
0.21419378 -0.00824852
0.21424831 -0.00824527
0.21430285 -0.00824201
0.21435739 -0.00823876
0.21441194 -0.00823551
0.21446649 -0.00823225
0.21452104 -0.00822900
0.21457560 -0.00822574
0.21463017 -0.00822248
0.21468474 -0.00821923
0.21473932 -0.00821597
0.21479390 -0.00821271
0.21484849 -0.00820945
0.21490308 -0.00820620
0.21495767 -0.00820294
0.21501227 -0.00819968
0.21506688 -0.00819642
0.21512149 -0.00819316
0.21517611 -0.00818989
0.21523073 -0.00818663
0.21528535 -0.00818337
0.21533999 -0.00818011
0.21539462 -0.00817684
0.21544926 -0.00817358
0.21550391 -0.00817032
0.21555856 -0.00816705
0.21561321 -0.00816379
0.21566788 -0.00816052
0.21572254 -0.00815725
0.21577721 -0.00815399
0.21583189 -0.00815072
0.21588657 -0.00814745
0.21594125 -0.00814419
0.21599594 -0.00814092
0.21605064 -0.00813765
0.21610534 -0.00813438
0.21616004 -0.00813111
0.21621475 -0.00812784
0.21626947 -0.00812457
0.21632419 -0.00812129
0.21637891 -0.00811802
0.21643364 -0.00811475
0.21648838 -0.00811148
0.21654312 -0.00810820
0.21659786 -0.00810493
0.21665261 -0.00810165
0.21670737 -0.00809838
0.21676213 -0.00809510
0.21681689 -0.00809183
0.21687166 -0.00808855
0.21692644 -0.00808527
0.21698122 -0.00808200
0.21703600 -0.00807872
0.21709079 -0.00807544
0.21714558 -0.00807216
0.21720038 -0.00806888
0.21725519 -0.00806560
0.21731000 -0.00806232
0.21736481 -0.00805904
0.21741963 -0.00805576
0.21747445 -0.00805248
0.21752928 -0.00804919
0.21758412 -0.00804591
0.21763895 -0.00804263
0.21769380 -0.00803934
0.21774865 -0.00803606
0.21780350 -0.00803277
0.21785836 -0.00802949
0.21791322 -0.00802620
0.21796809 -0.00802292
0.21802296 -0.00801963
0.21807784 -0.00801634
0.21813272 -0.00801305
0.21818761 -0.00800976
0.21824250 -0.00800648
0.21829740 -0.00800319
0.21835230 -0.00799990
0.21840721 -0.00799661
0.21846212 -0.00799332
0.21851704 -0.00799002
0.21857196 -0.00798673
0.21862689 -0.00798344
0.21868182 -0.00798015
0.21873676 -0.00797685
0.21879170 -0.00797356
0.21884665 -0.00797027
0.21890160 -0.00796697
0.21895656 -0.00796368
0.21901152 -0.00796038
0.21906649 -0.00795708
0.21912146 -0.00795379
0.21917643 -0.00795049
0.21923141 -0.00794719
0.21928640 -0.00794389
0.21934139 -0.00794060
0.21939639 -0.00793730
0.21945139 -0.00793400
0.21950639 -0.00793070
0.21956140 -0.00792740
0.21961642 -0.00792410
0.21967144 -0.00792079
0.21972647 -0.00791749
0.21978150 -0.00791419
0.21983653 -0.00791089
0.21989157 -0.00790758
0.21994662 -0.00790428
0.22000166 -0.00790098
0.22005672 -0.00789767
0.22011178 -0.00789437
0.22016684 -0.00789106
0.22022191 -0.00788775
0.22027699 -0.00788445
0.22033207 -0.00788114
0.22038715 -0.00787783
0.22044224 -0.00787452
0.22049733 -0.00787121
0.22055243 -0.00786791
0.22060753 -0.00786460
0.22066264 -0.00786129
0.22071776 -0.00785797
0.22077287 -0.00785466
0.22082800 -0.00785135
0.22088312 -0.00784804
0.22093826 -0.00784473
0.22099339 -0.00784141
0.22104854 -0.00783810
0.22110368 -0.00783479
0.22115884 -0.00783147
0.22121399 -0.00782816
0.22126916 -0.00782484
0.22132432 -0.00782153
0.22137949 -0.00781821
0.22143467 -0.00781489
0.22148985 -0.00781158
0.22154504 -0.00780826
0.22160023 -0.00780494
0.22165543 -0.00780162
0.22171063 -0.00779830
0.22176583 -0.00779498
0.22182104 -0.00779166
0.22187626 -0.00778834
0.22193148 -0.00778502
0.22198670 -0.00778170
0.22204193 -0.00777838
0.22209717 -0.00777505
0.22215241 -0.00777173
0.22220765 -0.00776841
0.22226290 -0.00776508
0.22231816 -0.00776176
0.22237342 -0.00775843
0.22242868 -0.00775511
0.22248395 -0.00775178
0.22253922 -0.00774846
0.22259450 -0.00774513
0.22264978 -0.00774180
0.22270507 -0.00773847
0.22276037 -0.00773515
0.22281566 -0.00773182
0.22287097 -0.00772849
0.22292627 -0.00772516
0.22298159 -0.00772183
0.22303690 -0.00771850
0.22309223 -0.00771517
0.22314755 -0.00771184
0.22320288 -0.00770850
0.22325822 -0.00770517
0.22331356 -0.00770184
0.22336891 -0.00769851
0.22342426 -0.00769517
0.22347962 -0.00769184
0.22353498 -0.00768850
0.22359034 -0.00768517
0.22364571 -0.00768183
0.22370109 -0.00767850
0.22375647 -0.00767516
0.22381185 -0.00767182
0.22386724 -0.00766848
0.22392264 -0.00766515
0.22397804 -0.00766181
0.22403344 -0.00765847
0.22408885 -0.00765513
0.22414427 -0.00765179
0.22419968 -0.00764845
0.22425511 -0.00764511
0.22431054 -0.00764177
0.22436597 -0.00763843
0.22442141 -0.00763508
0.22447685 -0.00763174
0.22453230 -0.00762840
0.22458775 -0.00762505
0.22464321 -0.00762171
0.22469867 -0.00761836
0.22475414 -0.00761502
0.22480961 -0.00761167
0.22486509 -0.00760833
0.22492057 -0.00760498
0.22497605 -0.00760164
0.22503155 -0.00759829
0.22508704 -0.00759494
0.22514254 -0.00759159
0.22519805 -0.00758824
0.22525356 -0.00758489
0.22530907 -0.00758154
0.22536459 -0.00757819
0.22542012 -0.00757484
0.22547565 -0.00757149
0.22553118 -0.00756814
0.22558672 -0.00756479
0.22564227 -0.00756144
0.22569781 -0.00755808
0.22575337 -0.00755473
0.22580893 -0.00755138
0.22586449 -0.00754802
0.22592006 -0.00754467
0.22597563 -0.00754131
0.22603121 -0.00753796
0.22608679 -0.00753460
0.22614238 -0.00753124
0.22619797 -0.00752789
0.22625357 -0.00752453
0.22630917 -0.00752117
0.22636477 -0.00751781
0.22642038 -0.00751446
0.22647600 -0.00751110
0.22653162 -0.00750774
0.22658725 -0.00750438
0.22664288 -0.00750102
0.22669851 -0.00749765
0.22675415 -0.00749429
0.22680980 -0.00749093
0.22686545 -0.00748757
0.22692110 -0.00748421
0.22697676 -0.00748084
0.22703242 -0.00747748
0.22708809 -0.00747411
0.22714376 -0.00747075
0.22719944 -0.00746738
0.22725513 -0.00746402
0.22731081 -0.00746065
0.22736651 -0.00745729
0.22742220 -0.00745392
0.22747790 -0.00745055
0.22753361 -0.00744718
0.22758932 -0.00744382
0.22764504 -0.00744045
0.22770076 -0.00743708
0.22775649 -0.00743371
0.22781222 -0.00743034
0.22786795 -0.00742697
0.22792369 -0.00742360
0.22797944 -0.00742022
0.22803519 -0.00741685
0.22809094 -0.00741348
0.22814670 -0.00741011
0.22820246 -0.00740673
0.22825823 -0.00740336
0.22831401 -0.00739999
0.22836978 -0.00739661
0.22842557 -0.00739324
0.22848135 -0.00738986
0.22853715 -0.00738648
0.22859294 -0.00738311
0.22864875 -0.00737973
0.22870455 -0.00737635
0.22876036 -0.00737298
0.22881618 -0.00736960
0.22887200 -0.00736622
0.22892783 -0.00736284
0.22898366 -0.00735946
0.22903949 -0.00735608
0.22909533 -0.00735270
0.22915118 -0.00734932
0.22920703 -0.00734594
0.22926288 -0.00734256
0.22931874 -0.00733917
0.22937460 -0.00733579
0.22943047 -0.00733241
0.22948635 -0.00732902
0.22954222 -0.00732564
0.22959811 -0.00732226
0.22965399 -0.00731887
0.22970989 -0.00731549
0.22976578 -0.00731210
0.22982169 -0.00730871
0.22987759 -0.00730533
0.22993350 -0.00730194
0.22998942 -0.00729855
0.23004534 -0.00729516
0.23010126 -0.00729178
0.23015719 -0.00728839
0.23021313 -0.00728500
0.23026907 -0.00728161
0.23032501 -0.00727822
0.23038096 -0.00727483
0.23043692 -0.00727144
0.23049287 -0.00726804
0.23054884 -0.00726465
0.23060481 -0.00726126
0.23066078 -0.00725787
0.23071676 -0.00725447
0.23077274 -0.00725108
0.23082872 -0.00724768
0.23088472 -0.00724429
0.23094071 -0.00724090
0.23099671 -0.00723750
0.23105272 -0.00723410
0.23110873 -0.00723071
0.23116474 -0.00722731
0.23122076 -0.00722391
0.23127679 -0.00722052
0.23133282 -0.00721712
0.23138885 -0.00721372
0.23144489 -0.00721032
0.23150093 -0.00720692
0.23155698 -0.00720352
0.23161303 -0.00720012
0.23166909 -0.00719672
0.23172515 -0.00719332
0.23178122 -0.00718992
0.23183729 -0.00718651
0.23189337 -0.00718311
0.23194945 -0.00717971
0.23200554 -0.00717631
0.23206163 -0.00717290
0.23211772 -0.00716950
0.23217382 -0.00716609
0.23222993 -0.00716269
0.23228603 -0.00715928
0.23234215 -0.00715588
0.23239827 -0.00715247
0.23245439 -0.00714906
0.23251052 -0.00714566
0.23256665 -0.00714225
0.23262279 -0.00713884
0.23267893 -0.00713543
0.23273508 -0.00713202
0.23279123 -0.00712861
0.23284738 -0.00712520
0.23290355 -0.00712179
0.23295971 -0.00711838
0.23301588 -0.00711497
0.23307206 -0.00711156
0.23312824 -0.00710815
0.23318442 -0.00710473
0.23324061 -0.00710132
0.23329680 -0.00709791
0.23335300 -0.00709449
0.23340920 -0.00709108
0.23346541 -0.00708767
0.23352162 -0.00708425
0.23357784 -0.00708084
0.23363406 -0.00707742
0.23369029 -0.00707400
0.23374652 -0.00707059
0.23380276 -0.00706717
0.23385900 -0.00706375
0.23391524 -0.00706033
0.23397149 -0.00705692
0.23402775 -0.00705350
0.23408400 -0.00705008
0.23414027 -0.00704666
0.23419654 -0.00704324
0.23425281 -0.00703982
0.23430909 -0.00703640
0.23436537 -0.00703297
0.23442166 -0.00702955
0.23447795 -0.00702613
0.23453425 -0.00702271
0.23459055 -0.00701928
0.23464685 -0.00701586
0.23470316 -0.00701244
0.23475948 -0.00700901
0.23481580 -0.00700559
0.23487212 -0.00700216
0.23492845 -0.00699874
0.23498479 -0.00699531
0.23504112 -0.00699188
0.23509747 -0.00698846
0.23515381 -0.00698503
0.23521017 -0.00698160
0.23526652 -0.00697817
0.23532289 -0.00697474
0.23537925 -0.00697132
0.23543562 -0.00696789
0.23549200 -0.00696446
0.23554838 -0.00696103
0.23560476 -0.00695759
0.23566115 -0.00695416
0.23571755 -0.00695073
0.23577395 -0.00694730
0.23583035 -0.00694387
0.23588676 -0.00694043
0.23594317 -0.00693700
0.23599959 -0.00693357
0.23605601 -0.00693013
0.23611244 -0.00692670
0.23616887 -0.00692326
0.23622530 -0.00691983
0.23628174 -0.00691639
0.23633819 -0.00691296
0.23639464 -0.00690952
0.23645109 -0.00690608
0.23650755 -0.00690265
0.23656402 -0.00689921
0.23662048 -0.00689577
0.23667696 -0.00689233
0.23673344 -0.00688889
0.23678992 -0.00688545
0.23684640 -0.00688201
0.23690290 -0.00687857
0.23695939 -0.00687513
0.23701589 -0.00687169
0.23707240 -0.00686825
0.23712891 -0.00686481
0.23718542 -0.00686136
0.23724194 -0.00685792
0.23729847 -0.00685448
0.23735499 -0.00685103
0.23741153 -0.00684759
0.23746807 -0.00684415
0.23752461 -0.00684070
0.23758116 -0.00683726
0.23763771 -0.00683381
0.23769426 -0.00683036
0.23775082 -0.00682692
0.23780739 -0.00682347
0.23786396 -0.00682002
0.23792053 -0.00681657
0.23797711 -0.00681313
0.23803370 -0.00680968
0.23809029 -0.00680623
0.23814688 -0.00680278
0.23820348 -0.00679933
0.23826008 -0.00679588
0.23831669 -0.00679243
0.23837330 -0.00678898
0.23842991 -0.00678553
0.23848653 -0.00678207
0.23854316 -0.00677862
0.23859979 -0.00677517
0.23865642 -0.00677172
0.23871306 -0.00676826
0.23876971 -0.00676481
0.23882636 -0.00676135
0.23888301 -0.00675790
0.23893967 -0.00675444
0.23899633 -0.00675099
0.23905299 -0.00674753
0.23910967 -0.00674408
0.23916634 -0.00674062
0.23922302 -0.00673716
0.23927971 -0.00673370
0.23933640 -0.00673025
0.23939309 -0.00672679
0.23944979 -0.00672333
0.23950649 -0.00671987
0.23956320 -0.00671641
0.23961991 -0.00671295
0.23967663 -0.00670949
0.23973335 -0.00670603
0.23979008 -0.00670257
0.23984681 -0.00669911
0.23990355 -0.00669564
0.23996029 -0.00669218
0.24001703 -0.00668872
0.24007378 -0.00668525
0.24013053 -0.00668179
0.24018729 -0.00667833
0.24024405 -0.00667486
0.24030082 -0.00667140
0.24035759 -0.00666793
0.24041437 -0.00666447
0.24047115 -0.00666100
0.24052794 -0.00665753
0.24058473 -0.00665407
0.24064152 -0.00665060
0.24069832 -0.00664713
0.24075513 -0.00664366
0.24081194 -0.00664020
0.24086875 -0.00663673
0.24092557 -0.00663326
0.24098239 -0.00662979
0.24103922 -0.00662632
0.24109605 -0.00662285
0.24115288 -0.00661938
0.24120972 -0.00661591
0.24126657 -0.00661243
0.24132342 -0.00660896
0.24138027 -0.00660549
0.24143713 -0.00660202
0.24149400 -0.00659854
0.24155086 -0.00659507
0.24160774 -0.00659159
0.24166461 -0.00658812
0.24172150 -0.00658465
0.24177838 -0.00658117
0.24183527 -0.00657769
0.24189217 -0.00657422
0.24194907 -0.00657074
0.24200597 -0.00656727
0.24206288 -0.00656379
0.24211979 -0.00656031
0.24217671 -0.00655683
0.24223363 -0.00655335
0.24229056 -0.00654988
0.24234749 -0.00654640
0.24240443 -0.00654292
0.24246137 -0.00653944
0.24251832 -0.00653596
0.24257527 -0.00653248
0.24263222 -0.00652899
0.24268918 -0.00652551
0.24274614 -0.00652203
0.24280311 -0.00651855
0.24286008 -0.00651507
0.24291706 -0.00651158
0.24297404 -0.00650810
0.24303103 -0.00650461
0.24308802 -0.00650113
0.24314501 -0.00649765
0.24320201 -0.00649416
0.24325902 -0.00649068
0.24331603 -0.00648719
0.24337304 -0.00648370
0.24343006 -0.00648022
0.24348708 -0.00647673
0.24354411 -0.00647324
0.24360114 -0.00646975
0.24365817 -0.00646627
0.24371521 -0.00646278
0.24377226 -0.00645929
0.24382931 -0.00645580
0.24388636 -0.00645231
0.24394342 -0.00644882
0.24400048 -0.00644533
0.24405755 -0.00644184
0.24411462 -0.00643835
0.24417170 -0.00643485
0.24422878 -0.00643136
0.24428587 -0.00642787
0.24434296 -0.00642438
0.24440005 -0.00642088
0.24445715 -0.00641739
0.24451425 -0.00641390
0.24457136 -0.00641040
0.24462847 -0.00640691
0.24468559 -0.00640341
0.24474271 -0.00639992
0.24479984 -0.00639642
0.24485697 -0.00639292
0.24491411 -0.00638943
0.24497125 -0.00638593
0.24502839 -0.00638243
0.24508554 -0.00637894
0.24514269 -0.00637544
0.24519985 -0.00637194
0.24525701 -0.00636844
0.24531418 -0.00636494
0.24537135 -0.00636144
0.24542852 -0.00635794
0.24548571 -0.00635444
0.24554289 -0.00635094
0.24560008 -0.00634744
0.24565727 -0.00634394
0.24571447 -0.00634043
0.24577167 -0.00633693
0.24582888 -0.00633343
0.24588609 -0.00632993
0.24594331 -0.00632642
0.24600053 -0.00632292
0.24605775 -0.00631941
0.24611498 -0.00631591
0.24617222 -0.00631240
0.24622946 -0.00630890
0.24628670 -0.00630539
0.24634395 -0.00630189
0.24640120 -0.00629838
0.24645845 -0.00629487
0.24651572 -0.00629137
0.24657298 -0.00628786
0.24663025 -0.00628435
0.24668753 -0.00628084
0.24674480 -0.00627733
0.24680209 -0.00627382
0.24685938 -0.00627031
0.24691667 -0.00626680
0.24697396 -0.00626329
0.24703127 -0.00625978
0.24708857 -0.00625627
0.24714588 -0.00625276
0.24720320 -0.00624925
0.24726051 -0.00624574
0.24731784 -0.00624222
0.24737517 -0.00623871
0.24743250 -0.00623520
0.24748984 -0.00623168
0.24754718 -0.00622817
0.24760452 -0.00622465
0.24766187 -0.00622114
0.24771923 -0.00621762
0.24777659 -0.00621411
0.24783395 -0.00621059
0.24789132 -0.00620708
0.24794869 -0.00620356
0.24800607 -0.00620004
0.24806345 -0.00619653
0.24812084 -0.00619301
0.24817823 -0.00618949
0.24823562 -0.00618597
0.24829302 -0.00618245
0.24835042 -0.00617893
0.24840783 -0.00617541
0.24846525 -0.00617189
0.24852266 -0.00616837
0.24858008 -0.00616485
0.24863751 -0.00616133
0.24869494 -0.00615781
0.24875238 -0.00615429
0.24880982 -0.00615077
0.24886726 -0.00614724
0.24892471 -0.00614372
0.24898216 -0.00614020
0.24903962 -0.00613667
0.24909708 -0.00613315
0.24915454 -0.00612962
0.24921202 -0.00612610
0.24926949 -0.00612257
0.24932697 -0.00611905
0.24938445 -0.00611552
0.24944194 -0.00611200
0.24949943 -0.00610847
0.24955693 -0.00610494
0.24961443 -0.00610142
0.24967194 -0.00609789
0.24972945 -0.00609436
0.24978696 -0.00609083
0.24984448 -0.00608730
0.24990201 -0.00608377
0.24995953 -0.00608024
0.25001707 -0.00607671
0.25007460 -0.00607318
0.25013214 -0.00606965
0.25018969 -0.00606612
0.25024724 -0.00606259
0.25030480 -0.00605906
0.25036235 -0.00605553
0.25041992 -0.00605200
0.25047749 -0.00604846
0.25053506 -0.00604493
0.25059263 -0.00604140
0.25065022 -0.00603786
0.25070780 -0.00603433
0.25076539 -0.00603079
0.25082299 -0.00602726
0.25088058 -0.00602372
0.25093819 -0.00602019
0.25099579 -0.00601665
0.25105341 -0.00601311
0.25111102 -0.00600958
0.25116864 -0.00600604
0.25122627 -0.00600250
0.25128390 -0.00599897
0.25134153 -0.00599543
0.25139917 -0.00599189
0.25145681 -0.00598835
0.25151446 -0.00598481
0.25157211 -0.00598127
0.25162977 -0.00597773
0.25168743 -0.00597419
0.25174509 -0.00597065
0.25180276 -0.00596711
0.25186044 -0.00596357
0.25191811 -0.00596003
0.25197580 -0.00595648
0.25203348 -0.00595294
0.25209118 -0.00594940
0.25214887 -0.00594586
0.25220657 -0.00594231
0.25226428 -0.00593877
0.25232198 -0.00593522
0.25237970 -0.00593168
0.25243741 -0.00592813
0.25249514 -0.00592459
0.25255286 -0.00592104
0.25261059 -0.00591750
0.25266833 -0.00591395
0.25272607 -0.00591040
0.25278381 -0.00590686
0.25284156 -0.00590331
0.25289931 -0.00589976
0.25295707 -0.00589621
0.25301483 -0.00589267
0.25307260 -0.00588912
0.25313037 -0.00588557
0.25318814 -0.00588202
0.25324592 -0.00587847
0.25330370 -0.00587492
0.25336149 -0.00587137
0.25341928 -0.00586782
0.25347708 -0.00586427
0.25353488 -0.00586071
0.25359269 -0.00585716
0.25365050 -0.00585361
0.25370831 -0.00585006
0.25376613 -0.00584650
0.25382395 -0.00584295
0.25388178 -0.00583940
0.25393961 -0.00583584
0.25399744 -0.00583229
0.25405528 -0.00582873
0.25411313 -0.00582518
0.25417098 -0.00582162
0.25422883 -0.00581807
0.25428669 -0.00581451
0.25434455 -0.00581096
0.25440242 -0.00580740
0.25446029 -0.00580384
0.25451816 -0.00580028
0.25457604 -0.00579673
0.25463392 -0.00579317
0.25469181 -0.00578961
0.25474970 -0.00578605
0.25480760 -0.00578249
0.25486550 -0.00577893
0.25492341 -0.00577537
0.25498132 -0.00577181
0.25503923 -0.00576825
0.25509715 -0.00576469
0.25515507 -0.00576113
0.25521300 -0.00575757
0.25527093 -0.00575401
0.25532887 -0.00575044
0.25538681 -0.00574688
0.25544475 -0.00574332
0.25550270 -0.00573976
0.25556065 -0.00573619
0.25561861 -0.00573263
0.25567657 -0.00572906
0.25573454 -0.00572550
0.25579251 -0.00572193
0.25585048 -0.00571837
0.25590846 -0.00571480
0.25596645 -0.00571124
0.25602444 -0.00570767
0.25608243 -0.00570410
0.25614042 -0.00570054
0.25619842 -0.00569697
0.25625643 -0.00569340
0.25631444 -0.00568983
0.25637245 -0.00568627
0.25643047 -0.00568270
0.25648849 -0.00567913
0.25654652 -0.00567556
0.25660455 -0.00567199
0.25666259 -0.00566842
0.25672063 -0.00566485
0.25677867 -0.00566128
0.25683672 -0.00565771
0.25689477 -0.00565414
0.25695283 -0.00565056
0.25701089 -0.00564699
0.25706896 -0.00564342
0.25712703 -0.00563985
0.25718510 -0.00563627
0.25724318 -0.00563270
0.25730126 -0.00562913
0.25735935 -0.00562555
0.25741744 -0.00562198
0.25747554 -0.00561840
0.25753364 -0.00561483
0.25759174 -0.00561125
0.25764985 -0.00560768
0.25770796 -0.00560410
0.25776608 -0.00560053
0.25782420 -0.00559695
0.25788233 -0.00559337
0.25794046 -0.00558979
0.25799860 -0.00558622
0.25805673 -0.00558264
0.25811488 -0.00557906
0.25817303 -0.00557548
0.25823118 -0.00557190
0.25828933 -0.00556832
0.25834749 -0.00556474
0.25840566 -0.00556116
0.25846383 -0.00555758
0.25852200 -0.00555400
0.25858018 -0.00555042
0.25863836 -0.00554684
0.25869655 -0.00554326
0.25875474 -0.00553968
0.25881293 -0.00553609
0.25887113 -0.00553251
0.25892933 -0.00552893
0.25898754 -0.00552535
0.25904575 -0.00552176
0.25910397 -0.00551818
0.25916219 -0.00551459
0.25922042 -0.00551101
0.25927865 -0.00550742
0.25933688 -0.00550384
0.25939512 -0.00550025
0.25945336 -0.00549667
0.25951160 -0.00549308
0.25956986 -0.00548950
0.25962811 -0.00548591
0.25968637 -0.00548232
0.25974463 -0.00547873
0.25980290 -0.00547515
0.25986117 -0.00547156
0.25991945 -0.00546797
0.25997773 -0.00546438
0.26003601 -0.00546079
0.26009430 -0.00545720
0.26015260 -0.00545361
0.26021089 -0.00545002
0.26026920 -0.00544643
0.26032750 -0.00544284
0.26038581 -0.00543925
0.26044413 -0.00543566
0.26050245 -0.00543207
0.26056077 -0.00542848
0.26061910 -0.00542488
0.26067743 -0.00542129
0.26073576 -0.00541770
0.26079410 -0.00541411
0.26085245 -0.00541051
0.26091080 -0.00540692
0.26096915 -0.00540332
0.26102751 -0.00539973
0.26108587 -0.00539613
0.26114423 -0.00539254
0.26120260 -0.00538894
0.26126098 -0.00538535
0.26131936 -0.00538175
0.26137774 -0.00537816
0.26143613 -0.00537456
0.26149452 -0.00537096
0.26155291 -0.00536736
0.26161131 -0.00536377
0.26166972 -0.00536017
0.26172813 -0.00535657
0.26178654 -0.00535297
0.26184496 -0.00534937
0.26190338 -0.00534577
0.26196180 -0.00534217
0.26202023 -0.00533857
0.26207866 -0.00533497
0.26213710 -0.00533137
0.26219554 -0.00532777
0.26225399 -0.00532417
0.26231244 -0.00532057
0.26237090 -0.00531697
0.26242936 -0.00531337
0.26248782 -0.00530976
0.26254629 -0.00530616
0.26260476 -0.00530256
0.26266324 -0.00529896
0.26272172 -0.00529535
0.26278020 -0.00529175
0.26283869 -0.00528814
0.26289718 -0.00528454
0.26295568 -0.00528093
0.26301418 -0.00527733
0.26307269 -0.00527372
0.26313120 -0.00527012
0.26318971 -0.00526651
0.26324823 -0.00526291
0.26330675 -0.00525930
0.26336528 -0.00525569
0.26342381 -0.00525208
0.26348234 -0.00524848
0.26354088 -0.00524487
0.26359943 -0.00524126
0.26365798 -0.00523765
0.26371653 -0.00523404
0.26377508 -0.00523043
0.26383364 -0.00522683
0.26389221 -0.00522322
0.26395078 -0.00521961
0.26400935 -0.00521600
0.26406793 -0.00521238
0.26412651 -0.00520877
0.26418510 -0.00520516
0.26424369 -0.00520155
0.26430228 -0.00519794
0.26436088 -0.00519433
0.26441948 -0.00519071
0.26447809 -0.00518710
0.26453670 -0.00518349
0.26459531 -0.00517988
0.26465393 -0.00517626
0.26471256 -0.00517265
0.26477119 -0.00516903
0.26482982 -0.00516542
0.26488845 -0.00516180
0.26494709 -0.00515819
0.26500574 -0.00515457
0.26506439 -0.00515096
0.26512304 -0.00514734
0.26518170 -0.00514372
0.26524036 -0.00514011
0.26529903 -0.00513649
0.26535770 -0.00513287
0.26541637 -0.00512926
0.26547505 -0.00512564
0.26553373 -0.00512202
0.26559242 -0.00511840
0.26565111 -0.00511478
0.26570980 -0.00511116
0.26576850 -0.00510754
0.26582720 -0.00510392
0.26588591 -0.00510030
0.26594462 -0.00509668
0.26600334 -0.00509306
0.26606206 -0.00508944
0.26612078 -0.00508582
0.26617951 -0.00508220
0.26623825 -0.00507858
0.26629698 -0.00507496
0.26635572 -0.00507133
0.26641447 -0.00506771
0.26647322 -0.00506409
0.26653197 -0.00506047
0.26659073 -0.00505684
0.26664949 -0.00505322
0.26670826 -0.00504959
0.26676703 -0.00504597
0.26682580 -0.00504235
0.26688458 -0.00503872
0.26694336 -0.00503509
0.26700215 -0.00503147
0.26706094 -0.00502784
0.26711973 -0.00502422
0.26717853 -0.00502059
0.26723734 -0.00501696
0.26729615 -0.00501334
0.26735496 -0.00500971
0.26741377 -0.00500608
0.26747259 -0.00500245
0.26753142 -0.00499883
0.26759025 -0.00499520
0.26764908 -0.00499157
0.26770792 -0.00498794
0.26776676 -0.00498431
0.26782560 -0.00498068
0.26788445 -0.00497705
0.26794330 -0.00497342
0.26800216 -0.00496979
0.26806102 -0.00496616
0.26811989 -0.00496253
0.26817876 -0.00495890
0.26823763 -0.00495527
0.26829651 -0.00495163
0.26835539 -0.00494800
0.26841428 -0.00494437
0.26847317 -0.00494074
0.26853207 -0.00493710
0.26859096 -0.00493347
0.26864987 -0.00492984
0.26870878 -0.00492620
0.26876769 -0.00492257
0.26882660 -0.00491893
0.26888552 -0.00491530
0.26894445 -0.00491166
0.26900337 -0.00490803
0.26906231 -0.00490439
0.26912124 -0.00490076
0.26918018 -0.00489712
0.26923913 -0.00489348
0.26929808 -0.00488985
0.26935703 -0.00488621
0.26941599 -0.00488257
0.26947495 -0.00487894
0.26953391 -0.00487530
0.26959288 -0.00487166
0.26965185 -0.00486802
0.26971083 -0.00486438
0.26976981 -0.00486074
0.26982880 -0.00485710
0.26988779 -0.00485346
0.26994678 -0.00484982
0.27000578 -0.00484618
0.27006478 -0.00484254
0.27012379 -0.00483890
0.27018280 -0.00483526
0.27024182 -0.00483162
0.27030083 -0.00482798
0.27035986 -0.00482434
0.27041888 -0.00482070
0.27047792 -0.00481705
0.27053695 -0.00481341
0.27059599 -0.00480977
0.27065503 -0.00480612
0.27071408 -0.00480248
0.27077313 -0.00479884
0.27083219 -0.00479519
0.27089125 -0.00479155
0.27095031 -0.00478790
0.27100938 -0.00478426
0.27106845 -0.00478062
0.27112753 -0.00477697
0.27118661 -0.00477332
0.27124569 -0.00476968
0.27130478 -0.00476603
0.27136387 -0.00476239
0.27142297 -0.00475874
0.27148207 -0.00475509
0.27154118 -0.00475144
0.27160029 -0.00474780
0.27165940 -0.00474415
0.27171852 -0.00474050
0.27177764 -0.00473685
0.27183676 -0.00473320
0.27189589 -0.00472955
0.27195503 -0.00472591
0.27201416 -0.00472226
0.27207331 -0.00471861
0.27213245 -0.00471496
0.27219160 -0.00471131
0.27225076 -0.00470766
0.27230991 -0.00470400
0.27236908 -0.00470035
0.27242824 -0.00469670
0.27248741 -0.00469305
0.27254659 -0.00468940
0.27260577 -0.00468575
0.27266495 -0.00468209
0.27272414 -0.00467844
0.27278333 -0.00467479
0.27284252 -0.00467114
0.27290172 -0.00466748
0.27296092 -0.00466383
0.27302013 -0.00466017
0.27307934 -0.00465652
0.27313856 -0.00465287
0.27319778 -0.00464921
0.27325700 -0.00464556
0.27331623 -0.00464190
0.27337546 -0.00463824
0.27343470 -0.00463459
0.27349394 -0.00463093
0.27355318 -0.00462728
0.27361243 -0.00462362
0.27367168 -0.00461996
0.27373094 -0.00461631
0.27379020 -0.00461265
0.27384946 -0.00460899
0.27390873 -0.00460533
0.27396800 -0.00460167
0.27402728 -0.00459802
0.27408656 -0.00459436
0.27414584 -0.00459070
0.27420513 -0.00458704
0.27426442 -0.00458338
0.27432372 -0.00457972
0.27438302 -0.00457606
0.27444232 -0.00457240
0.27450163 -0.00456874
0.27456095 -0.00456508
0.27462026 -0.00456142
0.27467958 -0.00455775
0.27473891 -0.00455409
0.27479824 -0.00455043
0.27485757 -0.00454677
0.27491691 -0.00454311
0.27497625 -0.00453944
0.27503559 -0.00453578
0.27509494 -0.00453212
0.27515430 -0.00452845
0.27521365 -0.00452479
0.27527302 -0.00452113
0.27533238 -0.00451746
0.27539175 -0.00451380
0.27545112 -0.00451013
0.27551050 -0.00450647
0.27556988 -0.00450280
0.27562927 -0.00449914
0.27568866 -0.00449547
0.27574805 -0.00449181
0.27580745 -0.00448814
0.27586685 -0.00448447
0.27592626 -0.00448081
0.27598567 -0.00447714
0.27604508 -0.00447347
0.27610450 -0.00446980
0.27616392 -0.00446614
0.27622335 -0.00446247
0.27628278 -0.00445880
0.27634221 -0.00445513
0.27640165 -0.00445146
0.27646109 -0.00444779
0.27652054 -0.00444412
0.27657999 -0.00444045
0.27663944 -0.00443678
0.27669890 -0.00443311
0.27675836 -0.00442944
0.27681783 -0.00442577
0.27687730 -0.00442210
0.27693677 -0.00441843
0.27699625 -0.00441476
0.27705573 -0.00441109
0.27711522 -0.00440742
0.27717471 -0.00440375
0.27723420 -0.00440007
0.27729370 -0.00439640
0.27735320 -0.00439273
0.27741271 -0.00438905
0.27747222 -0.00438538
0.27753173 -0.00438171
0.27759125 -0.00437803
0.27765078 -0.00437436
0.27771030 -0.00437069
0.27776983 -0.00436701
0.27782937 -0.00436334
0.27788890 -0.00435966
0.27794845 -0.00435599
0.27800799 -0.00435231
0.27806754 -0.00434864
0.27812710 -0.00434496
0.27818666 -0.00434128
0.27824622 -0.00433761
0.27830579 -0.00433393
0.27836536 -0.00433025
0.27842493 -0.00432658
0.27848451 -0.00432290
0.27854409 -0.00431922
0.27860368 -0.00431554
0.27866327 -0.00431186
0.27872286 -0.00430819
0.27878246 -0.00430451
0.27884206 -0.00430083
0.27890167 -0.00429715
0.27896128 -0.00429347
0.27902089 -0.00428979
0.27908051 -0.00428611
0.27914013 -0.00428243
0.27919976 -0.00427875
0.27925939 -0.00427507
0.27931902 -0.00427139
0.27937866 -0.00426771
0.27943830 -0.00426403
0.27949795 -0.00426034
0.27955760 -0.00425666
0.27961725 -0.00425298
0.27967691 -0.00424930
0.27973657 -0.00424562
0.27979624 -0.00424193
0.27985591 -0.00423825
0.27991558 -0.00423457
0.27997526 -0.00423088
0.28003494 -0.00422720
0.28009463 -0.00422352
0.28015432 -0.00421983
0.28021401 -0.00421615
0.28027371 -0.00421246
0.28033341 -0.00420878
0.28039312 -0.00420509
0.28045283 -0.00420141
0.28051254 -0.00419772
0.28057226 -0.00419404
0.28063198 -0.00419035
0.28069171 -0.00418666
0.28075144 -0.00418298
0.28081117 -0.00417929
0.28087091 -0.00417560
0.28093065 -0.00417192
0.28099039 -0.00416823
0.28105014 -0.00416454
0.28110990 -0.00416085
0.28116965 -0.00415717
0.28122941 -0.00415348
0.28128918 -0.00414979
0.28134895 -0.00414610
0.28140872 -0.00414241
0.28146850 -0.00413872
0.28152828 -0.00413503
0.28158806 -0.00413134
0.28164785 -0.00412765
0.28170764 -0.00412396
0.28176744 -0.00412027
0.28182724 -0.00411658
0.28188705 -0.00411289
0.28194685 -0.00410920
0.28200667 -0.00410551
0.28206648 -0.00410182
0.28212630 -0.00409813
0.28218613 -0.00409443
0.28224596 -0.00409074
0.28230579 -0.00408705
0.28236562 -0.00408336
0.28242546 -0.00407966
0.28248531 -0.00407597
0.28254516 -0.00407228
0.28260501 -0.00406858
0.28266486 -0.00406489
0.28272472 -0.00406120
0.28278459 -0.00405750
0.28284445 -0.00405381
0.28290432 -0.00405011
0.28296420 -0.00404642
0.28302408 -0.00404272
0.28308396 -0.00403903
0.28314385 -0.00403533
0.28320374 -0.00403164
0.28326364 -0.00402794
0.28332353 -0.00402424
0.28338344 -0.00402055
0.28344334 -0.00401685
0.28350325 -0.00401315
0.28356317 -0.00400946
0.28362309 -0.00400576
0.28368301 -0.00400206
0.28374294 -0.00399836
0.28380287 -0.00399467
0.28386280 -0.00399097
0.28392274 -0.00398727
0.28398268 -0.00398357
0.28404263 -0.00397987
0.28410258 -0.00397617
0.28416253 -0.00397247
0.28422249 -0.00396877
0.28428245 -0.00396507
0.28434241 -0.00396137
0.28440238 -0.00395767
0.28446236 -0.00395397
0.28452233 -0.00395027
0.28458231 -0.00394657
0.28464230 -0.00394287
0.28470229 -0.00393917
0.28476228 -0.00393547
0.28482228 -0.00393177
0.28488228 -0.00392806
0.28494228 -0.00392436
0.28500229 -0.00392066
0.28506230 -0.00391696
0.28512232 -0.00391325
0.28518234 -0.00390955
0.28524236 -0.00390585
0.28530239 -0.00390214
0.28536242 -0.00389844
0.28542246 -0.00389474
0.28548250 -0.00389103
0.28554254 -0.00388733
0.28560259 -0.00388362
0.28566264 -0.00387992
0.28572269 -0.00387621
0.28578275 -0.00387251
0.28584281 -0.00386880
0.28590288 -0.00386510
0.28596295 -0.00386139
0.28602303 -0.00385769
0.28608310 -0.00385398
0.28614319 -0.00385027
0.28620327 -0.00384657
0.28626336 -0.00384286
0.28632346 -0.00383915
0.28638355 -0.00383545
0.28644366 -0.00383174
0.28650376 -0.00382803
0.28656387 -0.00382432
0.28662398 -0.00382062
0.28668410 -0.00381691
0.28674422 -0.00381320
0.28680435 -0.00380949
0.28686447 -0.00380578
0.28692461 -0.00380207
0.28698474 -0.00379836
0.28704488 -0.00379465
0.28710503 -0.00379094
0.28716518 -0.00378723
0.28722533 -0.00378352
0.28728548 -0.00377981
0.28734564 -0.00377610
0.28740581 -0.00377239
0.28746597 -0.00376868
0.28752614 -0.00376497
0.28758632 -0.00376126
0.28764650 -0.00375755
0.28770668 -0.00375384
0.28776687 -0.00375012
0.28782706 -0.00374641
0.28788725 -0.00374270
0.28794745 -0.00373899
0.28800765 -0.00373528
0.28806786 -0.00373156
0.28812807 -0.00372785
0.28818828 -0.00372414
0.28824850 -0.00372042
0.28830872 -0.00371671
0.28836894 -0.00371299
0.28842917 -0.00370928
0.28848941 -0.00370557
0.28854964 -0.00370185
0.28860988 -0.00369814
0.28867013 -0.00369442
0.28873038 -0.00369071
0.28879063 -0.00368699
0.28885088 -0.00368328
0.28891114 -0.00367956
0.28897141 -0.00367584
0.28903167 -0.00367213
0.28909194 -0.00366841
0.28915222 -0.00366470
0.28921250 -0.00366098
0.28927278 -0.00365726
0.28933307 -0.00365355
0.28939336 -0.00364983
0.28945365 -0.00364611
0.28951395 -0.00364239
0.28957425 -0.00363867
0.28963456 -0.00363496
0.28969487 -0.00363124
0.28975518 -0.00362752
0.28981550 -0.00362380
0.28987582 -0.00362008
0.28993614 -0.00361636
0.28999647 -0.00361264
0.29005680 -0.00360893
0.29011714 -0.00360521
0.29017748 -0.00360149
0.29023782 -0.00359777
0.29029817 -0.00359405
0.29035852 -0.00359033
0.29041888 -0.00358660
0.29047924 -0.00358288
0.29053960 -0.00357916
0.29059997 -0.00357544
0.29066034 -0.00357172
0.29072071 -0.00356800
0.29078109 -0.00356428
0.29084147 -0.00356056
0.29090186 -0.00355683
0.29096225 -0.00355311
0.29102264 -0.00354939
0.29108304 -0.00354567
0.29114344 -0.00354194
0.29120384 -0.00353822
0.29126425 -0.00353450
0.29132466 -0.00353077
0.29138508 -0.00352705
0.29144550 -0.00352333
0.29150592 -0.00351960
0.29156635 -0.00351588
0.29162678 -0.00351215
0.29168722 -0.00350843
0.29174766 -0.00350471
0.29180810 -0.00350098
0.29186855 -0.00349726
0.29192900 -0.00349353
0.29198945 -0.00348980
0.29204991 -0.00348608
0.29211037 -0.00348235
0.29217083 -0.00347863
0.29223130 -0.00347490
0.29229178 -0.00347118
0.29235225 -0.00346745
0.29241273 -0.00346372
0.29247322 -0.00346000
0.29253371 -0.00345627
0.29259420 -0.00345254
0.29265469 -0.00344881
0.29271519 -0.00344509
0.29277570 -0.00344136
0.29283620 -0.00343763
0.29289672 -0.00343390
0.29295723 -0.00343017
0.29301775 -0.00342645
0.29307827 -0.00342272
0.29313880 -0.00341899
0.29319933 -0.00341526
0.29325986 -0.00341153
0.29332040 -0.00340780
0.29338094 -0.00340407
0.29344148 -0.00340034
0.29350203 -0.00339661
0.29356258 -0.00339288
0.29362314 -0.00338915
0.29368370 -0.00338542
0.29374426 -0.00338169
0.29380483 -0.00337796
0.29386540 -0.00337423
0.29392598 -0.00337050
0.29398656 -0.00336677
0.29404714 -0.00336303
0.29410773 -0.00335930
0.29416832 -0.00335557
0.29422891 -0.00335184
0.29428951 -0.00334811
0.29435011 -0.00334437
0.29441071 -0.00334064
0.29447132 -0.00333691
0.29453193 -0.00333318
0.29459255 -0.00332944
0.29465317 -0.00332571
0.29471380 -0.00332198
0.29477442 -0.00331824
0.29483505 -0.00331451
0.29489569 -0.00331078
0.29495633 -0.00330704
0.29501697 -0.00330331
0.29507762 -0.00329957
0.29513827 -0.00329584
0.29519892 -0.00329210
0.29525958 -0.00328837
0.29532024 -0.00328463
0.29538090 -0.00328090
0.29544157 -0.00327716
0.29550225 -0.00327343
0.29556292 -0.00326969
0.29562360 -0.00326596
0.29568429 -0.00326222
0.29574497 -0.00325848
0.29580566 -0.00325475
0.29586636 -0.00325101
0.29592706 -0.00324727
0.29598776 -0.00324354
0.29604847 -0.00323980
0.29610918 -0.00323606
0.29616989 -0.00323233
0.29623061 -0.00322859
0.29629133 -0.00322485
0.29635205 -0.00322111
0.29641278 -0.00321737
0.29647351 -0.00321364
0.29653425 -0.00320990
0.29659499 -0.00320616
0.29665573 -0.00320242
0.29671648 -0.00319868
0.29677723 -0.00319494
0.29683798 -0.00319120
0.29689874 -0.00318746
0.29695951 -0.00318373
0.29702027 -0.00317999
0.29708104 -0.00317625
0.29714181 -0.00317251
0.29720259 -0.00316877
0.29726337 -0.00316503
0.29732416 -0.00316128
0.29738494 -0.00315754
0.29744573 -0.00315380
0.29750653 -0.00315006
0.29756733 -0.00314632
0.29762813 -0.00314258
0.29768894 -0.00313884
0.29774975 -0.00313510
0.29781056 -0.00313136
0.29787138 -0.00312761
0.29793220 -0.00312387
0.29799303 -0.00312013
0.29805386 -0.00311639
0.29811469 -0.00311264
0.29817552 -0.00310890
0.29823636 -0.00310516
0.29829721 -0.00310142
0.29835805 -0.00309767
0.29841891 -0.00309393
0.29847976 -0.00309019
0.29854062 -0.00308644
0.29860148 -0.00308270
0.29866235 -0.00307895
0.29872322 -0.00307521
0.29878409 -0.00307147
0.29884497 -0.00306772
0.29890585 -0.00306398
0.29896673 -0.00306023
0.29902762 -0.00305649
0.29908851 -0.00305274
0.29914940 -0.00304900
0.29921030 -0.00304525
0.29927121 -0.00304151
0.29933211 -0.00303776
0.29939302 -0.00303402
0.29945394 -0.00303027
0.29951485 -0.00302652
0.29957577 -0.00302278
0.29963670 -0.00301903
0.29969763 -0.00301529
0.29975856 -0.00301154
0.29981950 -0.00300779
0.29988043 -0.00300405
0.29994138 -0.00300030
0.30000232 -0.00299655
0.30006327 -0.00299280
0.30012423 -0.00298906
0.30018519 -0.00298531
0.30024615 -0.00298156
0.30030711 -0.00297781
0.30036808 -0.00297406
0.30042905 -0.00297032
0.30049003 -0.00296657
0.30055101 -0.00296282
0.30061199 -0.00295907
0.30067298 -0.00295532
0.30073397 -0.00295157
0.30079497 -0.00294782
0.30085596 -0.00294408
0.30091697 -0.00294033
0.30097797 -0.00293658
0.30103898 -0.00293283
0.30109999 -0.00292908
0.30116101 -0.00292533
0.30122203 -0.00292158
0.30128305 -0.00291783
0.30134408 -0.00291408
0.30140511 -0.00291033
0.30146614 -0.00290657
0.30152718 -0.00290282
0.30158823 -0.00289907
0.30164927 -0.00289532
0.30171032 -0.00289157
0.30177137 -0.00288782
0.30183243 -0.00288407
0.30189349 -0.00288032
0.30195455 -0.00287656
0.30201562 -0.00287281
0.30207669 -0.00286906
0.30213777 -0.00286531
0.30219884 -0.00286156
0.30225993 -0.00285780
0.30232101 -0.00285405
0.30238210 -0.00285030
0.30244319 -0.00284655
0.30250429 -0.00284279
0.30256539 -0.00283904
0.30262649 -0.00283529
0.30268760 -0.00283153
0.30274871 -0.00282778
0.30280983 -0.00282403
0.30287095 -0.00282027
0.30293207 -0.00281652
0.30299319 -0.00281276
0.30305432 -0.00280901
0.30311546 -0.00280526
0.30317659 -0.00280150
0.30323773 -0.00279775
0.30329888 -0.00279399
0.30336002 -0.00279024
0.30342117 -0.00278648
0.30348233 -0.00278273
0.30354349 -0.00277897
0.30360465 -0.00277522
0.30366581 -0.00277146
0.30372698 -0.00276770
0.30378816 -0.00276395
0.30384933 -0.00276019
0.30391051 -0.00275644
0.30397170 -0.00275268
0.30403288 -0.00274892
0.30409407 -0.00274517
0.30415527 -0.00274141
0.30421647 -0.00273765
0.30427767 -0.00273390
0.30433887 -0.00273014
0.30440008 -0.00272638
0.30446129 -0.00272263
0.30452251 -0.00271887
0.30458373 -0.00271511
0.30464495 -0.00271135
0.30470618 -0.00270760
0.30476741 -0.00270384
0.30482864 -0.00270008
0.30488988 -0.00269632
0.30495112 -0.00269256
0.30501237 -0.00268881
0.30507362 -0.00268505
0.30513487 -0.00268129
0.30519612 -0.00267753
0.30525738 -0.00267377
0.30531864 -0.00267001
0.30537991 -0.00266625
0.30544118 -0.00266249
0.30550245 -0.00265874
0.30556373 -0.00265498
0.30562501 -0.00265122
0.30568630 -0.00264746
0.30574758 -0.00264370
0.30580888 -0.00263994
0.30587017 -0.00263618
0.30593147 -0.00263242
0.30599277 -0.00262866
0.30605408 -0.00262490
0.30611539 -0.00262114
0.30617670 -0.00261738
0.30623802 -0.00261361
0.30629934 -0.00260985
0.30636066 -0.00260609
0.30642199 -0.00260233
0.30648332 -0.00259857
0.30654465 -0.00259481
0.30660599 -0.00259105
0.30666733 -0.00258729
0.30672868 -0.00258352
0.30679003 -0.00257976
0.30685138 -0.00257600
0.30691274 -0.00257224
0.30697409 -0.00256848
0.30703546 -0.00256471
0.30709682 -0.00256095
0.30715819 -0.00255719
0.30721957 -0.00255343
0.30728095 -0.00254966
0.30734233 -0.00254590
0.30740371 -0.00254214
0.30746510 -0.00253837
0.30752649 -0.00253461
0.30758789 -0.00253085
0.30764928 -0.00252708
0.30771069 -0.00252332
0.30777209 -0.00251956
0.30783350 -0.00251579
0.30789491 -0.00251203
0.30795633 -0.00250827
0.30801775 -0.00250450
0.30807917 -0.00250074
0.30814060 -0.00249697
0.30820203 -0.00249321
0.30826347 -0.00248944
0.30832490 -0.00248568
0.30838635 -0.00248192
0.30844779 -0.00247815
0.30850924 -0.00247439
0.30857069 -0.00247062
0.30863215 -0.00246686
0.30869361 -0.00246309
0.30875507 -0.00245932
0.30881653 -0.00245556
0.30887800 -0.00245179
0.30893948 -0.00244803
0.30900095 -0.00244426
0.30906243 -0.00244050
0.30912392 -0.00243673
0.30918540 -0.00243296
0.30924690 -0.00242920
0.30930839 -0.00242543
0.30936989 -0.00242166
0.30943139 -0.00241790
0.30949289 -0.00241413
0.30955440 -0.00241036
0.30961592 -0.00240660
0.30967743 -0.00240283
0.30973895 -0.00239906
0.30980047 -0.00239530
0.30986200 -0.00239153
0.30992353 -0.00238776
0.30998506 -0.00238399
0.31004660 -0.00238023
0.31010814 -0.00237646
0.31016968 -0.00237269
0.31023123 -0.00236892
0.31029278 -0.00236516
0.31035434 -0.00236139
0.31041589 -0.00235762
0.31047745 -0.00235385
0.31053902 -0.00235008
0.31060059 -0.00234631
0.31066216 -0.00234255
0.31072374 -0.00233878
0.31078531 -0.00233501
0.31084690 -0.00233124
0.31090848 -0.00232747
0.31097007 -0.00232370
0.31103167 -0.00231993
0.31109326 -0.00231616
0.31115486 -0.00231239
0.31121647 -0.00230862
0.31127807 -0.00230485
0.31133968 -0.00230109
0.31140130 -0.00229732
0.31146291 -0.00229355
0.31152454 -0.00228978
0.31158616 -0.00228601
0.31164779 -0.00228224
0.31170942 -0.00227847
0.31177106 -0.00227470
0.31183269 -0.00227092
0.31189434 -0.00226715
0.31195598 -0.00226338
0.31201763 -0.00225961
0.31207928 -0.00225584
0.31214094 -0.00225207
0.31220260 -0.00224830
0.31226426 -0.00224453
0.31232593 -0.00224076
0.31238760 -0.00223699
0.31244927 -0.00223322
0.31251095 -0.00222944
0.31257263 -0.00222567
0.31263431 -0.00222190
0.31269600 -0.00221813
0.31275769 -0.00221436
0.31281939 -0.00221059
0.31288108 -0.00220681
0.31294279 -0.00220304
0.31300449 -0.00219927
0.31306620 -0.00219550
0.31312791 -0.00219173
0.31318963 -0.00218795
0.31325134 -0.00218418
0.31331307 -0.00218041
0.31337479 -0.00217664
0.31343652 -0.00217286
0.31349825 -0.00216909
0.31355999 -0.00216532
0.31362173 -0.00216154
0.31368347 -0.00215777
0.31374522 -0.00215400
0.31380697 -0.00215023
0.31386872 -0.00214645
0.31393048 -0.00214268
0.31399224 -0.00213890
0.31405400 -0.00213513
0.31411577 -0.00213136
0.31417754 -0.00212758
0.31423932 -0.00212381
0.31430109 -0.00212004
0.31436288 -0.00211626
0.31442466 -0.00211249
0.31448645 -0.00210871
0.31454824 -0.00210494
0.31461004 -0.00210117
0.31467183 -0.00209739
0.31473364 -0.00209362
0.31479544 -0.00208984
0.31485725 -0.00208607
0.31491906 -0.00208229
0.31498088 -0.00207852
0.31504270 -0.00207474
0.31510452 -0.00207097
0.31516635 -0.00206719
0.31522818 -0.00206342
0.31529001 -0.00205964
0.31535184 -0.00205587
0.31541368 -0.00205209
0.31547553 -0.00204832
0.31553737 -0.00204454
0.31559922 -0.00204077
0.31566108 -0.00203699
0.31572294 -0.00203322
0.31578480 -0.00202944
0.31584666 -0.00202566
0.31590853 -0.00202189
0.31597040 -0.00201811
0.31603227 -0.00201434
0.31609415 -0.00201056
0.31615603 -0.00200678
0.31621792 -0.00200301
0.31627980 -0.00199923
0.31634170 -0.00199545
0.31640359 -0.00199168
0.31646549 -0.00198790
0.31652739 -0.00198412
0.31658930 -0.00198035
0.31665120 -0.00197657
0.31671312 -0.00197279
0.31677503 -0.00196902
0.31683695 -0.00196524
0.31689887 -0.00196146
0.31696080 -0.00195769
0.31702273 -0.00195391
0.31708466 -0.00195013
0.31714660 -0.00194635
0.31720854 -0.00194258
0.31727048 -0.00193880
0.31733242 -0.00193502
0.31739437 -0.00193124
0.31745633 -0.00192747
0.31751828 -0.00192369
0.31758024 -0.00191991
0.31764221 -0.00191613
0.31770417 -0.00191236
0.31776614 -0.00190858
0.31782812 -0.00190480
0.31789009 -0.00190102
0.31795207 -0.00189724
0.31801406 -0.00189347
0.31807605 -0.00188969
0.31813804 -0.00188591
0.31820003 -0.00188213
0.31826203 -0.00187835
0.31832403 -0.00187457
0.31838603 -0.00187079
0.31844804 -0.00186702
0.31851005 -0.00186324
0.31857206 -0.00185946
0.31863408 -0.00185568
0.31869610 -0.00185190
0.31875813 -0.00184812
0.31882016 -0.00184434
0.31888219 -0.00184056
0.31894422 -0.00183678
0.31900626 -0.00183300
0.31906830 -0.00182923
0.31913035 -0.00182545
0.31919240 -0.00182167
0.31925445 -0.00181789
0.31931650 -0.00181411
0.31937856 -0.00181033
0.31944062 -0.00180655
0.31950269 -0.00180277
0.31956476 -0.00179899
0.31962683 -0.00179521
0.31968890 -0.00179143
0.31975098 -0.00178765
0.31981306 -0.00178387
0.31987515 -0.00178009
0.31993724 -0.00177631
0.31999933 -0.00177253
0.32006143 -0.00176875
0.32012353 -0.00176497
0.32018563 -0.00176119
0.32024773 -0.00175741
0.32030984 -0.00175363
0.32037196 -0.00174985
0.32043407 -0.00174607
0.32049619 -0.00174229
0.32055831 -0.00173851
0.32062044 -0.00173472
0.32068257 -0.00173094
0.32074470 -0.00172716
0.32080684 -0.00172338
0.32086898 -0.00171960
0.32093112 -0.00171582
0.32099327 -0.00171204
0.32105542 -0.00170826
0.32111757 -0.00170448
0.32117972 -0.00170070
0.32124188 -0.00169691
0.32130405 -0.00169313
0.32136621 -0.00168935
0.32142838 -0.00168557
0.32149056 -0.00168179
0.32155273 -0.00167801
0.32161491 -0.00167423
0.32167710 -0.00167044
0.32173928 -0.00166666
0.32180147 -0.00166288
0.32186367 -0.00165910
0.32192586 -0.00165532
0.32198806 -0.00165154
0.32205026 -0.00164775
0.32211247 -0.00164397
0.32217468 -0.00164019
0.32223689 -0.00163641
0.32229911 -0.00163263
0.32236133 -0.00162885
0.32242355 -0.00162506
0.32248578 -0.00162128
0.32254801 -0.00161750
0.32261024 -0.00161372
0.32267248 -0.00160993
0.32273472 -0.00160615
0.32279696 -0.00160237
0.32285921 -0.00159859
0.32292146 -0.00159480
0.32298371 -0.00159102
0.32304597 -0.00158724
0.32310823 -0.00158346
0.32317049 -0.00157967
0.32323276 -0.00157589
0.32329503 -0.00157211
0.32335730 -0.00156833
0.32341958 -0.00156454
0.32348186 -0.00156076
0.32354414 -0.00155698
0.32360643 -0.00155320
0.32366872 -0.00154941
0.32373101 -0.00154563
0.32379331 -0.00154185
0.32385561 -0.00153806
0.32391791 -0.00153428
0.32398022 -0.00153050
0.32404253 -0.00152671
0.32410484 -0.00152293
0.32416716 -0.00151915
0.32422948 -0.00151536
0.32429180 -0.00151158
0.32435413 -0.00150780
0.32441646 -0.00150402
0.32447879 -0.00150023
0.32454113 -0.00149645
0.32460347 -0.00149266
0.32466581 -0.00148888
0.32472816 -0.00148510
0.32479051 -0.00148131
0.32485286 -0.00147753
0.32491522 -0.00147375
0.32497757 -0.00146996
0.32503994 -0.00146618
0.32510230 -0.00146240
0.32516467 -0.00145861
0.32522705 -0.00145483
0.32528942 -0.00145105
0.32535180 -0.00144726
0.32541418 -0.00144348
0.32547657 -0.00143969
0.32553896 -0.00143591
0.32560135 -0.00143213
0.32566375 -0.00142834
0.32572615 -0.00142456
0.32578855 -0.00142077
0.32585095 -0.00141699
0.32591336 -0.00141321
0.32597578 -0.00140942
0.32603819 -0.00140564
0.32610061 -0.00140185
0.32616303 -0.00139807
0.32622546 -0.00139429
0.32628789 -0.00139050
0.32635032 -0.00138672
0.32641275 -0.00138293
0.32647519 -0.00137915
0.32653763 -0.00137536
0.32660008 -0.00137158
0.32666253 -0.00136779
0.32672498 -0.00136401
0.32678743 -0.00136023
0.32684989 -0.00135644
0.32691235 -0.00135266
0.32697482 -0.00134887
0.32703729 -0.00134509
0.32709976 -0.00134130
0.32716223 -0.00133752
0.32722471 -0.00133373
0.32728719 -0.00132995
0.32734968 -0.00132617
0.32741216 -0.00132238
0.32747465 -0.00131860
0.32753715 -0.00131481
0.32759965 -0.00131103
0.32766215 -0.00130724
0.32772465 -0.00130346
0.32778716 -0.00129967
0.32784967 -0.00129589
0.32791218 -0.00129210
0.32797470 -0.00128832
0.32803722 -0.00128453
0.32809974 -0.00128075
0.32816227 -0.00127696
0.32822480 -0.00127318
0.32828733 -0.00126939
0.32834987 -0.00126561
0.32841241 -0.00126182
0.32847495 -0.00125804
0.32853750 -0.00125425
0.32860005 -0.00125047
0.32866260 -0.00124668
0.32872516 -0.00124290
0.32878772 -0.00123911
0.32885028 -0.00123533
0.32891284 -0.00123154
0.32897541 -0.00122776
0.32903799 -0.00122397
0.32910056 -0.00122019
0.32916314 -0.00121640
0.32922572 -0.00121262
0.32928831 -0.00120883
0.32935090 -0.00120505
0.32941349 -0.00120126
0.32947608 -0.00119748
0.32953868 -0.00119369
0.32960128 -0.00118991
0.32966389 -0.00118612
0.32972650 -0.00118234
0.32978911 -0.00117855
0.32985172 -0.00117477
0.32991434 -0.00117098
0.32997696 -0.00116720
0.33003958 -0.00116341
0.33010221 -0.00115963
0.33016484 -0.00115584
0.33022748 -0.00115206
0.33029011 -0.00114827
0.33035275 -0.00114449
0.33041540 -0.00114070
0.33047804 -0.00113692
0.33054069 -0.00113313
0.33060335 -0.00112934
0.33066600 -0.00112556
0.33072866 -0.00112177
0.33079132 -0.00111799
0.33085399 -0.00111420
0.33091666 -0.00111042
0.33097933 -0.00110663
0.33104201 -0.00110285
0.33110469 -0.00109906
0.33116737 -0.00109528
0.33123005 -0.00109149
0.33129274 -0.00108771
0.33135543 -0.00108392
0.33141813 -0.00108014
0.33148083 -0.00107635
0.33154353 -0.00107257
0.33160623 -0.00106878
0.33166894 -0.00106499
0.33173165 -0.00106121
0.33179437 -0.00105742
0.33185708 -0.00105364
0.33191980 -0.00104985
0.33198253 -0.00104607
0.33204526 -0.00104228
0.33210799 -0.00103850
0.33217072 -0.00103471
0.33223346 -0.00103093
0.33229620 -0.00102714
0.33235894 -0.00102336
0.33242168 -0.00101957
0.33248443 -0.00101579
0.33254719 -0.00101200
0.33260994 -0.00100822
0.33267270 -0.00100443
0.33273546 -0.00100064
0.33279823 -0.00099686
0.33286100 -0.00099307
0.33292377 -0.00098929
0.33298654 -0.00098550
0.33304932 -0.00098172
0.33311210 -0.00097793
0.33317489 -0.00097415
0.33323768 -0.00097036
0.33330047 -0.00096658
0.33336326 -0.00096279
0.33342606 -0.00095901
0.33348886 -0.00095522
0.33355166 -0.00095144
0.33361447 -0.00094765
0.33367728 -0.00094387
0.33374009 -0.00094008
0.33380291 -0.00093630
0.33386573 -0.00093251
0.33392855 -0.00092873
0.33399138 -0.00092494
0.33405420 -0.00092116
0.33411704 -0.00091737
0.33417987 -0.00091359
0.33424271 -0.00090980
0.33430555 -0.00090602
0.33436840 -0.00090223
0.33443124 -0.00089845
0.33449410 -0.00089466
0.33455695 -0.00089088
0.33461981 -0.00088709
0.33468267 -0.00088331
0.33474553 -0.00087952
0.33480840 -0.00087574
0.33487127 -0.00087195
0.33493414 -0.00086817
0.33499702 -0.00086438
0.33505990 -0.00086060
0.33512278 -0.00085681
0.33518567 -0.00085303
0.33524856 -0.00084924
0.33531145 -0.00084546
0.33537434 -0.00084167
0.33543724 -0.00083789
0.33550014 -0.00083410
0.33556305 -0.00083032
0.33562596 -0.00082653
0.33568887 -0.00082275
0.33575178 -0.00081896
0.33581470 -0.00081518
0.33587762 -0.00081139
0.33594054 -0.00080761
0.33600347 -0.00080382
0.33606640 -0.00080004
0.33612933 -0.00079626
0.33619227 -0.00079247
0.33625521 -0.00078869
0.33631815 -0.00078490
0.33638110 -0.00078112
0.33644404 -0.00077733
0.33650700 -0.00077355
0.33656995 -0.00076976
0.33663291 -0.00076598
0.33669587 -0.00076220
0.33675884 -0.00075841
0.33682180 -0.00075463
0.33688477 -0.00075084
0.33694775 -0.00074706
0.33701072 -0.00074327
0.33707371 -0.00073949
0.33713669 -0.00073571
0.33719967 -0.00073192
0.33726266 -0.00072814
0.33732566 -0.00072435
0.33738865 -0.00072057
0.33745165 -0.00071679
0.33751465 -0.00071300
0.33757766 -0.00070922
0.33764067 -0.00070543
0.33770368 -0.00070165
0.33776669 -0.00069787
0.33782971 -0.00069408
0.33789273 -0.00069030
0.33795575 -0.00068651
0.33801878 -0.00068273
0.33808181 -0.00067895
0.33814484 -0.00067516
0.33820788 -0.00067138
0.33827092 -0.00066760
0.33833396 -0.00066381
0.33839701 -0.00066003
0.33846006 -0.00065624
0.33852311 -0.00065246
0.33858616 -0.00064868
0.33864922 -0.00064489
0.33871228 -0.00064111
0.33877535 -0.00063733
0.33883841 -0.00063354
0.33890148 -0.00062976
0.33896456 -0.00062598
0.33902763 -0.00062219
0.33909071 -0.00061841
0.33915380 -0.00061463
0.33921688 -0.00061084
0.33927997 -0.00060706
0.33934306 -0.00060328
0.33940616 -0.00059949
0.33946926 -0.00059571
0.33953236 -0.00059193
0.33959546 -0.00058815
0.33965857 -0.00058436
0.33972168 -0.00058058
0.33978479 -0.00057680
0.33984791 -0.00057301
0.33991103 -0.00056923
0.33997415 -0.00056545
0.34003728 -0.00056167
0.34010041 -0.00055788
0.34016354 -0.00055410
0.34022668 -0.00055032
0.34028982 -0.00054654
0.34035296 -0.00054275
0.34041610 -0.00053897
0.34047925 -0.00053519
0.34054240 -0.00053141
0.34060555 -0.00052762
0.34066871 -0.00052384
0.34073187 -0.00052006
0.34079503 -0.00051628
0.34085820 -0.00051250
0.34092137 -0.00050871
0.34098454 -0.00050493
0.34104772 -0.00050115
0.34111089 -0.00049737
0.34117408 -0.00049359
0.34123726 -0.00048980
0.34130045 -0.00048602
0.34136364 -0.00048224
0.34142683 -0.00047846
0.34149003 -0.00047468
0.34155323 -0.00047090
0.34161643 -0.00046711
0.34167964 -0.00046333
0.34174285 -0.00045955
0.34180606 -0.00045577
0.34186927 -0.00045199
0.34193249 -0.00044821
0.34199571 -0.00044443
0.34205894 -0.00044064
0.34212216 -0.00043686
0.34218539 -0.00043308
0.34224863 -0.00042930
0.34231186 -0.00042552
0.34237510 -0.00042174
0.34243835 -0.00041796
0.34250159 -0.00041418
0.34256484 -0.00041040
0.34262809 -0.00040662
0.34269135 -0.00040283
0.34275460 -0.00039905
0.34281787 -0.00039527
0.34288113 -0.00039149
0.34294440 -0.00038771
0.34300767 -0.00038393
0.34307094 -0.00038015
0.34313422 -0.00037637
0.34319749 -0.00037259
0.34326078 -0.00036881
0.34332406 -0.00036503
0.34338735 -0.00036125
0.34345064 -0.00035747
0.34351394 -0.00035369
0.34357723 -0.00034991
0.34364053 -0.00034613
0.34370384 -0.00034235
0.34376714 -0.00033857
0.34383045 -0.00033479
0.34389376 -0.00033101
0.34395708 -0.00032723
0.34402040 -0.00032345
0.34408372 -0.00031967
0.34414704 -0.00031589
0.34421037 -0.00031211
0.34427370 -0.00030833
0.34433704 -0.00030456
0.34440037 -0.00030078
0.34446371 -0.00029700
0.34452706 -0.00029322
0.34459040 -0.00028944
0.34465375 -0.00028566
0.34471710 -0.00028188
0.34478046 -0.00027810
0.34484381 -0.00027432
0.34490717 -0.00027054
0.34497054 -0.00026677
0.34503391 -0.00026299
0.34509727 -0.00025921
0.34516065 -0.00025543
0.34522402 -0.00025165
0.34528740 -0.00024787
0.34535078 -0.00024410
0.34541417 -0.00024032
0.34547756 -0.00023654
0.34554095 -0.00023276
0.34560434 -0.00022898
0.34566774 -0.00022521
0.34573114 -0.00022143
0.34579454 -0.00021765
0.34585795 -0.00021387
0.34592136 -0.00021009
0.34598477 -0.00020632
0.34604818 -0.00020254
0.34611160 -0.00019876
0.34617502 -0.00019498
0.34623844 -0.00019121
0.34630187 -0.00018743
0.34636530 -0.00018365
0.34642873 -0.00017988
0.34649217 -0.00017610
0.34655561 -0.00017232
0.34661905 -0.00016854
0.34668250 -0.00016477
0.34674594 -0.00016099
0.34680939 -0.00015721
0.34687285 -0.00015344
0.34693630 -0.00014966
0.34699976 -0.00014589
0.34706323 -0.00014211
0.34712669 -0.00013833
0.34719016 -0.00013456
0.34725363 -0.00013078
0.34731711 -0.00012700
0.34738058 -0.00012323
0.34744407 -0.00011945
0.34750755 -0.00011568
0.34757104 -0.00011190
0.34763452 -0.00010812
0.34769802 -0.00010435
0.34776151 -0.00010057
0.34782501 -0.00009680
0.34788851 -0.00009302
0.34795202 -0.00008925
0.34801552 -0.00008547
0.34807903 -0.00008170
0.34814255 -0.00007792
0.34820606 -0.00007415
0.34826958 -0.00007037
0.34833310 -0.00006660
0.34839663 -0.00006282
0.34846016 -0.00005905
0.34852369 -0.00005527
0.34858722 -0.00005150
0.34865076 -0.00004772
0.34871430 -0.00004395
0.34877784 -0.00004018
0.34884139 -0.00003640
0.34890494 -0.00003263
0.34896849 -0.00002885
0.34903204 -0.00002508
0.34909560 -0.00002131
0.34915916 -0.00001753
0.34922272 -0.00001376
0.34928629 -0.00000998
0.34934986 -0.00000621
0.34941343 -0.00000244
0.34947701 0.00000134
0.34954059 0.00000511
0.34960417 0.00000888
0.34966775 0.00001266
0.34973134 0.00001643
0.34979493 0.00002020
0.34985852 0.00002397
0.34992212 0.00002775
0.34998572 0.00003152
0.35004932 0.00003529
0.35011292 0.00003906
0.35017653 0.00004284
0.35024014 0.00004661
0.35030375 0.00005038
0.35036737 0.00005415
0.35043099 0.00005793
0.35049461 0.00006170
0.35055824 0.00006547
0.35062187 0.00006924
0.35068550 0.00007301
0.35074913 0.00007678
0.35081277 0.00008056
0.35087641 0.00008433
0.35094005 0.00008810
0.35100370 0.00009187
0.35106735 0.00009564
0.35113100 0.00009941
0.35119465 0.00010318
0.35125831 0.00010695
0.35132197 0.00011072
0.35138563 0.00011450
0.35144930 0.00011827
0.35151297 0.00012204
0.35157664 0.00012581
0.35164032 0.00012958
0.35170399 0.00013335
0.35176767 0.00013712
0.35183136 0.00014089
0.35189504 0.00014466
0.35195873 0.00014843
0.35202243 0.00015220
0.35208612 0.00015597
0.35214982 0.00015974
0.35221352 0.00016350
0.35227722 0.00016727
0.35234093 0.00017104
0.35240464 0.00017481
0.35246835 0.00017858
0.35253207 0.00018235
0.35259579 0.00018612
0.35265951 0.00018989
0.35272323 0.00019366
0.35278696 0.00019742
0.35285069 0.00020119
0.35291442 0.00020496
0.35297816 0.00020873
0.35304190 0.00021250
0.35310564 0.00021627
0.35316939 0.00022003
0.35323313 0.00022380
0.35329688 0.00022757
0.35336064 0.00023134
0.35342439 0.00023510
0.35348815 0.00023887
0.35355191 0.00024264
0.35361568 0.00024641
0.35367945 0.00025017
0.35374322 0.00025394
0.35380699 0.00025771
0.35387077 0.00026147
0.35393455 0.00026524
0.35399833 0.00026901
0.35406211 0.00027277
0.35412590 0.00027654
0.35418969 0.00028031
0.35425349 0.00028407
0.35431728 0.00028784
0.35438108 0.00029160
0.35444488 0.00029537
0.35450869 0.00029914
0.35457250 0.00030290
0.35463631 0.00030667
0.35470012 0.00031043
0.35476394 0.00031420
0.35482776 0.00031796
0.35489158 0.00032173
0.35495541 0.00032549
0.35501923 0.00032926
0.35508307 0.00033302
0.35514690 0.00033679
0.35521074 0.00034055
0.35527458 0.00034431
0.35533842 0.00034808
0.35540226 0.00035184
0.35546611 0.00035561
0.35552996 0.00035937
0.35559382 0.00036313
0.35565767 0.00036690
0.35572153 0.00037066
0.35578539 0.00037442
0.35584926 0.00037819
0.35591313 0.00038195
0.35597700 0.00038571
0.35604087 0.00038948
0.35610475 0.00039324
0.35616863 0.00039700
0.35623251 0.00040077
0.35629640 0.00040453
0.35636029 0.00040829
0.35642418 0.00041205
0.35648807 0.00041581
0.35655197 0.00041958
0.35661587 0.00042334
0.35667977 0.00042710
0.35674367 0.00043086
0.35680758 0.00043462
0.35687149 0.00043838
0.35693541 0.00044215
0.35699932 0.00044591
0.35706324 0.00044967
0.35712716 0.00045343
0.35719109 0.00045719
0.35725502 0.00046095
0.35731895 0.00046471
0.35738288 0.00046847
0.35744682 0.00047223
0.35751076 0.00047599
0.35757470 0.00047975
0.35763864 0.00048351
0.35770259 0.00048727
0.35776654 0.00049103
0.35783050 0.00049479
0.35789445 0.00049855
0.35795841 0.00050231
0.35802237 0.00050607
0.35808634 0.00050983
0.35815030 0.00051359
0.35821427 0.00051735
0.35827825 0.00052110
0.35834222 0.00052486
0.35840620 0.00052862
0.35847018 0.00053238
0.35853417 0.00053614
0.35859816 0.00053990
0.35866215 0.00054365
0.35872614 0.00054741
0.35879013 0.00055117
0.35885413 0.00055493
0.35891813 0.00055868
0.35898214 0.00056244
0.35904614 0.00056620
0.35911015 0.00056995
0.35917417 0.00057371
0.35923818 0.00057747
0.35930220 0.00058122
0.35936622 0.00058498
0.35943024 0.00058874
0.35949427 0.00059249
0.35955830 0.00059625
0.35962233 0.00060001
0.35968637 0.00060376
0.35975040 0.00060752
0.35981445 0.00061127
0.35987849 0.00061503
0.35994253 0.00061878
0.36000658 0.00062254
0.36007064 0.00062629
0.36013469 0.00063005
0.36019875 0.00063380
0.36026281 0.00063756
0.36032687 0.00064131
0.36039094 0.00064507
0.36045500 0.00064882
0.36051907 0.00065257
0.36058315 0.00065633
0.36064723 0.00066008
0.36071130 0.00066384
0.36077539 0.00066759
0.36083947 0.00067134
0.36090356 0.00067510
0.36096765 0.00067885
0.36103174 0.00068260
0.36109584 0.00068635
0.36115994 0.00069011
0.36122404 0.00069386
0.36128815 0.00069761
0.36135225 0.00070136
0.36141636 0.00070512
0.36148048 0.00070887
0.36154459 0.00071262
0.36160871 0.00071637
0.36167283 0.00072012
0.36173696 0.00072387
0.36180108 0.00072762
0.36186521 0.00073138
0.36192934 0.00073513
0.36199348 0.00073888
0.36205762 0.00074263
0.36212176 0.00074638
0.36218590 0.00075013
0.36225005 0.00075388
0.36231420 0.00075763
0.36237835 0.00076138
0.36244250 0.00076513
0.36250666 0.00076888
0.36257082 0.00077263
0.36263498 0.00077638
0.36269915 0.00078013
0.36276331 0.00078387
0.36282749 0.00078762
0.36289166 0.00079137
0.36295584 0.00079512
0.36302001 0.00079887
0.36308420 0.00080262
0.36314838 0.00080636
0.36321257 0.00081011
0.36327676 0.00081386
0.36334095 0.00081761
0.36340515 0.00082136
0.36346934 0.00082510
0.36353355 0.00082885
0.36359775 0.00083260
0.36366196 0.00083634
0.36372617 0.00084009
0.36379038 0.00084384
0.36385459 0.00084758
0.36391881 0.00085133
0.36398303 0.00085508
0.36404725 0.00085882
0.36411148 0.00086257
0.36417571 0.00086631
0.36423994 0.00087006
0.36430417 0.00087380
0.36436841 0.00087755
0.36443265 0.00088129
0.36449689 0.00088504
0.36456114 0.00088878
0.36462538 0.00089253
0.36468963 0.00089627
0.36475389 0.00090002
0.36481814 0.00090376
0.36488240 0.00090750
0.36494666 0.00091125
0.36501093 0.00091499
0.36507519 0.00091873
0.36513946 0.00092248
0.36520373 0.00092622
0.36526801 0.00092996
0.36533229 0.00093371
0.36539657 0.00093745
0.36546085 0.00094119
0.36552514 0.00094493
0.36558942 0.00094868
0.36565372 0.00095242
0.36571801 0.00095616
0.36578231 0.00095990
0.36584660 0.00096364
0.36591091 0.00096738
0.36597521 0.00097112
0.36603952 0.00097487
0.36610383 0.00097861
0.36616814 0.00098235
0.36623246 0.00098609
0.36629678 0.00098983
0.36636110 0.00099357
0.36642542 0.00099731
0.36648975 0.00100105
0.36655407 0.00100479
0.36661841 0.00100853
0.36668274 0.00101227
0.36674708 0.00101600
0.36681142 0.00101974
0.36687576 0.00102348
0.36694011 0.00102722
0.36700445 0.00103096
0.36706880 0.00103470
0.36713316 0.00103844
0.36719751 0.00104217
0.36726187 0.00104591
0.36732623 0.00104965
0.36739060 0.00105339
0.36745496 0.00105712
0.36751933 0.00106086
0.36758370 0.00106460
0.36764808 0.00106833
0.36771246 0.00107207
0.36777684 0.00107581
0.36784122 0.00107954
0.36790561 0.00108328
0.36796999 0.00108701
0.36803438 0.00109075
0.36809878 0.00109449
0.36816317 0.00109822
0.36822757 0.00110196
0.36829197 0.00110569
0.36835638 0.00110943
0.36842079 0.00111316
0.36848519 0.00111690
0.36854961 0.00112063
0.36861402 0.00112436
0.36867844 0.00112810
0.36874286 0.00113183
0.36880728 0.00113556
0.36887171 0.00113930
0.36893614 0.00114303
0.36900057 0.00114676
0.36906500 0.00115050
0.36912944 0.00115423
0.36919388 0.00115796
0.36925832 0.00116169
0.36932276 0.00116543
0.36938721 0.00116916
0.36945166 0.00117289
0.36951611 0.00117662
0.36958056 0.00118035
0.36964502 0.00118408
0.36970948 0.00118782
0.36977395 0.00119155
0.36983841 0.00119528
0.36990288 0.00119901
0.36996735 0.00120274
0.37003182 0.00120647
0.37009630 0.00121020
0.37016078 0.00121393
0.37022526 0.00121766
0.37028974 0.00122139
0.37035423 0.00122511
0.37041872 0.00122884
0.37048321 0.00123257
0.37054770 0.00123630
0.37061220 0.00124003
0.37067670 0.00124376
0.37074120 0.00124749
0.37080571 0.00125121
0.37087022 0.00125494
0.37093473 0.00125867
0.37099924 0.00126240
0.37106376 0.00126612
0.37112827 0.00126985
0.37119280 0.00127358
0.37125732 0.00127730
0.37132184 0.00128103
0.37138637 0.00128476
0.37145091 0.00128848
0.37151544 0.00129221
0.37157998 0.00129593
0.37164452 0.00129966
0.37170906 0.00130338
0.37177360 0.00130711
0.37183815 0.00131083
0.37190270 0.00131456
0.37196725 0.00131828
0.37203181 0.00132201
0.37209636 0.00132573
0.37216092 0.00132945
0.37222549 0.00133318
0.37229005 0.00133690
0.37235462 0.00134062
0.37241919 0.00134435
0.37248376 0.00134807
0.37254834 0.00135179
0.37261292 0.00135552
0.37267750 0.00135924
0.37274208 0.00136296
0.37280667 0.00136668
0.37287126 0.00137040
0.37293585 0.00137412
0.37300045 0.00137785
0.37306504 0.00138157
0.37312964 0.00138529
0.37319424 0.00138901
0.37325885 0.00139273
0.37332346 0.00139645
0.37338807 0.00140017
0.37345268 0.00140389
0.37351729 0.00140761
0.37358191 0.00141133
0.37364653 0.00141505
0.37371115 0.00141877
0.37377578 0.00142248
0.37384041 0.00142620
0.37390504 0.00142992
0.37396967 0.00143364
0.37403431 0.00143736
0.37409894 0.00144108
0.37416359 0.00144479
0.37422823 0.00144851
0.37429288 0.00145223
0.37435752 0.00145595
0.37442218 0.00145966
0.37448683 0.00146338
0.37455149 0.00146709
0.37461615 0.00147081
0.37468081 0.00147453
0.37474547 0.00147824
0.37481014 0.00148196
0.37487481 0.00148567
0.37493948 0.00148939
0.37500415 0.00149310
0.37506883 0.00149682
0.37513351 0.00150053
0.37519819 0.00150425
0.37526288 0.00150796
0.37532757 0.00151168
0.37539226 0.00151539
0.37545695 0.00151910
0.37552164 0.00152282
0.37558634 0.00152653
0.37565104 0.00153024
0.37571574 0.00153395
0.37578045 0.00153767
0.37584516 0.00154138
0.37590987 0.00154509
0.37597458 0.00154880
0.37603930 0.00155251
0.37610401 0.00155623
0.37616874 0.00155994
0.37623346 0.00156365
0.37629818 0.00156736
0.37636291 0.00157107
0.37642764 0.00157478
0.37649238 0.00157849
0.37655711 0.00158220
0.37662185 0.00158591
0.37668659 0.00158962
0.37675134 0.00159333
0.37681608 0.00159704
0.37688083 0.00160074
0.37694558 0.00160445
0.37701034 0.00160816
0.37707510 0.00161187
0.37713985 0.00161558
0.37720462 0.00161928
0.37726938 0.00162299
0.37733415 0.00162670
0.37739892 0.00163041
0.37746369 0.00163411
0.37752846 0.00163782
0.37759324 0.00164153
0.37765802 0.00164523
0.37772280 0.00164894
0.37778759 0.00165264
0.37785237 0.00165635
0.37791716 0.00166005
0.37798195 0.00166376
0.37804675 0.00166746
0.37811155 0.00167117
0.37817635 0.00167487
0.37824115 0.00167858
0.37830595 0.00168228
0.37837076 0.00168598
0.37843557 0.00168969
0.37850038 0.00169339
0.37856520 0.00169709
0.37863001 0.00170080
0.37869483 0.00170450
0.37875966 0.00170820
0.37882448 0.00171190
0.37888931 0.00171561
0.37895414 0.00171931
0.37901897 0.00172301
0.37908381 0.00172671
0.37914864 0.00173041
0.37921348 0.00173411
0.37927833 0.00173781
0.37934317 0.00174151
0.37940802 0.00174521
0.37947287 0.00174891
0.37953772 0.00175261
0.37960258 0.00175631
0.37966744 0.00176001
0.37973230 0.00176371
0.37979716 0.00176741
0.37986202 0.00177111
0.37992689 0.00177480
0.37999176 0.00177850
0.38005663 0.00178220
0.38012151 0.00178590
0.38018639 0.00178959
0.38025127 0.00179329
0.38031615 0.00179699
0.38038104 0.00180068
0.38044592 0.00180438
0.38051081 0.00180808
0.38057571 0.00181177
0.38064060 0.00181547
0.38070550 0.00181916
0.38077040 0.00182286
0.38083530 0.00182655
0.38090021 0.00183025
0.38096511 0.00183394
0.38103003 0.00183764
0.38109494 0.00184133
0.38115985 0.00184502
0.38122477 0.00184872
0.38128969 0.00185241
0.38135461 0.00185610
0.38141954 0.00185980
0.38148447 0.00186349
0.38154940 0.00186718
0.38161433 0.00187087
0.38167926 0.00187456
0.38174420 0.00187826
0.38180914 0.00188195
0.38187408 0.00188564
0.38193903 0.00188933
0.38200398 0.00189302
0.38206893 0.00189671
0.38213388 0.00190040
0.38219883 0.00190409
0.38226379 0.00190778
0.38232875 0.00191147
0.38239371 0.00191516
0.38245868 0.00191885
0.38252364 0.00192253
0.38258861 0.00192622
0.38265359 0.00192991
0.38271856 0.00193360
0.38278354 0.00193729
0.38284852 0.00194097
0.38291350 0.00194466
0.38297848 0.00194835
0.38304347 0.00195203
0.38310846 0.00195572
0.38317345 0.00195941
0.38323845 0.00196309
0.38330344 0.00196678
0.38336844 0.00197046
0.38343344 0.00197415
0.38349845 0.00197783
0.38356346 0.00198152
0.38362846 0.00198520
0.38369348 0.00198889
0.38375849 0.00199257
0.38382351 0.00199625
0.38388852 0.00199994
0.38395355 0.00200362
0.38401857 0.00200730
0.38408360 0.00201099
0.38414862 0.00201467
0.38421366 0.00201835
0.38427869 0.00202203
0.38434373 0.00202571
0.38440876 0.00202940
0.38447380 0.00203308
0.38453885 0.00203676
0.38460389 0.00204044
0.38466894 0.00204412
0.38473399 0.00204780
0.38479905 0.00205148
0.38486410 0.00205516
0.38492916 0.00205884
0.38499422 0.00206252
0.38505928 0.00206620
0.38512435 0.00206987
0.38518941 0.00207355
0.38525449 0.00207723
0.38531956 0.00208091
0.38538463 0.00208459
0.38544971 0.00208826
0.38551479 0.00209194
0.38557987 0.00209562
0.38564496 0.00209929
0.38571004 0.00210297
0.38577513 0.00210664
0.38584022 0.00211032
0.38590532 0.00211400
0.38597042 0.00211767
0.38603552 0.00212135
0.38610062 0.00212502
0.38616572 0.00212869
0.38623083 0.00213237
0.38629594 0.00213604
0.38636105 0.00213972
0.38642616 0.00214339
0.38649128 0.00214706
0.38655640 0.00215074
0.38662152 0.00215441
0.38668664 0.00215808
0.38675177 0.00216175
0.38681689 0.00216542
0.38688202 0.00216910
0.38694716 0.00217277
0.38701229 0.00217644
0.38707743 0.00218011
0.38714257 0.00218378
0.38720771 0.00218745
0.38727286 0.00219112
0.38733800 0.00219479
0.38740315 0.00219846
0.38746831 0.00220213
0.38753346 0.00220580
0.38759862 0.00220946
0.38766378 0.00221313
0.38772894 0.00221680
0.38779410 0.00222047
0.38785927 0.00222413
0.38792444 0.00222780
0.38798961 0.00223147
0.38805478 0.00223514
0.38811996 0.00223880
0.38818514 0.00224247
0.38825032 0.00224613
0.38831550 0.00224980
0.38838069 0.00225346
0.38844588 0.00225713
0.38851107 0.00226079
0.38857626 0.00226446
0.38864145 0.00226812
0.38870665 0.00227179
0.38877185 0.00227545
0.38883705 0.00227911
0.38890226 0.00228278
0.38896747 0.00228644
0.38903268 0.00229010
0.38909789 0.00229376
0.38916310 0.00229743
0.38922832 0.00230109
0.38929354 0.00230475
0.38935876 0.00230841
0.38942398 0.00231207
0.38948921 0.00231573
0.38955444 0.00231939
0.38961967 0.00232305
0.38968490 0.00232671
0.38975014 0.00233037
0.38981537 0.00233403
0.38988061 0.00233769
0.38994586 0.00234135
0.39001110 0.00234501
0.39007635 0.00234866
0.39014160 0.00235232
0.39020685 0.00235598
0.39027210 0.00235964
0.39033736 0.00236329
0.39040262 0.00236695
0.39046788 0.00237061
0.39053315 0.00237426
0.39059841 0.00237792
0.39066368 0.00238157
0.39072895 0.00238523
0.39079422 0.00238888
0.39085950 0.00239254
0.39092478 0.00239619
0.39099006 0.00239985
0.39105534 0.00240350
0.39112062 0.00240715
0.39118591 0.00241081
0.39125120 0.00241446
0.39131649 0.00241811
0.39138179 0.00242176
0.39144708 0.00242542
0.39151238 0.00242907
0.39157769 0.00243272
0.39164299 0.00243637
0.39170829 0.00244002
0.39177360 0.00244367
0.39183891 0.00244732
0.39190423 0.00245097
0.39196954 0.00245462
0.39203486 0.00245827
0.39210018 0.00246192
0.39216550 0.00246557
0.39223083 0.00246922
0.39229615 0.00247287
0.39236148 0.00247651
0.39242681 0.00248016
0.39249215 0.00248381
0.39255749 0.00248746
0.39262282 0.00249110
0.39268816 0.00249475
0.39275351 0.00249840
0.39281885 0.00250204
0.39288420 0.00250569
0.39294955 0.00250933
0.39301490 0.00251298
0.39308026 0.00251662
0.39314562 0.00252027
0.39321098 0.00252391
0.39327634 0.00252756
0.39334170 0.00253120
0.39340707 0.00253484
0.39347244 0.00253849
0.39353781 0.00254213
0.39360318 0.00254577
0.39366856 0.00254941
0.39373394 0.00255305
0.39379932 0.00255670
0.39386470 0.00256034
0.39393008 0.00256398
0.39399547 0.00256762
0.39406086 0.00257126
0.39412625 0.00257490
0.39419165 0.00257854
0.39425704 0.00258218
0.39432244 0.00258582
0.39438784 0.00258946
0.39445325 0.00259309
0.39451865 0.00259673
0.39458406 0.00260037
0.39464947 0.00260401
0.39471488 0.00260764
0.39478030 0.00261128
0.39484571 0.00261492
0.39491113 0.00261855
0.39497655 0.00262219
0.39504198 0.00262583
0.39510740 0.00262946
0.39517283 0.00263310
0.39523826 0.00263673
0.39530370 0.00264037
0.39536913 0.00264400
0.39543457 0.00264763
0.39550001 0.00265127
0.39556545 0.00265490
0.39563090 0.00265853
0.39569634 0.00266217
0.39576179 0.00266580
0.39582724 0.00266943
0.39589270 0.00267306
0.39595815 0.00267669
0.39602361 0.00268032
0.39608907 0.00268396
0.39615453 0.00268759
0.39622000 0.00269122
0.39628547 0.00269485
0.39635094 0.00269848
0.39641641 0.00270210
0.39648188 0.00270573
0.39654736 0.00270936
0.39661284 0.00271299
0.39667832 0.00271662
0.39674380 0.00272025
0.39680929 0.00272387
0.39687477 0.00272750
0.39694026 0.00273113
0.39700576 0.00273475
0.39707125 0.00273838
0.39713675 0.00274201
0.39720225 0.00274563
0.39726775 0.00274926
0.39733325 0.00275288
0.39739876 0.00275651
0.39746427 0.00276013
0.39752978 0.00276375
0.39759529 0.00276738
0.39766080 0.00277100
0.39772632 0.00277462
0.39779184 0.00277825
0.39785736 0.00278187
0.39792288 0.00278549
0.39798841 0.00278911
0.39805394 0.00279273
0.39811947 0.00279635
0.39818500 0.00279998
0.39825054 0.00280360
0.39831607 0.00280722
0.39838161 0.00281084
0.39844716 0.00281445
0.39851270 0.00281807
0.39857825 0.00282169
0.39864379 0.00282531
0.39870934 0.00282893
0.39877490 0.00283255
0.39884045 0.00283616
0.39890601 0.00283978
0.39897157 0.00284340
0.39903713 0.00284701
0.39910270 0.00285063
0.39916826 0.00285425
0.39923383 0.00285786
0.39929940 0.00286148
0.39936497 0.00286509
0.39943055 0.00286871
0.39949613 0.00287232
0.39956171 0.00287593
0.39962729 0.00287955
0.39969287 0.00288316
0.39975846 0.00288677
0.39982405 0.00289039
0.39988964 0.00289400
0.39995523 0.00289761
0.40002083 0.00290122
0.40008642 0.00290483
0.40015202 0.00290844
0.40021762 0.00291206
0.40028323 0.00291567
0.40034884 0.00291928
0.40041444 0.00292289
0.40048005 0.00292649
0.40054567 0.00293010
0.40061128 0.00293371
0.40067690 0.00293732
0.40074252 0.00294093
0.40080814 0.00294454
0.40087377 0.00294814
0.40093939 0.00295175
0.40100502 0.00295536
0.40107065 0.00295896
0.40113628 0.00296257
0.40120192 0.00296617
0.40126756 0.00296978
0.40133319 0.00297338
0.40139884 0.00297699
0.40146448 0.00298059
0.40153013 0.00298420
0.40159577 0.00298780
0.40166142 0.00299140
0.40172708 0.00299501
0.40179273 0.00299861
0.40185839 0.00300221
0.40192405 0.00300581
0.40198971 0.00300942
0.40205537 0.00301302
0.40212104 0.00301662
0.40218671 0.00302022
0.40225238 0.00302382
0.40231805 0.00302742
0.40238372 0.00303102
0.40244940 0.00303462
0.40251508 0.00303822
0.40258076 0.00304181
0.40264644 0.00304541
0.40271213 0.00304901
0.40277781 0.00305261
0.40284350 0.00305621
0.40290920 0.00305980
0.40297489 0.00306340
0.40304059 0.00306699
0.40310628 0.00307059
0.40317199 0.00307419
0.40323769 0.00307778
0.40330339 0.00308138
0.40336910 0.00308497
0.40343481 0.00308856
0.40350052 0.00309216
0.40356623 0.00309575
0.40363195 0.00309934
0.40369767 0.00310294
0.40376339 0.00310653
0.40382911 0.00311012
0.40389483 0.00311371
0.40396056 0.00311730
0.40402629 0.00312089
0.40409202 0.00312449
0.40415775 0.00312808
0.40422349 0.00313167
0.40428923 0.00313525
0.40435497 0.00313884
0.40442071 0.00314243
0.40448645 0.00314602
0.40455220 0.00314961
0.40461795 0.00315320
0.40468370 0.00315678
0.40474945 0.00316037
0.40481520 0.00316396
0.40488096 0.00316754
0.40494672 0.00317113
0.40501248 0.00317472
0.40507824 0.00317830
0.40514401 0.00318189
0.40520978 0.00318547
0.40527554 0.00318906
0.40534132 0.00319264
0.40540709 0.00319622
0.40547287 0.00319981
0.40553864 0.00320339
0.40560442 0.00320697
0.40567021 0.00321055
0.40573599 0.00321414
0.40580178 0.00321772
0.40586757 0.00322130
0.40593336 0.00322488
0.40599915 0.00322846
0.40606495 0.00323204
0.40613074 0.00323562
0.40619654 0.00323920
0.40626235 0.00324278
0.40632815 0.00324635
0.40639395 0.00324993
0.40645976 0.00325351
0.40652557 0.00325709
0.40659139 0.00326067
0.40665720 0.00326424
0.40672302 0.00326782
0.40678883 0.00327139
0.40685466 0.00327497
0.40692048 0.00327855
0.40698630 0.00328212
0.40705213 0.00328569
0.40711796 0.00328927
0.40718379 0.00329284
0.40724962 0.00329642
0.40731546 0.00329999
0.40738130 0.00330356
0.40744714 0.00330713
0.40751298 0.00331071
0.40757882 0.00331428
0.40764467 0.00331785
0.40771052 0.00332142
0.40777637 0.00332499
0.40784222 0.00332856
0.40790807 0.00333213
0.40797393 0.00333570
0.40803979 0.00333927
0.40810565 0.00334284
0.40817151 0.00334641
0.40823738 0.00334997
0.40830325 0.00335354
0.40836912 0.00335711
0.40843499 0.00336068
0.40850086 0.00336424
0.40856674 0.00336781
0.40863261 0.00337137
0.40869849 0.00337494
0.40876437 0.00337850
0.40883026 0.00338207
0.40889614 0.00338563
0.40896203 0.00338920
0.40902792 0.00339276
0.40909381 0.00339632
0.40915971 0.00339989
0.40922561 0.00340345
0.40929150 0.00340701
0.40935740 0.00341057
0.40942331 0.00341413
0.40948921 0.00341770
0.40955512 0.00342126
0.40962103 0.00342482
0.40968694 0.00342838
0.40975285 0.00343194
0.40981877 0.00343549
0.40988468 0.00343905
0.40995060 0.00344261
0.41001652 0.00344617
0.41008245 0.00344973
0.41014837 0.00345328
0.41021430 0.00345684
0.41028023 0.00346040
0.41034616 0.00346395
0.41041210 0.00346751
0.41047803 0.00347106
0.41054397 0.00347462
0.41060991 0.00347817
0.41067585 0.00348173
0.41074180 0.00348528
0.41080774 0.00348884
0.41087369 0.00349239
0.41093964 0.00349594
0.41100559 0.00349949
0.41107155 0.00350304
0.41113751 0.00350660
0.41120346 0.00351015
0.41126942 0.00351370
0.41133539 0.00351725
0.41140135 0.00352080
0.41146732 0.00352435
0.41153329 0.00352790
0.41159926 0.00353145
0.41166523 0.00353499
0.41173121 0.00353854
0.41179718 0.00354209
0.41186316 0.00354564
0.41192914 0.00354918
0.41199513 0.00355273
0.41206111 0.00355628
0.41212710 0.00355982
0.41219309 0.00356337
0.41225908 0.00356691
0.41232507 0.00357046
0.41239107 0.00357400
0.41245707 0.00357755
0.41252307 0.00358109
0.41258907 0.00358463
0.41265507 0.00358817
0.41272108 0.00359172
0.41278708 0.00359526
0.41285309 0.00359880
0.41291911 0.00360234
0.41298512 0.00360588
0.41305114 0.00360942
0.41311715 0.00361296
0.41318317 0.00361650
0.41324919 0.00362004
0.41331522 0.00362358
0.41338124 0.00362712
0.41344727 0.00363065
0.41351330 0.00363419
0.41357933 0.00363773
0.41364537 0.00364127
0.41371140 0.00364480
0.41377744 0.00364834
0.41384348 0.00365187
0.41390953 0.00365541
0.41397557 0.00365894
0.41404162 0.00366248
0.41410766 0.00366601
0.41417371 0.00366955
0.41423977 0.00367308
0.41430582 0.00367661
0.41437188 0.00368014
0.41443793 0.00368368
0.41450399 0.00368721
0.41457006 0.00369074
0.41463612 0.00369427
0.41470219 0.00369780
0.41476826 0.00370133
0.41483433 0.00370486
0.41490040 0.00370839
0.41496647 0.00371192
0.41503255 0.00371545
0.41509863 0.00371897
0.41516471 0.00372250
0.41523079 0.00372603
0.41529687 0.00372956
0.41536296 0.00373308
0.41542905 0.00373661
0.41549514 0.00374013
0.41556123 0.00374366
0.41562733 0.00374718
0.41569342 0.00375071
0.41575952 0.00375423
0.41582562 0.00375776
0.41589172 0.00376128
0.41595783 0.00376480
0.41602393 0.00376832
0.41609004 0.00377185
0.41615615 0.00377537
0.41622226 0.00377889
0.41628838 0.00378241
0.41635449 0.00378593
0.41642061 0.00378945
0.41648673 0.00379297
0.41655285 0.00379649
0.41661898 0.00380001
0.41668511 0.00380352
0.41675123 0.00380704
0.41681736 0.00381056
0.41688350 0.00381408
0.41694963 0.00381759
0.41701577 0.00382111
0.41708190 0.00382463
0.41714804 0.00382814
0.41721418 0.00383166
0.41728033 0.00383517
0.41734647 0.00383869
0.41741262 0.00384220
0.41747877 0.00384571
0.41754492 0.00384923
0.41761108 0.00385274
0.41767723 0.00385625
0.41774339 0.00385976
0.41780955 0.00386327
0.41787571 0.00386678
0.41794188 0.00387029
0.41800804 0.00387380
0.41807421 0.00387731
0.41814038 0.00388082
0.41820655 0.00388433
0.41827272 0.00388784
0.41833890 0.00389135
0.41840507 0.00389486
0.41847125 0.00389836
0.41853744 0.00390187
0.41860362 0.00390538
0.41866980 0.00390888
0.41873599 0.00391239
0.41880218 0.00391589
0.41886837 0.00391940
0.41893456 0.00392290
0.41900076 0.00392641
0.41906695 0.00392991
0.41913315 0.00393341
0.41919935 0.00393691
0.41926556 0.00394042
0.41933176 0.00394392
0.41939797 0.00394742
0.41946418 0.00395092
0.41953039 0.00395442
0.41959660 0.00395792
0.41966281 0.00396142
0.41972903 0.00396492
0.41979525 0.00396842
0.41986147 0.00397192
0.41992769 0.00397542
0.41999391 0.00397891
0.42006014 0.00398241
0.42012637 0.00398591
0.42019260 0.00398940
0.42025883 0.00399290
0.42032506 0.00399639
0.42039130 0.00399989
0.42045753 0.00400338
0.42052377 0.00400688
0.42059001 0.00401037
0.42065626 0.00401386
0.42072250 0.00401736
0.42078875 0.00402085
0.42085500 0.00402434
0.42092125 0.00402783
0.42098750 0.00403132
0.42105376 0.00403482
0.42112001 0.00403831
0.42118627 0.00404180
0.42125253 0.00404528
0.42131879 0.00404877
0.42138506 0.00405226
0.42145132 0.00405575
0.42151759 0.00405924
0.42158386 0.00406273
0.42165013 0.00406621
0.42171641 0.00406970
0.42178268 0.00407318
0.42184896 0.00407667
0.42191524 0.00408015
0.42198152 0.00408364
0.42204780 0.00408712
0.42211409 0.00409061
0.42218038 0.00409409
0.42224667 0.00409757
0.42231296 0.00410106
0.42237925 0.00410454
0.42244554 0.00410802
0.42251184 0.00411150
0.42257814 0.00411498
0.42264444 0.00411846
0.42271074 0.00412194
0.42277705 0.00412542
0.42284335 0.00412890
0.42290966 0.00413238
0.42297597 0.00413586
0.42304228 0.00413934
0.42310859 0.00414281
0.42317491 0.00414629
0.42324123 0.00414977
0.42330755 0.00415324
0.42337387 0.00415672
0.42344019 0.00416019
0.42350652 0.00416367
0.42357284 0.00416714
0.42363917 0.00417062
0.42370550 0.00417409
0.42377183 0.00417756
0.42383817 0.00418103
0.42390450 0.00418451
0.42397084 0.00418798
0.42403718 0.00419145
0.42410352 0.00419492
0.42416987 0.00419839
0.42423621 0.00420186
0.42430256 0.00420533
0.42436891 0.00420880
0.42443526 0.00421227
0.42450161 0.00421573
0.42456797 0.00421920
0.42463433 0.00422267
0.42470068 0.00422614
0.42476705 0.00422960
0.42483341 0.00423307
0.42489977 0.00423653
0.42496614 0.00424000
0.42503251 0.00424346
0.42509888 0.00424693
0.42516525 0.00425039
0.42523162 0.00425385
0.42529800 0.00425732
0.42536437 0.00426078
0.42543075 0.00426424
0.42549713 0.00426770
0.42556352 0.00427116
0.42562990 0.00427462
0.42569629 0.00427808
0.42576268 0.00428154
0.42582907 0.00428500
0.42589546 0.00428846
0.42596185 0.00429192
0.42602825 0.00429537
0.42609464 0.00429883
0.42616104 0.00430229
0.42622745 0.00430575
0.42629385 0.00430920
0.42636025 0.00431266
0.42642666 0.00431611
0.42649307 0.00431957
0.42655948 0.00432302
0.42662589 0.00432647
0.42669231 0.00432993
0.42675872 0.00433338
0.42682514 0.00433683
0.42689156 0.00434028
0.42695798 0.00434374
0.42702440 0.00434719
0.42709083 0.00435064
0.42715726 0.00435409
0.42722368 0.00435754
0.42729012 0.00436099
0.42735655 0.00436443
0.42742298 0.00436788
0.42748942 0.00437133
0.42755586 0.00437478
0.42762230 0.00437822
0.42768874 0.00438167
0.42775518 0.00438512
0.42782163 0.00438856
0.42788807 0.00439201
0.42795452 0.00439545
0.42802097 0.00439890
0.42808742 0.00440234
0.42815388 0.00440578
0.42822034 0.00440922
0.42828679 0.00441267
0.42835325 0.00441611
0.42841971 0.00441955
0.42848618 0.00442299
0.42855264 0.00442643
0.42861911 0.00442987
0.42868558 0.00443331
0.42875205 0.00443675
0.42881852 0.00444019
0.42888500 0.00444363
0.42895147 0.00444706
0.42901795 0.00445050
0.42908443 0.00445394
0.42915091 0.00445737
0.42921739 0.00446081
0.42928388 0.00446424
0.42935037 0.00446768
0.42941685 0.00447111
0.42948334 0.00447455
0.42954984 0.00447798
0.42961633 0.00448141
0.42968283 0.00448485
0.42974932 0.00448828
0.42981582 0.00449171
0.42988232 0.00449514
0.42994883 0.00449857
0.43001533 0.00450200
0.43008184 0.00450543
0.43014835 0.00450886
0.43021486 0.00451229
0.43028137 0.00451572
0.43034788 0.00451914
0.43041440 0.00452257
0.43048092 0.00452600
0.43054743 0.00452943
0.43061396 0.00453285
0.43068048 0.00453628
0.43074700 0.00453970
0.43081353 0.00454313
0.43088006 0.00454655
0.43094659 0.00454997
0.43101312 0.00455340
0.43107965 0.00455682
0.43114619 0.00456024
0.43121272 0.00456366
0.43127926 0.00456708
0.43134580 0.00457050
0.43141234 0.00457392
0.43147889 0.00457734
0.43154543 0.00458076
0.43161198 0.00458418
0.43167853 0.00458760
0.43174508 0.00459102
0.43181163 0.00459444
0.43187819 0.00459785
0.43194474 0.00460127
0.43201130 0.00460468
0.43207786 0.00460810
0.43214442 0.00461152
0.43221099 0.00461493
0.43227755 0.00461834
0.43234412 0.00462176
0.43241069 0.00462517
0.43247726 0.00462858
0.43254383 0.00463199
0.43261040 0.00463541
0.43267698 0.00463882
0.43274356 0.00464223
0.43281013 0.00464564
0.43287672 0.00464905
0.43294330 0.00465246
0.43300988 0.00465587
0.43307647 0.00465927
0.43314306 0.00466268
0.43320965 0.00466609
0.43327624 0.00466950
0.43334283 0.00467290
0.43340942 0.00467631
0.43347602 0.00467971
0.43354262 0.00468312
0.43360922 0.00468652
0.43367582 0.00468993
0.43374242 0.00469333
0.43380903 0.00469673
0.43387564 0.00470013
0.43394224 0.00470354
0.43400886 0.00470694
0.43407547 0.00471034
0.43414208 0.00471374
0.43420870 0.00471714
0.43427531 0.00472054
0.43434193 0.00472394
0.43440855 0.00472734
0.43447518 0.00473073
0.43454180 0.00473413
0.43460843 0.00473753
0.43467505 0.00474093
0.43474168 0.00474432
0.43480831 0.00474772
0.43487495 0.00475111
0.43494158 0.00475451
0.43500822 0.00475790
0.43507486 0.00476129
0.43514150 0.00476469
0.43520814 0.00476808
0.43527478 0.00477147
0.43534142 0.00477486
0.43540807 0.00477825
0.43547472 0.00478164
0.43554137 0.00478504
0.43560802 0.00478842
0.43567467 0.00479181
0.43574133 0.00479520
0.43580799 0.00479859
0.43587464 0.00480198
0.43594130 0.00480537
0.43600797 0.00480875
0.43607463 0.00481214
0.43614130 0.00481552
0.43620796 0.00481891
0.43627463 0.00482229
0.43634130 0.00482568
0.43640797 0.00482906
0.43647465 0.00483244
0.43654132 0.00483583
0.43660800 0.00483921
0.43667468 0.00484259
0.43674136 0.00484597
0.43680804 0.00484935
0.43687473 0.00485273
0.43694141 0.00485611
0.43700810 0.00485949
0.43707479 0.00486287
0.43714148 0.00486625
0.43720817 0.00486963
0.43727486 0.00487300
0.43734156 0.00487638
0.43740826 0.00487976
0.43747496 0.00488313
0.43754166 0.00488651
0.43760836 0.00488988
0.43767506 0.00489326
0.43774177 0.00489663
0.43780848 0.00490000
0.43787519 0.00490338
0.43794190 0.00490675
0.43800861 0.00491012
0.43807532 0.00491349
0.43814204 0.00491686
0.43820876 0.00492023
0.43827548 0.00492360
0.43834220 0.00492697
0.43840892 0.00493034
0.43847564 0.00493371
0.43854237 0.00493707
0.43860910 0.00494044
0.43867583 0.00494381
0.43874256 0.00494717
0.43880929 0.00495054
0.43887603 0.00495390
0.43894276 0.00495727
0.43900950 0.00496063
0.43907624 0.00496400
0.43914298 0.00496736
0.43920972 0.00497072
0.43927647 0.00497408
0.43934321 0.00497745
0.43940996 0.00498081
0.43947671 0.00498417
0.43954346 0.00498753
0.43961021 0.00499089
0.43967697 0.00499425
0.43974372 0.00499760
0.43981048 0.00500096
0.43987724 0.00500432
0.43994400 0.00500768
0.44001076 0.00501103
0.44007752 0.00501439
0.44014429 0.00501774
0.44021106 0.00502110
0.44027783 0.00502445
0.44034460 0.00502781
0.44041137 0.00503116
0.44047814 0.00503451
0.44054492 0.00503786
0.44061170 0.00504122
0.44067847 0.00504457
0.44074526 0.00504792
0.44081204 0.00505127
0.44087882 0.00505462
0.44094561 0.00505797
0.44101239 0.00506132
0.44107918 0.00506466
0.44114597 0.00506801
0.44121276 0.00507136
0.44127956 0.00507470
0.44134635 0.00507805
0.44141315 0.00508140
0.44147995 0.00508474
0.44154675 0.00508809
0.44161355 0.00509143
0.44168035 0.00509477
0.44174716 0.00509812
0.44181396 0.00510146
0.44188077 0.00510480
0.44194758 0.00510814
0.44201439 0.00511148
0.44208121 0.00511482
0.44214802 0.00511816
0.44221484 0.00512150
0.44228165 0.00512484
0.44234847 0.00512818
0.44241529 0.00513152
0.44248212 0.00513485
0.44254894 0.00513819
0.44261577 0.00514153
0.44268259 0.00514486
0.44274942 0.00514820
0.44281625 0.00515153
0.44288309 0.00515486
0.44294992 0.00515820
0.44301676 0.00516153
0.44308359 0.00516486
0.44315043 0.00516819
0.44321727 0.00517153
0.44328411 0.00517486
0.44335096 0.00517819
0.44341780 0.00518152
0.44348465 0.00518485
0.44355150 0.00518817
0.44361835 0.00519150
0.44368520 0.00519483
0.44375205 0.00519816
0.44381891 0.00520148
0.44388576 0.00520481
0.44395262 0.00520814
0.44401948 0.00521146
0.44408634 0.00521478
0.44415320 0.00521811
0.44422007 0.00522143
0.44428693 0.00522476
0.44435380 0.00522808
0.44442067 0.00523140
0.44448754 0.00523472
0.44455441 0.00523804
0.44462129 0.00524136
0.44468816 0.00524468
0.44475504 0.00524800
0.44482192 0.00525132
0.44488880 0.00525464
0.44495568 0.00525795
0.44502256 0.00526127
0.44508945 0.00526459
0.44515633 0.00526790
0.44522322 0.00527122
0.44529011 0.00527453
0.44535700 0.00527785
0.44542389 0.00528116
0.44549079 0.00528447
0.44555768 0.00528779
0.44562458 0.00529110
0.44569148 0.00529441
0.44575838 0.00529772
0.44582528 0.00530103
0.44589218 0.00530434
0.44595909 0.00530765
0.44602600 0.00531096
0.44609290 0.00531427
0.44615981 0.00531758
0.44622673 0.00532088
0.44629364 0.00532419
0.44636055 0.00532750
0.44642747 0.00533080
0.44649439 0.00533411
0.44656131 0.00533741
0.44662823 0.00534072
0.44669515 0.00534402
0.44676207 0.00534732
0.44682900 0.00535062
0.44689592 0.00535393
0.44696285 0.00535723
0.44702978 0.00536053
0.44709671 0.00536383
0.44716365 0.00536713
0.44723058 0.00537043
0.44729752 0.00537373
0.44736446 0.00537702
0.44743140 0.00538032
0.44749834 0.00538362
0.44756528 0.00538691
0.44763222 0.00539021
0.44769917 0.00539351
0.44776611 0.00539680
0.44783306 0.00540009
0.44790001 0.00540339
0.44796696 0.00540668
0.44803392 0.00540997
0.44810087 0.00541327
0.44816783 0.00541656
0.44823479 0.00541985
0.44830175 0.00542314
0.44836871 0.00542643
0.44843567 0.00542972
0.44850263 0.00543301
0.44856960 0.00543629
0.44863656 0.00543958
0.44870353 0.00544287
0.44877050 0.00544616
0.44883747 0.00544944
0.44890445 0.00545273
0.44897142 0.00545601
0.44903840 0.00545930
0.44910537 0.00546258
0.44917235 0.00546586
0.44923933 0.00546915
0.44930632 0.00547243
0.44937330 0.00547571
0.44944028 0.00547899
0.44950727 0.00548227
0.44957426 0.00548555
0.44964125 0.00548883
0.44970824 0.00549211
0.44977523 0.00549539
0.44984223 0.00549866
0.44990922 0.00550194
0.44997622 0.00550522
0.45004322 0.00550849
0.45011022 0.00551177
0.45017722 0.00551504
0.45024422 0.00551832
0.45031123 0.00552159
0.45037823 0.00552486
0.45044524 0.00552814
0.45051225 0.00553141
0.45057926 0.00553468
0.45064627 0.00553795
0.45071328 0.00554122
0.45078030 0.00554449
0.45084732 0.00554776
0.45091433 0.00555103
0.45098135 0.00555430
0.45104838 0.00555756
0.45111540 0.00556083
0.45118242 0.00556410
0.45124945 0.00556736
0.45131647 0.00557063
0.45138350 0.00557389
0.45145053 0.00557716
0.45151756 0.00558042
0.45158460 0.00558368
0.45165163 0.00558695
0.45171867 0.00559021
0.45178570 0.00559347
0.45185274 0.00559673
0.45191978 0.00559999
0.45198683 0.00560325
0.45205387 0.00560651
0.45212091 0.00560977
0.45218796 0.00561303
0.45225501 0.00561628
0.45232206 0.00561954
0.45238911 0.00562280
0.45245616 0.00562605
0.45252321 0.00562931
0.45259027 0.00563256
0.45265732 0.00563582
0.45272438 0.00563907
0.45279144 0.00564232
0.45285850 0.00564557
0.45292556 0.00564883
0.45299263 0.00565208
0.45305969 0.00565533
0.45312676 0.00565858
0.45319383 0.00566183
0.45326090 0.00566508
0.45332797 0.00566832
0.45339504 0.00567157
0.45346212 0.00567482
0.45352919 0.00567806
0.45359627 0.00568131
0.45366335 0.00568456
0.45373043 0.00568780
0.45379751 0.00569105
0.45386459 0.00569429
0.45393167 0.00569753
0.45399876 0.00570077
0.45406585 0.00570402
0.45413294 0.00570726
0.45420003 0.00571050
0.45426712 0.00571374
0.45433421 0.00571698
0.45440130 0.00572022
0.45446840 0.00572346
0.45453550 0.00572669
0.45460260 0.00572993
0.45466970 0.00573317
0.45473680 0.00573640
0.45480390 0.00573964
0.45487100 0.00574287
0.45493811 0.00574611
0.45500522 0.00574934
0.45507233 0.00575258
0.45513944 0.00575581
0.45520655 0.00575904
0.45527366 0.00576227
0.45534077 0.00576550
0.45540789 0.00576873
0.45547501 0.00577196
0.45554213 0.00577519
0.45560925 0.00577842
0.45567637 0.00578165
0.45574349 0.00578488
0.45581061 0.00578810
0.45587774 0.00579133
0.45594487 0.00579456
0.45601200 0.00579778
0.45607913 0.00580100
0.45614626 0.00580423
0.45621339 0.00580745
0.45628052 0.00581067
0.45634766 0.00581390
0.45641480 0.00581712
0.45648194 0.00582034
0.45654908 0.00582356
0.45661622 0.00582678
0.45668336 0.00583000
0.45675050 0.00583322
0.45681765 0.00583644
0.45688480 0.00583965
0.45695194 0.00584287
0.45701909 0.00584609
0.45708625 0.00584930
0.45715340 0.00585252
0.45722055 0.00585573
0.45728771 0.00585895
0.45735486 0.00586216
0.45742202 0.00586537
0.45748918 0.00586858
0.45755634 0.00587180
0.45762351 0.00587501
0.45769067 0.00587822
0.45775783 0.00588143
0.45782500 0.00588464
0.45789217 0.00588785
0.45795934 0.00589105
0.45802651 0.00589426
0.45809368 0.00589747
0.45816085 0.00590067
0.45822803 0.00590388
0.45829521 0.00590708
0.45836238 0.00591029
0.45842956 0.00591349
0.45849674 0.00591670
0.45856392 0.00591990
0.45863111 0.00592310
0.45869829 0.00592630
0.45876548 0.00592950
0.45883267 0.00593270
0.45889985 0.00593590
0.45896704 0.00593910
0.45903424 0.00594230
0.45910143 0.00594550
0.45916862 0.00594870
0.45923582 0.00595189
0.45930302 0.00595509
0.45937021 0.00595829
0.45943741 0.00596148
0.45950461 0.00596468
0.45957182 0.00596787
0.45963902 0.00597106
0.45970623 0.00597425
0.45977343 0.00597745
0.45984064 0.00598064
0.45990785 0.00598383
0.45997506 0.00598702
0.46004227 0.00599021
0.46010949 0.00599340
0.46017670 0.00599659
0.46024392 0.00599977
0.46031113 0.00600296
0.46037835 0.00600615
0.46044557 0.00600933
0.46051279 0.00601252
0.46058002 0.00601570
0.46064724 0.00601889
0.46071447 0.00602207
0.46078169 0.00602525
0.46084892 0.00602844
0.46091615 0.00603162
0.46098338 0.00603480
0.46105061 0.00603798
0.46111785 0.00604116
0.46118508 0.00604434
0.46125232 0.00604752
0.46131956 0.00605070
0.46138680 0.00605387
0.46145404 0.00605705
0.46152128 0.00606023
0.46158852 0.00606340
0.46165576 0.00606658
0.46172301 0.00606975
0.46179026 0.00607293
0.46185751 0.00607610
0.46192476 0.00607927
0.46199201 0.00608244
0.46205926 0.00608562
0.46212651 0.00608879
0.46219377 0.00609196
0.46226102 0.00609513
0.46232828 0.00609830
0.46239554 0.00610146
0.46246280 0.00610463
0.46253006 0.00610780
0.46259733 0.00611097
0.46266459 0.00611413
0.46273186 0.00611730
0.46279912 0.00612046
0.46286639 0.00612363
0.46293366 0.00612679
0.46300093 0.00612995
0.46306820 0.00613311
0.46313548 0.00613628
0.46320275 0.00613944
0.46327003 0.00614260
0.46333731 0.00614576
0.46340458 0.00614892
0.46347186 0.00615207
0.46353915 0.00615523
0.46360643 0.00615839
0.46367371 0.00616155
0.46374100 0.00616470
0.46380829 0.00616786
0.46387557 0.00617101
0.46394286 0.00617417
0.46401015 0.00617732
0.46407744 0.00618047
0.46414474 0.00618363
0.46421203 0.00618678
0.46427933 0.00618993
0.46434663 0.00619308
0.46441392 0.00619623
0.46448122 0.00619938
0.46454852 0.00620253
0.46461583 0.00620568
0.46468313 0.00620882
0.46475044 0.00621197
0.46481774 0.00621512
0.46488505 0.00621826
0.46495236 0.00622141
0.46501967 0.00622455
0.46508698 0.00622770
0.46515429 0.00623084
0.46522161 0.00623398
0.46528892 0.00623712
0.46535624 0.00624026
0.46542356 0.00624341
0.46549087 0.00624655
0.46555819 0.00624969
0.46562552 0.00625282
0.46569284 0.00625596
0.46576016 0.00625910
0.46582749 0.00626224
0.46589482 0.00626537
0.46596214 0.00626851
0.46602947 0.00627164
0.46609680 0.00627478
0.46616414 0.00627791
0.46623147 0.00628104
0.46629880 0.00628418
0.46636614 0.00628731
0.46643348 0.00629044
0.46650081 0.00629357
0.46656815 0.00629670
0.46663549 0.00629983
0.46670284 0.00630296
0.46677018 0.00630609
0.46683752 0.00630922
0.46690487 0.00631234
0.46697222 0.00631547
0.46703957 0.00631859
0.46710691 0.00632172
0.46717427 0.00632484
0.46724162 0.00632797
0.46730897 0.00633109
0.46737633 0.00633421
0.46744368 0.00633733
0.46751104 0.00634046
0.46757840 0.00634358
0.46764576 0.00634670
0.46771312 0.00634982
0.46778048 0.00635293
0.46784784 0.00635605
0.46791521 0.00635917
0.46798257 0.00636229
0.46804994 0.00636540
0.46811731 0.00636852
0.46818468 0.00637163
0.46825205 0.00637475
0.46831942 0.00637786
0.46838680 0.00638097
0.46845417 0.00638409
0.46852155 0.00638720
0.46858892 0.00639031
0.46865630 0.00639342
0.46872368 0.00639653
0.46879106 0.00639964
0.46885844 0.00640275
0.46892583 0.00640585
0.46899321 0.00640896
0.46906060 0.00641207
0.46912798 0.00641517
0.46919537 0.00641828
0.46926276 0.00642138
0.46933015 0.00642449
0.46939754 0.00642759
0.46946494 0.00643069
0.46953233 0.00643380
0.46959973 0.00643690
0.46966712 0.00644000
0.46973452 0.00644310
0.46980192 0.00644620
0.46986932 0.00644930
0.46993672 0.00645240
0.47000413 0.00645549
0.47007153 0.00645859
0.47013894 0.00646169
0.47020634 0.00646478
0.47027375 0.00646788
0.47034116 0.00647097
0.47040857 0.00647407
0.47047598 0.00647716
0.47054339 0.00648025
0.47061081 0.00648334
0.47067822 0.00648644
0.47074564 0.00648953
0.47081306 0.00649262
0.47088047 0.00649571
0.47094789 0.00649879
0.47101532 0.00650188
0.47108274 0.00650497
0.47115016 0.00650806
0.47121759 0.00651114
0.47128501 0.00651423
0.47135244 0.00651731
0.47141987 0.00652040
0.47148730 0.00652348
0.47155473 0.00652656
0.47162216 0.00652964
0.47168959 0.00653273
0.47175703 0.00653581
0.47182446 0.00653889
0.47189190 0.00654197
0.47195934 0.00654505
0.47202678 0.00654812
0.47209422 0.00655120
0.47216166 0.00655428
0.47222910 0.00655736
0.47229654 0.00656043
0.47236399 0.00656351
0.47243144 0.00656658
0.47249888 0.00656965
0.47256633 0.00657273
0.47263378 0.00657580
0.47270123 0.00657887
0.47276868 0.00658194
0.47283614 0.00658501
0.47290359 0.00658808
0.47297105 0.00659115
0.47303850 0.00659422
0.47310596 0.00659729
0.47317342 0.00660036
0.47324088 0.00660342
0.47330834 0.00660649
0.47337581 0.00660955
0.47344327 0.00661262
0.47351073 0.00661568
0.47357820 0.00661875
0.47364567 0.00662181
0.47371314 0.00662487
0.47378061 0.00662793
0.47384808 0.00663099
0.47391555 0.00663405
0.47398302 0.00663711
0.47405050 0.00664017
0.47411797 0.00664323
0.47418545 0.00664629
0.47425293 0.00664934
0.47432041 0.00665240
0.47438789 0.00665545
0.47445537 0.00665851
0.47452285 0.00666156
0.47459033 0.00666462
0.47465782 0.00666767
0.47472530 0.00667072
0.47479279 0.00667377
0.47486028 0.00667682
0.47492777 0.00667987
0.47499526 0.00668292
0.47506275 0.00668597
0.47513024 0.00668902
0.47519774 0.00669207
0.47526523 0.00669511
0.47533273 0.00669816
0.47540023 0.00670121
0.47546772 0.00670425
0.47553522 0.00670729
0.47560273 0.00671034
0.47567023 0.00671338
0.47573773 0.00671642
0.47580523 0.00671946
0.47587274 0.00672250
0.47594025 0.00672555
0.47600775 0.00672858
0.47607526 0.00673162
0.47614277 0.00673466
0.47621028 0.00673770
0.47627780 0.00674074
0.47634531 0.00674377
0.47641282 0.00674681
0.47648034 0.00674984
0.47654786 0.00675288
0.47661537 0.00675591
0.47668289 0.00675894
0.47675041 0.00676197
0.47681793 0.00676501
0.47688546 0.00676804
0.47695298 0.00677107
0.47702050 0.00677410
0.47708803 0.00677713
0.47715556 0.00678015
0.47722308 0.00678318
0.47729061 0.00678621
0.47735814 0.00678923
0.47742567 0.00679226
0.47749321 0.00679528
0.47756074 0.00679831
0.47762827 0.00680133
0.47769581 0.00680435
0.47776335 0.00680738
0.47783088 0.00681040
0.47789842 0.00681342
0.47796596 0.00681644
0.47803351 0.00681946
0.47810105 0.00682248
0.47816859 0.00682550
0.47823614 0.00682851
0.47830368 0.00683153
0.47837123 0.00683455
0.47843878 0.00683756
0.47850632 0.00684058
0.47857387 0.00684359
0.47864143 0.00684660
0.47870898 0.00684962
0.47877653 0.00685263
0.47884409 0.00685564
0.47891164 0.00685865
0.47897920 0.00686166
0.47904676 0.00686467
0.47911431 0.00686768
0.47918187 0.00687069
0.47924944 0.00687369
0.47931700 0.00687670
0.47938456 0.00687971
0.47945212 0.00688271
0.47951969 0.00688571
0.47958726 0.00688872
0.47965482 0.00689172
0.47972239 0.00689472
0.47978996 0.00689773
0.47985753 0.00690073
0.47992510 0.00690373
0.47999268 0.00690673
0.48006025 0.00690973
0.48012783 0.00691273
0.48019540 0.00691572
0.48026298 0.00691872
0.48033056 0.00692172
0.48039814 0.00692471
0.48046572 0.00692771
0.48053330 0.00693070
0.48060088 0.00693369
0.48066846 0.00693669
0.48073605 0.00693968
0.48080363 0.00694267
0.48087122 0.00694566
0.48093881 0.00694865
0.48100640 0.00695164
0.48107399 0.00695463
0.48114158 0.00695762
0.48120917 0.00696061
0.48127676 0.00696359
0.48134436 0.00696658
0.48141195 0.00696956
0.48147955 0.00697255
0.48154715 0.00697553
0.48161475 0.00697852
0.48168235 0.00698150
0.48174995 0.00698448
0.48181755 0.00698746
0.48188515 0.00699044
0.48195275 0.00699342
0.48202036 0.00699640
0.48208796 0.00699938
0.48215557 0.00700236
0.48222318 0.00700534
0.48229079 0.00700831
0.48235840 0.00701129
0.48242601 0.00701426
0.48249362 0.00701724
0.48256123 0.00702021
0.48262885 0.00702318
0.48269646 0.00702616
0.48276408 0.00702913
0.48283170 0.00703210
0.48289932 0.00703507
0.48296693 0.00703804
0.48303456 0.00704101
0.48310218 0.00704398
0.48316980 0.00704694
0.48323742 0.00704991
0.48330505 0.00705288
0.48337267 0.00705584
0.48344030 0.00705881
0.48350793 0.00706177
0.48357556 0.00706473
0.48364318 0.00706770
0.48371082 0.00707066
0.48377845 0.00707362
0.48384608 0.00707658
0.48391371 0.00707954
0.48398135 0.00708250
0.48404898 0.00708546
0.48411662 0.00708842
0.48418426 0.00709137
0.48425190 0.00709433
0.48431954 0.00709728
0.48438718 0.00710024
0.48445482 0.00710319
0.48452246 0.00710615
0.48459011 0.00710910
0.48465775 0.00711205
0.48472540 0.00711500
0.48479304 0.00711795
0.48486069 0.00712090
0.48492834 0.00712385
0.48499599 0.00712680
0.48506364 0.00712975
0.48513129 0.00713270
0.48519895 0.00713564
0.48526660 0.00713859
0.48533426 0.00714154
0.48540191 0.00714448
0.48546957 0.00714742
0.48553723 0.00715037
0.48560489 0.00715331
0.48567255 0.00715625
0.48574021 0.00715919
0.48580787 0.00716213
0.48587553 0.00716507
0.48594320 0.00716801
0.48601086 0.00717095
0.48607853 0.00717389
0.48614619 0.00717682
0.48621386 0.00717976
0.48628153 0.00718269
0.48634920 0.00718563
0.48641687 0.00718856
0.48648454 0.00719150
0.48655222 0.00719443
0.48661989 0.00719736
0.48668756 0.00720029
0.48675524 0.00720322
0.48682292 0.00720615
0.48689059 0.00720908
0.48695827 0.00721201
0.48702595 0.00721493
0.48709363 0.00721786
0.48716132 0.00722079
0.48722900 0.00722371
0.48729668 0.00722664
0.48736437 0.00722956
0.48743205 0.00723249
0.48749974 0.00723541
0.48756743 0.00723833
0.48763511 0.00724125
0.48770280 0.00724417
0.48777049 0.00724709
0.48783818 0.00725001
0.48790588 0.00725293
0.48797357 0.00725585
0.48804126 0.00725876
0.48810896 0.00726168
0.48817666 0.00726459
0.48824435 0.00726751
0.48831205 0.00727042
0.48837975 0.00727334
0.48844745 0.00727625
0.48851515 0.00727916
0.48858285 0.00728207
0.48865056 0.00728498
0.48871826 0.00728789
0.48878596 0.00729080
0.48885367 0.00729371
0.48892138 0.00729662
0.48898908 0.00729952
0.48905679 0.00730243
0.48912450 0.00730534
0.48919221 0.00730824
0.48925992 0.00731114
0.48932764 0.00731405
0.48939535 0.00731695
0.48946306 0.00731985
0.48953078 0.00732275
0.48959850 0.00732565
0.48966621 0.00732855
0.48973393 0.00733145
0.48980165 0.00733435
0.48986937 0.00733725
0.48993709 0.00734015
0.49000481 0.00734304
0.49007254 0.00734594
0.49014026 0.00734883
0.49020798 0.00735173
0.49027571 0.00735462
0.49034344 0.00735751
0.49041116 0.00736040
0.49047889 0.00736329
0.49054662 0.00736618
0.49061435 0.00736907
0.49068208 0.00737196
0.49074981 0.00737485
0.49081755 0.00737774
0.49088528 0.00738063
0.49095301 0.00738351
0.49102075 0.00738640
0.49108849 0.00738928
0.49115622 0.00739216
0.49122396 0.00739505
0.49129170 0.00739793
0.49135944 0.00740081
0.49142718 0.00740369
0.49149493 0.00740657
0.49156267 0.00740945
0.49163041 0.00741233
0.49169816 0.00741521
0.49176590 0.00741809
0.49183365 0.00742096
0.49190140 0.00742384
0.49196915 0.00742671
0.49203690 0.00742959
0.49210465 0.00743246
0.49217240 0.00743534
0.49224015 0.00743821
0.49230790 0.00744108
0.49237566 0.00744395
0.49244341 0.00744682
0.49251117 0.00744969
0.49257892 0.00745256
0.49264668 0.00745543
0.49271444 0.00745829
0.49278220 0.00746116
0.49284996 0.00746403
0.49291772 0.00746689
0.49298548 0.00746975
0.49305324 0.00747262
0.49312101 0.00747548
0.49318877 0.00747834
0.49325654 0.00748120
0.49332430 0.00748406
0.49339207 0.00748692
0.49345984 0.00748978
0.49352761 0.00749264
0.49359538 0.00749550
0.49366315 0.00749836
0.49373092 0.00750121
0.49379869 0.00750407
0.49386647 0.00750692
0.49393424 0.00750978
0.49400202 0.00751263
0.49406979 0.00751548
0.49413757 0.00751833
0.49420535 0.00752119
0.49427313 0.00752404
0.49434091 0.00752689
0.49440869 0.00752973
0.49447647 0.00753258
0.49454425 0.00753543
0.49461203 0.00753828
0.49467982 0.00754112
0.49474760 0.00754397
0.49481539 0.00754681
0.49488317 0.00754966
0.49495096 0.00755250
0.49501875 0.00755534
0.49508654 0.00755818
0.49515433 0.00756102
0.49522212 0.00756386
0.49528991 0.00756670
0.49535770 0.00756954
0.49542550 0.00757238
0.49549329 0.00757522
0.49556109 0.00757805
0.49562888 0.00758089
0.49569668 0.00758372
0.49576448 0.00758656
0.49583228 0.00758939
0.49590008 0.00759222
0.49596788 0.00759505
0.49603568 0.00759788
0.49610348 0.00760072
0.49617128 0.00760354
0.49623909 0.00760637
0.49630689 0.00760920
0.49637470 0.00761203
0.49644250 0.00761486
0.49651031 0.00761768
0.49657812 0.00762051
0.49664593 0.00762333
0.49671374 0.00762616
0.49678155 0.00762898
0.49684936 0.00763180
0.49691717 0.00763462
0.49698498 0.00763744
0.49705280 0.00764026
0.49712061 0.00764308
0.49718843 0.00764590
0.49725624 0.00764872
0.49732406 0.00765153
0.49739188 0.00765435
0.49745970 0.00765717
0.49752752 0.00765998
0.49759534 0.00766280
0.49766316 0.00766561
0.49773098 0.00766842
0.49779880 0.00767123
0.49786663 0.00767404
0.49793445 0.00767685
0.49800228 0.00767966
0.49807010 0.00768247
0.49813793 0.00768528
0.49820576 0.00768809
0.49827359 0.00769089
0.49834142 0.00769370
0.49840925 0.00769650
0.49847708 0.00769931
0.49854491 0.00770211
0.49861274 0.00770492
0.49868057 0.00770772
0.49874841 0.00771052
0.49881624 0.00771332
0.49888408 0.00771612
0.49895192 0.00771892
0.49901975 0.00772172
0.49908759 0.00772451
0.49915543 0.00772731
0.49922327 0.00773011
0.49929111 0.00773290
0.49935895 0.00773570
0.49942680 0.00773849
0.49949464 0.00774128
0.49956248 0.00774407
0.49963033 0.00774687
0.49969817 0.00774966
0.49976602 0.00775245
0.49983387 0.00775524
0.49990172 0.00775802
0.49996956 0.00776081
0.50003741 0.00776360
0.50010526 0.00776639
0.50017312 0.00776917
0.50024097 0.00777196
0.50030882 0.00777474
0.50037667 0.00777752
0.50044453 0.00778030
0.50051238 0.00778309
0.50058024 0.00778587
0.50064810 0.00778865
0.50071595 0.00779143
0.50078381 0.00779421
0.50085167 0.00779698
0.50091953 0.00779976
0.50098739 0.00780254
0.50105525 0.00780531
0.50112311 0.00780809
0.50119098 0.00781086
0.50125884 0.00781363
0.50132671 0.00781641
0.50139457 0.00781918
0.50146244 0.00782195
0.50153030 0.00782472
0.50159817 0.00782749
0.50166604 0.00783026
0.50173391 0.00783303
0.50180178 0.00783579
0.50186965 0.00783856
0.50193752 0.00784133
0.50200539 0.00784409
0.50207326 0.00784685
0.50214114 0.00784962
0.50220901 0.00785238
0.50227689 0.00785514
0.50234476 0.00785790
0.50241264 0.00786066
0.50248052 0.00786342
0.50254840 0.00786618
0.50261628 0.00786894
0.50268416 0.00787170
0.50275204 0.00787445
0.50281992 0.00787721
0.50288780 0.00787996
0.50295568 0.00788272
0.50302357 0.00788547
0.50309145 0.00788823
0.50315933 0.00789098
0.50322722 0.00789373
0.50329511 0.00789648
0.50336299 0.00789923
0.50343088 0.00790198
0.50349877 0.00790472
0.50356666 0.00790747
0.50363455 0.00791022
0.50370244 0.00791296
0.50377033 0.00791571
0.50383823 0.00791845
0.50390612 0.00792120
0.50397401 0.00792394
0.50404191 0.00792668
0.50410980 0.00792942
0.50417770 0.00793216
0.50424560 0.00793490
0.50431349 0.00793764
0.50438139 0.00794038
0.50444929 0.00794312
0.50451719 0.00794585
0.50458509 0.00794859
0.50465299 0.00795132
0.50472089 0.00795406
0.50478880 0.00795679
0.50485670 0.00795952
0.50492460 0.00796226
0.50499251 0.00796499
0.50506041 0.00796772
0.50512832 0.00797045
0.50519623 0.00797318
0.50526413 0.00797590
0.50533204 0.00797863
0.50539995 0.00798136
0.50546786 0.00798408
0.50553577 0.00798681
0.50560368 0.00798953
0.50567160 0.00799226
0.50573951 0.00799498
0.50580742 0.00799770
0.50587534 0.00800042
0.50594325 0.00800314
0.50601117 0.00800586
0.50607908 0.00800858
0.50614700 0.00801130
0.50621492 0.00801402
0.50628284 0.00801673
0.50635075 0.00801945
0.50641867 0.00802216
0.50648660 0.00802488
0.50655452 0.00802759
0.50662244 0.00803030
0.50669036 0.00803301
0.50675828 0.00803572
0.50682621 0.00803843
0.50689413 0.00804114
0.50696206 0.00804385
0.50702998 0.00804656
0.50709791 0.00804927
0.50716584 0.00805197
0.50723377 0.00805468
0.50730169 0.00805738
0.50736962 0.00806009
0.50743755 0.00806279
0.50750549 0.00806549
0.50757342 0.00806819
0.50764135 0.00807090
0.50770928 0.00807360
0.50777722 0.00807629
0.50784515 0.00807899
0.50791309 0.00808169
0.50798102 0.00808439
0.50804896 0.00808708
0.50811689 0.00808978
0.50818483 0.00809247
0.50825277 0.00809517
0.50832071 0.00809786
0.50838865 0.00810055
0.50845659 0.00810324
0.50852453 0.00810593
0.50859247 0.00810862
0.50866041 0.00811131
0.50872836 0.00811400
0.50879630 0.00811669
0.50886425 0.00811938
0.50893219 0.00812206
0.50900014 0.00812475
0.50906808 0.00812743
0.50913603 0.00813011
0.50920398 0.00813280
0.50927193 0.00813548
0.50933987 0.00813816
0.50940782 0.00814084
0.50947577 0.00814352
0.50954373 0.00814620
0.50961168 0.00814888
0.50967963 0.00815155
0.50974758 0.00815423
0.50981554 0.00815691
0.50988349 0.00815958
0.50995145 0.00816225
0.51001940 0.00816493
0.51008736 0.00816760
0.51015531 0.00817027
0.51022327 0.00817294
0.51029123 0.00817561
0.51035919 0.00817828
0.51042715 0.00818095
0.51049511 0.00818362
0.51056307 0.00818629
0.51063103 0.00818895
0.51069899 0.00819162
0.51076696 0.00819428
0.51083492 0.00819695
0.51090288 0.00819961
0.51097085 0.00820227
0.51103881 0.00820493
0.51110678 0.00820759
0.51117474 0.00821025
0.51124271 0.00821291
0.51131068 0.00821557
0.51137865 0.00821823
0.51144662 0.00822088
0.51151459 0.00822354
0.51158256 0.00822619
0.51165053 0.00822885
0.51171850 0.00823150
0.51178647 0.00823415
0.51185444 0.00823681
0.51192242 0.00823946
0.51199039 0.00824211
0.51205837 0.00824476
0.51212634 0.00824741
0.51219432 0.00825005
0.51226229 0.00825270
0.51233027 0.00825535
0.51239825 0.00825799
0.51246623 0.00826064
0.51253421 0.00826328
0.51260219 0.00826592
0.51267017 0.00826857
0.51273815 0.00827121
0.51280613 0.00827385
0.51287411 0.00827649
0.51294209 0.00827913
0.51301008 0.00828177
0.51307806 0.00828440
0.51314604 0.00828704
0.51321403 0.00828967
0.51328202 0.00829231
0.51335000 0.00829494
0.51341799 0.00829758
0.51348598 0.00830021
0.51355396 0.00830284
0.51362195 0.00830547
0.51368994 0.00830810
0.51375793 0.00831073
0.51382592 0.00831336
0.51389391 0.00831599
0.51396191 0.00831862
0.51402990 0.00832124
0.51409789 0.00832387
0.51416588 0.00832649
0.51423388 0.00832912
0.51430187 0.00833174
0.51436987 0.00833436
0.51443786 0.00833698
0.51450586 0.00833960
0.51457386 0.00834222
0.51464185 0.00834484
0.51470985 0.00834746
0.51477785 0.00835008
0.51484585 0.00835269
0.51491385 0.00835531
0.51498185 0.00835792
0.51504985 0.00836054
0.51511785 0.00836315
0.51518586 0.00836576
0.51525386 0.00836838
0.51532186 0.00837099
0.51538987 0.00837360
0.51545787 0.00837621
0.51552588 0.00837882
0.51559388 0.00838142
0.51566189 0.00838403
0.51572989 0.00838664
0.51579790 0.00838924
0.51586591 0.00839185
0.51593392 0.00839445
0.51600193 0.00839705
0.51606994 0.00839965
0.51613795 0.00840225
0.51620596 0.00840486
0.51627397 0.00840745
0.51634198 0.00841005
0.51640999 0.00841265
0.51647801 0.00841525
0.51654602 0.00841784
0.51661403 0.00842044
0.51668205 0.00842304
0.51675006 0.00842563
0.51681808 0.00842822
0.51688610 0.00843081
0.51695411 0.00843341
0.51702213 0.00843600
0.51709015 0.00843859
0.51715817 0.00844118
0.51722619 0.00844376
0.51729421 0.00844635
0.51736223 0.00844894
0.51743025 0.00845152
0.51749827 0.00845411
0.51756629 0.00845669
0.51763431 0.00845928
0.51770233 0.00846186
0.51777036 0.00846444
0.51783838 0.00846702
0.51790641 0.00846960
0.51797443 0.00847218
0.51804246 0.00847476
0.51811048 0.00847734
0.51817851 0.00847991
0.51824654 0.00848249
0.51831456 0.00848506
0.51838259 0.00848764
0.51845062 0.00849021
0.51851865 0.00849278
0.51858668 0.00849536
0.51865471 0.00849793
0.51872274 0.00850050
0.51879077 0.00850307
0.51885881 0.00850563
0.51892684 0.00850820
0.51899487 0.00851077
0.51906290 0.00851334
0.51913094 0.00851590
0.51919897 0.00851847
0.51926701 0.00852103
0.51933504 0.00852359
0.51940308 0.00852615
0.51947112 0.00852871
0.51953915 0.00853128
0.51960719 0.00853383
0.51967523 0.00853639
0.51974327 0.00853895
0.51981131 0.00854151
0.51987935 0.00854406
0.51994739 0.00854662
0.52001543 0.00854917
0.52008347 0.00855173
0.52015151 0.00855428
0.52021955 0.00855683
0.52028760 0.00855938
0.52035564 0.00856194
0.52042368 0.00856448
0.52049173 0.00856703
0.52055977 0.00856958
0.52062782 0.00857213
0.52069586 0.00857468
0.52076391 0.00857722
0.52083196 0.00857977
0.52090000 0.00858231
0.52096805 0.00858485
0.52103610 0.00858739
0.52110415 0.00858994
0.52117220 0.00859248
0.52124025 0.00859502
0.52130830 0.00859756
0.52137635 0.00860009
0.52144440 0.00860263
0.52151245 0.00860517
0.52158050 0.00860770
0.52164855 0.00861024
0.52171661 0.00861277
0.52178466 0.00861530
0.52185272 0.00861784
0.52192077 0.00862037
0.52198882 0.00862290
0.52205688 0.00862543
0.52212494 0.00862796
0.52219299 0.00863049
0.52226105 0.00863301
0.52232911 0.00863554
0.52239717 0.00863807
0.52246522 0.00864059
0.52253328 0.00864311
0.52260134 0.00864564
0.52266940 0.00864816
0.52273746 0.00865068
0.52280552 0.00865320
0.52287358 0.00865572
0.52294165 0.00865824
0.52300971 0.00866076
0.52307777 0.00866328
0.52314583 0.00866579
0.52321390 0.00866831
0.52328196 0.00867082
0.52335002 0.00867334
0.52341809 0.00867585
0.52348616 0.00867836
0.52355422 0.00868087
0.52362229 0.00868338
0.52369035 0.00868589
0.52375842 0.00868840
0.52382649 0.00869091
0.52389456 0.00869342
0.52396263 0.00869593
0.52403069 0.00869843
0.52409876 0.00870094
0.52416683 0.00870344
0.52423490 0.00870594
0.52430297 0.00870844
0.52437105 0.00871095
0.52443912 0.00871345
0.52450719 0.00871595
0.52457526 0.00871845
0.52464334 0.00872094
0.52471141 0.00872344
0.52477948 0.00872594
0.52484756 0.00872843
0.52491563 0.00873093
0.52498371 0.00873342
0.52505178 0.00873591
0.52511986 0.00873841
0.52518794 0.00874090
0.52525601 0.00874339
0.52532409 0.00874588
0.52539217 0.00874837
0.52546025 0.00875086
0.52552832 0.00875334
0.52559640 0.00875583
0.52566448 0.00875831
0.52573256 0.00876080
0.52580064 0.00876328
0.52586872 0.00876577
0.52593681 0.00876825
0.52600489 0.00877073
0.52607297 0.00877321
0.52614105 0.00877569
0.52620913 0.00877817
0.52627722 0.00878065
0.52634530 0.00878312
0.52641339 0.00878560
0.52648147 0.00878807
0.52654956 0.00879055
0.52661764 0.00879302
0.52668573 0.00879550
0.52675381 0.00879797
0.52682190 0.00880044
0.52688999 0.00880291
0.52695807 0.00880538
0.52702616 0.00880785
0.52709425 0.00881032
0.52716234 0.00881278
0.52723043 0.00881525
0.52729852 0.00881771
0.52736661 0.00882018
0.52743470 0.00882264
0.52750279 0.00882510
0.52757088 0.00882757
0.52763897 0.00883003
0.52770706 0.00883249
0.52777516 0.00883495
0.52784325 0.00883741
0.52791134 0.00883986
0.52797943 0.00884232
0.52804753 0.00884478
0.52811562 0.00884723
0.52818372 0.00884969
0.52825181 0.00885214
0.52831991 0.00885459
0.52838800 0.00885704
0.52845610 0.00885949
0.52852420 0.00886194
0.52859229 0.00886439
0.52866039 0.00886684
0.52872849 0.00886929
0.52879659 0.00887174
0.52886469 0.00887418
0.52893278 0.00887663
0.52900088 0.00887907
0.52906898 0.00888151
0.52913708 0.00888396
0.52920518 0.00888640
0.52927328 0.00888884
0.52934139 0.00889128
0.52940949 0.00889372
0.52947759 0.00889615
0.52954569 0.00889859
0.52961379 0.00890103
0.52968190 0.00890346
0.52975000 0.00890590
0.52981810 0.00890833
0.52988621 0.00891076
0.52995431 0.00891320
0.53002242 0.00891563
0.53009052 0.00891806
0.53015863 0.00892049
0.53022674 0.00892292
0.53029484 0.00892534
0.53036295 0.00892777
0.53043106 0.00893020
0.53049916 0.00893262
0.53056727 0.00893505
0.53063538 0.00893747
0.53070349 0.00893989
0.53077160 0.00894232
0.53083971 0.00894474
0.53090781 0.00894716
0.53097592 0.00894958
0.53104404 0.00895199
0.53111215 0.00895441
0.53118026 0.00895683
0.53124837 0.00895924
0.53131648 0.00896166
0.53138459 0.00896407
0.53145270 0.00896649
0.53152082 0.00896890
0.53158893 0.00897131
0.53165704 0.00897372
0.53172516 0.00897613
0.53179327 0.00897854
0.53186139 0.00898095
0.53192950 0.00898336
0.53199762 0.00898576
0.53206573 0.00898817
0.53213385 0.00899057
0.53220196 0.00899298
0.53227008 0.00899538
0.53233820 0.00899778
0.53240631 0.00900018
0.53247443 0.00900258
0.53254255 0.00900498
0.53261067 0.00900738
0.53267878 0.00900978
0.53274690 0.00901217
0.53281502 0.00901457
0.53288314 0.00901697
0.53295126 0.00901936
0.53301938 0.00902175
0.53308750 0.00902415
0.53315562 0.00902654
0.53322374 0.00902893
0.53329186 0.00903132
0.53335999 0.00903371
0.53342811 0.00903610
0.53349623 0.00903848
0.53356435 0.00904087
0.53363248 0.00904326
0.53370060 0.00904564
0.53376872 0.00904802
0.53383685 0.00905041
0.53390497 0.00905279
0.53397310 0.00905517
0.53404122 0.00905755
0.53410935 0.00905993
0.53417747 0.00906231
0.53424560 0.00906469
0.53431372 0.00906706
0.53438185 0.00906944
0.53444998 0.00907182
0.53451810 0.00907419
0.53458623 0.00907656
0.53465436 0.00907894
0.53472248 0.00908131
0.53479061 0.00908368
0.53485874 0.00908605
0.53492687 0.00908842
0.53499500 0.00909079
0.53506313 0.00909315
0.53513126 0.00909552
0.53519939 0.00909789
0.53526752 0.00910025
0.53533565 0.00910262
0.53540378 0.00910498
0.53547191 0.00910734
0.53554004 0.00910970
0.53560817 0.00911206
0.53567630 0.00911442
0.53574444 0.00911678
0.53581257 0.00911914
0.53588070 0.00912150
0.53594883 0.00912385
0.53601697 0.00912621
0.53608510 0.00912856
0.53615324 0.00913092
0.53622137 0.00913327
0.53628950 0.00913562
0.53635764 0.00913797
0.53642577 0.00914032
0.53649391 0.00914267
0.53656204 0.00914502
0.53663018 0.00914737
0.53669832 0.00914971
0.53676645 0.00915206
0.53683459 0.00915440
0.53690273 0.00915675
0.53697086 0.00915909
0.53703900 0.00916143
0.53710714 0.00916377
0.53717528 0.00916611
0.53724341 0.00916845
0.53731155 0.00917079
0.53737969 0.00917313
0.53744783 0.00917547
0.53751597 0.00917780
0.53758411 0.00918014
0.53765225 0.00918247
0.53772039 0.00918481
0.53778853 0.00918714
0.53785667 0.00918947
0.53792481 0.00919180
0.53799295 0.00919413
0.53806109 0.00919646
0.53812923 0.00919879
0.53819738 0.00920111
0.53826552 0.00920344
0.53833366 0.00920577
0.53840180 0.00920809
0.53846995 0.00921041
0.53853809 0.00921274
0.53860623 0.00921506
0.53867437 0.00921738
0.53874252 0.00921970
0.53881066 0.00922202
0.53887881 0.00922434
0.53894695 0.00922666
0.53901510 0.00922897
0.53908324 0.00923129
0.53915139 0.00923360
0.53921953 0.00923592
0.53928768 0.00923823
0.53935582 0.00924054
0.53942397 0.00924285
0.53949212 0.00924517
0.53956026 0.00924747
0.53962841 0.00924978
0.53969656 0.00925209
0.53976470 0.00925440
0.53983285 0.00925670
0.53990100 0.00925901
0.53996915 0.00926131
0.54003729 0.00926362
0.54010544 0.00926592
0.54017359 0.00926822
0.54024174 0.00927052
0.54030989 0.00927282
0.54037804 0.00927512
0.54044619 0.00927742
0.54051434 0.00927972
0.54058249 0.00928201
0.54065064 0.00928431
0.54071879 0.00928660
0.54078694 0.00928890
0.54085509 0.00929119
0.54092324 0.00929348
0.54099139 0.00929577
0.54105954 0.00929806
0.54112769 0.00930035
0.54119584 0.00930264
0.54126400 0.00930493
0.54133215 0.00930722
0.54140030 0.00930950
0.54146845 0.00931179
0.54153661 0.00931407
0.54160476 0.00931635
0.54167291 0.00931864
0.54174107 0.00932092
0.54180922 0.00932320
0.54187737 0.00932548
0.54194553 0.00932776
0.54201368 0.00933003
0.54208184 0.00933231
0.54214999 0.00933459
0.54221815 0.00933686
0.54228630 0.00933914
0.54235446 0.00934141
0.54242261 0.00934368
0.54249077 0.00934595
0.54255892 0.00934822
0.54262708 0.00935049
0.54269523 0.00935276
0.54276339 0.00935503
0.54283155 0.00935730
0.54289970 0.00935956
0.54296786 0.00936183
0.54303602 0.00936409
0.54310417 0.00936636
0.54317233 0.00936862
0.54324049 0.00937088
0.54330865 0.00937314
0.54337680 0.00937540
0.54344496 0.00937766
0.54351312 0.00937992
0.54358128 0.00938218
0.54364944 0.00938443
0.54371760 0.00938669
0.54378576 0.00938894
0.54385391 0.00939120
0.54392207 0.00939345
0.54399023 0.00939570
0.54405839 0.00939795
0.54412655 0.00940020
0.54419471 0.00940245
0.54426287 0.00940470
0.54433103 0.00940695
0.54439919 0.00940919
0.54446735 0.00941144
0.54453551 0.00941368
0.54460367 0.00941593
0.54467184 0.00941817
0.54474000 0.00942041
0.54480816 0.00942265
0.54487632 0.00942489
0.54494448 0.00942713
0.54501264 0.00942937
0.54508080 0.00943161
0.54514897 0.00943385
0.54521713 0.00943608
0.54528529 0.00943832
0.54535345 0.00944055
0.54542162 0.00944278
0.54548978 0.00944502
0.54555794 0.00944725
0.54562611 0.00944948
0.54569427 0.00945171
0.54576243 0.00945394
0.54583060 0.00945616
0.54589876 0.00945839
0.54596692 0.00946062
0.54603509 0.00946284
0.54610325 0.00946506
0.54617142 0.00946729
0.54623958 0.00946951
0.54630774 0.00947173
0.54637591 0.00947395
0.54644407 0.00947617
0.54651224 0.00947839
0.54658040 0.00948061
0.54664857 0.00948282
0.54671673 0.00948504
0.54678490 0.00948726
0.54685306 0.00948947
0.54692123 0.00949168
0.54698940 0.00949390
0.54705756 0.00949611
0.54712573 0.00949832
0.54719389 0.00950053
0.54726206 0.00950274
0.54733023 0.00950494
0.54739839 0.00950715
0.54746656 0.00950936
0.54753473 0.00951156
0.54760289 0.00951377
0.54767106 0.00951597
0.54773923 0.00951817
0.54780739 0.00952037
0.54787556 0.00952257
0.54794373 0.00952477
0.54801190 0.00952697
0.54808006 0.00952917
0.54814823 0.00953137
0.54821640 0.00953356
0.54828457 0.00953576
0.54835274 0.00953795
0.54842090 0.00954015
0.54848907 0.00954234
0.54855724 0.00954453
0.54862541 0.00954672
0.54869358 0.00954891
0.54876175 0.00955110
0.54882991 0.00955329
0.54889808 0.00955547
0.54896625 0.00955766
0.54903442 0.00955985
0.54910259 0.00956203
0.54917076 0.00956421
0.54923893 0.00956640
0.54930710 0.00956858
0.54937527 0.00957076
0.54944344 0.00957294
0.54951161 0.00957512
0.54957978 0.00957729
0.54964795 0.00957947
0.54971612 0.00958165
0.54978429 0.00958382
0.54985246 0.00958600
0.54992063 0.00958817
0.54998880 0.00959034
0.55005697 0.00959251
0.55012514 0.00959469
0.55019331 0.00959686
0.55026148 0.00959902
0.55032965 0.00960119
0.55039782 0.00960336
0.55046599 0.00960553
0.55053416 0.00960769
0.55060233 0.00960985
0.55067050 0.00961202
0.55073867 0.00961418
0.55080685 0.00961634
0.55087502 0.00961850
0.55094319 0.00962066
0.55101136 0.00962282
0.55107953 0.00962498
0.55114770 0.00962714
0.55121587 0.00962929
0.55128405 0.00963145
0.55135222 0.00963360
0.55142039 0.00963575
0.55148856 0.00963791
0.55155673 0.00964006
0.55162490 0.00964221
0.55169308 0.00964436
0.55176125 0.00964651
0.55182942 0.00964866
0.55189759 0.00965080
0.55196576 0.00965295
0.55203394 0.00965509
0.55210211 0.00965724
0.55217028 0.00965938
0.55223845 0.00966152
0.55230663 0.00966366
0.55237480 0.00966580
0.55244297 0.00966794
0.55251114 0.00967008
0.55257932 0.00967222
0.55264749 0.00967436
0.55271566 0.00967649
0.55278383 0.00967863
0.55285201 0.00968076
0.55292018 0.00968290
0.55298835 0.00968503
0.55305653 0.00968716
0.55312470 0.00968929
0.55319287 0.00969142
0.55326104 0.00969355
0.55332922 0.00969568
0.55339739 0.00969780
0.55346556 0.00969993
0.55353374 0.00970205
0.55360191 0.00970418
0.55367008 0.00970630
0.55373826 0.00970842
0.55380643 0.00971054
0.55387460 0.00971266
0.55394278 0.00971478
0.55401095 0.00971690
0.55407912 0.00971902
0.55414730 0.00972114
0.55421547 0.00972325
0.55428364 0.00972537
0.55435182 0.00972748
0.55441999 0.00972959
0.55448816 0.00973170
0.55455634 0.00973382
0.55462451 0.00973593
0.55469268 0.00973803
0.55476086 0.00974014
0.55482903 0.00974225
0.55489720 0.00974436
0.55496538 0.00974646
0.55503355 0.00974857
0.55510172 0.00975067
0.55516990 0.00975277
0.55523807 0.00975488
0.55530625 0.00975698
0.55537442 0.00975908
0.55544259 0.00976118
0.55551077 0.00976327
0.55557894 0.00976537
0.55564711 0.00976747
0.55571529 0.00976956
0.55578346 0.00977166
0.55585163 0.00977375
0.55591981 0.00977584
0.55598798 0.00977793
0.55605615 0.00978003
0.55612433 0.00978212
0.55619250 0.00978420
0.55626068 0.00978629
0.55632885 0.00978838
0.55639702 0.00979047
0.55646520 0.00979255
0.55653337 0.00979463
0.55660154 0.00979672
0.55666972 0.00979880
0.55673789 0.00980088
0.55680606 0.00980296
0.55687424 0.00980504
0.55694241 0.00980712
0.55701058 0.00980920
0.55707876 0.00981128
0.55714693 0.00981335
0.55721510 0.00981543
0.55728328 0.00981750
0.55735145 0.00981957
0.55741962 0.00982165
0.55748780 0.00982372
0.55755597 0.00982579
0.55762414 0.00982786
0.55769232 0.00982992
0.55776049 0.00983199
0.55782866 0.00983406
0.55789683 0.00983612
0.55796501 0.00983819
0.55803318 0.00984025
0.55810135 0.00984232
0.55816953 0.00984438
0.55823770 0.00984644
0.55830587 0.00984850
0.55837404 0.00985056
0.55844222 0.00985262
0.55851039 0.00985467
0.55857856 0.00985673
0.55864674 0.00985879
0.55871491 0.00986084
0.55878308 0.00986289
0.55885125 0.00986495
0.55891943 0.00986700
0.55898760 0.00986905
0.55905577 0.00987110
0.55912394 0.00987315
0.55919211 0.00987520
0.55926029 0.00987724
0.55932846 0.00987929
0.55939663 0.00988133
0.55946480 0.00988338
0.55953298 0.00988542
0.55960115 0.00988746
0.55966932 0.00988951
0.55973749 0.00989155
0.55980566 0.00989359
0.55987383 0.00989562
0.55994201 0.00989766
0.56001018 0.00989970
0.56007835 0.00990173
0.56014652 0.00990377
0.56021469 0.00990580
0.56028286 0.00990784
0.56035103 0.00990987
0.56041921 0.00991190
0.56048738 0.00991393
0.56055555 0.00991596
0.56062372 0.00991799
0.56069189 0.00992001
0.56076006 0.00992204
0.56082823 0.00992407
0.56089640 0.00992609
0.56096457 0.00992811
0.56103274 0.00993014
0.56110091 0.00993216
0.56116908 0.00993418
0.56123725 0.00993620
0.56130542 0.00993822
0.56137359 0.00994024
0.56144176 0.00994225
0.56150993 0.00994427
0.56157810 0.00994628
0.56164627 0.00994830
0.56171444 0.00995031
0.56178261 0.00995232
0.56185078 0.00995434
0.56191895 0.00995635
0.56198712 0.00995836
0.56205529 0.00996037
0.56212346 0.00996237
0.56219163 0.00996438
0.56225980 0.00996639
0.56232797 0.00996839
0.56239613 0.00997039
0.56246430 0.00997240
0.56253247 0.00997440
0.56260064 0.00997640
0.56266881 0.00997840
0.56273698 0.00998040
0.56280514 0.00998240
0.56287331 0.00998439
0.56294148 0.00998639
0.56300965 0.00998839
0.56307782 0.00999038
0.56314598 0.00999237
0.56321415 0.00999437
0.56328232 0.00999636
0.56335049 0.00999835
0.56341865 0.01000034
0.56348682 0.01000233
0.56355499 0.01000432
0.56362315 0.01000630
0.56369132 0.01000829
0.56375949 0.01001027
0.56382765 0.01001226
0.56389582 0.01001424
0.56396399 0.01001622
0.56403215 0.01001820
0.56410032 0.01002019
0.56416848 0.01002216
0.56423665 0.01002414
0.56430482 0.01002612
0.56437298 0.01002810
0.56444115 0.01003007
0.56450931 0.01003205
0.56457748 0.01003402
0.56464564 0.01003599
0.56471381 0.01003797
0.56478197 0.01003994
0.56485014 0.01004191
0.56491830 0.01004388
0.56498647 0.01004584
0.56505463 0.01004781
0.56512279 0.01004978
0.56519096 0.01005174
0.56525912 0.01005371
0.56532729 0.01005567
0.56539545 0.01005763
0.56546361 0.01005959
0.56553178 0.01006155
0.56559994 0.01006351
0.56566810 0.01006547
0.56573626 0.01006743
0.56580443 0.01006939
0.56587259 0.01007134
0.56594075 0.01007330
0.56600891 0.01007525
0.56607708 0.01007720
0.56614524 0.01007915
0.56621340 0.01008111
0.56628156 0.01008306
0.56634972 0.01008500
0.56641788 0.01008695
0.56648605 0.01008890
0.56655421 0.01009085
0.56662237 0.01009279
0.56669053 0.01009474
0.56675869 0.01009668
0.56682685 0.01009862
0.56689501 0.01010056
0.56696317 0.01010250
0.56703133 0.01010444
0.56709949 0.01010638
0.56716765 0.01010832
0.56723581 0.01011026
0.56730397 0.01011219
0.56737213 0.01011413
0.56744029 0.01011606
0.56750844 0.01011799
0.56757660 0.01011993
0.56764476 0.01012186
0.56771292 0.01012379
0.56778108 0.01012572
0.56784924 0.01012764
0.56791739 0.01012957
0.56798555 0.01013150
0.56805371 0.01013342
0.56812187 0.01013535
0.56819002 0.01013727
0.56825818 0.01013919
0.56832634 0.01014111
0.56839449 0.01014303
0.56846265 0.01014495
0.56853080 0.01014687
0.56859896 0.01014879
0.56866712 0.01015071
0.56873527 0.01015262
0.56880343 0.01015454
0.56887158 0.01015645
0.56893974 0.01015836
0.56900789 0.01016027
0.56907605 0.01016219
0.56914420 0.01016410
0.56921235 0.01016600
0.56928051 0.01016791
0.56934866 0.01016982
0.56941682 0.01017173
0.56948497 0.01017363
0.56955312 0.01017554
0.56962128 0.01017744
0.56968943 0.01017934
0.56975758 0.01018124
0.56982573 0.01018314
0.56989389 0.01018504
0.56996204 0.01018694
0.57003019 0.01018884
0.57009834 0.01019073
0.57016649 0.01019263
0.57023464 0.01019452
0.57030279 0.01019642
0.57037095 0.01019831
0.57043910 0.01020020
0.57050725 0.01020209
0.57057540 0.01020398
0.57064355 0.01020587
0.57071170 0.01020776
0.57077985 0.01020965
0.57084799 0.01021153
0.57091614 0.01021342
0.57098429 0.01021530
0.57105244 0.01021719
0.57112059 0.01021907
0.57118874 0.01022095
0.57125689 0.01022283
0.57132503 0.01022471
0.57139318 0.01022659
0.57146133 0.01022846
0.57152947 0.01023034
0.57159762 0.01023222
0.57166577 0.01023409
0.57173391 0.01023596
0.57180206 0.01023784
0.57187021 0.01023971
0.57193835 0.01024158
0.57200650 0.01024345
0.57207464 0.01024532
0.57214279 0.01024718
0.57221093 0.01024905
0.57227908 0.01025092
0.57234722 0.01025278
0.57241536 0.01025465
0.57248351 0.01025651
0.57255165 0.01025837
0.57261979 0.01026023
0.57268794 0.01026209
0.57275608 0.01026395
0.57282422 0.01026581
0.57289237 0.01026767
0.57296051 0.01026952
0.57302865 0.01027138
0.57309679 0.01027323
0.57316493 0.01027509
0.57323307 0.01027694
0.57330121 0.01027879
0.57336935 0.01028064
0.57343749 0.01028249
0.57350563 0.01028434
0.57357377 0.01028618
0.57364191 0.01028803
0.57371005 0.01028988
0.57377819 0.01029172
0.57384633 0.01029356
0.57391447 0.01029541
0.57398261 0.01029725
0.57405074 0.01029909
0.57411888 0.01030093
0.57418702 0.01030277
0.57425516 0.01030461
0.57432329 0.01030644
0.57439143 0.01030828
0.57445957 0.01031011
0.57452770 0.01031195
0.57459584 0.01031378
0.57466397 0.01031561
0.57473211 0.01031744
0.57480024 0.01031927
0.57486838 0.01032110
0.57493651 0.01032293
0.57500465 0.01032476
0.57507278 0.01032658
0.57514091 0.01032841
0.57520905 0.01033023
0.57527718 0.01033206
0.57534531 0.01033388
0.57541345 0.01033570
0.57548158 0.01033752
0.57554971 0.01033934
0.57561784 0.01034116
0.57568597 0.01034298
0.57575410 0.01034479
0.57582223 0.01034661
0.57589037 0.01034842
0.57595850 0.01035024
0.57602663 0.01035205
0.57609475 0.01035386
0.57616288 0.01035567
0.57623101 0.01035748
0.57629914 0.01035929
0.57636727 0.01036110
0.57643540 0.01036290
0.57650353 0.01036471
0.57657165 0.01036651
0.57663978 0.01036832
0.57670791 0.01037012
0.57677603 0.01037192
0.57684416 0.01037372
0.57691229 0.01037552
0.57698041 0.01037732
0.57704854 0.01037912
0.57711666 0.01038092
0.57718479 0.01038271
0.57725291 0.01038451
0.57732104 0.01038630
0.57738916 0.01038810
0.57745728 0.01038989
0.57752541 0.01039168
0.57759353 0.01039347
0.57766165 0.01039526
0.57772977 0.01039705
0.57779790 0.01039884
0.57786602 0.01040062
0.57793414 0.01040241
0.57800226 0.01040419
0.57807038 0.01040597
0.57813850 0.01040776
0.57820662 0.01040954
0.57827474 0.01041132
0.57834286 0.01041310
0.57841098 0.01041488
0.57847910 0.01041665
0.57854722 0.01041843
0.57861533 0.01042021
0.57868345 0.01042198
0.57875157 0.01042375
0.57881969 0.01042553
0.57888780 0.01042730
0.57895592 0.01042907
0.57902403 0.01043084
0.57909215 0.01043261
0.57916027 0.01043438
0.57922838 0.01043614
0.57929650 0.01043791
0.57936461 0.01043967
0.57943272 0.01044144
0.57950084 0.01044320
0.57956895 0.01044496
0.57963706 0.01044672
0.57970518 0.01044848
0.57977329 0.01045024
0.57984140 0.01045200
0.57990951 0.01045376
0.57997762 0.01045551
0.58004573 0.01045727
0.58011384 0.01045902
0.58018195 0.01046078
0.58025006 0.01046253
0.58031817 0.01046428
0.58038628 0.01046603
0.58045439 0.01046778
0.58052250 0.01046953
0.58059061 0.01047127
0.58065872 0.01047302
0.58072682 0.01047477
0.58079493 0.01047651
0.58086304 0.01047825
0.58093114 0.01047999
0.58099925 0.01048174
0.58106735 0.01048348
0.58113546 0.01048522
0.58120356 0.01048695
0.58127167 0.01048869
0.58133977 0.01049043
0.58140788 0.01049216
0.58147598 0.01049390
0.58154408 0.01049563
0.58161219 0.01049736
0.58168029 0.01049910
0.58174839 0.01050083
0.58181649 0.01050256
0.58188459 0.01050428
0.58195269 0.01050601
0.58202079 0.01050774
0.58208889 0.01050946
0.58215699 0.01051119
0.58222509 0.01051291
0.58229319 0.01051464
0.58236129 0.01051636
0.58242939 0.01051808
0.58249749 0.01051980
0.58256558 0.01052152
0.58263368 0.01052323
0.58270178 0.01052495
0.58276987 0.01052667
0.58283797 0.01052838
0.58290606 0.01053009
0.58297416 0.01053181
0.58304225 0.01053352
0.58311035 0.01053523
0.58317844 0.01053694
0.58324653 0.01053865
0.58331463 0.01054036
0.58338272 0.01054206
0.58345081 0.01054377
0.58351890 0.01054547
0.58358699 0.01054718
0.58365509 0.01054888
0.58372318 0.01055058
0.58379127 0.01055228
0.58385936 0.01055398
0.58392745 0.01055568
0.58399553 0.01055738
0.58406362 0.01055908
0.58413171 0.01056078
0.58419980 0.01056247
0.58426789 0.01056416
0.58433597 0.01056586
0.58440406 0.01056755
0.58447215 0.01056924
0.58454023 0.01057093
0.58460832 0.01057262
0.58467640 0.01057431
0.58474449 0.01057600
0.58481257 0.01057768
0.58488065 0.01057937
0.58494874 0.01058105
0.58501682 0.01058273
0.58508490 0.01058442
0.58515298 0.01058610
0.58522106 0.01058778
0.58528915 0.01058946
0.58535723 0.01059114
0.58542531 0.01059281
0.58549339 0.01059449
0.58556147 0.01059616
0.58562954 0.01059784
0.58569762 0.01059951
0.58576570 0.01060118
0.58583378 0.01060286
0.58590186 0.01060453
0.58596993 0.01060620
0.58603801 0.01060786
0.58610608 0.01060953
0.58617416 0.01061120
0.58624224 0.01061286
0.58631031 0.01061453
0.58637838 0.01061619
0.58644646 0.01061785
0.58651453 0.01061951
0.58658260 0.01062118
0.58665068 0.01062283
0.58671875 0.01062449
0.58678682 0.01062615
0.58685489 0.01062781
0.58692296 0.01062946
0.58699103 0.01063112
0.58705910 0.01063277
0.58712717 0.01063442
0.58719524 0.01063607
0.58726331 0.01063773
0.58733137 0.01063937
0.58739944 0.01064102
0.58746751 0.01064267
0.58753558 0.01064432
0.58760364 0.01064596
0.58767171 0.01064761
0.58773977 0.01064925
0.58780784 0.01065089
0.58787590 0.01065254
0.58794396 0.01065418
0.58801203 0.01065582
0.58808009 0.01065745
0.58814815 0.01065909
0.58821622 0.01066073
0.58828428 0.01066236
0.58835234 0.01066400
0.58842040 0.01066563
0.58848846 0.01066727
0.58855652 0.01066890
0.58862458 0.01067053
0.58869263 0.01067216
0.58876069 0.01067379
0.58882875 0.01067541
0.58889681 0.01067704
0.58896486 0.01067867
0.58903292 0.01068029
0.58910098 0.01068191
0.58916903 0.01068354
0.58923709 0.01068516
0.58930514 0.01068678
0.58937319 0.01068840
0.58944125 0.01069002
0.58950930 0.01069164
0.58957735 0.01069325
0.58964540 0.01069487
0.58971346 0.01069648
0.58978151 0.01069810
0.58984956 0.01069971
0.58991761 0.01070132
0.58998566 0.01070293
0.59005371 0.01070454
0.59012175 0.01070615
0.59018980 0.01070776
0.59025785 0.01070936
0.59032590 0.01071097
0.59039394 0.01071257
0.59046199 0.01071418
0.59053003 0.01071578
0.59059808 0.01071738
0.59066612 0.01071898
0.59073417 0.01072058
0.59080221 0.01072218
0.59087025 0.01072378
0.59093830 0.01072538
0.59100634 0.01072697
0.59107438 0.01072857
0.59114242 0.01073016
0.59121046 0.01073175
0.59127850 0.01073335
0.59134654 0.01073494
0.59141458 0.01073653
0.59148262 0.01073811
0.59155065 0.01073970
0.59161869 0.01074129
0.59168673 0.01074288
0.59175476 0.01074446
0.59182280 0.01074604
0.59189083 0.01074763
0.59195887 0.01074921
0.59202690 0.01075079
0.59209494 0.01075237
0.59216297 0.01075395
0.59223100 0.01075552
0.59229903 0.01075710
0.59236707 0.01075868
0.59243510 0.01076025
0.59250313 0.01076183
0.59257116 0.01076340
0.59263919 0.01076497
0.59270722 0.01076654
0.59277524 0.01076811
0.59284327 0.01076968
0.59291130 0.01077125
0.59297933 0.01077281
0.59304735 0.01077438
0.59311538 0.01077594
0.59318340 0.01077751
0.59325143 0.01077907
0.59331945 0.01078063
0.59338748 0.01078219
0.59345550 0.01078375
0.59352352 0.01078531
0.59359154 0.01078687
0.59365956 0.01078843
0.59372758 0.01078998
0.59379560 0.01079154
0.59386362 0.01079309
0.59393164 0.01079464
0.59399966 0.01079619
0.59406768 0.01079775
0.59413570 0.01079929
0.59420371 0.01080084
0.59427173 0.01080239
0.59433975 0.01080394
0.59440776 0.01080548
0.59447578 0.01080703
0.59454379 0.01080857
0.59461180 0.01081011
0.59467982 0.01081166
0.59474783 0.01081320
0.59481584 0.01081474
0.59488385 0.01081627
0.59495186 0.01081781
0.59501987 0.01081935
0.59508788 0.01082088
0.59515589 0.01082242
0.59522390 0.01082395
0.59529191 0.01082549
0.59535992 0.01082702
0.59542792 0.01082855
0.59549593 0.01083008
0.59556394 0.01083161
0.59563194 0.01083313
0.59569995 0.01083466
0.59576795 0.01083618
0.59583595 0.01083771
0.59590396 0.01083923
0.59597196 0.01084076
0.59603996 0.01084228
0.59610796 0.01084380
0.59617596 0.01084532
0.59624396 0.01084684
0.59631196 0.01084835
0.59637996 0.01084987
0.59644796 0.01085138
0.59651595 0.01085290
0.59658395 0.01085441
0.59665195 0.01085592
0.59671994 0.01085744
0.59678794 0.01085895
0.59685593 0.01086046
0.59692393 0.01086196
0.59699192 0.01086347
0.59705991 0.01086498
0.59712791 0.01086648
0.59719590 0.01086799
0.59726389 0.01086949
0.59733188 0.01087099
0.59739987 0.01087249
0.59746786 0.01087400
0.59753585 0.01087549
0.59760383 0.01087699
0.59767182 0.01087849
0.59773981 0.01087999
0.59780779 0.01088148
0.59787578 0.01088298
0.59794377 0.01088447
0.59801175 0.01088596
0.59807973 0.01088745
0.59814772 0.01088894
0.59821570 0.01089043
0.59828368 0.01089192
0.59835166 0.01089341
0.59841964 0.01089489
0.59848762 0.01089638
0.59855560 0.01089786
0.59862358 0.01089935
0.59869156 0.01090083
0.59875954 0.01090231
0.59882751 0.01090379
0.59889549 0.01090527
0.59896347 0.01090675
0.59903144 0.01090822
0.59909942 0.01090970
0.59916739 0.01091117
0.59923536 0.01091265
0.59930334 0.01091412
0.59937131 0.01091559
0.59943928 0.01091706
0.59950725 0.01091853
0.59957522 0.01092000
0.59964319 0.01092147
0.59971116 0.01092294
0.59977913 0.01092440
0.59984710 0.01092587
0.59991506 0.01092733
0.59998303 0.01092880
0.60005099 0.01093026
0.60011896 0.01093172
0.60018692 0.01093318
0.60025489 0.01093464
0.60032285 0.01093609
0.60039081 0.01093755
0.60045877 0.01093901
0.60052674 0.01094046
0.60059470 0.01094192
0.60066266 0.01094337
0.60073062 0.01094482
0.60079857 0.01094627
0.60086653 0.01094772
0.60093449 0.01094917
0.60100245 0.01095062
0.60107040 0.01095206
0.60113836 0.01095351
0.60120631 0.01095495
0.60127427 0.01095640
0.60134222 0.01095784
0.60141017 0.01095928
0.60147812 0.01096072
0.60154608 0.01096216
0.60161403 0.01096360
0.60168198 0.01096504
0.60174993 0.01096647
0.60181788 0.01096791
0.60188582 0.01096934
0.60195377 0.01097078
0.60202172 0.01097221
0.60208966 0.01097364
0.60215761 0.01097507
0.60222555 0.01097650
0.60229350 0.01097793
0.60236144 0.01097936
0.60242938 0.01098078
0.60249733 0.01098221
0.60256527 0.01098363
0.60263321 0.01098506
0.60270115 0.01098648
0.60276909 0.01098790
0.60283703 0.01098932
0.60290496 0.01099074
0.60297290 0.01099216
0.60304084 0.01099357
0.60310877 0.01099499
0.60317671 0.01099640
0.60324464 0.01099782
0.60331258 0.01099923
0.60338051 0.01100064
0.60344844 0.01100205
0.60351638 0.01100346
0.60358431 0.01100487
0.60365224 0.01100628
0.60372017 0.01100769
0.60378810 0.01100909
0.60385603 0.01101050
0.60392395 0.01101190
0.60399188 0.01101331
0.60405981 0.01101471
0.60412773 0.01101611
0.60419566 0.01101751
0.60426358 0.01101891
0.60433151 0.01102031
0.60439943 0.01102170
0.60446735 0.01102310
0.60453527 0.01102449
0.60460319 0.01102589
0.60467111 0.01102728
0.60473903 0.01102867
0.60480695 0.01103006
0.60487487 0.01103145
0.60494279 0.01103284
0.60501070 0.01103423
0.60507862 0.01103561
0.60514653 0.01103700
0.60521445 0.01103838
0.60528236 0.01103977
0.60535027 0.01104115
0.60541819 0.01104253
0.60548610 0.01104391
0.60555401 0.01104529
0.60562192 0.01104667
0.60568983 0.01104805
0.60575774 0.01104942
0.60582564 0.01105080
0.60589355 0.01105217
0.60596146 0.01105355
0.60602936 0.01105492
0.60609727 0.01105629
0.60616517 0.01105766
0.60623308 0.01105903
0.60630098 0.01106040
0.60636888 0.01106176
0.60643678 0.01106313
0.60650468 0.01106449
0.60657258 0.01106586
0.60664048 0.01106722
0.60670838 0.01106858
0.60677628 0.01106994
0.60684418 0.01107130
0.60691207 0.01107266
0.60697997 0.01107402
0.60704786 0.01107538
0.60711576 0.01107673
0.60718365 0.01107809
0.60725154 0.01107944
0.60731943 0.01108080
0.60738733 0.01108215
0.60745522 0.01108350
0.60752311 0.01108485
0.60759099 0.01108620
0.60765888 0.01108754
0.60772677 0.01108889
0.60779466 0.01109024
0.60786254 0.01109158
0.60793043 0.01109292
0.60799831 0.01109427
0.60806620 0.01109561
0.60813408 0.01109695
0.60820196 0.01109829
0.60826984 0.01109963
0.60833772 0.01110096
0.60840560 0.01110230
0.60847348 0.01110364
0.60854136 0.01110497
0.60860924 0.01110630
0.60867711 0.01110764
0.60874499 0.01110897
0.60881287 0.01111030
0.60888074 0.01111163
0.60894861 0.01111296
0.60901649 0.01111428
0.60908436 0.01111561
0.60915223 0.01111693
0.60922010 0.01111826
0.60928797 0.01111958
0.60935584 0.01112090
0.60942371 0.01112222
0.60949158 0.01112354
0.60955944 0.01112486
0.60962731 0.01112618
0.60969517 0.01112750
0.60976304 0.01112881
0.60983090 0.01113013
0.60989876 0.01113144
0.60996663 0.01113275
0.61003449 0.01113407
0.61010235 0.01113538
0.61017021 0.01113669
0.61023807 0.01113800
0.61030593 0.01113930
0.61037378 0.01114061
0.61044164 0.01114192
0.61050950 0.01114322
0.61057735 0.01114452
0.61064520 0.01114583
0.61071306 0.01114713
0.61078091 0.01114843
0.61084876 0.01114973
0.61091661 0.01115103
0.61098446 0.01115232
0.61105231 0.01115362
0.61112016 0.01115491
0.61118801 0.01115621
0.61125586 0.01115750
0.61132370 0.01115879
0.61139155 0.01116009
0.61145939 0.01116138
0.61152724 0.01116266
0.61159508 0.01116395
0.61166292 0.01116524
0.61173076 0.01116653
0.61179860 0.01116781
0.61186644 0.01116909
0.61193428 0.01117038
0.61200212 0.01117166
0.61206996 0.01117294
0.61213780 0.01117422
0.61220563 0.01117550
0.61227347 0.01117678
0.61234130 0.01117805
0.61240913 0.01117933
0.61247697 0.01118060
0.61254480 0.01118188
0.61261263 0.01118315
0.61268046 0.01118442
0.61274829 0.01118569
0.61281612 0.01118696
0.61288394 0.01118823
0.61295177 0.01118950
0.61301960 0.01119076
0.61308742 0.01119203
0.61315525 0.01119329
0.61322307 0.01119456
0.61329089 0.01119582
0.61335872 0.01119708
0.61342654 0.01119834
0.61349436 0.01119960
0.61356218 0.01120086
0.61362999 0.01120212
0.61369781 0.01120337
0.61376563 0.01120463
0.61383344 0.01120588
0.61390126 0.01120713
0.61396907 0.01120839
0.61403689 0.01120964
0.61410470 0.01121089
0.61417251 0.01121214
0.61424032 0.01121338
0.61430813 0.01121463
0.61437594 0.01121588
0.61444375 0.01121712
0.61451156 0.01121836
0.61457936 0.01121961
0.61464717 0.01122085
0.61471498 0.01122209
0.61478278 0.01122333
0.61485058 0.01122457
0.61491839 0.01122581
0.61498619 0.01122704
0.61505399 0.01122828
0.61512179 0.01122951
0.61518959 0.01123075
0.61525739 0.01123198
0.61532518 0.01123321
0.61539298 0.01123444
0.61546077 0.01123567
0.61552857 0.01123690
0.61559636 0.01123812
0.61566416 0.01123935
0.61573195 0.01124058
0.61579974 0.01124180
0.61586753 0.01124302
0.61593532 0.01124424
0.61600311 0.01124547
0.61607090 0.01124669
0.61613868 0.01124790
0.61620647 0.01124912
0.61627425 0.01125034
0.61634204 0.01125155
0.61640982 0.01125277
0.61647761 0.01125398
0.61654539 0.01125520
0.61661317 0.01125641
0.61668095 0.01125762
0.61674873 0.01125883
0.61681651 0.01126004
0.61688428 0.01126124
0.61695206 0.01126245
0.61701983 0.01126366
0.61708761 0.01126486
0.61715538 0.01126606
0.61722316 0.01126727
0.61729093 0.01126847
0.61735870 0.01126967
0.61742647 0.01127087
0.61749424 0.01127206
0.61756201 0.01127326
0.61762977 0.01127446
0.61769754 0.01127565
0.61776531 0.01127685
0.61783307 0.01127804
0.61790084 0.01127923
0.61796860 0.01128042
0.61803636 0.01128161
0.61810412 0.01128280
0.61817188 0.01128399
0.61823964 0.01128518
0.61830740 0.01128636
0.61837516 0.01128755
0.61844292 0.01128873
0.61851067 0.01128991
0.61857843 0.01129109
0.61864618 0.01129228
0.61871393 0.01129345
0.61878169 0.01129463
0.61884944 0.01129581
0.61891719 0.01129699
0.61898494 0.01129816
0.61905269 0.01129934
0.61912043 0.01130051
0.61918818 0.01130168
0.61925593 0.01130285
0.61932367 0.01130402
0.61939142 0.01130519
0.61945916 0.01130636
0.61952690 0.01130753
0.61959464 0.01130869
0.61966238 0.01130986
0.61973012 0.01131102
0.61979786 0.01131219
0.61986560 0.01131335
0.61993333 0.01131451
0.62000107 0.01131567
0.62006881 0.01131683
0.62013654 0.01131798
0.62020427 0.01131914
0.62027200 0.01132030
0.62033974 0.01132145
0.62040747 0.01132260
0.62047519 0.01132376
0.62054292 0.01132491
0.62061065 0.01132606
0.62067838 0.01132721
0.62074610 0.01132836
0.62081383 0.01132950
0.62088155 0.01133065
0.62094927 0.01133180
0.62101699 0.01133294
0.62108472 0.01133408
0.62115244 0.01133522
0.62122015 0.01133637
0.62128787 0.01133751
0.62135559 0.01133864
0.62142331 0.01133978
0.62149102 0.01134092
0.62155873 0.01134206
0.62162645 0.01134319
0.62169416 0.01134432
0.62176187 0.01134546
0.62182958 0.01134659
0.62189729 0.01134772
0.62196500 0.01134885
0.62203271 0.01134998
0.62210041 0.01135110
0.62216812 0.01135223
0.62223582 0.01135336
0.62230353 0.01135448
0.62237123 0.01135560
0.62243893 0.01135673
0.62250663 0.01135785
0.62257433 0.01135897
0.62264203 0.01136009
0.62270973 0.01136121
0.62277743 0.01136232
0.62284512 0.01136344
0.62291282 0.01136455
0.62298051 0.01136567
0.62304820 0.01136678
0.62311590 0.01136789
0.62318359 0.01136900
0.62325128 0.01137011
0.62331897 0.01137122
0.62338666 0.01137233
0.62345434 0.01137344
0.62352203 0.01137454
0.62358971 0.01137565
0.62365740 0.01137675
0.62372508 0.01137785
0.62379276 0.01137895
0.62386045 0.01138005
0.62392813 0.01138115
0.62399581 0.01138225
0.62406348 0.01138335
0.62413116 0.01138445
0.62419884 0.01138554
0.62426651 0.01138663
0.62433419 0.01138773
0.62440186 0.01138882
0.62446953 0.01138991
0.62453720 0.01139100
0.62460488 0.01139209
0.62467254 0.01139318
0.62474021 0.01139426
0.62480788 0.01139535
0.62487555 0.01139644
0.62494321 0.01139752
0.62501088 0.01139860
0.62507854 0.01139968
0.62514620 0.01140076
0.62521386 0.01140184
0.62528153 0.01140292
0.62534918 0.01140400
0.62541684 0.01140508
0.62548450 0.01140615
0.62555216 0.01140723
0.62561981 0.01140830
0.62568747 0.01140937
0.62575512 0.01141044
0.62582277 0.01141151
0.62589042 0.01141258
0.62595807 0.01141365
0.62602572 0.01141472
0.62609337 0.01141578
0.62616102 0.01141685
0.62622867 0.01141791
0.62629631 0.01141897
0.62636396 0.01142004
0.62643160 0.01142110
0.62649924 0.01142216
0.62656688 0.01142321
0.62663452 0.01142427
0.62670216 0.01142533
0.62676980 0.01142638
0.62683744 0.01142744
0.62690507 0.01142849
0.62697271 0.01142954
0.62704034 0.01143060
0.62710798 0.01143165
0.62717561 0.01143270
0.62724324 0.01143374
0.62731087 0.01143479
0.62737850 0.01143584
0.62744613 0.01143688
0.62751375 0.01143793
0.62758138 0.01143897
0.62764900 0.01144001
0.62771663 0.01144105
0.62778425 0.01144209
0.62785187 0.01144313
0.62791949 0.01144417
0.62798711 0.01144520
0.62805473 0.01144624
0.62812235 0.01144727
0.62818996 0.01144831
0.62825758 0.01144934
0.62832519 0.01145037
0.62839281 0.01145140
0.62846042 0.01145243
0.62852803 0.01145346
0.62859564 0.01145449
0.62866325 0.01145551
0.62873086 0.01145654
0.62879846 0.01145756
0.62886607 0.01145859
0.62893368 0.01145961
0.62900128 0.01146063
0.62906888 0.01146165
0.62913648 0.01146267
0.62920408 0.01146368
0.62927168 0.01146470
0.62933928 0.01146572
0.62940688 0.01146673
0.62947448 0.01146775
0.62954207 0.01146876
0.62960967 0.01146977
0.62967726 0.01147078
0.62974485 0.01147179
0.62981244 0.01147280
0.62988003 0.01147380
0.62994762 0.01147481
0.63001521 0.01147582
0.63008280 0.01147682
0.63015038 0.01147782
0.63021797 0.01147883
0.63028555 0.01147983
0.63035313 0.01148083
0.63042071 0.01148183
0.63048829 0.01148282
0.63055587 0.01148382
0.63062345 0.01148482
0.63069103 0.01148581
0.63075860 0.01148680
0.63082618 0.01148780
0.63089375 0.01148879
0.63096133 0.01148978
0.63102890 0.01149077
0.63109647 0.01149176
0.63116404 0.01149274
0.63123161 0.01149373
0.63129917 0.01149472
0.63136674 0.01149570
0.63143431 0.01149668
0.63150187 0.01149767
0.63156943 0.01149865
0.63163699 0.01149963
0.63170455 0.01150061
0.63177211 0.01150158
0.63183967 0.01150256
0.63190723 0.01150354
0.63197479 0.01150451
0.63204234 0.01150548
0.63210990 0.01150646
0.63217745 0.01150743
0.63224500 0.01150840
0.63231255 0.01150937
0.63238010 0.01151034
0.63244765 0.01151131
0.63251520 0.01151227
0.63258274 0.01151324
0.63265029 0.01151420
0.63271783 0.01151516
0.63278538 0.01151613
0.63285292 0.01151709
0.63292046 0.01151805
0.63298800 0.01151901
0.63305554 0.01151996
0.63312308 0.01152092
0.63319061 0.01152188
0.63325815 0.01152283
0.63332568 0.01152379
0.63339321 0.01152474
0.63346075 0.01152569
0.63352828 0.01152664
0.63359581 0.01152759
0.63366334 0.01152854
0.63373086 0.01152949
0.63379839 0.01153043
0.63386591 0.01153138
0.63393344 0.01153232
0.63400096 0.01153327
0.63406848 0.01153421
0.63413600 0.01153515
0.63420352 0.01153609
0.63427104 0.01153703
0.63433856 0.01153797
0.63440608 0.01153890
0.63447359 0.01153984
0.63454110 0.01154077
0.63460862 0.01154171
0.63467613 0.01154264
0.63474364 0.01154357
0.63481115 0.01154450
0.63487866 0.01154543
0.63494616 0.01154636
0.63501367 0.01154729
0.63508117 0.01154821
0.63514868 0.01154914
0.63521618 0.01155006
0.63528368 0.01155099
0.63535118 0.01155191
0.63541868 0.01155283
0.63548618 0.01155375
0.63555367 0.01155467
0.63562117 0.01155559
0.63568866 0.01155650
0.63575616 0.01155742
0.63582365 0.01155834
0.63589114 0.01155925
0.63595863 0.01156016
0.63602612 0.01156107
0.63609361 0.01156198
0.63616109 0.01156289
0.63622858 0.01156380
0.63629606 0.01156471
0.63636354 0.01156562
0.63643103 0.01156652
0.63649851 0.01156743
0.63656599 0.01156833
0.63663346 0.01156923
0.63670094 0.01157013
0.63676842 0.01157103
0.63683589 0.01157193
0.63690336 0.01157283
0.63697084 0.01157373
0.63703831 0.01157462
0.63710578 0.01157552
0.63717325 0.01157641
0.63724071 0.01157730
0.63730818 0.01157820
0.63737565 0.01157909
0.63744311 0.01157998
0.63751057 0.01158086
0.63757803 0.01158175
0.63764549 0.01158264
0.63771295 0.01158352
0.63778041 0.01158441
0.63784787 0.01158529
0.63791532 0.01158617
0.63798278 0.01158705
0.63805023 0.01158793
0.63811768 0.01158881
0.63818513 0.01158969
0.63825258 0.01159057
0.63832003 0.01159144
0.63838748 0.01159232
0.63845493 0.01159319
0.63852237 0.01159406
0.63858982 0.01159494
0.63865726 0.01159581
0.63872470 0.01159668
0.63879214 0.01159754
0.63885958 0.01159841
0.63892702 0.01159928
0.63899445 0.01160014
0.63906189 0.01160101
0.63912932 0.01160187
0.63919676 0.01160273
0.63926419 0.01160359
0.63933162 0.01160445
0.63939905 0.01160531
0.63946648 0.01160617
0.63953390 0.01160703
0.63960133 0.01160788
0.63966875 0.01160874
0.63973618 0.01160959
0.63980360 0.01161044
0.63987102 0.01161130
0.63993844 0.01161215
0.64000586 0.01161300
0.64007327 0.01161384
0.64014069 0.01161469
0.64020811 0.01161554
0.64027552 0.01161638
0.64034293 0.01161723
0.64041034 0.01161807
0.64047775 0.01161891
0.64054516 0.01161975
0.64061257 0.01162059
0.64067997 0.01162143
0.64074738 0.01162227
0.64081478 0.01162311
0.64088219 0.01162394
0.64094959 0.01162478
0.64101699 0.01162561
0.64108439 0.01162644
0.64115178 0.01162728
0.64121918 0.01162811
0.64128657 0.01162894
0.64135397 0.01162976
0.64142136 0.01163059
0.64148875 0.01163142
0.64155614 0.01163224
0.64162353 0.01163307
0.64169092 0.01163389
0.64175831 0.01163471
0.64182569 0.01163553
0.64189308 0.01163635
0.64196046 0.01163717
0.64202784 0.01163799
0.64209522 0.01163881
0.64216260 0.01163962
0.64222998 0.01164044
0.64229735 0.01164125
0.64236473 0.01164206
0.64243210 0.01164287
0.64249947 0.01164368
0.64256685 0.01164449
0.64263422 0.01164530
0.64270159 0.01164611
0.64276895 0.01164691
0.64283632 0.01164772
0.64290368 0.01164852
0.64297105 0.01164933
0.64303841 0.01165013
0.64310577 0.01165093
0.64317313 0.01165173
0.64324049 0.01165253
0.64330785 0.01165333
0.64337521 0.01165412
0.64344256 0.01165492
0.64350991 0.01165571
0.64357727 0.01165651
0.64364462 0.01165730
0.64371197 0.01165809
0.64377932 0.01165888
0.64384666 0.01165967
0.64391401 0.01166046
0.64398136 0.01166124
0.64404870 0.01166203
0.64411604 0.01166282
0.64418338 0.01166360
0.64425072 0.01166438
0.64431806 0.01166516
0.64438540 0.01166594
0.64445273 0.01166672
0.64452007 0.01166750
0.64458740 0.01166828
0.64465473 0.01166906
0.64472206 0.01166983
0.64478939 0.01167061
0.64485672 0.01167138
0.64492405 0.01167215
0.64499138 0.01167292
0.64505870 0.01167369
0.64512602 0.01167446
0.64519334 0.01167523
0.64526066 0.01167600
0.64532798 0.01167676
0.64539530 0.01167753
0.64546262 0.01167829
0.64552993 0.01167906
0.64559725 0.01167982
0.64566456 0.01168058
0.64573187 0.01168134
0.64579918 0.01168210
0.64586649 0.01168285
0.64593380 0.01168361
0.64600110 0.01168436
0.64606841 0.01168512
0.64613571 0.01168587
0.64620302 0.01168662
0.64627032 0.01168738
0.64633762 0.01168813
0.64640491 0.01168887
0.64647221 0.01168962
0.64653951 0.01169037
0.64660680 0.01169112
0.64667409 0.01169186
0.64674139 0.01169260
0.64680868 0.01169335
0.64687597 0.01169409
0.64694325 0.01169483
0.64701054 0.01169557
0.64707782 0.01169631
0.64714511 0.01169704
0.64721239 0.01169778
0.64727967 0.01169852
0.64734695 0.01169925
0.64741423 0.01169998
0.64748151 0.01170071
0.64754878 0.01170145
0.64761606 0.01170218
0.64768333 0.01170290
0.64775060 0.01170363
0.64781787 0.01170436
0.64788514 0.01170508
0.64795241 0.01170581
0.64801968 0.01170653
0.64808694 0.01170726
0.64815421 0.01170798
0.64822147 0.01170870
0.64828873 0.01170942
0.64835599 0.01171013
0.64842325 0.01171085
0.64849051 0.01171157
0.64855776 0.01171228
0.64862502 0.01171300
0.64869227 0.01171371
0.64875952 0.01171442
0.64882677 0.01171513
0.64889402 0.01171584
0.64896127 0.01171655
0.64902852 0.01171726
0.64909576 0.01171797
0.64916300 0.01171867
0.64923025 0.01171938
0.64929749 0.01172008
0.64936473 0.01172078
0.64943197 0.01172148
0.64949920 0.01172218
0.64956644 0.01172288
0.64963367 0.01172358
0.64970091 0.01172428
0.64976814 0.01172497
0.64983537 0.01172567
0.64990260 0.01172636
0.64996982 0.01172706
0.65003705 0.01172775
0.65010427 0.01172844
0.65017150 0.01172913
0.65023872 0.01172982
0.65030594 0.01173050
0.65037316 0.01173119
0.65044038 0.01173188
0.65050759 0.01173256
0.65057481 0.01173324
0.65064202 0.01173393
0.65070924 0.01173461
0.65077645 0.01173529
0.65084366 0.01173597
0.65091086 0.01173664
0.65097807 0.01173732
0.65104528 0.01173800
0.65111248 0.01173867
0.65117968 0.01173935
0.65124689 0.01174002
0.65131409 0.01174069
0.65138128 0.01174136
0.65144848 0.01174203
0.65151568 0.01174270
0.65158287 0.01174337
0.65165006 0.01174403
0.65171726 0.01174470
0.65178445 0.01174536
0.65185164 0.01174602
0.65191882 0.01174669
0.65198601 0.01174735
0.65205319 0.01174801
0.65212038 0.01174867
0.65218756 0.01174932
0.65225474 0.01174998
0.65232192 0.01175064
0.65238910 0.01175129
0.65245627 0.01175194
0.65252345 0.01175260
0.65259062 0.01175325
0.65265779 0.01175390
0.65272496 0.01175455
0.65279213 0.01175520
0.65285930 0.01175584
0.65292647 0.01175649
0.65299363 0.01175714
0.65306080 0.01175778
0.65312796 0.01175842
0.65319512 0.01175906
0.65326228 0.01175971
0.65332944 0.01176035
0.65339659 0.01176098
0.65346375 0.01176162
0.65353090 0.01176226
0.65359806 0.01176289
0.65366521 0.01176353
0.65373236 0.01176416
0.65379950 0.01176479
0.65386665 0.01176543
0.65393380 0.01176606
0.65400094 0.01176668
0.65406808 0.01176731
0.65413522 0.01176794
0.65420236 0.01176857
0.65426950 0.01176919
0.65433664 0.01176981
0.65440377 0.01177044
0.65447091 0.01177106
0.65453804 0.01177168
0.65460517 0.01177230
0.65467230 0.01177292
0.65473943 0.01177354
0.65480656 0.01177415
0.65487368 0.01177477
0.65494080 0.01177538
0.65500793 0.01177600
0.65507505 0.01177661
0.65514217 0.01177722
0.65520929 0.01177783
0.65527640 0.01177844
0.65534352 0.01177905
0.65541063 0.01177965
0.65547774 0.01178026
0.65554485 0.01178086
0.65561196 0.01178147
0.65567907 0.01178207
0.65574618 0.01178267
0.65581328 0.01178327
0.65588039 0.01178387
0.65594749 0.01178447
0.65601459 0.01178507
0.65608169 0.01178566
0.65614879 0.01178626
0.65621588 0.01178685
0.65628298 0.01178745
0.65635007 0.01178804
0.65641716 0.01178863
0.65648426 0.01178922
0.65655134 0.01178981
0.65661843 0.01179039
0.65668552 0.01179098
0.65675260 0.01179157
0.65681969 0.01179215
0.65688677 0.01179274
0.65695385 0.01179332
0.65702093 0.01179390
0.65708800 0.01179448
0.65715508 0.01179506
0.65722216 0.01179564
0.65728923 0.01179621
0.65735630 0.01179679
0.65742337 0.01179737
0.65749044 0.01179794
0.65755751 0.01179851
0.65762457 0.01179908
0.65769164 0.01179965
0.65775870 0.01180022
0.65782576 0.01180079
0.65789282 0.01180136
0.65795988 0.01180193
0.65802693 0.01180249
0.65809399 0.01180306
0.65816104 0.01180362
0.65822810 0.01180418
0.65829515 0.01180474
0.65836220 0.01180530
0.65842924 0.01180586
0.65849629 0.01180642
0.65856333 0.01180698
0.65863038 0.01180753
0.65869742 0.01180809
0.65876446 0.01180864
0.65883150 0.01180920
0.65889854 0.01180975
0.65896557 0.01181030
0.65903261 0.01181085
0.65909964 0.01181140
0.65916667 0.01181194
0.65923370 0.01181249
0.65930073 0.01181303
0.65936776 0.01181358
0.65943478 0.01181412
0.65950181 0.01181466
0.65956883 0.01181521
0.65963585 0.01181575
0.65970287 0.01181628
0.65976989 0.01181682
0.65983690 0.01181736
0.65990392 0.01181789
0.65997093 0.01181843
0.66003794 0.01181896
0.66010495 0.01181950
0.66017196 0.01182003
0.66023897 0.01182056
0.66030598 0.01182109
0.66037298 0.01182161
0.66043998 0.01182214
0.66050698 0.01182267
0.66057398 0.01182319
0.66064098 0.01182372
0.66070798 0.01182424
0.66077497 0.01182476
0.66084197 0.01182528
0.66090896 0.01182580
0.66097595 0.01182632
0.66104294 0.01182684
0.66110993 0.01182736
0.66117691 0.01182787
0.66124390 0.01182839
0.66131088 0.01182890
0.66137786 0.01182941
0.66144484 0.01182992
0.66151182 0.01183043
0.66157880 0.01183094
0.66164577 0.01183145
0.66171275 0.01183196
0.66177972 0.01183246
0.66184669 0.01183297
0.66191366 0.01183347
0.66198063 0.01183397
0.66204759 0.01183448
0.66211456 0.01183498
0.66218152 0.01183548
0.66224848 0.01183598
0.66231544 0.01183647
0.66238240 0.01183697
0.66244936 0.01183746
0.66251631 0.01183796
0.66258327 0.01183845
0.66265022 0.01183894
0.66271717 0.01183944
0.66278412 0.01183993
0.66285107 0.01184041
0.66291801 0.01184090
0.66298496 0.01184139
0.66305190 0.01184187
0.66311884 0.01184236
0.66318578 0.01184284
0.66325272 0.01184333
0.66331965 0.01184381
0.66338659 0.01184429
0.66345352 0.01184477
0.66352045 0.01184525
0.66358739 0.01184572
0.66365431 0.01184620
0.66372124 0.01184667
0.66378817 0.01184715
0.66385509 0.01184762
0.66392201 0.01184809
0.66398893 0.01184856
0.66405585 0.01184903
0.66412277 0.01184950
0.66418969 0.01184997
0.66425660 0.01185044
0.66432352 0.01185090
0.66439043 0.01185137
0.66445734 0.01185183
0.66452425 0.01185229
0.66459115 0.01185275
0.66465806 0.01185321
0.66472496 0.01185367
0.66479186 0.01185413
0.66485876 0.01185459
0.66492566 0.01185504
0.66499256 0.01185550
0.66505946 0.01185595
0.66512635 0.01185641
0.66519324 0.01185686
0.66526013 0.01185731
0.66532702 0.01185776
0.66539391 0.01185821
0.66546080 0.01185865
0.66552768 0.01185910
0.66559457 0.01185955
0.66566145 0.01185999
0.66572833 0.01186043
0.66579521 0.01186088
0.66586208 0.01186132
0.66592896 0.01186176
0.66599583 0.01186220
0.66606270 0.01186263
0.66612957 0.01186307
0.66619644 0.01186351
0.66626331 0.01186394
0.66633017 0.01186438
0.66639704 0.01186481
0.66646390 0.01186524
0.66653076 0.01186567
0.66659762 0.01186610
0.66666448 0.01186653
0.66673133 0.01186696
0.66679819 0.01186738
0.66686504 0.01186781
0.66693189 0.01186823
0.66699874 0.01186865
0.66706559 0.01186908
0.66713243 0.01186950
0.66719928 0.01186992
0.66726612 0.01187034
0.66733296 0.01187075
0.66739980 0.01187117
0.66746664 0.01187159
0.66753348 0.01187200
0.66760031 0.01187241
0.66766715 0.01187283
0.66773398 0.01187324
0.66780081 0.01187365
0.66786764 0.01187406
0.66793446 0.01187447
0.66800129 0.01187487
0.66806811 0.01187528
0.66813493 0.01187568
0.66820175 0.01187609
0.66826857 0.01187649
0.66833539 0.01187689
0.66840220 0.01187729
0.66846902 0.01187769
0.66853583 0.01187809
0.66860264 0.01187849
0.66866945 0.01187889
0.66873626 0.01187928
0.66880306 0.01187968
0.66886986 0.01188007
0.66893667 0.01188046
0.66900347 0.01188085
0.66907027 0.01188124
0.66913706 0.01188163
0.66920386 0.01188202
0.66927065 0.01188241
0.66933745 0.01188279
0.66940424 0.01188318
0.66947103 0.01188356
0.66953781 0.01188394
0.66960460 0.01188433
0.66967138 0.01188471
0.66973816 0.01188509
0.66980495 0.01188546
0.66987172 0.01188584
0.66993850 0.01188622
0.67000528 0.01188659
0.67007205 0.01188697
0.67013882 0.01188734
0.67020560 0.01188771
0.67027236 0.01188808
0.67033913 0.01188845
0.67040590 0.01188882
0.67047266 0.01188919
0.67053942 0.01188956
0.67060618 0.01188992
0.67067294 0.01189029
0.67073970 0.01189065
0.67080646 0.01189101
0.67087321 0.01189138
0.67093996 0.01189174
0.67100671 0.01189209
0.67107346 0.01189245
0.67114021 0.01189281
0.67120696 0.01189317
0.67127370 0.01189352
0.67134044 0.01189388
0.67140718 0.01189423
0.67147392 0.01189458
0.67154066 0.01189493
0.67160740 0.01189528
0.67167413 0.01189563
0.67174086 0.01189598
0.67180759 0.01189632
0.67187432 0.01189667
0.67194105 0.01189701
0.67200778 0.01189736
0.67207450 0.01189770
0.67214122 0.01189804
0.67220794 0.01189838
0.67227466 0.01189872
0.67234138 0.01189906
0.67240809 0.01189940
0.67247481 0.01189973
0.67254152 0.01190007
0.67260823 0.01190040
0.67267494 0.01190073
0.67274165 0.01190106
0.67280835 0.01190140
0.67287505 0.01190173
0.67294176 0.01190205
0.67300846 0.01190238
0.67307515 0.01190271
0.67314185 0.01190303
0.67320855 0.01190336
0.67327524 0.01190368
0.67334193 0.01190400
0.67340862 0.01190432
0.67347531 0.01190464
0.67354200 0.01190496
0.67360868 0.01190528
0.67367536 0.01190560
0.67374205 0.01190591
0.67380873 0.01190623
0.67387540 0.01190654
0.67394208 0.01190685
0.67400875 0.01190717
0.67407543 0.01190748
0.67414210 0.01190779
0.67420877 0.01190809
0.67427543 0.01190840
0.67434210 0.01190871
0.67440877 0.01190901
0.67447543 0.01190932
0.67454209 0.01190962
0.67460875 0.01190992
0.67467540 0.01191022
0.67474206 0.01191052
0.67480871 0.01191082
0.67487537 0.01191112
0.67494202 0.01191142
0.67500867 0.01191171
0.67507531 0.01191201
0.67514196 0.01191230
0.67520860 0.01191259
0.67527524 0.01191288
0.67534188 0.01191317
0.67540852 0.01191346
0.67547516 0.01191375
0.67554179 0.01191404
0.67560843 0.01191432
0.67567506 0.01191461
0.67574169 0.01191489
0.67580831 0.01191518
0.67587494 0.01191546
0.67594156 0.01191574
0.67600819 0.01191602
0.67607481 0.01191630
0.67614143 0.01191657
0.67620804 0.01191685
0.67627466 0.01191713
0.67634127 0.01191740
0.67640789 0.01191767
0.67647450 0.01191795
0.67654110 0.01191822
0.67660771 0.01191849
0.67667432 0.01191876
0.67674092 0.01191903
0.67680752 0.01191929
0.67687412 0.01191956
0.67694072 0.01191982
0.67700731 0.01192009
0.67707391 0.01192035
0.67714050 0.01192061
0.67720709 0.01192087
0.67727368 0.01192113
0.67734027 0.01192139
0.67740686 0.01192165
0.67747344 0.01192190
0.67754002 0.01192216
0.67760660 0.01192241
0.67767318 0.01192267
0.67773976 0.01192292
0.67780633 0.01192317
0.67787291 0.01192342
0.67793948 0.01192367
0.67800605 0.01192392
0.67807261 0.01192416
0.67813918 0.01192441
0.67820575 0.01192465
0.67827231 0.01192490
0.67833887 0.01192514
0.67840543 0.01192538
0.67847198 0.01192562
0.67853854 0.01192586
0.67860509 0.01192610
0.67867165 0.01192634
0.67873820 0.01192657
0.67880474 0.01192681
0.67887129 0.01192704
0.67893784 0.01192728
0.67900438 0.01192751
0.67907092 0.01192774
0.67913746 0.01192797
0.67920400 0.01192820
0.67927053 0.01192843
0.67933707 0.01192865
0.67940360 0.01192888
0.67947013 0.01192910
0.67953666 0.01192933
0.67960318 0.01192955
0.67966971 0.01192977
0.67973623 0.01192999
0.67980275 0.01193021
0.67986927 0.01193043
0.67993579 0.01193064
0.68000231 0.01193086
0.68006882 0.01193108
0.68013533 0.01193129
0.68020184 0.01193150
0.68026835 0.01193171
0.68033486 0.01193192
0.68040137 0.01193213
0.68046787 0.01193234
0.68053437 0.01193255
0.68060087 0.01193276
0.68066737 0.01193296
0.68073386 0.01193317
0.68080036 0.01193337
0.68086685 0.01193357
0.68093334 0.01193377
0.68099983 0.01193397
0.68106632 0.01193417
0.68113280 0.01193437
0.68119929 0.01193457
0.68126577 0.01193476
0.68133225 0.01193496
0.68139872 0.01193515
0.68146520 0.01193535
0.68153167 0.01193554
0.68159815 0.01193573
0.68166462 0.01193592
0.68173109 0.01193611
0.68179755 0.01193629
0.68186402 0.01193648
0.68193048 0.01193667
0.68199694 0.01193685
0.68206340 0.01193703
0.68212986 0.01193722
0.68219632 0.01193740
0.68226277 0.01193758
0.68232922 0.01193776
0.68239567 0.01193793
0.68246212 0.01193811
0.68252857 0.01193829
0.68259501 0.01193846
0.68266146 0.01193863
0.68272790 0.01193881
0.68279434 0.01193898
0.68286077 0.01193915
0.68292721 0.01193932
0.68299364 0.01193949
0.68306007 0.01193965
0.68312650 0.01193982
0.68319293 0.01193999
0.68325936 0.01194015
0.68332578 0.01194031
0.68339221 0.01194048
0.68345863 0.01194064
0.68352505 0.01194080
0.68359146 0.01194096
0.68365788 0.01194111
0.68372429 0.01194127
0.68379070 0.01194143
0.68385711 0.01194158
0.68392352 0.01194173
0.68398993 0.01194189
0.68405633 0.01194204
0.68412273 0.01194219
0.68418913 0.01194234
0.68425553 0.01194249
0.68432193 0.01194263
0.68438832 0.01194278
0.68445471 0.01194293
0.68452111 0.01194307
0.68458749 0.01194321
0.68465388 0.01194335
0.68472027 0.01194350
0.68478665 0.01194363
0.68485303 0.01194377
0.68491941 0.01194391
0.68498579 0.01194405
0.68505216 0.01194418
0.68511854 0.01194432
0.68518491 0.01194445
0.68525128 0.01194458
0.68531765 0.01194472
0.68538402 0.01194485
0.68545038 0.01194498
0.68551674 0.01194510
0.68558310 0.01194523
0.68564946 0.01194536
0.68571582 0.01194548
0.68578218 0.01194561
0.68584853 0.01194573
0.68591488 0.01194585
0.68598123 0.01194597
0.68604758 0.01194609
0.68611392 0.01194621
0.68618027 0.01194633
0.68624661 0.01194644
0.68631295 0.01194656
0.68637929 0.01194667
0.68644562 0.01194679
0.68651196 0.01194690
0.68657829 0.01194701
0.68664462 0.01194712
0.68671095 0.01194723
0.68677727 0.01194734
0.68684360 0.01194745
0.68690992 0.01194755
0.68697624 0.01194766
0.68704256 0.01194776
0.68710888 0.01194786
0.68717519 0.01194797
0.68724151 0.01194807
0.68730782 0.01194817
0.68737413 0.01194826
0.68744044 0.01194836
0.68750674 0.01194846
0.68757305 0.01194855
0.68763935 0.01194865
0.68770565 0.01194874
0.68777194 0.01194883
0.68783824 0.01194893
0.68790453 0.01194902
0.68797083 0.01194910
0.68803712 0.01194919
0.68810341 0.01194928
0.68816969 0.01194937
0.68823598 0.01194945
0.68830226 0.01194953
0.68836854 0.01194962
0.68843482 0.01194970
0.68850110 0.01194978
0.68856737 0.01194986
0.68863364 0.01194994
0.68869991 0.01195002
0.68876618 0.01195009
0.68883245 0.01195017
0.68889871 0.01195024
0.68896498 0.01195031
0.68903124 0.01195039
0.68909750 0.01195046
0.68916376 0.01195053
0.68923001 0.01195060
0.68929626 0.01195067
0.68936252 0.01195073
0.68942877 0.01195080
0.68949501 0.01195086
0.68956126 0.01195093
0.68962750 0.01195099
0.68969374 0.01195105
0.68975998 0.01195111
0.68982622 0.01195117
0.68989246 0.01195123
0.68995869 0.01195129
0.69002492 0.01195134
0.69009115 0.01195140
0.69015738 0.01195145
0.69022361 0.01195151
0.69028983 0.01195156
0.69035606 0.01195161
0.69042228 0.01195166
0.69048849 0.01195171
0.69055471 0.01195176
0.69062092 0.01195180
0.69068714 0.01195185
0.69075335 0.01195190
0.69081956 0.01195194
0.69088576 0.01195198
0.69095197 0.01195202
0.69101817 0.01195206
0.69108437 0.01195210
0.69115057 0.01195214
0.69121677 0.01195218
0.69128296 0.01195222
0.69134915 0.01195225
0.69141534 0.01195229
0.69148153 0.01195232
0.69154772 0.01195235
0.69161390 0.01195238
0.69168009 0.01195241
0.69174627 0.01195244
0.69181245 0.01195247
0.69187862 0.01195250
0.69194480 0.01195252
0.69201097 0.01195255
0.69207714 0.01195257
0.69214331 0.01195259
0.69220948 0.01195261
0.69227564 0.01195263
0.69234181 0.01195265
0.69240797 0.01195267
0.69247413 0.01195269
0.69254028 0.01195271
0.69260644 0.01195272
0.69267259 0.01195274
0.69273874 0.01195275
0.69280489 0.01195276
0.69287104 0.01195277
0.69293718 0.01195278
0.69300333 0.01195279
0.69306947 0.01195280
0.69313561 0.01195281
0.69320174 0.01195281
0.69326788 0.01195282
0.69333401 0.01195282
0.69340014 0.01195282
0.69346627 0.01195282
0.69353240 0.01195283
0.69359853 0.01195283
0.69366465 0.01195282
0.69373077 0.01195282
0.69379689 0.01195282
0.69386301 0.01195281
0.69392912 0.01195281
0.69399523 0.01195280
0.69406134 0.01195279
0.69412745 0.01195278
0.69419356 0.01195277
0.69425966 0.01195276
0.69432577 0.01195275
0.69439187 0.01195274
0.69445797 0.01195272
0.69452406 0.01195271
0.69459016 0.01195269
0.69465625 0.01195267
0.69472234 0.01195266
0.69478843 0.01195264
0.69485452 0.01195262
0.69492060 0.01195259
0.69498669 0.01195257
0.69505277 0.01195255
0.69511884 0.01195252
0.69518492 0.01195250
0.69525100 0.01195247
0.69531707 0.01195244
0.69538314 0.01195241
0.69544921 0.01195238
0.69551527 0.01195235
0.69558134 0.01195232
0.69564740 0.01195229
0.69571346 0.01195225
0.69577952 0.01195222
0.69584557 0.01195218
0.69591163 0.01195215
0.69597768 0.01195211
0.69604373 0.01195207
0.69610978 0.01195203
0.69617582 0.01195199
0.69624187 0.01195194
0.69630791 0.01195190
0.69637395 0.01195185
0.69643999 0.01195181
0.69650602 0.01195176
0.69657206 0.01195171
0.69663809 0.01195167
0.69670412 0.01195162
0.69677015 0.01195157
0.69683617 0.01195151
0.69690220 0.01195146
0.69696822 0.01195141
0.69703424 0.01195135
0.69710025 0.01195129
0.69716627 0.01195124
0.69723228 0.01195118
0.69729829 0.01195112
0.69736430 0.01195106
0.69743031 0.01195100
0.69749631 0.01195094
0.69756232 0.01195087
0.69762832 0.01195081
0.69769431 0.01195074
0.69776031 0.01195067
0.69782631 0.01195061
0.69789230 0.01195054
0.69795829 0.01195047
0.69802428 0.01195040
0.69809026 0.01195033
0.69815625 0.01195025
0.69822223 0.01195018
0.69828821 0.01195010
0.69835419 0.01195003
0.69842016 0.01194995
0.69848614 0.01194987
0.69855211 0.01194979
0.69861808 0.01194971
0.69868405 0.01194963
0.69875001 0.01194955
0.69881597 0.01194947
0.69888194 0.01194938
0.69894789 0.01194930
0.69901385 0.01194921
0.69907981 0.01194912
0.69914576 0.01194903
0.69921171 0.01194894
0.69927766 0.01194885
0.69934361 0.01194876
0.69940955 0.01194867
0.69947549 0.01194857
0.69954143 0.01194848
0.69960737 0.01194838
0.69967331 0.01194828
0.69973924 0.01194819
0.69980517 0.01194809
0.69987110 0.01194799
0.69993703 0.01194789
0.70000296 0.01194778
0.70006888 0.01194768
0.70013480 0.01194758
0.70020072 0.01194747
0.70026664 0.01194736
0.70033255 0.01194726
0.70039846 0.01194715
0.70046438 0.01194704
0.70053028 0.01194693
0.70059619 0.01194682
0.70066210 0.01194670
0.70072800 0.01194659
0.70079390 0.01194647
0.70085980 0.01194636
0.70092569 0.01194624
0.70099159 0.01194612
0.70105748 0.01194600
0.70112337 0.01194588
0.70118926 0.01194576
0.70125514 0.01194564
0.70132102 0.01194552
0.70138691 0.01194539
0.70145278 0.01194527
0.70151866 0.01194514
0.70158454 0.01194501
0.70165041 0.01194488
0.70171628 0.01194476
0.70178215 0.01194462
0.70184801 0.01194449
0.70191388 0.01194436
0.70197974 0.01194423
0.70204560 0.01194409
0.70211146 0.01194396
0.70217731 0.01194382
0.70224317 0.01194368
0.70230902 0.01194354
0.70237487 0.01194340
0.70244071 0.01194326
0.70250656 0.01194312
0.70257240 0.01194298
0.70263824 0.01194283
0.70270408 0.01194269
0.70276992 0.01194254
0.70283575 0.01194239
0.70290158 0.01194224
0.70296741 0.01194210
0.70303324 0.01194194
0.70309907 0.01194179
0.70316489 0.01194164
0.70323071 0.01194149
0.70329653 0.01194133
0.70336235 0.01194118
0.70342816 0.01194102
0.70349398 0.01194086
0.70355979 0.01194070
0.70362559 0.01194054
0.70369140 0.01194038
0.70375721 0.01194022
0.70382301 0.01194006
0.70388881 0.01193989
0.70395460 0.01193973
0.70402040 0.01193956
0.70408619 0.01193940
0.70415198 0.01193923
0.70421777 0.01193906
0.70428356 0.01193889
0.70434934 0.01193872
0.70441513 0.01193854
0.70448091 0.01193837
0.70454668 0.01193820
0.70461246 0.01193802
0.70467823 0.01193784
0.70474401 0.01193767
0.70480978 0.01193749
0.70487554 0.01193731
0.70494131 0.01193713
0.70500707 0.01193695
0.70507283 0.01193676
0.70513859 0.01193658
0.70520435 0.01193639
0.70527010 0.01193621
0.70533585 0.01193602
0.70540160 0.01193583
0.70546735 0.01193564
0.70553309 0.01193545
0.70559884 0.01193526
0.70566458 0.01193507
0.70573032 0.01193488
0.70579605 0.01193468
0.70586179 0.01193449
0.70592752 0.01193429
0.70599325 0.01193409
0.70605898 0.01193390
0.70612470 0.01193370
0.70619043 0.01193350
0.70625615 0.01193329
0.70632187 0.01193309
0.70638759 0.01193289
0.70645330 0.01193268
0.70651901 0.01193248
0.70658472 0.01193227
0.70665043 0.01193206
0.70671614 0.01193185
0.70678184 0.01193164
0.70684754 0.01193143
0.70691324 0.01193122
0.70697894 0.01193101
0.70704463 0.01193079
0.70711033 0.01193058
0.70717602 0.01193036
0.70724170 0.01193015
0.70730739 0.01192993
0.70737307 0.01192971
0.70743875 0.01192949
0.70750443 0.01192927
0.70757011 0.01192904
0.70763579 0.01192882
0.70770146 0.01192860
0.70776713 0.01192837
0.70783280 0.01192814
0.70789846 0.01192792
0.70796413 0.01192769
0.70802979 0.01192746
0.70809545 0.01192723
0.70816111 0.01192700
0.70822676 0.01192676
0.70829241 0.01192653
0.70835806 0.01192629
0.70842371 0.01192606
0.70848936 0.01192582
0.70855500 0.01192558
0.70862064 0.01192534
0.70868628 0.01192510
0.70875192 0.01192486
0.70881755 0.01192462
0.70888319 0.01192438
0.70894882 0.01192413
0.70901444 0.01192389
0.70908007 0.01192364
0.70914569 0.01192339
0.70921132 0.01192315
0.70927693 0.01192290
0.70934255 0.01192265
0.70940817 0.01192239
0.70947378 0.01192214
0.70953939 0.01192189
0.70960500 0.01192163
0.70967060 0.01192138
0.70973621 0.01192112
0.70980181 0.01192086
0.70986741 0.01192061
0.70993300 0.01192035
0.70999860 0.01192008
0.71006419 0.01191982
0.71012978 0.01191956
0.71019537 0.01191930
0.71026095 0.01191903
0.71032653 0.01191876
0.71039212 0.01191850
0.71045769 0.01191823
0.71052327 0.01191796
0.71058884 0.01191769
0.71065442 0.01191742
0.71071999 0.01191715
0.71078555 0.01191687
0.71085112 0.01191660
0.71091668 0.01191632
0.71098224 0.01191605
0.71104780 0.01191577
0.71111336 0.01191549
0.71117891 0.01191521
0.71124446 0.01191493
0.71131001 0.01191465
0.71137556 0.01191437
0.71144110 0.01191408
0.71150664 0.01191380
0.71157218 0.01191351
0.71163772 0.01191323
0.71170326 0.01191294
0.71176879 0.01191265
0.71183432 0.01191236
0.71189985 0.01191207
0.71196537 0.01191178
0.71203090 0.01191148
0.71209642 0.01191119
0.71216194 0.01191090
0.71222746 0.01191060
0.71229297 0.01191030
0.71235848 0.01191000
0.71242400 0.01190970
0.71248950 0.01190940
0.71255501 0.01190910
0.71262051 0.01190880
0.71268601 0.01190850
0.71275151 0.01190819
0.71281701 0.01190789
0.71288250 0.01190758
0.71294799 0.01190727
0.71301348 0.01190697
0.71307897 0.01190666
0.71314446 0.01190635
0.71320994 0.01190603
0.71327542 0.01190572
0.71334090 0.01190541
0.71340637 0.01190509
0.71347185 0.01190478
0.71353732 0.01190446
0.71360279 0.01190414
0.71366825 0.01190382
0.71373372 0.01190350
0.71379918 0.01190318
0.71386464 0.01190286
0.71393010 0.01190254
0.71399555 0.01190221
0.71406101 0.01190189
0.71412646 0.01190156
0.71419190 0.01190124
0.71425735 0.01190091
0.71432279 0.01190058
0.71438823 0.01190025
0.71445367 0.01189992
0.71451911 0.01189959
0.71458454 0.01189925
0.71464998 0.01189892
0.71471541 0.01189858
0.71478083 0.01189825
0.71484626 0.01189791
0.71491168 0.01189757
0.71497710 0.01189723
0.71504252 0.01189689
0.71510793 0.01189655
0.71517335 0.01189621
0.71523876 0.01189586
0.71530417 0.01189552
0.71536957 0.01189517
0.71543498 0.01189482
0.71550038 0.01189448
0.71556578 0.01189413
0.71563117 0.01189378
0.71569657 0.01189343
0.71576196 0.01189308
0.71582735 0.01189272
0.71589274 0.01189237
0.71595812 0.01189201
0.71602351 0.01189166
0.71608889 0.01189130
0.71615426 0.01189094
0.71621964 0.01189058
0.71628501 0.01189022
0.71635039 0.01188986
0.71641575 0.01188950
0.71648112 0.01188914
0.71654648 0.01188877
0.71661185 0.01188841
0.71667721 0.01188804
0.71674256 0.01188767
0.71680792 0.01188731
0.71687327 0.01188694
0.71693862 0.01188657
0.71700397 0.01188619
0.71706931 0.01188582
0.71713465 0.01188545
0.71719999 0.01188507
0.71726533 0.01188470
0.71733067 0.01188432
0.71739600 0.01188394
0.71746133 0.01188357
0.71752666 0.01188319
0.71759199 0.01188281
0.71765731 0.01188242
0.71772263 0.01188204
0.71778795 0.01188166
0.71785327 0.01188127
0.71791858 0.01188089
0.71798390 0.01188050
0.71804921 0.01188011
0.71811451 0.01187972
0.71817982 0.01187933
0.71824512 0.01187894
0.71831042 0.01187855
0.71837572 0.01187816
0.71844101 0.01187776
0.71850631 0.01187737
0.71857160 0.01187697
0.71863689 0.01187657
0.71870217 0.01187618
0.71876745 0.01187578
0.71883274 0.01187538
0.71889801 0.01187498
0.71896329 0.01187457
0.71902856 0.01187417
0.71909384 0.01187377
0.71915911 0.01187336
0.71922437 0.01187295
0.71928964 0.01187255
0.71935490 0.01187214
0.71942016 0.01187173
0.71948542 0.01187132
0.71955067 0.01187091
0.71961592 0.01187049
0.71968117 0.01187008
0.71974642 0.01186967
0.71981166 0.01186925
0.71987691 0.01186883
0.71994215 0.01186842
0.72000739 0.01186800
0.72007262 0.01186758
0.72013785 0.01186716
0.72020309 0.01186673
0.72026831 0.01186631
0.72033354 0.01186589
0.72039876 0.01186546
0.72046398 0.01186504
0.72052920 0.01186461
0.72059442 0.01186418
0.72065963 0.01186375
0.72072484 0.01186332
0.72079005 0.01186289
0.72085526 0.01186246
0.72092046 0.01186203
0.72098567 0.01186159
0.72105087 0.01186116
0.72111606 0.01186072
0.72118126 0.01186028
0.72124645 0.01185985
0.72131164 0.01185941
0.72137683 0.01185897
0.72144201 0.01185853
0.72150719 0.01185808
0.72157237 0.01185764
0.72163755 0.01185720
0.72170273 0.01185675
0.72176790 0.01185630
0.72183307 0.01185586
0.72189824 0.01185541
0.72196340 0.01185496
0.72202856 0.01185451
0.72209372 0.01185406
0.72215888 0.01185360
0.72222404 0.01185315
0.72228919 0.01185270
0.72235434 0.01185224
0.72241949 0.01185178
0.72248464 0.01185133
0.72254978 0.01185087
0.72261492 0.01185041
0.72268006 0.01184995
0.72274520 0.01184949
0.72281033 0.01184902
0.72287546 0.01184856
0.72294059 0.01184809
0.72300572 0.01184763
0.72307084 0.01184716
0.72313596 0.01184669
0.72320108 0.01184623
0.72326620 0.01184576
0.72333131 0.01184528
0.72339642 0.01184481
0.72346153 0.01184434
0.72352664 0.01184387
0.72359174 0.01184339
0.72365684 0.01184291
0.72372194 0.01184244
0.72378704 0.01184196
0.72385213 0.01184148
0.72391723 0.01184100
0.72398231 0.01184052
0.72404740 0.01184004
0.72411249 0.01183955
0.72417757 0.01183907
0.72424265 0.01183858
0.72430772 0.01183810
0.72437280 0.01183761
0.72443787 0.01183712
0.72450294 0.01183663
0.72456801 0.01183614
0.72463307 0.01183565
0.72469814 0.01183516
0.72476319 0.01183467
0.72482825 0.01183417
0.72489331 0.01183368
0.72495836 0.01183318
0.72502341 0.01183268
0.72508846 0.01183218
0.72515350 0.01183169
0.72521854 0.01183118
0.72528358 0.01183068
0.72534862 0.01183018
0.72541366 0.01182968
0.72547869 0.01182917
0.72554372 0.01182867
0.72560875 0.01182816
0.72567377 0.01182765
0.72573879 0.01182714
0.72580381 0.01182663
0.72586883 0.01182612
0.72593385 0.01182561
0.72599886 0.01182510
0.72606387 0.01182459
0.72612888 0.01182407
0.72619388 0.01182356
0.72625888 0.01182304
0.72632388 0.01182252
0.72638888 0.01182200
0.72645388 0.01182148
0.72651887 0.01182096
0.72658386 0.01182044
0.72664885 0.01181992
0.72671383 0.01181939
0.72677881 0.01181887
0.72684379 0.01181834
0.72690877 0.01181781
0.72697375 0.01181729
0.72703872 0.01181676
0.72710369 0.01181623
0.72716866 0.01181570
0.72723362 0.01181517
0.72729858 0.01181463
0.72736354 0.01181410
0.72742850 0.01181356
0.72749345 0.01181303
0.72755841 0.01181249
0.72762336 0.01181195
0.72768830 0.01181141
0.72775325 0.01181087
0.72781819 0.01181033
0.72788313 0.01180979
0.72794807 0.01180925
0.72801300 0.01180870
0.72807793 0.01180816
0.72814286 0.01180761
0.72820779 0.01180706
0.72827272 0.01180651
0.72833764 0.01180597
0.72840256 0.01180542
0.72846747 0.01180486
0.72853239 0.01180431
0.72859730 0.01180376
0.72866221 0.01180320
0.72872712 0.01180265
0.72879202 0.01180209
0.72885692 0.01180154
0.72892182 0.01180098
0.72898672 0.01180042
0.72905161 0.01179986
0.72911650 0.01179930
0.72918139 0.01179873
0.72924628 0.01179817
0.72931116 0.01179761
0.72937604 0.01179704
0.72944092 0.01179647
0.72950580 0.01179591
0.72957067 0.01179534
0.72963554 0.01179477
0.72970041 0.01179420
0.72976528 0.01179363
0.72983014 0.01179305
0.72989500 0.01179248
0.72995986 0.01179191
0.73002472 0.01179133
0.73008957 0.01179075
0.73015442 0.01179018
0.73021927 0.01178960
0.73028412 0.01178902
0.73034896 0.01178844
0.73041380 0.01178785
0.73047864 0.01178727
0.73054347 0.01178669
0.73060831 0.01178610
0.73067314 0.01178552
0.73073796 0.01178493
0.73080279 0.01178434
0.73086761 0.01178375
0.73093243 0.01178317
0.73099725 0.01178257
0.73106206 0.01178198
0.73112688 0.01178139
0.73119169 0.01178080
0.73125649 0.01178020
0.73132130 0.01177961
0.73138610 0.01177901
0.73145090 0.01177841
0.73151570 0.01177781
0.73158049 0.01177721
0.73164528 0.01177661
0.73171007 0.01177601
0.73177486 0.01177541
0.73183964 0.01177480
0.73190442 0.01177420
0.73196920 0.01177359
0.73203398 0.01177299
0.73209875 0.01177238
0.73216352 0.01177177
0.73222829 0.01177116
0.73229305 0.01177055
0.73235782 0.01176994
0.73242258 0.01176932
0.73248734 0.01176871
0.73255209 0.01176809
0.73261684 0.01176748
0.73268159 0.01176686
0.73274634 0.01176624
0.73281109 0.01176562
0.73287583 0.01176500
0.73294057 0.01176438
0.73300531 0.01176376
0.73307004 0.01176314
0.73313477 0.01176251
0.73319950 0.01176189
0.73326423 0.01176126
0.73332895 0.01176064
0.73339368 0.01176001
0.73345839 0.01175938
0.73352311 0.01175875
0.73358782 0.01175812
0.73365254 0.01175749
0.73371724 0.01175685
0.73378195 0.01175622
0.73384665 0.01175558
0.73391135 0.01175495
0.73397605 0.01175431
0.73404075 0.01175367
0.73410544 0.01175303
0.73417013 0.01175239
0.73423482 0.01175175
0.73429950 0.01175111
0.73436418 0.01175047
0.73442886 0.01174982
0.73449354 0.01174918
0.73455822 0.01174853
0.73462289 0.01174788
0.73468756 0.01174724
0.73475222 0.01174659
0.73481689 0.01174594
0.73488155 0.01174529
0.73494621 0.01174463
0.73501086 0.01174398
0.73507552 0.01174333
0.73514017 0.01174267
0.73520482 0.01174202
0.73526946 0.01174136
0.73533410 0.01174070
0.73539874 0.01174004
0.73546338 0.01173938
0.73552802 0.01173872
0.73559265 0.01173806
0.73565728 0.01173739
0.73572191 0.01173673
0.73578653 0.01173607
0.73585115 0.01173540
0.73591577 0.01173473
0.73598039 0.01173406
0.73604500 0.01173339
0.73610961 0.01173272
0.73617422 0.01173205
0.73623883 0.01173138
0.73630343 0.01173071
0.73636803 0.01173003
0.73643263 0.01172936
0.73649722 0.01172868
0.73656182 0.01172800
0.73662641 0.01172733
0.73669099 0.01172665
0.73675558 0.01172597
0.73682016 0.01172529
0.73688474 0.01172460
0.73694931 0.01172392
0.73701389 0.01172324
0.73707846 0.01172255
0.73714303 0.01172187
0.73720759 0.01172118
0.73727216 0.01172049
0.73733672 0.01171980
0.73740128 0.01171911
0.73746583 0.01171842
0.73753038 0.01171773
0.73759493 0.01171703
0.73765948 0.01171634
0.73772403 0.01171564
0.73778857 0.01171495
0.73785311 0.01171425
0.73791764 0.01171355
0.73798218 0.01171285
0.73804671 0.01171215
0.73811124 0.01171145
0.73817576 0.01171075
0.73824029 0.01171005
0.73830481 0.01170934
0.73836932 0.01170864
0.73843384 0.01170793
0.73849835 0.01170722
0.73856286 0.01170652
0.73862737 0.01170581
0.73869187 0.01170510
0.73875637 0.01170439
0.73882087 0.01170367
0.73888537 0.01170296
0.73894986 0.01170225
0.73901435 0.01170153
0.73907884 0.01170082
0.73914333 0.01170010
0.73920781 0.01169938
0.73927229 0.01169866
0.73933677 0.01169794
0.73940124 0.01169722
0.73946571 0.01169650
0.73953018 0.01169577
0.73959465 0.01169505
0.73965911 0.01169433
0.73972358 0.01169360
0.73978803 0.01169287
0.73985249 0.01169214
0.73991694 0.01169142
0.73998139 0.01169069
0.74004584 0.01168995
0.74011029 0.01168922
0.74017473 0.01168849
0.74023917 0.01168775
0.74030360 0.01168702
0.74036804 0.01168628
0.74043247 0.01168555
0.74049690 0.01168481
0.74056132 0.01168407
0.74062575 0.01168333
0.74069017 0.01168259
0.74075459 0.01168185
0.74081900 0.01168110
0.74088341 0.01168036
0.74094782 0.01167961
0.74101223 0.01167887
0.74107663 0.01167812
0.74114103 0.01167737
0.74120543 0.01167663
0.74126983 0.01167588
0.74133422 0.01167512
0.74139861 0.01167437
0.74146300 0.01167362
0.74152739 0.01167287
0.74159177 0.01167211
0.74165615 0.01167135
0.74172052 0.01167060
0.74178490 0.01166984
0.74184927 0.01166908
0.74191364 0.01166832
0.74197800 0.01166756
0.74204237 0.01166680
0.74210673 0.01166604
0.74217109 0.01166527
0.74223544 0.01166451
0.74229979 0.01166374
0.74236414 0.01166297
0.74242849 0.01166221
0.74249283 0.01166144
0.74255717 0.01166067
0.74262151 0.01165990
0.74268585 0.01165913
0.74275018 0.01165835
0.74281451 0.01165758
0.74287884 0.01165680
0.74294316 0.01165603
0.74300749 0.01165525
0.74307180 0.01165447
0.74313612 0.01165370
0.74320043 0.01165292
0.74326475 0.01165214
0.74332905 0.01165135
0.74339336 0.01165057
0.74345766 0.01164979
0.74352196 0.01164900
0.74358626 0.01164822
0.74365055 0.01164743
0.74371484 0.01164664
0.74377913 0.01164585
0.74384342 0.01164507
0.74390770 0.01164427
0.74397198 0.01164348
0.74403626 0.01164269
0.74410054 0.01164190
0.74416481 0.01164110
0.74422908 0.01164031
0.74429334 0.01163951
0.74435761 0.01163871
0.74442187 0.01163792
0.74448613 0.01163712
0.74455038 0.01163632
0.74461463 0.01163551
0.74467888 0.01163471
0.74474313 0.01163391
0.74480738 0.01163310
0.74487162 0.01163230
0.74493586 0.01163149
0.74500009 0.01163069
0.74506433 0.01162988
0.74512856 0.01162907
0.74519278 0.01162826
0.74525701 0.01162745
0.74532123 0.01162663
0.74538545 0.01162582
0.74544967 0.01162501
0.74551388 0.01162419
0.74557809 0.01162338
0.74564230 0.01162256
0.74570650 0.01162174
0.74577071 0.01162092
0.74583491 0.01162010
0.74589910 0.01161928
0.74596330 0.01161846
0.74602749 0.01161763
0.74609168 0.01161681
0.74615586 0.01161599
0.74622005 0.01161516
0.74628423 0.01161433
0.74634840 0.01161350
0.74641258 0.01161268
0.74647675 0.01161185
0.74654092 0.01161101
0.74660508 0.01161018
0.74666925 0.01160935
0.74673341 0.01160852
0.74679757 0.01160768
0.74686172 0.01160685
0.74692587 0.01160601
0.74699002 0.01160517
0.74705417 0.01160433
0.74711831 0.01160349
0.74718245 0.01160265
0.74724659 0.01160181
0.74731073 0.01160097
0.74737486 0.01160012
0.74743899 0.01159928
0.74750311 0.01159843
0.74756724 0.01159759
0.74763136 0.01159674
0.74769548 0.01159589
0.74775959 0.01159504
0.74782370 0.01159419
0.74788781 0.01159334
0.74795192 0.01159249
0.74801603 0.01159163
0.74808013 0.01159078
0.74814422 0.01158992
0.74820832 0.01158907
0.74827241 0.01158821
0.74833650 0.01158735
0.74840059 0.01158649
0.74846467 0.01158563
0.74852875 0.01158477
0.74859283 0.01158391
0.74865691 0.01158304
0.74872098 0.01158218
0.74878505 0.01158132
0.74884912 0.01158045
0.74891318 0.01157958
0.74897724 0.01157871
0.74904130 0.01157784
0.74910536 0.01157697
0.74916941 0.01157610
0.74923346 0.01157523
0.74929751 0.01157436
0.74936155 0.01157348
0.74942559 0.01157261
0.74948963 0.01157173
0.74955367 0.01157086
0.74961770 0.01156998
0.74968173 0.01156910
0.74974576 0.01156822
0.74980978 0.01156734
0.74987380 0.01156646
0.74993782 0.01156557
0.75000184 0.01156469
0.75006585 0.01156381
0.75012986 0.01156292
0.75019387 0.01156203
0.75025787 0.01156115
0.75032187 0.01156026
0.75038587 0.01155937
0.75044987 0.01155848
0.75051386 0.01155759
0.75057785 0.01155669
0.75064184 0.01155580
0.75070582 0.01155490
0.75076980 0.01155401
0.75083378 0.01155311
0.75089776 0.01155222
0.75096173 0.01155132
0.75102570 0.01155042
0.75108967 0.01154952
0.75115363 0.01154862
0.75121759 0.01154771
0.75128155 0.01154681
0.75134550 0.01154591
0.75140946 0.01154500
0.75147341 0.01154409
0.75153735 0.01154319
0.75160130 0.01154228
0.75166524 0.01154137
0.75172918 0.01154046
0.75179311 0.01153955
0.75185704 0.01153864
0.75192097 0.01153772
0.75198490 0.01153681
0.75204882 0.01153590
0.75211274 0.01153498
0.75217666 0.01153406
0.75224058 0.01153314
0.75230449 0.01153223
0.75236840 0.01153131
0.75243230 0.01153039
0.75249621 0.01152946
0.75256011 0.01152854
0.75262400 0.01152762
0.75268790 0.01152669
0.75275179 0.01152577
0.75281568 0.01152484
0.75287957 0.01152391
0.75294345 0.01152298
0.75300733 0.01152205
0.75307121 0.01152112
0.75313508 0.01152019
0.75319895 0.01151926
0.75326282 0.01151833
0.75332668 0.01151739
0.75339055 0.01151646
0.75345441 0.01151552
0.75351826 0.01151458
0.75358212 0.01151365
0.75364597 0.01151271
0.75370982 0.01151177
0.75377366 0.01151083
0.75383750 0.01150988
0.75390134 0.01150894
0.75396518 0.01150800
0.75402901 0.01150705
0.75409284 0.01150611
0.75415667 0.01150516
0.75422049 0.01150421
0.75428432 0.01150326
0.75434813 0.01150231
0.75441195 0.01150136
0.75447576 0.01150041
0.75453957 0.01149946
0.75460338 0.01149850
0.75466718 0.01149755
0.75473099 0.01149659
0.75479478 0.01149564
0.75485858 0.01149468
0.75492237 0.01149372
0.75498616 0.01149276
0.75504995 0.01149180
0.75511373 0.01149084
0.75517751 0.01148988
0.75524129 0.01148891
0.75530506 0.01148795
0.75536884 0.01148698
0.75543260 0.01148602
0.75549637 0.01148505
0.75556013 0.01148408
0.75562389 0.01148311
0.75568765 0.01148214
0.75575140 0.01148117
0.75581515 0.01148020
0.75587890 0.01147923
0.75594265 0.01147825
0.75600639 0.01147728
0.75607013 0.01147630
0.75613387 0.01147532
0.75619760 0.01147435
0.75626133 0.01147337
0.75632506 0.01147239
0.75638878 0.01147141
0.75645250 0.01147043
0.75651622 0.01146944
0.75657994 0.01146846
0.75664365 0.01146748
0.75670736 0.01146649
0.75677107 0.01146550
0.75683477 0.01146452
0.75689847 0.01146353
0.75696217 0.01146254
0.75702586 0.01146155
0.75708955 0.01146056
0.75715324 0.01145956
0.75721693 0.01145857
0.75728061 0.01145758
0.75734429 0.01145658
0.75740797 0.01145559
0.75747164 0.01145459
0.75753531 0.01145359
0.75759898 0.01145259
0.75766265 0.01145159
0.75772631 0.01145059
0.75778997 0.01144959
0.75785362 0.01144859
0.75791728 0.01144758
0.75798093 0.01144658
0.75804457 0.01144557
0.75810822 0.01144457
0.75817186 0.01144356
0.75823550 0.01144255
0.75829913 0.01144154
0.75836276 0.01144053
0.75842639 0.01143952
0.75849002 0.01143851
0.75855364 0.01143749
0.75861726 0.01143648
0.75868088 0.01143546
0.75874449 0.01143445
0.75880811 0.01143343
0.75887171 0.01143241
0.75893532 0.01143139
0.75899892 0.01143037
0.75906252 0.01142935
0.75912612 0.01142833
0.75918971 0.01142731
0.75925330 0.01142628
0.75931689 0.01142526
0.75938047 0.01142423
0.75944405 0.01142321
0.75950763 0.01142218
0.75957120 0.01142115
0.75963478 0.01142012
0.75969835 0.01141909
0.75976191 0.01141806
0.75982548 0.01141702
0.75988904 0.01141599
0.75995259 0.01141496
0.76001615 0.01141392
0.76007970 0.01141289
0.76014325 0.01141185
0.76020679 0.01141081
0.76027033 0.01140977
0.76033387 0.01140873
0.76039741 0.01140769
0.76046094 0.01140665
0.76052447 0.01140560
0.76058800 0.01140456
0.76065152 0.01140352
0.76071504 0.01140247
0.76077856 0.01140142
0.76084207 0.01140038
0.76090558 0.01139933
0.76096909 0.01139828
0.76103260 0.01139723
0.76109610 0.01139618
0.76115960 0.01139512
0.76122310 0.01139407
0.76128659 0.01139302
0.76135008 0.01139196
0.76141357 0.01139090
0.76147705 0.01138985
0.76154053 0.01138879
0.76160401 0.01138773
0.76166749 0.01138667
0.76173096 0.01138561
0.76179443 0.01138455
0.76185790 0.01138348
0.76192136 0.01138242
0.76198482 0.01138135
0.76204827 0.01138029
0.76211173 0.01137922
0.76217518 0.01137815
0.76223863 0.01137709
0.76230207 0.01137602
0.76236551 0.01137495
0.76242895 0.01137387
0.76249239 0.01137280
0.76255582 0.01137173
0.76261925 0.01137065
0.76268268 0.01136958
0.76274610 0.01136850
0.76280952 0.01136742
0.76287294 0.01136635
0.76293635 0.01136527
0.76299976 0.01136419
0.76306317 0.01136311
0.76312658 0.01136202
0.76318998 0.01136094
0.76325338 0.01135986
0.76331677 0.01135877
0.76338016 0.01135769
0.76344355 0.01135660
0.76350694 0.01135551
0.76357032 0.01135442
0.76363370 0.01135333
0.76369708 0.01135224
0.76376046 0.01135115
0.76382383 0.01135006
0.76388719 0.01134897
0.76395056 0.01134787
0.76401392 0.01134678
0.76407728 0.01134568
0.76414064 0.01134458
0.76420399 0.01134349
0.76426734 0.01134239
0.76433068 0.01134129
0.76439403 0.01134019
0.76445737 0.01133909
0.76452071 0.01133798
0.76458404 0.01133688
0.76464737 0.01133577
0.76471070 0.01133467
0.76477402 0.01133356
0.76483735 0.01133245
0.76490066 0.01133135
0.76496398 0.01133024
0.76502729 0.01132913
0.76509060 0.01132802
0.76515391 0.01132690
0.76521721 0.01132579
0.76528051 0.01132468
0.76534381 0.01132356
0.76540710 0.01132245
0.76547039 0.01132133
0.76553368 0.01132021
0.76559697 0.01131909
0.76566025 0.01131797
0.76572353 0.01131685
0.76578680 0.01131573
0.76585007 0.01131461
0.76591334 0.01131348
0.76597661 0.01131236
0.76603987 0.01131123
0.76610313 0.01131011
0.76616639 0.01130898
0.76622964 0.01130785
0.76629289 0.01130672
0.76635614 0.01130559
0.76641938 0.01130446
0.76648262 0.01130333
0.76654586 0.01130220
0.76660910 0.01130106
0.76667233 0.01129993
0.76673556 0.01129879
0.76679878 0.01129766
0.76686200 0.01129652
0.76692522 0.01129538
0.76698844 0.01129424
0.76705165 0.01129310
0.76711486 0.01129196
0.76717807 0.01129082
0.76724127 0.01128967
0.76730447 0.01128853
0.76736767 0.01128738
0.76743086 0.01128624
0.76749405 0.01128509
0.76755724 0.01128394
0.76762043 0.01128279
0.76768361 0.01128164
0.76774679 0.01128049
0.76780996 0.01127934
0.76787313 0.01127819
0.76793630 0.01127704
0.76799947 0.01127588
0.76806263 0.01127473
0.76812579 0.01127357
0.76818895 0.01127241
0.76825210 0.01127125
0.76831525 0.01127010
0.76837840 0.01126894
0.76844154 0.01126777
0.76850468 0.01126661
0.76856782 0.01126545
0.76863096 0.01126429
0.76869409 0.01126312
0.76875721 0.01126196
0.76882034 0.01126079
0.76888346 0.01125962
0.76894658 0.01125845
0.76900970 0.01125728
0.76907281 0.01125611
0.76913592 0.01125494
0.76919902 0.01125377
0.76926213 0.01125260
0.76932523 0.01125142
0.76938832 0.01125025
0.76945142 0.01124907
0.76951451 0.01124789
0.76957759 0.01124672
0.76964068 0.01124554
0.76970376 0.01124436
0.76976683 0.01124318
0.76982991 0.01124200
0.76989298 0.01124081
0.76995605 0.01123963
0.77001911 0.01123845
0.77008217 0.01123726
0.77014523 0.01123607
0.77020829 0.01123489
0.77027134 0.01123370
0.77033439 0.01123251
0.77039743 0.01123132
0.77046048 0.01123013
0.77052352 0.01122894
0.77058655 0.01122775
0.77064959 0.01122655
0.77071262 0.01122536
0.77077564 0.01122416
0.77083867 0.01122297
0.77090169 0.01122177
0.77096470 0.01122057
0.77102772 0.01121937
0.77109073 0.01121817
0.77115374 0.01121697
0.77121674 0.01121577
0.77127974 0.01121456
0.77134274 0.01121336
0.77140573 0.01121216
0.77146873 0.01121095
0.77153171 0.01120974
0.77159470 0.01120854
0.77165768 0.01120733
0.77172066 0.01120612
0.77178364 0.01120491
0.77184661 0.01120370
0.77190958 0.01120248
0.77197254 0.01120127
0.77203551 0.01120006
0.77209847 0.01119884
0.77216142 0.01119763
0.77222437 0.01119641
0.77228732 0.01119519
0.77235027 0.01119397
0.77241321 0.01119275
0.77247615 0.01119153
0.77253909 0.01119031
0.77260203 0.01118909
0.77266496 0.01118787
0.77272788 0.01118664
0.77279081 0.01118542
0.77285373 0.01118419
0.77291665 0.01118296
0.77297956 0.01118173
0.77304247 0.01118051
0.77310538 0.01117928
0.77316829 0.01117805
0.77323119 0.01117681
0.77329409 0.01117558
0.77335698 0.01117435
0.77341987 0.01117311
0.77348276 0.01117188
0.77354565 0.01117064
0.77360853 0.01116940
0.77367141 0.01116817
0.77373428 0.01116693
0.77379716 0.01116569
0.77386003 0.01116445
0.77392289 0.01116321
0.77398576 0.01116196
0.77404862 0.01116072
0.77411147 0.01115947
0.77417432 0.01115823
0.77423717 0.01115698
0.77430002 0.01115574
0.77436287 0.01115449
0.77442571 0.01115324
0.77448854 0.01115199
0.77455138 0.01115074
0.77461421 0.01114948
0.77467703 0.01114823
0.77473986 0.01114698
0.77480268 0.01114572
0.77486550 0.01114447
0.77492831 0.01114321
0.77499112 0.01114195
0.77505393 0.01114070
0.77511673 0.01113944
0.77517953 0.01113818
0.77524233 0.01113692
0.77530513 0.01113565
0.77536792 0.01113439
0.77543071 0.01113313
0.77549349 0.01113186
0.77555627 0.01113060
0.77561905 0.01112933
0.77568183 0.01112806
0.77574460 0.01112679
0.77580737 0.01112552
0.77587013 0.01112425
0.77593290 0.01112298
0.77599565 0.01112171
0.77605841 0.01112044
0.77612116 0.01111916
0.77618391 0.01111789
0.77624666 0.01111661
0.77630940 0.01111534
0.77637214 0.01111406
0.77643487 0.01111278
0.77649761 0.01111150
0.77656034 0.01111022
0.77662306 0.01110894
0.77668579 0.01110766
0.77674851 0.01110637
0.77681122 0.01110509
0.77687393 0.01110380
0.77693664 0.01110252
0.77699935 0.01110123
0.77706205 0.01109994
0.77712475 0.01109866
0.77718745 0.01109737
0.77725014 0.01109608
0.77731283 0.01109478
0.77737552 0.01109349
0.77743820 0.01109220
0.77750088 0.01109091
0.77756356 0.01108961
0.77762623 0.01108831
0.77768890 0.01108702
0.77775157 0.01108572
0.77781423 0.01108442
0.77787690 0.01108312
0.77793955 0.01108182
0.77800221 0.01108052
0.77806486 0.01107922
0.77812750 0.01107791
0.77819015 0.01107661
0.77825279 0.01107531
0.77831543 0.01107400
0.77837806 0.01107269
0.77844069 0.01107139
0.77850332 0.01107008
0.77856594 0.01106877
0.77862856 0.01106746
0.77869118 0.01106615
0.77875379 0.01106483
0.77881640 0.01106352
0.77887901 0.01106221
0.77894162 0.01106089
0.77900422 0.01105958
0.77906681 0.01105826
0.77912941 0.01105694
0.77919200 0.01105562
0.77925459 0.01105430
0.77931717 0.01105298
0.77937975 0.01105166
0.77944233 0.01105034
0.77950490 0.01104902
0.77956748 0.01104769
0.77963004 0.01104637
0.77969261 0.01104504
0.77975517 0.01104371
0.77981773 0.01104239
0.77988028 0.01104106
0.77994283 0.01103973
0.78000538 0.01103840
0.78006792 0.01103707
0.78013046 0.01103573
0.78019300 0.01103440
0.78025554 0.01103307
0.78031807 0.01103173
0.78038060 0.01103040
0.78044312 0.01102906
0.78050564 0.01102772
0.78056816 0.01102638
0.78063067 0.01102504
0.78069318 0.01102370
0.78075569 0.01102236
0.78081820 0.01102102
0.78088070 0.01101968
0.78094319 0.01101833
0.78100569 0.01101699
0.78106818 0.01101564
0.78113067 0.01101430
0.78119315 0.01101295
0.78125563 0.01101160
0.78131811 0.01101025
0.78138058 0.01100890
0.78144305 0.01100755
0.78150552 0.01100620
0.78156799 0.01100484
0.78163045 0.01100349
0.78169290 0.01100213
0.78175536 0.01100078
0.78181781 0.01099942
0.78188026 0.01099806
0.78194270 0.01099671
0.78200514 0.01099535
0.78206758 0.01099399
0.78213001 0.01099263
0.78219244 0.01099126
0.78225487 0.01098990
0.78231729 0.01098854
0.78237971 0.01098717
0.78244213 0.01098581
0.78250454 0.01098444
0.78256696 0.01098307
0.78262936 0.01098170
0.78269177 0.01098033
0.78275417 0.01097896
0.78281656 0.01097759
0.78287896 0.01097622
0.78294135 0.01097485
0.78300373 0.01097348
0.78306612 0.01097210
0.78312850 0.01097072
0.78319087 0.01096935
0.78325325 0.01096797
0.78331562 0.01096659
0.78337798 0.01096521
0.78344034 0.01096383
0.78350270 0.01096245
0.78356506 0.01096107
0.78362741 0.01095969
0.78368976 0.01095831
0.78375211 0.01095692
0.78381445 0.01095554
0.78387679 0.01095415
0.78393913 0.01095276
0.78400146 0.01095137
0.78406379 0.01094998
0.78412611 0.01094859
0.78418844 0.01094720
0.78425076 0.01094581
0.78431307 0.01094442
0.78437538 0.01094303
0.78443769 0.01094163
0.78450000 0.01094024
0.78456230 0.01093884
0.78462460 0.01093744
0.78468689 0.01093605
0.78474918 0.01093465
0.78481147 0.01093325
0.78487376 0.01093185
0.78493604 0.01093045
0.78499832 0.01092904
0.78506059 0.01092764
0.78512286 0.01092624
0.78518513 0.01092483
0.78524740 0.01092342
0.78530966 0.01092202
0.78537191 0.01092061
0.78543417 0.01091920
0.78549642 0.01091779
0.78555867 0.01091638
0.78562091 0.01091497
0.78568315 0.01091356
0.78574539 0.01091215
0.78580762 0.01091073
0.78586985 0.01090932
0.78593208 0.01090790
0.78599430 0.01090648
0.78605652 0.01090507
0.78611874 0.01090365
0.78618095 0.01090223
0.78624316 0.01090081
0.78630537 0.01089939
0.78636757 0.01089797
0.78642977 0.01089654
0.78649197 0.01089512
0.78655416 0.01089369
0.78661635 0.01089227
0.78667853 0.01089084
0.78674072 0.01088942
0.78680289 0.01088799
0.78686507 0.01088656
0.78692724 0.01088513
0.78698941 0.01088370
0.78705157 0.01088227
0.78711374 0.01088083
0.78717589 0.01087940
0.78723805 0.01087797
0.78730020 0.01087653
0.78736235 0.01087509
0.78742449 0.01087366
0.78748663 0.01087222
0.78754877 0.01087078
0.78761090 0.01086934
0.78767304 0.01086790
0.78773516 0.01086646
0.78779729 0.01086502
0.78785941 0.01086357
0.78792152 0.01086213
0.78798364 0.01086068
0.78804575 0.01085924
0.78810785 0.01085779
0.78816996 0.01085634
0.78823205 0.01085489
0.78829415 0.01085345
0.78835624 0.01085199
0.78841833 0.01085054
0.78848042 0.01084909
0.78854250 0.01084764
0.78860458 0.01084618
0.78866665 0.01084473
0.78872873 0.01084327
0.78879079 0.01084182
0.78885286 0.01084036
0.78891492 0.01083890
0.78897698 0.01083744
0.78903903 0.01083598
0.78910108 0.01083452
0.78916313 0.01083306
0.78922517 0.01083160
0.78928722 0.01083013
0.78934925 0.01082867
0.78941129 0.01082720
0.78947332 0.01082574
0.78953534 0.01082427
0.78959737 0.01082280
0.78965938 0.01082133
0.78972140 0.01081986
0.78978341 0.01081839
0.78984542 0.01081692
0.78990743 0.01081545
0.78996943 0.01081398
0.79003143 0.01081250
0.79009342 0.01081103
0.79015542 0.01080955
0.79021740 0.01080808
0.79027939 0.01080660
0.79034137 0.01080512
0.79040335 0.01080364
0.79046532 0.01080216
0.79052729 0.01080068
0.79058926 0.01079920
0.79065122 0.01079771
0.79071318 0.01079623
0.79077514 0.01079475
0.79083709 0.01079326
0.79089904 0.01079177
0.79096099 0.01079029
0.79102293 0.01078880
0.79108487 0.01078731
0.79114681 0.01078582
0.79120874 0.01078433
0.79127067 0.01078284
0.79133259 0.01078134
0.79139452 0.01077985
0.79145643 0.01077836
0.79151835 0.01077686
0.79158026 0.01077537
0.79164217 0.01077387
0.79170407 0.01077237
0.79176597 0.01077087
0.79182787 0.01076937
0.79188976 0.01076787
0.79195165 0.01076637
0.79201354 0.01076487
0.79207542 0.01076337
0.79213730 0.01076186
0.79219918 0.01076036
0.79226105 0.01075885
0.79232292 0.01075735
0.79238478 0.01075584
0.79244665 0.01075433
0.79250850 0.01075282
0.79257036 0.01075131
0.79263221 0.01074980
0.79269406 0.01074829
0.79275590 0.01074678
0.79281774 0.01074526
0.79287958 0.01074375
0.79294141 0.01074223
0.79300324 0.01074072
0.79306507 0.01073920
0.79312689 0.01073768
0.79318871 0.01073616
0.79325053 0.01073464
0.79331234 0.01073312
0.79337415 0.01073160
0.79343595 0.01073008
0.79349776 0.01072856
0.79355955 0.01072703
0.79362135 0.01072551
0.79368314 0.01072398
0.79374493 0.01072246
0.79380671 0.01072093
0.79386849 0.01071940
0.79393027 0.01071787
0.79399204 0.01071634
0.79405381 0.01071481
0.79411558 0.01071328
0.79417734 0.01071175
0.79423910 0.01071021
0.79430086 0.01070868
0.79436261 0.01070714
0.79442436 0.01070561
0.79448610 0.01070407
0.79454784 0.01070253
0.79460958 0.01070099
0.79467131 0.01069946
0.79473304 0.01069791
0.79479477 0.01069637
0.79485650 0.01069483
0.79491821 0.01069329
0.79497993 0.01069174
0.79504164 0.01069020
0.79510335 0.01068865
0.79516506 0.01068711
0.79522676 0.01068556
0.79528846 0.01068401
0.79535015 0.01068246
0.79541185 0.01068091
0.79547353 0.01067936
0.79553522 0.01067781
0.79559690 0.01067626
0.79565858 0.01067471
0.79572025 0.01067315
0.79578192 0.01067160
0.79584359 0.01067004
0.79590525 0.01066848
0.79596691 0.01066693
0.79602856 0.01066537
0.79609021 0.01066381
0.79615186 0.01066225
0.79621351 0.01066069
0.79627515 0.01065913
0.79633679 0.01065756
0.79639842 0.01065600
0.79646005 0.01065443
0.79652168 0.01065287
0.79658330 0.01065130
0.79664492 0.01064974
0.79670654 0.01064817
0.79676815 0.01064660
0.79682976 0.01064503
0.79689136 0.01064346
0.79695297 0.01064189
0.79701456 0.01064032
0.79707616 0.01063874
0.79713775 0.01063717
0.79719934 0.01063559
0.79726092 0.01063402
0.79732250 0.01063244
0.79738408 0.01063086
0.79744565 0.01062929
0.79750722 0.01062771
0.79756878 0.01062613
0.79763035 0.01062455
0.79769190 0.01062296
0.79775346 0.01062138
0.79781501 0.01061980
0.79787656 0.01061821
0.79793810 0.01061663
0.79799964 0.01061504
0.79806118 0.01061346
0.79812271 0.01061187
0.79818424 0.01061028
0.79824577 0.01060869
0.79830729 0.01060710
0.79836881 0.01060551
0.79843032 0.01060392
0.79849183 0.01060232
0.79855334 0.01060073
0.79861485 0.01059914
0.79867635 0.01059754
0.79873784 0.01059595
0.79879934 0.01059435
0.79886083 0.01059275
0.79892231 0.01059115
0.79898380 0.01058955
0.79904527 0.01058795
0.79910675 0.01058635
0.79916822 0.01058475
0.79922969 0.01058314
0.79929115 0.01058154
0.79935261 0.01057994
0.79941407 0.01057833
0.79947552 0.01057672
0.79953697 0.01057512
0.79959842 0.01057351
0.79965986 0.01057190
0.79972130 0.01057029
0.79978273 0.01056868
0.79984417 0.01056707
0.79990559 0.01056546
0.79996702 0.01056384
0.80002844 0.01056223
0.80008986 0.01056061
0.80015127 0.01055900
0.80021268 0.01055738
0.80027408 0.01055576
0.80033549 0.01055415
0.80039688 0.01055253
0.80045828 0.01055091
0.80051967 0.01054929
0.80058106 0.01054766
0.80064244 0.01054604
0.80070382 0.01054442
0.80076520 0.01054279
0.80082657 0.01054117
0.80088794 0.01053954
0.80094931 0.01053792
0.80101067 0.01053629
0.80107203 0.01053466
0.80113338 0.01053303
0.80119473 0.01053140
0.80125608 0.01052977
0.80131742 0.01052814
0.80137876 0.01052650
0.80144010 0.01052487
0.80150143 0.01052324
0.80156276 0.01052160
0.80162409 0.01051996
0.80168541 0.01051833
0.80174673 0.01051669
0.80180804 0.01051505
0.80186935 0.01051341
0.80193066 0.01051177
0.80199196 0.01051013
0.80205326 0.01050849
0.80211456 0.01050685
0.80217585 0.01050520
0.80223714 0.01050356
0.80229842 0.01050191
0.80235970 0.01050027
0.80242098 0.01049862
0.80248225 0.01049697
0.80254352 0.01049532
0.80260479 0.01049367
0.80266605 0.01049202
0.80272731 0.01049037
0.80278857 0.01048872
0.80284982 0.01048707
0.80291107 0.01048541
0.80297231 0.01048376
0.80303355 0.01048210
0.80309479 0.01048045
0.80315602 0.01047879
0.80321725 0.01047713
0.80327848 0.01047547
0.80333970 0.01047381
0.80340092 0.01047215
0.80346213 0.01047049
0.80352334 0.01046883
0.80358455 0.01046717
0.80364575 0.01046550
0.80370695 0.01046384
0.80376815 0.01046217
0.80382934 0.01046050
0.80389053 0.01045884
0.80395171 0.01045717
0.80401290 0.01045550
0.80407407 0.01045383
0.80413525 0.01045216
0.80419642 0.01045049
0.80425758 0.01044882
0.80431875 0.01044714
0.80437990 0.01044547
0.80444106 0.01044380
0.80450221 0.01044212
0.80456336 0.01044044
0.80462450 0.01043877
0.80468564 0.01043709
0.80474678 0.01043541
0.80480791 0.01043373
0.80486904 0.01043205
0.80493017 0.01043037
0.80499129 0.01042868
0.80505241 0.01042700
0.80511352 0.01042532
0.80517463 0.01042363
0.80523574 0.01042195
0.80529684 0.01042026
0.80535794 0.01041857
0.80541904 0.01041689
0.80548013 0.01041520
0.80554122 0.01041351
0.80560230 0.01041182
0.80566338 0.01041013
0.80572446 0.01040843
0.80578553 0.01040674
0.80584660 0.01040505
0.80590767 0.01040335
0.80596873 0.01040166
0.80602979 0.01039996
0.80609084 0.01039826
0.80615189 0.01039656
0.80621294 0.01039487
0.80627398 0.01039317
0.80633502 0.01039146
0.80639606 0.01038976
0.80645709 0.01038806
0.80651812 0.01038636
0.80657914 0.01038465
0.80664016 0.01038295
0.80670118 0.01038124
0.80676219 0.01037954
0.80682320 0.01037783
0.80688421 0.01037612
0.80694521 0.01037441
0.80700621 0.01037270
0.80706720 0.01037099
0.80712819 0.01036928
0.80718918 0.01036757
0.80725016 0.01036586
0.80731114 0.01036414
0.80737212 0.01036243
0.80743309 0.01036071
0.80749406 0.01035900
0.80755502 0.01035728
0.80761598 0.01035556
0.80767694 0.01035384
0.80773789 0.01035212
0.80779884 0.01035040
0.80785978 0.01034868
0.80792073 0.01034696
0.80798166 0.01034524
0.80804260 0.01034351
0.80810353 0.01034179
0.80816445 0.01034006
0.80822538 0.01033834
0.80828630 0.01033661
0.80834721 0.01033488
0.80840812 0.01033315
0.80846903 0.01033142
0.80852993 0.01032969
0.80859083 0.01032796
0.80865173 0.01032623
0.80871262 0.01032450
0.80877351 0.01032276
0.80883440 0.01032103
0.80889528 0.01031929
0.80895615 0.01031756
0.80901703 0.01031582
0.80907790 0.01031408
0.80913876 0.01031235
0.80919963 0.01031061
0.80926048 0.01030887
0.80932134 0.01030712
0.80938219 0.01030538
0.80944304 0.01030364
0.80950388 0.01030190
0.80956472 0.01030015
0.80962555 0.01029841
0.80968639 0.01029666
0.80974721 0.01029492
0.80980804 0.01029317
0.80986886 0.01029142
0.80992967 0.01028967
0.80999049 0.01028792
0.81005130 0.01028617
0.81011210 0.01028442
0.81017290 0.01028267
0.81023370 0.01028091
0.81029449 0.01027916
0.81035528 0.01027740
0.81041607 0.01027565
0.81047685 0.01027389
0.81053763 0.01027213
0.81059840 0.01027037
0.81065917 0.01026862
0.81071994 0.01026686
0.81078070 0.01026510
0.81084146 0.01026333
0.81090222 0.01026157
0.81096297 0.01025981
0.81102372 0.01025804
0.81108446 0.01025628
0.81114520 0.01025451
0.81120594 0.01025275
0.81126667 0.01025098
0.81132740 0.01024921
0.81138812 0.01024744
0.81144884 0.01024567
0.81150956 0.01024390
0.81157027 0.01024213
0.81163098 0.01024036
0.81169169 0.01023859
0.81175239 0.01023681
0.81181309 0.01023504
0.81187378 0.01023327
0.81193447 0.01023149
0.81199516 0.01022971
0.81205584 0.01022793
0.81211652 0.01022616
0.81217720 0.01022438
0.81223787 0.01022260
0.81229853 0.01022082
0.81235920 0.01021903
0.81241986 0.01021725
0.81248051 0.01021547
0.81254116 0.01021368
0.81260181 0.01021190
0.81266246 0.01021011
0.81272310 0.01020833
0.81278373 0.01020654
0.81284437 0.01020475
0.81290499 0.01020296
0.81296562 0.01020117
0.81302624 0.01019938
0.81308686 0.01019759
0.81314747 0.01019580
0.81320808 0.01019400
0.81326868 0.01019221
0.81332929 0.01019042
0.81338988 0.01018862
0.81345048 0.01018682
0.81351107 0.01018503
0.81357165 0.01018323
0.81363224 0.01018143
0.81369281 0.01017963
0.81375339 0.01017783
0.81381396 0.01017603
0.81387453 0.01017423
0.81393509 0.01017242
0.81399565 0.01017062
0.81405620 0.01016882
0.81411676 0.01016701
0.81417730 0.01016520
0.81423785 0.01016340
0.81429839 0.01016159
0.81435892 0.01015978
0.81441945 0.01015797
0.81447998 0.01015616
0.81454051 0.01015435
0.81460103 0.01015254
0.81466154 0.01015073
0.81472206 0.01014891
0.81478256 0.01014710
0.81484307 0.01014529
0.81490357 0.01014347
0.81496407 0.01014165
0.81502456 0.01013984
0.81508505 0.01013802
0.81514553 0.01013620
0.81520602 0.01013438
0.81526649 0.01013256
0.81532697 0.01013074
0.81538744 0.01012892
0.81544790 0.01012709
0.81550836 0.01012527
0.81556882 0.01012344
0.81562928 0.01012162
0.81568973 0.01011979
0.81575017 0.01011797
0.81581062 0.01011614
0.81587105 0.01011431
0.81593149 0.01011248
0.81599192 0.01011065
0.81605235 0.01010882
0.81611277 0.01010699
0.81617319 0.01010516
0.81623360 0.01010332
0.81629401 0.01010149
0.81635442 0.01009965
0.81641482 0.01009782
0.81647522 0.01009598
0.81653562 0.01009414
0.81659601 0.01009231
0.81665640 0.01009047
0.81671678 0.01008863
0.81677716 0.01008679
0.81683754 0.01008495
0.81689791 0.01008310
0.81695828 0.01008126
0.81701864 0.01007942
0.81707900 0.01007757
0.81713936 0.01007573
0.81719971 0.01007388
0.81726006 0.01007204
0.81732040 0.01007019
0.81738074 0.01006834
0.81744108 0.01006649
0.81750141 0.01006464
0.81756174 0.01006279
0.81762207 0.01006094
0.81768239 0.01005909
0.81774271 0.01005723
0.81780302 0.01005538
0.81786333 0.01005352
0.81792363 0.01005167
0.81798393 0.01004981
0.81804423 0.01004796
0.81810452 0.01004610
0.81816481 0.01004424
0.81822510 0.01004238
0.81828538 0.01004052
0.81834566 0.01003866
0.81840593 0.01003680
0.81846620 0.01003493
0.81852647 0.01003307
0.81858673 0.01003121
0.81864699 0.01002934
0.81870724 0.01002747
0.81876749 0.01002561
0.81882774 0.01002374
0.81888798 0.01002187
0.81894822 0.01002000
0.81900845 0.01001813
0.81906868 0.01001626
0.81912891 0.01001439
0.81918913 0.01001252
0.81924935 0.01001065
0.81930956 0.01000877
0.81936977 0.01000690
0.81942998 0.01000502
0.81949018 0.01000315
0.81955038 0.01000127
0.81961058 0.00999939
0.81967077 0.00999751
0.81973095 0.00999564
0.81979113 0.00999376
0.81985131 0.00999187
0.81991149 0.00998999
0.81997166 0.00998811
0.82003183 0.00998623
0.82009199 0.00998434
0.82015215 0.00998246
0.82021230 0.00998057
0.82027245 0.00997869
0.82033260 0.00997680
0.82039274 0.00997491
0.82045288 0.00997302
0.82051302 0.00997113
0.82057315 0.00996924
0.82063327 0.00996735
0.82069340 0.00996546
0.82075352 0.00996357
0.82081363 0.00996168
0.82087374 0.00995978
0.82093385 0.00995789
0.82099395 0.00995599
0.82105405 0.00995409
0.82111415 0.00995220
0.82117424 0.00995030
0.82123433 0.00994840
0.82129441 0.00994650
0.82135449 0.00994460
0.82141456 0.00994270
0.82147463 0.00994080
0.82153470 0.00993889
0.82159476 0.00993699
0.82165482 0.00993509
0.82171488 0.00993318
0.82177493 0.00993128
0.82183498 0.00992937
0.82189502 0.00992746
0.82195506 0.00992555
0.82201509 0.00992365
0.82207512 0.00992174
0.82213515 0.00991982
0.82219518 0.00991791
0.82225519 0.00991600
0.82231521 0.00991409
0.82237522 0.00991218
0.82243523 0.00991026
0.82249523 0.00990835
0.82255523 0.00990643
0.82261522 0.00990451
0.82267522 0.00990260
0.82273520 0.00990068
0.82279519 0.00989876
0.82285516 0.00989684
0.82291514 0.00989492
0.82297511 0.00989300
0.82303508 0.00989107
0.82309504 0.00988915
0.82315500 0.00988723
0.82321495 0.00988530
0.82327490 0.00988338
0.82333485 0.00988145
0.82339479 0.00987953
0.82345473 0.00987760
0.82351467 0.00987567
0.82357460 0.00987374
0.82363452 0.00987181
0.82369445 0.00986988
0.82375437 0.00986795
0.82381428 0.00986602
0.82387419 0.00986408
0.82393410 0.00986215
0.82399400 0.00986021
0.82405390 0.00985828
0.82411379 0.00985634
0.82417368 0.00985441
0.82423357 0.00985247
0.82429345 0.00985053
0.82435333 0.00984859
0.82441320 0.00984665
0.82447307 0.00984471
0.82453294 0.00984277
0.82459280 0.00984083
0.82465266 0.00983888
0.82471251 0.00983694
0.82477236 0.00983500
0.82483221 0.00983305
0.82489205 0.00983110
0.82495189 0.00982916
0.82501172 0.00982721
0.82507155 0.00982526
0.82513138 0.00982331
0.82519120 0.00982136
0.82525102 0.00981941
0.82531083 0.00981746
0.82537064 0.00981551
0.82543044 0.00981355
0.82549025 0.00981160
0.82555004 0.00980965
0.82560984 0.00980769
0.82566963 0.00980574
0.82572941 0.00980378
0.82578919 0.00980182
0.82584897 0.00979986
0.82590874 0.00979790
0.82596851 0.00979594
0.82602827 0.00979398
0.82608803 0.00979202
0.82614779 0.00979006
0.82620754 0.00978810
0.82626729 0.00978613
0.82632704 0.00978417
0.82638678 0.00978220
0.82644651 0.00978024
0.82650624 0.00977827
0.82656597 0.00977630
0.82662570 0.00977433
0.82668542 0.00977236
0.82674513 0.00977040
0.82680484 0.00976842
0.82686455 0.00976645
0.82692425 0.00976448
0.82698395 0.00976251
0.82704365 0.00976053
0.82710334 0.00975856
0.82716303 0.00975659
0.82722271 0.00975461
0.82728239 0.00975263
0.82734206 0.00975065
0.82740173 0.00974868
0.82746140 0.00974670
0.82752106 0.00974472
0.82758072 0.00974274
0.82764038 0.00974076
0.82770003 0.00973877
0.82775967 0.00973679
0.82781931 0.00973481
0.82787895 0.00973282
0.82793859 0.00973084
0.82799822 0.00972885
0.82805784 0.00972687
0.82811746 0.00972488
0.82817708 0.00972289
0.82823669 0.00972090
0.82829630 0.00971891
0.82835591 0.00971692
0.82841551 0.00971493
0.82847511 0.00971294
0.82853470 0.00971095
0.82859429 0.00970895
0.82865387 0.00970696
0.82871345 0.00970496
0.82877303 0.00970297
0.82883260 0.00970097
0.82889217 0.00969898
0.82895173 0.00969698
0.82901129 0.00969498
0.82907085 0.00969298
0.82913040 0.00969098
0.82918995 0.00968898
0.82924949 0.00968698
0.82930903 0.00968497
0.82936857 0.00968297
0.82942810 0.00968097
0.82948762 0.00967896
0.82954715 0.00967696
0.82960666 0.00967495
0.82966618 0.00967294
0.82972569 0.00967094
0.82978520 0.00966893
0.82984470 0.00966692
0.82990420 0.00966491
0.82996369 0.00966290
0.83002318 0.00966089
0.83008266 0.00965887
0.83014215 0.00965686
0.83020162 0.00965485
0.83026110 0.00965283
0.83032057 0.00965082
0.83038003 0.00964880
0.83043949 0.00964679
0.83049895 0.00964477
0.83055840 0.00964275
0.83061785 0.00964073
0.83067729 0.00963871
0.83073673 0.00963669
0.83079617 0.00963467
0.83085560 0.00963265
0.83091503 0.00963062
0.83097445 0.00962860
0.83103387 0.00962658
0.83109328 0.00962455
0.83115270 0.00962253
0.83121210 0.00962050
0.83127150 0.00961847
0.83133090 0.00961644
0.83139030 0.00961442
0.83144969 0.00961239
0.83150907 0.00961036
0.83156846 0.00960833
0.83162783 0.00960629
0.83168721 0.00960426
0.83174658 0.00960223
0.83180594 0.00960019
0.83186530 0.00959816
0.83192466 0.00959612
0.83198401 0.00959409
0.83204336 0.00959205
0.83210270 0.00959001
0.83216204 0.00958798
0.83222138 0.00958594
0.83228071 0.00958390
0.83234004 0.00958186
0.83239936 0.00957981
0.83245868 0.00957777
0.83251800 0.00957573
0.83257731 0.00957369
0.83263661 0.00957164
0.83269592 0.00956960
0.83275522 0.00956755
0.83281451 0.00956550
0.83287380 0.00956346
0.83293309 0.00956141
0.83299237 0.00955936
0.83305164 0.00955731
0.83311092 0.00955526
0.83317019 0.00955321
0.83322945 0.00955116
0.83328871 0.00954911
0.83334797 0.00954705
0.83340722 0.00954500
0.83346647 0.00954294
0.83352571 0.00954089
0.83358495 0.00953883
0.83364419 0.00953678
0.83370342 0.00953472
0.83376265 0.00953266
0.83382187 0.00953060
0.83388109 0.00952854
0.83394030 0.00952648
0.83399951 0.00952442
0.83405872 0.00952236
0.83411792 0.00952029
0.83417712 0.00951823
0.83423631 0.00951617
0.83429550 0.00951410
0.83435469 0.00951204
0.83441387 0.00950997
0.83447304 0.00950790
0.83453222 0.00950583
0.83459139 0.00950377
0.83465055 0.00950170
0.83470971 0.00949963
0.83476887 0.00949756
0.83482802 0.00949548
0.83488716 0.00949341
0.83494631 0.00949134
0.83500545 0.00948926
0.83506458 0.00948719
0.83512371 0.00948511
0.83518284 0.00948304
0.83524196 0.00948096
0.83530108 0.00947888
0.83536019 0.00947681
0.83541930 0.00947473
0.83547840 0.00947265
0.83553750 0.00947057
0.83559660 0.00946849
0.83565569 0.00946640
0.83571478 0.00946432
0.83577387 0.00946224
0.83583294 0.00946015
0.83589202 0.00945807
0.83595109 0.00945598
0.83601016 0.00945390
0.83606922 0.00945181
0.83612828 0.00944972
0.83618733 0.00944763
0.83624638 0.00944555
0.83630543 0.00944346
0.83636447 0.00944136
0.83642351 0.00943927
0.83648254 0.00943718
0.83654157 0.00943509
0.83660059 0.00943299
0.83665961 0.00943090
0.83671863 0.00942881
0.83677764 0.00942671
0.83683665 0.00942461
0.83689565 0.00942252
0.83695465 0.00942042
0.83701365 0.00941832
0.83707264 0.00941622
0.83713162 0.00941412
0.83719061 0.00941202
0.83724958 0.00940992
0.83730856 0.00940782
0.83736753 0.00940571
0.83742649 0.00940361
0.83748545 0.00940150
0.83754441 0.00939940
0.83760336 0.00939729
0.83766231 0.00939519
0.83772125 0.00939308
0.83778019 0.00939097
0.83783913 0.00938886
0.83789806 0.00938675
0.83795698 0.00938464
0.83801591 0.00938253
0.83807482 0.00938042
0.83813374 0.00937831
0.83819265 0.00937620
0.83825155 0.00937408
0.83831045 0.00937197
0.83836935 0.00936985
0.83842824 0.00936774
0.83848713 0.00936562
0.83854601 0.00936350
0.83860489 0.00936138
0.83866377 0.00935926
0.83872264 0.00935714
0.83878151 0.00935502
0.83884037 0.00935290
0.83889923 0.00935078
0.83895808 0.00934866
0.83901693 0.00934654
0.83907578 0.00934441
0.83913462 0.00934229
0.83919345 0.00934016
0.83925229 0.00933804
0.83931112 0.00933591
0.83936994 0.00933378
0.83942876 0.00933165
0.83948757 0.00932952
0.83954638 0.00932740
0.83960519 0.00932526
0.83966399 0.00932313
0.83972279 0.00932100
0.83978159 0.00931887
0.83984038 0.00931674
0.83989916 0.00931460
0.83995794 0.00931247
0.84001672 0.00931033
0.84007549 0.00930820
0.84013426 0.00930606
0.84019302 0.00930392
0.84025178 0.00930178
0.84031054 0.00929964
0.84036929 0.00929750
0.84042803 0.00929536
0.84048678 0.00929322
0.84054551 0.00929108
0.84060425 0.00928894
0.84066298 0.00928680
0.84072170 0.00928465
0.84078042 0.00928251
0.84083914 0.00928036
0.84089785 0.00927822
0.84095656 0.00927607
0.84101526 0.00927392
0.84107396 0.00927177
0.84113266 0.00926962
0.84119135 0.00926747
0.84125003 0.00926532
0.84130871 0.00926317
0.84136739 0.00926102
0.84142606 0.00925887
0.84148473 0.00925672
0.84154340 0.00925456
0.84160206 0.00925241
0.84166071 0.00925025
0.84171936 0.00924810
0.84177801 0.00924594
0.84183665 0.00924378
0.84189529 0.00924162
0.84195393 0.00923946
0.84201256 0.00923730
0.84207118 0.00923514
0.84212980 0.00923298
0.84218842 0.00923082
0.84224703 0.00922866
0.84230564 0.00922650
0.84236424 0.00922433
0.84242284 0.00922217
0.84248144 0.00922000
0.84254003 0.00921784
0.84259862 0.00921567
0.84265720 0.00921350
0.84271578 0.00921133
0.84277435 0.00920917
0.84283292 0.00920700
0.84289148 0.00920483
0.84295004 0.00920266
0.84300860 0.00920048
0.84306715 0.00919831
0.84312570 0.00919614
0.84318424 0.00919396
0.84324278 0.00919179
0.84330131 0.00918962
0.84335984 0.00918744
0.84341837 0.00918526
0.84347689 0.00918309
0.84353541 0.00918091
0.84359392 0.00917873
0.84365243 0.00917655
0.84371093 0.00917437
0.84376943 0.00917219
0.84382793 0.00917001
0.84388642 0.00916783
0.84394490 0.00916564
0.84400338 0.00916346
0.84406186 0.00916127
0.84412033 0.00915909
0.84417880 0.00915690
0.84423727 0.00915472
0.84429573 0.00915253
0.84435418 0.00915034
0.84441263 0.00914815
0.84447108 0.00914597
0.84452952 0.00914378
0.84458796 0.00914159
0.84464640 0.00913939
0.84470482 0.00913720
0.84476325 0.00913501
0.84482167 0.00913282
0.84488009 0.00913062
0.84493850 0.00912843
0.84499691 0.00912623
0.84505531 0.00912404
0.84511371 0.00912184
0.84517210 0.00911964
0.84523049 0.00911744
0.84528888 0.00911524
0.84534726 0.00911304
0.84540563 0.00911084
0.84546401 0.00910864
0.84552237 0.00910644
0.84558074 0.00910424
0.84563910 0.00910204
0.84569745 0.00909983
0.84575580 0.00909763
0.84581415 0.00909542
0.84587249 0.00909322
0.84593083 0.00909101
0.84598916 0.00908880
0.84604749 0.00908660
0.84610581 0.00908439
0.84616413 0.00908218
0.84622245 0.00907997
0.84628076 0.00907776
0.84633906 0.00907555
0.84639737 0.00907333
0.84645566 0.00907112
0.84651396 0.00906891
0.84657224 0.00906669
0.84663053 0.00906448
0.84668881 0.00906226
0.84674708 0.00906005
0.84680536 0.00905783
0.84686362 0.00905561
0.84692188 0.00905339
0.84698014 0.00905117
0.84703840 0.00904895
0.84709664 0.00904673
0.84715489 0.00904451
0.84721313 0.00904229
0.84727136 0.00904007
0.84732960 0.00903785
0.84738782 0.00903562
0.84744604 0.00903340
0.84750426 0.00903117
0.84756248 0.00902895
0.84762069 0.00902672
0.84767889 0.00902449
0.84773709 0.00902226
0.84779529 0.00902004
0.84785348 0.00901781
0.84791166 0.00901558
0.84796985 0.00901335
0.84802802 0.00901111
0.84808620 0.00900888
0.84814437 0.00900665
0.84820253 0.00900442
0.84826069 0.00900218
0.84831885 0.00899995
0.84837700 0.00899771
0.84843515 0.00899548
0.84849329 0.00899324
0.84855143 0.00899100
0.84860956 0.00898876
0.84866769 0.00898652
0.84872582 0.00898429
0.84878394 0.00898204
0.84884205 0.00897980
0.84890016 0.00897756
0.84895827 0.00897532
0.84901637 0.00897308
0.84907447 0.00897083
0.84913256 0.00896859
0.84919065 0.00896634
0.84924874 0.00896410
0.84930682 0.00896185
0.84936489 0.00895960
0.84942297 0.00895736
0.84948103 0.00895511
0.84953909 0.00895286
0.84959715 0.00895061
0.84965521 0.00894836
0.84971325 0.00894611
0.84977130 0.00894386
0.84982934 0.00894160
0.84988737 0.00893935
0.84994541 0.00893710
0.85000343 0.00893484
0.85006145 0.00893259
0.85011947 0.00893033
0.85017749 0.00892807
0.85023549 0.00892582
0.85029350 0.00892356
0.85035150 0.00892130
0.85040949 0.00891904
0.85046748 0.00891678
0.85052547 0.00891452
0.85058345 0.00891226
0.85064143 0.00891000
0.85069940 0.00890773
0.85075737 0.00890547
0.85081534 0.00890321
0.85087330 0.00890094
0.85093125 0.00889868
0.85098920 0.00889641
0.85104715 0.00889414
0.85110509 0.00889188
0.85116303 0.00888961
0.85122096 0.00888734
0.85127889 0.00888507
0.85133681 0.00888280
0.85139473 0.00888053
0.85145264 0.00887826
0.85151055 0.00887599
0.85156846 0.00887371
0.85162636 0.00887144
0.85168426 0.00886916
0.85174215 0.00886689
0.85180004 0.00886461
0.85185792 0.00886234
0.85191580 0.00886006
0.85197367 0.00885778
0.85203154 0.00885551
0.85208941 0.00885323
0.85214727 0.00885095
0.85220512 0.00884867
0.85226298 0.00884639
0.85232082 0.00884410
0.85237867 0.00884182
0.85243650 0.00883954
0.85249434 0.00883726
0.85255217 0.00883497
0.85260999 0.00883269
0.85266781 0.00883040
0.85272563 0.00882812
0.85278344 0.00882583
0.85284124 0.00882354
0.85289905 0.00882125
0.85295684 0.00881896
0.85301464 0.00881667
0.85307243 0.00881438
0.85313021 0.00881209
0.85318799 0.00880980
0.85324576 0.00880751
0.85330353 0.00880522
0.85336130 0.00880292
0.85341906 0.00880063
0.85347682 0.00879833
0.85353457 0.00879604
0.85359232 0.00879374
0.85365006 0.00879145
0.85370780 0.00878915
0.85376553 0.00878685
0.85382326 0.00878455
0.85388099 0.00878225
0.85393871 0.00877995
0.85399642 0.00877765
0.85405414 0.00877535
0.85411184 0.00877305
0.85416954 0.00877074
0.85422724 0.00876844
0.85428494 0.00876614
0.85434262 0.00876383
0.85440031 0.00876153
0.85445799 0.00875922
0.85451566 0.00875691
0.85457333 0.00875461
0.85463100 0.00875230
0.85468866 0.00874999
0.85474632 0.00874768
0.85480397 0.00874537
0.85486162 0.00874306
0.85491926 0.00874075
0.85497690 0.00873843
0.85503453 0.00873612
0.85509216 0.00873381
0.85514979 0.00873149
0.85520741 0.00872918
0.85526503 0.00872686
0.85532264 0.00872455
0.85538024 0.00872223
0.85543785 0.00871991
0.85549544 0.00871760
0.85555304 0.00871528
0.85561062 0.00871296
0.85566821 0.00871064
0.85572579 0.00870832
0.85578336 0.00870600
0.85584093 0.00870367
0.85589850 0.00870135
0.85595606 0.00869903
0.85601362 0.00869670
0.85607117 0.00869438
0.85612872 0.00869205
0.85618626 0.00868973
0.85624380 0.00868740
0.85630133 0.00868507
0.85635886 0.00868275
0.85641638 0.00868042
0.85647390 0.00867809
0.85653142 0.00867576
0.85658893 0.00867343
0.85664644 0.00867110
0.85670394 0.00866877
0.85676144 0.00866643
0.85681893 0.00866410
0.85687642 0.00866177
0.85693390 0.00865943
0.85699138 0.00865710
0.85704885 0.00865476
0.85710632 0.00865242
0.85716379 0.00865009
0.85722125 0.00864775
0.85727870 0.00864541
0.85733615 0.00864307
0.85739360 0.00864073
0.85745104 0.00863839
0.85750848 0.00863605
0.85756591 0.00863371
0.85762334 0.00863137
0.85768076 0.00862902
0.85773818 0.00862668
0.85779560 0.00862434
0.85785301 0.00862199
0.85791041 0.00861965
0.85796781 0.00861730
0.85802521 0.00861495
0.85808260 0.00861261
0.85813999 0.00861026
0.85819737 0.00860791
0.85825475 0.00860556
0.85831212 0.00860321
0.85836949 0.00860086
0.85842685 0.00859851
0.85848421 0.00859616
0.85854157 0.00859380
0.85859892 0.00859145
0.85865626 0.00858910
0.85871360 0.00858674
0.85877094 0.00858439
0.85882827 0.00858203
0.85888560 0.00857967
0.85894292 0.00857732
0.85900023 0.00857496
0.85905755 0.00857260
0.85911486 0.00857024
0.85917216 0.00856788
0.85922946 0.00856552
0.85928675 0.00856316
0.85934404 0.00856080
0.85940133 0.00855844
0.85945861 0.00855607
0.85951588 0.00855371
0.85957316 0.00855135
0.85963042 0.00854898
0.85968768 0.00854662
0.85974494 0.00854425
0.85980219 0.00854188
0.85985944 0.00853952
0.85991669 0.00853715
0.85997392 0.00853478
0.86003116 0.00853241
0.86008839 0.00853004
0.86014561 0.00852767
0.86020283 0.00852530
0.86026005 0.00852293
0.86031726 0.00852055
0.86037447 0.00851818
0.86043167 0.00851581
0.86048887 0.00851343
0.86054606 0.00851106
0.86060325 0.00850868
0.86066043 0.00850631
0.86071761 0.00850393
0.86077478 0.00850155
0.86083195 0.00849917
0.86088911 0.00849679
0.86094627 0.00849441
0.86100343 0.00849203
0.86106058 0.00848965
0.86111773 0.00848727
0.86117487 0.00848489
0.86123200 0.00848251
0.86128914 0.00848012
0.86134626 0.00847774
0.86140339 0.00847536
0.86146050 0.00847297
0.86151762 0.00847058
0.86157472 0.00846820
0.86163183 0.00846581
0.86168893 0.00846342
0.86174602 0.00846103
0.86180311 0.00845865
0.86186020 0.00845626
0.86191728 0.00845387
0.86197435 0.00845147
0.86203143 0.00844908
0.86208849 0.00844669
0.86214555 0.00844430
0.86220261 0.00844190
0.86225966 0.00843951
0.86231671 0.00843712
0.86237375 0.00843472
0.86243079 0.00843232
0.86248783 0.00842993
0.86254486 0.00842753
0.86260188 0.00842513
0.86265890 0.00842273
0.86271591 0.00842033
0.86277293 0.00841793
0.86282993 0.00841553
0.86288693 0.00841313
0.86294393 0.00841073
0.86300092 0.00840833
0.86305791 0.00840593
0.86311489 0.00840352
0.86317187 0.00840112
0.86322884 0.00839871
0.86328581 0.00839631
0.86334277 0.00839390
0.86339973 0.00839150
0.86345668 0.00838909
0.86351363 0.00838668
0.86357058 0.00838427
0.86362752 0.00838186
0.86368445 0.00837945
0.86374138 0.00837704
0.86379831 0.00837463
0.86385523 0.00837222
0.86391215 0.00836981
0.86396906 0.00836739
0.86402597 0.00836498
0.86408287 0.00836257
0.86413977 0.00836015
0.86419666 0.00835774
0.86425355 0.00835532
0.86431043 0.00835290
0.86436731 0.00835049
0.86442418 0.00834807
0.86448105 0.00834565
0.86453792 0.00834323
0.86459478 0.00834081
0.86465163 0.00833839
0.86470848 0.00833597
0.86476533 0.00833355
0.86482217 0.00833112
0.86487901 0.00832870
0.86493584 0.00832628
0.86499266 0.00832385
0.86504949 0.00832143
0.86510630 0.00831900
0.86516312 0.00831658
0.86521992 0.00831415
0.86527673 0.00831172
0.86533353 0.00830930
0.86539032 0.00830687
0.86544711 0.00830444
0.86550389 0.00830201
0.86556067 0.00829958
0.86561745 0.00829715
0.86567422 0.00829472
0.86573098 0.00829228
0.86578774 0.00828985
0.86584450 0.00828742
0.86590125 0.00828498
0.86595800 0.00828255
0.86601474 0.00828011
0.86607147 0.00827768
0.86612821 0.00827524
0.86618493 0.00827280
0.86624166 0.00827037
0.86629838 0.00826793
0.86635509 0.00826549
0.86641180 0.00826305
0.86646850 0.00826061
0.86652520 0.00825817
0.86658189 0.00825573
0.86663858 0.00825328
0.86669527 0.00825084
0.86675195 0.00824840
0.86680862 0.00824595
0.86686529 0.00824351
0.86692196 0.00824106
0.86697862 0.00823862
0.86703528 0.00823617
0.86709193 0.00823372
0.86714857 0.00823128
0.86720522 0.00822883
0.86726185 0.00822638
0.86731849 0.00822393
0.86737511 0.00822148
0.86743174 0.00821903
0.86748835 0.00821658
0.86754497 0.00821413
0.86760158 0.00821167
0.86765818 0.00820922
0.86771478 0.00820677
0.86777137 0.00820431
0.86782796 0.00820186
0.86788455 0.00819940
0.86794113 0.00819695
0.86799770 0.00819449
0.86805427 0.00819203
0.86811084 0.00818957
0.86816740 0.00818711
0.86822395 0.00818466
0.86828050 0.00818220
0.86833705 0.00817974
0.86839359 0.00817727
0.86845013 0.00817481
0.86850666 0.00817235
0.86856319 0.00816989
0.86861971 0.00816742
0.86867623 0.00816496
0.86873274 0.00816250
0.86878925 0.00816003
0.86884575 0.00815756
0.86890225 0.00815510
0.86895875 0.00815263
0.86901523 0.00815016
0.86907172 0.00814769
0.86912820 0.00814523
0.86918467 0.00814276
0.86924114 0.00814029
0.86929761 0.00813781
0.86935407 0.00813534
0.86941052 0.00813287
0.86946697 0.00813040
0.86952342 0.00812793
0.86957986 0.00812545
0.86963630 0.00812298
0.86969273 0.00812050
0.86974915 0.00811803
0.86980558 0.00811555
0.86986199 0.00811307
0.86991841 0.00811060
0.86997481 0.00810812
0.87003122 0.00810564
0.87008761 0.00810316
0.87014401 0.00810068
0.87020039 0.00809820
0.87025678 0.00809572
0.87031316 0.00809324
0.87036953 0.00809076
0.87042590 0.00808827
0.87048226 0.00808579
0.87053862 0.00808331
0.87059498 0.00808082
0.87065132 0.00807834
0.87070767 0.00807585
0.87076401 0.00807336
0.87082034 0.00807088
0.87087667 0.00806839
0.87093300 0.00806590
0.87098932 0.00806341
0.87104564 0.00806092
0.87110195 0.00805843
0.87115825 0.00805594
0.87121455 0.00805345
0.87127085 0.00805096
0.87132714 0.00804847
0.87138343 0.00804597
0.87143971 0.00804348
0.87149599 0.00804099
0.87155226 0.00803849
0.87160853 0.00803600
0.87166479 0.00803350
0.87172105 0.00803100
0.87177730 0.00802851
0.87183355 0.00802601
0.87188979 0.00802351
0.87194603 0.00802101
0.87200226 0.00801851
0.87205849 0.00801601
0.87211472 0.00801351
0.87217094 0.00801101
0.87222715 0.00800851
0.87228336 0.00800601
0.87233956 0.00800350
0.87239576 0.00800100
0.87245196 0.00799849
0.87250815 0.00799599
0.87256433 0.00799348
0.87262051 0.00799098
0.87267669 0.00798847
0.87273286 0.00798596
0.87278902 0.00798346
0.87284519 0.00798095
0.87290134 0.00797844
0.87295749 0.00797593
0.87301364 0.00797342
0.87306978 0.00797091
0.87312592 0.00796840
0.87318205 0.00796589
0.87323817 0.00796337
0.87329430 0.00796086
0.87335041 0.00795835
0.87340652 0.00795583
0.87346263 0.00795332
0.87351873 0.00795080
0.87357483 0.00794829
0.87363092 0.00794577
0.87368701 0.00794325
0.87374309 0.00794073
0.87379917 0.00793822
0.87385525 0.00793570
0.87391131 0.00793318
0.87396738 0.00793066
0.87402344 0.00792814
0.87407949 0.00792561
0.87413554 0.00792309
0.87419158 0.00792057
0.87424762 0.00791805
0.87430365 0.00791552
0.87435968 0.00791300
0.87441571 0.00791047
0.87447173 0.00790795
0.87452774 0.00790542
0.87458375 0.00790290
0.87463976 0.00790037
0.87469576 0.00789784
0.87475175 0.00789531
0.87480774 0.00789278
0.87486373 0.00789025
0.87491971 0.00788772
0.87497568 0.00788519
0.87503165 0.00788266
0.87508762 0.00788013
0.87514358 0.00787760
0.87519953 0.00787506
0.87525549 0.00787253
0.87531143 0.00787000
0.87536737 0.00786746
0.87542331 0.00786493
0.87547924 0.00786239
0.87553517 0.00785985
0.87559109 0.00785732
0.87564700 0.00785478
0.87570292 0.00785224
0.87575882 0.00784970
0.87581472 0.00784716
0.87587062 0.00784462
0.87592651 0.00784208
0.87598240 0.00783954
0.87603828 0.00783700
0.87609416 0.00783446
0.87615003 0.00783192
0.87620590 0.00782937
0.87626176 0.00782683
0.87631762 0.00782428
0.87637347 0.00782174
0.87642932 0.00781919
0.87648516 0.00781665
0.87654100 0.00781410
0.87659683 0.00781155
0.87665266 0.00780900
0.87670848 0.00780645
0.87676430 0.00780391
0.87682011 0.00780136
0.87687592 0.00779881
0.87693173 0.00779625
0.87698752 0.00779370
0.87704332 0.00779115
0.87709911 0.00778860
0.87715489 0.00778605
0.87721067 0.00778349
0.87726644 0.00778094
0.87732221 0.00777838
0.87737798 0.00777583
0.87743373 0.00777327
0.87748949 0.00777071
0.87754524 0.00776816
0.87760098 0.00776560
0.87765672 0.00776304
0.87771245 0.00776048
0.87776818 0.00775792
0.87782391 0.00775536
0.87787963 0.00775280
0.87793534 0.00775024
0.87799105 0.00774768
0.87804676 0.00774512
0.87810246 0.00774255
0.87815815 0.00773999
0.87821384 0.00773743
0.87826952 0.00773486
0.87832520 0.00773230
0.87838088 0.00772973
0.87843655 0.00772716
0.87849221 0.00772460
0.87854787 0.00772203
0.87860353 0.00771946
0.87865918 0.00771689
0.87871482 0.00771432
0.87877046 0.00771175
0.87882610 0.00770918
0.87888173 0.00770661
0.87893735 0.00770404
0.87899298 0.00770147
0.87904859 0.00769890
0.87910420 0.00769632
0.87915981 0.00769375
0.87921541 0.00769118
0.87927100 0.00768860
0.87932659 0.00768603
0.87938218 0.00768345
0.87943776 0.00768087
0.87949333 0.00767830
0.87954890 0.00767572
0.87960447 0.00767314
0.87966003 0.00767056
0.87971559 0.00766798
0.87977114 0.00766540
0.87982668 0.00766282
0.87988222 0.00766024
0.87993776 0.00765766
0.87999329 0.00765508
0.88004881 0.00765249
0.88010434 0.00764991
0.88015985 0.00764733
0.88021536 0.00764474
0.88027087 0.00764216
0.88032637 0.00763957
0.88038186 0.00763699
0.88043735 0.00763440
0.88049284 0.00763181
0.88054832 0.00762922
0.88060380 0.00762664
0.88065927 0.00762405
0.88071473 0.00762146
0.88077019 0.00761887
0.88082565 0.00761628
0.88088110 0.00761369
0.88093655 0.00761109
0.88099199 0.00760850
0.88104742 0.00760591
0.88110285 0.00760332
0.88115828 0.00760072
0.88121370 0.00759813
0.88126912 0.00759553
0.88132453 0.00759294
0.88137993 0.00759034
0.88143533 0.00758774
0.88149073 0.00758515
0.88154612 0.00758255
0.88160151 0.00757995
0.88165689 0.00757735
0.88171226 0.00757475
0.88176763 0.00757215
0.88182300 0.00756955
0.88187836 0.00756695
0.88193371 0.00756435
0.88198906 0.00756175
0.88204441 0.00755914
0.88209975 0.00755654
0.88215509 0.00755394
0.88221042 0.00755133
0.88226574 0.00754873
0.88232106 0.00754612
0.88237638 0.00754351
0.88243169 0.00754091
0.88248699 0.00753830
0.88254229 0.00753569
0.88259759 0.00753308
0.88265288 0.00753047
0.88270817 0.00752787
0.88276345 0.00752526
0.88281872 0.00752264
0.88287399 0.00752003
0.88292926 0.00751742
0.88298452 0.00751481
0.88303977 0.00751220
0.88309502 0.00750958
0.88315027 0.00750697
0.88320551 0.00750436
0.88326074 0.00750174
0.88331597 0.00749913
0.88337120 0.00749651
0.88342642 0.00749389
0.88348163 0.00749128
0.88353684 0.00748866
0.88359204 0.00748604
0.88364724 0.00748342
0.88370244 0.00748080
0.88375763 0.00747818
0.88381281 0.00747556
0.88386799 0.00747294
0.88392317 0.00747032
0.88397833 0.00746770
0.88403350 0.00746507
0.88408866 0.00746245
0.88414381 0.00745983
0.88419896 0.00745720
0.88425411 0.00745458
0.88430924 0.00745195
0.88436438 0.00744933
0.88441951 0.00744670
0.88447463 0.00744407
0.88452975 0.00744145
0.88458486 0.00743882
0.88463997 0.00743619
0.88469507 0.00743356
0.88475017 0.00743093
0.88480527 0.00742830
0.88486035 0.00742567
0.88491544 0.00742304
0.88497052 0.00742041
0.88502559 0.00741777
0.88508066 0.00741514
0.88513572 0.00741251
0.88519078 0.00740987
0.88524583 0.00740724
0.88530088 0.00740460
0.88535592 0.00740197
0.88541096 0.00739933
0.88546599 0.00739669
0.88552102 0.00739406
0.88557604 0.00739142
0.88563106 0.00738878
0.88568607 0.00738614
0.88574108 0.00738350
0.88579608 0.00738086
0.88585107 0.00737822
0.88590607 0.00737558
0.88596105 0.00737294
0.88601603 0.00737030
0.88607101 0.00736765
0.88612598 0.00736501
0.88618095 0.00736237
0.88623591 0.00735972
0.88629087 0.00735708
0.88634582 0.00735443
0.88640076 0.00735179
0.88645570 0.00734914
0.88651064 0.00734649
0.88656557 0.00734385
0.88662050 0.00734120
0.88667542 0.00733855
0.88673033 0.00733590
0.88678524 0.00733325
0.88684015 0.00733060
0.88689505 0.00732795
0.88694994 0.00732530
0.88700483 0.00732265
0.88705972 0.00731999
0.88711460 0.00731734
0.88716947 0.00731469
0.88722434 0.00731203
0.88727920 0.00730938
0.88733406 0.00730672
0.88738892 0.00730407
0.88744377 0.00730141
0.88749861 0.00729876
0.88755345 0.00729610
0.88760828 0.00729344
0.88766311 0.00729078
0.88771793 0.00728812
0.88777275 0.00728546
0.88782756 0.00728280
0.88788237 0.00728014
0.88793717 0.00727748
0.88799197 0.00727482
0.88804676 0.00727216
0.88810155 0.00726950
0.88815633 0.00726683
0.88821111 0.00726417
0.88826588 0.00726151
0.88832065 0.00725884
0.88837541 0.00725618
0.88843017 0.00725351
0.88848492 0.00725085
0.88853967 0.00724818
0.88859441 0.00724551
0.88864914 0.00724284
0.88870388 0.00724018
0.88875860 0.00723751
0.88881332 0.00723484
0.88886804 0.00723217
0.88892275 0.00722950
0.88897745 0.00722683
0.88903215 0.00722415
0.88908685 0.00722148
0.88914154 0.00721881
0.88919622 0.00721614
0.88925090 0.00721346
0.88930558 0.00721079
0.88936025 0.00720811
0.88941491 0.00720544
0.88946957 0.00720276
0.88952422 0.00720009
0.88957887 0.00719741
0.88963351 0.00719473
0.88968815 0.00719206
0.88974279 0.00718938
0.88979741 0.00718670
0.88985204 0.00718402
0.88990665 0.00718134
0.88996127 0.00717866
0.89001587 0.00717598
0.89007048 0.00717330
0.89012507 0.00717062
0.89017966 0.00716793
0.89023425 0.00716525
0.89028883 0.00716257
0.89034341 0.00715988
0.89039798 0.00715720
0.89045255 0.00715451
0.89050711 0.00715183
0.89056166 0.00714914
0.89061621 0.00714645
0.89067076 0.00714377
0.89072530 0.00714108
0.89077983 0.00713839
0.89083436 0.00713570
0.89088889 0.00713301
0.89094341 0.00713032
0.89099792 0.00712763
0.89105243 0.00712494
0.89110694 0.00712225
0.89116143 0.00711956
0.89121593 0.00711687
0.89127042 0.00711417
0.89132490 0.00711148
0.89137938 0.00710879
0.89143385 0.00710609
0.89148832 0.00710340
0.89154278 0.00710070
0.89159724 0.00709801
0.89165169 0.00709531
0.89170614 0.00709261
0.89176058 0.00708992
0.89181501 0.00708722
0.89186945 0.00708452
0.89192387 0.00708182
0.89197829 0.00707912
0.89203271 0.00707642
0.89208712 0.00707372
0.89214152 0.00707102
0.89219592 0.00706832
0.89225032 0.00706561
0.89230471 0.00706291
0.89235909 0.00706021
0.89241347 0.00705751
0.89246785 0.00705480
0.89252222 0.00705210
0.89257658 0.00704939
0.89263094 0.00704669
0.89268529 0.00704398
0.89273964 0.00704127
0.89279398 0.00703857
0.89284832 0.00703586
0.89290265 0.00703315
0.89295698 0.00703044
0.89301130 0.00702773
0.89306562 0.00702502
0.89311993 0.00702231
0.89317424 0.00701960
0.89322854 0.00701689
0.89328283 0.00701418
0.89333712 0.00701146
0.89339141 0.00700875
0.89344569 0.00700604
0.89349996 0.00700332
0.89355423 0.00700061
0.89360850 0.00699790
0.89366276 0.00699518
0.89371701 0.00699246
0.89377126 0.00698975
0.89382550 0.00698703
0.89387974 0.00698431
0.89393398 0.00698160
0.89398820 0.00697888
0.89404243 0.00697616
0.89409664 0.00697344
0.89415086 0.00697072
0.89420506 0.00696800
0.89425927 0.00696528
0.89431346 0.00696256
0.89436765 0.00695983
0.89442184 0.00695711
0.89447602 0.00695439
0.89453020 0.00695166
0.89458437 0.00694894
0.89463853 0.00694622
0.89469269 0.00694349
0.89474685 0.00694076
0.89480100 0.00693804
0.89485514 0.00693531
0.89490928 0.00693259
0.89496341 0.00692986
0.89501754 0.00692713
0.89507166 0.00692440
0.89512578 0.00692167
0.89517989 0.00691894
0.89523400 0.00691621
0.89528810 0.00691348
0.89534220 0.00691075
0.89539629 0.00690802
0.89545038 0.00690529
0.89550446 0.00690255
0.89555854 0.00689982
0.89561261 0.00689709
0.89566667 0.00689435
0.89572073 0.00689162
0.89577479 0.00688888
0.89582884 0.00688615
0.89588288 0.00688341
0.89593692 0.00688068
0.89599095 0.00687794
0.89604498 0.00687520
0.89609900 0.00687246
0.89615302 0.00686972
0.89620703 0.00686699
0.89626104 0.00686425
0.89631504 0.00686151
0.89636904 0.00685877
0.89642303 0.00685602
0.89647702 0.00685328
0.89653100 0.00685054
0.89658497 0.00684780
0.89663895 0.00684506
0.89669291 0.00684231
0.89674687 0.00683957
0.89680082 0.00683682
0.89685477 0.00683408
0.89690872 0.00683133
0.89696266 0.00682859
0.89701659 0.00682584
0.89707052 0.00682309
0.89712444 0.00682035
0.89717836 0.00681760
0.89723227 0.00681485
0.89728618 0.00681210
0.89734008 0.00680935
0.89739398 0.00680660
0.89744787 0.00680385
0.89750175 0.00680110
0.89755563 0.00679835
0.89760951 0.00679560
0.89766338 0.00679284
0.89771724 0.00679009
0.89777110 0.00678734
0.89782496 0.00678458
0.89787881 0.00678183
0.89793265 0.00677907
0.89798649 0.00677632
0.89804032 0.00677356
0.89809415 0.00677081
0.89814797 0.00676805
0.89820179 0.00676529
0.89825560 0.00676253
0.89830940 0.00675978
0.89836320 0.00675702
0.89841700 0.00675426
0.89847079 0.00675150
0.89852458 0.00674874
0.89857836 0.00674598
0.89863213 0.00674322
0.89868590 0.00674045
0.89873966 0.00673769
0.89879342 0.00673493
0.89884717 0.00673217
0.89890092 0.00672940
0.89895466 0.00672664
0.89900840 0.00672387
0.89906213 0.00672111
0.89911586 0.00671834
0.89916958 0.00671558
0.89922330 0.00671281
0.89927701 0.00671004
0.89933071 0.00670727
0.89938441 0.00670451
0.89943811 0.00670174
0.89949180 0.00669897
0.89954548 0.00669620
0.89959916 0.00669343
0.89965283 0.00669066
0.89970650 0.00668789
0.89976016 0.00668512
0.89981382 0.00668234
0.89986747 0.00667957
0.89992112 0.00667680
0.89997476 0.00667403
0.90002840 0.00667125
0.90008203 0.00666848
0.90013565 0.00666570
0.90018927 0.00666293
0.90024288 0.00666015
0.90029649 0.00665737
0.90035010 0.00665460
0.90040370 0.00665182
0.90045729 0.00664904
0.90051088 0.00664626
0.90056446 0.00664349
0.90061804 0.00664071
0.90067161 0.00663793
0.90072517 0.00663515
0.90077874 0.00663237
0.90083229 0.00662959
0.90088584 0.00662680
0.90093939 0.00662402
0.90099293 0.00662124
0.90104646 0.00661846
0.90109999 0.00661567
0.90115351 0.00661289
0.90120703 0.00661010
0.90126054 0.00660732
0.90131405 0.00660453
0.90136755 0.00660175
0.90142105 0.00659896
0.90147454 0.00659617
0.90152803 0.00659339
0.90158151 0.00659060
0.90163498 0.00658781
0.90168845 0.00658502
0.90174192 0.00658223
0.90179538 0.00657944
0.90184883 0.00657665
0.90190228 0.00657386
0.90195572 0.00657107
0.90200916 0.00656828
0.90206259 0.00656549
0.90211602 0.00656269
0.90216944 0.00655990
0.90222285 0.00655711
0.90227627 0.00655431
0.90232967 0.00655152
0.90238307 0.00654872
0.90243646 0.00654593
0.90248985 0.00654313
0.90254324 0.00654034
0.90259662 0.00653754
0.90264999 0.00653474
0.90270336 0.00653195
0.90275672 0.00652915
0.90281008 0.00652635
0.90286343 0.00652355
0.90291677 0.00652075
0.90297011 0.00651795
0.90302345 0.00651515
0.90307678 0.00651235
0.90313010 0.00650955
0.90318342 0.00650674
0.90323674 0.00650394
0.90329004 0.00650114
0.90334335 0.00649834
0.90339664 0.00649553
0.90344994 0.00649273
0.90350322 0.00648992
0.90355650 0.00648712
0.90360978 0.00648431
0.90366305 0.00648150
0.90371632 0.00647870
0.90376958 0.00647589
0.90382283 0.00647308
0.90387608 0.00647027
0.90392932 0.00646747
0.90398256 0.00646466
0.90403579 0.00646185
0.90408902 0.00645904
0.90414224 0.00645623
0.90419546 0.00645342
0.90424867 0.00645060
0.90430187 0.00644779
0.90435507 0.00644498
0.90440827 0.00644217
0.90446146 0.00643935
0.90451464 0.00643654
0.90456782 0.00643373
0.90462099 0.00643091
0.90467416 0.00642810
0.90472732 0.00642528
0.90478048 0.00642247
0.90483363 0.00641965
0.90488678 0.00641683
0.90493992 0.00641401
0.90499305 0.00641120
0.90504618 0.00640838
0.90509930 0.00640556
0.90515242 0.00640274
0.90520554 0.00639992
0.90525864 0.00639710
0.90531175 0.00639428
0.90536484 0.00639146
0.90541793 0.00638864
0.90547102 0.00638581
0.90552410 0.00638299
0.90557718 0.00638017
0.90563025 0.00637735
0.90568331 0.00637452
0.90573637 0.00637170
0.90578942 0.00636887
0.90584247 0.00636605
0.90589551 0.00636322
0.90594855 0.00636039
0.90600158 0.00635757
0.90605461 0.00635474
0.90610763 0.00635191
0.90616064 0.00634909
0.90621365 0.00634626
0.90626666 0.00634343
0.90631966 0.00634060
0.90637265 0.00633777
0.90642564 0.00633494
0.90647862 0.00633211
0.90653160 0.00632928
0.90658457 0.00632644
0.90663754 0.00632361
0.90669050 0.00632078
0.90674345 0.00631795
0.90679640 0.00631511
0.90684935 0.00631228
0.90690228 0.00630944
0.90695522 0.00630661
0.90700815 0.00630377
0.90706107 0.00630094
0.90711398 0.00629810
0.90716690 0.00629526
0.90721980 0.00629243
0.90727270 0.00628959
0.90732560 0.00628675
0.90737849 0.00628391
0.90743137 0.00628107
0.90748425 0.00627823
0.90753712 0.00627539
0.90758999 0.00627255
0.90764285 0.00626971
0.90769571 0.00626687
0.90774856 0.00626403
0.90780141 0.00626119
0.90785425 0.00625835
0.90790708 0.00625550
0.90795991 0.00625266
0.90801273 0.00624982
0.90806555 0.00624697
0.90811837 0.00624413
0.90817117 0.00624128
0.90822397 0.00623843
0.90827677 0.00623559
0.90832956 0.00623274
0.90838235 0.00622989
0.90843513 0.00622705
0.90848790 0.00622420
0.90854067 0.00622135
0.90859343 0.00621850
0.90864619 0.00621565
0.90869894 0.00621280
0.90875169 0.00620995
0.90880443 0.00620710
0.90885717 0.00620425
0.90890990 0.00620140
0.90896262 0.00619855
0.90901534 0.00619569
0.90906806 0.00619284
0.90912077 0.00618999
0.90917347 0.00618713
0.90922617 0.00618428
0.90927886 0.00618142
0.90933154 0.00617857
0.90938422 0.00617571
0.90943690 0.00617286
0.90948957 0.00617000
0.90954223 0.00616714
0.90959489 0.00616429
0.90964755 0.00616143
0.90970019 0.00615857
0.90975284 0.00615571
0.90980547 0.00615285
0.90985810 0.00614999
0.90991073 0.00614713
0.90996335 0.00614427
0.91001596 0.00614141
0.91006857 0.00613855
0.91012118 0.00613569
0.91017378 0.00613282
0.91022637 0.00612996
0.91027895 0.00612710
0.91033154 0.00612423
0.91038411 0.00612137
0.91043668 0.00611851
0.91048925 0.00611564
0.91054181 0.00611277
0.91059436 0.00610991
0.91064691 0.00610704
0.91069945 0.00610418
0.91075199 0.00610131
0.91080452 0.00609844
0.91085705 0.00609557
0.91090957 0.00609270
0.91096208 0.00608984
0.91101459 0.00608697
0.91106710 0.00608410
0.91111959 0.00608123
0.91117209 0.00607835
0.91122457 0.00607548
0.91127706 0.00607261
0.91132953 0.00606974
0.91138200 0.00606687
0.91143447 0.00606399
0.91148693 0.00606112
0.91153938 0.00605825
0.91159183 0.00605537
0.91164427 0.00605250
0.91169671 0.00604962
0.91174914 0.00604675
0.91180157 0.00604387
0.91185399 0.00604100
0.91190640 0.00603812
0.91195881 0.00603524
0.91201122 0.00603236
0.91206362 0.00602948
0.91211601 0.00602661
0.91216840 0.00602373
0.91222078 0.00602085
0.91227316 0.00601797
0.91232553 0.00601509
0.91237789 0.00601221
0.91243025 0.00600933
0.91248260 0.00600644
0.91253495 0.00600356
0.91258730 0.00600068
0.91263963 0.00599780
0.91269196 0.00599491
0.91274429 0.00599203
0.91279661 0.00598914
0.91284893 0.00598626
0.91290124 0.00598337
0.91295354 0.00598049
0.91300584 0.00597760
0.91305813 0.00597472
0.91311042 0.00597183
0.91316270 0.00596894
0.91321497 0.00596605
0.91326725 0.00596317
0.91331951 0.00596028
0.91337177 0.00595739
0.91342402 0.00595450
0.91347627 0.00595161
0.91352851 0.00594872
0.91358075 0.00594583
0.91363298 0.00594294
0.91368521 0.00594005
0.91373743 0.00593715
0.91378964 0.00593426
0.91384185 0.00593137
0.91389405 0.00592847
0.91394625 0.00592558
0.91399844 0.00592269
0.91405063 0.00591979
0.91410281 0.00591690
0.91415499 0.00591400
0.91420716 0.00591111
0.91425932 0.00590821
0.91431148 0.00590531
0.91436363 0.00590241
0.91441578 0.00589952
0.91446792 0.00589662
0.91452006 0.00589372
0.91457219 0.00589082
0.91462431 0.00588792
0.91467643 0.00588502
0.91472854 0.00588212
0.91478065 0.00587922
0.91483276 0.00587632
0.91488485 0.00587342
0.91493694 0.00587052
0.91498903 0.00586762
0.91504111 0.00586471
0.91509318 0.00586181
0.91514525 0.00585891
0.91519731 0.00585600
0.91524937 0.00585310
0.91530142 0.00585019
0.91535347 0.00584729
0.91540551 0.00584438
0.91545755 0.00584148
0.91550958 0.00583857
0.91556160 0.00583566
0.91561362 0.00583275
0.91566563 0.00582985
0.91571764 0.00582694
0.91576964 0.00582403
0.91582163 0.00582112
0.91587362 0.00581821
0.91592561 0.00581530
0.91597759 0.00581239
0.91602956 0.00580948
0.91608153 0.00580657
0.91613349 0.00580366
0.91618545 0.00580074
0.91623740 0.00579783
0.91628934 0.00579492
0.91634128 0.00579201
0.91639321 0.00578909
0.91644514 0.00578618
0.91649706 0.00578326
0.91654898 0.00578035
0.91660089 0.00577743
0.91665280 0.00577452
0.91670470 0.00577160
0.91675659 0.00576868
0.91680848 0.00576577
0.91686036 0.00576285
0.91691224 0.00575993
0.91696411 0.00575701
0.91701598 0.00575409
0.91706784 0.00575118
0.91711969 0.00574826
0.91717154 0.00574534
0.91722338 0.00574242
0.91727522 0.00573949
0.91732705 0.00573657
0.91737888 0.00573365
0.91743070 0.00573073
0.91748252 0.00572781
0.91753432 0.00572488
0.91758613 0.00572196
0.91763793 0.00571904
0.91768972 0.00571611
0.91774151 0.00571319
0.91779329 0.00571026
0.91784506 0.00570734
0.91789683 0.00570441
0.91794860 0.00570149
0.91800035 0.00569856
0.91805211 0.00569563
0.91810385 0.00569271
0.91815559 0.00568978
0.91820733 0.00568685
0.91825906 0.00568392
0.91831078 0.00568099
0.91836250 0.00567806
0.91841422 0.00567513
0.91846592 0.00567220
0.91851762 0.00566927
0.91856932 0.00566634
0.91862101 0.00566341
0.91867270 0.00566048
0.91872437 0.00565754
0.91877605 0.00565461
0.91882771 0.00565168
0.91887938 0.00564874
0.91893103 0.00564581
0.91898268 0.00564287
0.91903433 0.00563994
0.91908597 0.00563700
0.91913760 0.00563407
0.91918923 0.00563113
0.91924085 0.00562820
0.91929247 0.00562526
0.91934408 0.00562232
0.91939568 0.00561938
0.91944728 0.00561645
0.91949887 0.00561351
0.91955046 0.00561057
0.91960204 0.00560763
0.91965362 0.00560469
0.91970519 0.00560175
0.91975676 0.00559881
0.91980831 0.00559587
0.91985987 0.00559293
0.91991142 0.00558998
0.91996296 0.00558704
0.92001449 0.00558410
0.92006603 0.00558116
0.92011755 0.00557821
0.92016907 0.00557527
0.92022058 0.00557232
0.92027209 0.00556938
0.92032359 0.00556644
0.92037509 0.00556349
0.92042658 0.00556054
0.92047807 0.00555760
0.92052954 0.00555465
0.92058102 0.00555170
0.92063249 0.00554876
0.92068395 0.00554581
0.92073540 0.00554286
0.92078686 0.00553991
0.92083830 0.00553696
0.92088974 0.00553401
0.92094117 0.00553106
0.92099260 0.00552811
0.92104402 0.00552516
0.92109544 0.00552221
0.92114685 0.00551926
0.92119825 0.00551631
0.92124965 0.00551335
0.92130105 0.00551040
0.92135244 0.00550745
0.92140382 0.00550450
0.92145519 0.00550154
0.92150656 0.00549859
0.92155793 0.00549563
0.92160929 0.00549268
0.92166064 0.00548972
0.92171199 0.00548677
0.92176333 0.00548381
0.92181467 0.00548085
0.92186600 0.00547790
0.92191732 0.00547494
0.92196864 0.00547198
0.92201995 0.00546902
0.92207126 0.00546606
0.92212256 0.00546310
0.92217386 0.00546014
0.92222515 0.00545718
0.92227643 0.00545422
0.92232771 0.00545126
0.92237898 0.00544830
0.92243025 0.00544534
0.92248151 0.00544238
0.92253277 0.00543942
0.92258402 0.00543645
0.92263526 0.00543349
0.92268650 0.00543053
0.92273773 0.00542756
0.92278896 0.00542460
0.92284018 0.00542163
0.92289140 0.00541867
0.92294260 0.00541570
0.92299381 0.00541274
0.92304501 0.00540977
0.92309620 0.00540680
0.92314738 0.00540384
0.92319857 0.00540087
0.92324974 0.00539790
0.92330091 0.00539493
0.92335207 0.00539197
0.92340323 0.00538900
0.92345438 0.00538603
0.92350553 0.00538306
0.92355667 0.00538009
0.92360780 0.00537712
0.92365893 0.00537415
0.92371005 0.00537117
0.92376117 0.00536820
0.92381228 0.00536523
0.92386339 0.00536226
0.92391449 0.00535928
0.92396558 0.00535631
0.92401667 0.00535334
0.92406775 0.00535036
0.92411883 0.00534739
0.92416990 0.00534441
0.92422097 0.00534144
0.92427203 0.00533846
0.92432308 0.00533549
0.92437413 0.00533251
0.92442517 0.00532953
0.92447620 0.00532656
0.92452724 0.00532358
0.92457826 0.00532060
0.92462928 0.00531762
0.92468029 0.00531464
0.92473130 0.00531166
0.92478230 0.00530868
0.92483330 0.00530570
0.92488429 0.00530272
0.92493527 0.00529974
0.92498625 0.00529676
0.92503722 0.00529378
0.92508819 0.00529080
0.92513915 0.00528782
0.92519010 0.00528483
0.92524105 0.00528185
0.92529199 0.00527887
0.92534293 0.00527588
0.92539386 0.00527290
0.92544479 0.00526991
0.92549571 0.00526693
0.92554662 0.00526394
0.92559753 0.00526096
0.92564844 0.00525797
0.92569933 0.00525499
0.92575022 0.00525200
0.92580111 0.00524901
0.92585199 0.00524602
0.92590286 0.00524303
0.92595373 0.00524005
0.92600459 0.00523706
0.92605545 0.00523407
0.92610630 0.00523108
0.92615714 0.00522809
0.92620798 0.00522510
0.92625881 0.00522211
0.92630964 0.00521912
0.92636046 0.00521612
0.92641128 0.00521313
0.92646209 0.00521014
0.92651289 0.00520715
0.92656369 0.00520415
0.92661448 0.00520116
0.92666527 0.00519817
0.92671605 0.00519517
0.92676682 0.00519218
0.92681759 0.00518918
0.92686835 0.00518619
0.92691911 0.00518319
0.92696986 0.00518020
0.92702061 0.00517720
0.92707135 0.00517420
0.92712208 0.00517121
0.92717281 0.00516821
0.92722353 0.00516521
0.92727425 0.00516221
0.92732496 0.00515921
0.92737566 0.00515621
0.92742636 0.00515321
0.92747705 0.00515021
0.92752774 0.00514721
0.92757842 0.00514421
0.92762910 0.00514121
0.92767977 0.00513821
0.92773043 0.00513521
0.92778109 0.00513221
0.92783174 0.00512920
0.92788238 0.00512620
0.92793302 0.00512320
0.92798366 0.00512019
0.92803429 0.00511719
0.92808491 0.00511419
0.92813553 0.00511118
0.92818614 0.00510818
0.92823674 0.00510517
0.92828734 0.00510216
0.92833793 0.00509916
0.92838852 0.00509615
0.92843910 0.00509314
0.92848968 0.00509014
0.92854025 0.00508713
0.92859081 0.00508412
0.92864137 0.00508111
0.92869192 0.00507810
0.92874247 0.00507509
0.92879301 0.00507208
0.92884354 0.00506907
0.92889407 0.00506606
0.92894459 0.00506305
0.92899511 0.00506004
0.92904562 0.00505703
0.92909613 0.00505402
0.92914663 0.00505100
0.92919712 0.00504799
0.92924761 0.00504498
0.92929809 0.00504197
0.92934856 0.00503895
0.92939903 0.00503594
0.92944950 0.00503292
0.92949996 0.00502991
0.92955041 0.00502689
0.92960085 0.00502388
0.92965129 0.00502086
0.92970173 0.00501784
0.92975216 0.00501483
0.92980258 0.00501181
0.92985300 0.00500879
0.92990341 0.00500577
0.92995381 0.00500276
0.93000421 0.00499974
0.93005461 0.00499672
0.93010499 0.00499370
0.93015537 0.00499068
0.93020575 0.00498766
0.93025612 0.00498464
0.93030648 0.00498162
0.93035684 0.00497860
0.93040719 0.00497558
0.93045754 0.00497255
0.93050788 0.00496953
0.93055821 0.00496651
0.93060854 0.00496349
0.93065886 0.00496046
0.93070918 0.00495744
0.93075949 0.00495441
0.93080980 0.00495139
0.93086009 0.00494836
0.93091039 0.00494534
0.93096067 0.00494231
0.93101096 0.00493929
0.93106123 0.00493626
0.93111150 0.00493323
0.93116176 0.00493021
0.93121202 0.00492718
0.93126227 0.00492415
0.93131252 0.00492112
0.93136276 0.00491809
0.93141299 0.00491507
0.93146322 0.00491204
0.93151344 0.00490901
0.93156366 0.00490598
0.93161387 0.00490295
0.93166407 0.00489992
0.93171427 0.00489688
0.93176446 0.00489385
0.93181465 0.00489082
0.93186483 0.00488779
0.93191500 0.00488476
0.93196517 0.00488172
0.93201533 0.00487869
0.93206549 0.00487566
0.93211564 0.00487262
0.93216578 0.00486959
0.93221592 0.00486655
0.93226605 0.00486352
0.93231618 0.00486048
0.93236630 0.00485745
0.93241642 0.00485441
0.93246653 0.00485137
0.93251663 0.00484834
0.93256673 0.00484530
0.93261682 0.00484226
0.93266690 0.00483922
0.93271698 0.00483619
0.93276706 0.00483315
0.93281712 0.00483011
0.93286718 0.00482707
0.93291724 0.00482403
0.93296729 0.00482099
0.93301733 0.00481795
0.93306737 0.00481491
0.93311740 0.00481187
0.93316743 0.00480882
0.93321745 0.00480578
0.93326746 0.00480274
0.93331747 0.00479970
0.93336747 0.00479665
0.93341747 0.00479361
0.93346746 0.00479057
0.93351744 0.00478752
0.93356742 0.00478448
0.93361739 0.00478143
0.93366736 0.00477839
0.93371732 0.00477534
0.93376727 0.00477230
0.93381722 0.00476925
0.93386716 0.00476620
0.93391710 0.00476316
0.93396703 0.00476011
0.93401695 0.00475706
0.93406687 0.00475401
0.93411678 0.00475097
0.93416669 0.00474792
0.93421659 0.00474487
0.93426648 0.00474182
0.93431637 0.00473877
0.93436626 0.00473572
0.93441613 0.00473267
0.93446600 0.00472962
0.93451587 0.00472657
0.93456573 0.00472351
0.93461558 0.00472046
0.93466542 0.00471741
0.93471526 0.00471436
0.93476510 0.00471130
0.93481493 0.00470825
0.93486475 0.00470520
0.93491457 0.00470214
0.93496438 0.00469909
0.93501418 0.00469603
0.93506398 0.00469298
0.93511377 0.00468992
0.93516356 0.00468687
0.93521334 0.00468381
0.93526312 0.00468075
0.93531288 0.00467770
0.93536265 0.00467464
0.93541240 0.00467158
0.93546215 0.00466853
0.93551190 0.00466547
0.93556164 0.00466241
0.93561137 0.00465935
0.93566110 0.00465629
0.93571082 0.00465323
0.93576053 0.00465017
0.93581024 0.00464711
0.93585994 0.00464405
0.93590964 0.00464099
0.93595933 0.00463793
0.93600902 0.00463486
0.93605869 0.00463180
0.93610837 0.00462874
0.93615803 0.00462568
0.93620769 0.00462261
0.93625735 0.00461955
0.93630700 0.00461649
0.93635664 0.00461342
0.93640628 0.00461036
0.93645591 0.00460729
0.93650553 0.00460423
0.93655515 0.00460116
0.93660476 0.00459810
0.93665437 0.00459503
0.93670397 0.00459196
0.93675356 0.00458890
0.93680315 0.00458583
0.93685273 0.00458276
0.93690231 0.00457969
0.93695188 0.00457662
0.93700144 0.00457356
0.93705100 0.00457049
0.93710055 0.00456742
0.93715010 0.00456435
0.93719964 0.00456128
0.93724917 0.00455821
0.93729870 0.00455514
0.93734822 0.00455206
0.93739774 0.00454899
0.93744725 0.00454592
0.93749675 0.00454285
0.93754625 0.00453978
0.93759574 0.00453670
0.93764523 0.00453363
0.93769471 0.00453056
0.93774418 0.00452748
0.93779365 0.00452441
0.93784311 0.00452133
0.93789256 0.00451826
0.93794201 0.00451518
0.93799146 0.00451211
0.93804089 0.00450903
0.93809033 0.00450596
0.93813975 0.00450288
0.93818917 0.00449980
0.93823858 0.00449673
0.93828799 0.00449365
0.93833739 0.00449057
0.93838679 0.00448749
0.93843618 0.00448441
0.93848556 0.00448133
0.93853493 0.00447825
0.93858431 0.00447517
0.93863367 0.00447209
0.93868303 0.00446901
0.93873238 0.00446593
0.93878173 0.00446285
0.93883107 0.00445977
0.93888040 0.00445669
0.93892973 0.00445361
0.93897905 0.00445052
0.93902837 0.00444744
0.93907768 0.00444436
0.93912698 0.00444128
0.93917628 0.00443819
0.93922557 0.00443511
0.93927486 0.00443202
0.93932414 0.00442894
0.93937341 0.00442585
0.93942268 0.00442277
0.93947194 0.00441968
0.93952119 0.00441660
0.93957044 0.00441351
0.93961969 0.00441042
0.93966892 0.00440734
0.93971816 0.00440425
0.93976738 0.00440116
0.93981660 0.00439807
0.93986581 0.00439498
0.93991502 0.00439189
0.93996422 0.00438881
0.94001341 0.00438572
0.94006260 0.00438263
0.94011178 0.00437954
0.94016096 0.00437644
0.94021013 0.00437335
0.94025929 0.00437026
0.94030845 0.00436717
0.94035760 0.00436408
0.94040675 0.00436099
0.94045589 0.00435789
0.94050502 0.00435480
0.94055415 0.00435171
0.94060327 0.00434862
0.94065239 0.00434552
0.94070150 0.00434243
0.94075060 0.00433933
0.94079970 0.00433624
0.94084879 0.00433314
0.94089787 0.00433005
0.94094695 0.00432695
0.94099602 0.00432385
0.94104509 0.00432076
0.94109415 0.00431766
0.94114320 0.00431456
0.94119225 0.00431147
0.94124129 0.00430837
0.94129033 0.00430527
0.94133936 0.00430217
0.94138838 0.00429907
0.94143740 0.00429597
0.94148641 0.00429287
0.94153542 0.00428977
0.94158442 0.00428667
0.94163341 0.00428357
0.94168239 0.00428047
0.94173138 0.00427737
0.94178035 0.00427427
0.94182932 0.00427117
0.94187828 0.00426807
0.94192724 0.00426496
0.94197619 0.00426186
0.94202513 0.00425876
0.94207407 0.00425565
0.94212300 0.00425255
0.94217193 0.00424945
0.94222085 0.00424634
0.94226976 0.00424324
0.94231867 0.00424013
0.94236757 0.00423703
0.94241646 0.00423392
0.94246535 0.00423081
0.94251423 0.00422771
0.94256311 0.00422460
0.94261198 0.00422149
0.94266084 0.00421839
0.94270970 0.00421528
0.94275855 0.00421217
0.94280740 0.00420906
0.94285624 0.00420595
0.94290507 0.00420285
0.94295390 0.00419974
0.94300272 0.00419663
0.94305154 0.00419352
0.94310035 0.00419041
0.94314915 0.00418729
0.94319795 0.00418418
0.94324674 0.00418107
0.94329552 0.00417796
0.94334430 0.00417485
0.94339307 0.00417174
0.94344184 0.00416862
0.94349060 0.00416551
0.94353935 0.00416240
0.94358810 0.00415928
0.94363684 0.00415617
0.94368557 0.00415306
0.94373430 0.00414994
0.94378302 0.00414683
0.94383174 0.00414371
0.94388045 0.00414060
0.94392916 0.00413748
0.94397785 0.00413436
0.94402655 0.00413125
0.94407523 0.00412813
0.94412391 0.00412501
0.94417258 0.00412190
0.94422125 0.00411878
0.94426991 0.00411566
0.94431857 0.00411254
0.94436722 0.00410942
0.94441586 0.00410630
0.94446450 0.00410318
0.94451313 0.00410006
0.94456175 0.00409694
0.94461037 0.00409382
0.94465898 0.00409070
0.94470758 0.00408758
0.94475618 0.00408446
0.94480478 0.00408134
0.94485336 0.00407822
0.94490194 0.00407509
0.94495052 0.00407197
0.94499909 0.00406885
0.94504765 0.00406573
0.94509621 0.00406260
0.94514475 0.00405948
0.94519330 0.00405635
0.94524184 0.00405323
0.94529037 0.00405010
0.94533889 0.00404698
0.94538741 0.00404385
0.94543592 0.00404073
0.94548443 0.00403760
0.94553293 0.00403448
0.94558142 0.00403135
0.94562991 0.00402822
0.94567839 0.00402509
0.94572687 0.00402197
0.94577534 0.00401884
0.94582380 0.00401571
0.94587226 0.00401258
0.94592071 0.00400945
0.94596915 0.00400632
0.94601759 0.00400319
0.94606602 0.00400006
0.94611445 0.00399693
0.94616287 0.00399380
0.94621128 0.00399067
0.94625969 0.00398754
0.94630809 0.00398441
0.94635648 0.00398128
0.94640487 0.00397815
0.94645326 0.00397501
0.94650163 0.00397188
0.94655000 0.00396875
0.94659836 0.00396561
0.94664672 0.00396248
0.94669507 0.00395935
0.94674342 0.00395621
0.94679176 0.00395308
0.94684009 0.00394994
0.94688842 0.00394681
0.94693674 0.00394367
0.94698505 0.00394053
0.94703336 0.00393740
0.94708166 0.00393426
0.94712995 0.00393112
0.94717824 0.00392799
0.94722653 0.00392485
0.94727480 0.00392171
0.94732307 0.00391857
0.94737134 0.00391544
0.94741959 0.00391230
0.94746785 0.00390916
0.94751609 0.00390602
0.94756433 0.00390288
0.94761256 0.00389974
0.94766079 0.00389660
0.94770901 0.00389346
0.94775722 0.00389032
0.94780543 0.00388718
0.94785363 0.00388403
0.94790183 0.00388089
0.94795002 0.00387775
0.94799820 0.00387461
0.94804638 0.00387147
0.94809455 0.00386832
0.94814271 0.00386518
0.94819087 0.00386203
0.94823902 0.00385889
0.94828717 0.00385575
0.94833531 0.00385260
0.94838344 0.00384946
0.94843157 0.00384631
0.94847969 0.00384317
0.94852780 0.00384002
0.94857591 0.00383687
0.94862401 0.00383373
0.94867210 0.00383058
0.94872019 0.00382743
0.94876828 0.00382429
0.94881635 0.00382114
0.94886442 0.00381799
0.94891249 0.00381484
0.94896055 0.00381169
0.94900860 0.00380854
0.94905664 0.00380539
0.94910468 0.00380225
0.94915271 0.00379910
0.94920074 0.00379594
0.94924876 0.00379279
0.94929677 0.00378964
0.94934478 0.00378649
0.94939278 0.00378334
0.94944078 0.00378019
0.94948877 0.00377704
0.94953675 0.00377388
0.94958473 0.00377073
0.94963270 0.00376758
0.94968066 0.00376443
0.94972862 0.00376127
0.94977657 0.00375812
0.94982451 0.00375496
0.94987245 0.00375181
0.94992038 0.00374865
0.94996831 0.00374550
0.95001623 0.00374234
0.95006414 0.00373919
0.95011205 0.00373603
0.95015995 0.00373288
0.95020784 0.00372972
0.95025573 0.00372656
0.95030362 0.00372341
0.95035149 0.00372025
0.95039936 0.00371709
0.95044722 0.00371393
0.95049508 0.00371077
0.95054293 0.00370761
0.95059077 0.00370446
0.95063861 0.00370130
0.95068644 0.00369814
0.95073427 0.00369498
0.95078209 0.00369182
0.95082990 0.00368866
0.95087771 0.00368550
0.95092551 0.00368233
0.95097330 0.00367917
0.95102109 0.00367601
0.95106887 0.00367285
0.95111664 0.00366969
0.95116441 0.00366652
0.95121218 0.00366336
0.95125993 0.00366020
0.95130768 0.00365703
0.95135542 0.00365387
0.95140316 0.00365071
0.95145089 0.00364754
0.95149862 0.00364438
0.95154633 0.00364121
0.95159405 0.00363805
0.95164175 0.00363488
0.95168945 0.00363171
0.95173714 0.00362855
0.95178483 0.00362538
0.95183251 0.00362221
0.95188018 0.00361905
0.95192785 0.00361588
0.95197551 0.00361271
0.95202317 0.00360954
0.95207082 0.00360638
0.95211846 0.00360321
0.95216609 0.00360004
0.95221372 0.00359687
0.95226135 0.00359370
0.95230896 0.00359053
0.95235657 0.00358736
0.95240418 0.00358419
0.95245178 0.00358102
0.95249937 0.00357785
0.95254695 0.00357468
0.95259453 0.00357150
0.95264210 0.00356833
0.95268967 0.00356516
0.95273723 0.00356199
0.95278478 0.00355881
0.95283233 0.00355564
0.95287987 0.00355247
0.95292740 0.00354929
0.95297493 0.00354612
0.95302245 0.00354294
0.95306997 0.00353977
0.95311748 0.00353660
0.95316498 0.00353342
0.95321248 0.00353024
0.95325997 0.00352707
0.95330745 0.00352389
0.95335493 0.00352072
0.95340240 0.00351754
0.95344986 0.00351436
0.95349732 0.00351119
0.95354477 0.00350801
0.95359222 0.00350483
0.95363966 0.00350165
0.95368709 0.00349847
0.95373452 0.00349529
0.95378194 0.00349212
0.95382935 0.00348894
0.95387676 0.00348576
0.95392416 0.00348258
0.95397156 0.00347940
0.95401894 0.00347622
0.95406633 0.00347303
0.95411370 0.00346985
0.95416107 0.00346667
0.95420843 0.00346349
0.95425579 0.00346031
0.95430314 0.00345713
0.95435048 0.00345394
0.95439782 0.00345076
0.95444515 0.00344758
0.95449248 0.00344439
0.95453979 0.00344121
0.95458711 0.00343803
0.95463441 0.00343484
0.95468171 0.00343166
0.95472900 0.00342847
0.95477629 0.00342529
0.95482357 0.00342210
0.95487084 0.00341892
0.95491811 0.00341573
0.95496537 0.00341254
0.95501262 0.00340936
0.95505987 0.00340617
0.95510711 0.00340298
0.95515435 0.00339980
0.95520158 0.00339661
0.95524880 0.00339342
0.95529602 0.00339023
0.95534323 0.00338704
0.95539043 0.00338385
0.95543763 0.00338066
0.95548482 0.00337747
0.95553200 0.00337428
0.95557918 0.00337109
0.95562635 0.00336790
0.95567351 0.00336471
0.95572067 0.00336152
0.95576782 0.00335833
0.95581497 0.00335514
0.95586211 0.00335195
0.95590924 0.00334876
0.95595637 0.00334556
0.95600349 0.00334237
0.95605060 0.00333918
0.95609771 0.00333598
0.95614481 0.00333279
0.95619190 0.00332960
0.95623899 0.00332640
0.95628607 0.00332321
0.95633315 0.00332001
0.95638022 0.00331682
0.95642728 0.00331362
0.95647434 0.00331043
0.95652139 0.00330723
0.95656843 0.00330404
0.95661546 0.00330084
0.95666249 0.00329764
0.95670952 0.00329444
0.95675654 0.00329125
0.95680355 0.00328805
0.95685055 0.00328485
0.95689755 0.00328165
0.95694454 0.00327846
0.95699153 0.00327526
0.95703851 0.00327206
0.95708548 0.00326886
0.95713244 0.00326566
0.95717940 0.00326246
0.95722636 0.00325926
0.95727330 0.00325606
0.95732024 0.00325286
0.95736718 0.00324966
0.95741410 0.00324646
0.95746103 0.00324325
0.95750794 0.00324005
0.95755485 0.00323685
0.95760175 0.00323365
0.95764864 0.00323044
0.95769553 0.00322724
0.95774242 0.00322404
0.95778929 0.00322083
0.95783616 0.00321763
0.95788302 0.00321443
0.95792988 0.00321122
0.95797673 0.00320802
0.95802357 0.00320481
0.95807041 0.00320161
0.95811724 0.00319840
0.95816407 0.00319520
0.95821088 0.00319199
0.95825770 0.00318878
0.95830450 0.00318558
0.95835130 0.00318237
0.95839809 0.00317916
0.95844488 0.00317595
0.95849166 0.00317275
0.95853843 0.00316954
0.95858519 0.00316633
0.95863195 0.00316312
0.95867871 0.00315991
0.95872545 0.00315670
0.95877219 0.00315349
0.95881893 0.00315028
0.95886566 0.00314707
0.95891238 0.00314386
0.95895909 0.00314065
0.95900580 0.00313744
0.95905250 0.00313423
0.95909920 0.00313102
0.95914588 0.00312781
0.95919257 0.00312460
0.95923924 0.00312138
0.95928591 0.00311817
0.95933257 0.00311496
0.95937923 0.00311174
0.95942588 0.00310853
0.95947252 0.00310532
0.95951916 0.00310210
0.95956579 0.00309889
0.95961241 0.00309567
0.95965903 0.00309246
0.95970564 0.00308924
0.95975225 0.00308603
0.95979885 0.00308281
0.95984544 0.00307960
0.95989202 0.00307638
0.95993860 0.00307317
0.95998517 0.00306995
0.96003174 0.00306673
0.96007830 0.00306351
0.96012485 0.00306030
0.96017140 0.00305708
0.96021793 0.00305386
0.96026447 0.00305064
0.96031099 0.00304742
0.96035751 0.00304420
0.96040403 0.00304098
0.96045053 0.00303777
0.96049704 0.00303455
0.96054353 0.00303133
0.96059002 0.00302811
0.96063650 0.00302488
0.96068297 0.00302166
0.96072944 0.00301844
0.96077590 0.00301522
0.96082236 0.00301200
0.96086881 0.00300878
0.96091525 0.00300555
0.96096168 0.00300233
0.96100811 0.00299911
0.96105454 0.00299589
0.96110095 0.00299266
0.96114736 0.00298944
0.96119376 0.00298622
0.96124016 0.00298299
0.96128655 0.00297977
0.96133293 0.00297654
0.96137931 0.00297332
0.96142568 0.00297009
0.96147204 0.00296687
0.96151840 0.00296364
0.96156475 0.00296041
0.96161110 0.00295719
0.96165744 0.00295396
0.96170377 0.00295073
0.96175009 0.00294751
0.96179641 0.00294428
0.96184272 0.00294105
0.96188903 0.00293782
0.96193532 0.00293459
0.96198162 0.00293137
0.96202790 0.00292814
0.96207418 0.00292491
0.96212045 0.00292168
0.96216672 0.00291845
0.96221298 0.00291522
0.96225923 0.00291199
0.96230548 0.00290876
0.96235172 0.00290553
0.96239795 0.00290230
0.96244418 0.00289906
0.96249040 0.00289583
0.96253661 0.00289260
0.96258282 0.00288937
0.96262902 0.00288614
0.96267522 0.00288290
0.96272140 0.00287967
0.96276758 0.00287644
0.96281376 0.00287320
0.96285993 0.00286997
0.96290609 0.00286674
0.96295224 0.00286350
0.96299839 0.00286027
0.96304453 0.00285703
0.96309067 0.00285380
0.96313680 0.00285056
0.96318292 0.00284733
0.96322903 0.00284409
0.96327514 0.00284085
0.96332125 0.00283762
0.96336734 0.00283438
0.96341343 0.00283114
0.96345951 0.00282791
0.96350559 0.00282467
0.96355166 0.00282143
0.96359772 0.00281819
0.96364378 0.00281496
0.96368983 0.00281172
0.96373587 0.00280848
0.96378191 0.00280524
0.96382794 0.00280200
0.96387396 0.00279876
0.96391998 0.00279552
0.96396599 0.00279228
0.96401199 0.00278904
0.96405799 0.00278580
0.96410398 0.00278256
0.96414997 0.00277932
0.96419594 0.00277607
0.96424192 0.00277283
0.96428788 0.00276959
0.96433384 0.00276635
0.96437979 0.00276310
0.96442573 0.00275986
0.96447167 0.00275662
0.96451760 0.00275338
0.96456353 0.00275013
0.96460945 0.00274689
0.96465536 0.00274364
0.96470126 0.00274040
0.96474716 0.00273715
0.96479306 0.00273391
0.96483894 0.00273066
0.96488482 0.00272742
0.96493069 0.00272417
0.96497656 0.00272093
0.96502242 0.00271768
0.96506827 0.00271443
0.96511412 0.00271119
0.96515996 0.00270794
0.96520579 0.00270469
0.96525161 0.00270144
0.96529743 0.00269820
0.96534325 0.00269495
0.96538905 0.00269170
0.96543485 0.00268845
0.96548065 0.00268520
0.96552643 0.00268195
0.96557221 0.00267870
0.96561799 0.00267545
0.96566375 0.00267220
0.96570951 0.00266895
0.96575527 0.00266570
0.96580101 0.00266245
0.96584675 0.00265920
0.96589249 0.00265595
0.96593822 0.00265270
0.96598394 0.00264944
0.96602965 0.00264619
0.96607536 0.00264294
0.96612106 0.00263969
0.96616675 0.00263643
0.96621244 0.00263318
0.96625812 0.00262993
0.96630379 0.00262667
0.96634946 0.00262342
0.96639512 0.00262016
0.96644078 0.00261691
0.96648643 0.00261366
0.96653207 0.00261040
0.96657770 0.00260714
0.96662333 0.00260389
0.96666895 0.00260063
0.96671457 0.00259738
0.96676017 0.00259412
0.96680577 0.00259086
0.96685137 0.00258761
0.96689696 0.00258435
0.96694254 0.00258109
0.96698811 0.00257783
0.96703368 0.00257458
0.96707924 0.00257132
0.96712480 0.00256806
0.96717035 0.00256480
0.96721589 0.00256154
0.96726142 0.00255828
0.96730695 0.00255502
0.96735247 0.00255176
0.96739799 0.00254850
0.96744350 0.00254524
0.96748900 0.00254198
0.96753450 0.00253872
0.96757998 0.00253546
0.96762547 0.00253220
0.96767094 0.00252894
0.96771641 0.00252568
0.96776187 0.00252241
0.96780733 0.00251915
0.96785278 0.00251589
0.96789822 0.00251262
0.96794365 0.00250936
0.96798908 0.00250610
0.96803450 0.00250283
0.96807992 0.00249957
0.96812533 0.00249631
0.96817073 0.00249304
0.96821613 0.00248978
0.96826151 0.00248651
0.96830690 0.00248325
0.96835227 0.00247998
0.96839764 0.00247672
0.96844300 0.00247345
0.96848836 0.00247018
0.96853371 0.00246692
0.96857905 0.00246365
0.96862439 0.00246038
0.96866971 0.00245711
0.96871504 0.00245385
0.96876035 0.00245058
0.96880566 0.00244731
0.96885096 0.00244404
0.96889626 0.00244077
0.96894155 0.00243751
0.96898683 0.00243424
0.96903211 0.00243097
0.96907737 0.00242770
0.96912264 0.00242443
0.96916789 0.00242116
0.96921314 0.00241789
0.96925838 0.00241462
0.96930362 0.00241134
0.96934885 0.00240807
0.96939407 0.00240480
0.96943928 0.00240153
0.96948449 0.00239826
0.96952969 0.00239499
0.96957489 0.00239171
0.96962008 0.00238844
0.96966526 0.00238517
0.96971044 0.00238189
0.96975560 0.00237862
0.96980077 0.00237535
0.96984592 0.00237207
0.96989107 0.00236880
0.96993621 0.00236552
0.96998135 0.00236225
0.97002648 0.00235897
0.97007160 0.00235570
0.97011671 0.00235242
0.97016182 0.00234915
0.97020692 0.00234587
0.97025202 0.00234260
0.97029711 0.00233932
0.97034219 0.00233604
0.97038726 0.00233276
0.97043233 0.00232949
0.97047739 0.00232621
0.97052245 0.00232293
0.97056749 0.00231965
0.97061254 0.00231638
0.97065757 0.00231310
0.97070260 0.00230982
0.97074762 0.00230654
0.97079263 0.00230326
0.97083764 0.00229998
0.97088264 0.00229670
0.97092764 0.00229342
0.97097262 0.00229014
0.97101761 0.00228686
0.97106258 0.00228358
0.97110755 0.00228030
0.97115251 0.00227701
0.97119746 0.00227373
0.97124241 0.00227045
0.97128735 0.00226717
0.97133228 0.00226389
0.97137721 0.00226060
0.97142213 0.00225732
0.97146704 0.00225404
0.97151195 0.00225075
0.97155685 0.00224747
0.97160175 0.00224419
0.97164663 0.00224090
0.97169151 0.00223762
0.97173639 0.00223433
0.97178125 0.00223105
0.97182611 0.00222776
0.97187096 0.00222448
0.97191581 0.00222119
0.97196065 0.00221791
0.97200548 0.00221462
0.97205031 0.00221133
0.97209513 0.00220805
0.97213994 0.00220476
0.97218475 0.00220147
0.97222955 0.00219818
0.97227434 0.00219490
0.97231913 0.00219161
0.97236390 0.00218832
0.97240868 0.00218503
0.97245344 0.00218174
0.97249820 0.00217845
0.97254295 0.00217516
0.97258770 0.00217187
0.97263244 0.00216858
0.97267717 0.00216529
0.97272189 0.00216200
0.97276661 0.00215871
0.97281132 0.00215542
0.97285603 0.00215213
0.97290073 0.00214884
0.97294542 0.00214555
0.97299010 0.00214226
0.97303478 0.00213897
0.97307945 0.00213567
0.97312411 0.00213238
0.97316877 0.00212909
0.97321342 0.00212579
0.97325807 0.00212250
0.97330270 0.00211921
0.97334733 0.00211591
0.97339196 0.00211262
0.97343657 0.00210933
0.97348118 0.00210603
0.97352579 0.00210274
0.97357038 0.00209944
0.97361497 0.00209615
0.97365956 0.00209285
0.97370413 0.00208955
0.97374870 0.00208626
0.97379327 0.00208296
0.97383782 0.00207967
0.97388237 0.00207637
0.97392691 0.00207307
0.97397145 0.00206978
0.97401598 0.00206648
0.97406050 0.00206318
0.97410501 0.00205988
0.97414952 0.00205658
0.97419402 0.00205328
0.97423852 0.00204999
0.97428301 0.00204669
0.97432749 0.00204339
0.97437196 0.00204009
0.97441643 0.00203679
0.97446089 0.00203349
0.97450535 0.00203019
0.97454979 0.00202689
0.97459423 0.00202359
0.97463867 0.00202029
0.97468309 0.00201698
0.97472751 0.00201368
0.97477193 0.00201038
0.97481633 0.00200708
0.97486073 0.00200378
0.97490513 0.00200047
0.97494951 0.00199717
0.97499389 0.00199387
0.97503827 0.00199057
0.97508263 0.00198726
0.97512699 0.00198396
0.97517134 0.00198065
0.97521569 0.00197735
0.97526003 0.00197405
0.97530436 0.00197074
0.97534868 0.00196744
0.97539300 0.00196413
0.97543731 0.00196083
0.97548162 0.00195752
0.97552592 0.00195421
0.97557021 0.00195091
0.97561449 0.00194760
0.97565877 0.00194429
0.97570304 0.00194099
0.97574730 0.00193768
0.97579156 0.00193437
0.97583581 0.00193107
0.97588005 0.00192776
0.97592429 0.00192445
0.97596852 0.00192114
0.97601274 0.00191783
0.97605696 0.00191452
0.97610117 0.00191121
0.97614537 0.00190790
0.97618956 0.00190460
0.97623375 0.00190129
0.97627793 0.00189798
0.97632211 0.00189466
0.97636628 0.00189135
0.97641044 0.00188804
0.97645459 0.00188473
0.97649874 0.00188142
0.97654288 0.00187811
0.97658702 0.00187480
0.97663114 0.00187149
0.97667526 0.00186817
0.97671938 0.00186486
0.97676348 0.00186155
0.97680758 0.00185823
0.97685168 0.00185492
0.97689576 0.00185161
0.97693984 0.00184829
0.97698391 0.00184498
0.97702798 0.00184167
0.97707204 0.00183835
0.97711609 0.00183504
0.97716013 0.00183172
0.97720417 0.00182841
0.97724820 0.00182509
0.97729223 0.00182177
0.97733625 0.00181846
0.97738026 0.00181514
0.97742426 0.00181183
0.97746826 0.00180851
0.97751225 0.00180519
0.97755623 0.00180187
0.97760021 0.00179856
0.97764418 0.00179524
0.97768814 0.00179192
0.97773210 0.00178860
0.97777605 0.00178528
0.97781999 0.00178197
0.97786392 0.00177865
0.97790785 0.00177533
0.97795177 0.00177201
0.97799569 0.00176869
0.97803960 0.00176537
0.97808350 0.00176205
0.97812739 0.00175873
0.97817128 0.00175541
0.97821516 0.00175209
0.97825903 0.00174877
0.97830290 0.00174544
0.97834676 0.00174212
0.97839061 0.00173880
0.97843446 0.00173548
0.97847830 0.00173216
0.97852213 0.00172883
0.97856596 0.00172551
0.97860977 0.00172219
0.97865359 0.00171886
0.97869739 0.00171554
0.97874119 0.00171222
0.97878498 0.00170889
0.97882876 0.00170557
0.97887254 0.00170224
0.97891631 0.00169892
0.97896008 0.00169559
0.97900383 0.00169227
0.97904758 0.00168894
0.97909132 0.00168562
0.97913506 0.00168229
0.97917879 0.00167897
0.97922251 0.00167564
0.97926623 0.00167231
0.97930994 0.00166899
0.97935364 0.00166566
0.97939733 0.00166233
0.97944102 0.00165900
0.97948470 0.00165568
0.97952837 0.00165235
0.97957204 0.00164902
0.97961570 0.00164569
0.97965935 0.00164236
0.97970300 0.00163903
0.97974664 0.00163570
0.97979027 0.00163237
0.97983390 0.00162904
0.97987752 0.00162571
0.97992113 0.00162238
0.97996473 0.00161905
0.98000833 0.00161572
0.98005192 0.00161239
0.98009551 0.00160906
0.98013908 0.00160573
0.98018266 0.00160240
0.98022622 0.00159907
0.98026978 0.00159573
0.98031333 0.00159240
0.98035687 0.00158907
0.98040040 0.00158573
0.98044393 0.00158240
0.98048745 0.00157907
0.98053097 0.00157573
0.98057448 0.00157240
0.98061798 0.00156907
0.98066147 0.00156573
0.98070496 0.00156240
0.98074844 0.00155906
0.98079191 0.00155573
0.98083538 0.00155239
0.98087884 0.00154906
0.98092229 0.00154572
0.98096574 0.00154238
0.98100918 0.00153905
0.98105261 0.00153571
0.98109604 0.00153237
0.98113945 0.00152904
0.98118286 0.00152570
0.98122627 0.00152236
0.98126967 0.00151903
0.98131306 0.00151569
0.98135644 0.00151235
0.98139982 0.00150901
0.98144319 0.00150567
0.98148655 0.00150233
0.98152990 0.00149899
0.98157325 0.00149565
0.98161659 0.00149231
0.98165993 0.00148897
0.98170326 0.00148563
0.98174658 0.00148229
0.98178989 0.00147895
0.98183320 0.00147561
0.98187650 0.00147227
0.98191979 0.00146893
0.98196308 0.00146559
0.98200636 0.00146225
0.98204963 0.00145890
0.98209290 0.00145556
0.98213615 0.00145222
0.98217941 0.00144888
0.98222265 0.00144553
0.98226589 0.00144219
0.98230912 0.00143885
0.98235234 0.00143550
0.98239556 0.00143216
0.98243877 0.00142882
0.98248197 0.00142547
0.98252517 0.00142213
0.98256836 0.00141878
0.98261154 0.00141544
0.98265471 0.00141209
0.98269788 0.00140875
0.98274104 0.00140540
0.98278420 0.00140205
0.98282734 0.00139871
0.98287048 0.00139536
0.98291362 0.00139201
0.98295674 0.00138867
0.98299986 0.00138532
0.98304297 0.00138197
0.98308608 0.00137862
0.98312918 0.00137528
0.98317227 0.00137193
0.98321535 0.00136858
0.98325843 0.00136523
0.98330150 0.00136188
0.98334456 0.00135853
0.98338762 0.00135518
0.98343067 0.00135183
0.98347371 0.00134848
0.98351675 0.00134513
0.98355977 0.00134178
0.98360280 0.00133843
0.98364581 0.00133508
0.98368882 0.00133173
0.98373182 0.00132838
0.98377481 0.00132503
0.98381780 0.00132168
0.98386078 0.00131832
0.98390375 0.00131497
0.98394672 0.00131162
0.98398967 0.00130827
0.98403263 0.00130491
0.98407557 0.00130156
0.98411851 0.00129821
0.98416144 0.00129485
0.98420436 0.00129150
0.98424728 0.00128814
0.98429019 0.00128479
0.98433309 0.00128144
0.98437599 0.00127808
0.98441887 0.00127473
0.98446176 0.00127137
0.98450463 0.00126801
0.98454750 0.00126466
0.98459036 0.00126130
0.98463321 0.00125795
0.98467606 0.00125459
0.98471890 0.00125123
0.98476173 0.00124788
0.98480456 0.00124452
0.98484737 0.00124116
0.98489019 0.00123780
0.98493299 0.00123445
0.98497579 0.00123109
0.98501858 0.00122773
0.98506136 0.00122437
0.98510414 0.00122101
0.98514691 0.00121765
0.98518967 0.00121429
0.98523242 0.00121093
0.98527517 0.00120757
0.98531791 0.00120421
0.98536065 0.00120085
0.98540337 0.00119749
0.98544609 0.00119413
0.98548881 0.00119077
0.98553151 0.00118741
0.98557421 0.00118405
0.98561691 0.00118069
0.98565959 0.00117732
0.98570227 0.00117396
0.98574494 0.00117060
0.98578760 0.00116724
0.98583026 0.00116387
0.98587291 0.00116051
0.98591555 0.00115715
0.98595819 0.00115378
0.98600082 0.00115042
0.98604344 0.00114706
0.98608605 0.00114369
0.98612866 0.00114033
0.98617126 0.00113696
0.98621385 0.00113360
0.98625644 0.00113023
0.98629902 0.00112687
0.98634159 0.00112350
0.98638416 0.00112013
0.98642672 0.00111677
0.98646927 0.00111340
0.98651181 0.00111004
0.98655435 0.00110667
0.98659688 0.00110330
0.98663940 0.00109993
0.98668192 0.00109657
0.98672443 0.00109320
0.98676693 0.00108983
0.98680942 0.00108646
0.98685191 0.00108309
0.98689439 0.00107973
0.98693687 0.00107636
0.98697933 0.00107299
0.98702179 0.00106962
0.98706424 0.00106625
0.98710669 0.00106288
0.98714913 0.00105951
0.98719156 0.00105614
0.98723398 0.00105277
0.98727640 0.00104940
0.98731881 0.00104602
0.98736121 0.00104265
0.98740361 0.00103928
0.98744600 0.00103591
0.98748838 0.00103254
0.98753076 0.00102916
0.98757312 0.00102579
0.98761548 0.00102242
0.98765784 0.00101905
0.98770018 0.00101567
0.98774252 0.00101230
0.98778485 0.00100893
0.98782718 0.00100555
0.98786950 0.00100218
0.98791181 0.00099880
0.98795411 0.00099543
0.98799641 0.00099205
0.98803870 0.00098868
0.98808098 0.00098530
0.98812326 0.00098193
0.98816553 0.00097855
0.98820779 0.00097518
0.98825004 0.00097180
0.98829229 0.00096842
0.98833453 0.00096505
0.98837676 0.00096167
0.98841899 0.00095829
0.98846121 0.00095491
0.98850342 0.00095154
0.98854562 0.00094816
0.98858782 0.00094478
0.98863001 0.00094140
0.98867220 0.00093802
0.98871437 0.00093464
0.98875654 0.00093127
0.98879870 0.00092789
0.98884086 0.00092451
0.98888301 0.00092113
0.98892515 0.00091775
0.98896728 0.00091437
0.98900941 0.00091099
0.98905153 0.00090761
0.98909364 0.00090422
0.98913574 0.00090084
0.98917784 0.00089746
0.98921993 0.00089408
0.98926202 0.00089070
0.98930409 0.00088732
0.98934616 0.00088393
0.98938823 0.00088055
0.98943028 0.00087717
0.98947233 0.00087378
0.98951437 0.00087040
0.98955641 0.00086702
0.98959843 0.00086363
0.98964045 0.00086025
0.98968247 0.00085687
0.98972447 0.00085348
0.98976647 0.00085010
0.98980846 0.00084671
0.98985045 0.00084333
0.98989242 0.00083994
0.98993439 0.00083656
0.98997636 0.00083317
0.99001831 0.00082978
0.99006026 0.00082640
0.99010220 0.00082301
0.99014414 0.00081962
0.99018606 0.00081624
0.99022798 0.00081285
0.99026990 0.00080946
0.99031180 0.00080607
0.99035370 0.00080269
0.99039559 0.00079930
0.99043748 0.00079591
0.99047935 0.00079252
0.99052122 0.00078913
0.99056309 0.00078574
0.99060494 0.00078235
0.99064679 0.00077896
0.99068863 0.00077557
0.99073047 0.00077218
0.99077230 0.00076879
0.99081412 0.00076540
0.99085593 0.00076201
0.99089774 0.00075862
0.99093953 0.00075523
0.99098133 0.00075184
0.99102311 0.00074845
0.99106489 0.00074505
0.99110666 0.00074166
0.99114842 0.00073827
0.99119018 0.00073488
0.99123193 0.00073148
0.99127367 0.00072809
0.99131540 0.00072470
0.99135713 0.00072130
0.99139885 0.00071791
0.99144056 0.00071452
0.99148227 0.00071112
0.99152397 0.00070773
0.99156566 0.00070433
0.99160734 0.00070094
0.99164902 0.00069754
0.99169069 0.00069415
0.99173235 0.00069075
0.99177401 0.00068735
0.99181565 0.00068396
0.99185730 0.00068056
0.99189893 0.00067716
0.99194056 0.00067377
0.99198218 0.00067037
0.99202379 0.00066697
0.99206539 0.00066358
0.99210699 0.00066018
0.99214858 0.00065678
0.99219017 0.00065338
0.99223174 0.00064998
0.99227331 0.00064658
0.99231488 0.00064318
0.99235643 0.00063979
0.99239798 0.00063639
0.99243952 0.00063299
0.99248105 0.00062959
0.99252258 0.00062619
0.99256410 0.00062279
0.99260561 0.00061939
0.99264712 0.00061598
0.99268861 0.00061258
0.99273010 0.00060918
0.99277159 0.00060578
0.99281306 0.00060238
0.99285453 0.00059898
0.99289599 0.00059557
0.99293745 0.00059217
0.99297890 0.00058877
0.99302034 0.00058537
0.99306177 0.00058196
0.99310320 0.00057856
0.99314461 0.00057516
0.99318603 0.00057175
0.99322743 0.00056835
0.99326883 0.00056494
0.99331022 0.00056154
0.99335160 0.00055813
0.99339297 0.00055473
0.99343434 0.00055132
0.99347570 0.00054792
0.99351706 0.00054451
0.99355840 0.00054111
0.99359974 0.00053770
0.99364108 0.00053429
0.99368240 0.00053089
0.99372372 0.00052748
0.99376503 0.00052407
0.99380633 0.00052066
0.99384763 0.00051726
0.99388892 0.00051385
0.99393020 0.00051044
0.99397147 0.00050703
0.99401274 0.00050362
0.99405400 0.00050022
0.99409525 0.00049681
0.99413650 0.00049340
0.99417774 0.00048999
0.99421897 0.00048658
0.99426019 0.00048317
0.99430141 0.00047976
0.99434262 0.00047635
0.99438382 0.00047294
0.99442501 0.00046953
0.99446620 0.00046611
0.99450738 0.00046270
0.99454856 0.00045929
0.99458972 0.00045588
0.99463088 0.00045247
0.99467203 0.00044905
0.99471318 0.00044564
0.99475431 0.00044223
0.99479544 0.00043882
0.99483657 0.00043540
0.99487768 0.00043199
0.99491879 0.00042858
0.99495989 0.00042516
0.99500098 0.00042175
0.99504207 0.00041833
0.99508315 0.00041492
0.99512422 0.00041150
0.99516529 0.00040809
0.99520634 0.00040467
0.99524739 0.00040126
0.99528844 0.00039784
0.99532947 0.00039442
0.99537050 0.00039101
0.99541152 0.00038759
0.99545254 0.00038418
0.99549354 0.00038076
0.99553454 0.00037734
0.99557554 0.00037392
0.99561652 0.00037051
0.99565750 0.00036709
0.99569847 0.00036367
0.99573943 0.00036025
0.99578039 0.00035683
0.99582134 0.00035341
0.99586228 0.00034999
0.99590321 0.00034657
0.99594414 0.00034315
0.99598506 0.00033974
0.99602597 0.00033631
0.99606688 0.00033289
0.99610777 0.00032947
0.99614866 0.00032605
0.99618955 0.00032263
0.99623042 0.00031921
0.99627129 0.00031579
0.99631215 0.00031237
0.99635301 0.00030895
0.99639386 0.00030552
0.99643470 0.00030210
0.99647553 0.00029868
0.99651635 0.00029526
0.99655717 0.00029183
0.99659798 0.00028841
0.99663878 0.00028499
0.99667958 0.00028156
0.99672037 0.00027814
0.99676115 0.00027471
0.99680193 0.00027129
0.99684269 0.00026786
0.99688345 0.00026444
0.99692420 0.00026101
0.99696495 0.00025759
0.99700569 0.00025416
0.99704642 0.00025074
0.99708714 0.00024731
0.99712786 0.00024388
0.99716857 0.00024046
0.99720927 0.00023703
0.99724996 0.00023360
0.99729065 0.00023017
0.99733133 0.00022675
0.99737200 0.00022332
0.99741266 0.00021989
0.99745332 0.00021646
0.99749397 0.00021303
0.99753461 0.00020961
0.99757525 0.00020618
0.99761588 0.00020275
0.99765650 0.00019932
0.99769711 0.00019589
0.99773772 0.00019246
0.99777832 0.00018903
0.99781891 0.00018560
0.99785950 0.00018217
0.99790007 0.00017874
0.99794064 0.00017530
0.99798121 0.00017187
0.99802176 0.00016844
0.99806231 0.00016501
0.99810285 0.00016158
0.99814338 0.00015814
0.99818391 0.00015471
0.99822443 0.00015128
0.99826494 0.00014785
0.99830544 0.00014441
0.99834594 0.00014098
0.99838643 0.00013755
0.99842691 0.00013411
0.99846739 0.00013068
0.99850785 0.00012724
0.99854832 0.00012381
0.99858877 0.00012037
0.99862921 0.00011694
0.99866965 0.00011350
0.99871008 0.00011007
0.99875051 0.00010663
0.99879092 0.00010319
0.99883133 0.00009976
0.99887173 0.00009632
0.99891213 0.00009289
0.99895251 0.00008945
0.99899289 0.00008601
0.99903327 0.00008257
0.99907363 0.00007914
0.99911399 0.00007570
0.99915434 0.00007226
0.99919468 0.00006882
0.99923502 0.00006538
0.99927535 0.00006194
0.99931567 0.00005850
0.99935598 0.00005506
0.99939629 0.00005162
0.99943659 0.00004818
0.99947688 0.00004474
0.99951716 0.00004130
0.99955744 0.00003786
0.99959771 0.00003442
0.99963797 0.00003098
0.99967823 0.00002754
0.99971847 0.00002410
0.99975871 0.00002066
0.99979895 0.00001721
0.99983917 0.00001377
0.99987939 0.00001033
0.99991960 0.00000689
0.99995980 0.00000344
1.00000000 0.00000000
