X Z
1.00000000 0.00016983
0.99995000 0.00017826
0.99990000 0.00018669
0.99985000 0.00019512
0.99980000 0.00020356
0.99975000 0.00021200
0.99970000 0.00022043
0.99965000 0.00022887
0.99960000 0.00023732
0.99955000 0.00024576
0.99950000 0.00025420
0.99945000 0.00026265
0.99940000 0.00027110
0.99935000 0.00027954
0.99930000 0.00028799
0.99925000 0.00029645
0.99920000 0.00030490
0.99915000 0.00031335
0.99910000 0.00032181
0.99905000 0.00033027
0.99900000 0.00033873
0.99895000 0.00034719
0.99890000 0.00035565
0.99885000 0.00036412
0.99880000 0.00037258
0.99875000 0.00038105
0.99870000 0.00038952
0.99865000 0.00039799
0.99860000 0.00040646
0.99855000 0.00041493
0.99850000 0.00042341
0.99845000 0.00043188
0.99840000 0.00044036
0.99835000 0.00044884
0.99830000 0.00045732
0.99825000 0.00046580
0.99820000 0.00047429
0.99815000 0.00048277
0.99810000 0.00049126
0.99805000 0.00049975
0.99800000 0.00050824
0.99795000 0.00051673
0.99790000 0.00052523
0.99785000 0.00053372
0.99780000 0.00054222
0.99775000 0.00055071
0.99770000 0.00055921
0.99765000 0.00056771
0.99760000 0.00057622
0.99755000 0.00058472
0.99750000 0.00059323
0.99745000 0.00060173
0.99740000 0.00061024
0.99735000 0.00061875
0.99730000 0.00062727
0.99725000 0.00063578
0.99720000 0.00064429
0.99715000 0.00065281
0.99710000 0.00066133
0.99705000 0.00066985
0.99700000 0.00067837
0.99695000 0.00068689
0.99690000 0.00069542
0.99685000 0.00070394
0.99680000 0.00071247
0.99675000 0.00072100
0.99670000 0.00072953
0.99665000 0.00073806
0.99660000 0.00074659
0.99655000 0.00075513
0.99650000 0.00076367
0.99645000 0.00077220
0.99640000 0.00078074
0.99635000 0.00078928
0.99630000 0.00079783
0.99625000 0.00080637
0.99620000 0.00081492
0.99615000 0.00082347
0.99610000 0.00083201
0.99605000 0.00084057
0.99600000 0.00084912
0.99595000 0.00085767
0.99590000 0.00086623
0.99585000 0.00087478
0.99580000 0.00088334
0.99575000 0.00089190
0.99570000 0.00090046
0.99565000 0.00090903
0.99560000 0.00091759
0.99555000 0.00092616
0.99550000 0.00093473
0.99545000 0.00094330
0.99540000 0.00095187
0.99535000 0.00096044
0.99530000 0.00096901
0.99525000 0.00097759
0.99520000 0.00098617
0.99515000 0.00099475
0.99510000 0.00100333
0.99505000 0.00101191
0.99500000 0.00102049
0.99495000 0.00102908
0.99490000 0.00103766
0.99485000 0.00104625
0.99480000 0.00105484
0.99475000 0.00106343
0.99470000 0.00107203
0.99465000 0.00108062
0.99460000 0.00108922
0.99455000 0.00109782
0.99450000 0.00110641
0.99445000 0.00111502
0.99440000 0.00112362
0.99435000 0.00113222
0.99430000 0.00114083
0.99425000 0.00114944
0.99420000 0.00115804
0.99415000 0.00116665
0.99410000 0.00117527
0.99405000 0.00118388
0.99400000 0.00119250
0.99395000 0.00120111
0.99390000 0.00120973
0.99385000 0.00121835
0.99380000 0.00122697
0.99375000 0.00123560
0.99370000 0.00124422
0.99365000 0.00125285
0.99360000 0.00126147
0.99355000 0.00127010
0.99350000 0.00127873
0.99345000 0.00128737
0.99340000 0.00129600
0.99335000 0.00130464
0.99330000 0.00131327
0.99325000 0.00132191
0.99320000 0.00133055
0.99315000 0.00133920
0.99310000 0.00134784
0.99305000 0.00135649
0.99300000 0.00136513
0.99295000 0.00137378
0.99290000 0.00138243
0.99285000 0.00139108
0.99280000 0.00139974
0.99275000 0.00140839
0.99270000 0.00141705
0.99265000 0.00142571
0.99260000 0.00143437
0.99255000 0.00144303
0.99250000 0.00145169
0.99245000 0.00146035
0.99240000 0.00146902
0.99235000 0.00147769
0.99230000 0.00148636
0.99225000 0.00149503
0.99220000 0.00150370
0.99215000 0.00151237
0.99210000 0.00152105
0.99205000 0.00152973
0.99200000 0.00153841
0.99195000 0.00154709
0.99190000 0.00155577
0.99185000 0.00156445
0.99180000 0.00157314
0.99175000 0.00158183
0.99170000 0.00159051
0.99165000 0.00159920
0.99160000 0.00160790
0.99155000 0.00161659
0.99150000 0.00162528
0.99145000 0.00163398
0.99140000 0.00164268
0.99135000 0.00165138
0.99130000 0.00166008
0.99125000 0.00166878
0.99120000 0.00167749
0.99115000 0.00168619
0.99110000 0.00169490
0.99105000 0.00170361
0.99100000 0.00171232
0.99095000 0.00172104
0.99090000 0.00172975
0.99085000 0.00173847
0.99080000 0.00174718
0.99075000 0.00175590
0.99070000 0.00176462
0.99065000 0.00177335
0.99060000 0.00178207
0.99055000 0.00179080
0.99050000 0.00179952
0.99045000 0.00180825
0.99040000 0.00181698
0.99035000 0.00182571
0.99030000 0.00183445
0.99025000 0.00184318
0.99020000 0.00185192
0.99015000 0.00186066
0.99010000 0.00186940
0.99005000 0.00187814
0.99000000 0.00188688
0.98995000 0.00189563
0.98990000 0.00190438
0.98985000 0.00191312
0.98980000 0.00192187
0.98975000 0.00193063
0.98970000 0.00193938
0.98965000 0.00194813
0.98960000 0.00195689
0.98955000 0.00196565
0.98950000 0.00197441
0.98945000 0.00198317
0.98940000 0.00199193
0.98935000 0.00200070
0.98930000 0.00200946
0.98925000 0.00201823
0.98920000 0.00202700
0.98915000 0.00203577
0.98910000 0.00204454
0.98905000 0.00205332
0.98900000 0.00206209
0.98895000 0.00207087
0.98890000 0.00207965
0.98885000 0.00208843
0.98880000 0.00209721
0.98875000 0.00210600
0.98870000 0.00211478
0.98865000 0.00212357
0.98860000 0.00213236
0.98855000 0.00214115
0.98850000 0.00214994
0.98845000 0.00215874
0.98840000 0.00216753
0.98835000 0.00217633
0.98830000 0.00218513
0.98825000 0.00219393
0.98820000 0.00220273
0.98815000 0.00221154
0.98810000 0.00222034
0.98805000 0.00222915
0.98800000 0.00223796
0.98795000 0.00224677
0.98790000 0.00225558
0.98785000 0.00226439
0.98780000 0.00227321
0.98775000 0.00228203
0.98770000 0.00229084
0.98765000 0.00229966
0.98760000 0.00230849
0.98755000 0.00231731
0.98750000 0.00232614
0.98745000 0.00233496
0.98740000 0.00234379
0.98735000 0.00235262
0.98730000 0.00236145
0.98725000 0.00237029
0.98720000 0.00237912
0.98715000 0.00238796
0.98710000 0.00239680
0.98705000 0.00240564
0.98700000 0.00241448
0.98695000 0.00242332
0.98690000 0.00243217
0.98685000 0.00244101
0.98680000 0.00244986
0.98675000 0.00245871
0.98670000 0.00246756
0.98665000 0.00247641
0.98660000 0.00248527
0.98655000 0.00249413
0.98650000 0.00250298
0.98645000 0.00251184
0.98640000 0.00252071
0.98635000 0.00252957
0.98630000 0.00253843
0.98625000 0.00254730
0.98620000 0.00255617
0.98615000 0.00256504
0.98610000 0.00257391
0.98605000 0.00258278
0.98600000 0.00259166
0.98595000 0.00260053
0.98590000 0.00260941
0.98585000 0.00261829
0.98580000 0.00262717
0.98575000 0.00263606
0.98570000 0.00264494
0.98565000 0.00265383
0.98560000 0.00266271
0.98555000 0.00267160
0.98550000 0.00268050
0.98545000 0.00268939
0.98540000 0.00269828
0.98535000 0.00270718
0.98530000 0.00271608
0.98525000 0.00272498
0.98520000 0.00273388
0.98515000 0.00274278
0.98510000 0.00275169
0.98505000 0.00276059
0.98500000 0.00276950
0.98495000 0.00277841
0.98490000 0.00278732
0.98485000 0.00279623
0.98480000 0.00280515
0.98475000 0.00281406
0.98470000 0.00282298
0.98465000 0.00283190
0.98460000 0.00284082
0.98455000 0.00284975
0.98450000 0.00285867
0.98445000 0.00286760
0.98440000 0.00287653
0.98435000 0.00288546
0.98430000 0.00289439
0.98425000 0.00290332
0.98420000 0.00291225
0.98415000 0.00292119
0.98410000 0.00293013
0.98405000 0.00293907
0.98400000 0.00294801
0.98395000 0.00295695
0.98390000 0.00296590
0.98385000 0.00297484
0.98380000 0.00298379
0.98375000 0.00299274
0.98370000 0.00300169
0.98365000 0.00301065
0.98360000 0.00301960
0.98355000 0.00302856
0.98350000 0.00303752
0.98345000 0.00304648
0.98340000 0.00305544
0.98335000 0.00306440
0.98330000 0.00307336
0.98325000 0.00308233
0.98320000 0.00309130
0.98315000 0.00310027
0.98310000 0.00310924
0.98305000 0.00311821
0.98300000 0.00312719
0.98295000 0.00313617
0.98290000 0.00314514
0.98285000 0.00315412
0.98280000 0.00316311
0.98275000 0.00317209
0.98270000 0.00318107
0.98265000 0.00319006
0.98260000 0.00319905
0.98255000 0.00320804
0.98250000 0.00321703
0.98245000 0.00322602
0.98240000 0.00323502
0.98235000 0.00324402
0.98230000 0.00325302
0.98225000 0.00326202
0.98220000 0.00327102
0.98215000 0.00328002
0.98210000 0.00328903
0.98205000 0.00329803
0.98200000 0.00330704
0.98195000 0.00331605
0.98190000 0.00332506
0.98185000 0.00333408
0.98180000 0.00334309
0.98175000 0.00335211
0.98170000 0.00336113
0.98165000 0.00337015
0.98160000 0.00337917
0.98155000 0.00338820
0.98150000 0.00339722
0.98145000 0.00340625
0.98140000 0.00341528
0.98135000 0.00342431
0.98130000 0.00343334
0.98125000 0.00344238
0.98120000 0.00345141
0.98115000 0.00346045
0.98110000 0.00346949
0.98105000 0.00347853
0.98100000 0.00348757
0.98095000 0.00349662
0.98090000 0.00350566
0.98085000 0.00351471
0.98080000 0.00352376
0.98075000 0.00353281
0.98070000 0.00354186
0.98065000 0.00355092
0.98060000 0.00355997
0.98055000 0.00356903
0.98050000 0.00357809
0.98045000 0.00358715
0.98040000 0.00359621
0.98035000 0.00360528
0.98030000 0.00361435
0.98025000 0.00362341
0.98020000 0.00363248
0.98015000 0.00364156
0.98010000 0.00365063
0.98005000 0.00365970
0.98000000 0.00366878
0.97995000 0.00367786
0.97990000 0.00368694
0.97985000 0.00369602
0.97980000 0.00370510
0.97975000 0.00371419
0.97970000 0.00372328
0.97965000 0.00373236
0.97960000 0.00374145
0.97955000 0.00375055
0.97950000 0.00375964
0.97945000 0.00376874
0.97940000 0.00377783
0.97935000 0.00378693
0.97930000 0.00379603
0.97925000 0.00380513
0.97920000 0.00381424
0.97915000 0.00382334
0.97910000 0.00383245
0.97905000 0.00384156
0.97900000 0.00385067
0.97895000 0.00385978
0.97890000 0.00386890
0.97885000 0.00387801
0.97880000 0.00388713
0.97875000 0.00389625
0.97870000 0.00390537
0.97865000 0.00391449
0.97860000 0.00392362
0.97855000 0.00393274
0.97850000 0.00394187
0.97845000 0.00395100
0.97840000 0.00396013
0.97835000 0.00396927
0.97830000 0.00397840
0.97825000 0.00398754
0.97820000 0.00399668
0.97815000 0.00400582
0.97810000 0.00401496
0.97805000 0.00402410
0.97800000 0.00403325
0.97795000 0.00404239
0.97790000 0.00405154
0.97785000 0.00406069
0.97780000 0.00406984
0.97775000 0.00407900
0.97770000 0.00408815
0.97765000 0.00409731
0.97760000 0.00410647
0.97755000 0.00411563
0.97750000 0.00412479
0.97745000 0.00413396
0.97740000 0.00414312
0.97735000 0.00415229
0.97730000 0.00416146
0.97725000 0.00417063
0.97720000 0.00417980
0.97715000 0.00418898
0.97710000 0.00419815
0.97705000 0.00420733
0.97700000 0.00421651
0.97695000 0.00422569
0.97690000 0.00423487
0.97685000 0.00424406
0.97680000 0.00425325
0.97675000 0.00426243
0.97670000 0.00427162
0.97665000 0.00428082
0.97660000 0.00429001
0.97655000 0.00429920
0.97650000 0.00430840
0.97645000 0.00431760
0.97640000 0.00432680
0.97635000 0.00433600
0.97630000 0.00434521
0.97625000 0.00435441
0.97620000 0.00436362
0.97615000 0.00437283
0.97610000 0.00438204
0.97605000 0.00439125
0.97600000 0.00440046
0.97595000 0.00440968
0.97590000 0.00441890
0.97585000 0.00442812
0.97580000 0.00443734
0.97575000 0.00444656
0.97570000 0.00445579
0.97565000 0.00446501
0.97560000 0.00447424
0.97555000 0.00448347
0.97550000 0.00449270
0.97545000 0.00450193
0.97540000 0.00451117
0.97535000 0.00452041
0.97530000 0.00452964
0.97525000 0.00453889
0.97520000 0.00454813
0.97515000 0.00455737
0.97510000 0.00456662
0.97505000 0.00457586
0.97500000 0.00458511
0.97495000 0.00459436
0.97490000 0.00460362
0.97485000 0.00461287
0.97480000 0.00462213
0.97475000 0.00463138
0.97470000 0.00464064
0.97465000 0.00464990
0.97460000 0.00465917
0.97455000 0.00466843
0.97450000 0.00467770
0.97445000 0.00468696
0.97440000 0.00469623
0.97435000 0.00470551
0.97430000 0.00471478
0.97425000 0.00472405
0.97420000 0.00473333
0.97415000 0.00474261
0.97410000 0.00475189
0.97405000 0.00476117
0.97400000 0.00477046
0.97395000 0.00477974
0.97390000 0.00478903
0.97385000 0.00479832
0.97380000 0.00480761
0.97375000 0.00481690
0.97370000 0.00482619
0.97365000 0.00483549
0.97360000 0.00484479
0.97355000 0.00485409
0.97350000 0.00486339
0.97345000 0.00487269
0.97340000 0.00488200
0.97335000 0.00489130
0.97330000 0.00490061
0.97325000 0.00490992
0.97320000 0.00491923
0.97315000 0.00492855
0.97310000 0.00493786
0.97305000 0.00494718
0.97300000 0.00495650
0.97295000 0.00496582
0.97290000 0.00497514
0.97285000 0.00498446
0.97280000 0.00499379
0.97275000 0.00500312
0.97270000 0.00501245
0.97265000 0.00502178
0.97260000 0.00503111
0.97255000 0.00504044
0.97250000 0.00504978
0.97245000 0.00505912
0.97240000 0.00506846
0.97235000 0.00507780
0.97230000 0.00508714
0.97225000 0.00509649
0.97220000 0.00510583
0.97215000 0.00511518
0.97210000 0.00512453
0.97205000 0.00513388
0.97200000 0.00514324
0.97195000 0.00515259
0.97190000 0.00516195
0.97185000 0.00517131
0.97180000 0.00518067
0.97175000 0.00519003
0.97170000 0.00519940
0.97165000 0.00520876
0.97160000 0.00521813
0.97155000 0.00522750
0.97150000 0.00523687
0.97145000 0.00524625
0.97140000 0.00525562
0.97135000 0.00526500
0.97130000 0.00527438
0.97125000 0.00528376
0.97120000 0.00529314
0.97115000 0.00530252
0.97110000 0.00531191
0.97105000 0.00532129
0.97100000 0.00533068
0.97095000 0.00534007
0.97090000 0.00534947
0.97085000 0.00535886
0.97080000 0.00536826
0.97075000 0.00537765
0.97070000 0.00538705
0.97065000 0.00539645
0.97060000 0.00540586
0.97055000 0.00541526
0.97050000 0.00542467
0.97045000 0.00543408
0.97040000 0.00544349
0.97035000 0.00545290
0.97030000 0.00546231
0.97025000 0.00547173
0.97020000 0.00548115
0.97015000 0.00549056
0.97010000 0.00549999
0.97005000 0.00550941
0.97000000 0.00551883
0.96995000 0.00552826
0.96990000 0.00553769
0.96985000 0.00554712
0.96980000 0.00555655
0.96975000 0.00556598
0.96970000 0.00557542
0.96965000 0.00558485
0.96960000 0.00559429
0.96955000 0.00560373
0.96950000 0.00561317
0.96945000 0.00562262
0.96940000 0.00563206
0.96935000 0.00564151
0.96930000 0.00565096
0.96925000 0.00566041
0.96920000 0.00566986
0.96915000 0.00567932
0.96910000 0.00568877
0.96905000 0.00569823
0.96900000 0.00570769
0.96895000 0.00571715
0.96890000 0.00572661
0.96885000 0.00573608
0.96880000 0.00574555
0.96875000 0.00575501
0.96870000 0.00576448
0.96865000 0.00577396
0.96860000 0.00578343
0.96855000 0.00579291
0.96850000 0.00580238
0.96845000 0.00581186
0.96840000 0.00582134
0.96835000 0.00583083
0.96830000 0.00584031
0.96825000 0.00584980
0.96820000 0.00585929
0.96815000 0.00586877
0.96810000 0.00587827
0.96805000 0.00588776
0.96800000 0.00589726
0.96795000 0.00590675
0.96790000 0.00591625
0.96785000 0.00592575
0.96780000 0.00593525
0.96775000 0.00594476
0.96770000 0.00595426
0.96765000 0.00596377
0.96760000 0.00597328
0.96755000 0.00598279
0.96750000 0.00599230
0.96745000 0.00600182
0.96740000 0.00601134
0.96735000 0.00602085
0.96730000 0.00603037
0.96725000 0.00603990
0.96720000 0.00604942
0.96715000 0.00605895
0.96710000 0.00606847
0.96705000 0.00607800
0.96700000 0.00608753
0.96695000 0.00609706
0.96690000 0.00610660
0.96685000 0.00611614
0.96680000 0.00612567
0.96675000 0.00613521
0.96670000 0.00614475
0.96665000 0.00615430
0.96660000 0.00616384
0.96655000 0.00617339
0.96650000 0.00618294
0.96645000 0.00619249
0.96640000 0.00620204
0.96635000 0.00621159
0.96630000 0.00622115
0.96625000 0.00623071
0.96620000 0.00624027
0.96615000 0.00624983
0.96610000 0.00625939
0.96605000 0.00626896
0.96600000 0.00627852
0.96595000 0.00628809
0.96590000 0.00629766
0.96585000 0.00630723
0.96580000 0.00631681
0.96575000 0.00632638
0.96570000 0.00633596
0.96565000 0.00634554
0.96560000 0.00635512
0.96555000 0.00636470
0.96550000 0.00637429
0.96545000 0.00638387
0.96540000 0.00639346
0.96535000 0.00640305
0.96530000 0.00641264
0.96525000 0.00642223
0.96520000 0.00643183
0.96515000 0.00644143
0.96510000 0.00645102
0.96505000 0.00646062
0.96500000 0.00647023
0.96495000 0.00647983
0.96490000 0.00648944
0.96485000 0.00649904
0.96480000 0.00650865
0.96475000 0.00651827
0.96470000 0.00652788
0.96465000 0.00653749
0.96460000 0.00654711
0.96455000 0.00655673
0.96450000 0.00656635
0.96445000 0.00657597
0.96440000 0.00658559
0.96435000 0.00659522
0.96430000 0.00660485
0.96425000 0.00661448
0.96420000 0.00662411
0.96415000 0.00663374
0.96410000 0.00664337
0.96405000 0.00665301
0.96400000 0.00666265
0.96395000 0.00667229
0.96390000 0.00668193
0.96385000 0.00669157
0.96380000 0.00670122
0.96375000 0.00671087
0.96370000 0.00672052
0.96365000 0.00673017
0.96360000 0.00673982
0.96355000 0.00674947
0.96350000 0.00675913
0.96345000 0.00676879
0.96340000 0.00677845
0.96335000 0.00678811
0.96330000 0.00679777
0.96325000 0.00680744
0.96320000 0.00681710
0.96315000 0.00682677
0.96310000 0.00683644
0.96305000 0.00684611
0.96300000 0.00685579
0.96295000 0.00686546
0.96290000 0.00687514
0.96285000 0.00688482
0.96280000 0.00689450
0.96275000 0.00690419
0.96270000 0.00691387
0.96265000 0.00692356
0.96260000 0.00693325
0.96255000 0.00694294
0.96250000 0.00695263
0.96245000 0.00696232
0.96240000 0.00697202
0.96235000 0.00698172
0.96230000 0.00699142
0.96225000 0.00700112
0.96220000 0.00701082
0.96215000 0.00702052
0.96210000 0.00703023
0.96205000 0.00703994
0.96200000 0.00704965
0.96195000 0.00705936
0.96190000 0.00706907
0.96185000 0.00707879
0.96180000 0.00708851
0.96175000 0.00709823
0.96170000 0.00710795
0.96165000 0.00711767
0.96160000 0.00712739
0.96155000 0.00713712
0.96150000 0.00714685
0.96145000 0.00715658
0.96140000 0.00716631
0.96135000 0.00717604
0.96130000 0.00718578
0.96125000 0.00719552
0.96120000 0.00720526
0.96115000 0.00721500
0.96110000 0.00722474
0.96105000 0.00723448
0.96100000 0.00724423
0.96095000 0.00725398
0.96090000 0.00726373
0.96085000 0.00727348
0.96080000 0.00728323
0.96075000 0.00729299
0.96070000 0.00730275
0.96065000 0.00731250
0.96060000 0.00732226
0.96055000 0.00733203
0.96050000 0.00734179
0.96045000 0.00735156
0.96040000 0.00736133
0.96035000 0.00737110
0.96030000 0.00738087
0.96025000 0.00739064
0.96020000 0.00740042
0.96015000 0.00741019
0.96010000 0.00741997
0.96005000 0.00742975
0.96000000 0.00743953
0.95995000 0.00744932
0.95990000 0.00745910
0.95985000 0.00746889
0.95980000 0.00747868
0.95975000 0.00748847
0.95970000 0.00749827
0.95965000 0.00750806
0.95960000 0.00751786
0.95955000 0.00752766
0.95950000 0.00753746
0.95945000 0.00754726
0.95940000 0.00755706
0.95935000 0.00756687
0.95930000 0.00757668
0.95925000 0.00758649
0.95920000 0.00759630
0.95915000 0.00760611
0.95910000 0.00761593
0.95905000 0.00762574
0.95900000 0.00763556
0.95895000 0.00764538
0.95890000 0.00765521
0.95885000 0.00766503
0.95880000 0.00767486
0.95875000 0.00768468
0.95870000 0.00769451
0.95865000 0.00770434
0.95860000 0.00771418
0.95855000 0.00772401
0.95850000 0.00773385
0.95845000 0.00774369
0.95840000 0.00775353
0.95835000 0.00776337
0.95830000 0.00777321
0.95825000 0.00778306
0.95820000 0.00779291
0.95815000 0.00780276
0.95810000 0.00781261
0.95805000 0.00782246
0.95800000 0.00783232
0.95795000 0.00784217
0.95790000 0.00785203
0.95785000 0.00786189
0.95780000 0.00787175
0.95775000 0.00788162
0.95770000 0.00789148
0.95765000 0.00790135
0.95760000 0.00791122
0.95755000 0.00792109
0.95750000 0.00793097
0.95745000 0.00794084
0.95740000 0.00795072
0.95735000 0.00796060
0.95730000 0.00797048
0.95725000 0.00798036
0.95720000 0.00799024
0.95715000 0.00800013
0.95710000 0.00801002
0.95705000 0.00801991
0.95700000 0.00802980
0.95695000 0.00803969
0.95690000 0.00804959
0.95685000 0.00805948
0.95680000 0.00806938
0.95675000 0.00807928
0.95670000 0.00808918
0.95665000 0.00809909
0.95660000 0.00810899
0.95655000 0.00811890
0.95650000 0.00812881
0.95645000 0.00813872
0.95640000 0.00814864
0.95635000 0.00815855
0.95630000 0.00816847
0.95625000 0.00817839
0.95620000 0.00818831
0.95615000 0.00819823
0.95610000 0.00820815
0.95605000 0.00821808
0.95600000 0.00822801
0.95595000 0.00823794
0.95590000 0.00824787
0.95585000 0.00825780
0.95580000 0.00826774
0.95575000 0.00827767
0.95570000 0.00828761
0.95565000 0.00829755
0.95560000 0.00830749
0.95555000 0.00831744
0.95550000 0.00832738
0.95545000 0.00833733
0.95540000 0.00834728
0.95535000 0.00835723
0.95530000 0.00836719
0.95525000 0.00837714
0.95520000 0.00838710
0.95515000 0.00839706
0.95510000 0.00840702
0.95505000 0.00841698
0.95500000 0.00842694
0.95495000 0.00843691
0.95490000 0.00844688
0.95485000 0.00845685
0.95480000 0.00846682
0.95475000 0.00847679
0.95470000 0.00848677
0.95465000 0.00849675
0.95460000 0.00850672
0.95455000 0.00851671
0.95450000 0.00852669
0.95445000 0.00853667
0.95440000 0.00854666
0.95435000 0.00855665
0.95430000 0.00856664
0.95425000 0.00857663
0.95420000 0.00858662
0.95415000 0.00859662
0.95410000 0.00860661
0.95405000 0.00861661
0.95400000 0.00862661
0.95395000 0.00863662
0.95390000 0.00864662
0.95385000 0.00865663
0.95380000 0.00866663
0.95375000 0.00867664
0.95370000 0.00868666
0.95365000 0.00869667
0.95360000 0.00870668
0.95355000 0.00871670
0.95350000 0.00872672
0.95345000 0.00873674
0.95340000 0.00874676
0.95335000 0.00875679
0.95330000 0.00876682
0.95325000 0.00877684
0.95320000 0.00878687
0.95315000 0.00879691
0.95310000 0.00880694
0.95305000 0.00881697
0.95300000 0.00882701
0.95295000 0.00883705
0.95290000 0.00884709
0.95285000 0.00885713
0.95280000 0.00886718
0.95275000 0.00887723
0.95270000 0.00888727
0.95265000 0.00889732
0.95260000 0.00890738
0.95255000 0.00891743
0.95250000 0.00892749
0.95245000 0.00893754
0.95240000 0.00894760
0.95235000 0.00895766
0.95230000 0.00896773
0.95225000 0.00897779
0.95220000 0.00898786
0.95215000 0.00899793
0.95210000 0.00900800
0.95205000 0.00901807
0.95200000 0.00902814
0.95195000 0.00903822
0.95190000 0.00904830
0.95185000 0.00905838
0.95180000 0.00906846
0.95175000 0.00907854
0.95170000 0.00908863
0.95165000 0.00909871
0.95160000 0.00910880
0.95155000 0.00911889
0.95150000 0.00912898
0.95145000 0.00913908
0.95140000 0.00914917
0.95135000 0.00915927
0.95130000 0.00916937
0.95125000 0.00917947
0.95120000 0.00918958
0.95115000 0.00919968
0.95110000 0.00920979
0.95105000 0.00921990
0.95100000 0.00923001
0.95095000 0.00924012
0.95090000 0.00925023
0.95085000 0.00926035
0.95080000 0.00927047
0.95075000 0.00928059
0.95070000 0.00929071
0.95065000 0.00930083
0.95060000 0.00931096
0.95055000 0.00932108
0.95050000 0.00933121
0.95045000 0.00934134
0.95040000 0.00935148
0.95035000 0.00936161
0.95030000 0.00937175
0.95025000 0.00938189
0.95020000 0.00939203
0.95015000 0.00940217
0.95010000 0.00941231
0.95005000 0.00942246
0.95000000 0.00943260
0.94995000 0.00944275
0.94990000 0.00945290
0.94985000 0.00946306
0.94980000 0.00947321
0.94975000 0.00948337
0.94970000 0.00949353
0.94965000 0.00950369
0.94960000 0.00951385
0.94955000 0.00952401
0.94950000 0.00953418
0.94945000 0.00954435
0.94940000 0.00955451
0.94935000 0.00956469
0.94930000 0.00957486
0.94925000 0.00958503
0.94920000 0.00959521
0.94915000 0.00960539
0.94910000 0.00961557
0.94905000 0.00962575
0.94900000 0.00963594
0.94895000 0.00964612
0.94890000 0.00965631
0.94885000 0.00966650
0.94880000 0.00967669
0.94875000 0.00968688
0.94870000 0.00969708
0.94865000 0.00970727
0.94860000 0.00971747
0.94855000 0.00972767
0.94850000 0.00973788
0.94845000 0.00974808
0.94840000 0.00975829
0.94835000 0.00976849
0.94830000 0.00977870
0.94825000 0.00978892
0.94820000 0.00979913
0.94815000 0.00980934
0.94810000 0.00981956
0.94805000 0.00982978
0.94800000 0.00984000
0.94795000 0.00985022
0.94790000 0.00986045
0.94785000 0.00987067
0.94780000 0.00988090
0.94775000 0.00989113
0.94770000 0.00990136
0.94765000 0.00991160
0.94760000 0.00992183
0.94755000 0.00993207
0.94750000 0.00994231
0.94745000 0.00995255
0.94740000 0.00996279
0.94735000 0.00997304
0.94730000 0.00998329
0.94725000 0.00999353
0.94720000 0.01000378
0.94715000 0.01001404
0.94710000 0.01002429
0.94705000 0.01003455
0.94700000 0.01004480
0.94695000 0.01005506
0.94690000 0.01006532
0.94685000 0.01007559
0.94680000 0.01008585
0.94675000 0.01009612
0.94670000 0.01010639
0.94665000 0.01011666
0.94660000 0.01012693
0.94655000 0.01013720
0.94650000 0.01014748
0.94645000 0.01015776
0.94640000 0.01016804
0.94635000 0.01017832
0.94630000 0.01018860
0.94625000 0.01019889
0.94620000 0.01020917
0.94615000 0.01021946
0.94610000 0.01022975
0.94605000 0.01024005
0.94600000 0.01025034
0.94595000 0.01026064
0.94590000 0.01027093
0.94585000 0.01028123
0.94580000 0.01029154
0.94575000 0.01030184
0.94570000 0.01031214
0.94565000 0.01032245
0.94560000 0.01033276
0.94555000 0.01034307
0.94550000 0.01035338
0.94545000 0.01036370
0.94540000 0.01037402
0.94535000 0.01038433
0.94530000 0.01039465
0.94525000 0.01040498
0.94520000 0.01041530
0.94515000 0.01042563
0.94510000 0.01043595
0.94505000 0.01044628
0.94500000 0.01045661
0.94495000 0.01046695
0.94490000 0.01047728
0.94485000 0.01048762
0.94480000 0.01049796
0.94475000 0.01050830
0.94470000 0.01051864
0.94465000 0.01052898
0.94460000 0.01053933
0.94455000 0.01054968
0.94450000 0.01056003
0.94445000 0.01057038
0.94440000 0.01058073
0.94435000 0.01059109
0.94430000 0.01060144
0.94425000 0.01061180
0.94420000 0.01062216
0.94415000 0.01063252
0.94410000 0.01064289
0.94405000 0.01065326
0.94400000 0.01066362
0.94395000 0.01067399
0.94390000 0.01068436
0.94385000 0.01069474
0.94380000 0.01070511
0.94375000 0.01071549
0.94370000 0.01072587
0.94365000 0.01073625
0.94360000 0.01074663
0.94355000 0.01075702
0.94350000 0.01076740
0.94345000 0.01077779
0.94340000 0.01078818
0.94335000 0.01079857
0.94330000 0.01080897
0.94325000 0.01081936
0.94320000 0.01082976
0.94315000 0.01084016
0.94310000 0.01085056
0.94305000 0.01086096
0.94300000 0.01087137
0.94295000 0.01088178
0.94290000 0.01089218
0.94285000 0.01090260
0.94280000 0.01091301
0.94275000 0.01092342
0.94270000 0.01093384
0.94265000 0.01094425
0.94260000 0.01095467
0.94255000 0.01096510
0.94250000 0.01097552
0.94245000 0.01098594
0.94240000 0.01099637
0.94235000 0.01100680
0.94230000 0.01101723
0.94225000 0.01102766
0.94220000 0.01103810
0.94215000 0.01104853
0.94210000 0.01105897
0.94205000 0.01106941
0.94200000 0.01107985
0.94195000 0.01109030
0.94190000 0.01110074
0.94185000 0.01111119
0.94180000 0.01112164
0.94175000 0.01113209
0.94170000 0.01114254
0.94165000 0.01115300
0.94160000 0.01116345
0.94155000 0.01117391
0.94150000 0.01118437
0.94145000 0.01119483
0.94140000 0.01120530
0.94135000 0.01121576
0.94130000 0.01122623
0.94125000 0.01123670
0.94120000 0.01124717
0.94115000 0.01125764
0.94110000 0.01126812
0.94105000 0.01127860
0.94100000 0.01128907
0.94095000 0.01129955
0.94090000 0.01131004
0.94085000 0.01132052
0.94080000 0.01133101
0.94075000 0.01134149
0.94070000 0.01135198
0.94065000 0.01136247
0.94060000 0.01137297
0.94055000 0.01138346
0.94050000 0.01139396
0.94045000 0.01140446
0.94040000 0.01141496
0.94035000 0.01142546
0.94030000 0.01143597
0.94025000 0.01144647
0.94020000 0.01145698
0.94015000 0.01146749
0.94010000 0.01147800
0.94005000 0.01148852
0.94000000 0.01149903
0.93995000 0.01150955
0.93990000 0.01152007
0.93985000 0.01153059
0.93980000 0.01154111
0.93975000 0.01155164
0.93970000 0.01156216
0.93965000 0.01157269
0.93960000 0.01158322
0.93955000 0.01159375
0.93950000 0.01160429
0.93945000 0.01161482
0.93940000 0.01162536
0.93935000 0.01163590
0.93930000 0.01164644
0.93925000 0.01165698
0.93920000 0.01166753
0.93915000 0.01167807
0.93910000 0.01168862
0.93905000 0.01169917
0.93900000 0.01170973
0.93895000 0.01172028
0.93890000 0.01173084
0.93885000 0.01174139
0.93880000 0.01175195
0.93875000 0.01176252
0.93870000 0.01177308
0.93865000 0.01178364
0.93860000 0.01179421
0.93855000 0.01180478
0.93850000 0.01181535
0.93845000 0.01182592
0.93840000 0.01183650
0.93835000 0.01184707
0.93830000 0.01185765
0.93825000 0.01186823
0.93820000 0.01187881
0.93815000 0.01188940
0.93810000 0.01189998
0.93805000 0.01191057
0.93800000 0.01192116
0.93795000 0.01193175
0.93790000 0.01194234
0.93785000 0.01195294
0.93780000 0.01196353
0.93775000 0.01197413
0.93770000 0.01198473
0.93765000 0.01199533
0.93760000 0.01200594
0.93755000 0.01201654
0.93750000 0.01202715
0.93745000 0.01203776
0.93740000 0.01204837
0.93735000 0.01205898
0.93730000 0.01206960
0.93725000 0.01208022
0.93720000 0.01209083
0.93715000 0.01210145
0.93710000 0.01211208
0.93705000 0.01212270
0.93700000 0.01213333
0.93695000 0.01214395
0.93690000 0.01215458
0.93685000 0.01216522
0.93680000 0.01217585
0.93675000 0.01218648
0.93670000 0.01219712
0.93665000 0.01220776
0.93660000 0.01221840
0.93655000 0.01222904
0.93650000 0.01223969
0.93645000 0.01225033
0.93640000 0.01226098
0.93635000 0.01227163
0.93630000 0.01228228
0.93625000 0.01229294
0.93620000 0.01230359
0.93615000 0.01231425
0.93610000 0.01232491
0.93605000 0.01233557
0.93600000 0.01234623
0.93595000 0.01235690
0.93590000 0.01236756
0.93585000 0.01237823
0.93580000 0.01238890
0.93575000 0.01239957
0.93570000 0.01241025
0.93565000 0.01242092
0.93560000 0.01243160
0.93555000 0.01244228
0.93550000 0.01245296
0.93545000 0.01246364
0.93540000 0.01247433
0.93535000 0.01248502
0.93530000 0.01249570
0.93525000 0.01250640
0.93520000 0.01251709
0.93515000 0.01252778
0.93510000 0.01253848
0.93505000 0.01254918
0.93500000 0.01255987
0.93495000 0.01257058
0.93490000 0.01258128
0.93485000 0.01259198
0.93480000 0.01260269
0.93475000 0.01261340
0.93470000 0.01262411
0.93465000 0.01263482
0.93460000 0.01264554
0.93455000 0.01265625
0.93450000 0.01266697
0.93445000 0.01267769
0.93440000 0.01268841
0.93435000 0.01269914
0.93430000 0.01270986
0.93425000 0.01272059
0.93420000 0.01273132
0.93415000 0.01274205
0.93410000 0.01275278
0.93405000 0.01276352
0.93400000 0.01277425
0.93395000 0.01278499
0.93390000 0.01279573
0.93385000 0.01280647
0.93380000 0.01281722
0.93375000 0.01282796
0.93370000 0.01283871
0.93365000 0.01284946
0.93360000 0.01286021
0.93355000 0.01287096
0.93350000 0.01288172
0.93345000 0.01289248
0.93340000 0.01290323
0.93335000 0.01291399
0.93330000 0.01292476
0.93325000 0.01293552
0.93320000 0.01294629
0.93315000 0.01295705
0.93310000 0.01296782
0.93305000 0.01297859
0.93300000 0.01298937
0.93295000 0.01300014
0.93290000 0.01301092
0.93285000 0.01302170
0.93280000 0.01303248
0.93275000 0.01304326
0.93270000 0.01305405
0.93265000 0.01306483
0.93260000 0.01307562
0.93255000 0.01308641
0.93250000 0.01309720
0.93245000 0.01310799
0.93240000 0.01311879
0.93235000 0.01312959
0.93230000 0.01314039
0.93225000 0.01315119
0.93220000 0.01316199
0.93215000 0.01317279
0.93210000 0.01318360
0.93205000 0.01319441
0.93200000 0.01320522
0.93195000 0.01321603
0.93190000 0.01322684
0.93185000 0.01323766
0.93180000 0.01324848
0.93175000 0.01325929
0.93170000 0.01327012
0.93165000 0.01328094
0.93160000 0.01329176
0.93155000 0.01330259
0.93150000 0.01331342
0.93145000 0.01332425
0.93140000 0.01333508
0.93135000 0.01334591
0.93130000 0.01335675
0.93125000 0.01336759
0.93120000 0.01337843
0.93115000 0.01338927
0.93110000 0.01340011
0.93105000 0.01341096
0.93100000 0.01342180
0.93095000 0.01343265
0.93090000 0.01344350
0.93085000 0.01345435
0.93080000 0.01346521
0.93075000 0.01347606
0.93070000 0.01348692
0.93065000 0.01349778
0.93060000 0.01350864
0.93055000 0.01351951
0.93050000 0.01353037
0.93045000 0.01354124
0.93040000 0.01355211
0.93035000 0.01356298
0.93030000 0.01357385
0.93025000 0.01358472
0.93020000 0.01359560
0.93015000 0.01360648
0.93010000 0.01361736
0.93005000 0.01362824
0.93000000 0.01363912
0.92995000 0.01365001
0.92990000 0.01366089
0.92985000 0.01367178
0.92980000 0.01368267
0.92975000 0.01369357
0.92970000 0.01370446
0.92965000 0.01371536
0.92960000 0.01372625
0.92955000 0.01373715
0.92950000 0.01374806
0.92945000 0.01375896
0.92940000 0.01376987
0.92935000 0.01378077
0.92930000 0.01379168
0.92925000 0.01380259
0.92920000 0.01381351
0.92915000 0.01382442
0.92910000 0.01383534
0.92905000 0.01384625
0.92900000 0.01385717
0.92895000 0.01386810
0.92890000 0.01387902
0.92885000 0.01388995
0.92880000 0.01390087
0.92875000 0.01391180
0.92870000 0.01392273
0.92865000 0.01393367
0.92860000 0.01394460
0.92855000 0.01395554
0.92850000 0.01396648
0.92845000 0.01397742
0.92840000 0.01398836
0.92835000 0.01399930
0.92830000 0.01401025
0.92825000 0.01402120
0.92820000 0.01403214
0.92815000 0.01404310
0.92810000 0.01405405
0.92805000 0.01406500
0.92800000 0.01407596
0.92795000 0.01408692
0.92790000 0.01409788
0.92785000 0.01410884
0.92780000 0.01411981
0.92775000 0.01413077
0.92770000 0.01414174
0.92765000 0.01415271
0.92760000 0.01416368
0.92755000 0.01417465
0.92750000 0.01418563
0.92745000 0.01419660
0.92740000 0.01420758
0.92735000 0.01421856
0.92730000 0.01422955
0.92725000 0.01424053
0.92720000 0.01425152
0.92715000 0.01426250
0.92710000 0.01427349
0.92705000 0.01428449
0.92700000 0.01429548
0.92695000 0.01430647
0.92690000 0.01431747
0.92685000 0.01432847
0.92680000 0.01433947
0.92675000 0.01435047
0.92670000 0.01436148
0.92665000 0.01437248
0.92660000 0.01438349
0.92655000 0.01439450
0.92650000 0.01440551
0.92645000 0.01441653
0.92640000 0.01442754
0.92635000 0.01443856
0.92630000 0.01444958
0.92625000 0.01446060
0.92620000 0.01447162
0.92615000 0.01448264
0.92610000 0.01449367
0.92605000 0.01450470
0.92600000 0.01451573
0.92595000 0.01452676
0.92590000 0.01453779
0.92585000 0.01454883
0.92580000 0.01455987
0.92575000 0.01457091
0.92570000 0.01458195
0.92565000 0.01459299
0.92560000 0.01460403
0.92555000 0.01461508
0.92550000 0.01462613
0.92545000 0.01463718
0.92540000 0.01464823
0.92535000 0.01465928
0.92530000 0.01467034
0.92525000 0.01468140
0.92520000 0.01469245
0.92515000 0.01470352
0.92510000 0.01471458
0.92505000 0.01472564
0.92500000 0.01473671
0.92495000 0.01474778
0.92490000 0.01475885
0.92485000 0.01476992
0.92480000 0.01478099
0.92475000 0.01479207
0.92470000 0.01480315
0.92465000 0.01481422
0.92460000 0.01482531
0.92455000 0.01483639
0.92450000 0.01484747
0.92445000 0.01485856
0.92440000 0.01486965
0.92435000 0.01488074
0.92430000 0.01489183
0.92425000 0.01490292
0.92420000 0.01491402
0.92415000 0.01492512
0.92410000 0.01493622
0.92405000 0.01494732
0.92400000 0.01495842
0.92395000 0.01496952
0.92390000 0.01498063
0.92385000 0.01499174
0.92380000 0.01500285
0.92375000 0.01501396
0.92370000 0.01502507
0.92365000 0.01503619
0.92360000 0.01504731
0.92355000 0.01505843
0.92350000 0.01506955
0.92345000 0.01508067
0.92340000 0.01509180
0.92335000 0.01510292
0.92330000 0.01511405
0.92325000 0.01512518
0.92320000 0.01513631
0.92315000 0.01514745
0.92310000 0.01515858
0.92305000 0.01516972
0.92300000 0.01518086
0.92295000 0.01519200
0.92290000 0.01520314
0.92285000 0.01521429
0.92280000 0.01522543
0.92275000 0.01523658
0.92270000 0.01524773
0.92265000 0.01525888
0.92260000 0.01527004
0.92255000 0.01528119
0.92250000 0.01529235
0.92245000 0.01530351
0.92240000 0.01531467
0.92235000 0.01532583
0.92230000 0.01533700
0.92225000 0.01534817
0.92220000 0.01535933
0.92215000 0.01537050
0.92210000 0.01538168
0.92205000 0.01539285
0.92200000 0.01540403
0.92195000 0.01541520
0.92190000 0.01542638
0.92185000 0.01543756
0.92180000 0.01544875
0.92175000 0.01545993
0.92170000 0.01547112
0.92165000 0.01548231
0.92160000 0.01549350
0.92155000 0.01550469
0.92150000 0.01551588
0.92145000 0.01552708
0.92140000 0.01553827
0.92135000 0.01554947
0.92130000 0.01556067
0.92125000 0.01557188
0.92120000 0.01558308
0.92115000 0.01559429
0.92110000 0.01560550
0.92105000 0.01561671
0.92100000 0.01562792
0.92095000 0.01563913
0.92090000 0.01565035
0.92085000 0.01566157
0.92080000 0.01567278
0.92075000 0.01568401
0.92070000 0.01569523
0.92065000 0.01570645
0.92060000 0.01571768
0.92055000 0.01572891
0.92050000 0.01574014
0.92045000 0.01575137
0.92040000 0.01576260
0.92035000 0.01577384
0.92030000 0.01578508
0.92025000 0.01579632
0.92020000 0.01580756
0.92015000 0.01581880
0.92010000 0.01583004
0.92005000 0.01584129
0.92000000 0.01585254
0.91995000 0.01586379
0.91990000 0.01587504
0.91985000 0.01588629
0.91980000 0.01589755
0.91975000 0.01590881
0.91970000 0.01592007
0.91965000 0.01593133
0.91960000 0.01594259
0.91955000 0.01595385
0.91950000 0.01596512
0.91945000 0.01597639
0.91940000 0.01598766
0.91935000 0.01599893
0.91930000 0.01601020
0.91925000 0.01602148
0.91920000 0.01603276
0.91915000 0.01604403
0.91910000 0.01605531
0.91905000 0.01606660
0.91900000 0.01607788
0.91895000 0.01608917
0.91890000 0.01610046
0.91885000 0.01611175
0.91880000 0.01612304
0.91875000 0.01613433
0.91870000 0.01614563
0.91865000 0.01615692
0.91860000 0.01616822
0.91855000 0.01617952
0.91850000 0.01619082
0.91845000 0.01620213
0.91840000 0.01621344
0.91835000 0.01622474
0.91830000 0.01623605
0.91825000 0.01624736
0.91820000 0.01625868
0.91815000 0.01626999
0.91810000 0.01628131
0.91805000 0.01629263
0.91800000 0.01630395
0.91795000 0.01631527
0.91790000 0.01632659
0.91785000 0.01633792
0.91780000 0.01634925
0.91775000 0.01636058
0.91770000 0.01637191
0.91765000 0.01638324
0.91760000 0.01639458
0.91755000 0.01640591
0.91750000 0.01641725
0.91745000 0.01642859
0.91740000 0.01643994
0.91735000 0.01645128
0.91730000 0.01646262
0.91725000 0.01647397
0.91720000 0.01648532
0.91715000 0.01649667
0.91710000 0.01650803
0.91705000 0.01651938
0.91700000 0.01653074
0.91695000 0.01654210
0.91690000 0.01655346
0.91685000 0.01656482
0.91680000 0.01657618
0.91675000 0.01658755
0.91670000 0.01659891
0.91665000 0.01661028
0.91660000 0.01662165
0.91655000 0.01663303
0.91650000 0.01664440
0.91645000 0.01665578
0.91640000 0.01666716
0.91635000 0.01667854
0.91630000 0.01668992
0.91625000 0.01670130
0.91620000 0.01671269
0.91615000 0.01672407
0.91610000 0.01673546
0.91605000 0.01674685
0.91600000 0.01675825
0.91595000 0.01676964
0.91590000 0.01678104
0.91585000 0.01679243
0.91580000 0.01680383
0.91575000 0.01681524
0.91570000 0.01682664
0.91565000 0.01683804
0.91560000 0.01684945
0.91555000 0.01686086
0.91550000 0.01687227
0.91545000 0.01688368
0.91540000 0.01689510
0.91535000 0.01690651
0.91530000 0.01691793
0.91525000 0.01692935
0.91520000 0.01694077
0.91515000 0.01695219
0.91510000 0.01696362
0.91505000 0.01697505
0.91500000 0.01698647
0.91495000 0.01699790
0.91490000 0.01700934
0.91485000 0.01702077
0.91480000 0.01703221
0.91475000 0.01704364
0.91470000 0.01705508
0.91465000 0.01706652
0.91460000 0.01707797
0.91455000 0.01708941
0.91450000 0.01710086
0.91445000 0.01711230
0.91440000 0.01712375
0.91435000 0.01713521
0.91430000 0.01714666
0.91425000 0.01715812
0.91420000 0.01716957
0.91415000 0.01718103
0.91410000 0.01719249
0.91405000 0.01720395
0.91400000 0.01721542
0.91395000 0.01722689
0.91390000 0.01723835
0.91385000 0.01724982
0.91380000 0.01726129
0.91375000 0.01727277
0.91370000 0.01728424
0.91365000 0.01729572
0.91360000 0.01730720
0.91355000 0.01731868
0.91350000 0.01733016
0.91345000 0.01734164
0.91340000 0.01735313
0.91335000 0.01736462
0.91330000 0.01737611
0.91325000 0.01738760
0.91320000 0.01739909
0.91315000 0.01741059
0.91310000 0.01742208
0.91305000 0.01743358
0.91300000 0.01744508
0.91295000 0.01745658
0.91290000 0.01746809
0.91285000 0.01747959
0.91280000 0.01749110
0.91275000 0.01750261
0.91270000 0.01751412
0.91265000 0.01752563
0.91260000 0.01753715
0.91255000 0.01754866
0.91250000 0.01756018
0.91245000 0.01757170
0.91240000 0.01758322
0.91235000 0.01759474
0.91230000 0.01760627
0.91225000 0.01761780
0.91220000 0.01762932
0.91215000 0.01764085
0.91210000 0.01765239
0.91205000 0.01766392
0.91200000 0.01767546
0.91195000 0.01768699
0.91190000 0.01769853
0.91185000 0.01771007
0.91180000 0.01772162
0.91175000 0.01773316
0.91170000 0.01774471
0.91165000 0.01775626
0.91160000 0.01776781
0.91155000 0.01777936
0.91150000 0.01779091
0.91145000 0.01780247
0.91140000 0.01781402
0.91135000 0.01782558
0.91130000 0.01783714
0.91125000 0.01784871
0.91120000 0.01786027
0.91115000 0.01787184
0.91110000 0.01788340
0.91105000 0.01789497
0.91100000 0.01790654
0.91095000 0.01791812
0.91090000 0.01792969
0.91085000 0.01794127
0.91080000 0.01795285
0.91075000 0.01796443
0.91070000 0.01797601
0.91065000 0.01798759
0.91060000 0.01799918
0.91055000 0.01801077
0.91050000 0.01802236
0.91045000 0.01803395
0.91040000 0.01804554
0.91035000 0.01805713
0.91030000 0.01806873
0.91025000 0.01808033
0.91020000 0.01809193
0.91015000 0.01810353
0.91010000 0.01811513
0.91005000 0.01812674
0.91000000 0.01813834
0.90995000 0.01814995
0.90990000 0.01816156
0.90985000 0.01817318
0.90980000 0.01818479
0.90975000 0.01819641
0.90970000 0.01820802
0.90965000 0.01821964
0.90960000 0.01823126
0.90955000 0.01824289
0.90950000 0.01825451
0.90945000 0.01826614
0.90940000 0.01827776
0.90935000 0.01828939
0.90930000 0.01830103
0.90925000 0.01831266
0.90920000 0.01832430
0.90915000 0.01833593
0.90910000 0.01834757
0.90905000 0.01835921
0.90900000 0.01837085
0.90895000 0.01838250
0.90890000 0.01839414
0.90885000 0.01840579
0.90880000 0.01841744
0.90875000 0.01842909
0.90870000 0.01844074
0.90865000 0.01845240
0.90860000 0.01846406
0.90855000 0.01847571
0.90850000 0.01848737
0.90845000 0.01849904
0.90840000 0.01851070
0.90835000 0.01852236
0.90830000 0.01853403
0.90825000 0.01854570
0.90820000 0.01855737
0.90815000 0.01856904
0.90810000 0.01858072
0.90805000 0.01859239
0.90800000 0.01860407
0.90795000 0.01861575
0.90790000 0.01862743
0.90785000 0.01863911
0.90780000 0.01865080
0.90775000 0.01866248
0.90770000 0.01867417
0.90765000 0.01868586
0.90760000 0.01869755
0.90755000 0.01870925
0.90750000 0.01872094
0.90745000 0.01873264
0.90740000 0.01874434
0.90735000 0.01875604
0.90730000 0.01876774
0.90725000 0.01877945
0.90720000 0.01879115
0.90715000 0.01880286
0.90710000 0.01881457
0.90705000 0.01882628
0.90700000 0.01883799
0.90695000 0.01884971
0.90690000 0.01886142
0.90685000 0.01887314
0.90680000 0.01888486
0.90675000 0.01889658
0.90670000 0.01890831
0.90665000 0.01892003
0.90660000 0.01893176
0.90655000 0.01894349
0.90650000 0.01895522
0.90645000 0.01896695
0.90640000 0.01897868
0.90635000 0.01899042
0.90630000 0.01900216
0.90625000 0.01901390
0.90620000 0.01902564
0.90615000 0.01903738
0.90610000 0.01904912
0.90605000 0.01906087
0.90600000 0.01907262
0.90595000 0.01908437
0.90590000 0.01909612
0.90585000 0.01910787
0.90580000 0.01911963
0.90575000 0.01913138
0.90570000 0.01914314
0.90565000 0.01915490
0.90560000 0.01916667
0.90555000 0.01917843
0.90550000 0.01919019
0.90545000 0.01920196
0.90540000 0.01921373
0.90535000 0.01922550
0.90530000 0.01923727
0.90525000 0.01924905
0.90520000 0.01926082
0.90515000 0.01927260
0.90510000 0.01928438
0.90505000 0.01929616
0.90500000 0.01930795
0.90495000 0.01931973
0.90490000 0.01933152
0.90485000 0.01934331
0.90480000 0.01935510
0.90475000 0.01936689
0.90470000 0.01937868
0.90465000 0.01939048
0.90460000 0.01940227
0.90455000 0.01941407
0.90450000 0.01942587
0.90445000 0.01943768
0.90440000 0.01944948
0.90435000 0.01946129
0.90430000 0.01947309
0.90425000 0.01948490
0.90420000 0.01949671
0.90415000 0.01950853
0.90410000 0.01952034
0.90405000 0.01953216
0.90400000 0.01954397
0.90395000 0.01955579
0.90390000 0.01956762
0.90385000 0.01957944
0.90380000 0.01959126
0.90375000 0.01960309
0.90370000 0.01961492
0.90365000 0.01962675
0.90360000 0.01963858
0.90355000 0.01965041
0.90350000 0.01966225
0.90345000 0.01967409
0.90340000 0.01968593
0.90335000 0.01969777
0.90330000 0.01970961
0.90325000 0.01972145
0.90320000 0.01973330
0.90315000 0.01974515
0.90310000 0.01975700
0.90305000 0.01976885
0.90300000 0.01978070
0.90295000 0.01979255
0.90290000 0.01980441
0.90285000 0.01981627
0.90280000 0.01982813
0.90275000 0.01983999
0.90270000 0.01985185
0.90265000 0.01986372
0.90260000 0.01987559
0.90255000 0.01988745
0.90250000 0.01989932
0.90245000 0.01991120
0.90240000 0.01992307
0.90235000 0.01993494
0.90230000 0.01994682
0.90225000 0.01995870
0.90220000 0.01997058
0.90215000 0.01998246
0.90210000 0.01999435
0.90205000 0.02000623
0.90200000 0.02001812
0.90195000 0.02003001
0.90190000 0.02004190
0.90185000 0.02005379
0.90180000 0.02006569
0.90175000 0.02007759
0.90170000 0.02008948
0.90165000 0.02010138
0.90160000 0.02011328
0.90155000 0.02012519
0.90150000 0.02013709
0.90145000 0.02014900
0.90140000 0.02016091
0.90135000 0.02017282
0.90130000 0.02018473
0.90125000 0.02019664
0.90120000 0.02020856
0.90115000 0.02022047
0.90110000 0.02023239
0.90105000 0.02024431
0.90100000 0.02025624
0.90095000 0.02026816
0.90090000 0.02028009
0.90085000 0.02029201
0.90080000 0.02030394
0.90075000 0.02031587
0.90070000 0.02032781
0.90065000 0.02033974
0.90060000 0.02035168
0.90055000 0.02036361
0.90050000 0.02037555
0.90045000 0.02038749
0.90040000 0.02039944
0.90035000 0.02041138
0.90030000 0.02042333
0.90025000 0.02043528
0.90020000 0.02044723
0.90015000 0.02045918
0.90010000 0.02047113
0.90005000 0.02048309
0.90000000 0.02049504
0.89995000 0.02050700
0.89990000 0.02051896
0.89985000 0.02053092
0.89980000 0.02054289
0.89975000 0.02055485
0.89970000 0.02056682
0.89965000 0.02057879
0.89960000 0.02059076
0.89955000 0.02060273
0.89950000 0.02061470
0.89945000 0.02062668
0.89940000 0.02063866
0.89935000 0.02065064
0.89930000 0.02066262
0.89925000 0.02067460
0.89920000 0.02068658
0.89915000 0.02069857
0.89910000 0.02071056
0.89905000 0.02072255
0.89900000 0.02073454
0.89895000 0.02074653
0.89890000 0.02075853
0.89885000 0.02077052
0.89880000 0.02078252
0.89875000 0.02079452
0.89870000 0.02080652
0.89865000 0.02081852
0.89860000 0.02083053
0.89855000 0.02084253
0.89850000 0.02085454
0.89845000 0.02086655
0.89840000 0.02087856
0.89835000 0.02089058
0.89830000 0.02090259
0.89825000 0.02091461
0.89820000 0.02092663
0.89815000 0.02093865
0.89810000 0.02095067
0.89805000 0.02096269
0.89800000 0.02097472
0.89795000 0.02098675
0.89790000 0.02099878
0.89785000 0.02101081
0.89780000 0.02102284
0.89775000 0.02103487
0.89770000 0.02104691
0.89765000 0.02105895
0.89760000 0.02107098
0.89755000 0.02108303
0.89750000 0.02109507
0.89745000 0.02110711
0.89740000 0.02111916
0.89735000 0.02113121
0.89730000 0.02114326
0.89725000 0.02115531
0.89720000 0.02116736
0.89715000 0.02117941
0.89710000 0.02119147
0.89705000 0.02120353
0.89700000 0.02121559
0.89695000 0.02122765
0.89690000 0.02123971
0.89685000 0.02125178
0.89680000 0.02126384
0.89675000 0.02127591
0.89670000 0.02128798
0.89665000 0.02130005
0.89660000 0.02131212
0.89655000 0.02132420
0.89650000 0.02133628
0.89645000 0.02134835
0.89640000 0.02136043
0.89635000 0.02137252
0.89630000 0.02138460
0.89625000 0.02139668
0.89620000 0.02140877
0.89615000 0.02142086
0.89610000 0.02143295
0.89605000 0.02144504
0.89600000 0.02145714
0.89595000 0.02146923
0.89590000 0.02148133
0.89585000 0.02149343
0.89580000 0.02150553
0.89575000 0.02151763
0.89570000 0.02152973
0.89565000 0.02154184
0.89560000 0.02155395
0.89555000 0.02156605
0.89550000 0.02157816
0.89545000 0.02159028
0.89540000 0.02160239
0.89535000 0.02161451
0.89530000 0.02162662
0.89525000 0.02163874
0.89520000 0.02165086
0.89515000 0.02166299
0.89510000 0.02167511
0.89505000 0.02168724
0.89500000 0.02169936
0.89495000 0.02171149
0.89490000 0.02172362
0.89485000 0.02173576
0.89480000 0.02174789
0.89475000 0.02176003
0.89470000 0.02177216
0.89465000 0.02178430
0.89460000 0.02179645
0.89455000 0.02180859
0.89450000 0.02182073
0.89445000 0.02183288
0.89440000 0.02184503
0.89435000 0.02185718
0.89430000 0.02186933
0.89425000 0.02188148
0.89420000 0.02189363
0.89415000 0.02190579
0.89410000 0.02191795
0.89405000 0.02193011
0.89400000 0.02194227
0.89395000 0.02195443
0.89390000 0.02196660
0.89385000 0.02197876
0.89380000 0.02199093
0.89375000 0.02200310
0.89370000 0.02201527
0.89365000 0.02202745
0.89360000 0.02203962
0.89355000 0.02205180
0.89350000 0.02206398
0.89345000 0.02207616
0.89340000 0.02208834
0.89335000 0.02210052
0.89330000 0.02211271
0.89325000 0.02212489
0.89320000 0.02213708
0.89315000 0.02214927
0.89310000 0.02216146
0.89305000 0.02217365
0.89300000 0.02218585
0.89295000 0.02219805
0.89290000 0.02221024
0.89285000 0.02222244
0.89280000 0.02223465
0.89275000 0.02224685
0.89270000 0.02225905
0.89265000 0.02227126
0.89260000 0.02228347
0.89255000 0.02229568
0.89250000 0.02230789
0.89245000 0.02232011
0.89240000 0.02233232
0.89235000 0.02234454
0.89230000 0.02235676
0.89225000 0.02236898
0.89220000 0.02238120
0.89215000 0.02239342
0.89210000 0.02240565
0.89205000 0.02241787
0.89200000 0.02243010
0.89195000 0.02244233
0.89190000 0.02245456
0.89185000 0.02246680
0.89180000 0.02247903
0.89175000 0.02249127
0.89170000 0.02250351
0.89165000 0.02251575
0.89160000 0.02252799
0.89155000 0.02254023
0.89150000 0.02255248
0.89145000 0.02256473
0.89140000 0.02257697
0.89135000 0.02258923
0.89130000 0.02260148
0.89125000 0.02261373
0.89120000 0.02262599
0.89115000 0.02263824
0.89110000 0.02265050
0.89105000 0.02266276
0.89100000 0.02267502
0.89095000 0.02268729
0.89090000 0.02269955
0.89085000 0.02271182
0.89080000 0.02272409
0.89075000 0.02273636
0.89070000 0.02274863
0.89065000 0.02276090
0.89060000 0.02277318
0.89055000 0.02278546
0.89050000 0.02279773
0.89045000 0.02281002
0.89040000 0.02282230
0.89035000 0.02283458
0.89030000 0.02284687
0.89025000 0.02285915
0.89020000 0.02287144
0.89015000 0.02288373
0.89010000 0.02289602
0.89005000 0.02290832
0.89000000 0.02292061
0.88995000 0.02293291
0.88990000 0.02294521
0.88985000 0.02295751
0.88980000 0.02296981
0.88975000 0.02298211
0.88970000 0.02299442
0.88965000 0.02300673
0.88960000 0.02301903
0.88955000 0.02303134
0.88950000 0.02304366
0.88945000 0.02305597
0.88940000 0.02306828
0.88935000 0.02308060
0.88930000 0.02309292
0.88925000 0.02310524
0.88920000 0.02311756
0.88915000 0.02312988
0.88910000 0.02314221
0.88905000 0.02315454
0.88900000 0.02316686
0.88895000 0.02317919
0.88890000 0.02319153
0.88885000 0.02320386
0.88880000 0.02321619
0.88875000 0.02322853
0.88870000 0.02324087
0.88865000 0.02325321
0.88860000 0.02326555
0.88855000 0.02327789
0.88850000 0.02329024
0.88845000 0.02330259
0.88840000 0.02331493
0.88835000 0.02332728
0.88830000 0.02333964
0.88825000 0.02335199
0.88820000 0.02336434
0.88815000 0.02337670
0.88810000 0.02338906
0.88805000 0.02340142
0.88800000 0.02341378
0.88795000 0.02342614
0.88790000 0.02343851
0.88785000 0.02345087
0.88780000 0.02346324
0.88775000 0.02347561
0.88770000 0.02348798
0.88765000 0.02350035
0.88760000 0.02351273
0.88755000 0.02352510
0.88750000 0.02353748
0.88745000 0.02354986
0.88740000 0.02356224
0.88735000 0.02357463
0.88730000 0.02358701
0.88725000 0.02359940
0.88720000 0.02361178
0.88715000 0.02362417
0.88710000 0.02363656
0.88705000 0.02364896
0.88700000 0.02366135
0.88695000 0.02367375
0.88690000 0.02368614
0.88685000 0.02369854
0.88680000 0.02371094
0.88675000 0.02372335
0.88670000 0.02373575
0.88665000 0.02374816
0.88660000 0.02376056
0.88655000 0.02377297
0.88650000 0.02378538
0.88645000 0.02379780
0.88640000 0.02381021
0.88635000 0.02382262
0.88630000 0.02383504
0.88625000 0.02384746
0.88620000 0.02385988
0.88615000 0.02387230
0.88610000 0.02388473
0.88605000 0.02389715
0.88600000 0.02390958
0.88595000 0.02392201
0.88590000 0.02393444
0.88585000 0.02394687
0.88580000 0.02395930
0.88575000 0.02397174
0.88570000 0.02398417
0.88565000 0.02399661
0.88560000 0.02400905
0.88555000 0.02402149
0.88550000 0.02403394
0.88545000 0.02404638
0.88540000 0.02405883
0.88535000 0.02407128
0.88530000 0.02408373
0.88525000 0.02409618
0.88520000 0.02410863
0.88515000 0.02412109
0.88510000 0.02413354
0.88505000 0.02414600
0.88500000 0.02415846
0.88495000 0.02417092
0.88490000 0.02418338
0.88485000 0.02419585
0.88480000 0.02420831
0.88475000 0.02422078
0.88470000 0.02423325
0.88465000 0.02424572
0.88460000 0.02425819
0.88455000 0.02427067
0.88450000 0.02428314
0.88445000 0.02429562
0.88440000 0.02430810
0.88435000 0.02432058
0.88430000 0.02433306
0.88425000 0.02434555
0.88420000 0.02435803
0.88415000 0.02437052
0.88410000 0.02438301
0.88405000 0.02439550
0.88400000 0.02440799
0.88395000 0.02442048
0.88390000 0.02443298
0.88385000 0.02444548
0.88380000 0.02445797
0.88375000 0.02447047
0.88370000 0.02448298
0.88365000 0.02449548
0.88360000 0.02450798
0.88355000 0.02452049
0.88350000 0.02453300
0.88345000 0.02454551
0.88340000 0.02455802
0.88335000 0.02457053
0.88330000 0.02458305
0.88325000 0.02459556
0.88320000 0.02460808
0.88315000 0.02462060
0.88310000 0.02463312
0.88305000 0.02464564
0.88300000 0.02465817
0.88295000 0.02467069
0.88290000 0.02468322
0.88285000 0.02469575
0.88280000 0.02470828
0.88275000 0.02472081
0.88270000 0.02473335
0.88265000 0.02474588
0.88260000 0.02475842
0.88255000 0.02477096
0.88250000 0.02478350
0.88245000 0.02479604
0.88240000 0.02480858
0.88235000 0.02482113
0.88230000 0.02483367
0.88225000 0.02484622
0.88220000 0.02485877
0.88215000 0.02487132
0.88210000 0.02488388
0.88205000 0.02489643
0.88200000 0.02490899
0.88195000 0.02492155
0.88190000 0.02493411
0.88185000 0.02494667
0.88180000 0.02495923
0.88175000 0.02497179
0.88170000 0.02498436
0.88165000 0.02499693
0.88160000 0.02500950
0.88155000 0.02502207
0.88150000 0.02503464
0.88145000 0.02504721
0.88140000 0.02505979
0.88135000 0.02507237
0.88130000 0.02508494
0.88125000 0.02509752
0.88120000 0.02511011
0.88115000 0.02512269
0.88110000 0.02513528
0.88105000 0.02514786
0.88100000 0.02516045
0.88095000 0.02517304
0.88090000 0.02518563
0.88085000 0.02519822
0.88080000 0.02521082
0.88075000 0.02522342
0.88070000 0.02523601
0.88065000 0.02524861
0.88060000 0.02526121
0.88055000 0.02527382
0.88050000 0.02528642
0.88045000 0.02529903
0.88040000 0.02531163
0.88035000 0.02532424
0.88030000 0.02533685
0.88025000 0.02534947
0.88020000 0.02536208
0.88015000 0.02537469
0.88010000 0.02538731
0.88005000 0.02539993
0.88000000 0.02541255
0.87995000 0.02542517
0.87990000 0.02543779
0.87985000 0.02545042
0.87980000 0.02546305
0.87975000 0.02547567
0.87970000 0.02548830
0.87965000 0.02550093
0.87960000 0.02551357
0.87955000 0.02552620
0.87950000 0.02553884
0.87945000 0.02555147
0.87940000 0.02556411
0.87935000 0.02557675
0.87930000 0.02558940
0.87925000 0.02560204
0.87920000 0.02561469
0.87915000 0.02562733
0.87910000 0.02563998
0.87905000 0.02565263
0.87900000 0.02566528
0.87895000 0.02567794
0.87890000 0.02569059
0.87885000 0.02570325
0.87880000 0.02571591
0.87875000 0.02572857
0.87870000 0.02574123
0.87865000 0.02575389
0.87860000 0.02576655
0.87855000 0.02577922
0.87850000 0.02579189
0.87845000 0.02580456
0.87840000 0.02581723
0.87835000 0.02582990
0.87830000 0.02584257
0.87825000 0.02585525
0.87820000 0.02586793
0.87815000 0.02588060
0.87810000 0.02589328
0.87805000 0.02590597
0.87800000 0.02591865
0.87795000 0.02593133
0.87790000 0.02594402
0.87785000 0.02595671
0.87780000 0.02596940
0.87775000 0.02598209
0.87770000 0.02599478
0.87765000 0.02600748
0.87760000 0.02602017
0.87755000 0.02603287
0.87750000 0.02604557
0.87745000 0.02605827
0.87740000 0.02607097
0.87735000 0.02608367
0.87730000 0.02609638
0.87725000 0.02610909
0.87720000 0.02612179
0.87715000 0.02613450
0.87710000 0.02614721
0.87705000 0.02615993
0.87700000 0.02617264
0.87695000 0.02618536
0.87690000 0.02619808
0.87685000 0.02621080
0.87680000 0.02622352
0.87675000 0.02623624
0.87670000 0.02624896
0.87665000 0.02626169
0.87660000 0.02627441
0.87655000 0.02628714
0.87650000 0.02629987
0.87645000 0.02631261
0.87640000 0.02632534
0.87635000 0.02633807
0.87630000 0.02635081
0.87625000 0.02636355
0.87620000 0.02637629
0.87615000 0.02638903
0.87610000 0.02640177
0.87605000 0.02641451
0.87600000 0.02642726
0.87595000 0.02644001
0.87590000 0.02645276
0.87585000 0.02646551
0.87580000 0.02647826
0.87575000 0.02649101
0.87570000 0.02650377
0.87565000 0.02651652
0.87560000 0.02652928
0.87555000 0.02654204
0.87550000 0.02655480
0.87545000 0.02656757
0.87540000 0.02658033
0.87535000 0.02659310
0.87530000 0.02660586
0.87525000 0.02661863
0.87520000 0.02663140
0.87515000 0.02664417
0.87510000 0.02665695
0.87505000 0.02666972
0.87500000 0.02668250
0.87495000 0.02669528
0.87490000 0.02670806
0.87485000 0.02672084
0.87480000 0.02673362
0.87475000 0.02674641
0.87470000 0.02675919
0.87465000 0.02677198
0.87460000 0.02678477
0.87455000 0.02679756
0.87450000 0.02681035
0.87445000 0.02682315
0.87440000 0.02683594
0.87435000 0.02684874
0.87430000 0.02686154
0.87425000 0.02687434
0.87420000 0.02688714
0.87415000 0.02689994
0.87410000 0.02691274
0.87405000 0.02692555
0.87400000 0.02693836
0.87395000 0.02695117
0.87390000 0.02696398
0.87385000 0.02697679
0.87380000 0.02698960
0.87375000 0.02700242
0.87370000 0.02701524
0.87365000 0.02702805
0.87360000 0.02704087
0.87355000 0.02705369
0.87350000 0.02706652
0.87345000 0.02707934
0.87340000 0.02709217
0.87335000 0.02710500
0.87330000 0.02711782
0.87325000 0.02713066
0.87320000 0.02714349
0.87315000 0.02715632
0.87310000 0.02716916
0.87305000 0.02718199
0.87300000 0.02719483
0.87295000 0.02720767
0.87290000 0.02722051
0.87285000 0.02723335
0.87280000 0.02724620
0.87275000 0.02725904
0.87270000 0.02727189
0.87265000 0.02728474
0.87260000 0.02729759
0.87255000 0.02731044
0.87250000 0.02732330
0.87245000 0.02733615
0.87240000 0.02734901
0.87235000 0.02736187
0.87230000 0.02737473
0.87225000 0.02738759
0.87220000 0.02740045
0.87215000 0.02741331
0.87210000 0.02742618
0.87205000 0.02743905
0.87200000 0.02745191
0.87195000 0.02746478
0.87190000 0.02747766
0.87185000 0.02749053
0.87180000 0.02750340
0.87175000 0.02751628
0.87170000 0.02752916
0.87165000 0.02754204
0.87160000 0.02755492
0.87155000 0.02756780
0.87150000 0.02758068
0.87145000 0.02759357
0.87140000 0.02760646
0.87135000 0.02761935
0.87130000 0.02763224
0.87125000 0.02764513
0.87120000 0.02765802
0.87115000 0.02767091
0.87110000 0.02768381
0.87105000 0.02769671
0.87100000 0.02770961
0.87095000 0.02772251
0.87090000 0.02773541
0.87085000 0.02774831
0.87080000 0.02776122
0.87075000 0.02777412
0.87070000 0.02778703
0.87065000 0.02779994
0.87060000 0.02781285
0.87055000 0.02782577
0.87050000 0.02783868
0.87045000 0.02785159
0.87040000 0.02786451
0.87035000 0.02787743
0.87030000 0.02789035
0.87025000 0.02790327
0.87020000 0.02791620
0.87015000 0.02792912
0.87010000 0.02794205
0.87005000 0.02795497
0.87000000 0.02796790
0.86995000 0.02798083
0.86990000 0.02799377
0.86985000 0.02800670
0.86980000 0.02801963
0.86975000 0.02803257
0.86970000 0.02804551
0.86965000 0.02805845
0.86960000 0.02807139
0.86955000 0.02808433
0.86950000 0.02809728
0.86945000 0.02811022
0.86940000 0.02812317
0.86935000 0.02813612
0.86930000 0.02814907
0.86925000 0.02816202
0.86920000 0.02817497
0.86915000 0.02818793
0.86910000 0.02820088
0.86905000 0.02821384
0.86900000 0.02822680
0.86895000 0.02823976
0.86890000 0.02825272
0.86885000 0.02826569
0.86880000 0.02827865
0.86875000 0.02829162
0.86870000 0.02830459
0.86865000 0.02831755
0.86860000 0.02833053
0.86855000 0.02834350
0.86850000 0.02835647
0.86845000 0.02836945
0.86840000 0.02838242
0.86835000 0.02839540
0.86830000 0.02840838
0.86825000 0.02842136
0.86820000 0.02843435
0.86815000 0.02844733
0.86810000 0.02846032
0.86805000 0.02847331
0.86800000 0.02848629
0.86795000 0.02849928
0.86790000 0.02851228
0.86785000 0.02852527
0.86780000 0.02853826
0.86775000 0.02855126
0.86770000 0.02856426
0.86765000 0.02857726
0.86760000 0.02859026
0.86755000 0.02860326
0.86750000 0.02861626
0.86745000 0.02862927
0.86740000 0.02864228
0.86735000 0.02865528
0.86730000 0.02866829
0.86725000 0.02868130
0.86720000 0.02869432
0.86715000 0.02870733
0.86710000 0.02872035
0.86705000 0.02873336
0.86700000 0.02874638
0.86695000 0.02875940
0.86690000 0.02877242
0.86685000 0.02878545
0.86680000 0.02879847
0.86675000 0.02881150
0.86670000 0.02882452
0.86665000 0.02883755
0.86660000 0.02885058
0.86655000 0.02886361
0.86650000 0.02887665
0.86645000 0.02888968
0.86640000 0.02890272
0.86635000 0.02891576
0.86630000 0.02892879
0.86625000 0.02894184
0.86620000 0.02895488
0.86615000 0.02896792
0.86610000 0.02898097
0.86605000 0.02899401
0.86600000 0.02900706
0.86595000 0.02902011
0.86590000 0.02903316
0.86585000 0.02904621
0.86580000 0.02905927
0.86575000 0.02907232
0.86570000 0.02908538
0.86565000 0.02909844
0.86560000 0.02911150
0.86555000 0.02912456
0.86550000 0.02913762
0.86545000 0.02915068
0.86540000 0.02916375
0.86535000 0.02917682
0.86530000 0.02918988
0.86525000 0.02920295
0.86520000 0.02921602
0.86515000 0.02922910
0.86510000 0.02924217
0.86505000 0.02925525
0.86500000 0.02926832
0.86495000 0.02928140
0.86490000 0.02929448
0.86485000 0.02930756
0.86480000 0.02932065
0.86475000 0.02933373
0.86470000 0.02934682
0.86465000 0.02935990
0.86460000 0.02937299
0.86455000 0.02938608
0.86450000 0.02939917
0.86445000 0.02941227
0.86440000 0.02942536
0.86435000 0.02943846
0.86430000 0.02945156
0.86425000 0.02946465
0.86420000 0.02947776
0.86415000 0.02949086
0.86410000 0.02950396
0.86405000 0.02951706
0.86400000 0.02953017
0.86395000 0.02954328
0.86390000 0.02955639
0.86385000 0.02956950
0.86380000 0.02958261
0.86375000 0.02959572
0.86370000 0.02960884
0.86365000 0.02962195
0.86360000 0.02963507
0.86355000 0.02964819
0.86350000 0.02966131
0.86345000 0.02967443
0.86340000 0.02968756
0.86335000 0.02970068
0.86330000 0.02971381
0.86325000 0.02972694
0.86320000 0.02974007
0.86315000 0.02975320
0.86310000 0.02976633
0.86305000 0.02977946
0.86300000 0.02979260
0.86295000 0.02980573
0.86290000 0.02981887
0.86285000 0.02983201
0.86280000 0.02984515
0.86275000 0.02985829
0.86270000 0.02987144
0.86265000 0.02988458
0.86260000 0.02989773
0.86255000 0.02991088
0.86250000 0.02992402
0.86245000 0.02993718
0.86240000 0.02995033
0.86235000 0.02996348
0.86230000 0.02997664
0.86225000 0.02998979
0.86220000 0.03000295
0.86215000 0.03001611
0.86210000 0.03002927
0.86205000 0.03004243
0.86200000 0.03005560
0.86195000 0.03006876
0.86190000 0.03008193
0.86185000 0.03009510
0.86180000 0.03010827
0.86175000 0.03012144
0.86170000 0.03013461
0.86165000 0.03014778
0.86160000 0.03016096
0.86155000 0.03017413
0.86150000 0.03018731
0.86145000 0.03020049
0.86140000 0.03021367
0.86135000 0.03022685
0.86130000 0.03024004
0.86125000 0.03025322
0.86120000 0.03026641
0.86115000 0.03027960
0.86110000 0.03029279
0.86105000 0.03030598
0.86100000 0.03031917
0.86095000 0.03033236
0.86090000 0.03034556
0.86085000 0.03035875
0.86080000 0.03037195
0.86075000 0.03038515
0.86070000 0.03039835
0.86065000 0.03041155
0.86060000 0.03042476
0.86055000 0.03043796
0.86050000 0.03045117
0.86045000 0.03046438
0.86040000 0.03047758
0.86035000 0.03049079
0.86030000 0.03050401
0.86025000 0.03051722
0.86020000 0.03053043
0.86015000 0.03054365
0.86010000 0.03055687
0.86005000 0.03057009
0.86000000 0.03058331
0.85995000 0.03059653
0.85990000 0.03060975
0.85985000 0.03062298
0.85980000 0.03063620
0.85975000 0.03064943
0.85970000 0.03066266
0.85965000 0.03067589
0.85960000 0.03068912
0.85955000 0.03070235
0.85950000 0.03071559
0.85945000 0.03072882
0.85940000 0.03074206
0.85935000 0.03075530
0.85930000 0.03076854
0.85925000 0.03078178
0.85920000 0.03079502
0.85915000 0.03080827
0.85910000 0.03082151
0.85905000 0.03083476
0.85900000 0.03084801
0.85895000 0.03086126
0.85890000 0.03087451
0.85885000 0.03088776
0.85880000 0.03090102
0.85875000 0.03091427
0.85870000 0.03092753
0.85865000 0.03094079
0.85860000 0.03095405
0.85855000 0.03096731
0.85850000 0.03098057
0.85845000 0.03099383
0.85840000 0.03100710
0.85835000 0.03102037
0.85830000 0.03103363
0.85825000 0.03104690
0.85820000 0.03106017
0.85815000 0.03107345
0.85810000 0.03108672
0.85805000 0.03110000
0.85800000 0.03111327
0.85795000 0.03112655
0.85790000 0.03113983
0.85785000 0.03115311
0.85780000 0.03116639
0.85775000 0.03117967
0.85770000 0.03119296
0.85765000 0.03120624
0.85760000 0.03121953
0.85755000 0.03123282
0.85750000 0.03124611
0.85745000 0.03125940
0.85740000 0.03127270
0.85735000 0.03128599
0.85730000 0.03129929
0.85725000 0.03131258
0.85720000 0.03132588
0.85715000 0.03133918
0.85710000 0.03135248
0.85705000 0.03136579
0.85700000 0.03137909
0.85695000 0.03139239
0.85690000 0.03140570
0.85685000 0.03141901
0.85680000 0.03143232
0.85675000 0.03144563
0.85670000 0.03145894
0.85665000 0.03147226
0.85660000 0.03148557
0.85655000 0.03149889
0.85650000 0.03151220
0.85645000 0.03152552
0.85640000 0.03153884
0.85635000 0.03155217
0.85630000 0.03156549
0.85625000 0.03157881
0.85620000 0.03159214
0.85615000 0.03160547
0.85610000 0.03161880
0.85605000 0.03163213
0.85600000 0.03164546
0.85595000 0.03165879
0.85590000 0.03167212
0.85585000 0.03168546
0.85580000 0.03169880
0.85575000 0.03171214
0.85570000 0.03172548
0.85565000 0.03173882
0.85560000 0.03175216
0.85555000 0.03176550
0.85550000 0.03177885
0.85545000 0.03179219
0.85540000 0.03180554
0.85535000 0.03181889
0.85530000 0.03183224
0.85525000 0.03184559
0.85520000 0.03185895
0.85515000 0.03187230
0.85510000 0.03188566
0.85505000 0.03189902
0.85500000 0.03191237
0.85495000 0.03192573
0.85490000 0.03193910
0.85485000 0.03195246
0.85480000 0.03196582
0.85475000 0.03197919
0.85470000 0.03199255
0.85465000 0.03200592
0.85460000 0.03201929
0.85455000 0.03203266
0.85450000 0.03204604
0.85445000 0.03205941
0.85440000 0.03207278
0.85435000 0.03208616
0.85430000 0.03209954
0.85425000 0.03211292
0.85420000 0.03212630
0.85415000 0.03213968
0.85410000 0.03215306
0.85405000 0.03216645
0.85400000 0.03217983
0.85395000 0.03219322
0.85390000 0.03220661
0.85385000 0.03222000
0.85380000 0.03223339
0.85375000 0.03224678
0.85370000 0.03226018
0.85365000 0.03227357
0.85360000 0.03228697
0.85355000 0.03230037
0.85350000 0.03231377
0.85345000 0.03232717
0.85340000 0.03234057
0.85335000 0.03235397
0.85330000 0.03236738
0.85325000 0.03238078
0.85320000 0.03239419
0.85315000 0.03240760
0.85310000 0.03242101
0.85305000 0.03243442
0.85300000 0.03244783
0.85295000 0.03246125
0.85290000 0.03247466
0.85285000 0.03248808
0.85280000 0.03250150
0.85275000 0.03251492
0.85270000 0.03252834
0.85265000 0.03254176
0.85260000 0.03255518
0.85255000 0.03256861
0.85250000 0.03258203
0.85245000 0.03259546
0.85240000 0.03260889
0.85235000 0.03262232
0.85230000 0.03263575
0.85225000 0.03264918
0.85220000 0.03266262
0.85215000 0.03267605
0.85210000 0.03268949
0.85205000 0.03270293
0.85200000 0.03271637
0.85195000 0.03272981
0.85190000 0.03274325
0.85185000 0.03275669
0.85180000 0.03277014
0.85175000 0.03278358
0.85170000 0.03279703
0.85165000 0.03281048
0.85160000 0.03282393
0.85155000 0.03283738
0.85150000 0.03285083
0.85145000 0.03286429
0.85140000 0.03287774
0.85135000 0.03289120
0.85130000 0.03290466
0.85125000 0.03291812
0.85120000 0.03293158
0.85115000 0.03294504
0.85110000 0.03295850
0.85105000 0.03297197
0.85100000 0.03298543
0.85095000 0.03299890
0.85090000 0.03301237
0.85085000 0.03302584
0.85080000 0.03303931
0.85075000 0.03305278
0.85070000 0.03306625
0.85065000 0.03307973
0.85060000 0.03309320
0.85055000 0.03310668
0.85050000 0.03312016
0.85045000 0.03313364
0.85040000 0.03314712
0.85035000 0.03316061
0.85030000 0.03317409
0.85025000 0.03318758
0.85020000 0.03320106
0.85015000 0.03321455
0.85010000 0.03322804
0.85005000 0.03324153
0.85000000 0.03325502
0.84995000 0.03326852
0.84990000 0.03328201
0.84985000 0.03329551
0.84980000 0.03330900
0.84975000 0.03332250
0.84970000 0.03333600
0.84965000 0.03334950
0.84960000 0.03336301
0.84955000 0.03337651
0.84950000 0.03339001
0.84945000 0.03340352
0.84940000 0.03341703
0.84935000 0.03343054
0.84930000 0.03344405
0.84925000 0.03345756
0.84920000 0.03347107
0.84915000 0.03348459
0.84910000 0.03349810
0.84905000 0.03351162
0.84900000 0.03352514
0.84895000 0.03353866
0.84890000 0.03355218
0.84885000 0.03356570
0.84880000 0.03357922
0.84875000 0.03359275
0.84870000 0.03360627
0.84865000 0.03361980
0.84860000 0.03363333
0.84855000 0.03364686
0.84850000 0.03366039
0.84845000 0.03367392
0.84840000 0.03368745
0.84835000 0.03370099
0.84830000 0.03371453
0.84825000 0.03372806
0.84820000 0.03374160
0.84815000 0.03375514
0.84810000 0.03376868
0.84805000 0.03378223
0.84800000 0.03379577
0.84795000 0.03380931
0.84790000 0.03382286
0.84785000 0.03383641
0.84780000 0.03384996
0.84775000 0.03386351
0.84770000 0.03387706
0.84765000 0.03389061
0.84760000 0.03390417
0.84755000 0.03391772
0.84750000 0.03393128
0.84745000 0.03394484
0.84740000 0.03395840
0.84735000 0.03397196
0.84730000 0.03398552
0.84725000 0.03399908
0.84720000 0.03401265
0.84715000 0.03402621
0.84710000 0.03403978
0.84705000 0.03405335
0.84700000 0.03406692
0.84695000 0.03408049
0.84690000 0.03409406
0.84685000 0.03410763
0.84680000 0.03412121
0.84675000 0.03413478
0.84670000 0.03414836
0.84665000 0.03416194
0.84660000 0.03417552
0.84655000 0.03418910
0.84650000 0.03420268
0.84645000 0.03421626
0.84640000 0.03422985
0.84635000 0.03424343
0.84630000 0.03425702
0.84625000 0.03427061
0.84620000 0.03428420
0.84615000 0.03429779
0.84610000 0.03431138
0.84605000 0.03432498
0.84600000 0.03433857
0.84595000 0.03435217
0.84590000 0.03436576
0.84585000 0.03437936
0.84580000 0.03439296
0.84575000 0.03440656
0.84570000 0.03442017
0.84565000 0.03443377
0.84560000 0.03444738
0.84555000 0.03446098
0.84550000 0.03447459
0.84545000 0.03448820
0.84540000 0.03450181
0.84535000 0.03451542
0.84530000 0.03452903
0.84525000 0.03454264
0.84520000 0.03455626
0.84515000 0.03456988
0.84510000 0.03458349
0.84505000 0.03459711
0.84500000 0.03461073
0.84495000 0.03462435
0.84490000 0.03463798
0.84485000 0.03465160
0.84480000 0.03466522
0.84475000 0.03467885
0.84470000 0.03469248
0.84465000 0.03470611
0.84460000 0.03471974
0.84455000 0.03473337
0.84450000 0.03474700
0.84445000 0.03476063
0.84440000 0.03477427
0.84435000 0.03478791
0.84430000 0.03480154
0.84425000 0.03481518
0.84420000 0.03482882
0.84415000 0.03484246
0.84410000 0.03485611
0.84405000 0.03486975
0.84400000 0.03488339
0.84395000 0.03489704
0.84390000 0.03491069
0.84385000 0.03492434
0.84380000 0.03493799
0.84375000 0.03495164
0.84370000 0.03496529
0.84365000 0.03497894
0.84360000 0.03499260
0.84355000 0.03500625
0.84350000 0.03501991
0.84345000 0.03503357
0.84340000 0.03504723
0.84335000 0.03506089
0.84330000 0.03507455
0.84325000 0.03508822
0.84320000 0.03510188
0.84315000 0.03511555
0.84310000 0.03512921
0.84305000 0.03514288
0.84300000 0.03515655
0.84295000 0.03517022
0.84290000 0.03518390
0.84285000 0.03519757
0.84280000 0.03521124
0.84275000 0.03522492
0.84270000 0.03523860
0.84265000 0.03525227
0.84260000 0.03526595
0.84255000 0.03527964
0.84250000 0.03529332
0.84245000 0.03530700
0.84240000 0.03532068
0.84235000 0.03533437
0.84230000 0.03534806
0.84225000 0.03536174
0.84220000 0.03537543
0.84215000 0.03538912
0.84210000 0.03540282
0.84205000 0.03541651
0.84200000 0.03543020
0.84195000 0.03544390
0.84190000 0.03545760
0.84185000 0.03547129
0.84180000 0.03548499
0.84175000 0.03549869
0.84170000 0.03551239
0.84165000 0.03552610
0.84160000 0.03553980
0.84155000 0.03555351
0.84150000 0.03556721
0.84145000 0.03558092
0.84140000 0.03559463
0.84135000 0.03560834
0.84130000 0.03562205
0.84125000 0.03563576
0.84120000 0.03564948
0.84115000 0.03566319
0.84110000 0.03567691
0.84105000 0.03569062
0.84100000 0.03570434
0.84095000 0.03571806
0.84090000 0.03573178
0.84085000 0.03574550
0.84080000 0.03575923
0.84075000 0.03577295
0.84070000 0.03578668
0.84065000 0.03580040
0.84060000 0.03581413
0.84055000 0.03582786
0.84050000 0.03584159
0.84045000 0.03585532
0.84040000 0.03586906
0.84035000 0.03588279
0.84030000 0.03589653
0.84025000 0.03591026
0.84020000 0.03592400
0.84015000 0.03593774
0.84010000 0.03595148
0.84005000 0.03596522
0.84000000 0.03597896
0.83995000 0.03599271
0.83990000 0.03600645
0.83985000 0.03602020
0.83980000 0.03603394
0.83975000 0.03604769
0.83970000 0.03606144
0.83965000 0.03607519
0.83960000 0.03608895
0.83955000 0.03610270
0.83950000 0.03611645
0.83945000 0.03613021
0.83940000 0.03614397
0.83935000 0.03615772
0.83930000 0.03617148
0.83925000 0.03618524
0.83920000 0.03619900
0.83915000 0.03621277
0.83910000 0.03622653
0.83905000 0.03624030
0.83900000 0.03625406
0.83895000 0.03626783
0.83890000 0.03628160
0.83885000 0.03629537
0.83880000 0.03630914
0.83875000 0.03632291
0.83870000 0.03633668
0.83865000 0.03635046
0.83860000 0.03636424
0.83855000 0.03637801
0.83850000 0.03639179
0.83845000 0.03640557
0.83840000 0.03641935
0.83835000 0.03643313
0.83830000 0.03644691
0.83825000 0.03646070
0.83820000 0.03647448
0.83815000 0.03648827
0.83810000 0.03650206
0.83805000 0.03651585
0.83800000 0.03652964
0.83795000 0.03654343
0.83790000 0.03655722
0.83785000 0.03657101
0.83780000 0.03658481
0.83775000 0.03659860
0.83770000 0.03661240
0.83765000 0.03662620
0.83760000 0.03664000
0.83755000 0.03665380
0.83750000 0.03666760
0.83745000 0.03668140
0.83740000 0.03669521
0.83735000 0.03670901
0.83730000 0.03672282
0.83725000 0.03673662
0.83720000 0.03675043
0.83715000 0.03676424
0.83710000 0.03677805
0.83705000 0.03679187
0.83700000 0.03680568
0.83695000 0.03681949
0.83690000 0.03683331
0.83685000 0.03684713
0.83680000 0.03686094
0.83675000 0.03687476
0.83670000 0.03688858
0.83665000 0.03690240
0.83660000 0.03691623
0.83655000 0.03693005
0.83650000 0.03694387
0.83645000 0.03695770
0.83640000 0.03697153
0.83635000 0.03698536
0.83630000 0.03699919
0.83625000 0.03701302
0.83620000 0.03702685
0.83615000 0.03704068
0.83610000 0.03705452
0.83605000 0.03706835
0.83600000 0.03708219
0.83595000 0.03709602
0.83590000 0.03710986
0.83585000 0.03712370
0.83580000 0.03713754
0.83575000 0.03715139
0.83570000 0.03716523
0.83565000 0.03717907
0.83560000 0.03719292
0.83555000 0.03720677
0.83550000 0.03722061
0.83545000 0.03723446
0.83540000 0.03724831
0.83535000 0.03726216
0.83530000 0.03727602
0.83525000 0.03728987
0.83520000 0.03730372
0.83515000 0.03731758
0.83510000 0.03733144
0.83505000 0.03734530
0.83500000 0.03735915
0.83495000 0.03737301
0.83490000 0.03738688
0.83485000 0.03740074
0.83480000 0.03741460
0.83475000 0.03742847
0.83470000 0.03744233
0.83465000 0.03745620
0.83460000 0.03747007
0.83455000 0.03748394
0.83450000 0.03749781
0.83445000 0.03751168
0.83440000 0.03752555
0.83435000 0.03753943
0.83430000 0.03755330
0.83425000 0.03756718
0.83420000 0.03758106
0.83415000 0.03759494
0.83410000 0.03760882
0.83405000 0.03762270
0.83400000 0.03763658
0.83395000 0.03765046
0.83390000 0.03766434
0.83385000 0.03767823
0.83380000 0.03769212
0.83375000 0.03770600
0.83370000 0.03771989
0.83365000 0.03773378
0.83360000 0.03774767
0.83355000 0.03776157
0.83350000 0.03777546
0.83345000 0.03778935
0.83340000 0.03780325
0.83335000 0.03781714
0.83330000 0.03783104
0.83325000 0.03784494
0.83320000 0.03785884
0.83315000 0.03787274
0.83310000 0.03788664
0.83305000 0.03790055
0.83300000 0.03791445
0.83295000 0.03792836
0.83290000 0.03794226
0.83285000 0.03795617
0.83280000 0.03797008
0.83275000 0.03798399
0.83270000 0.03799790
0.83265000 0.03801181
0.83260000 0.03802573
0.83255000 0.03803964
0.83250000 0.03805356
0.83245000 0.03806747
0.83240000 0.03808139
0.83235000 0.03809531
0.83230000 0.03810923
0.83225000 0.03812315
0.83220000 0.03813707
0.83215000 0.03815100
0.83210000 0.03816492
0.83205000 0.03817885
0.83200000 0.03819277
0.83195000 0.03820670
0.83190000 0.03822063
0.83185000 0.03823456
0.83180000 0.03824849
0.83175000 0.03826242
0.83170000 0.03827635
0.83165000 0.03829029
0.83160000 0.03830422
0.83155000 0.03831816
0.83150000 0.03833210
0.83145000 0.03834604
0.83140000 0.03835998
0.83135000 0.03837392
0.83130000 0.03838786
0.83125000 0.03840180
0.83120000 0.03841575
0.83115000 0.03842969
0.83110000 0.03844364
0.83105000 0.03845758
0.83100000 0.03847153
0.83095000 0.03848548
0.83090000 0.03849943
0.83085000 0.03851339
0.83080000 0.03852734
0.83075000 0.03854129
0.83070000 0.03855525
0.83065000 0.03856920
0.83060000 0.03858316
0.83055000 0.03859712
0.83050000 0.03861108
0.83045000 0.03862504
0.83040000 0.03863900
0.83035000 0.03865296
0.83030000 0.03866693
0.83025000 0.03868089
0.83020000 0.03869486
0.83015000 0.03870882
0.83010000 0.03872279
0.83005000 0.03873676
0.83000000 0.03875073
0.82995000 0.03876470
0.82990000 0.03877867
0.82985000 0.03879265
0.82980000 0.03880662
0.82975000 0.03882060
0.82970000 0.03883458
0.82965000 0.03884855
0.82960000 0.03886253
0.82955000 0.03887651
0.82950000 0.03889049
0.82945000 0.03890447
0.82940000 0.03891846
0.82935000 0.03893244
0.82930000 0.03894643
0.82925000 0.03896041
0.82920000 0.03897440
0.82915000 0.03898839
0.82910000 0.03900238
0.82905000 0.03901637
0.82900000 0.03903036
0.82895000 0.03904435
0.82890000 0.03905835
0.82885000 0.03907234
0.82880000 0.03908634
0.82875000 0.03910034
0.82870000 0.03911433
0.82865000 0.03912833
0.82860000 0.03914233
0.82855000 0.03915633
0.82850000 0.03917034
0.82845000 0.03918434
0.82840000 0.03919834
0.82835000 0.03921235
0.82830000 0.03922636
0.82825000 0.03924036
0.82820000 0.03925437
0.82815000 0.03926838
0.82810000 0.03928239
0.82805000 0.03929640
0.82800000 0.03931042
0.82795000 0.03932443
0.82790000 0.03933845
0.82785000 0.03935246
0.82780000 0.03936648
0.82775000 0.03938050
0.82770000 0.03939452
0.82765000 0.03940854
0.82760000 0.03942256
0.82755000 0.03943658
0.82750000 0.03945060
0.82745000 0.03946463
0.82740000 0.03947865
0.82735000 0.03949268
0.82730000 0.03950671
0.82725000 0.03952074
0.82720000 0.03953477
0.82715000 0.03954880
0.82710000 0.03956283
0.82705000 0.03957686
0.82700000 0.03959090
0.82695000 0.03960493
0.82690000 0.03961897
0.82685000 0.03963300
0.82680000 0.03964704
0.82675000 0.03966108
0.82670000 0.03967512
0.82665000 0.03968916
0.82660000 0.03970320
0.82655000 0.03971725
0.82650000 0.03973129
0.82645000 0.03974534
0.82640000 0.03975938
0.82635000 0.03977343
0.82630000 0.03978748
0.82625000 0.03980153
0.82620000 0.03981558
0.82615000 0.03982963
0.82610000 0.03984368
0.82605000 0.03985774
0.82600000 0.03987179
0.82595000 0.03988585
0.82590000 0.03989990
0.82585000 0.03991396
0.82580000 0.03992802
0.82575000 0.03994208
0.82570000 0.03995614
0.82565000 0.03997020
0.82560000 0.03998427
0.82555000 0.03999833
0.82550000 0.04001239
0.82545000 0.04002646
0.82540000 0.04004053
0.82535000 0.04005460
0.82530000 0.04006866
0.82525000 0.04008273
0.82520000 0.04009681
0.82515000 0.04011088
0.82510000 0.04012495
0.82505000 0.04013903
0.82500000 0.04015310
0.82495000 0.04016718
0.82490000 0.04018125
0.82485000 0.04019533
0.82480000 0.04020941
0.82475000 0.04022349
0.82470000 0.04023757
0.82465000 0.04025165
0.82460000 0.04026574
0.82455000 0.04027982
0.82450000 0.04029391
0.82445000 0.04030799
0.82440000 0.04032208
0.82435000 0.04033617
0.82430000 0.04035026
0.82425000 0.04036435
0.82420000 0.04037844
0.82415000 0.04039253
0.82410000 0.04040663
0.82405000 0.04042072
0.82400000 0.04043482
0.82395000 0.04044891
0.82390000 0.04046301
0.82385000 0.04047711
0.82380000 0.04049121
0.82375000 0.04050531
0.82370000 0.04051941
0.82365000 0.04053351
0.82360000 0.04054762
0.82355000 0.04056172
0.82350000 0.04057582
0.82345000 0.04058993
0.82340000 0.04060404
0.82335000 0.04061815
0.82330000 0.04063226
0.82325000 0.04064637
0.82320000 0.04066048
0.82315000 0.04067459
0.82310000 0.04068870
0.82305000 0.04070282
0.82300000 0.04071693
0.82295000 0.04073105
0.82290000 0.04074517
0.82285000 0.04075929
0.82280000 0.04077341
0.82275000 0.04078753
0.82270000 0.04080165
0.82265000 0.04081577
0.82260000 0.04082989
0.82255000 0.04084402
0.82250000 0.04085814
0.82245000 0.04087227
0.82240000 0.04088640
0.82235000 0.04090052
0.82230000 0.04091465
0.82225000 0.04092878
0.82220000 0.04094291
0.82215000 0.04095705
0.82210000 0.04097118
0.82205000 0.04098531
0.82200000 0.04099945
0.82195000 0.04101359
0.82190000 0.04102772
0.82185000 0.04104186
0.82180000 0.04105600
0.82175000 0.04107014
0.82170000 0.04108428
0.82165000 0.04109842
0.82160000 0.04111257
0.82155000 0.04112671
0.82150000 0.04114085
0.82145000 0.04115500
0.82140000 0.04116915
0.82135000 0.04118330
0.82130000 0.04119744
0.82125000 0.04121159
0.82120000 0.04122574
0.82115000 0.04123990
0.82110000 0.04125405
0.82105000 0.04126820
0.82100000 0.04128236
0.82095000 0.04129651
0.82090000 0.04131067
0.82085000 0.04132483
0.82080000 0.04133899
0.82075000 0.04135315
0.82070000 0.04136731
0.82065000 0.04138147
0.82060000 0.04139563
0.82055000 0.04140979
0.82050000 0.04142396
0.82045000 0.04143812
0.82040000 0.04145229
0.82035000 0.04146646
0.82030000 0.04148062
0.82025000 0.04149479
0.82020000 0.04150896
0.82015000 0.04152313
0.82010000 0.04153731
0.82005000 0.04155148
0.82000000 0.04156565
0.81995000 0.04157983
0.81990000 0.04159400
0.81985000 0.04160818
0.81980000 0.04162236
0.81975000 0.04163654
0.81970000 0.04165072
0.81965000 0.04166490
0.81960000 0.04167908
0.81955000 0.04169326
0.81950000 0.04170744
0.81945000 0.04172163
0.81940000 0.04173581
0.81935000 0.04175000
0.81930000 0.04176419
0.81925000 0.04177838
0.81920000 0.04179257
0.81915000 0.04180676
0.81910000 0.04182095
0.81905000 0.04183514
0.81900000 0.04184933
0.81895000 0.04186352
0.81890000 0.04187772
0.81885000 0.04189192
0.81880000 0.04190611
0.81875000 0.04192031
0.81870000 0.04193451
0.81865000 0.04194871
0.81860000 0.04196291
0.81855000 0.04197711
0.81850000 0.04199131
0.81845000 0.04200552
0.81840000 0.04201972
0.81835000 0.04203392
0.81830000 0.04204813
0.81825000 0.04206234
0.81820000 0.04207655
0.81815000 0.04209075
0.81810000 0.04210496
0.81805000 0.04211917
0.81800000 0.04213339
0.81795000 0.04214760
0.81790000 0.04216181
0.81785000 0.04217603
0.81780000 0.04219024
0.81775000 0.04220446
0.81770000 0.04221868
0.81765000 0.04223289
0.81760000 0.04224711
0.81755000 0.04226133
0.81750000 0.04227555
0.81745000 0.04228978
0.81740000 0.04230400
0.81735000 0.04231822
0.81730000 0.04233245
0.81725000 0.04234667
0.81720000 0.04236090
0.81715000 0.04237513
0.81710000 0.04238935
0.81705000 0.04240358
0.81700000 0.04241781
0.81695000 0.04243205
0.81690000 0.04244628
0.81685000 0.04246051
0.81680000 0.04247474
0.81675000 0.04248898
0.81670000 0.04250321
0.81665000 0.04251745
0.81660000 0.04253169
0.81655000 0.04254593
0.81650000 0.04256017
0.81645000 0.04257441
0.81640000 0.04258865
0.81635000 0.04260289
0.81630000 0.04261713
0.81625000 0.04263138
0.81620000 0.04264562
0.81615000 0.04265987
0.81610000 0.04267411
0.81605000 0.04268836
0.81600000 0.04270261
0.81595000 0.04271686
0.81590000 0.04273111
0.81585000 0.04274536
0.81580000 0.04275961
0.81575000 0.04277386
0.81570000 0.04278812
0.81565000 0.04280237
0.81560000 0.04281663
0.81555000 0.04283089
0.81550000 0.04284514
0.81545000 0.04285940
0.81540000 0.04287366
0.81535000 0.04288792
0.81530000 0.04290218
0.81525000 0.04291644
0.81520000 0.04293071
0.81515000 0.04294497
0.81510000 0.04295923
0.81505000 0.04297350
0.81500000 0.04298777
0.81495000 0.04300203
0.81490000 0.04301630
0.81485000 0.04303057
0.81480000 0.04304484
0.81475000 0.04305911
0.81470000 0.04307338
0.81465000 0.04308766
0.81460000 0.04310193
0.81455000 0.04311620
0.81450000 0.04313048
0.81445000 0.04314476
0.81440000 0.04315903
0.81435000 0.04317331
0.81430000 0.04318759
0.81425000 0.04320187
0.81420000 0.04321615
0.81415000 0.04323043
0.81410000 0.04324471
0.81405000 0.04325900
0.81400000 0.04327328
0.81395000 0.04328757
0.81390000 0.04330185
0.81385000 0.04331614
0.81380000 0.04333043
0.81375000 0.04334471
0.81370000 0.04335900
0.81365000 0.04337329
0.81360000 0.04338759
0.81355000 0.04340188
0.81350000 0.04341617
0.81345000 0.04343046
0.81340000 0.04344476
0.81335000 0.04345905
0.81330000 0.04347335
0.81325000 0.04348765
0.81320000 0.04350195
0.81315000 0.04351624
0.81310000 0.04353054
0.81305000 0.04354485
0.81300000 0.04355915
0.81295000 0.04357345
0.81290000 0.04358775
0.81285000 0.04360206
0.81280000 0.04361636
0.81275000 0.04363067
0.81270000 0.04364497
0.81265000 0.04365928
0.81260000 0.04367359
0.81255000 0.04368790
0.81250000 0.04370221
0.81245000 0.04371652
0.81240000 0.04373083
0.81235000 0.04374515
0.81230000 0.04375946
0.81225000 0.04377377
0.81220000 0.04378809
0.81215000 0.04380241
0.81210000 0.04381672
0.81205000 0.04383104
0.81200000 0.04384536
0.81195000 0.04385968
0.81190000 0.04387400
0.81185000 0.04388832
0.81180000 0.04390264
0.81175000 0.04391697
0.81170000 0.04393129
0.81165000 0.04394561
0.81160000 0.04395994
0.81155000 0.04397427
0.81150000 0.04398859
0.81145000 0.04400292
0.81140000 0.04401725
0.81135000 0.04403158
0.81130000 0.04404591
0.81125000 0.04406024
0.81120000 0.04407458
0.81115000 0.04408891
0.81110000 0.04410324
0.81105000 0.04411758
0.81100000 0.04413191
0.81095000 0.04414625
0.81090000 0.04416059
0.81085000 0.04417493
0.81080000 0.04418926
0.81075000 0.04420360
0.81070000 0.04421795
0.81065000 0.04423229
0.81060000 0.04424663
0.81055000 0.04426097
0.81050000 0.04427532
0.81045000 0.04428966
0.81040000 0.04430401
0.81035000 0.04431835
0.81030000 0.04433270
0.81025000 0.04434705
0.81020000 0.04436140
0.81015000 0.04437575
0.81010000 0.04439010
0.81005000 0.04440445
0.81000000 0.04441880
0.80995000 0.04443316
0.80990000 0.04444751
0.80985000 0.04446187
0.80980000 0.04447622
0.80975000 0.04449058
0.80970000 0.04450494
0.80965000 0.04451929
0.80960000 0.04453365
0.80955000 0.04454801
0.80950000 0.04456237
0.80945000 0.04457674
0.80940000 0.04459110
0.80935000 0.04460546
0.80930000 0.04461982
0.80925000 0.04463419
0.80920000 0.04464855
0.80915000 0.04466292
0.80910000 0.04467729
0.80905000 0.04469166
0.80900000 0.04470603
0.80895000 0.04472040
0.80890000 0.04473477
0.80885000 0.04474914
0.80880000 0.04476351
0.80875000 0.04477788
0.80870000 0.04479226
0.80865000 0.04480663
0.80860000 0.04482101
0.80855000 0.04483538
0.80850000 0.04484976
0.80845000 0.04486414
0.80840000 0.04487852
0.80835000 0.04489289
0.80830000 0.04490727
0.80825000 0.04492166
0.80820000 0.04493604
0.80815000 0.04495042
0.80810000 0.04496480
0.80805000 0.04497919
0.80800000 0.04499357
0.80795000 0.04500796
0.80790000 0.04502235
0.80785000 0.04503673
0.80780000 0.04505112
0.80775000 0.04506551
0.80770000 0.04507990
0.80765000 0.04509429
0.80760000 0.04510868
0.80755000 0.04512307
0.80750000 0.04513747
0.80745000 0.04515186
0.80740000 0.04516626
0.80735000 0.04518065
0.80730000 0.04519505
0.80725000 0.04520944
0.80720000 0.04522384
0.80715000 0.04523824
0.80710000 0.04525264
0.80705000 0.04526704
0.80700000 0.04528144
0.80695000 0.04529584
0.80690000 0.04531024
0.80685000 0.04532465
0.80680000 0.04533905
0.80675000 0.04535346
0.80670000 0.04536786
0.80665000 0.04538227
0.80660000 0.04539668
0.80655000 0.04541108
0.80650000 0.04542549
0.80645000 0.04543990
0.80640000 0.04545431
0.80635000 0.04546872
0.80630000 0.04548314
0.80625000 0.04549755
0.80620000 0.04551196
0.80615000 0.04552638
0.80610000 0.04554079
0.80605000 0.04555521
0.80600000 0.04556962
0.80595000 0.04558404
0.80590000 0.04559846
0.80585000 0.04561288
0.80580000 0.04562730
0.80575000 0.04564172
0.80570000 0.04565614
0.80565000 0.04567056
0.80560000 0.04568498
0.80555000 0.04569941
0.80550000 0.04571383
0.80545000 0.04572826
0.80540000 0.04574268
0.80535000 0.04575711
0.80530000 0.04577154
0.80525000 0.04578596
0.80520000 0.04580039
0.80515000 0.04581482
0.80510000 0.04582925
0.80505000 0.04584368
0.80500000 0.04585812
0.80495000 0.04587255
0.80490000 0.04588698
0.80485000 0.04590142
0.80480000 0.04591585
0.80475000 0.04593029
0.80470000 0.04594472
0.80465000 0.04595916
0.80460000 0.04597360
0.80455000 0.04598804
0.80450000 0.04600248
0.80445000 0.04601692
0.80440000 0.04603136
0.80435000 0.04604580
0.80430000 0.04606024
0.80425000 0.04607469
0.80420000 0.04608913
0.80415000 0.04610357
0.80410000 0.04611802
0.80405000 0.04613247
0.80400000 0.04614691
0.80395000 0.04616136
0.80390000 0.04617581
0.80385000 0.04619026
0.80380000 0.04620471
0.80375000 0.04621916
0.80370000 0.04623361
0.80365000 0.04624806
0.80360000 0.04626252
0.80355000 0.04627697
0.80350000 0.04629143
0.80345000 0.04630588
0.80340000 0.04632034
0.80335000 0.04633479
0.80330000 0.04634925
0.80325000 0.04636371
0.80320000 0.04637817
0.80315000 0.04639263
0.80310000 0.04640709
0.80305000 0.04642155
0.80300000 0.04643601
0.80295000 0.04645047
0.80290000 0.04646494
0.80285000 0.04647940
0.80280000 0.04649387
0.80275000 0.04650833
0.80270000 0.04652280
0.80265000 0.04653726
0.80260000 0.04655173
0.80255000 0.04656620
0.80250000 0.04658067
0.80245000 0.04659514
0.80240000 0.04660961
0.80235000 0.04662408
0.80230000 0.04663855
0.80225000 0.04665303
0.80220000 0.04666750
0.80215000 0.04668197
0.80210000 0.04669645
0.80205000 0.04671092
0.80200000 0.04672540
0.80195000 0.04673988
0.80190000 0.04675436
0.80185000 0.04676883
0.80180000 0.04678331
0.80175000 0.04679779
0.80170000 0.04681227
0.80165000 0.04682676
0.80160000 0.04684124
0.80155000 0.04685572
0.80150000 0.04687020
0.80145000 0.04688469
0.80140000 0.04689917
0.80135000 0.04691366
0.80130000 0.04692815
0.80125000 0.04694263
0.80120000 0.04695712
0.80115000 0.04697161
0.80110000 0.04698610
0.80105000 0.04700059
0.80100000 0.04701508
0.80095000 0.04702957
0.80090000 0.04704406
0.80085000 0.04705856
0.80080000 0.04707305
0.80075000 0.04708754
0.80070000 0.04710204
0.80065000 0.04711653
0.80060000 0.04713103
0.80055000 0.04714553
0.80050000 0.04716003
0.80045000 0.04717452
0.80040000 0.04718902
0.80035000 0.04720352
0.80030000 0.04721802
0.80025000 0.04723253
0.80020000 0.04724703
0.80015000 0.04726153
0.80010000 0.04727603
0.80005000 0.04729054
0.80000000 0.04730504
0.79995000 0.04731955
0.79990000 0.04733405
0.79985000 0.04734856
0.79980000 0.04736307
0.79975000 0.04737758
0.79970000 0.04739209
0.79965000 0.04740659
0.79960000 0.04742111
0.79955000 0.04743562
0.79950000 0.04745013
0.79945000 0.04746464
0.79940000 0.04747915
0.79935000 0.04749367
0.79930000 0.04750818
0.79925000 0.04752270
0.79920000 0.04753721
0.79915000 0.04755173
0.79910000 0.04756625
0.79905000 0.04758076
0.79900000 0.04759528
0.79895000 0.04760980
0.79890000 0.04762432
0.79885000 0.04763884
0.79880000 0.04765336
0.79875000 0.04766788
0.79870000 0.04768241
0.79865000 0.04769693
0.79860000 0.04771145
0.79855000 0.04772598
0.79850000 0.04774050
0.79845000 0.04775503
0.79840000 0.04776956
0.79835000 0.04778408
0.79830000 0.04779861
0.79825000 0.04781314
0.79820000 0.04782767
0.79815000 0.04784220
0.79810000 0.04785673
0.79805000 0.04787126
0.79800000 0.04788579
0.79795000 0.04790033
0.79790000 0.04791486
0.79785000 0.04792939
0.79780000 0.04794393
0.79775000 0.04795846
0.79770000 0.04797300
0.79765000 0.04798754
0.79760000 0.04800207
0.79755000 0.04801661
0.79750000 0.04803115
0.79745000 0.04804569
0.79740000 0.04806023
0.79735000 0.04807477
0.79730000 0.04808931
0.79725000 0.04810385
0.79720000 0.04811840
0.79715000 0.04813294
0.79710000 0.04814748
0.79705000 0.04816203
0.79700000 0.04817657
0.79695000 0.04819112
0.79690000 0.04820567
0.79685000 0.04822021
0.79680000 0.04823476
0.79675000 0.04824931
0.79670000 0.04826386
0.79665000 0.04827841
0.79660000 0.04829296
0.79655000 0.04830751
0.79650000 0.04832206
0.79645000 0.04833661
0.79640000 0.04835117
0.79635000 0.04836572
0.79630000 0.04838027
0.79625000 0.04839483
0.79620000 0.04840938
0.79615000 0.04842394
0.79610000 0.04843850
0.79605000 0.04845306
0.79600000 0.04846761
0.79595000 0.04848217
0.79590000 0.04849673
0.79585000 0.04851129
0.79580000 0.04852585
0.79575000 0.04854041
0.79570000 0.04855498
0.79565000 0.04856954
0.79560000 0.04858410
0.79555000 0.04859867
0.79550000 0.04861323
0.79545000 0.04862780
0.79540000 0.04864236
0.79535000 0.04865693
0.79530000 0.04867149
0.79525000 0.04868606
0.79520000 0.04870063
0.79515000 0.04871520
0.79510000 0.04872977
0.79505000 0.04874434
0.79500000 0.04875891
0.79495000 0.04877348
0.79490000 0.04878805
0.79485000 0.04880263
0.79480000 0.04881720
0.79475000 0.04883177
0.79470000 0.04884635
0.79465000 0.04886092
0.79460000 0.04887550
0.79455000 0.04889008
0.79450000 0.04890465
0.79445000 0.04891923
0.79440000 0.04893381
0.79435000 0.04894839
0.79430000 0.04896297
0.79425000 0.04897755
0.79420000 0.04899213
0.79415000 0.04900671
0.79410000 0.04902129
0.79405000 0.04903587
0.79400000 0.04905046
0.79395000 0.04906504
0.79390000 0.04907962
0.79385000 0.04909421
0.79380000 0.04910880
0.79375000 0.04912338
0.79370000 0.04913797
0.79365000 0.04915256
0.79360000 0.04916714
0.79355000 0.04918173
0.79350000 0.04919632
0.79345000 0.04921091
0.79340000 0.04922550
0.79335000 0.04924009
0.79330000 0.04925469
0.79325000 0.04926928
0.79320000 0.04928387
0.79315000 0.04929846
0.79310000 0.04931306
0.79305000 0.04932765
0.79300000 0.04934225
0.79295000 0.04935684
0.79290000 0.04937144
0.79285000 0.04938604
0.79280000 0.04940064
0.79275000 0.04941523
0.79270000 0.04942983
0.79265000 0.04944443
0.79260000 0.04945903
0.79255000 0.04947363
0.79250000 0.04948823
0.79245000 0.04950284
0.79240000 0.04951744
0.79235000 0.04953204
0.79230000 0.04954664
0.79225000 0.04956125
0.79220000 0.04957585
0.79215000 0.04959046
0.79210000 0.04960507
0.79205000 0.04961967
0.79200000 0.04963428
0.79195000 0.04964889
0.79190000 0.04966349
0.79185000 0.04967810
0.79180000 0.04969271
0.79175000 0.04970732
0.79170000 0.04972193
0.79165000 0.04973655
0.79160000 0.04975116
0.79155000 0.04976577
0.79150000 0.04978038
0.79145000 0.04979500
0.79140000 0.04980961
0.79135000 0.04982422
0.79130000 0.04983884
0.79125000 0.04985346
0.79120000 0.04986807
0.79115000 0.04988269
0.79110000 0.04989731
0.79105000 0.04991192
0.79100000 0.04992654
0.79095000 0.04994116
0.79090000 0.04995578
0.79085000 0.04997040
0.79080000 0.04998502
0.79075000 0.04999965
0.79070000 0.05001427
0.79065000 0.05002889
0.79060000 0.05004351
0.79055000 0.05005814
0.79050000 0.05007276
0.79045000 0.05008739
0.79040000 0.05010201
0.79035000 0.05011664
0.79030000 0.05013127
0.79025000 0.05014589
0.79020000 0.05016052
0.79015000 0.05017515
0.79010000 0.05018978
0.79005000 0.05020441
0.79000000 0.05021904
0.78995000 0.05023367
0.78990000 0.05024830
0.78985000 0.05026293
0.78980000 0.05027756
0.78975000 0.05029220
0.78970000 0.05030683
0.78965000 0.05032146
0.78960000 0.05033610
0.78955000 0.05035073
0.78950000 0.05036537
0.78945000 0.05038000
0.78940000 0.05039464
0.78935000 0.05040928
0.78930000 0.05042391
0.78925000 0.05043855
0.78920000 0.05045319
0.78915000 0.05046783
0.78910000 0.05048247
0.78905000 0.05049711
0.78900000 0.05051175
0.78895000 0.05052639
0.78890000 0.05054104
0.78885000 0.05055568
0.78880000 0.05057032
0.78875000 0.05058497
0.78870000 0.05059961
0.78865000 0.05061425
0.78860000 0.05062890
0.78855000 0.05064355
0.78850000 0.05065819
0.78845000 0.05067284
0.78840000 0.05068749
0.78835000 0.05070213
0.78830000 0.05071678
0.78825000 0.05073143
0.78820000 0.05074608
0.78815000 0.05076073
0.78810000 0.05077538
0.78805000 0.05079003
0.78800000 0.05080469
0.78795000 0.05081934
0.78790000 0.05083399
0.78785000 0.05084864
0.78780000 0.05086330
0.78775000 0.05087795
0.78770000 0.05089261
0.78765000 0.05090726
0.78760000 0.05092192
0.78755000 0.05093657
0.78750000 0.05095123
0.78745000 0.05096589
0.78740000 0.05098055
0.78735000 0.05099521
0.78730000 0.05100987
0.78725000 0.05102452
0.78720000 0.05103918
0.78715000 0.05105385
0.78710000 0.05106851
0.78705000 0.05108317
0.78700000 0.05109783
0.78695000 0.05111249
0.78690000 0.05112716
0.78685000 0.05114182
0.78680000 0.05115648
0.78675000 0.05117115
0.78670000 0.05118581
0.78665000 0.05120048
0.78660000 0.05121515
0.78655000 0.05122981
0.78650000 0.05124448
0.78645000 0.05125915
0.78640000 0.05127382
0.78635000 0.05128849
0.78630000 0.05130315
0.78625000 0.05131782
0.78620000 0.05133249
0.78615000 0.05134717
0.78610000 0.05136184
0.78605000 0.05137651
0.78600000 0.05139118
0.78595000 0.05140585
0.78590000 0.05142053
0.78585000 0.05143520
0.78580000 0.05144988
0.78575000 0.05146455
0.78570000 0.05147923
0.78565000 0.05149390
0.78560000 0.05150858
0.78555000 0.05152325
0.78550000 0.05153793
0.78545000 0.05155261
0.78540000 0.05156729
0.78535000 0.05158197
0.78530000 0.05159665
0.78525000 0.05161133
0.78520000 0.05162601
0.78515000 0.05164069
0.78510000 0.05165537
0.78505000 0.05167005
0.78500000 0.05168473
0.78495000 0.05169941
0.78490000 0.05171410
0.78485000 0.05172878
0.78480000 0.05174347
0.78475000 0.05175815
0.78470000 0.05177284
0.78465000 0.05178752
0.78460000 0.05180221
0.78455000 0.05181689
0.78450000 0.05183158
0.78445000 0.05184627
0.78440000 0.05186096
0.78435000 0.05187564
0.78430000 0.05189033
0.78425000 0.05190502
0.78420000 0.05191971
0.78415000 0.05193440
0.78410000 0.05194909
0.78405000 0.05196379
0.78400000 0.05197848
0.78395000 0.05199317
0.78390000 0.05200786
0.78385000 0.05202256
0.78380000 0.05203725
0.78375000 0.05205194
0.78370000 0.05206664
0.78365000 0.05208133
0.78360000 0.05209603
0.78355000 0.05211073
0.78350000 0.05212542
0.78345000 0.05214012
0.78340000 0.05215482
0.78335000 0.05216951
0.78330000 0.05218421
0.78325000 0.05219891
0.78320000 0.05221361
0.78315000 0.05222831
0.78310000 0.05224301
0.78305000 0.05225771
0.78300000 0.05227241
0.78295000 0.05228711
0.78290000 0.05230182
0.78285000 0.05231652
0.78280000 0.05233122
0.78275000 0.05234593
0.78270000 0.05236063
0.78265000 0.05237533
0.78260000 0.05239004
0.78255000 0.05240474
0.78250000 0.05241945
0.78245000 0.05243416
0.78240000 0.05244886
0.78235000 0.05246357
0.78230000 0.05247828
0.78225000 0.05249298
0.78220000 0.05250769
0.78215000 0.05252240
0.78210000 0.05253711
0.78205000 0.05255182
0.78200000 0.05256653
0.78195000 0.05258124
0.78190000 0.05259595
0.78185000 0.05261066
0.78180000 0.05262538
0.78175000 0.05264009
0.78170000 0.05265480
0.78165000 0.05266951
0.78160000 0.05268423
0.78155000 0.05269894
0.78150000 0.05271366
0.78145000 0.05272837
0.78140000 0.05274309
0.78135000 0.05275780
0.78130000 0.05277252
0.78125000 0.05278724
0.78120000 0.05280195
0.78115000 0.05281667
0.78110000 0.05283139
0.78105000 0.05284611
0.78100000 0.05286083
0.78095000 0.05287555
0.78090000 0.05289027
0.78085000 0.05290499
0.78080000 0.05291971
0.78075000 0.05293443
0.78070000 0.05294915
0.78065000 0.05296387
0.78060000 0.05297859
0.78055000 0.05299332
0.78050000 0.05300804
0.78045000 0.05302276
0.78040000 0.05303749
0.78035000 0.05305221
0.78030000 0.05306694
0.78025000 0.05308166
0.78020000 0.05309639
0.78015000 0.05311111
0.78010000 0.05312584
0.78005000 0.05314057
0.78000000 0.05315530
0.77995000 0.05317002
0.77990000 0.05318475
0.77985000 0.05319948
0.77980000 0.05321421
0.77975000 0.05322894
0.77970000 0.05324367
0.77965000 0.05325840
0.77960000 0.05327313
0.77955000 0.05328786
0.77950000 0.05330259
0.77945000 0.05331732
0.77940000 0.05333206
0.77935000 0.05334679
0.77930000 0.05336152
0.77925000 0.05337626
0.77920000 0.05339099
0.77915000 0.05340572
0.77910000 0.05342046
0.77905000 0.05343519
0.77900000 0.05344993
0.77895000 0.05346467
0.77890000 0.05347940
0.77885000 0.05349414
0.77880000 0.05350888
0.77875000 0.05352361
0.77870000 0.05353835
0.77865000 0.05355309
0.77860000 0.05356783
0.77855000 0.05358257
0.77850000 0.05359731
0.77845000 0.05361205
0.77840000 0.05362679
0.77835000 0.05364153
0.77830000 0.05365627
0.77825000 0.05367101
0.77820000 0.05368575
0.77815000 0.05370050
0.77810000 0.05371524
0.77805000 0.05372998
0.77800000 0.05374473
0.77795000 0.05375947
0.77790000 0.05377421
0.77785000 0.05378896
0.77780000 0.05380370
0.77775000 0.05381845
0.77770000 0.05383320
0.77765000 0.05384794
0.77760000 0.05386269
0.77755000 0.05387744
0.77750000 0.05389218
0.77745000 0.05390693
0.77740000 0.05392168
0.77735000 0.05393643
0.77730000 0.05395118
0.77725000 0.05396592
0.77720000 0.05398067
0.77715000 0.05399542
0.77710000 0.05401017
0.77705000 0.05402493
0.77700000 0.05403968
0.77695000 0.05405443
0.77690000 0.05406918
0.77685000 0.05408393
0.77680000 0.05409869
0.77675000 0.05411344
0.77670000 0.05412819
0.77665000 0.05414295
0.77660000 0.05415770
0.77655000 0.05417245
0.77650000 0.05418721
0.77645000 0.05420196
0.77640000 0.05421672
0.77635000 0.05423148
0.77630000 0.05424623
0.77625000 0.05426099
0.77620000 0.05427575
0.77615000 0.05429050
0.77610000 0.05430526
0.77605000 0.05432002
0.77600000 0.05433478
0.77595000 0.05434954
0.77590000 0.05436429
0.77585000 0.05437905
0.77580000 0.05439381
0.77575000 0.05440857
0.77570000 0.05442334
0.77565000 0.05443810
0.77560000 0.05445286
0.77555000 0.05446762
0.77550000 0.05448238
0.77545000 0.05449714
0.77540000 0.05451191
0.77535000 0.05452667
0.77530000 0.05454143
0.77525000 0.05455620
0.77520000 0.05457096
0.77515000 0.05458573
0.77510000 0.05460049
0.77505000 0.05461526
0.77500000 0.05463002
0.77495000 0.05464479
0.77490000 0.05465955
0.77485000 0.05467432
0.77480000 0.05468909
0.77475000 0.05470385
0.77470000 0.05471862
0.77465000 0.05473339
0.77460000 0.05474816
0.77455000 0.05476293
0.77450000 0.05477769
0.77445000 0.05479246
0.77440000 0.05480723
0.77435000 0.05482200
0.77430000 0.05483677
0.77425000 0.05485154
0.77420000 0.05486632
0.77415000 0.05488109
0.77410000 0.05489586
0.77405000 0.05491063
0.77400000 0.05492540
0.77395000 0.05494017
0.77390000 0.05495495
0.77385000 0.05496972
0.77380000 0.05498449
0.77375000 0.05499927
0.77370000 0.05501404
0.77365000 0.05502882
0.77360000 0.05504359
0.77355000 0.05505837
0.77350000 0.05507314
0.77345000 0.05508792
0.77340000 0.05510270
0.77335000 0.05511747
0.77330000 0.05513225
0.77325000 0.05514703
0.77320000 0.05516180
0.77315000 0.05517658
0.77310000 0.05519136
0.77305000 0.05520614
0.77300000 0.05522092
0.77295000 0.05523570
0.77290000 0.05525047
0.77285000 0.05526525
0.77280000 0.05528003
0.77275000 0.05529481
0.77270000 0.05530960
0.77265000 0.05532438
0.77260000 0.05533916
0.77255000 0.05535394
0.77250000 0.05536872
0.77245000 0.05538350
0.77240000 0.05539829
0.77235000 0.05541307
0.77230000 0.05542785
0.77225000 0.05544263
0.77220000 0.05545742
0.77215000 0.05547220
0.77210000 0.05548699
0.77205000 0.05550177
0.77200000 0.05551656
0.77195000 0.05553134
0.77190000 0.05554613
0.77185000 0.05556091
0.77180000 0.05557570
0.77175000 0.05559049
0.77170000 0.05560527
0.77165000 0.05562006
0.77160000 0.05563485
0.77155000 0.05564963
0.77150000 0.05566442
0.77145000 0.05567921
0.77140000 0.05569400
0.77135000 0.05570879
0.77130000 0.05572358
0.77125000 0.05573837
0.77120000 0.05575316
0.77115000 0.05576795
0.77110000 0.05578274
0.77105000 0.05579753
0.77100000 0.05581232
0.77095000 0.05582711
0.77090000 0.05584190
0.77085000 0.05585669
0.77080000 0.05587148
0.77075000 0.05588628
0.77070000 0.05590107
0.77065000 0.05591586
0.77060000 0.05593065
0.77055000 0.05594545
0.77050000 0.05596024
0.77045000 0.05597504
0.77040000 0.05598983
0.77035000 0.05600462
0.77030000 0.05601942
0.77025000 0.05603421
0.77020000 0.05604901
0.77015000 0.05606380
0.77010000 0.05607860
0.77005000 0.05609340
0.77000000 0.05610819
0.76995000 0.05612299
0.76990000 0.05613779
0.76985000 0.05615258
0.76980000 0.05616738
0.76975000 0.05618218
0.76970000 0.05619698
0.76965000 0.05621178
0.76960000 0.05622657
0.76955000 0.05624137
0.76950000 0.05625617
0.76945000 0.05627097
0.76940000 0.05628577
0.76935000 0.05630057
0.76930000 0.05631537
0.76925000 0.05633017
0.76920000 0.05634497
0.76915000 0.05635977
0.76910000 0.05637458
0.76905000 0.05638938
0.76900000 0.05640418
0.76895000 0.05641898
0.76890000 0.05643378
0.76885000 0.05644859
0.76880000 0.05646339
0.76875000 0.05647819
0.76870000 0.05649299
0.76865000 0.05650780
0.76860000 0.05652260
0.76855000 0.05653741
0.76850000 0.05655221
0.76845000 0.05656701
0.76840000 0.05658182
0.76835000 0.05659662
0.76830000 0.05661143
0.76825000 0.05662624
0.76820000 0.05664104
0.76815000 0.05665585
0.76810000 0.05667065
0.76805000 0.05668546
0.76800000 0.05670027
0.76795000 0.05671507
0.76790000 0.05672988
0.76785000 0.05674469
0.76780000 0.05675950
0.76775000 0.05677430
0.76770000 0.05678911
0.76765000 0.05680392
0.76760000 0.05681873
0.76755000 0.05683354
0.76750000 0.05684835
0.76745000 0.05686316
0.76740000 0.05687797
0.76735000 0.05689278
0.76730000 0.05690759
0.76725000 0.05692240
0.76720000 0.05693721
0.76715000 0.05695202
0.76710000 0.05696683
0.76705000 0.05698164
0.76700000 0.05699645
0.76695000 0.05701126
0.76690000 0.05702608
0.76685000 0.05704089
0.76680000 0.05705570
0.76675000 0.05707051
0.76670000 0.05708533
0.76665000 0.05710014
0.76660000 0.05711495
0.76655000 0.05712977
0.76650000 0.05714458
0.76645000 0.05715939
0.76640000 0.05717421
0.76635000 0.05718902
0.76630000 0.05720384
0.76625000 0.05721865
0.76620000 0.05723347
0.76615000 0.05724828
0.76610000 0.05726310
0.76605000 0.05727791
0.76600000 0.05729273
0.76595000 0.05730755
0.76590000 0.05732236
0.76585000 0.05733718
0.76580000 0.05735200
0.76575000 0.05736681
0.76570000 0.05738163
0.76565000 0.05739645
0.76560000 0.05741127
0.76555000 0.05742608
0.76550000 0.05744090
0.76545000 0.05745572
0.76540000 0.05747054
0.76535000 0.05748536
0.76530000 0.05750018
0.76525000 0.05751500
0.76520000 0.05752981
0.76515000 0.05754463
0.76510000 0.05755945
0.76505000 0.05757427
0.76500000 0.05758909
0.76495000 0.05760391
0.76490000 0.05761874
0.76485000 0.05763356
0.76480000 0.05764838
0.76475000 0.05766320
0.76470000 0.05767802
0.76465000 0.05769284
0.76460000 0.05770766
0.76455000 0.05772248
0.76450000 0.05773731
0.76445000 0.05775213
0.76440000 0.05776695
0.76435000 0.05778177
0.76430000 0.05779660
0.76425000 0.05781142
0.76420000 0.05782624
0.76415000 0.05784107
0.76410000 0.05785589
0.76405000 0.05787071
0.76400000 0.05788554
0.76395000 0.05790036
0.76390000 0.05791519
0.76385000 0.05793001
0.76380000 0.05794484
0.76375000 0.05795966
0.76370000 0.05797449
0.76365000 0.05798931
0.76360000 0.05800414
0.76355000 0.05801896
0.76350000 0.05803379
0.76345000 0.05804861
0.76340000 0.05806344
0.76335000 0.05807827
0.76330000 0.05809309
0.76325000 0.05810792
0.76320000 0.05812275
0.76315000 0.05813757
0.76310000 0.05815240
0.76305000 0.05816723
0.76300000 0.05818206
0.76295000 0.05819688
0.76290000 0.05821171
0.76285000 0.05822654
0.76280000 0.05824137
0.76275000 0.05825620
0.76270000 0.05827103
0.76265000 0.05828585
0.76260000 0.05830068
0.76255000 0.05831551
0.76250000 0.05833034
0.76245000 0.05834517
0.76240000 0.05836000
0.76235000 0.05837483
0.76230000 0.05838966
0.76225000 0.05840449
0.76220000 0.05841932
0.76215000 0.05843415
0.76210000 0.05844898
0.76205000 0.05846381
0.76200000 0.05847864
0.76195000 0.05849347
0.76190000 0.05850830
0.76185000 0.05852314
0.76180000 0.05853797
0.76175000 0.05855280
0.76170000 0.05856763
0.76165000 0.05858246
0.76160000 0.05859730
0.76155000 0.05861213
0.76150000 0.05862696
0.76145000 0.05864179
0.76140000 0.05865663
0.76135000 0.05867146
0.76130000 0.05868629
0.76125000 0.05870112
0.76120000 0.05871596
0.76115000 0.05873079
0.76110000 0.05874562
0.76105000 0.05876046
0.76100000 0.05877529
0.76095000 0.05879013
0.76090000 0.05880496
0.76085000 0.05881979
0.76080000 0.05883463
0.76075000 0.05884946
0.76070000 0.05886430
0.76065000 0.05887913
0.76060000 0.05889397
0.76055000 0.05890880
0.76050000 0.05892364
0.76045000 0.05893847
0.76040000 0.05895331
0.76035000 0.05896814
0.76030000 0.05898298
0.76025000 0.05899782
0.76020000 0.05901265
0.76015000 0.05902749
0.76010000 0.05904233
0.76005000 0.05905716
0.76000000 0.05907200
0.75995000 0.05908683
0.75990000 0.05910167
0.75985000 0.05911651
0.75980000 0.05913135
0.75975000 0.05914618
0.75970000 0.05916102
0.75965000 0.05917586
0.75960000 0.05919070
0.75955000 0.05920553
0.75950000 0.05922037
0.75945000 0.05923521
0.75940000 0.05925005
0.75935000 0.05926488
0.75930000 0.05927972
0.75925000 0.05929456
0.75920000 0.05930940
0.75915000 0.05932424
0.75910000 0.05933908
0.75905000 0.05935392
0.75900000 0.05936876
0.75895000 0.05938359
0.75890000 0.05939843
0.75885000 0.05941327
0.75880000 0.05942811
0.75875000 0.05944295
0.75870000 0.05945779
0.75865000 0.05947263
0.75860000 0.05948747
0.75855000 0.05950231
0.75850000 0.05951715
0.75845000 0.05953199
0.75840000 0.05954683
0.75835000 0.05956167
0.75830000 0.05957651
0.75825000 0.05959135
0.75820000 0.05960619
0.75815000 0.05962103
0.75810000 0.05963588
0.75805000 0.05965072
0.75800000 0.05966556
0.75795000 0.05968040
0.75790000 0.05969524
0.75785000 0.05971008
0.75780000 0.05972492
0.75775000 0.05973976
0.75770000 0.05975461
0.75765000 0.05976945
0.75760000 0.05978429
0.75755000 0.05979913
0.75750000 0.05981397
0.75745000 0.05982882
0.75740000 0.05984366
0.75735000 0.05985850
0.75730000 0.05987334
0.75725000 0.05988819
0.75720000 0.05990303
0.75715000 0.05991787
0.75710000 0.05993271
0.75705000 0.05994756
0.75700000 0.05996240
0.75695000 0.05997724
0.75690000 0.05999209
0.75685000 0.06000693
0.75680000 0.06002177
0.75675000 0.06003661
0.75670000 0.06005146
0.75665000 0.06006630
0.75660000 0.06008115
0.75655000 0.06009599
0.75650000 0.06011083
0.75645000 0.06012568
0.75640000 0.06014052
0.75635000 0.06015536
0.75630000 0.06017021
0.75625000 0.06018505
0.75620000 0.06019990
0.75615000 0.06021474
0.75610000 0.06022959
0.75605000 0.06024443
0.75600000 0.06025927
0.75595000 0.06027412
0.75590000 0.06028896
0.75585000 0.06030381
0.75580000 0.06031865
0.75575000 0.06033350
0.75570000 0.06034834
0.75565000 0.06036319
0.75560000 0.06037803
0.75555000 0.06039288
0.75550000 0.06040772
0.75545000 0.06042257
0.75540000 0.06043741
0.75535000 0.06045226
0.75530000 0.06046710
0.75525000 0.06048195
0.75520000 0.06049679
0.75515000 0.06051164
0.75510000 0.06052649
0.75505000 0.06054133
0.75500000 0.06055618
0.75495000 0.06057102
0.75490000 0.06058587
0.75485000 0.06060071
0.75480000 0.06061556
0.75475000 0.06063041
0.75470000 0.06064525
0.75465000 0.06066010
0.75460000 0.06067494
0.75455000 0.06068979
0.75450000 0.06070464
0.75445000 0.06071948
0.75440000 0.06073433
0.75435000 0.06074918
0.75430000 0.06076402
0.75425000 0.06077887
0.75420000 0.06079371
0.75415000 0.06080856
0.75410000 0.06082341
0.75405000 0.06083825
0.75400000 0.06085310
0.75395000 0.06086795
0.75390000 0.06088279
0.75385000 0.06089764
0.75380000 0.06091249
0.75375000 0.06092733
0.75370000 0.06094218
0.75365000 0.06095703
0.75360000 0.06097187
0.75355000 0.06098672
0.75350000 0.06100157
0.75345000 0.06101642
0.75340000 0.06103126
0.75335000 0.06104611
0.75330000 0.06106096
0.75325000 0.06107580
0.75320000 0.06109065
0.75315000 0.06110550
0.75310000 0.06112035
0.75305000 0.06113519
0.75300000 0.06115004
0.75295000 0.06116489
0.75290000 0.06117974
0.75285000 0.06119458
0.75280000 0.06120943
0.75275000 0.06122428
0.75270000 0.06123912
0.75265000 0.06125397
0.75260000 0.06126882
0.75255000 0.06128367
0.75250000 0.06129851
0.75245000 0.06131336
0.75240000 0.06132821
0.75235000 0.06134306
0.75230000 0.06135790
0.75225000 0.06137275
0.75220000 0.06138760
0.75215000 0.06140245
0.75210000 0.06141730
0.75205000 0.06143214
0.75200000 0.06144699
0.75195000 0.06146184
0.75190000 0.06147669
0.75185000 0.06149153
0.75180000 0.06150638
0.75175000 0.06152123
0.75170000 0.06153608
0.75165000 0.06155092
0.75160000 0.06156577
0.75155000 0.06158062
0.75150000 0.06159547
0.75145000 0.06161031
0.75140000 0.06162516
0.75135000 0.06164001
0.75130000 0.06165486
0.75125000 0.06166971
0.75120000 0.06168455
0.75115000 0.06169940
0.75110000 0.06171425
0.75105000 0.06172910
0.75100000 0.06174394
0.75095000 0.06175879
0.75090000 0.06177364
0.75085000 0.06178849
0.75080000 0.06180334
0.75075000 0.06181818
0.75070000 0.06183303
0.75065000 0.06184788
0.75060000 0.06186273
0.75055000 0.06187757
0.75050000 0.06189242
0.75045000 0.06190727
0.75040000 0.06192212
0.75035000 0.06193696
0.75030000 0.06195181
0.75025000 0.06196666
0.75020000 0.06198151
0.75015000 0.06199635
0.75010000 0.06201120
0.75005000 0.06202605
0.75000000 0.06204090
0.74995000 0.06205574
0.74990000 0.06207059
0.74985000 0.06208544
0.74980000 0.06210029
0.74975000 0.06211513
0.74970000 0.06212998
0.74965000 0.06214483
0.74960000 0.06215968
0.74955000 0.06217452
0.74950000 0.06218937
0.74945000 0.06220422
0.74940000 0.06221906
0.74935000 0.06223391
0.74930000 0.06224876
0.74925000 0.06226361
0.74920000 0.06227845
0.74915000 0.06229330
0.74910000 0.06230815
0.74905000 0.06232299
0.74900000 0.06233784
0.74895000 0.06235269
0.74890000 0.06236753
0.74885000 0.06238238
0.74880000 0.06239723
0.74875000 0.06241207
0.74870000 0.06242692
0.74865000 0.06244177
0.74860000 0.06245661
0.74855000 0.06247146
0.74850000 0.06248631
0.74845000 0.06250115
0.74840000 0.06251600
0.74835000 0.06253085
0.74830000 0.06254569
0.74825000 0.06256054
0.74820000 0.06257539
0.74815000 0.06259023
0.74810000 0.06260508
0.74805000 0.06261993
0.74800000 0.06263477
0.74795000 0.06264962
0.74790000 0.06266446
0.74785000 0.06267931
0.74780000 0.06269416
0.74775000 0.06270900
0.74770000 0.06272385
0.74765000 0.06273869
0.74760000 0.06275354
0.74755000 0.06276838
0.74750000 0.06278323
0.74745000 0.06279808
0.74740000 0.06281292
0.74735000 0.06282777
0.74730000 0.06284261
0.74725000 0.06285746
0.74720000 0.06287230
0.74715000 0.06288715
0.74710000 0.06290199
0.74705000 0.06291684
0.74700000 0.06293168
0.74695000 0.06294653
0.74690000 0.06296137
0.74685000 0.06297622
0.74680000 0.06299106
0.74675000 0.06300591
0.74670000 0.06302075
0.74665000 0.06303560
0.74660000 0.06305044
0.74655000 0.06306528
0.74650000 0.06308013
0.74645000 0.06309497
0.74640000 0.06310982
0.74635000 0.06312466
0.74630000 0.06313951
0.74625000 0.06315435
0.74620000 0.06316919
0.74615000 0.06318404
0.74610000 0.06319888
0.74605000 0.06321372
0.74600000 0.06322857
0.74595000 0.06324341
0.74590000 0.06325826
0.74585000 0.06327310
0.74580000 0.06328794
0.74575000 0.06330279
0.74570000 0.06331763
0.74565000 0.06333247
0.74560000 0.06334731
0.74555000 0.06336216
0.74550000 0.06337700
0.74545000 0.06339184
0.74540000 0.06340669
0.74535000 0.06342153
0.74530000 0.06343637
0.74525000 0.06345121
0.74520000 0.06346605
0.74515000 0.06348090
0.74510000 0.06349574
0.74505000 0.06351058
0.74500000 0.06352542
0.74495000 0.06354026
0.74490000 0.06355511
0.74485000 0.06356995
0.74480000 0.06358479
0.74475000 0.06359963
0.74470000 0.06361447
0.74465000 0.06362931
0.74460000 0.06364415
0.74455000 0.06365900
0.74450000 0.06367384
0.74445000 0.06368868
0.74440000 0.06370352
0.74435000 0.06371836
0.74430000 0.06373320
0.74425000 0.06374804
0.74420000 0.06376288
0.74415000 0.06377772
0.74410000 0.06379256
0.74405000 0.06380740
0.74400000 0.06382224
0.74395000 0.06383708
0.74390000 0.06385192
0.74385000 0.06386676
0.74380000 0.06388160
0.74375000 0.06389644
0.74370000 0.06391128
0.74365000 0.06392612
0.74360000 0.06394096
0.74355000 0.06395579
0.74350000 0.06397063
0.74345000 0.06398547
0.74340000 0.06400031
0.74335000 0.06401515
0.74330000 0.06402999
0.74325000 0.06404482
0.74320000 0.06405966
0.74315000 0.06407450
0.74310000 0.06408934
0.74305000 0.06410418
0.74300000 0.06411901
0.74295000 0.06413385
0.74290000 0.06414869
0.74285000 0.06416353
0.74280000 0.06417836
0.74275000 0.06419320
0.74270000 0.06420804
0.74265000 0.06422287
0.74260000 0.06423771
0.74255000 0.06425255
0.74250000 0.06426738
0.74245000 0.06428222
0.74240000 0.06429706
0.74235000 0.06431189
0.74230000 0.06432673
0.74225000 0.06434156
0.74220000 0.06435640
0.74215000 0.06437123
0.74210000 0.06438607
0.74205000 0.06440090
0.74200000 0.06441574
0.74195000 0.06443057
0.74190000 0.06444541
0.74185000 0.06446024
0.74180000 0.06447508
0.74175000 0.06448991
0.74170000 0.06450475
0.74165000 0.06451958
0.74160000 0.06453441
0.74155000 0.06454925
0.74150000 0.06456408
0.74145000 0.06457891
0.74140000 0.06459375
0.74135000 0.06460858
0.74130000 0.06462341
0.74125000 0.06463825
0.74120000 0.06465308
0.74115000 0.06466791
0.74110000 0.06468274
0.74105000 0.06469758
0.74100000 0.06471241
0.74095000 0.06472724
0.74090000 0.06474207
0.74085000 0.06475690
0.74080000 0.06477174
0.74075000 0.06478657
0.74070000 0.06480140
0.74065000 0.06481623
0.74060000 0.06483106
0.74055000 0.06484589
0.74050000 0.06486072
0.74045000 0.06487555
0.74040000 0.06489038
0.74035000 0.06490521
0.74030000 0.06492004
0.74025000 0.06493487
0.74020000 0.06494970
0.74015000 0.06496453
0.74010000 0.06497936
0.74005000 0.06499419
0.74000000 0.06500902
0.73995000 0.06502385
0.73990000 0.06503868
0.73985000 0.06505350
0.73980000 0.06506833
0.73975000 0.06508316
0.73970000 0.06509799
0.73965000 0.06511282
0.73960000 0.06512764
0.73955000 0.06514247
0.73950000 0.06515730
0.73945000 0.06517213
0.73940000 0.06518695
0.73935000 0.06520178
0.73930000 0.06521661
0.73925000 0.06523143
0.73920000 0.06524626
0.73915000 0.06526108
0.73910000 0.06527591
0.73905000 0.06529074
0.73900000 0.06530556
0.73895000 0.06532039
0.73890000 0.06533521
0.73885000 0.06535004
0.73880000 0.06536486
0.73875000 0.06537969
0.73870000 0.06539451
0.73865000 0.06540933
0.73860000 0.06542416
0.73855000 0.06543898
0.73850000 0.06545380
0.73845000 0.06546863
0.73840000 0.06548345
0.73835000 0.06549827
0.73830000 0.06551310
0.73825000 0.06552792
0.73820000 0.06554274
0.73815000 0.06555756
0.73810000 0.06557239
0.73805000 0.06558721
0.73800000 0.06560203
0.73795000 0.06561685
0.73790000 0.06563167
0.73785000 0.06564649
0.73780000 0.06566132
0.73775000 0.06567614
0.73770000 0.06569096
0.73765000 0.06570578
0.73760000 0.06572060
0.73755000 0.06573542
0.73750000 0.06575024
0.73745000 0.06576506
0.73740000 0.06577987
0.73735000 0.06579469
0.73730000 0.06580951
0.73725000 0.06582433
0.73720000 0.06583915
0.73715000 0.06585397
0.73710000 0.06586879
0.73705000 0.06588360
0.73700000 0.06589842
0.73695000 0.06591324
0.73690000 0.06592806
0.73685000 0.06594287
0.73680000 0.06595769
0.73675000 0.06597251
0.73670000 0.06598732
0.73665000 0.06600214
0.73660000 0.06601695
0.73655000 0.06603177
0.73650000 0.06604659
0.73645000 0.06606140
0.73640000 0.06607622
0.73635000 0.06609103
0.73630000 0.06610585
0.73625000 0.06612066
0.73620000 0.06613547
0.73615000 0.06615029
0.73610000 0.06616510
0.73605000 0.06617991
0.73600000 0.06619473
0.73595000 0.06620954
0.73590000 0.06622435
0.73585000 0.06623917
0.73580000 0.06625398
0.73575000 0.06626879
0.73570000 0.06628360
0.73565000 0.06629841
0.73560000 0.06631323
0.73555000 0.06632804
0.73550000 0.06634285
0.73545000 0.06635766
0.73540000 0.06637247
0.73535000 0.06638728
0.73530000 0.06640209
0.73525000 0.06641690
0.73520000 0.06643171
0.73515000 0.06644652
0.73510000 0.06646133
0.73505000 0.06647614
0.73500000 0.06649094
0.73495000 0.06650575
0.73490000 0.06652056
0.73485000 0.06653537
0.73480000 0.06655018
0.73475000 0.06656498
0.73470000 0.06657979
0.73465000 0.06659460
0.73460000 0.06660940
0.73455000 0.06662421
0.73450000 0.06663902
0.73445000 0.06665382
0.73440000 0.06666863
0.73435000 0.06668343
0.73430000 0.06669824
0.73425000 0.06671304
0.73420000 0.06672785
0.73415000 0.06674265
0.73410000 0.06675746
0.73405000 0.06677226
0.73400000 0.06678706
0.73395000 0.06680187
0.73390000 0.06681667
0.73385000 0.06683147
0.73380000 0.06684628
0.73375000 0.06686108
0.73370000 0.06687588
0.73365000 0.06689068
0.73360000 0.06690548
0.73355000 0.06692028
0.73350000 0.06693509
0.73345000 0.06694989
0.73340000 0.06696469
0.73335000 0.06697949
0.73330000 0.06699429
0.73325000 0.06700909
0.73320000 0.06702389
0.73315000 0.06703869
0.73310000 0.06705348
0.73305000 0.06706828
0.73300000 0.06708308
0.73295000 0.06709788
0.73290000 0.06711268
0.73285000 0.06712747
0.73280000 0.06714227
0.73275000 0.06715707
0.73270000 0.06717187
0.73265000 0.06718666
0.73260000 0.06720146
0.73255000 0.06721625
0.73250000 0.06723105
0.73245000 0.06724585
0.73240000 0.06726064
0.73235000 0.06727544
0.73230000 0.06729023
0.73225000 0.06730502
0.73220000 0.06731982
0.73215000 0.06733461
0.73210000 0.06734940
0.73205000 0.06736420
0.73200000 0.06737899
0.73195000 0.06739378
0.73190000 0.06740858
0.73185000 0.06742337
0.73180000 0.06743816
0.73175000 0.06745295
0.73170000 0.06746774
0.73165000 0.06748253
0.73160000 0.06749732
0.73155000 0.06751211
0.73150000 0.06752690
0.73145000 0.06754169
0.73140000 0.06755648
0.73135000 0.06757127
0.73130000 0.06758606
0.73125000 0.06760085
0.73120000 0.06761564
0.73115000 0.06763042
0.73110000 0.06764521
0.73105000 0.06766000
0.73100000 0.06767479
0.73095000 0.06768957
0.73090000 0.06770436
0.73085000 0.06771915
0.73080000 0.06773393
0.73075000 0.06774872
0.73070000 0.06776350
0.73065000 0.06777829
0.73060000 0.06779307
0.73055000 0.06780786
0.73050000 0.06782264
0.73045000 0.06783742
0.73040000 0.06785221
0.73035000 0.06786699
0.73030000 0.06788177
0.73025000 0.06789655
0.73020000 0.06791134
0.73015000 0.06792612
0.73010000 0.06794090
0.73005000 0.06795568
0.73000000 0.06797046
0.72995000 0.06798524
0.72990000 0.06800002
0.72985000 0.06801480
0.72980000 0.06802958
0.72975000 0.06804436
0.72970000 0.06805914
0.72965000 0.06807392
0.72960000 0.06808870
0.72955000 0.06810347
0.72950000 0.06811825
0.72945000 0.06813303
0.72940000 0.06814781
0.72935000 0.06816258
0.72930000 0.06817736
0.72925000 0.06819214
0.72920000 0.06820691
0.72915000 0.06822169
0.72910000 0.06823646
0.72905000 0.06825124
0.72900000 0.06826601
0.72895000 0.06828078
0.72890000 0.06829556
0.72885000 0.06831033
0.72880000 0.06832510
0.72875000 0.06833988
0.72870000 0.06835465
0.72865000 0.06836942
0.72860000 0.06838419
0.72855000 0.06839897
0.72850000 0.06841374
0.72845000 0.06842851
0.72840000 0.06844328
0.72835000 0.06845805
0.72830000 0.06847282
0.72825000 0.06848759
0.72820000 0.06850236
0.72815000 0.06851712
0.72810000 0.06853189
0.72805000 0.06854666
0.72800000 0.06856143
0.72795000 0.06857620
0.72790000 0.06859096
0.72785000 0.06860573
0.72780000 0.06862050
0.72775000 0.06863526
0.72770000 0.06865003
0.72765000 0.06866479
0.72760000 0.06867956
0.72755000 0.06869432
0.72750000 0.06870909
0.72745000 0.06872385
0.72740000 0.06873861
0.72735000 0.06875338
0.72730000 0.06876814
0.72725000 0.06878290
0.72720000 0.06879766
0.72715000 0.06881242
0.72710000 0.06882719
0.72705000 0.06884195
0.72700000 0.06885671
0.72695000 0.06887147
0.72690000 0.06888623
0.72685000 0.06890099
0.72680000 0.06891575
0.72675000 0.06893051
0.72670000 0.06894526
0.72665000 0.06896002
0.72660000 0.06897478
0.72655000 0.06898954
0.72650000 0.06900429
0.72645000 0.06901905
0.72640000 0.06903381
0.72635000 0.06904856
0.72630000 0.06906332
0.72625000 0.06907807
0.72620000 0.06909283
0.72615000 0.06910758
0.72610000 0.06912234
0.72605000 0.06913709
0.72600000 0.06915184
0.72595000 0.06916660
0.72590000 0.06918135
0.72585000 0.06919610
0.72580000 0.06921085
0.72575000 0.06922560
0.72570000 0.06924036
0.72565000 0.06925511
0.72560000 0.06926986
0.72555000 0.06928461
0.72550000 0.06929936
0.72545000 0.06931411
0.72540000 0.06932885
0.72535000 0.06934360
0.72530000 0.06935835
0.72525000 0.06937310
0.72520000 0.06938785
0.72515000 0.06940259
0.72510000 0.06941734
0.72505000 0.06943208
0.72500000 0.06944683
0.72495000 0.06946158
0.72490000 0.06947632
0.72485000 0.06949107
0.72480000 0.06950581
0.72475000 0.06952055
0.72470000 0.06953530
0.72465000 0.06955004
0.72460000 0.06956478
0.72455000 0.06957952
0.72450000 0.06959427
0.72445000 0.06960901
0.72440000 0.06962375
0.72435000 0.06963849
0.72430000 0.06965323
0.72425000 0.06966797
0.72420000 0.06968271
0.72415000 0.06969745
0.72410000 0.06971219
0.72405000 0.06972692
0.72400000 0.06974166
0.72395000 0.06975640
0.72390000 0.06977114
0.72385000 0.06978587
0.72380000 0.06980061
0.72375000 0.06981534
0.72370000 0.06983008
0.72365000 0.06984481
0.72360000 0.06985955
0.72355000 0.06987428
0.72350000 0.06988902
0.72345000 0.06990375
0.72340000 0.06991848
0.72335000 0.06993322
0.72330000 0.06994795
0.72325000 0.06996268
0.72320000 0.06997741
0.72315000 0.06999214
0.72310000 0.07000687
0.72305000 0.07002160
0.72300000 0.07003633
0.72295000 0.07005106
0.72290000 0.07006579
0.72285000 0.07008052
0.72280000 0.07009525
0.72275000 0.07010997
0.72270000 0.07012470
0.72265000 0.07013943
0.72260000 0.07015415
0.72255000 0.07016888
0.72250000 0.07018360
0.72245000 0.07019833
0.72240000 0.07021305
0.72235000 0.07022778
0.72230000 0.07024250
0.72225000 0.07025722
0.72220000 0.07027195
0.72215000 0.07028667
0.72210000 0.07030139
0.72205000 0.07031611
0.72200000 0.07033083
0.72195000 0.07034555
0.72190000 0.07036027
0.72185000 0.07037499
0.72180000 0.07038971
0.72175000 0.07040443
0.72170000 0.07041915
0.72165000 0.07043387
0.72160000 0.07044859
0.72155000 0.07046330
0.72150000 0.07047802
0.72145000 0.07049274
0.72140000 0.07050745
0.72135000 0.07052217
0.72130000 0.07053688
0.72125000 0.07055160
0.72120000 0.07056631
0.72115000 0.07058102
0.72110000 0.07059574
0.72105000 0.07061045
0.72100000 0.07062516
0.72095000 0.07063987
0.72090000 0.07065459
0.72085000 0.07066930
0.72080000 0.07068401
0.72075000 0.07069872
0.72070000 0.07071343
0.72065000 0.07072814
0.72060000 0.07074285
0.72055000 0.07075755
0.72050000 0.07077226
0.72045000 0.07078697
0.72040000 0.07080168
0.72035000 0.07081638
0.72030000 0.07083109
0.72025000 0.07084579
0.72020000 0.07086050
0.72015000 0.07087520
0.72010000 0.07088991
0.72005000 0.07090461
0.72000000 0.07091931
0.71995000 0.07093402
0.71990000 0.07094872
0.71985000 0.07096342
0.71980000 0.07097812
0.71975000 0.07099282
0.71970000 0.07100752
0.71965000 0.07102222
0.71960000 0.07103692
0.71955000 0.07105162
0.71950000 0.07106632
0.71945000 0.07108102
0.71940000 0.07109572
0.71935000 0.07111041
0.71930000 0.07112511
0.71925000 0.07113981
0.71920000 0.07115450
0.71915000 0.07116920
0.71910000 0.07118389
0.71905000 0.07119858
0.71900000 0.07121328
0.71895000 0.07122797
0.71890000 0.07124266
0.71885000 0.07125736
0.71880000 0.07127205
0.71875000 0.07128674
0.71870000 0.07130143
0.71865000 0.07131612
0.71860000 0.07133081
0.71855000 0.07134550
0.71850000 0.07136019
0.71845000 0.07137488
0.71840000 0.07138957
0.71835000 0.07140425
0.71830000 0.07141894
0.71825000 0.07143363
0.71820000 0.07144831
0.71815000 0.07146300
0.71810000 0.07147768
0.71805000 0.07149237
0.71800000 0.07150705
0.71795000 0.07152174
0.71790000 0.07153642
0.71785000 0.07155110
0.71780000 0.07156578
0.71775000 0.07158047
0.71770000 0.07159515
0.71765000 0.07160983
0.71760000 0.07162451
0.71755000 0.07163919
0.71750000 0.07165387
0.71745000 0.07166855
0.71740000 0.07168322
0.71735000 0.07169790
0.71730000 0.07171258
0.71725000 0.07172726
0.71720000 0.07174193
0.71715000 0.07175661
0.71710000 0.07177128
0.71705000 0.07178596
0.71700000 0.07180063
0.71695000 0.07181530
0.71690000 0.07182998
0.71685000 0.07184465
0.71680000 0.07185932
0.71675000 0.07187399
0.71670000 0.07188867
0.71665000 0.07190334
0.71660000 0.07191801
0.71655000 0.07193268
0.71650000 0.07194734
0.71645000 0.07196201
0.71640000 0.07197668
0.71635000 0.07199135
0.71630000 0.07200602
0.71625000 0.07202068
0.71620000 0.07203535
0.71615000 0.07205001
0.71610000 0.07206468
0.71605000 0.07207934
0.71600000 0.07209401
0.71595000 0.07210867
0.71590000 0.07212333
0.71585000 0.07213799
0.71580000 0.07215266
0.71575000 0.07216732
0.71570000 0.07218198
0.71565000 0.07219664
0.71560000 0.07221130
0.71555000 0.07222596
0.71550000 0.07224062
0.71545000 0.07225527
0.71540000 0.07226993
0.71535000 0.07228459
0.71530000 0.07229925
0.71525000 0.07231390
0.71520000 0.07232856
0.71515000 0.07234321
0.71510000 0.07235787
0.71505000 0.07237252
0.71500000 0.07238717
0.71495000 0.07240183
0.71490000 0.07241648
0.71485000 0.07243113
0.71480000 0.07244578
0.71475000 0.07246043
0.71470000 0.07247508
0.71465000 0.07248973
0.71460000 0.07250438
0.71455000 0.07251903
0.71450000 0.07253368
0.71445000 0.07254832
0.71440000 0.07256297
0.71435000 0.07257762
0.71430000 0.07259226
0.71425000 0.07260691
0.71420000 0.07262155
0.71415000 0.07263620
0.71410000 0.07265084
0.71405000 0.07266548
0.71400000 0.07268013
0.71395000 0.07269477
0.71390000 0.07270941
0.71385000 0.07272405
0.71380000 0.07273869
0.71375000 0.07275333
0.71370000 0.07276797
0.71365000 0.07278261
0.71360000 0.07279725
0.71355000 0.07281188
0.71350000 0.07282652
0.71345000 0.07284116
0.71340000 0.07285579
0.71335000 0.07287043
0.71330000 0.07288506
0.71325000 0.07289970
0.71320000 0.07291433
0.71315000 0.07292896
0.71310000 0.07294359
0.71305000 0.07295823
0.71300000 0.07297286
0.71295000 0.07298749
0.71290000 0.07300212
0.71285000 0.07301675
0.71280000 0.07303138
0.71275000 0.07304601
0.71270000 0.07306063
0.71265000 0.07307526
0.71260000 0.07308989
0.71255000 0.07310451
0.71250000 0.07311914
0.71245000 0.07313376
0.71240000 0.07314839
0.71235000 0.07316301
0.71230000 0.07317764
0.71225000 0.07319226
0.71220000 0.07320688
0.71215000 0.07322150
0.71210000 0.07323612
0.71205000 0.07325074
0.71200000 0.07326536
0.71195000 0.07327998
0.71190000 0.07329460
0.71185000 0.07330922
0.71180000 0.07332384
0.71175000 0.07333845
0.71170000 0.07335307
0.71165000 0.07336769
0.71160000 0.07338230
0.71155000 0.07339692
0.71150000 0.07341153
0.71145000 0.07342614
0.71140000 0.07344076
0.71135000 0.07345537
0.71130000 0.07346998
0.71125000 0.07348459
0.71120000 0.07349920
0.71115000 0.07351381
0.71110000 0.07352842
0.71105000 0.07354303
0.71100000 0.07355764
0.71095000 0.07357225
0.71090000 0.07358685
0.71085000 0.07360146
0.71080000 0.07361606
0.71075000 0.07363067
0.71070000 0.07364527
0.71065000 0.07365988
0.71060000 0.07367448
0.71055000 0.07368908
0.71050000 0.07370369
0.71045000 0.07371829
0.71040000 0.07373289
0.71035000 0.07374749
0.71030000 0.07376209
0.71025000 0.07377669
0.71020000 0.07379129
0.71015000 0.07380588
0.71010000 0.07382048
0.71005000 0.07383508
0.71000000 0.07384967
0.70995000 0.07386427
0.70990000 0.07387887
0.70985000 0.07389346
0.70980000 0.07390805
0.70975000 0.07392265
0.70970000 0.07393724
0.70965000 0.07395183
0.70960000 0.07396642
0.70955000 0.07398101
0.70950000 0.07399560
0.70945000 0.07401019
0.70940000 0.07402478
0.70935000 0.07403937
0.70930000 0.07405396
0.70925000 0.07406854
0.70920000 0.07408313
0.70915000 0.07409771
0.70910000 0.07411230
0.70905000 0.07412688
0.70900000 0.07414147
0.70895000 0.07415605
0.70890000 0.07417063
0.70885000 0.07418522
0.70880000 0.07419980
0.70875000 0.07421438
0.70870000 0.07422896
0.70865000 0.07424354
0.70860000 0.07425812
0.70855000 0.07427269
0.70850000 0.07428727
0.70845000 0.07430185
0.70840000 0.07431642
0.70835000 0.07433100
0.70830000 0.07434557
0.70825000 0.07436015
0.70820000 0.07437472
0.70815000 0.07438930
0.70810000 0.07440387
0.70805000 0.07441844
0.70800000 0.07443301
0.70795000 0.07444758
0.70790000 0.07446215
0.70785000 0.07447672
0.70780000 0.07449129
0.70775000 0.07450586
0.70770000 0.07452042
0.70765000 0.07453499
0.70760000 0.07454956
0.70755000 0.07456412
0.70750000 0.07457869
0.70745000 0.07459325
0.70740000 0.07460782
0.70735000 0.07462238
0.70730000 0.07463694
0.70725000 0.07465150
0.70720000 0.07466606
0.70715000 0.07468062
0.70710000 0.07469518
0.70705000 0.07470974
0.70700000 0.07472430
0.70695000 0.07473886
0.70690000 0.07475341
0.70685000 0.07476797
0.70680000 0.07478253
0.70675000 0.07479708
0.70670000 0.07481164
0.70665000 0.07482619
0.70660000 0.07484074
0.70655000 0.07485529
0.70650000 0.07486985
0.70645000 0.07488440
0.70640000 0.07489895
0.70635000 0.07491350
0.70630000 0.07492805
0.70625000 0.07494259
0.70620000 0.07495714
0.70615000 0.07497169
0.70610000 0.07498624
0.70605000 0.07500078
0.70600000 0.07501533
0.70595000 0.07502987
0.70590000 0.07504441
0.70585000 0.07505896
0.70580000 0.07507350
0.70575000 0.07508804
0.70570000 0.07510258
0.70565000 0.07511712
0.70560000 0.07513166
0.70555000 0.07514620
0.70550000 0.07516074
0.70545000 0.07517528
0.70540000 0.07518982
0.70535000 0.07520435
0.70530000 0.07521889
0.70525000 0.07523342
0.70520000 0.07524796
0.70515000 0.07526249
0.70510000 0.07527702
0.70505000 0.07529156
0.70500000 0.07530609
0.70495000 0.07532062
0.70490000 0.07533515
0.70485000 0.07534968
0.70480000 0.07536421
0.70475000 0.07537873
0.70470000 0.07539326
0.70465000 0.07540779
0.70460000 0.07542231
0.70455000 0.07543684
0.70450000 0.07545136
0.70445000 0.07546589
0.70440000 0.07548041
0.70435000 0.07549493
0.70430000 0.07550946
0.70425000 0.07552398
0.70420000 0.07553850
0.70415000 0.07555302
0.70410000 0.07556754
0.70405000 0.07558206
0.70400000 0.07559657
0.70395000 0.07561109
0.70390000 0.07562561
0.70385000 0.07564012
0.70380000 0.07565464
0.70375000 0.07566915
0.70370000 0.07568367
0.70365000 0.07569818
0.70360000 0.07571269
0.70355000 0.07572720
0.70350000 0.07574171
0.70345000 0.07575622
0.70340000 0.07577073
0.70335000 0.07578524
0.70330000 0.07579975
0.70325000 0.07581426
0.70320000 0.07582876
0.70315000 0.07584327
0.70310000 0.07585777
0.70305000 0.07587228
0.70300000 0.07588678
0.70295000 0.07590129
0.70290000 0.07591579
0.70285000 0.07593029
0.70280000 0.07594479
0.70275000 0.07595929
0.70270000 0.07597379
0.70265000 0.07598829
0.70260000 0.07600279
0.70255000 0.07601728
0.70250000 0.07603178
0.70245000 0.07604628
0.70240000 0.07606077
0.70235000 0.07607527
0.70230000 0.07608976
0.70225000 0.07610425
0.70220000 0.07611875
0.70215000 0.07613324
0.70210000 0.07614773
0.70205000 0.07616222
0.70200000 0.07617671
0.70195000 0.07619120
0.70190000 0.07620568
0.70185000 0.07622017
0.70180000 0.07623466
0.70175000 0.07624914
0.70170000 0.07626363
0.70165000 0.07627811
0.70160000 0.07629260
0.70155000 0.07630708
0.70150000 0.07632156
0.70145000 0.07633604
0.70140000 0.07635052
0.70135000 0.07636500
0.70130000 0.07637948
0.70125000 0.07639396
0.70120000 0.07640844
0.70115000 0.07642292
0.70110000 0.07643739
0.70105000 0.07645187
0.70100000 0.07646634
0.70095000 0.07648082
0.70090000 0.07649529
0.70085000 0.07650976
0.70080000 0.07652423
0.70075000 0.07653870
0.70070000 0.07655317
0.70065000 0.07656764
0.70060000 0.07658211
0.70055000 0.07659658
0.70050000 0.07661105
0.70045000 0.07662551
0.70040000 0.07663998
0.70035000 0.07665445
0.70030000 0.07666891
0.70025000 0.07668337
0.70020000 0.07669784
0.70015000 0.07671230
0.70010000 0.07672676
0.70005000 0.07674122
0.70000000 0.07675568
0.69995000 0.07677014
0.69990000 0.07678460
0.69985000 0.07679905
0.69980000 0.07681351
0.69975000 0.07682797
0.69970000 0.07684242
0.69965000 0.07685688
0.69960000 0.07687133
0.69955000 0.07688578
0.69950000 0.07690024
0.69945000 0.07691469
0.69940000 0.07692914
0.69935000 0.07694359
0.69930000 0.07695804
0.69925000 0.07697249
0.69920000 0.07698693
0.69915000 0.07700138
0.69910000 0.07701583
0.69905000 0.07703027
0.69900000 0.07704472
0.69895000 0.07705916
0.69890000 0.07707360
0.69885000 0.07708805
0.69880000 0.07710249
0.69875000 0.07711693
0.69870000 0.07713137
0.69865000 0.07714581
0.69860000 0.07716025
0.69855000 0.07717468
0.69850000 0.07718912
0.69845000 0.07720356
0.69840000 0.07721799
0.69835000 0.07723243
0.69830000 0.07724686
0.69825000 0.07726129
0.69820000 0.07727572
0.69815000 0.07729016
0.69810000 0.07730459
0.69805000 0.07731902
0.69800000 0.07733345
0.69795000 0.07734787
0.69790000 0.07736230
0.69785000 0.07737673
0.69780000 0.07739115
0.69775000 0.07740558
0.69770000 0.07742000
0.69765000 0.07743443
0.69760000 0.07744885
0.69755000 0.07746327
0.69750000 0.07747769
0.69745000 0.07749211
0.69740000 0.07750653
0.69735000 0.07752095
0.69730000 0.07753537
0.69725000 0.07754979
0.69720000 0.07756420
0.69715000 0.07757862
0.69710000 0.07759303
0.69705000 0.07760745
0.69700000 0.07762186
0.69695000 0.07763627
0.69690000 0.07765069
0.69685000 0.07766510
0.69680000 0.07767951
0.69675000 0.07769392
0.69670000 0.07770832
0.69665000 0.07772273
0.69660000 0.07773714
0.69655000 0.07775154
0.69650000 0.07776595
0.69645000 0.07778035
0.69640000 0.07779476
0.69635000 0.07780916
0.69630000 0.07782356
0.69625000 0.07783796
0.69620000 0.07785236
0.69615000 0.07786676
0.69610000 0.07788116
0.69605000 0.07789556
0.69600000 0.07790996
0.69595000 0.07792435
0.69590000 0.07793875
0.69585000 0.07795314
0.69580000 0.07796754
0.69575000 0.07798193
0.69570000 0.07799632
0.69565000 0.07801072
0.69560000 0.07802511
0.69555000 0.07803950
0.69550000 0.07805389
0.69545000 0.07806827
0.69540000 0.07808266
0.69535000 0.07809705
0.69530000 0.07811143
0.69525000 0.07812582
0.69520000 0.07814020
0.69515000 0.07815459
0.69510000 0.07816897
0.69505000 0.07818335
0.69500000 0.07819773
0.69495000 0.07821211
0.69490000 0.07822649
0.69485000 0.07824087
0.69480000 0.07825524
0.69475000 0.07826962
0.69470000 0.07828400
0.69465000 0.07829837
0.69460000 0.07831275
0.69455000 0.07832712
0.69450000 0.07834149
0.69445000 0.07835586
0.69440000 0.07837023
0.69435000 0.07838460
0.69430000 0.07839897
0.69425000 0.07841334
0.69420000 0.07842771
0.69415000 0.07844208
0.69410000 0.07845644
0.69405000 0.07847081
0.69400000 0.07848517
0.69395000 0.07849953
0.69390000 0.07851390
0.69385000 0.07852826
0.69380000 0.07854262
0.69375000 0.07855698
0.69370000 0.07857134
0.69365000 0.07858570
0.69360000 0.07860005
0.69355000 0.07861441
0.69350000 0.07862877
0.69345000 0.07864312
0.69340000 0.07865748
0.69335000 0.07867183
0.69330000 0.07868618
0.69325000 0.07870053
0.69320000 0.07871488
0.69315000 0.07872923
0.69310000 0.07874358
0.69305000 0.07875793
0.69300000 0.07877228
0.69295000 0.07878662
0.69290000 0.07880097
0.69285000 0.07881531
0.69280000 0.07882966
0.69275000 0.07884400
0.69270000 0.07885834
0.69265000 0.07887268
0.69260000 0.07888702
0.69255000 0.07890136
0.69250000 0.07891570
0.69245000 0.07893004
0.69240000 0.07894438
0.69235000 0.07895871
0.69230000 0.07897305
0.69225000 0.07898738
0.69220000 0.07900171
0.69215000 0.07901605
0.69210000 0.07903038
0.69205000 0.07904471
0.69200000 0.07905904
0.69195000 0.07907337
0.69190000 0.07908770
0.69185000 0.07910202
0.69180000 0.07911635
0.69175000 0.07913068
0.69170000 0.07914500
0.69165000 0.07915932
0.69160000 0.07917365
0.69155000 0.07918797
0.69150000 0.07920229
0.69145000 0.07921661
0.69140000 0.07923093
0.69135000 0.07924525
0.69130000 0.07925957
0.69125000 0.07927388
0.69120000 0.07928820
0.69115000 0.07930251
0.69110000 0.07931683
0.69105000 0.07933114
0.69100000 0.07934545
0.69095000 0.07935977
0.69090000 0.07937408
0.69085000 0.07938839
0.69080000 0.07940270
0.69075000 0.07941700
0.69070000 0.07943131
0.69065000 0.07944562
0.69060000 0.07945992
0.69055000 0.07947423
0.69050000 0.07948853
0.69045000 0.07950283
0.69040000 0.07951713
0.69035000 0.07953144
0.69030000 0.07954574
0.69025000 0.07956003
0.69020000 0.07957433
0.69015000 0.07958863
0.69010000 0.07960293
0.69005000 0.07961722
0.69000000 0.07963152
0.68995000 0.07964581
0.68990000 0.07966010
0.68985000 0.07967440
0.68980000 0.07968869
0.68975000 0.07970298
0.68970000 0.07971727
0.68965000 0.07973155
0.68960000 0.07974584
0.68955000 0.07976013
0.68950000 0.07977441
0.68945000 0.07978870
0.68940000 0.07980298
0.68935000 0.07981726
0.68930000 0.07983155
0.68925000 0.07984583
0.68920000 0.07986011
0.68915000 0.07987439
0.68910000 0.07988867
0.68905000 0.07990294
0.68900000 0.07991722
0.68895000 0.07993150
0.68890000 0.07994577
0.68885000 0.07996004
0.68880000 0.07997432
0.68875000 0.07998859
0.68870000 0.08000286
0.68865000 0.08001713
0.68860000 0.08003140
0.68855000 0.08004567
0.68850000 0.08005993
0.68845000 0.08007420
0.68840000 0.08008847
0.68835000 0.08010273
0.68830000 0.08011699
0.68825000 0.08013126
0.68820000 0.08014552
0.68815000 0.08015978
0.68810000 0.08017404
0.68805000 0.08018830
0.68800000 0.08020256
0.68795000 0.08021681
0.68790000 0.08023107
0.68785000 0.08024533
0.68780000 0.08025958
0.68775000 0.08027383
0.68770000 0.08028809
0.68765000 0.08030234
0.68760000 0.08031659
0.68755000 0.08033084
0.68750000 0.08034509
0.68745000 0.08035934
0.68740000 0.08037358
0.68735000 0.08038783
0.68730000 0.08040207
0.68725000 0.08041632
0.68720000 0.08043056
0.68715000 0.08044480
0.68710000 0.08045904
0.68705000 0.08047329
0.68700000 0.08048752
0.68695000 0.08050176
0.68690000 0.08051600
0.68685000 0.08053024
0.68680000 0.08054447
0.68675000 0.08055871
0.68670000 0.08057294
0.68665000 0.08058717
0.68660000 0.08060141
0.68655000 0.08061564
0.68650000 0.08062987
0.68645000 0.08064410
0.68640000 0.08065833
0.68635000 0.08067255
0.68630000 0.08068678
0.68625000 0.08070100
0.68620000 0.08071523
0.68615000 0.08072945
0.68610000 0.08074367
0.68605000 0.08075790
0.68600000 0.08077212
0.68595000 0.08078634
0.68590000 0.08080055
0.68585000 0.08081477
0.68580000 0.08082899
0.68575000 0.08084320
0.68570000 0.08085742
0.68565000 0.08087163
0.68560000 0.08088585
0.68555000 0.08090006
0.68550000 0.08091427
0.68545000 0.08092848
0.68540000 0.08094269
0.68535000 0.08095690
0.68530000 0.08097110
0.68525000 0.08098531
0.68520000 0.08099951
0.68515000 0.08101372
0.68510000 0.08102792
0.68505000 0.08104212
0.68500000 0.08105633
0.68495000 0.08107053
0.68490000 0.08108473
0.68485000 0.08109892
0.68480000 0.08111312
0.68475000 0.08112732
0.68470000 0.08114151
0.68465000 0.08115571
0.68460000 0.08116990
0.68455000 0.08118409
0.68450000 0.08119829
0.68445000 0.08121248
0.68440000 0.08122667
0.68435000 0.08124085
0.68430000 0.08125504
0.68425000 0.08126923
0.68420000 0.08128341
0.68415000 0.08129760
0.68410000 0.08131178
0.68405000 0.08132597
0.68400000 0.08134015
0.68395000 0.08135433
0.68390000 0.08136851
0.68385000 0.08138269
0.68380000 0.08139686
0.68375000 0.08141104
0.68370000 0.08142522
0.68365000 0.08143939
0.68360000 0.08145357
0.68355000 0.08146774
0.68350000 0.08148191
0.68345000 0.08149608
0.68340000 0.08151025
0.68335000 0.08152442
0.68330000 0.08153859
0.68325000 0.08155276
0.68320000 0.08156692
0.68315000 0.08158109
0.68310000 0.08159525
0.68305000 0.08160941
0.68300000 0.08162358
0.68295000 0.08163774
0.68290000 0.08165190
0.68285000 0.08166606
0.68280000 0.08168021
0.68275000 0.08169437
0.68270000 0.08170853
0.68265000 0.08172268
0.68260000 0.08173684
0.68255000 0.08175099
0.68250000 0.08176514
0.68245000 0.08177929
0.68240000 0.08179344
0.68235000 0.08180759
0.68230000 0.08182174
0.68225000 0.08183589
0.68220000 0.08185003
0.68215000 0.08186418
0.68210000 0.08187832
0.68205000 0.08189246
0.68200000 0.08190661
0.68195000 0.08192075
0.68190000 0.08193489
0.68185000 0.08194903
0.68180000 0.08196316
0.68175000 0.08197730
0.68170000 0.08199144
0.68165000 0.08200557
0.68160000 0.08201970
0.68155000 0.08203384
0.68150000 0.08204797
0.68145000 0.08206210
0.68140000 0.08207623
0.68135000 0.08209036
0.68130000 0.08210449
0.68125000 0.08211861
0.68120000 0.08213274
0.68115000 0.08214686
0.68110000 0.08216099
0.68105000 0.08217511
0.68100000 0.08218923
0.68095000 0.08220335
0.68090000 0.08221747
0.68085000 0.08223159
0.68080000 0.08224571
0.68075000 0.08225982
0.68070000 0.08227394
0.68065000 0.08228805
0.68060000 0.08230217
0.68055000 0.08231628
0.68050000 0.08233039
0.68045000 0.08234450
0.68040000 0.08235861
0.68035000 0.08237272
0.68030000 0.08238683
0.68025000 0.08240093
0.68020000 0.08241504
0.68015000 0.08242914
0.68010000 0.08244324
0.68005000 0.08245735
0.68000000 0.08247145
0.67995000 0.08248555
0.67990000 0.08249965
0.67985000 0.08251374
0.67980000 0.08252784
0.67975000 0.08254194
0.67970000 0.08255603
0.67965000 0.08257012
0.67960000 0.08258422
0.67955000 0.08259831
0.67950000 0.08261240
0.67945000 0.08262649
0.67940000 0.08264058
0.67935000 0.08265466
0.67930000 0.08266875
0.67925000 0.08268284
0.67920000 0.08269692
0.67915000 0.08271100
0.67910000 0.08272509
0.67905000 0.08273917
0.67900000 0.08275325
0.67895000 0.08276733
0.67890000 0.08278140
0.67885000 0.08279548
0.67880000 0.08280956
0.67875000 0.08282363
0.67870000 0.08283770
0.67865000 0.08285178
0.67860000 0.08286585
0.67855000 0.08287992
0.67850000 0.08289399
0.67845000 0.08290806
0.67840000 0.08292212
0.67835000 0.08293619
0.67830000 0.08295026
0.67825000 0.08296432
0.67820000 0.08297838
0.67815000 0.08299245
0.67810000 0.08300651
0.67805000 0.08302057
0.67800000 0.08303463
0.67795000 0.08304868
0.67790000 0.08306274
0.67785000 0.08307680
0.67780000 0.08309085
0.67775000 0.08310490
0.67770000 0.08311896
0.67765000 0.08313301
0.67760000 0.08314706
0.67755000 0.08316111
0.67750000 0.08317515
0.67745000 0.08318920
0.67740000 0.08320325
0.67735000 0.08321729
0.67730000 0.08323134
0.67725000 0.08324538
0.67720000 0.08325942
0.67715000 0.08327346
0.67710000 0.08328750
0.67705000 0.08330154
0.67700000 0.08331558
0.67695000 0.08332961
0.67690000 0.08334365
0.67685000 0.08335768
0.67680000 0.08337172
0.67675000 0.08338575
0.67670000 0.08339978
0.67665000 0.08341381
0.67660000 0.08342784
0.67655000 0.08344186
0.67650000 0.08345589
0.67645000 0.08346992
0.67640000 0.08348394
0.67635000 0.08349796
0.67630000 0.08351199
0.67625000 0.08352601
0.67620000 0.08354003
0.67615000 0.08355405
0.67610000 0.08356806
0.67605000 0.08358208
0.67600000 0.08359610
0.67595000 0.08361011
0.67590000 0.08362412
0.67585000 0.08363814
0.67580000 0.08365215
0.67575000 0.08366616
0.67570000 0.08368017
0.67565000 0.08369418
0.67560000 0.08370818
0.67555000 0.08372219
0.67550000 0.08373619
0.67545000 0.08375020
0.67540000 0.08376420
0.67535000 0.08377820
0.67530000 0.08379220
0.67525000 0.08380620
0.67520000 0.08382020
0.67515000 0.08383419
0.67510000 0.08384819
0.67505000 0.08386218
0.67500000 0.08387618
0.67495000 0.08389017
0.67490000 0.08390416
0.67485000 0.08391815
0.67480000 0.08393214
0.67475000 0.08394613
0.67470000 0.08396012
0.67465000 0.08397410
0.67460000 0.08398809
0.67455000 0.08400207
0.67450000 0.08401605
0.67445000 0.08403003
0.67440000 0.08404401
0.67435000 0.08405799
0.67430000 0.08407197
0.67425000 0.08408595
0.67420000 0.08409992
0.67415000 0.08411390
0.67410000 0.08412787
0.67405000 0.08414185
0.67400000 0.08415582
0.67395000 0.08416979
0.67390000 0.08418376
0.67385000 0.08419772
0.67380000 0.08421169
0.67375000 0.08422566
0.67370000 0.08423962
0.67365000 0.08425358
0.67360000 0.08426755
0.67355000 0.08428151
0.67350000 0.08429547
0.67345000 0.08430943
0.67340000 0.08432338
0.67335000 0.08433734
0.67330000 0.08435130
0.67325000 0.08436525
0.67320000 0.08437920
0.67315000 0.08439316
0.67310000 0.08440711
0.67305000 0.08442106
0.67300000 0.08443501
0.67295000 0.08444895
0.67290000 0.08446290
0.67285000 0.08447684
0.67280000 0.08449079
0.67275000 0.08450473
0.67270000 0.08451867
0.67265000 0.08453261
0.67260000 0.08454655
0.67255000 0.08456049
0.67250000 0.08457443
0.67245000 0.08458837
0.67240000 0.08460230
0.67235000 0.08461623
0.67230000 0.08463017
0.67225000 0.08464410
0.67220000 0.08465803
0.67215000 0.08467196
0.67210000 0.08468589
0.67205000 0.08469981
0.67200000 0.08471374
0.67195000 0.08472766
0.67190000 0.08474159
0.67185000 0.08475551
0.67180000 0.08476943
0.67175000 0.08478335
0.67170000 0.08479727
0.67165000 0.08481119
0.67160000 0.08482511
0.67155000 0.08483902
0.67150000 0.08485294
0.67145000 0.08486685
0.67140000 0.08488076
0.67135000 0.08489467
0.67130000 0.08490858
0.67125000 0.08492249
0.67120000 0.08493640
0.67115000 0.08495030
0.67110000 0.08496421
0.67105000 0.08497811
0.67100000 0.08499201
0.67095000 0.08500592
0.67090000 0.08501982
0.67085000 0.08503372
0.67080000 0.08504761
0.67075000 0.08506151
0.67070000 0.08507541
0.67065000 0.08508930
0.67060000 0.08510319
0.67055000 0.08511709
0.67050000 0.08513098
0.67045000 0.08514487
0.67040000 0.08515876
0.67035000 0.08517264
0.67030000 0.08518653
0.67025000 0.08520042
0.67020000 0.08521430
0.67015000 0.08522818
0.67010000 0.08524206
0.67005000 0.08525594
0.67000000 0.08526982
0.66995000 0.08528370
0.66990000 0.08529758
0.66985000 0.08531145
0.66980000 0.08532533
0.66975000 0.08533920
0.66970000 0.08535307
0.66965000 0.08536695
0.66960000 0.08538082
0.66955000 0.08539468
0.66950000 0.08540855
0.66945000 0.08542242
0.66940000 0.08543628
0.66935000 0.08545015
0.66930000 0.08546401
0.66925000 0.08547787
0.66920000 0.08549173
0.66915000 0.08550559
0.66910000 0.08551945
0.66905000 0.08553331
0.66900000 0.08554716
0.66895000 0.08556102
0.66890000 0.08557487
0.66885000 0.08558872
0.66880000 0.08560257
0.66875000 0.08561642
0.66870000 0.08563027
0.66865000 0.08564412
0.66860000 0.08565796
0.66855000 0.08567181
0.66850000 0.08568565
0.66845000 0.08569949
0.66840000 0.08571334
0.66835000 0.08572718
0.66830000 0.08574102
0.66825000 0.08575485
0.66820000 0.08576869
0.66815000 0.08578252
0.66810000 0.08579636
0.66805000 0.08581019
0.66800000 0.08582402
0.66795000 0.08583785
0.66790000 0.08585168
0.66785000 0.08586551
0.66780000 0.08587934
0.66775000 0.08589316
0.66770000 0.08590699
0.66765000 0.08592081
0.66760000 0.08593463
0.66755000 0.08594845
0.66750000 0.08596227
0.66745000 0.08597609
0.66740000 0.08598991
0.66735000 0.08600373
0.66730000 0.08601754
0.66725000 0.08603135
0.66720000 0.08604517
0.66715000 0.08605898
0.66710000 0.08607279
0.66705000 0.08608660
0.66700000 0.08610040
0.66695000 0.08611421
0.66690000 0.08612801
0.66685000 0.08614182
0.66680000 0.08615562
0.66675000 0.08616942
0.66670000 0.08618322
0.66665000 0.08619702
0.66660000 0.08621082
0.66655000 0.08622462
0.66650000 0.08623841
0.66645000 0.08625220
0.66640000 0.08626600
0.66635000 0.08627979
0.66630000 0.08629358
0.66625000 0.08630737
0.66620000 0.08632116
0.66615000 0.08633494
0.66610000 0.08634873
0.66605000 0.08636251
0.66600000 0.08637630
0.66595000 0.08639008
0.66590000 0.08640386
0.66585000 0.08641764
0.66580000 0.08643141
0.66575000 0.08644519
0.66570000 0.08645897
0.66565000 0.08647274
0.66560000 0.08648651
0.66555000 0.08650029
0.66550000 0.08651406
0.66545000 0.08652783
0.66540000 0.08654159
0.66535000 0.08655536
0.66530000 0.08656913
0.66525000 0.08658289
0.66520000 0.08659665
0.66515000 0.08661042
0.66510000 0.08662418
0.66505000 0.08663794
0.66500000 0.08665169
0.66495000 0.08666545
0.66490000 0.08667921
0.66485000 0.08669296
0.66480000 0.08670671
0.66475000 0.08672047
0.66470000 0.08673422
0.66465000 0.08674797
0.66460000 0.08676172
0.66455000 0.08677546
0.66450000 0.08678921
0.66445000 0.08680295
0.66440000 0.08681670
0.66435000 0.08683044
0.66430000 0.08684418
0.66425000 0.08685792
0.66420000 0.08687166
0.66415000 0.08688539
0.66410000 0.08689913
0.66405000 0.08691286
0.66400000 0.08692660
0.66395000 0.08694033
0.66390000 0.08695406
0.66385000 0.08696779
0.66380000 0.08698152
0.66375000 0.08699524
0.66370000 0.08700897
0.66365000 0.08702269
0.66360000 0.08703642
0.66355000 0.08705014
0.66350000 0.08706386
0.66345000 0.08707758
0.66340000 0.08709130
0.66335000 0.08710501
0.66330000 0.08711873
0.66325000 0.08713244
0.66320000 0.08714615
0.66315000 0.08715987
0.66310000 0.08717358
0.66305000 0.08718729
0.66300000 0.08720099
0.66295000 0.08721470
0.66290000 0.08722841
0.66285000 0.08724211
0.66280000 0.08725581
0.66275000 0.08726951
0.66270000 0.08728321
0.66265000 0.08729691
0.66260000 0.08731061
0.66255000 0.08732431
0.66250000 0.08733800
0.66245000 0.08735170
0.66240000 0.08736539
0.66235000 0.08737908
0.66230000 0.08739277
0.66225000 0.08740646
0.66220000 0.08742015
0.66215000 0.08743383
0.66210000 0.08744752
0.66205000 0.08746120
0.66200000 0.08747488
0.66195000 0.08748856
0.66190000 0.08750224
0.66185000 0.08751592
0.66180000 0.08752960
0.66175000 0.08754327
0.66170000 0.08755695
0.66165000 0.08757062
0.66160000 0.08758429
0.66155000 0.08759796
0.66150000 0.08761163
0.66145000 0.08762530
0.66140000 0.08763897
0.66135000 0.08765263
0.66130000 0.08766630
0.66125000 0.08767996
0.66120000 0.08769362
0.66115000 0.08770728
0.66110000 0.08772094
0.66105000 0.08773460
0.66100000 0.08774826
0.66095000 0.08776191
0.66090000 0.08777556
0.66085000 0.08778922
0.66080000 0.08780287
0.66075000 0.08781652
0.66070000 0.08783017
0.66065000 0.08784381
0.66060000 0.08785746
0.66055000 0.08787111
0.66050000 0.08788475
0.66045000 0.08789839
0.66040000 0.08791203
0.66035000 0.08792567
0.66030000 0.08793931
0.66025000 0.08795295
0.66020000 0.08796658
0.66015000 0.08798022
0.66010000 0.08799385
0.66005000 0.08800748
0.66000000 0.08802111
0.65995000 0.08803474
0.65990000 0.08804837
0.65985000 0.08806199
0.65980000 0.08807562
0.65975000 0.08808924
0.65970000 0.08810286
0.65965000 0.08811649
0.65960000 0.08813011
0.65955000 0.08814372
0.65950000 0.08815734
0.65945000 0.08817096
0.65940000 0.08818457
0.65935000 0.08819818
0.65930000 0.08821180
0.65925000 0.08822541
0.65920000 0.08823902
0.65915000 0.08825262
0.65910000 0.08826623
0.65905000 0.08827984
0.65900000 0.08829344
0.65895000 0.08830704
0.65890000 0.08832064
0.65885000 0.08833424
0.65880000 0.08834784
0.65875000 0.08836144
0.65870000 0.08837504
0.65865000 0.08838863
0.65860000 0.08840222
0.65855000 0.08841581
0.65850000 0.08842941
0.65845000 0.08844299
0.65840000 0.08845658
0.65835000 0.08847017
0.65830000 0.08848375
0.65825000 0.08849734
0.65820000 0.08851092
0.65815000 0.08852450
0.65810000 0.08853808
0.65805000 0.08855166
0.65800000 0.08856524
0.65795000 0.08857881
0.65790000 0.08859239
0.65785000 0.08860596
0.65780000 0.08861953
0.65775000 0.08863310
0.65770000 0.08864667
0.65765000 0.08866024
0.65760000 0.08867381
0.65755000 0.08868737
0.65750000 0.08870094
0.65745000 0.08871450
0.65740000 0.08872806
0.65735000 0.08874162
0.65730000 0.08875518
0.65725000 0.08876874
0.65720000 0.08878229
0.65715000 0.08879585
0.65710000 0.08880940
0.65705000 0.08882295
0.65700000 0.08883650
0.65695000 0.08885005
0.65690000 0.08886360
0.65685000 0.08887714
0.65680000 0.08889069
0.65675000 0.08890423
0.65670000 0.08891777
0.65665000 0.08893132
0.65660000 0.08894486
0.65655000 0.08895839
0.65650000 0.08897193
0.65645000 0.08898547
0.65640000 0.08899900
0.65635000 0.08901253
0.65630000 0.08902606
0.65625000 0.08903959
0.65620000 0.08905312
0.65615000 0.08906665
0.65610000 0.08908018
0.65605000 0.08909370
0.65600000 0.08910722
0.65595000 0.08912074
0.65590000 0.08913427
0.65585000 0.08914778
0.65580000 0.08916130
0.65575000 0.08917482
0.65570000 0.08918833
0.65565000 0.08920185
0.65560000 0.08921536
0.65555000 0.08922887
0.65550000 0.08924238
0.65545000 0.08925589
0.65540000 0.08926939
0.65535000 0.08928290
0.65530000 0.08929640
0.65525000 0.08930991
0.65520000 0.08932341
0.65515000 0.08933691
0.65510000 0.08935041
0.65505000 0.08936390
0.65500000 0.08937740
0.65495000 0.08939089
0.65490000 0.08940439
0.65485000 0.08941788
0.65480000 0.08943137
0.65475000 0.08944486
0.65470000 0.08945834
0.65465000 0.08947183
0.65460000 0.08948531
0.65455000 0.08949880
0.65450000 0.08951228
0.65445000 0.08952576
0.65440000 0.08953924
0.65435000 0.08955272
0.65430000 0.08956619
0.65425000 0.08957967
0.65420000 0.08959314
0.65415000 0.08960661
0.65410000 0.08962008
0.65405000 0.08963355
0.65400000 0.08964702
0.65395000 0.08966049
0.65390000 0.08967395
0.65385000 0.08968742
0.65380000 0.08970088
0.65375000 0.08971434
0.65370000 0.08972780
0.65365000 0.08974126
0.65360000 0.08975472
0.65355000 0.08976817
0.65350000 0.08978163
0.65345000 0.08979508
0.65340000 0.08980853
0.65335000 0.08982198
0.65330000 0.08983543
0.65325000 0.08984887
0.65320000 0.08986232
0.65315000 0.08987576
0.65310000 0.08988921
0.65305000 0.08990265
0.65300000 0.08991609
0.65295000 0.08992953
0.65290000 0.08994296
0.65285000 0.08995640
0.65280000 0.08996984
0.65275000 0.08998327
0.65270000 0.08999670
0.65265000 0.09001013
0.65260000 0.09002356
0.65255000 0.09003699
0.65250000 0.09005041
0.65245000 0.09006384
0.65240000 0.09007726
0.65235000 0.09009068
0.65230000 0.09010410
0.65225000 0.09011752
0.65220000 0.09013094
0.65215000 0.09014435
0.65210000 0.09015777
0.65205000 0.09017118
0.65200000 0.09018459
0.65195000 0.09019800
0.65190000 0.09021141
0.65185000 0.09022482
0.65180000 0.09023823
0.65175000 0.09025163
0.65170000 0.09026503
0.65165000 0.09027844
0.65160000 0.09029184
0.65155000 0.09030524
0.65150000 0.09031863
0.65145000 0.09033203
0.65140000 0.09034542
0.65135000 0.09035882
0.65130000 0.09037221
0.65125000 0.09038560
0.65120000 0.09039899
0.65115000 0.09041238
0.65110000 0.09042576
0.65105000 0.09043915
0.65100000 0.09045253
0.65095000 0.09046591
0.65090000 0.09047929
0.65085000 0.09049267
0.65080000 0.09050605
0.65075000 0.09051943
0.65070000 0.09053280
0.65065000 0.09054617
0.65060000 0.09055955
0.65055000 0.09057292
0.65050000 0.09058629
0.65045000 0.09059965
0.65040000 0.09061302
0.65035000 0.09062638
0.65030000 0.09063975
0.65025000 0.09065311
0.65020000 0.09066647
0.65015000 0.09067983
0.65010000 0.09069319
0.65005000 0.09070654
0.65000000 0.09071990
0.64995000 0.09073325
0.64990000 0.09074660
0.64985000 0.09075995
0.64980000 0.09077330
0.64975000 0.09078665
0.64970000 0.09079999
0.64965000 0.09081334
0.64960000 0.09082668
0.64955000 0.09084002
0.64950000 0.09085336
0.64945000 0.09086670
0.64940000 0.09088004
0.64935000 0.09089337
0.64930000 0.09090671
0.64925000 0.09092004
0.64920000 0.09093337
0.64915000 0.09094670
0.64910000 0.09096003
0.64905000 0.09097336
0.64900000 0.09098668
0.64895000 0.09100001
0.64890000 0.09101333
0.64885000 0.09102665
0.64880000 0.09103997
0.64875000 0.09105329
0.64870000 0.09106661
0.64865000 0.09107992
0.64860000 0.09109323
0.64855000 0.09110655
0.64850000 0.09111986
0.64845000 0.09113317
0.64840000 0.09114648
0.64835000 0.09115978
0.64830000 0.09117309
0.64825000 0.09118639
0.64820000 0.09119969
0.64815000 0.09121299
0.64810000 0.09122629
0.64805000 0.09123959
0.64800000 0.09125289
0.64795000 0.09126618
0.64790000 0.09127947
0.64785000 0.09129277
0.64780000 0.09130606
0.64775000 0.09131935
0.64770000 0.09133263
0.64765000 0.09134592
0.64760000 0.09135920
0.64755000 0.09137249
0.64750000 0.09138577
0.64745000 0.09139905
0.64740000 0.09141233
0.64735000 0.09142560
0.64730000 0.09143888
0.64725000 0.09145215
0.64720000 0.09146543
0.64715000 0.09147870
0.64710000 0.09149197
0.64705000 0.09150524
0.64700000 0.09151850
0.64695000 0.09153177
0.64690000 0.09154503
0.64685000 0.09155829
0.64680000 0.09157155
0.64675000 0.09158481
0.64670000 0.09159807
0.64665000 0.09161133
0.64660000 0.09162458
0.64655000 0.09163784
0.64650000 0.09165109
0.64645000 0.09166434
0.64640000 0.09167759
0.64635000 0.09169083
0.64630000 0.09170408
0.64625000 0.09171732
0.64620000 0.09173057
0.64615000 0.09174381
0.64610000 0.09175705
0.64605000 0.09177029
0.64600000 0.09178352
0.64595000 0.09179676
0.64590000 0.09180999
0.64585000 0.09182323
0.64580000 0.09183646
0.64575000 0.09184969
0.64570000 0.09186291
0.64565000 0.09187614
0.64560000 0.09188937
0.64555000 0.09190259
0.64550000 0.09191581
0.64545000 0.09192903
0.64540000 0.09194225
0.64535000 0.09195547
0.64530000 0.09196868
0.64525000 0.09198190
0.64520000 0.09199511
0.64515000 0.09200832
0.64510000 0.09202153
0.64505000 0.09203474
0.64500000 0.09204795
0.64495000 0.09206115
0.64490000 0.09207436
0.64485000 0.09208756
0.64480000 0.09210076
0.64475000 0.09211396
0.64470000 0.09212716
0.64465000 0.09214035
0.64460000 0.09215355
0.64455000 0.09216674
0.64450000 0.09217993
0.64445000 0.09219312
0.64440000 0.09220631
0.64435000 0.09221950
0.64430000 0.09223269
0.64425000 0.09224587
0.64420000 0.09225905
0.64415000 0.09227223
0.64410000 0.09228541
0.64405000 0.09229859
0.64400000 0.09231177
0.64395000 0.09232494
0.64390000 0.09233812
0.64385000 0.09235129
0.64380000 0.09236446
0.64375000 0.09237763
0.64370000 0.09239080
0.64365000 0.09240396
0.64360000 0.09241713
0.64355000 0.09243029
0.64350000 0.09244345
0.64345000 0.09245661
0.64340000 0.09246977
0.64335000 0.09248293
0.64330000 0.09249608
0.64325000 0.09250923
0.64320000 0.09252239
0.64315000 0.09253554
0.64310000 0.09254869
0.64305000 0.09256183
0.64300000 0.09257498
0.64295000 0.09258812
0.64290000 0.09260127
0.64285000 0.09261441
0.64280000 0.09262755
0.64275000 0.09264069
0.64270000 0.09265382
0.64265000 0.09266696
0.64260000 0.09268009
0.64255000 0.09269322
0.64250000 0.09270636
0.64245000 0.09271948
0.64240000 0.09273261
0.64235000 0.09274574
0.64230000 0.09275886
0.64225000 0.09277199
0.64220000 0.09278511
0.64215000 0.09279823
0.64210000 0.09281135
0.64205000 0.09282446
0.64200000 0.09283758
0.64195000 0.09285069
0.64190000 0.09286380
0.64185000 0.09287691
0.64180000 0.09289002
0.64175000 0.09290313
0.64170000 0.09291624
0.64165000 0.09292934
0.64160000 0.09294244
0.64155000 0.09295554
0.64150000 0.09296864
0.64145000 0.09298174
0.64140000 0.09299484
0.64135000 0.09300793
0.64130000 0.09302103
0.64125000 0.09303412
0.64120000 0.09304721
0.64115000 0.09306030
0.64110000 0.09307339
0.64105000 0.09308647
0.64100000 0.09309956
0.64095000 0.09311264
0.64090000 0.09312572
0.64085000 0.09313880
0.64080000 0.09315188
0.64075000 0.09316495
0.64070000 0.09317803
0.64065000 0.09319110
0.64060000 0.09320417
0.64055000 0.09321724
0.64050000 0.09323031
0.64045000 0.09324338
0.64040000 0.09325644
0.64035000 0.09326951
0.64030000 0.09328257
0.64025000 0.09329563
0.64020000 0.09330869
0.64015000 0.09332175
0.64010000 0.09333480
0.64005000 0.09334786
0.64000000 0.09336091
0.63995000 0.09337396
0.63990000 0.09338701
0.63985000 0.09340006
0.63980000 0.09341311
0.63975000 0.09342615
0.63970000 0.09343920
0.63965000 0.09345224
0.63960000 0.09346528
0.63955000 0.09347832
0.63950000 0.09349135
0.63945000 0.09350439
0.63940000 0.09351742
0.63935000 0.09353045
0.63930000 0.09354349
0.63925000 0.09355651
0.63920000 0.09356954
0.63915000 0.09358257
0.63910000 0.09359559
0.63905000 0.09360862
0.63900000 0.09362164
0.63895000 0.09363466
0.63890000 0.09364767
0.63885000 0.09366069
0.63880000 0.09367371
0.63875000 0.09368672
0.63870000 0.09369973
0.63865000 0.09371274
0.63860000 0.09372575
0.63855000 0.09373876
0.63850000 0.09375176
0.63845000 0.09376477
0.63840000 0.09377777
0.63835000 0.09379077
0.63830000 0.09380377
0.63825000 0.09381677
0.63820000 0.09382976
0.63815000 0.09384276
0.63810000 0.09385575
0.63805000 0.09386874
0.63800000 0.09388173
0.63795000 0.09389472
0.63790000 0.09390770
0.63785000 0.09392069
0.63780000 0.09393367
0.63775000 0.09394665
0.63770000 0.09395963
0.63765000 0.09397261
0.63760000 0.09398559
0.63755000 0.09399856
0.63750000 0.09401154
0.63745000 0.09402451
0.63740000 0.09403748
0.63735000 0.09405045
0.63730000 0.09406341
0.63725000 0.09407638
0.63720000 0.09408934
0.63715000 0.09410230
0.63710000 0.09411527
0.63705000 0.09412822
0.63700000 0.09414118
0.63695000 0.09415414
0.63690000 0.09416709
0.63685000 0.09418004
0.63680000 0.09419300
0.63675000 0.09420594
0.63670000 0.09421889
0.63665000 0.09423184
0.63660000 0.09424478
0.63655000 0.09425773
0.63650000 0.09427067
0.63645000 0.09428361
0.63640000 0.09429654
0.63635000 0.09430948
0.63630000 0.09432242
0.63625000 0.09433535
0.63620000 0.09434828
0.63615000 0.09436121
0.63610000 0.09437414
0.63605000 0.09438707
0.63600000 0.09439999
0.63595000 0.09441291
0.63590000 0.09442584
0.63585000 0.09443876
0.63580000 0.09445167
0.63575000 0.09446459
0.63570000 0.09447751
0.63565000 0.09449042
0.63560000 0.09450333
0.63555000 0.09451624
0.63550000 0.09452915
0.63545000 0.09454206
0.63540000 0.09455497
0.63535000 0.09456787
0.63530000 0.09458077
0.63525000 0.09459367
0.63520000 0.09460657
0.63515000 0.09461947
0.63510000 0.09463236
0.63505000 0.09464526
0.63500000 0.09465815
0.63495000 0.09467104
0.63490000 0.09468393
0.63485000 0.09469682
0.63480000 0.09470970
0.63475000 0.09472259
0.63470000 0.09473547
0.63465000 0.09474835
0.63460000 0.09476123
0.63455000 0.09477411
0.63450000 0.09478699
0.63445000 0.09479986
0.63440000 0.09481273
0.63435000 0.09482560
0.63430000 0.09483847
0.63425000 0.09485134
0.63420000 0.09486421
0.63415000 0.09487707
0.63410000 0.09488994
0.63405000 0.09490280
0.63400000 0.09491566
0.63395000 0.09492852
0.63390000 0.09494137
0.63385000 0.09495423
0.63380000 0.09496708
0.63375000 0.09497993
0.63370000 0.09499278
0.63365000 0.09500563
0.63360000 0.09501848
0.63355000 0.09503132
0.63350000 0.09504416
0.63345000 0.09505700
0.63340000 0.09506984
0.63335000 0.09508268
0.63330000 0.09509552
0.63325000 0.09510835
0.63320000 0.09512119
0.63315000 0.09513402
0.63310000 0.09514685
0.63305000 0.09515968
0.63300000 0.09517250
0.63295000 0.09518533
0.63290000 0.09519815
0.63285000 0.09521097
0.63280000 0.09522379
0.63275000 0.09523661
0.63270000 0.09524943
0.63265000 0.09526224
0.63260000 0.09527506
0.63255000 0.09528787
0.63250000 0.09530068
0.63245000 0.09531349
0.63240000 0.09532629
0.63235000 0.09533910
0.63230000 0.09535190
0.63225000 0.09536470
0.63220000 0.09537750
0.63215000 0.09539030
0.63210000 0.09540310
0.63205000 0.09541589
0.63200000 0.09542869
0.63195000 0.09544148
0.63190000 0.09545427
0.63185000 0.09546706
0.63180000 0.09547984
0.63175000 0.09549263
0.63170000 0.09550541
0.63165000 0.09551819
0.63160000 0.09553097
0.63155000 0.09554375
0.63150000 0.09555653
0.63145000 0.09556930
0.63140000 0.09558208
0.63135000 0.09559485
0.63130000 0.09560762
0.63125000 0.09562039
0.63120000 0.09563315
0.63115000 0.09564592
0.63110000 0.09565868
0.63105000 0.09567144
0.63100000 0.09568420
0.63095000 0.09569696
0.63090000 0.09570972
0.63085000 0.09572247
0.63080000 0.09573522
0.63075000 0.09574798
0.63070000 0.09576073
0.63065000 0.09577347
0.63060000 0.09578622
0.63055000 0.09579896
0.63050000 0.09581171
0.63045000 0.09582445
0.63040000 0.09583719
0.63035000 0.09584993
0.63030000 0.09586266
0.63025000 0.09587540
0.63020000 0.09588813
0.63015000 0.09590086
0.63010000 0.09591359
0.63005000 0.09592632
0.63000000 0.09593904
0.62995000 0.09595177
0.62990000 0.09596449
0.62985000 0.09597721
0.62980000 0.09598993
0.62975000 0.09600265
0.62970000 0.09601536
0.62965000 0.09602808
0.62960000 0.09604079
0.62955000 0.09605350
0.62950000 0.09606621
0.62945000 0.09607892
0.62940000 0.09609162
0.62935000 0.09610433
0.62930000 0.09611703
0.62925000 0.09612973
0.62920000 0.09614243
0.62915000 0.09615513
0.62910000 0.09616782
0.62905000 0.09618051
0.62900000 0.09619321
0.62895000 0.09620590
0.62890000 0.09621859
0.62885000 0.09623127
0.62880000 0.09624396
0.62875000 0.09625664
0.62870000 0.09626932
0.62865000 0.09628200
0.62860000 0.09629468
0.62855000 0.09630736
0.62850000 0.09632003
0.62845000 0.09633271
0.62840000 0.09634538
0.62835000 0.09635805
0.62830000 0.09637071
0.62825000 0.09638338
0.62820000 0.09639605
0.62815000 0.09640871
0.62810000 0.09642137
0.62805000 0.09643403
0.62800000 0.09644669
0.62795000 0.09645934
0.62790000 0.09647200
0.62785000 0.09648465
0.62780000 0.09649730
0.62775000 0.09650995
0.62770000 0.09652260
0.62765000 0.09653524
0.62760000 0.09654789
0.62755000 0.09656053
0.62750000 0.09657317
0.62745000 0.09658581
0.62740000 0.09659844
0.62735000 0.09661108
0.62730000 0.09662371
0.62725000 0.09663634
0.62720000 0.09664898
0.62715000 0.09666160
0.62710000 0.09667423
0.62705000 0.09668685
0.62700000 0.09669948
0.62695000 0.09671210
0.62690000 0.09672472
0.62685000 0.09673734
0.62680000 0.09674995
0.62675000 0.09676257
0.62670000 0.09677518
0.62665000 0.09678779
0.62660000 0.09680040
0.62655000 0.09681301
0.62650000 0.09682561
0.62645000 0.09683822
0.62640000 0.09685082
0.62635000 0.09686342
0.62630000 0.09687602
0.62625000 0.09688862
0.62620000 0.09690121
0.62615000 0.09691381
0.62610000 0.09692640
0.62605000 0.09693899
0.62600000 0.09695158
0.62595000 0.09696416
0.62590000 0.09697675
0.62585000 0.09698933
0.62580000 0.09700191
0.62575000 0.09701449
0.62570000 0.09702707
0.62565000 0.09703965
0.62560000 0.09705222
0.62555000 0.09706479
0.62550000 0.09707736
0.62545000 0.09708993
0.62540000 0.09710250
0.62535000 0.09711507
0.62530000 0.09712763
0.62525000 0.09714019
0.62520000 0.09715275
0.62515000 0.09716531
0.62510000 0.09717787
0.62505000 0.09719042
0.62500000 0.09720298
0.62495000 0.09721553
0.62490000 0.09722808
0.62485000 0.09724063
0.62480000 0.09725317
0.62475000 0.09726572
0.62470000 0.09727826
0.62465000 0.09729080
0.62460000 0.09730334
0.62455000 0.09731588
0.62450000 0.09732842
0.62445000 0.09734095
0.62440000 0.09735348
0.62435000 0.09736601
0.62430000 0.09737854
0.62425000 0.09739107
0.62420000 0.09740359
0.62415000 0.09741612
0.62410000 0.09742864
0.62405000 0.09744116
0.62400000 0.09745368
0.62395000 0.09746619
0.62390000 0.09747871
0.62385000 0.09749122
0.62380000 0.09750373
0.62375000 0.09751624
0.62370000 0.09752875
0.62365000 0.09754125
0.62360000 0.09755376
0.62355000 0.09756626
0.62350000 0.09757876
0.62345000 0.09759126
0.62340000 0.09760376
0.62335000 0.09761625
0.62330000 0.09762874
0.62325000 0.09764124
0.62320000 0.09765373
0.62315000 0.09766621
0.62310000 0.09767870
0.62305000 0.09769119
0.62300000 0.09770367
0.62295000 0.09771615
0.62290000 0.09772863
0.62285000 0.09774111
0.62280000 0.09775358
0.62275000 0.09776605
0.62270000 0.09777853
0.62265000 0.09779100
0.62260000 0.09780347
0.62255000 0.09781593
0.62250000 0.09782840
0.62245000 0.09784086
0.62240000 0.09785332
0.62235000 0.09786578
0.62230000 0.09787824
0.62225000 0.09789069
0.62220000 0.09790315
0.62215000 0.09791560
0.62210000 0.09792805
0.62205000 0.09794050
0.62200000 0.09795295
0.62195000 0.09796539
0.62190000 0.09797784
0.62185000 0.09799028
0.62180000 0.09800272
0.62175000 0.09801516
0.62170000 0.09802759
0.62165000 0.09804003
0.62160000 0.09805246
0.62155000 0.09806489
0.62150000 0.09807732
0.62145000 0.09808975
0.62140000 0.09810217
0.62135000 0.09811460
0.62130000 0.09812702
0.62125000 0.09813944
0.62120000 0.09815186
0.62115000 0.09816427
0.62110000 0.09817669
0.62105000 0.09818910
0.62100000 0.09820151
0.62095000 0.09821392
0.62090000 0.09822633
0.62085000 0.09823873
0.62080000 0.09825114
0.62075000 0.09826354
0.62070000 0.09827594
0.62065000 0.09828834
0.62060000 0.09830073
0.62055000 0.09831313
0.62050000 0.09832552
0.62045000 0.09833791
0.62040000 0.09835030
0.62035000 0.09836269
0.62030000 0.09837508
0.62025000 0.09838746
0.62020000 0.09839984
0.62015000 0.09841222
0.62010000 0.09842460
0.62005000 0.09843698
0.62000000 0.09844935
0.61995000 0.09846172
0.61990000 0.09847410
0.61985000 0.09848647
0.61980000 0.09849883
0.61975000 0.09851120
0.61970000 0.09852356
0.61965000 0.09853593
0.61960000 0.09854829
0.61955000 0.09856064
0.61950000 0.09857300
0.61945000 0.09858536
0.61940000 0.09859771
0.61935000 0.09861006
0.61930000 0.09862241
0.61925000 0.09863476
0.61920000 0.09864710
0.61915000 0.09865945
0.61910000 0.09867179
0.61905000 0.09868413
0.61900000 0.09869647
0.61895000 0.09870880
0.61890000 0.09872114
0.61885000 0.09873347
0.61880000 0.09874580
0.61875000 0.09875813
0.61870000 0.09877046
0.61865000 0.09878279
0.61860000 0.09879511
0.61855000 0.09880743
0.61850000 0.09881975
0.61845000 0.09883207
0.61840000 0.09884439
0.61835000 0.09885670
0.61830000 0.09886901
0.61825000 0.09888132
0.61820000 0.09889363
0.61815000 0.09890594
0.61810000 0.09891825
0.61805000 0.09893055
0.61800000 0.09894285
0.61795000 0.09895515
0.61790000 0.09896745
0.61785000 0.09897975
0.61780000 0.09899204
0.61775000 0.09900433
0.61770000 0.09901662
0.61765000 0.09902891
0.61760000 0.09904120
0.61755000 0.09905349
0.61750000 0.09906577
0.61745000 0.09907805
0.61740000 0.09909033
0.61735000 0.09910261
0.61730000 0.09911488
0.61725000 0.09912716
0.61720000 0.09913943
0.61715000 0.09915170
0.61710000 0.09916397
0.61705000 0.09917624
0.61700000 0.09918850
0.61695000 0.09920077
0.61690000 0.09921303
0.61685000 0.09922529
0.61680000 0.09923754
0.61675000 0.09924980
0.61670000 0.09926205
0.61665000 0.09927430
0.61660000 0.09928655
0.61655000 0.09929880
0.61650000 0.09931105
0.61645000 0.09932329
0.61640000 0.09933554
0.61635000 0.09934778
0.61630000 0.09936002
0.61625000 0.09937225
0.61620000 0.09938449
0.61615000 0.09939672
0.61610000 0.09940895
0.61605000 0.09942118
0.61600000 0.09943341
0.61595000 0.09944564
0.61590000 0.09945786
0.61585000 0.09947008
0.61580000 0.09948230
0.61575000 0.09949452
0.61570000 0.09950674
0.61565000 0.09951895
0.61560000 0.09953117
0.61555000 0.09954338
0.61550000 0.09955559
0.61545000 0.09956779
0.61540000 0.09958000
0.61535000 0.09959220
0.61530000 0.09960441
0.61525000 0.09961661
0.61520000 0.09962880
0.61515000 0.09964100
0.61510000 0.09965319
0.61505000 0.09966539
0.61500000 0.09967758
0.61495000 0.09968977
0.61490000 0.09970195
0.61485000 0.09971414
0.61480000 0.09972632
0.61475000 0.09973850
0.61470000 0.09975068
0.61465000 0.09976286
0.61460000 0.09977503
0.61455000 0.09978721
0.61450000 0.09979938
0.61445000 0.09981155
0.61440000 0.09982372
0.61435000 0.09983588
0.61430000 0.09984805
0.61425000 0.09986021
0.61420000 0.09987237
0.61415000 0.09988453
0.61410000 0.09989669
0.61405000 0.09990884
0.61400000 0.09992099
0.61395000 0.09993314
0.61390000 0.09994529
0.61385000 0.09995744
0.61380000 0.09996959
0.61375000 0.09998173
0.61370000 0.09999387
0.61365000 0.10000601
0.61360000 0.10001815
0.61355000 0.10003028
0.61350000 0.10004242
0.61345000 0.10005455
0.61340000 0.10006668
0.61335000 0.10007881
0.61330000 0.10009094
0.61325000 0.10010306
0.61320000 0.10011518
0.61315000 0.10012730
0.61310000 0.10013942
0.61305000 0.10015154
0.61300000 0.10016366
0.61295000 0.10017577
0.61290000 0.10018788
0.61285000 0.10019999
0.61280000 0.10021210
0.61275000 0.10022420
0.61270000 0.10023631
0.61265000 0.10024841
0.61260000 0.10026051
0.61255000 0.10027261
0.61250000 0.10028470
0.61245000 0.10029680
0.61240000 0.10030889
0.61235000 0.10032098
0.61230000 0.10033307
0.61225000 0.10034516
0.61220000 0.10035724
0.61215000 0.10036932
0.61210000 0.10038140
0.61205000 0.10039348
0.61200000 0.10040556
0.61195000 0.10041764
0.61190000 0.10042971
0.61185000 0.10044178
0.61180000 0.10045385
0.61175000 0.10046592
0.61170000 0.10047798
0.61165000 0.10049005
0.61160000 0.10050211
0.61155000 0.10051417
0.61150000 0.10052623
0.61145000 0.10053828
0.61140000 0.10055034
0.61135000 0.10056239
0.61130000 0.10057444
0.61125000 0.10058649
0.61120000 0.10059853
0.61115000 0.10061058
0.61110000 0.10062262
0.61105000 0.10063466
0.61100000 0.10064670
0.61095000 0.10065874
0.61090000 0.10067077
0.61085000 0.10068281
0.61080000 0.10069484
0.61075000 0.10070687
0.61070000 0.10071889
0.61065000 0.10073092
0.61060000 0.10074294
0.61055000 0.10075497
0.61050000 0.10076698
0.61045000 0.10077900
0.61040000 0.10079102
0.61035000 0.10080303
0.61030000 0.10081504
0.61025000 0.10082705
0.61020000 0.10083906
0.61015000 0.10085107
0.61010000 0.10086307
0.61005000 0.10087508
0.61000000 0.10088708
0.60995000 0.10089907
0.60990000 0.10091107
0.60985000 0.10092307
0.60980000 0.10093506
0.60975000 0.10094705
0.60970000 0.10095904
0.60965000 0.10097103
0.60960000 0.10098301
0.60955000 0.10099499
0.60950000 0.10100697
0.60945000 0.10101895
0.60940000 0.10103093
0.60935000 0.10104291
0.60930000 0.10105488
0.60925000 0.10106685
0.60920000 0.10107882
0.60915000 0.10109079
0.60910000 0.10110275
0.60905000 0.10111472
0.60900000 0.10112668
0.60895000 0.10113864
0.60890000 0.10115060
0.60885000 0.10116255
0.60880000 0.10117451
0.60875000 0.10118646
0.60870000 0.10119841
0.60865000 0.10121036
0.60860000 0.10122230
0.60855000 0.10123425
0.60850000 0.10124619
0.60845000 0.10125813
0.60840000 0.10127007
0.60835000 0.10128200
0.60830000 0.10129394
0.60825000 0.10130587
0.60820000 0.10131780
0.60815000 0.10132973
0.60810000 0.10134166
0.60805000 0.10135358
0.60800000 0.10136551
0.60795000 0.10137743
0.60790000 0.10138935
0.60785000 0.10140126
0.60780000 0.10141318
0.60775000 0.10142509
0.60770000 0.10143700
0.60765000 0.10144891
0.60760000 0.10146082
0.60755000 0.10147272
0.60750000 0.10148463
0.60745000 0.10149653
0.60740000 0.10150843
0.60735000 0.10152032
0.60730000 0.10153222
0.60725000 0.10154411
0.60720000 0.10155601
0.60715000 0.10156789
0.60710000 0.10157978
0.60705000 0.10159167
0.60700000 0.10160355
0.60695000 0.10161543
0.60690000 0.10162731
0.60685000 0.10163919
0.60680000 0.10165107
0.60675000 0.10166294
0.60670000 0.10167481
0.60665000 0.10168668
0.60660000 0.10169855
0.60655000 0.10171042
0.60650000 0.10172228
0.60645000 0.10173414
0.60640000 0.10174600
0.60635000 0.10175786
0.60630000 0.10176972
0.60625000 0.10178157
0.60620000 0.10179342
0.60615000 0.10180527
0.60610000 0.10181712
0.60605000 0.10182897
0.60600000 0.10184081
0.60595000 0.10185266
0.60590000 0.10186450
0.60585000 0.10187633
0.60580000 0.10188817
0.60575000 0.10190001
0.60570000 0.10191184
0.60565000 0.10192367
0.60560000 0.10193550
0.60555000 0.10194732
0.60550000 0.10195915
0.60545000 0.10197097
0.60540000 0.10198279
0.60535000 0.10199461
0.60530000 0.10200643
0.60525000 0.10201824
0.60520000 0.10203005
0.60515000 0.10204186
0.60510000 0.10205367
0.60505000 0.10206548
0.60500000 0.10207729
0.60495000 0.10208909
0.60490000 0.10210089
0.60485000 0.10211269
0.60480000 0.10212448
0.60475000 0.10213628
0.60470000 0.10214807
0.60465000 0.10215986
0.60460000 0.10217165
0.60455000 0.10218344
0.60450000 0.10219522
0.60445000 0.10220701
0.60440000 0.10221879
0.60435000 0.10223057
0.60430000 0.10224234
0.60425000 0.10225412
0.60420000 0.10226589
0.60415000 0.10227766
0.60410000 0.10228943
0.60405000 0.10230120
0.60400000 0.10231296
0.60395000 0.10232473
0.60390000 0.10233649
0.60385000 0.10234825
0.60380000 0.10236000
0.60375000 0.10237176
0.60370000 0.10238351
0.60365000 0.10239526
0.60360000 0.10240701
0.60355000 0.10241876
0.60350000 0.10243050
0.60345000 0.10244225
0.60340000 0.10245399
0.60335000 0.10246573
0.60330000 0.10247746
0.60325000 0.10248920
0.60320000 0.10250093
0.60315000 0.10251266
0.60310000 0.10252439
0.60305000 0.10253612
0.60300000 0.10254784
0.60295000 0.10255957
0.60290000 0.10257129
0.60285000 0.10258301
0.60280000 0.10259472
0.60275000 0.10260644
0.60270000 0.10261815
0.60265000 0.10262986
0.60260000 0.10264157
0.60255000 0.10265328
0.60250000 0.10266498
0.60245000 0.10267669
0.60240000 0.10268839
0.60235000 0.10270009
0.60230000 0.10271178
0.60225000 0.10272348
0.60220000 0.10273517
0.60215000 0.10274686
0.60210000 0.10275855
0.60205000 0.10277024
0.60200000 0.10278192
0.60195000 0.10279360
0.60190000 0.10280528
0.60185000 0.10281696
0.60180000 0.10282864
0.60175000 0.10284031
0.60170000 0.10285199
0.60165000 0.10286366
0.60160000 0.10287533
0.60155000 0.10288699
0.60150000 0.10289866
0.60145000 0.10291032
0.60140000 0.10292198
0.60135000 0.10293364
0.60130000 0.10294530
0.60125000 0.10295695
0.60120000 0.10296860
0.60115000 0.10298025
0.60110000 0.10299190
0.60105000 0.10300355
0.60100000 0.10301519
0.60095000 0.10302683
0.60090000 0.10303847
0.60085000 0.10305011
0.60080000 0.10306175
0.60075000 0.10307338
0.60070000 0.10308502
0.60065000 0.10309665
0.60060000 0.10310827
0.60055000 0.10311990
0.60050000 0.10313152
0.60045000 0.10314315
0.60040000 0.10315477
0.60035000 0.10316638
0.60030000 0.10317800
0.60025000 0.10318961
0.60020000 0.10320123
0.60015000 0.10321284
0.60010000 0.10322444
0.60005000 0.10323605
0.60000000 0.10324765
0.59995000 0.10325925
0.59990000 0.10327085
0.59985000 0.10328245
0.59980000 0.10329405
0.59975000 0.10330564
0.59970000 0.10331723
0.59965000 0.10332882
0.59960000 0.10334041
0.59955000 0.10335199
0.59950000 0.10336358
0.59945000 0.10337516
0.59940000 0.10338674
0.59935000 0.10339831
0.59930000 0.10340989
0.59925000 0.10342146
0.59920000 0.10343303
0.59915000 0.10344460
0.59910000 0.10345617
0.59905000 0.10346773
0.59900000 0.10347930
0.59895000 0.10349086
0.59890000 0.10350242
0.59885000 0.10351397
0.59880000 0.10352553
0.59875000 0.10353708
0.59870000 0.10354863
0.59865000 0.10356018
0.59860000 0.10357173
0.59855000 0.10358327
0.59850000 0.10359481
0.59845000 0.10360635
0.59840000 0.10361789
0.59835000 0.10362943
0.59830000 0.10364096
0.59825000 0.10365249
0.59820000 0.10366402
0.59815000 0.10367555
0.59810000 0.10368708
0.59805000 0.10369860
0.59800000 0.10371012
0.59795000 0.10372164
0.59790000 0.10373316
0.59785000 0.10374468
0.59780000 0.10375619
0.59775000 0.10376770
0.59770000 0.10377921
0.59765000 0.10379072
0.59760000 0.10380222
0.59755000 0.10381373
0.59750000 0.10382523
0.59745000 0.10383673
0.59740000 0.10384822
0.59735000 0.10385972
0.59730000 0.10387121
0.59725000 0.10388270
0.59720000 0.10389419
0.59715000 0.10390568
0.59710000 0.10391716
0.59705000 0.10392864
0.59700000 0.10394012
0.59695000 0.10395160
0.59690000 0.10396308
0.59685000 0.10397455
0.59680000 0.10398603
0.59675000 0.10399750
0.59670000 0.10400896
0.59665000 0.10402043
0.59660000 0.10403189
0.59655000 0.10404336
0.59650000 0.10405481
0.59645000 0.10406627
0.59640000 0.10407773
0.59635000 0.10408918
0.59630000 0.10410063
0.59625000 0.10411208
0.59620000 0.10412353
0.59615000 0.10413497
0.59610000 0.10414642
0.59605000 0.10415786
0.59600000 0.10416930
0.59595000 0.10418073
0.59590000 0.10419217
0.59585000 0.10420360
0.59580000 0.10421503
0.59575000 0.10422646
0.59570000 0.10423789
0.59565000 0.10424931
0.59560000 0.10426073
0.59555000 0.10427215
0.59550000 0.10428357
0.59545000 0.10429499
0.59540000 0.10430640
0.59535000 0.10431781
0.59530000 0.10432922
0.59525000 0.10434063
0.59520000 0.10435204
0.59515000 0.10436344
0.59510000 0.10437484
0.59505000 0.10438624
0.59500000 0.10439764
0.59495000 0.10440903
0.59490000 0.10442043
0.59485000 0.10443182
0.59480000 0.10444321
0.59475000 0.10445459
0.59470000 0.10446598
0.59465000 0.10447736
0.59460000 0.10448874
0.59455000 0.10450012
0.59450000 0.10451150
0.59445000 0.10452287
0.59440000 0.10453424
0.59435000 0.10454561
0.59430000 0.10455698
0.59425000 0.10456835
0.59420000 0.10457971
0.59415000 0.10459107
0.59410000 0.10460243
0.59405000 0.10461379
0.59400000 0.10462515
0.59395000 0.10463650
0.59390000 0.10464785
0.59385000 0.10465920
0.59380000 0.10467055
0.59375000 0.10468189
0.59370000 0.10469323
0.59365000 0.10470457
0.59360000 0.10471591
0.59355000 0.10472725
0.59350000 0.10473858
0.59345000 0.10474992
0.59340000 0.10476125
0.59335000 0.10477257
0.59330000 0.10478390
0.59325000 0.10479522
0.59320000 0.10480654
0.59315000 0.10481786
0.59310000 0.10482918
0.59305000 0.10484050
0.59300000 0.10485181
0.59295000 0.10486312
0.59290000 0.10487443
0.59285000 0.10488574
0.59280000 0.10489704
0.59275000 0.10490834
0.59270000 0.10491965
0.59265000 0.10493094
0.59260000 0.10494224
0.59255000 0.10495353
0.59250000 0.10496483
0.59245000 0.10497612
0.59240000 0.10498740
0.59235000 0.10499869
0.59230000 0.10500997
0.59225000 0.10502125
0.59220000 0.10503253
0.59215000 0.10504381
0.59210000 0.10505509
0.59205000 0.10506636
0.59200000 0.10507763
0.59195000 0.10508890
0.59190000 0.10510017
0.59185000 0.10511143
0.59180000 0.10512269
0.59175000 0.10513395
0.59170000 0.10514521
0.59165000 0.10515647
0.59160000 0.10516772
0.59155000 0.10517897
0.59150000 0.10519022
0.59145000 0.10520147
0.59140000 0.10521272
0.59135000 0.10522396
0.59130000 0.10523520
0.59125000 0.10524644
0.59120000 0.10525768
0.59115000 0.10526891
0.59110000 0.10528014
0.59105000 0.10529137
0.59100000 0.10530260
0.59095000 0.10531383
0.59090000 0.10532505
0.59085000 0.10533628
0.59080000 0.10534749
0.59075000 0.10535871
0.59070000 0.10536993
0.59065000 0.10538114
0.59060000 0.10539235
0.59055000 0.10540356
0.59050000 0.10541477
0.59045000 0.10542597
0.59040000 0.10543718
0.59035000 0.10544838
0.59030000 0.10545958
0.59025000 0.10547077
0.59020000 0.10548197
0.59015000 0.10549316
0.59010000 0.10550435
0.59005000 0.10551554
0.59000000 0.10552672
0.58995000 0.10553791
0.58990000 0.10554909
0.58985000 0.10556027
0.58980000 0.10557144
0.58975000 0.10558262
0.58970000 0.10559379
0.58965000 0.10560496
0.58960000 0.10561613
0.58955000 0.10562730
0.58950000 0.10563846
0.58945000 0.10564962
0.58940000 0.10566078
0.58935000 0.10567194
0.58930000 0.10568310
0.58925000 0.10569425
0.58920000 0.10570540
0.58915000 0.10571655
0.58910000 0.10572770
0.58905000 0.10573884
0.58900000 0.10574998
0.58895000 0.10576113
0.58890000 0.10577226
0.58885000 0.10578340
0.58880000 0.10579453
0.58875000 0.10580567
0.58870000 0.10581680
0.58865000 0.10582792
0.58860000 0.10583905
0.58855000 0.10585017
0.58850000 0.10586129
0.58845000 0.10587241
0.58840000 0.10588353
0.58835000 0.10589464
0.58830000 0.10590576
0.58825000 0.10591687
0.58820000 0.10592798
0.58815000 0.10593908
0.58810000 0.10595019
0.58805000 0.10596129
0.58800000 0.10597239
0.58795000 0.10598348
0.58790000 0.10599458
0.58785000 0.10600567
0.58780000 0.10601676
0.58775000 0.10602785
0.58770000 0.10603894
0.58765000 0.10605002
0.58760000 0.10606111
0.58755000 0.10607219
0.58750000 0.10608326
0.58745000 0.10609434
0.58740000 0.10610541
0.58735000 0.10611648
0.58730000 0.10612755
0.58725000 0.10613862
0.58720000 0.10614969
0.58715000 0.10616075
0.58710000 0.10617181
0.58705000 0.10618287
0.58700000 0.10619392
0.58695000 0.10620498
0.58690000 0.10621603
0.58685000 0.10622708
0.58680000 0.10623813
0.58675000 0.10624917
0.58670000 0.10626022
0.58665000 0.10627126
0.58660000 0.10628230
0.58655000 0.10629333
0.58650000 0.10630437
0.58645000 0.10631540
0.58640000 0.10632643
0.58635000 0.10633746
0.58630000 0.10634848
0.58625000 0.10635951
0.58620000 0.10637053
0.58615000 0.10638155
0.58610000 0.10639257
0.58605000 0.10640358
0.58600000 0.10641459
0.58595000 0.10642560
0.58590000 0.10643661
0.58585000 0.10644762
0.58580000 0.10645862
0.58575000 0.10646962
0.58570000 0.10648062
0.58565000 0.10649162
0.58560000 0.10650262
0.58555000 0.10651361
0.58550000 0.10652460
0.58545000 0.10653559
0.58540000 0.10654658
0.58535000 0.10655756
0.58530000 0.10656854
0.58525000 0.10657952
0.58520000 0.10659050
0.58515000 0.10660148
0.58510000 0.10661245
0.58505000 0.10662342
0.58500000 0.10663439
0.58495000 0.10664536
0.58490000 0.10665632
0.58485000 0.10666728
0.58480000 0.10667824
0.58475000 0.10668920
0.58470000 0.10670016
0.58465000 0.10671111
0.58460000 0.10672206
0.58455000 0.10673301
0.58450000 0.10674396
0.58445000 0.10675490
0.58440000 0.10676585
0.58435000 0.10677679
0.58430000 0.10678772
0.58425000 0.10679866
0.58420000 0.10680959
0.58415000 0.10682053
0.58410000 0.10683146
0.58405000 0.10684238
0.58400000 0.10685331
0.58395000 0.10686423
0.58390000 0.10687515
0.58385000 0.10688607
0.58380000 0.10689699
0.58375000 0.10690790
0.58370000 0.10691881
0.58365000 0.10692972
0.58360000 0.10694063
0.58355000 0.10695153
0.58350000 0.10696244
0.58345000 0.10697334
0.58340000 0.10698424
0.58335000 0.10699513
0.58330000 0.10700603
0.58325000 0.10701692
0.58320000 0.10702781
0.58315000 0.10703870
0.58310000 0.10704958
0.58305000 0.10706047
0.58300000 0.10707135
0.58295000 0.10708223
0.58290000 0.10709310
0.58285000 0.10710398
0.58280000 0.10711485
0.58275000 0.10712572
0.58270000 0.10713659
0.58265000 0.10714745
0.58260000 0.10715832
0.58255000 0.10716918
0.58250000 0.10718004
0.58245000 0.10719089
0.58240000 0.10720175
0.58235000 0.10721260
0.58230000 0.10722345
0.58225000 0.10723430
0.58220000 0.10724514
0.58215000 0.10725598
0.58210000 0.10726683
0.58205000 0.10727766
0.58200000 0.10728850
0.58195000 0.10729934
0.58190000 0.10731017
0.58185000 0.10732100
0.58180000 0.10733183
0.58175000 0.10734265
0.58170000 0.10735347
0.58165000 0.10736430
0.58160000 0.10737511
0.58155000 0.10738593
0.58150000 0.10739675
0.58145000 0.10740756
0.58140000 0.10741837
0.58135000 0.10742918
0.58130000 0.10743998
0.58125000 0.10745078
0.58120000 0.10746159
0.58115000 0.10747238
0.58110000 0.10748318
0.58105000 0.10749398
0.58100000 0.10750477
0.58095000 0.10751556
0.58090000 0.10752635
0.58085000 0.10753713
0.58080000 0.10754791
0.58075000 0.10755870
0.58070000 0.10756947
0.58065000 0.10758025
0.58060000 0.10759102
0.58055000 0.10760180
0.58050000 0.10761257
0.58045000 0.10762333
0.58040000 0.10763410
0.58035000 0.10764486
0.58030000 0.10765562
0.58025000 0.10766638
0.58020000 0.10767714
0.58015000 0.10768789
0.58010000 0.10769865
0.58005000 0.10770939
0.58000000 0.10772014
0.57995000 0.10773089
0.57990000 0.10774163
0.57985000 0.10775237
0.57980000 0.10776311
0.57975000 0.10777385
0.57970000 0.10778458
0.57965000 0.10779531
0.57960000 0.10780604
0.57955000 0.10781677
0.57950000 0.10782749
0.57945000 0.10783822
0.57940000 0.10784894
0.57935000 0.10785966
0.57930000 0.10787037
0.57925000 0.10788109
0.57920000 0.10789180
0.57915000 0.10790251
0.57910000 0.10791321
0.57905000 0.10792392
0.57900000 0.10793462
0.57895000 0.10794532
0.57890000 0.10795602
0.57885000 0.10796672
0.57880000 0.10797741
0.57875000 0.10798810
0.57870000 0.10799879
0.57865000 0.10800948
0.57860000 0.10802016
0.57855000 0.10803084
0.57850000 0.10804152
0.57845000 0.10805220
0.57840000 0.10806288
0.57835000 0.10807355
0.57830000 0.10808422
0.57825000 0.10809489
0.57820000 0.10810556
0.57815000 0.10811622
0.57810000 0.10812688
0.57805000 0.10813754
0.57800000 0.10814820
0.57795000 0.10815885
0.57790000 0.10816951
0.57785000 0.10818016
0.57780000 0.10819081
0.57775000 0.10820145
0.57770000 0.10821210
0.57765000 0.10822274
0.57760000 0.10823338
0.57755000 0.10824402
0.57750000 0.10825465
0.57745000 0.10826528
0.57740000 0.10827591
0.57735000 0.10828654
0.57730000 0.10829717
0.57725000 0.10830779
0.57720000 0.10831841
0.57715000 0.10832903
0.57710000 0.10833965
0.57705000 0.10835026
0.57700000 0.10836087
0.57695000 0.10837148
0.57690000 0.10838209
0.57685000 0.10839270
0.57680000 0.10840330
0.57675000 0.10841390
0.57670000 0.10842450
0.57665000 0.10843510
0.57660000 0.10844569
0.57655000 0.10845628
0.57650000 0.10846687
0.57645000 0.10847746
0.57640000 0.10848804
0.57635000 0.10849863
0.57630000 0.10850921
0.57625000 0.10851979
0.57620000 0.10853036
0.57615000 0.10854094
0.57610000 0.10855151
0.57605000 0.10856208
0.57600000 0.10857264
0.57595000 0.10858321
0.57590000 0.10859377
0.57585000 0.10860433
0.57580000 0.10861489
0.57575000 0.10862544
0.57570000 0.10863600
0.57565000 0.10864655
0.57560000 0.10865710
0.57555000 0.10866764
0.57550000 0.10867819
0.57545000 0.10868873
0.57540000 0.10869927
0.57535000 0.10870980
0.57530000 0.10872034
0.57525000 0.10873087
0.57520000 0.10874140
0.57515000 0.10875193
0.57510000 0.10876246
0.57505000 0.10877298
0.57500000 0.10878350
0.57495000 0.10879402
0.57490000 0.10880454
0.57485000 0.10881505
0.57480000 0.10882556
0.57475000 0.10883607
0.57470000 0.10884658
0.57465000 0.10885708
0.57460000 0.10886759
0.57455000 0.10887809
0.57450000 0.10888859
0.57445000 0.10889908
0.57440000 0.10890958
0.57435000 0.10892007
0.57430000 0.10893056
0.57425000 0.10894104
0.57420000 0.10895153
0.57415000 0.10896201
0.57410000 0.10897249
0.57405000 0.10898297
0.57400000 0.10899344
0.57395000 0.10900392
0.57390000 0.10901439
0.57385000 0.10902486
0.57380000 0.10903532
0.57375000 0.10904579
0.57370000 0.10905625
0.57365000 0.10906671
0.57360000 0.10907716
0.57355000 0.10908762
0.57350000 0.10909807
0.57345000 0.10910852
0.57340000 0.10911897
0.57335000 0.10912941
0.57330000 0.10913986
0.57325000 0.10915030
0.57320000 0.10916074
0.57315000 0.10917117
0.57310000 0.10918161
0.57305000 0.10919204
0.57300000 0.10920247
0.57295000 0.10921289
0.57290000 0.10922332
0.57285000 0.10923374
0.57280000 0.10924416
0.57275000 0.10925458
0.57270000 0.10926499
0.57265000 0.10927541
0.57260000 0.10928582
0.57255000 0.10929623
0.57250000 0.10930663
0.57245000 0.10931704
0.57240000 0.10932744
0.57235000 0.10933784
0.57230000 0.10934824
0.57225000 0.10935863
0.57220000 0.10936902
0.57215000 0.10937941
0.57210000 0.10938980
0.57205000 0.10940019
0.57200000 0.10941057
0.57195000 0.10942095
0.57190000 0.10943133
0.57185000 0.10944171
0.57180000 0.10945208
0.57175000 0.10946245
0.57170000 0.10947282
0.57165000 0.10948319
0.57160000 0.10949355
0.57155000 0.10950391
0.57150000 0.10951427
0.57145000 0.10952463
0.57140000 0.10953499
0.57135000 0.10954534
0.57130000 0.10955569
0.57125000 0.10956604
0.57120000 0.10957639
0.57115000 0.10958673
0.57110000 0.10959707
0.57105000 0.10960741
0.57100000 0.10961775
0.57095000 0.10962808
0.57090000 0.10963841
0.57085000 0.10964874
0.57080000 0.10965907
0.57075000 0.10966940
0.57070000 0.10967972
0.57065000 0.10969004
0.57060000 0.10970036
0.57055000 0.10971067
0.57050000 0.10972099
0.57045000 0.10973130
0.57040000 0.10974161
0.57035000 0.10975191
0.57030000 0.10976222
0.57025000 0.10977252
0.57020000 0.10978282
0.57015000 0.10979312
0.57010000 0.10980341
0.57005000 0.10981370
0.57000000 0.10982399
0.56995000 0.10983428
0.56990000 0.10984457
0.56985000 0.10985485
0.56980000 0.10986513
0.56975000 0.10987541
0.56970000 0.10988569
0.56965000 0.10989596
0.56960000 0.10990623
0.56955000 0.10991650
0.56950000 0.10992677
0.56945000 0.10993703
0.56940000 0.10994730
0.56935000 0.10995755
0.56930000 0.10996781
0.56925000 0.10997807
0.56920000 0.10998832
0.56915000 0.10999857
0.56910000 0.11000882
0.56905000 0.11001907
0.56900000 0.11002931
0.56895000 0.11003955
0.56890000 0.11004979
0.56885000 0.11006003
0.56880000 0.11007026
0.56875000 0.11008049
0.56870000 0.11009072
0.56865000 0.11010095
0.56860000 0.11011117
0.56855000 0.11012140
0.56850000 0.11013162
0.56845000 0.11014183
0.56840000 0.11015205
0.56835000 0.11016226
0.56830000 0.11017247
0.56825000 0.11018268
0.56820000 0.11019289
0.56815000 0.11020309
0.56810000 0.11021329
0.56805000 0.11022349
0.56800000 0.11023369
0.56795000 0.11024388
0.56790000 0.11025407
0.56785000 0.11026426
0.56780000 0.11027445
0.56775000 0.11028464
0.56770000 0.11029482
0.56765000 0.11030500
0.56760000 0.11031518
0.56755000 0.11032535
0.56750000 0.11033552
0.56745000 0.11034570
0.56740000 0.11035586
0.56735000 0.11036603
0.56730000 0.11037619
0.56725000 0.11038635
0.56720000 0.11039651
0.56715000 0.11040667
0.56710000 0.11041682
0.56705000 0.11042698
0.56700000 0.11043713
0.56695000 0.11044727
0.56690000 0.11045742
0.56685000 0.11046756
0.56680000 0.11047770
0.56675000 0.11048784
0.56670000 0.11049797
0.56665000 0.11050811
0.56660000 0.11051824
0.56655000 0.11052837
0.56650000 0.11053849
0.56645000 0.11054862
0.56640000 0.11055874
0.56635000 0.11056886
0.56630000 0.11057897
0.56625000 0.11058909
0.56620000 0.11059920
0.56615000 0.11060931
0.56610000 0.11061941
0.56605000 0.11062952
0.56600000 0.11063962
0.56595000 0.11064972
0.56590000 0.11065982
0.56585000 0.11066991
0.56580000 0.11068001
0.56575000 0.11069010
0.56570000 0.11070019
0.56565000 0.11071027
0.56560000 0.11072035
0.56555000 0.11073044
0.56550000 0.11074051
0.56545000 0.11075059
0.56540000 0.11076066
0.56535000 0.11077074
0.56530000 0.11078081
0.56525000 0.11079087
0.56520000 0.11080094
0.56515000 0.11081100
0.56510000 0.11082106
0.56505000 0.11083112
0.56500000 0.11084117
0.56495000 0.11085122
0.56490000 0.11086127
0.56485000 0.11087132
0.56480000 0.11088137
0.56475000 0.11089141
0.56470000 0.11090145
0.56465000 0.11091149
0.56460000 0.11092152
0.56455000 0.11093156
0.56450000 0.11094159
0.56445000 0.11095162
0.56440000 0.11096164
0.56435000 0.11097167
0.56430000 0.11098169
0.56425000 0.11099171
0.56420000 0.11100172
0.56415000 0.11101174
0.56410000 0.11102175
0.56405000 0.11103176
0.56400000 0.11104177
0.56395000 0.11105177
0.56390000 0.11106178
0.56385000 0.11107178
0.56380000 0.11108177
0.56375000 0.11109177
0.56370000 0.11110176
0.56365000 0.11111175
0.56360000 0.11112174
0.56355000 0.11113173
0.56350000 0.11114171
0.56345000 0.11115169
0.56340000 0.11116167
0.56335000 0.11117165
0.56330000 0.11118162
0.56325000 0.11119159
0.56320000 0.11120156
0.56315000 0.11121153
0.56310000 0.11122149
0.56305000 0.11123145
0.56300000 0.11124141
0.56295000 0.11125137
0.56290000 0.11126132
0.56285000 0.11127128
0.56280000 0.11128123
0.56275000 0.11129117
0.56270000 0.11130112
0.56265000 0.11131106
0.56260000 0.11132100
0.56255000 0.11133094
0.56250000 0.11134088
0.56245000 0.11135081
0.56240000 0.11136074
0.56235000 0.11137067
0.56230000 0.11138059
0.56225000 0.11139052
0.56220000 0.11140044
0.56215000 0.11141036
0.56210000 0.11142027
0.56205000 0.11143019
0.56200000 0.11144010
0.56195000 0.11145001
0.56190000 0.11145992
0.56185000 0.11146982
0.56180000 0.11147972
0.56175000 0.11148962
0.56170000 0.11149952
0.56165000 0.11150941
0.56160000 0.11151931
0.56155000 0.11152920
0.56150000 0.11153908
0.56145000 0.11154897
0.56140000 0.11155885
0.56135000 0.11156873
0.56130000 0.11157861
0.56125000 0.11158849
0.56120000 0.11159836
0.56115000 0.11160823
0.56110000 0.11161810
0.56105000 0.11162796
0.56100000 0.11163783
0.56095000 0.11164769
0.56090000 0.11165755
0.56085000 0.11166740
0.56080000 0.11167726
0.56075000 0.11168711
0.56070000 0.11169696
0.56065000 0.11170680
0.56060000 0.11171665
0.56055000 0.11172649
0.56050000 0.11173633
0.56045000 0.11174617
0.56040000 0.11175600
0.56035000 0.11176583
0.56030000 0.11177566
0.56025000 0.11178549
0.56020000 0.11179531
0.56015000 0.11180514
0.56010000 0.11181496
0.56005000 0.11182477
0.56000000 0.11183459
0.55995000 0.11184440
0.55990000 0.11185421
0.55985000 0.11186402
0.55980000 0.11187383
0.55975000 0.11188363
0.55970000 0.11189343
0.55965000 0.11190323
0.55960000 0.11191302
0.55955000 0.11192282
0.55950000 0.11193261
0.55945000 0.11194240
0.55940000 0.11195218
0.55935000 0.11196197
0.55930000 0.11197175
0.55925000 0.11198153
0.55920000 0.11199130
0.55915000 0.11200108
0.55910000 0.11201085
0.55905000 0.11202062
0.55900000 0.11203039
0.55895000 0.11204015
0.55890000 0.11204991
0.55885000 0.11205967
0.55880000 0.11206943
0.55875000 0.11207918
0.55870000 0.11208893
0.55865000 0.11209868
0.55860000 0.11210843
0.55855000 0.11211818
0.55850000 0.11212792
0.55845000 0.11213766
0.55840000 0.11214740
0.55835000 0.11215713
0.55830000 0.11216686
0.55825000 0.11217660
0.55820000 0.11218632
0.55815000 0.11219605
0.55810000 0.11220577
0.55805000 0.11221549
0.55800000 0.11222521
0.55795000 0.11223493
0.55790000 0.11224464
0.55785000 0.11225435
0.55780000 0.11226406
0.55775000 0.11227376
0.55770000 0.11228347
0.55765000 0.11229317
0.55760000 0.11230287
0.55755000 0.11231256
0.55750000 0.11232226
0.55745000 0.11233195
0.55740000 0.11234164
0.55735000 0.11235132
0.55730000 0.11236101
0.55725000 0.11237069
0.55720000 0.11238037
0.55715000 0.11239005
0.55710000 0.11239972
0.55705000 0.11240939
0.55700000 0.11241906
0.55695000 0.11242873
0.55690000 0.11243839
0.55685000 0.11244805
0.55680000 0.11245771
0.55675000 0.11246737
0.55670000 0.11247703
0.55665000 0.11248668
0.55660000 0.11249633
0.55655000 0.11250598
0.55650000 0.11251562
0.55645000 0.11252526
0.55640000 0.11253490
0.55635000 0.11254454
0.55630000 0.11255418
0.55625000 0.11256381
0.55620000 0.11257344
0.55615000 0.11258307
0.55610000 0.11259269
0.55605000 0.11260231
0.55600000 0.11261194
0.55595000 0.11262155
0.55590000 0.11263117
0.55585000 0.11264078
0.55580000 0.11265039
0.55575000 0.11266000
0.55570000 0.11266961
0.55565000 0.11267921
0.55560000 0.11268881
0.55555000 0.11269841
0.55550000 0.11270800
0.55545000 0.11271760
0.55540000 0.11272719
0.55535000 0.11273678
0.55530000 0.11274636
0.55525000 0.11275595
0.55520000 0.11276553
0.55515000 0.11277511
0.55510000 0.11278468
0.55505000 0.11279426
0.55500000 0.11280383
0.55495000 0.11281340
0.55490000 0.11282296
0.55485000 0.11283253
0.55480000 0.11284209
0.55475000 0.11285165
0.55470000 0.11286121
0.55465000 0.11287076
0.55460000 0.11288031
0.55455000 0.11288986
0.55450000 0.11289941
0.55445000 0.11290895
0.55440000 0.11291849
0.55435000 0.11292803
0.55430000 0.11293757
0.55425000 0.11294710
0.55420000 0.11295664
0.55415000 0.11296617
0.55410000 0.11297569
0.55405000 0.11298522
0.55400000 0.11299474
0.55395000 0.11300426
0.55390000 0.11301378
0.55385000 0.11302329
0.55380000 0.11303280
0.55375000 0.11304231
0.55370000 0.11305182
0.55365000 0.11306132
0.55360000 0.11307083
0.55355000 0.11308033
0.55350000 0.11308982
0.55345000 0.11309932
0.55340000 0.11310881
0.55335000 0.11311830
0.55330000 0.11312779
0.55325000 0.11313727
0.55320000 0.11314676
0.55315000 0.11315624
0.55310000 0.11316571
0.55305000 0.11317519
0.55300000 0.11318466
0.55295000 0.11319413
0.55290000 0.11320360
0.55285000 0.11321307
0.55280000 0.11322253
0.55275000 0.11323199
0.55270000 0.11324145
0.55265000 0.11325090
0.55260000 0.11326035
0.55255000 0.11326980
0.55250000 0.11327925
0.55245000 0.11328870
0.55240000 0.11329814
0.55235000 0.11330758
0.55230000 0.11331702
0.55225000 0.11332646
0.55220000 0.11333589
0.55215000 0.11334532
0.55210000 0.11335475
0.55205000 0.11336417
0.55200000 0.11337360
0.55195000 0.11338302
0.55190000 0.11339243
0.55185000 0.11340185
0.55180000 0.11341126
0.55175000 0.11342067
0.55170000 0.11343008
0.55165000 0.11343949
0.55160000 0.11344889
0.55155000 0.11345829
0.55150000 0.11346769
0.55145000 0.11347709
0.55140000 0.11348648
0.55135000 0.11349587
0.55130000 0.11350526
0.55125000 0.11351464
0.55120000 0.11352403
0.55115000 0.11353341
0.55110000 0.11354279
0.55105000 0.11355216
0.55100000 0.11356154
0.55095000 0.11357091
0.55090000 0.11358028
0.55085000 0.11358964
0.55080000 0.11359900
0.55075000 0.11360837
0.55070000 0.11361772
0.55065000 0.11362708
0.55060000 0.11363643
0.55055000 0.11364578
0.55050000 0.11365513
0.55045000 0.11366448
0.55040000 0.11367382
0.55035000 0.11368316
0.55030000 0.11369250
0.55025000 0.11370184
0.55020000 0.11371117
0.55015000 0.11372050
0.55010000 0.11372983
0.55005000 0.11373916
0.55000000 0.11374848
0.54995000 0.11375780
0.54990000 0.11376712
0.54985000 0.11377644
0.54980000 0.11378575
0.54975000 0.11379506
0.54970000 0.11380437
0.54965000 0.11381367
0.54960000 0.11382298
0.54955000 0.11383228
0.54950000 0.11384158
0.54945000 0.11385087
0.54940000 0.11386017
0.54935000 0.11386946
0.54930000 0.11387875
0.54925000 0.11388803
0.54920000 0.11389732
0.54915000 0.11390660
0.54910000 0.11391588
0.54905000 0.11392515
0.54900000 0.11393442
0.54895000 0.11394370
0.54890000 0.11395296
0.54885000 0.11396223
0.54880000 0.11397149
0.54875000 0.11398075
0.54870000 0.11399001
0.54865000 0.11399927
0.54860000 0.11400852
0.54855000 0.11401777
0.54850000 0.11402702
0.54845000 0.11403627
0.54840000 0.11404551
0.54835000 0.11405475
0.54830000 0.11406399
0.54825000 0.11407323
0.54820000 0.11408246
0.54815000 0.11409169
0.54810000 0.11410092
0.54805000 0.11411014
0.54800000 0.11411937
0.54795000 0.11412859
0.54790000 0.11413781
0.54785000 0.11414702
0.54780000 0.11415623
0.54775000 0.11416545
0.54770000 0.11417465
0.54765000 0.11418386
0.54760000 0.11419306
0.54755000 0.11420226
0.54750000 0.11421146
0.54745000 0.11422066
0.54740000 0.11422985
0.54735000 0.11423904
0.54730000 0.11424823
0.54725000 0.11425741
0.54720000 0.11426660
0.54715000 0.11427578
0.54710000 0.11428496
0.54705000 0.11429413
0.54700000 0.11430330
0.54695000 0.11431247
0.54690000 0.11432164
0.54685000 0.11433081
0.54680000 0.11433997
0.54675000 0.11434913
0.54670000 0.11435829
0.54665000 0.11436744
0.54660000 0.11437660
0.54655000 0.11438575
0.54650000 0.11439489
0.54645000 0.11440404
0.54640000 0.11441318
0.54635000 0.11442232
0.54630000 0.11443146
0.54625000 0.11444059
0.54620000 0.11444973
0.54615000 0.11445886
0.54610000 0.11446798
0.54605000 0.11447711
0.54600000 0.11448623
0.54595000 0.11449535
0.54590000 0.11450447
0.54585000 0.11451358
0.54580000 0.11452270
0.54575000 0.11453181
0.54570000 0.11454091
0.54565000 0.11455002
0.54560000 0.11455912
0.54555000 0.11456822
0.54550000 0.11457732
0.54545000 0.11458641
0.54540000 0.11459550
0.54535000 0.11460459
0.54530000 0.11461368
0.54525000 0.11462276
0.54520000 0.11463185
0.54515000 0.11464093
0.54510000 0.11465000
0.54505000 0.11465908
0.54500000 0.11466815
0.54495000 0.11467722
0.54490000 0.11468628
0.54485000 0.11469535
0.54480000 0.11470441
0.54475000 0.11471347
0.54470000 0.11472253
0.54465000 0.11473158
0.54460000 0.11474063
0.54455000 0.11474968
0.54450000 0.11475873
0.54445000 0.11476777
0.54440000 0.11477681
0.54435000 0.11478585
0.54430000 0.11479489
0.54425000 0.11480392
0.54420000 0.11481295
0.54415000 0.11482198
0.54410000 0.11483101
0.54405000 0.11484003
0.54400000 0.11484905
0.54395000 0.11485807
0.54390000 0.11486709
0.54385000 0.11487610
0.54380000 0.11488511
0.54375000 0.11489412
0.54370000 0.11490312
0.54365000 0.11491213
0.54360000 0.11492113
0.54355000 0.11493013
0.54350000 0.11493912
0.54345000 0.11494811
0.54340000 0.11495710
0.54335000 0.11496609
0.54330000 0.11497508
0.54325000 0.11498406
0.54320000 0.11499304
0.54315000 0.11500202
0.54310000 0.11501099
0.54305000 0.11501997
0.54300000 0.11502894
0.54295000 0.11503790
0.54290000 0.11504687
0.54285000 0.11505583
0.54280000 0.11506479
0.54275000 0.11507375
0.54270000 0.11508270
0.54265000 0.11509166
0.54260000 0.11510061
0.54255000 0.11510955
0.54250000 0.11511850
0.54245000 0.11512744
0.54240000 0.11513638
0.54235000 0.11514532
0.54230000 0.11515425
0.54225000 0.11516318
0.54220000 0.11517211
0.54215000 0.11518104
0.54210000 0.11518996
0.54205000 0.11519888
0.54200000 0.11520780
0.54195000 0.11521672
0.54190000 0.11522563
0.54185000 0.11523454
0.54180000 0.11524345
0.54175000 0.11525236
0.54170000 0.11526126
0.54165000 0.11527016
0.54160000 0.11527906
0.54155000 0.11528796
0.54150000 0.11529685
0.54145000 0.11530574
0.54140000 0.11531463
0.54135000 0.11532352
0.54130000 0.11533240
0.54125000 0.11534128
0.54120000 0.11535016
0.54115000 0.11535903
0.54110000 0.11536791
0.54105000 0.11537678
0.54100000 0.11538564
0.54095000 0.11539451
0.54090000 0.11540337
0.54085000 0.11541223
0.54080000 0.11542109
0.54075000 0.11542994
0.54070000 0.11543880
0.54065000 0.11544765
0.54060000 0.11545649
0.54055000 0.11546534
0.54050000 0.11547418
0.54045000 0.11548302
0.54040000 0.11549186
0.54035000 0.11550069
0.54030000 0.11550952
0.54025000 0.11551835
0.54020000 0.11552718
0.54015000 0.11553600
0.54010000 0.11554482
0.54005000 0.11555364
0.54000000 0.11556246
0.53995000 0.11557127
0.53990000 0.11558008
0.53985000 0.11558889
0.53980000 0.11559770
0.53975000 0.11560650
0.53970000 0.11561530
0.53965000 0.11562410
0.53960000 0.11563290
0.53955000 0.11564169
0.53950000 0.11565048
0.53945000 0.11565927
0.53940000 0.11566805
0.53935000 0.11567684
0.53930000 0.11568562
0.53925000 0.11569440
0.53920000 0.11570317
0.53915000 0.11571194
0.53910000 0.11572071
0.53905000 0.11572948
0.53900000 0.11573825
0.53895000 0.11574701
0.53890000 0.11575577
0.53885000 0.11576452
0.53880000 0.11577328
0.53875000 0.11578203
0.53870000 0.11579078
0.53865000 0.11579953
0.53860000 0.11580827
0.53855000 0.11581701
0.53850000 0.11582575
0.53845000 0.11583449
0.53840000 0.11584322
0.53835000 0.11585195
0.53830000 0.11586068
0.53825000 0.11586941
0.53820000 0.11587813
0.53815000 0.11588685
0.53810000 0.11589557
0.53805000 0.11590429
0.53800000 0.11591300
0.53795000 0.11592171
0.53790000 0.11593042
0.53785000 0.11593912
0.53780000 0.11594783
0.53775000 0.11595653
0.53770000 0.11596523
0.53765000 0.11597392
0.53760000 0.11598261
0.53755000 0.11599130
0.53750000 0.11599999
0.53745000 0.11600868
0.53740000 0.11601736
0.53735000 0.11602604
0.53730000 0.11603471
0.53725000 0.11604339
0.53720000 0.11605206
0.53715000 0.11606073
0.53710000 0.11606940
0.53705000 0.11607806
0.53700000 0.11608672
0.53695000 0.11609538
0.53690000 0.11610404
0.53685000 0.11611269
0.53680000 0.11612134
0.53675000 0.11612999
0.53670000 0.11613864
0.53665000 0.11614728
0.53660000 0.11615592
0.53655000 0.11616456
0.53650000 0.11617319
0.53645000 0.11618183
0.53640000 0.11619046
0.53635000 0.11619908
0.53630000 0.11620771
0.53625000 0.11621633
0.53620000 0.11622495
0.53615000 0.11623357
0.53610000 0.11624218
0.53605000 0.11625080
0.53600000 0.11625940
0.53595000 0.11626801
0.53590000 0.11627662
0.53585000 0.11628522
0.53580000 0.11629382
0.53575000 0.11630241
0.53570000 0.11631101
0.53565000 0.11631960
0.53560000 0.11632819
0.53555000 0.11633677
0.53550000 0.11634536
0.53545000 0.11635394
0.53540000 0.11636252
0.53535000 0.11637109
0.53530000 0.11637966
0.53525000 0.11638823
0.53520000 0.11639680
0.53515000 0.11640537
0.53510000 0.11641393
0.53505000 0.11642249
0.53500000 0.11643105
0.53495000 0.11643960
0.53490000 0.11644815
0.53485000 0.11645670
0.53480000 0.11646525
0.53475000 0.11647380
0.53470000 0.11648234
0.53465000 0.11649088
0.53460000 0.11649941
0.53455000 0.11650795
0.53450000 0.11651648
0.53445000 0.11652501
0.53440000 0.11653353
0.53435000 0.11654206
0.53430000 0.11655058
0.53425000 0.11655910
0.53420000 0.11656761
0.53415000 0.11657612
0.53410000 0.11658464
0.53405000 0.11659314
0.53400000 0.11660165
0.53395000 0.11661015
0.53390000 0.11661865
0.53385000 0.11662715
0.53380000 0.11663564
0.53375000 0.11664414
0.53370000 0.11665262
0.53365000 0.11666111
0.53360000 0.11666960
0.53355000 0.11667808
0.53350000 0.11668656
0.53345000 0.11669503
0.53340000 0.11670351
0.53335000 0.11671198
0.53330000 0.11672045
0.53325000 0.11672891
0.53320000 0.11673738
0.53315000 0.11674584
0.53310000 0.11675429
0.53305000 0.11676275
0.53300000 0.11677120
0.53295000 0.11677965
0.53290000 0.11678810
0.53285000 0.11679655
0.53280000 0.11680499
0.53275000 0.11681343
0.53270000 0.11682187
0.53265000 0.11683030
0.53260000 0.11683873
0.53255000 0.11684716
0.53250000 0.11685559
0.53245000 0.11686401
0.53240000 0.11687243
0.53235000 0.11688085
0.53230000 0.11688927
0.53225000 0.11689768
0.53220000 0.11690609
0.53215000 0.11691450
0.53210000 0.11692291
0.53205000 0.11693131
0.53200000 0.11693971
0.53195000 0.11694811
0.53190000 0.11695650
0.53185000 0.11696490
0.53180000 0.11697329
0.53175000 0.11698167
0.53170000 0.11699006
0.53165000 0.11699844
0.53160000 0.11700682
0.53155000 0.11701520
0.53150000 0.11702357
0.53145000 0.11703194
0.53140000 0.11704031
0.53135000 0.11704868
0.53130000 0.11705704
0.53125000 0.11706540
0.53120000 0.11707376
0.53115000 0.11708212
0.53110000 0.11709047
0.53105000 0.11709882
0.53100000 0.11710717
0.53095000 0.11711551
0.53090000 0.11712385
0.53085000 0.11713219
0.53080000 0.11714053
0.53075000 0.11714887
0.53070000 0.11715720
0.53065000 0.11716553
0.53060000 0.11717385
0.53055000 0.11718218
0.53050000 0.11719050
0.53045000 0.11719882
0.53040000 0.11720713
0.53035000 0.11721545
0.53030000 0.11722376
0.53025000 0.11723207
0.53020000 0.11724037
0.53015000 0.11724868
0.53010000 0.11725698
0.53005000 0.11726527
0.53000000 0.11727357
0.52995000 0.11728186
0.52990000 0.11729015
0.52985000 0.11729844
0.52980000 0.11730672
0.52975000 0.11731500
0.52970000 0.11732328
0.52965000 0.11733156
0.52960000 0.11733983
0.52955000 0.11734811
0.52950000 0.11735637
0.52945000 0.11736464
0.52940000 0.11737290
0.52935000 0.11738116
0.52930000 0.11738942
0.52925000 0.11739768
0.52920000 0.11740593
0.52915000 0.11741418
0.52910000 0.11742243
0.52905000 0.11743067
0.52900000 0.11743892
0.52895000 0.11744716
0.52890000 0.11745539
0.52885000 0.11746363
0.52880000 0.11747186
0.52875000 0.11748009
0.52870000 0.11748831
0.52865000 0.11749654
0.52860000 0.11750476
0.52855000 0.11751298
0.52850000 0.11752119
0.52845000 0.11752941
0.52840000 0.11753762
0.52835000 0.11754582
0.52830000 0.11755403
0.52825000 0.11756223
0.52820000 0.11757043
0.52815000 0.11757863
0.52810000 0.11758682
0.52805000 0.11759502
0.52800000 0.11760320
0.52795000 0.11761139
0.52790000 0.11761957
0.52785000 0.11762776
0.52780000 0.11763593
0.52775000 0.11764411
0.52770000 0.11765228
0.52765000 0.11766045
0.52760000 0.11766862
0.52755000 0.11767679
0.52750000 0.11768495
0.52745000 0.11769311
0.52740000 0.11770127
0.52735000 0.11770942
0.52730000 0.11771757
0.52725000 0.11772572
0.52720000 0.11773387
0.52715000 0.11774202
0.52710000 0.11775016
0.52705000 0.11775830
0.52700000 0.11776643
0.52695000 0.11777456
0.52690000 0.11778270
0.52685000 0.11779082
0.52680000 0.11779895
0.52675000 0.11780707
0.52670000 0.11781519
0.52665000 0.11782331
0.52660000 0.11783142
0.52655000 0.11783954
0.52650000 0.11784765
0.52645000 0.11785575
0.52640000 0.11786386
0.52635000 0.11787196
0.52630000 0.11788006
0.52625000 0.11788815
0.52620000 0.11789625
0.52615000 0.11790434
0.52610000 0.11791243
0.52605000 0.11792051
0.52600000 0.11792860
0.52595000 0.11793668
0.52590000 0.11794475
0.52585000 0.11795283
0.52580000 0.11796090
0.52575000 0.11796897
0.52570000 0.11797704
0.52565000 0.11798510
0.52560000 0.11799316
0.52555000 0.11800122
0.52550000 0.11800928
0.52545000 0.11801733
0.52540000 0.11802538
0.52535000 0.11803343
0.52530000 0.11804148
0.52525000 0.11804952
0.52520000 0.11805756
0.52515000 0.11806560
0.52510000 0.11807363
0.52505000 0.11808166
0.52500000 0.11808969
0.52495000 0.11809772
0.52490000 0.11810574
0.52485000 0.11811377
0.52480000 0.11812178
0.52475000 0.11812980
0.52470000 0.11813781
0.52465000 0.11814582
0.52460000 0.11815383
0.52455000 0.11816184
0.52450000 0.11816984
0.52445000 0.11817784
0.52440000 0.11818584
0.52435000 0.11819383
0.52430000 0.11820183
0.52425000 0.11820981
0.52420000 0.11821780
0.52415000 0.11822579
0.52410000 0.11823377
0.52405000 0.11824175
0.52400000 0.11824972
0.52395000 0.11825769
0.52390000 0.11826567
0.52385000 0.11827363
0.52380000 0.11828160
0.52375000 0.11828956
0.52370000 0.11829752
0.52365000 0.11830548
0.52360000 0.11831343
0.52355000 0.11832139
0.52350000 0.11832933
0.52345000 0.11833728
0.52340000 0.11834522
0.52335000 0.11835317
0.52330000 0.11836110
0.52325000 0.11836904
0.52320000 0.11837697
0.52315000 0.11838490
0.52310000 0.11839283
0.52305000 0.11840076
0.52300000 0.11840868
0.52295000 0.11841660
0.52290000 0.11842452
0.52285000 0.11843243
0.52280000 0.11844034
0.52275000 0.11844825
0.52270000 0.11845616
0.52265000 0.11846406
0.52260000 0.11847196
0.52255000 0.11847986
0.52250000 0.11848776
0.52245000 0.11849565
0.52240000 0.11850354
0.52235000 0.11851143
0.52230000 0.11851931
0.52225000 0.11852719
0.52220000 0.11853507
0.52215000 0.11854295
0.52210000 0.11855082
0.52205000 0.11855870
0.52200000 0.11856656
0.52195000 0.11857443
0.52190000 0.11858229
0.52185000 0.11859015
0.52180000 0.11859801
0.52175000 0.11860587
0.52170000 0.11861372
0.52165000 0.11862157
0.52160000 0.11862942
0.52155000 0.11863726
0.52150000 0.11864510
0.52145000 0.11865294
0.52140000 0.11866078
0.52135000 0.11866861
0.52130000 0.11867644
0.52125000 0.11868427
0.52120000 0.11869210
0.52115000 0.11869992
0.52110000 0.11870774
0.52105000 0.11871556
0.52100000 0.11872337
0.52095000 0.11873118
0.52090000 0.11873899
0.52085000 0.11874680
0.52080000 0.11875461
0.52075000 0.11876241
0.52070000 0.11877021
0.52065000 0.11877800
0.52060000 0.11878579
0.52055000 0.11879358
0.52050000 0.11880137
0.52045000 0.11880916
0.52040000 0.11881694
0.52035000 0.11882472
0.52030000 0.11883250
0.52025000 0.11884027
0.52020000 0.11884804
0.52015000 0.11885581
0.52010000 0.11886358
0.52005000 0.11887134
0.52000000 0.11887910
0.51995000 0.11888686
0.51990000 0.11889462
0.51985000 0.11890237
0.51980000 0.11891012
0.51975000 0.11891787
0.51970000 0.11892561
0.51965000 0.11893335
0.51960000 0.11894109
0.51955000 0.11894883
0.51950000 0.11895656
0.51945000 0.11896429
0.51940000 0.11897202
0.51935000 0.11897975
0.51930000 0.11898747
0.51925000 0.11899519
0.51920000 0.11900291
0.51915000 0.11901062
0.51910000 0.11901834
0.51905000 0.11902605
0.51900000 0.11903375
0.51895000 0.11904146
0.51890000 0.11904916
0.51885000 0.11905686
0.51880000 0.11906455
0.51875000 0.11907225
0.51870000 0.11907994
0.51865000 0.11908762
0.51860000 0.11909531
0.51855000 0.11910299
0.51850000 0.11911067
0.51845000 0.11911835
0.51840000 0.11912602
0.51835000 0.11913370
0.51830000 0.11914136
0.51825000 0.11914903
0.51820000 0.11915669
0.51815000 0.11916435
0.51810000 0.11917201
0.51805000 0.11917967
0.51800000 0.11918732
0.51795000 0.11919497
0.51790000 0.11920262
0.51785000 0.11921026
0.51780000 0.11921790
0.51775000 0.11922554
0.51770000 0.11923318
0.51765000 0.11924081
0.51760000 0.11924844
0.51755000 0.11925607
0.51750000 0.11926370
0.51745000 0.11927132
0.51740000 0.11927894
0.51735000 0.11928656
0.51730000 0.11929417
0.51725000 0.11930178
0.51720000 0.11930939
0.51715000 0.11931700
0.51710000 0.11932460
0.51705000 0.11933220
0.51700000 0.11933980
0.51695000 0.11934740
0.51690000 0.11935499
0.51685000 0.11936258
0.51680000 0.11937017
0.51675000 0.11937775
0.51670000 0.11938534
0.51665000 0.11939291
0.51660000 0.11940049
0.51655000 0.11940806
0.51650000 0.11941564
0.51645000 0.11942320
0.51640000 0.11943077
0.51635000 0.11943833
0.51630000 0.11944589
0.51625000 0.11945345
0.51620000 0.11946101
0.51615000 0.11946856
0.51610000 0.11947611
0.51605000 0.11948365
0.51600000 0.11949120
0.51595000 0.11949874
0.51590000 0.11950628
0.51585000 0.11951381
0.51580000 0.11952135
0.51575000 0.11952888
0.51570000 0.11953640
0.51565000 0.11954393
0.51560000 0.11955145
0.51555000 0.11955897
0.51550000 0.11956649
0.51545000 0.11957400
0.51540000 0.11958151
0.51535000 0.11958902
0.51530000 0.11959653
0.51525000 0.11960403
0.51520000 0.11961153
0.51515000 0.11961903
0.51510000 0.11962652
0.51505000 0.11963401
0.51500000 0.11964150
0.51495000 0.11964899
0.51490000 0.11965647
0.51485000 0.11966395
0.51480000 0.11967143
0.51475000 0.11967891
0.51470000 0.11968638
0.51465000 0.11969385
0.51460000 0.11970132
0.51455000 0.11970878
0.51450000 0.11971625
0.51445000 0.11972370
0.51440000 0.11973116
0.51435000 0.11973861
0.51430000 0.11974607
0.51425000 0.11975351
0.51420000 0.11976096
0.51415000 0.11976840
0.51410000 0.11977584
0.51405000 0.11978328
0.51400000 0.11979072
0.51395000 0.11979815
0.51390000 0.11980558
0.51385000 0.11981300
0.51380000 0.11982043
0.51375000 0.11982785
0.51370000 0.11983527
0.51365000 0.11984268
0.51360000 0.11985009
0.51355000 0.11985750
0.51350000 0.11986491
0.51345000 0.11987232
0.51340000 0.11987972
0.51335000 0.11988712
0.51330000 0.11989451
0.51325000 0.11990191
0.51320000 0.11990930
0.51315000 0.11991669
0.51310000 0.11992407
0.51305000 0.11993145
0.51300000 0.11993883
0.51295000 0.11994621
0.51290000 0.11995359
0.51285000 0.11996096
0.51280000 0.11996833
0.51275000 0.11997569
0.51270000 0.11998306
0.51265000 0.11999042
0.51260000 0.11999778
0.51255000 0.12000513
0.51250000 0.12001248
0.51245000 0.12001983
0.51240000 0.12002718
0.51235000 0.12003452
0.51230000 0.12004187
0.51225000 0.12004920
0.51220000 0.12005654
0.51215000 0.12006387
0.51210000 0.12007120
0.51205000 0.12007853
0.51200000 0.12008586
0.51195000 0.12009318
0.51190000 0.12010050
0.51185000 0.12010782
0.51180000 0.12011513
0.51175000 0.12012244
0.51170000 0.12012975
0.51165000 0.12013706
0.51160000 0.12014436
0.51155000 0.12015166
0.51150000 0.12015896
0.51145000 0.12016625
0.51140000 0.12017354
0.51135000 0.12018083
0.51130000 0.12018812
0.51125000 0.12019540
0.51120000 0.12020269
0.51115000 0.12020996
0.51110000 0.12021724
0.51105000 0.12022451
0.51100000 0.12023178
0.51095000 0.12023905
0.51090000 0.12024631
0.51085000 0.12025358
0.51080000 0.12026083
0.51075000 0.12026809
0.51070000 0.12027534
0.51065000 0.12028260
0.51060000 0.12028984
0.51055000 0.12029709
0.51050000 0.12030433
0.51045000 0.12031157
0.51040000 0.12031881
0.51035000 0.12032604
0.51030000 0.12033327
0.51025000 0.12034050
0.51020000 0.12034773
0.51015000 0.12035495
0.51010000 0.12036217
0.51005000 0.12036939
0.51000000 0.12037661
0.50995000 0.12038382
0.50990000 0.12039103
0.50985000 0.12039823
0.50980000 0.12040544
0.50975000 0.12041264
0.50970000 0.12041984
0.50965000 0.12042703
0.50960000 0.12043423
0.50955000 0.12044142
0.50950000 0.12044861
0.50945000 0.12045579
0.50940000 0.12046297
0.50935000 0.12047015
0.50930000 0.12047733
0.50925000 0.12048450
0.50920000 0.12049167
0.50915000 0.12049884
0.50910000 0.12050601
0.50905000 0.12051317
0.50900000 0.12052033
0.50895000 0.12052749
0.50890000 0.12053464
0.50885000 0.12054179
0.50880000 0.12054894
0.50875000 0.12055609
0.50870000 0.12056323
0.50865000 0.12057037
0.50860000 0.12057751
0.50855000 0.12058464
0.50850000 0.12059177
0.50845000 0.12059890
0.50840000 0.12060603
0.50835000 0.12061315
0.50830000 0.12062028
0.50825000 0.12062739
0.50820000 0.12063451
0.50815000 0.12064162
0.50810000 0.12064873
0.50805000 0.12065584
0.50800000 0.12066295
0.50795000 0.12067005
0.50790000 0.12067715
0.50785000 0.12068424
0.50780000 0.12069134
0.50775000 0.12069843
0.50770000 0.12070551
0.50765000 0.12071260
0.50760000 0.12071968
0.50755000 0.12072676
0.50750000 0.12073384
0.50745000 0.12074091
0.50740000 0.12074798
0.50735000 0.12075505
0.50730000 0.12076212
0.50725000 0.12076918
0.50720000 0.12077624
0.50715000 0.12078330
0.50710000 0.12079035
0.50705000 0.12079741
0.50700000 0.12080446
0.50695000 0.12081150
0.50690000 0.12081855
0.50685000 0.12082559
0.50680000 0.12083262
0.50675000 0.12083966
0.50670000 0.12084669
0.50665000 0.12085372
0.50660000 0.12086075
0.50655000 0.12086777
0.50650000 0.12087480
0.50645000 0.12088181
0.50640000 0.12088883
0.50635000 0.12089584
0.50630000 0.12090285
0.50625000 0.12090986
0.50620000 0.12091687
0.50615000 0.12092387
0.50610000 0.12093087
0.50605000 0.12093786
0.50600000 0.12094486
0.50595000 0.12095185
0.50590000 0.12095884
0.50585000 0.12096582
0.50580000 0.12097280
0.50575000 0.12097978
0.50570000 0.12098676
0.50565000 0.12099374
0.50560000 0.12100071
0.50555000 0.12100768
0.50550000 0.12101464
0.50545000 0.12102160
0.50540000 0.12102857
0.50535000 0.12103552
0.50530000 0.12104248
0.50525000 0.12104943
0.50520000 0.12105638
0.50515000 0.12106333
0.50510000 0.12107027
0.50505000 0.12107721
0.50500000 0.12108415
0.50495000 0.12109108
0.50490000 0.12109802
0.50485000 0.12110495
0.50480000 0.12111187
0.50475000 0.12111880
0.50470000 0.12112572
0.50465000 0.12113264
0.50460000 0.12113955
0.50455000 0.12114647
0.50450000 0.12115338
0.50445000 0.12116028
0.50440000 0.12116719
0.50435000 0.12117409
0.50430000 0.12118099
0.50425000 0.12118789
0.50420000 0.12119478
0.50415000 0.12120167
0.50410000 0.12120856
0.50405000 0.12121544
0.50400000 0.12122233
0.50395000 0.12122921
0.50390000 0.12123608
0.50385000 0.12124296
0.50380000 0.12124983
0.50375000 0.12125670
0.50370000 0.12126356
0.50365000 0.12127043
0.50360000 0.12127729
0.50355000 0.12128414
0.50350000 0.12129100
0.50345000 0.12129785
0.50340000 0.12130470
0.50335000 0.12131155
0.50330000 0.12131839
0.50325000 0.12132523
0.50320000 0.12133207
0.50315000 0.12133890
0.50310000 0.12134573
0.50305000 0.12135256
0.50300000 0.12135939
0.50295000 0.12136621
0.50290000 0.12137304
0.50285000 0.12137985
0.50280000 0.12138667
0.50275000 0.12139348
0.50270000 0.12140029
0.50265000 0.12140710
0.50260000 0.12141390
0.50255000 0.12142071
0.50250000 0.12142750
0.50245000 0.12143430
0.50240000 0.12144109
0.50235000 0.12144788
0.50230000 0.12145467
0.50225000 0.12146146
0.50220000 0.12146824
0.50215000 0.12147502
0.50210000 0.12148179
0.50205000 0.12148857
0.50200000 0.12149534
0.50195000 0.12150211
0.50190000 0.12150887
0.50185000 0.12151563
0.50180000 0.12152239
0.50175000 0.12152915
0.50170000 0.12153591
0.50165000 0.12154266
0.50160000 0.12154940
0.50155000 0.12155615
0.50150000 0.12156289
0.50145000 0.12156963
0.50140000 0.12157637
0.50135000 0.12158311
0.50130000 0.12158984
0.50125000 0.12159657
0.50120000 0.12160329
0.50115000 0.12161001
0.50110000 0.12161674
0.50105000 0.12162345
0.50100000 0.12163017
0.50095000 0.12163688
0.50090000 0.12164359
0.50085000 0.12165030
0.50080000 0.12165700
0.50075000 0.12166370
0.50070000 0.12167040
0.50065000 0.12167709
0.50060000 0.12168379
0.50055000 0.12169048
0.50050000 0.12169716
0.50045000 0.12170385
0.50040000 0.12171053
0.50035000 0.12171721
0.50030000 0.12172388
0.50025000 0.12173055
0.50020000 0.12173723
0.50015000 0.12174389
0.50010000 0.12175056
0.50005000 0.12175722
0.50000000 0.12176388
0.49995000 0.12177053
0.49990000 0.12177719
0.49985000 0.12178384
0.49980000 0.12179048
0.49975000 0.12179713
0.49970000 0.12180377
0.49965000 0.12181041
0.49960000 0.12181705
0.49955000 0.12182368
0.49950000 0.12183031
0.49945000 0.12183694
0.49940000 0.12184356
0.49935000 0.12185019
0.49930000 0.12185681
0.49925000 0.12186342
0.49920000 0.12187004
0.49915000 0.12187665
0.49910000 0.12188326
0.49905000 0.12188986
0.49900000 0.12189646
0.49895000 0.12190306
0.49890000 0.12190966
0.49885000 0.12191626
0.49880000 0.12192285
0.49875000 0.12192944
0.49870000 0.12193602
0.49865000 0.12194260
0.49860000 0.12194918
0.49855000 0.12195576
0.49850000 0.12196234
0.49845000 0.12196891
0.49840000 0.12197548
0.49835000 0.12198204
0.49830000 0.12198861
0.49825000 0.12199517
0.49820000 0.12200172
0.49815000 0.12200828
0.49810000 0.12201483
0.49805000 0.12202138
0.49800000 0.12202793
0.49795000 0.12203447
0.49790000 0.12204101
0.49785000 0.12204755
0.49780000 0.12205409
0.49775000 0.12206062
0.49770000 0.12206715
0.49765000 0.12207367
0.49760000 0.12208020
0.49755000 0.12208672
0.49750000 0.12209324
0.49745000 0.12209975
0.49740000 0.12210627
0.49735000 0.12211278
0.49730000 0.12211928
0.49725000 0.12212579
0.49720000 0.12213229
0.49715000 0.12213879
0.49710000 0.12214528
0.49705000 0.12215178
0.49700000 0.12215827
0.49695000 0.12216475
0.49690000 0.12217124
0.49685000 0.12217772
0.49680000 0.12218420
0.49675000 0.12219067
0.49670000 0.12219715
0.49665000 0.12220362
0.49660000 0.12221008
0.49655000 0.12221655
0.49650000 0.12222301
0.49645000 0.12222947
0.49640000 0.12223593
0.49635000 0.12224238
0.49630000 0.12224883
0.49625000 0.12225528
0.49620000 0.12226172
0.49615000 0.12226817
0.49610000 0.12227461
0.49605000 0.12228104
0.49600000 0.12228748
0.49595000 0.12229391
0.49590000 0.12230033
0.49585000 0.12230676
0.49580000 0.12231318
0.49575000 0.12231960
0.49570000 0.12232602
0.49565000 0.12233243
0.49560000 0.12233884
0.49555000 0.12234525
0.49550000 0.12235166
0.49545000 0.12235806
0.49540000 0.12236446
0.49535000 0.12237086
0.49530000 0.12237725
0.49525000 0.12238364
0.49520000 0.12239003
0.49515000 0.12239642
0.49510000 0.12240280
0.49505000 0.12240918
0.49500000 0.12241556
0.49495000 0.12242193
0.49490000 0.12242830
0.49485000 0.12243467
0.49480000 0.12244104
0.49475000 0.12244740
0.49470000 0.12245376
0.49465000 0.12246012
0.49460000 0.12246647
0.49455000 0.12247282
0.49450000 0.12247917
0.49445000 0.12248552
0.49440000 0.12249186
0.49435000 0.12249820
0.49430000 0.12250454
0.49425000 0.12251088
0.49420000 0.12251721
0.49415000 0.12252354
0.49410000 0.12252986
0.49405000 0.12253619
0.49400000 0.12254251
0.49395000 0.12254882
0.49390000 0.12255514
0.49385000 0.12256145
0.49380000 0.12256776
0.49375000 0.12257407
0.49370000 0.12258037
0.49365000 0.12258667
0.49360000 0.12259297
0.49355000 0.12259927
0.49350000 0.12260556
0.49345000 0.12261185
0.49340000 0.12261813
0.49335000 0.12262442
0.49330000 0.12263070
0.49325000 0.12263698
0.49320000 0.12264325
0.49315000 0.12264952
0.49310000 0.12265579
0.49305000 0.12266206
0.49300000 0.12266832
0.49295000 0.12267459
0.49290000 0.12268084
0.49285000 0.12268710
0.49280000 0.12269335
0.49275000 0.12269960
0.49270000 0.12270585
0.49265000 0.12271209
0.49260000 0.12271833
0.49255000 0.12272457
0.49250000 0.12273081
0.49245000 0.12273704
0.49240000 0.12274327
0.49235000 0.12274950
0.49230000 0.12275572
0.49225000 0.12276194
0.49220000 0.12276816
0.49215000 0.12277438
0.49210000 0.12278059
0.49205000 0.12278680
0.49200000 0.12279301
0.49195000 0.12279921
0.49190000 0.12280541
0.49185000 0.12281161
0.49180000 0.12281781
0.49175000 0.12282400
0.49170000 0.12283019
0.49165000 0.12283638
0.49160000 0.12284256
0.49155000 0.12284875
0.49150000 0.12285492
0.49145000 0.12286110
0.49140000 0.12286727
0.49135000 0.12287344
0.49130000 0.12287961
0.49125000 0.12288578
0.49120000 0.12289194
0.49115000 0.12289810
0.49110000 0.12290425
0.49105000 0.12291041
0.49100000 0.12291656
0.49095000 0.12292270
0.49090000 0.12292885
0.49085000 0.12293499
0.49080000 0.12294113
0.49075000 0.12294727
0.49070000 0.12295340
0.49065000 0.12295953
0.49060000 0.12296566
0.49055000 0.12297178
0.49050000 0.12297790
0.49045000 0.12298402
0.49040000 0.12299014
0.49035000 0.12299625
0.49030000 0.12300236
0.49025000 0.12300847
0.49020000 0.12301458
0.49015000 0.12302068
0.49010000 0.12302678
0.49005000 0.12303287
0.49000000 0.12303897
0.48995000 0.12304506
0.48990000 0.12305115
0.48985000 0.12305723
0.48980000 0.12306331
0.48975000 0.12306939
0.48970000 0.12307547
0.48965000 0.12308154
0.48960000 0.12308761
0.48955000 0.12309368
0.48950000 0.12309975
0.48945000 0.12310581
0.48940000 0.12311187
0.48935000 0.12311792
0.48930000 0.12312398
0.48925000 0.12313003
0.48920000 0.12313608
0.48915000 0.12314212
0.48910000 0.12314816
0.48905000 0.12315420
0.48900000 0.12316024
0.48895000 0.12316627
0.48890000 0.12317230
0.48885000 0.12317833
0.48880000 0.12318436
0.48875000 0.12319038
0.48870000 0.12319640
0.48865000 0.12320241
0.48860000 0.12320843
0.48855000 0.12321444
0.48850000 0.12322045
0.48845000 0.12322645
0.48840000 0.12323245
0.48835000 0.12323845
0.48830000 0.12324445
0.48825000 0.12325044
0.48820000 0.12325643
0.48815000 0.12326242
0.48810000 0.12326841
0.48805000 0.12327439
0.48800000 0.12328037
0.48795000 0.12328635
0.48790000 0.12329232
0.48785000 0.12329829
0.48780000 0.12330426
0.48775000 0.12331022
0.48770000 0.12331619
0.48765000 0.12332215
0.48760000 0.12332810
0.48755000 0.12333406
0.48750000 0.12334001
0.48745000 0.12334595
0.48740000 0.12335190
0.48735000 0.12335784
0.48730000 0.12336378
0.48725000 0.12336972
0.48720000 0.12337565
0.48715000 0.12338158
0.48710000 0.12338751
0.48705000 0.12339344
0.48700000 0.12339936
0.48695000 0.12340528
0.48690000 0.12341119
0.48685000 0.12341711
0.48680000 0.12342302
0.48675000 0.12342893
0.48670000 0.12343483
0.48665000 0.12344073
0.48660000 0.12344663
0.48655000 0.12345253
0.48650000 0.12345842
0.48645000 0.12346431
0.48640000 0.12347020
0.48635000 0.12347609
0.48630000 0.12348197
0.48625000 0.12348785
0.48620000 0.12349373
0.48615000 0.12349960
0.48610000 0.12350547
0.48605000 0.12351134
0.48600000 0.12351720
0.48595000 0.12352307
0.48590000 0.12352892
0.48585000 0.12353478
0.48580000 0.12354063
0.48575000 0.12354649
0.48570000 0.12355233
0.48565000 0.12355818
0.48560000 0.12356402
0.48555000 0.12356986
0.48550000 0.12357570
0.48545000 0.12358153
0.48540000 0.12358736
0.48535000 0.12359319
0.48530000 0.12359901
0.48525000 0.12360484
0.48520000 0.12361066
0.48515000 0.12361647
0.48510000 0.12362228
0.48505000 0.12362810
0.48500000 0.12363390
0.48495000 0.12363971
0.48490000 0.12364551
0.48485000 0.12365131
0.48480000 0.12365711
0.48475000 0.12366290
0.48470000 0.12366869
0.48465000 0.12367448
0.48460000 0.12368026
0.48455000 0.12368604
0.48450000 0.12369182
0.48445000 0.12369760
0.48440000 0.12370337
0.48435000 0.12370914
0.48430000 0.12371491
0.48425000 0.12372068
0.48420000 0.12372644
0.48415000 0.12373220
0.48410000 0.12373795
0.48405000 0.12374371
0.48400000 0.12374946
0.48395000 0.12375520
0.48390000 0.12376095
0.48385000 0.12376669
0.48380000 0.12377243
0.48375000 0.12377817
0.48370000 0.12378390
0.48365000 0.12378963
0.48360000 0.12379536
0.48355000 0.12380108
0.48350000 0.12380680
0.48345000 0.12381252
0.48340000 0.12381824
0.48335000 0.12382395
0.48330000 0.12382966
0.48325000 0.12383537
0.48320000 0.12384107
0.48315000 0.12384677
0.48310000 0.12385247
0.48305000 0.12385817
0.48300000 0.12386386
0.48295000 0.12386955
0.48290000 0.12387524
0.48285000 0.12388092
0.48280000 0.12388661
0.48275000 0.12389228
0.48270000 0.12389796
0.48265000 0.12390363
0.48260000 0.12390930
0.48255000 0.12391497
0.48250000 0.12392063
0.48245000 0.12392630
0.48240000 0.12393195
0.48235000 0.12393761
0.48230000 0.12394326
0.48225000 0.12394891
0.48220000 0.12395456
0.48215000 0.12396020
0.48210000 0.12396584
0.48205000 0.12397148
0.48200000 0.12397712
0.48195000 0.12398275
0.48190000 0.12398838
0.48185000 0.12399401
0.48180000 0.12399963
0.48175000 0.12400525
0.48170000 0.12401087
0.48165000 0.12401649
0.48160000 0.12402210
0.48155000 0.12402771
0.48150000 0.12403332
0.48145000 0.12403892
0.48140000 0.12404452
0.48135000 0.12405012
0.48130000 0.12405571
0.48125000 0.12406131
0.48120000 0.12406689
0.48115000 0.12407248
0.48110000 0.12407807
0.48105000 0.12408365
0.48100000 0.12408922
0.48095000 0.12409480
0.48090000 0.12410037
0.48085000 0.12410594
0.48080000 0.12411151
0.48075000 0.12411707
0.48070000 0.12412263
0.48065000 0.12412819
0.48060000 0.12413374
0.48055000 0.12413930
0.48050000 0.12414484
0.48045000 0.12415039
0.48040000 0.12415593
0.48035000 0.12416147
0.48030000 0.12416701
0.48025000 0.12417255
0.48020000 0.12417808
0.48015000 0.12418361
0.48010000 0.12418913
0.48005000 0.12419466
0.48000000 0.12420018
0.47995000 0.12420569
0.47990000 0.12421121
0.47985000 0.12421672
0.47980000 0.12422223
0.47975000 0.12422774
0.47970000 0.12423324
0.47965000 0.12423874
0.47960000 0.12424424
0.47955000 0.12424973
0.47950000 0.12425522
0.47945000 0.12426071
0.47940000 0.12426620
0.47935000 0.12427168
0.47930000 0.12427716
0.47925000 0.12428264
0.47920000 0.12428811
0.47915000 0.12429358
0.47910000 0.12429905
0.47905000 0.12430451
0.47900000 0.12430998
0.47895000 0.12431544
0.47890000 0.12432089
0.47885000 0.12432635
0.47880000 0.12433180
0.47875000 0.12433725
0.47870000 0.12434269
0.47865000 0.12434813
0.47860000 0.12435357
0.47855000 0.12435901
0.47850000 0.12436444
0.47845000 0.12436987
0.47840000 0.12437530
0.47835000 0.12438073
0.47830000 0.12438615
0.47825000 0.12439157
0.47820000 0.12439699
0.47815000 0.12440240
0.47810000 0.12440781
0.47805000 0.12441322
0.47800000 0.12441862
0.47795000 0.12442402
0.47790000 0.12442942
0.47785000 0.12443482
0.47780000 0.12444021
0.47775000 0.12444560
0.47770000 0.12445099
0.47765000 0.12445637
0.47760000 0.12446176
0.47755000 0.12446713
0.47750000 0.12447251
0.47745000 0.12447788
0.47740000 0.12448325
0.47735000 0.12448862
0.47730000 0.12449399
0.47725000 0.12449935
0.47720000 0.12450471
0.47715000 0.12451006
0.47710000 0.12451541
0.47705000 0.12452076
0.47700000 0.12452611
0.47695000 0.12453145
0.47690000 0.12453680
0.47685000 0.12454213
0.47680000 0.12454747
0.47675000 0.12455280
0.47670000 0.12455813
0.47665000 0.12456346
0.47660000 0.12456878
0.47655000 0.12457410
0.47650000 0.12457942
0.47645000 0.12458474
0.47640000 0.12459005
0.47635000 0.12459536
0.47630000 0.12460066
0.47625000 0.12460597
0.47620000 0.12461127
0.47615000 0.12461657
0.47610000 0.12462186
0.47605000 0.12462715
0.47600000 0.12463244
0.47595000 0.12463773
0.47590000 0.12464301
0.47585000 0.12464829
0.47580000 0.12465357
0.47575000 0.12465884
0.47570000 0.12466412
0.47565000 0.12466938
0.47560000 0.12467465
0.47555000 0.12467991
0.47550000 0.12468517
0.47545000 0.12469043
0.47540000 0.12469568
0.47535000 0.12470094
0.47530000 0.12470618
0.47525000 0.12471143
0.47520000 0.12471667
0.47515000 0.12472191
0.47510000 0.12472715
0.47505000 0.12473238
0.47500000 0.12473761
0.47495000 0.12474284
0.47490000 0.12474807
0.47485000 0.12475329
0.47480000 0.12475851
0.47475000 0.12476373
0.47470000 0.12476894
0.47465000 0.12477415
0.47460000 0.12477936
0.47455000 0.12478456
0.47450000 0.12478977
0.47445000 0.12479496
0.47440000 0.12480016
0.47435000 0.12480535
0.47430000 0.12481055
0.47425000 0.12481573
0.47420000 0.12482092
0.47415000 0.12482610
0.47410000 0.12483128
0.47405000 0.12483645
0.47400000 0.12484163
0.47395000 0.12484680
0.47390000 0.12485196
0.47385000 0.12485713
0.47380000 0.12486229
0.47375000 0.12486745
0.47370000 0.12487260
0.47365000 0.12487776
0.47360000 0.12488291
0.47355000 0.12488805
0.47350000 0.12489320
0.47345000 0.12489834
0.47340000 0.12490348
0.47335000 0.12490861
0.47330000 0.12491375
0.47325000 0.12491887
0.47320000 0.12492400
0.47315000 0.12492913
0.47310000 0.12493425
0.47305000 0.12493936
0.47300000 0.12494448
0.47295000 0.12494959
0.47290000 0.12495470
0.47285000 0.12495981
0.47280000 0.12496491
0.47275000 0.12497001
0.47270000 0.12497511
0.47265000 0.12498020
0.47260000 0.12498529
0.47255000 0.12499038
0.47250000 0.12499547
0.47245000 0.12500055
0.47240000 0.12500563
0.47235000 0.12501071
0.47230000 0.12501578
0.47225000 0.12502086
0.47220000 0.12502592
0.47215000 0.12503099
0.47210000 0.12503605
0.47205000 0.12504111
0.47200000 0.12504617
0.47195000 0.12505122
0.47190000 0.12505627
0.47185000 0.12506132
0.47180000 0.12506637
0.47175000 0.12507141
0.47170000 0.12507645
0.47165000 0.12508149
0.47160000 0.12508652
0.47155000 0.12509155
0.47150000 0.12509658
0.47145000 0.12510160
0.47140000 0.12510662
0.47135000 0.12511164
0.47130000 0.12511666
0.47125000 0.12512167
0.47120000 0.12512668
0.47115000 0.12513169
0.47110000 0.12513669
0.47105000 0.12514170
0.47100000 0.12514669
0.47095000 0.12515169
0.47090000 0.12515668
0.47085000 0.12516167
0.47080000 0.12516666
0.47075000 0.12517164
0.47070000 0.12517663
0.47065000 0.12518160
0.47060000 0.12518658
0.47055000 0.12519155
0.47050000 0.12519652
0.47045000 0.12520149
0.47040000 0.12520645
0.47035000 0.12521141
0.47030000 0.12521637
0.47025000 0.12522133
0.47020000 0.12522628
0.47015000 0.12523123
0.47010000 0.12523617
0.47005000 0.12524112
0.47000000 0.12524606
0.46995000 0.12525099
0.46990000 0.12525593
0.46985000 0.12526086
0.46980000 0.12526579
0.46975000 0.12527071
0.46970000 0.12527564
0.46965000 0.12528056
0.46960000 0.12528547
0.46955000 0.12529039
0.46950000 0.12529530
0.46945000 0.12530021
0.46940000 0.12530511
0.46935000 0.12531002
0.46930000 0.12531492
0.46925000 0.12531981
0.46920000 0.12532471
0.46915000 0.12532960
0.46910000 0.12533449
0.46905000 0.12533937
0.46900000 0.12534425
0.46895000 0.12534913
0.46890000 0.12535401
0.46885000 0.12535888
0.46880000 0.12536375
0.46875000 0.12536862
0.46870000 0.12537348
0.46865000 0.12537835
0.46860000 0.12538320
0.46855000 0.12538806
0.46850000 0.12539291
0.46845000 0.12539776
0.46840000 0.12540261
0.46835000 0.12540745
0.46830000 0.12541230
0.46825000 0.12541713
0.46820000 0.12542197
0.46815000 0.12542680
0.46810000 0.12543163
0.46805000 0.12543646
0.46800000 0.12544128
0.46795000 0.12544610
0.46790000 0.12545092
0.46785000 0.12545574
0.46780000 0.12546055
0.46775000 0.12546536
0.46770000 0.12547016
0.46765000 0.12547497
0.46760000 0.12547977
0.46755000 0.12548456
0.46750000 0.12548936
0.46745000 0.12549415
0.46740000 0.12549894
0.46735000 0.12550373
0.46730000 0.12550851
0.46725000 0.12551329
0.46720000 0.12551806
0.46715000 0.12552284
0.46710000 0.12552761
0.46705000 0.12553238
0.46700000 0.12553714
0.46695000 0.12554191
0.46690000 0.12554667
0.46685000 0.12555142
0.46680000 0.12555618
0.46675000 0.12556093
0.46670000 0.12556567
0.46665000 0.12557042
0.46660000 0.12557516
0.46655000 0.12557990
0.46650000 0.12558464
0.46645000 0.12558937
0.46640000 0.12559410
0.46635000 0.12559883
0.46630000 0.12560355
0.46625000 0.12560827
0.46620000 0.12561299
0.46615000 0.12561771
0.46610000 0.12562242
0.46605000 0.12562713
0.46600000 0.12563184
0.46595000 0.12563654
0.46590000 0.12564124
0.46585000 0.12564594
0.46580000 0.12565063
0.46575000 0.12565533
0.46570000 0.12566002
0.46565000 0.12566470
0.46560000 0.12566939
0.46555000 0.12567407
0.46550000 0.12567874
0.46545000 0.12568342
0.46540000 0.12568809
0.46535000 0.12569276
0.46530000 0.12569743
0.46525000 0.12570209
0.46520000 0.12570675
0.46515000 0.12571141
0.46510000 0.12571606
0.46505000 0.12572071
0.46500000 0.12572536
0.46495000 0.12573001
0.46490000 0.12573465
0.46485000 0.12573929
0.46480000 0.12574392
0.46475000 0.12574856
0.46470000 0.12575319
0.46465000 0.12575782
0.46460000 0.12576244
0.46455000 0.12576706
0.46450000 0.12577168
0.46445000 0.12577630
0.46440000 0.12578091
0.46435000 0.12578552
0.46430000 0.12579013
0.46425000 0.12579473
0.46420000 0.12579934
0.46415000 0.12580393
0.46410000 0.12580853
0.46405000 0.12581312
0.46400000 0.12581771
0.46395000 0.12582230
0.46390000 0.12582688
0.46385000 0.12583146
0.46380000 0.12583604
0.46375000 0.12584062
0.46370000 0.12584519
0.46365000 0.12584976
0.46360000 0.12585433
0.46355000 0.12585889
0.46350000 0.12586345
0.46345000 0.12586801
0.46340000 0.12587256
0.46335000 0.12587711
0.46330000 0.12588166
0.46325000 0.12588621
0.46320000 0.12589075
0.46315000 0.12589529
0.46310000 0.12589983
0.46305000 0.12590436
0.46300000 0.12590889
0.46295000 0.12591342
0.46290000 0.12591795
0.46285000 0.12592247
0.46280000 0.12592699
0.46275000 0.12593151
0.46270000 0.12593602
0.46265000 0.12594053
0.46260000 0.12594504
0.46255000 0.12594954
0.46250000 0.12595404
0.46245000 0.12595854
0.46240000 0.12596304
0.46235000 0.12596753
0.46230000 0.12597202
0.46225000 0.12597651
0.46220000 0.12598099
0.46215000 0.12598547
0.46210000 0.12598995
0.46205000 0.12599443
0.46200000 0.12599890
0.46195000 0.12600337
0.46190000 0.12600784
0.46185000 0.12601230
0.46180000 0.12601676
0.46175000 0.12602122
0.46170000 0.12602567
0.46165000 0.12603013
0.46160000 0.12603458
0.46155000 0.12603902
0.46150000 0.12604347
0.46145000 0.12604791
0.46140000 0.12605234
0.46135000 0.12605678
0.46130000 0.12606121
0.46125000 0.12606564
0.46120000 0.12607006
0.46115000 0.12607449
0.46110000 0.12607891
0.46105000 0.12608332
0.46100000 0.12608774
0.46095000 0.12609215
0.46090000 0.12609655
0.46085000 0.12610096
0.46080000 0.12610536
0.46075000 0.12610976
0.46070000 0.12611416
0.46065000 0.12611855
0.46060000 0.12612294
0.46055000 0.12612733
0.46050000 0.12613171
0.46045000 0.12613609
0.46040000 0.12614047
0.46035000 0.12614485
0.46030000 0.12614922
0.46025000 0.12615359
0.46020000 0.12615796
0.46015000 0.12616232
0.46010000 0.12616668
0.46005000 0.12617104
0.46000000 0.12617540
0.45995000 0.12617975
0.45990000 0.12618410
0.45985000 0.12618844
0.45980000 0.12619279
0.45975000 0.12619713
0.45970000 0.12620146
0.45965000 0.12620580
0.45960000 0.12621013
0.45955000 0.12621446
0.45950000 0.12621879
0.45945000 0.12622311
0.45940000 0.12622743
0.45935000 0.12623174
0.45930000 0.12623606
0.45925000 0.12624037
0.45920000 0.12624468
0.45915000 0.12624898
0.45910000 0.12625329
0.45905000 0.12625758
0.45900000 0.12626188
0.45895000 0.12626617
0.45890000 0.12627046
0.45885000 0.12627475
0.45880000 0.12627904
0.45875000 0.12628332
0.45870000 0.12628760
0.45865000 0.12629187
0.45860000 0.12629615
0.45855000 0.12630042
0.45850000 0.12630468
0.45845000 0.12630895
0.45840000 0.12631321
0.45835000 0.12631747
0.45830000 0.12632172
0.45825000 0.12632597
0.45820000 0.12633022
0.45815000 0.12633447
0.45810000 0.12633871
0.45805000 0.12634295
0.45800000 0.12634719
0.45795000 0.12635142
0.45790000 0.12635566
0.45785000 0.12635988
0.45780000 0.12636411
0.45775000 0.12636833
0.45770000 0.12637255
0.45765000 0.12637677
0.45760000 0.12638098
0.45755000 0.12638519
0.45750000 0.12638940
0.45745000 0.12639361
0.45740000 0.12639781
0.45735000 0.12640201
0.45730000 0.12640620
0.45725000 0.12641040
0.45720000 0.12641459
0.45715000 0.12641878
0.45710000 0.12642296
0.45705000 0.12642714
0.45700000 0.12643132
0.45695000 0.12643550
0.45690000 0.12643967
0.45685000 0.12644384
0.45680000 0.12644801
0.45675000 0.12645217
0.45670000 0.12645633
0.45665000 0.12646049
0.45660000 0.12646464
0.45655000 0.12646880
0.45650000 0.12647295
0.45645000 0.12647709
0.45640000 0.12648123
0.45635000 0.12648537
0.45630000 0.12648951
0.45625000 0.12649365
0.45620000 0.12649778
0.45615000 0.12650191
0.45610000 0.12650603
0.45605000 0.12651015
0.45600000 0.12651427
0.45595000 0.12651839
0.45590000 0.12652251
0.45585000 0.12652662
0.45580000 0.12653072
0.45575000 0.12653483
0.45570000 0.12653893
0.45565000 0.12654303
0.45560000 0.12654713
0.45555000 0.12655122
0.45550000 0.12655531
0.45545000 0.12655940
0.45540000 0.12656348
0.45535000 0.12656756
0.45530000 0.12657164
0.45525000 0.12657572
0.45520000 0.12657979
0.45515000 0.12658386
0.45510000 0.12658793
0.45505000 0.12659199
0.45500000 0.12659605
0.45495000 0.12660011
0.45490000 0.12660416
0.45485000 0.12660821
0.45480000 0.12661226
0.45475000 0.12661631
0.45470000 0.12662035
0.45465000 0.12662439
0.45460000 0.12662843
0.45455000 0.12663246
0.45450000 0.12663650
0.45445000 0.12664052
0.45440000 0.12664455
0.45435000 0.12664857
0.45430000 0.12665259
0.45425000 0.12665661
0.45420000 0.12666062
0.45415000 0.12666463
0.45410000 0.12666864
0.45405000 0.12667264
0.45400000 0.12667665
0.45395000 0.12668064
0.45390000 0.12668464
0.45385000 0.12668863
0.45380000 0.12669262
0.45375000 0.12669661
0.45370000 0.12670059
0.45365000 0.12670458
0.45360000 0.12670855
0.45355000 0.12671253
0.45350000 0.12671650
0.45345000 0.12672047
0.45340000 0.12672444
0.45335000 0.12672840
0.45330000 0.12673236
0.45325000 0.12673632
0.45320000 0.12674027
0.45315000 0.12674422
0.45310000 0.12674817
0.45305000 0.12675212
0.45300000 0.12675606
0.45295000 0.12676000
0.45290000 0.12676394
0.45285000 0.12676787
0.45280000 0.12677180
0.45275000 0.12677573
0.45270000 0.12677966
0.45265000 0.12678358
0.45260000 0.12678750
0.45255000 0.12679141
0.45250000 0.12679533
0.45245000 0.12679924
0.45240000 0.12680314
0.45235000 0.12680705
0.45230000 0.12681095
0.45225000 0.12681485
0.45220000 0.12681874
0.45215000 0.12682264
0.45210000 0.12682653
0.45205000 0.12683041
0.45200000 0.12683430
0.45195000 0.12683818
0.45190000 0.12684206
0.45185000 0.12684593
0.45180000 0.12684980
0.45175000 0.12685367
0.45170000 0.12685754
0.45165000 0.12686140
0.45160000 0.12686526
0.45155000 0.12686912
0.45150000 0.12687297
0.45145000 0.12687682
0.45140000 0.12688067
0.45135000 0.12688452
0.45130000 0.12688836
0.45125000 0.12689220
0.45120000 0.12689603
0.45115000 0.12689987
0.45110000 0.12690370
0.45105000 0.12690753
0.45100000 0.12691135
0.45095000 0.12691517
0.45090000 0.12691899
0.45085000 0.12692281
0.45080000 0.12692662
0.45075000 0.12693043
0.45070000 0.12693424
0.45065000 0.12693804
0.45060000 0.12694184
0.45055000 0.12694564
0.45050000 0.12694943
0.45045000 0.12695323
0.45040000 0.12695702
0.45035000 0.12696080
0.45030000 0.12696458
0.45025000 0.12696837
0.45020000 0.12697214
0.45015000 0.12697592
0.45010000 0.12697969
0.45005000 0.12698346
0.45000000 0.12698722
0.44995000 0.12699098
0.44990000 0.12699474
0.44985000 0.12699850
0.44980000 0.12700225
0.44975000 0.12700601
0.44970000 0.12700975
0.44965000 0.12701350
0.44960000 0.12701724
0.44955000 0.12702098
0.44950000 0.12702471
0.44945000 0.12702845
0.44940000 0.12703218
0.44935000 0.12703590
0.44930000 0.12703963
0.44925000 0.12704335
0.44920000 0.12704707
0.44915000 0.12705078
0.44910000 0.12705450
0.44905000 0.12705820
0.44900000 0.12706191
0.44895000 0.12706561
0.44890000 0.12706931
0.44885000 0.12707301
0.44880000 0.12707671
0.44875000 0.12708040
0.44870000 0.12708409
0.44865000 0.12708777
0.44860000 0.12709146
0.44855000 0.12709513
0.44850000 0.12709881
0.44845000 0.12710249
0.44840000 0.12710616
0.44835000 0.12710982
0.44830000 0.12711349
0.44825000 0.12711715
0.44820000 0.12712081
0.44815000 0.12712447
0.44810000 0.12712812
0.44805000 0.12713177
0.44800000 0.12713542
0.44795000 0.12713906
0.44790000 0.12714270
0.44785000 0.12714634
0.44780000 0.12714998
0.44775000 0.12715361
0.44770000 0.12715724
0.44765000 0.12716086
0.44760000 0.12716449
0.44755000 0.12716811
0.44750000 0.12717173
0.44745000 0.12717534
0.44740000 0.12717895
0.44735000 0.12718256
0.44730000 0.12718617
0.44725000 0.12718977
0.44720000 0.12719337
0.44715000 0.12719697
0.44710000 0.12720056
0.44705000 0.12720415
0.44700000 0.12720774
0.44695000 0.12721132
0.44690000 0.12721490
0.44685000 0.12721848
0.44680000 0.12722206
0.44675000 0.12722563
0.44670000 0.12722920
0.44665000 0.12723277
0.44660000 0.12723633
0.44655000 0.12723990
0.44650000 0.12724345
0.44645000 0.12724701
0.44640000 0.12725056
0.44635000 0.12725411
0.44630000 0.12725766
0.44625000 0.12726120
0.44620000 0.12726474
0.44615000 0.12726828
0.44610000 0.12727181
0.44605000 0.12727535
0.44600000 0.12727887
0.44595000 0.12728240
0.44590000 0.12728592
0.44585000 0.12728944
0.44580000 0.12729296
0.44575000 0.12729647
0.44570000 0.12729998
0.44565000 0.12730349
0.44560000 0.12730700
0.44555000 0.12731050
0.44550000 0.12731400
0.44545000 0.12731749
0.44540000 0.12732099
0.44535000 0.12732448
0.44530000 0.12732797
0.44525000 0.12733145
0.44520000 0.12733493
0.44515000 0.12733841
0.44510000 0.12734188
0.44505000 0.12734536
0.44500000 0.12734883
0.44495000 0.12735229
0.44490000 0.12735576
0.44485000 0.12735922
0.44480000 0.12736267
0.44475000 0.12736613
0.44470000 0.12736958
0.44465000 0.12737303
0.44460000 0.12737648
0.44455000 0.12737992
0.44450000 0.12738336
0.44445000 0.12738679
0.44440000 0.12739023
0.44435000 0.12739366
0.44430000 0.12739709
0.44425000 0.12740051
0.44420000 0.12740393
0.44415000 0.12740735
0.44410000 0.12741077
0.44405000 0.12741418
0.44400000 0.12741759
0.44395000 0.12742100
0.44390000 0.12742440
0.44385000 0.12742781
0.44380000 0.12743120
0.44375000 0.12743460
0.44370000 0.12743799
0.44365000 0.12744138
0.44360000 0.12744477
0.44355000 0.12744815
0.44350000 0.12745153
0.44345000 0.12745491
0.44340000 0.12745828
0.44335000 0.12746165
0.44330000 0.12746502
0.44325000 0.12746839
0.44320000 0.12747175
0.44315000 0.12747511
0.44310000 0.12747847
0.44305000 0.12748182
0.44300000 0.12748517
0.44295000 0.12748852
0.44290000 0.12749187
0.44285000 0.12749521
0.44280000 0.12749855
0.44275000 0.12750188
0.44270000 0.12750522
0.44265000 0.12750855
0.44260000 0.12751187
0.44255000 0.12751520
0.44250000 0.12751852
0.44245000 0.12752184
0.44240000 0.12752515
0.44235000 0.12752846
0.44230000 0.12753177
0.44225000 0.12753508
0.44220000 0.12753838
0.44215000 0.12754168
0.44210000 0.12754498
0.44205000 0.12754827
0.44200000 0.12755157
0.44195000 0.12755485
0.44190000 0.12755814
0.44185000 0.12756142
0.44180000 0.12756470
0.44175000 0.12756798
0.44170000 0.12757125
0.44165000 0.12757452
0.44160000 0.12757779
0.44155000 0.12758106
0.44150000 0.12758432
0.44145000 0.12758758
0.44140000 0.12759083
0.44135000 0.12759409
0.44130000 0.12759733
0.44125000 0.12760058
0.44120000 0.12760383
0.44115000 0.12760707
0.44110000 0.12761030
0.44105000 0.12761354
0.44100000 0.12761677
0.44095000 0.12762000
0.44090000 0.12762323
0.44085000 0.12762645
0.44080000 0.12762967
0.44075000 0.12763289
0.44070000 0.12763610
0.44065000 0.12763931
0.44060000 0.12764252
0.44055000 0.12764573
0.44050000 0.12764893
0.44045000 0.12765213
0.44040000 0.12765533
0.44035000 0.12765852
0.44030000 0.12766171
0.44025000 0.12766490
0.44020000 0.12766808
0.44015000 0.12767126
0.44010000 0.12767444
0.44005000 0.12767762
0.44000000 0.12768079
0.43995000 0.12768396
0.43990000 0.12768713
0.43985000 0.12769029
0.43980000 0.12769345
0.43975000 0.12769661
0.43970000 0.12769976
0.43965000 0.12770292
0.43960000 0.12770607
0.43955000 0.12770921
0.43950000 0.12771235
0.43945000 0.12771549
0.43940000 0.12771863
0.43935000 0.12772177
0.43930000 0.12772490
0.43925000 0.12772803
0.43920000 0.12773115
0.43915000 0.12773427
0.43910000 0.12773739
0.43905000 0.12774051
0.43900000 0.12774362
0.43895000 0.12774673
0.43890000 0.12774984
0.43885000 0.12775294
0.43880000 0.12775604
0.43875000 0.12775914
0.43870000 0.12776224
0.43865000 0.12776533
0.43860000 0.12776842
0.43855000 0.12777151
0.43850000 0.12777459
0.43845000 0.12777767
0.43840000 0.12778075
0.43835000 0.12778382
0.43830000 0.12778690
0.43825000 0.12778996
0.43820000 0.12779303
0.43815000 0.12779609
0.43810000 0.12779915
0.43805000 0.12780221
0.43800000 0.12780526
0.43795000 0.12780831
0.43790000 0.12781136
0.43785000 0.12781441
0.43780000 0.12781745
0.43775000 0.12782049
0.43770000 0.12782352
0.43765000 0.12782656
0.43760000 0.12782959
0.43755000 0.12783261
0.43750000 0.12783564
0.43745000 0.12783866
0.43740000 0.12784168
0.43735000 0.12784469
0.43730000 0.12784771
0.43725000 0.12785071
0.43720000 0.12785372
0.43715000 0.12785672
0.43710000 0.12785972
0.43705000 0.12786272
0.43700000 0.12786572
0.43695000 0.12786871
0.43690000 0.12787170
0.43685000 0.12787468
0.43680000 0.12787766
0.43675000 0.12788064
0.43670000 0.12788362
0.43665000 0.12788659
0.43660000 0.12788957
0.43655000 0.12789253
0.43650000 0.12789550
0.43645000 0.12789846
0.43640000 0.12790142
0.43635000 0.12790437
0.43630000 0.12790733
0.43625000 0.12791028
0.43620000 0.12791322
0.43615000 0.12791617
0.43610000 0.12791911
0.43605000 0.12792205
0.43600000 0.12792498
0.43595000 0.12792791
0.43590000 0.12793084
0.43585000 0.12793377
0.43580000 0.12793669
0.43575000 0.12793961
0.43570000 0.12794253
0.43565000 0.12794544
0.43560000 0.12794835
0.43555000 0.12795126
0.43550000 0.12795417
0.43545000 0.12795707
0.43540000 0.12795997
0.43535000 0.12796286
0.43530000 0.12796576
0.43525000 0.12796865
0.43520000 0.12797154
0.43515000 0.12797442
0.43510000 0.12797730
0.43505000 0.12798018
0.43500000 0.12798306
0.43495000 0.12798593
0.43490000 0.12798880
0.43485000 0.12799166
0.43480000 0.12799453
0.43475000 0.12799739
0.43470000 0.12800025
0.43465000 0.12800310
0.43460000 0.12800595
0.43455000 0.12800880
0.43450000 0.12801165
0.43445000 0.12801449
0.43440000 0.12801733
0.43435000 0.12802017
0.43430000 0.12802300
0.43425000 0.12802583
0.43420000 0.12802866
0.43415000 0.12803148
0.43410000 0.12803431
0.43405000 0.12803712
0.43400000 0.12803994
0.43395000 0.12804275
0.43390000 0.12804556
0.43385000 0.12804837
0.43380000 0.12805117
0.43375000 0.12805398
0.43370000 0.12805677
0.43365000 0.12805957
0.43360000 0.12806236
0.43355000 0.12806515
0.43350000 0.12806794
0.43345000 0.12807072
0.43340000 0.12807350
0.43335000 0.12807628
0.43330000 0.12807905
0.43325000 0.12808182
0.43320000 0.12808459
0.43315000 0.12808736
0.43310000 0.12809012
0.43305000 0.12809288
0.43300000 0.12809564
0.43295000 0.12809839
0.43290000 0.12810114
0.43285000 0.12810389
0.43280000 0.12810663
0.43275000 0.12810937
0.43270000 0.12811211
0.43265000 0.12811485
0.43260000 0.12811758
0.43255000 0.12812031
0.43250000 0.12812304
0.43245000 0.12812576
0.43240000 0.12812848
0.43235000 0.12813120
0.43230000 0.12813391
0.43225000 0.12813662
0.43220000 0.12813933
0.43215000 0.12814204
0.43210000 0.12814474
0.43205000 0.12814744
0.43200000 0.12815014
0.43195000 0.12815283
0.43190000 0.12815552
0.43185000 0.12815821
0.43180000 0.12816090
0.43175000 0.12816358
0.43170000 0.12816626
0.43165000 0.12816893
0.43160000 0.12817161
0.43155000 0.12817428
0.43150000 0.12817694
0.43145000 0.12817961
0.43140000 0.12818227
0.43135000 0.12818493
0.43130000 0.12818758
0.43125000 0.12819024
0.43120000 0.12819289
0.43115000 0.12819553
0.43110000 0.12819817
0.43105000 0.12820082
0.43100000 0.12820345
0.43095000 0.12820609
0.43090000 0.12820872
0.43085000 0.12821135
0.43080000 0.12821397
0.43075000 0.12821659
0.43070000 0.12821921
0.43065000 0.12822183
0.43060000 0.12822444
0.43055000 0.12822706
0.43050000 0.12822966
0.43045000 0.12823227
0.43040000 0.12823487
0.43035000 0.12823747
0.43030000 0.12824006
0.43025000 0.12824266
0.43020000 0.12824525
0.43015000 0.12824783
0.43010000 0.12825042
0.43005000 0.12825300
0.43000000 0.12825558
0.42995000 0.12825815
0.42990000 0.12826072
0.42985000 0.12826329
0.42980000 0.12826586
0.42975000 0.12826842
0.42970000 0.12827098
0.42965000 0.12827354
0.42960000 0.12827609
0.42955000 0.12827864
0.42950000 0.12828119
0.42945000 0.12828373
0.42940000 0.12828628
0.42935000 0.12828882
0.42930000 0.12829135
0.42925000 0.12829389
0.42920000 0.12829642
0.42915000 0.12829894
0.42910000 0.12830147
0.42905000 0.12830399
0.42900000 0.12830651
0.42895000 0.12830902
0.42890000 0.12831153
0.42885000 0.12831404
0.42880000 0.12831655
0.42875000 0.12831905
0.42870000 0.12832155
0.42865000 0.12832405
0.42860000 0.12832655
0.42855000 0.12832904
0.42850000 0.12833153
0.42845000 0.12833401
0.42840000 0.12833649
0.42835000 0.12833897
0.42830000 0.12834145
0.42825000 0.12834392
0.42820000 0.12834639
0.42815000 0.12834886
0.42810000 0.12835133
0.42805000 0.12835379
0.42800000 0.12835625
0.42795000 0.12835870
0.42790000 0.12836115
0.42785000 0.12836360
0.42780000 0.12836605
0.42775000 0.12836850
0.42770000 0.12837094
0.42765000 0.12837337
0.42760000 0.12837581
0.42755000 0.12837824
0.42750000 0.12838067
0.42745000 0.12838310
0.42740000 0.12838552
0.42735000 0.12838794
0.42730000 0.12839036
0.42725000 0.12839277
0.42720000 0.12839518
0.42715000 0.12839759
0.42710000 0.12839999
0.42705000 0.12840240
0.42700000 0.12840479
0.42695000 0.12840719
0.42690000 0.12840958
0.42685000 0.12841197
0.42680000 0.12841436
0.42675000 0.12841675
0.42670000 0.12841913
0.42665000 0.12842151
0.42660000 0.12842388
0.42655000 0.12842625
0.42650000 0.12842862
0.42645000 0.12843099
0.42640000 0.12843335
0.42635000 0.12843571
0.42630000 0.12843807
0.42625000 0.12844042
0.42620000 0.12844278
0.42615000 0.12844512
0.42610000 0.12844747
0.42605000 0.12844981
0.42600000 0.12845215
0.42595000 0.12845449
0.42590000 0.12845682
0.42585000 0.12845915
0.42580000 0.12846148
0.42575000 0.12846380
0.42570000 0.12846613
0.42565000 0.12846844
0.42560000 0.12847076
0.42555000 0.12847307
0.42550000 0.12847538
0.42545000 0.12847769
0.42540000 0.12847999
0.42535000 0.12848229
0.42530000 0.12848459
0.42525000 0.12848689
0.42520000 0.12848918
0.42515000 0.12849147
0.42510000 0.12849375
0.42505000 0.12849604
0.42500000 0.12849832
0.42495000 0.12850059
0.42490000 0.12850287
0.42485000 0.12850514
0.42480000 0.12850741
0.42475000 0.12850967
0.42470000 0.12851193
0.42465000 0.12851419
0.42460000 0.12851645
0.42455000 0.12851870
0.42450000 0.12852095
0.42445000 0.12852320
0.42440000 0.12852544
0.42435000 0.12852768
0.42430000 0.12852992
0.42425000 0.12853216
0.42420000 0.12853439
0.42415000 0.12853662
0.42410000 0.12853885
0.42405000 0.12854107
0.42400000 0.12854329
0.42395000 0.12854551
0.42390000 0.12854772
0.42385000 0.12854993
0.42380000 0.12855214
0.42375000 0.12855435
0.42370000 0.12855655
0.42365000 0.12855875
0.42360000 0.12856094
0.42355000 0.12856314
0.42350000 0.12856533
0.42345000 0.12856752
0.42340000 0.12856970
0.42335000 0.12857188
0.42330000 0.12857406
0.42325000 0.12857624
0.42320000 0.12857841
0.42315000 0.12858058
0.42310000 0.12858275
0.42305000 0.12858491
0.42300000 0.12858707
0.42295000 0.12858923
0.42290000 0.12859138
0.42285000 0.12859353
0.42280000 0.12859568
0.42275000 0.12859783
0.42270000 0.12859997
0.42265000 0.12860211
0.42260000 0.12860425
0.42255000 0.12860638
0.42250000 0.12860851
0.42245000 0.12861064
0.42240000 0.12861277
0.42235000 0.12861489
0.42230000 0.12861701
0.42225000 0.12861912
0.42220000 0.12862124
0.42215000 0.12862335
0.42210000 0.12862545
0.42205000 0.12862756
0.42200000 0.12862966
0.42195000 0.12863176
0.42190000 0.12863385
0.42185000 0.12863594
0.42180000 0.12863803
0.42175000 0.12864012
0.42170000 0.12864220
0.42165000 0.12864428
0.42160000 0.12864636
0.42155000 0.12864843
0.42150000 0.12865050
0.42145000 0.12865257
0.42140000 0.12865464
0.42135000 0.12865670
0.42130000 0.12865876
0.42125000 0.12866082
0.42120000 0.12866287
0.42115000 0.12866492
0.42110000 0.12866697
0.42105000 0.12866901
0.42100000 0.12867105
0.42095000 0.12867309
0.42090000 0.12867513
0.42085000 0.12867716
0.42080000 0.12867919
0.42075000 0.12868122
0.42070000 0.12868324
0.42065000 0.12868526
0.42060000 0.12868728
0.42055000 0.12868929
0.42050000 0.12869130
0.42045000 0.12869331
0.42040000 0.12869532
0.42035000 0.12869732
0.42030000 0.12869932
0.42025000 0.12870132
0.42020000 0.12870331
0.42015000 0.12870530
0.42010000 0.12870729
0.42005000 0.12870928
0.42000000 0.12871126
0.41995000 0.12871324
0.41990000 0.12871521
0.41985000 0.12871719
0.41980000 0.12871915
0.41975000 0.12872112
0.41970000 0.12872309
0.41965000 0.12872505
0.41960000 0.12872700
0.41955000 0.12872896
0.41950000 0.12873091
0.41945000 0.12873286
0.41940000 0.12873481
0.41935000 0.12873675
0.41930000 0.12873869
0.41925000 0.12874063
0.41920000 0.12874256
0.41915000 0.12874449
0.41910000 0.12874642
0.41905000 0.12874835
0.41900000 0.12875027
0.41895000 0.12875219
0.41890000 0.12875410
0.41885000 0.12875602
0.41880000 0.12875793
0.41875000 0.12875984
0.41870000 0.12876174
0.41865000 0.12876364
0.41860000 0.12876554
0.41855000 0.12876743
0.41850000 0.12876933
0.41845000 0.12877122
0.41840000 0.12877310
0.41835000 0.12877499
0.41830000 0.12877687
0.41825000 0.12877874
0.41820000 0.12878062
0.41815000 0.12878249
0.41810000 0.12878436
0.41805000 0.12878622
0.41800000 0.12878809
0.41795000 0.12878995
0.41790000 0.12879180
0.41785000 0.12879366
0.41780000 0.12879551
0.41775000 0.12879736
0.41770000 0.12879920
0.41765000 0.12880104
0.41760000 0.12880288
0.41755000 0.12880472
0.41750000 0.12880655
0.41745000 0.12880838
0.41740000 0.12881021
0.41735000 0.12881203
0.41730000 0.12881385
0.41725000 0.12881567
0.41720000 0.12881748
0.41715000 0.12881930
0.41710000 0.12882110
0.41705000 0.12882291
0.41700000 0.12882471
0.41695000 0.12882651
0.41690000 0.12882831
0.41685000 0.12883010
0.41680000 0.12883190
0.41675000 0.12883368
0.41670000 0.12883547
0.41665000 0.12883725
0.41660000 0.12883903
0.41655000 0.12884081
0.41650000 0.12884258
0.41645000 0.12884435
0.41640000 0.12884612
0.41635000 0.12884788
0.41630000 0.12884964
0.41625000 0.12885140
0.41620000 0.12885316
0.41615000 0.12885491
0.41610000 0.12885666
0.41605000 0.12885840
0.41600000 0.12886015
0.41595000 0.12886189
0.41590000 0.12886363
0.41585000 0.12886536
0.41580000 0.12886709
0.41575000 0.12886882
0.41570000 0.12887055
0.41565000 0.12887227
0.41560000 0.12887399
0.41555000 0.12887570
0.41550000 0.12887742
0.41545000 0.12887913
0.41540000 0.12888084
0.41535000 0.12888254
0.41530000 0.12888424
0.41525000 0.12888594
0.41520000 0.12888764
0.41515000 0.12888933
0.41510000 0.12889102
0.41505000 0.12889271
0.41500000 0.12889439
0.41495000 0.12889607
0.41490000 0.12889775
0.41485000 0.12889942
0.41480000 0.12890109
0.41475000 0.12890276
0.41470000 0.12890443
0.41465000 0.12890609
0.41460000 0.12890775
0.41455000 0.12890941
0.41450000 0.12891106
0.41445000 0.12891271
0.41440000 0.12891436
0.41435000 0.12891601
0.41430000 0.12891765
0.41425000 0.12891929
0.41420000 0.12892092
0.41415000 0.12892256
0.41410000 0.12892419
0.41405000 0.12892581
0.41400000 0.12892744
0.41395000 0.12892906
0.41390000 0.12893068
0.41385000 0.12893229
0.41380000 0.12893391
0.41375000 0.12893551
0.41370000 0.12893712
0.41365000 0.12893872
0.41360000 0.12894032
0.41355000 0.12894192
0.41350000 0.12894352
0.41345000 0.12894511
0.41340000 0.12894670
0.41335000 0.12894828
0.41330000 0.12894986
0.41325000 0.12895144
0.41320000 0.12895302
0.41315000 0.12895459
0.41310000 0.12895616
0.41305000 0.12895773
0.41300000 0.12895930
0.41295000 0.12896086
0.41290000 0.12896242
0.41285000 0.12896397
0.41280000 0.12896552
0.41275000 0.12896707
0.41270000 0.12896862
0.41265000 0.12897016
0.41260000 0.12897170
0.41255000 0.12897324
0.41250000 0.12897478
0.41245000 0.12897631
0.41240000 0.12897784
0.41235000 0.12897936
0.41230000 0.12898089
0.41225000 0.12898241
0.41220000 0.12898392
0.41215000 0.12898544
0.41210000 0.12898695
0.41205000 0.12898846
0.41200000 0.12898996
0.41195000 0.12899146
0.41190000 0.12899296
0.41185000 0.12899446
0.41180000 0.12899595
0.41175000 0.12899744
0.41170000 0.12899893
0.41165000 0.12900041
0.41160000 0.12900189
0.41155000 0.12900337
0.41150000 0.12900485
0.41145000 0.12900632
0.41140000 0.12900779
0.41135000 0.12900925
0.41130000 0.12901072
0.41125000 0.12901218
0.41120000 0.12901363
0.41115000 0.12901509
0.41110000 0.12901654
0.41105000 0.12901799
0.41100000 0.12901943
0.41095000 0.12902088
0.41090000 0.12902231
0.41085000 0.12902375
0.41080000 0.12902518
0.41075000 0.12902661
0.41070000 0.12902804
0.41065000 0.12902947
0.41060000 0.12903089
0.41055000 0.12903231
0.41050000 0.12903372
0.41045000 0.12903513
0.41040000 0.12903654
0.41035000 0.12903795
0.41030000 0.12903935
0.41025000 0.12904076
0.41020000 0.12904215
0.41015000 0.12904355
0.41010000 0.12904494
0.41005000 0.12904633
0.41000000 0.12904771
0.40995000 0.12904910
0.40990000 0.12905048
0.40985000 0.12905185
0.40980000 0.12905323
0.40975000 0.12905460
0.40970000 0.12905597
0.40965000 0.12905733
0.40960000 0.12905869
0.40955000 0.12906005
0.40950000 0.12906141
0.40945000 0.12906276
0.40940000 0.12906411
0.40935000 0.12906546
0.40930000 0.12906680
0.40925000 0.12906814
0.40920000 0.12906948
0.40915000 0.12907082
0.40910000 0.12907215
0.40905000 0.12907348
0.40900000 0.12907480
0.40895000 0.12907613
0.40890000 0.12907745
0.40885000 0.12907876
0.40880000 0.12908008
0.40875000 0.12908139
0.40870000 0.12908270
0.40865000 0.12908400
0.40860000 0.12908530
0.40855000 0.12908660
0.40850000 0.12908790
0.40845000 0.12908919
0.40840000 0.12909048
0.40835000 0.12909177
0.40830000 0.12909306
0.40825000 0.12909434
0.40820000 0.12909562
0.40815000 0.12909689
0.40810000 0.12909816
0.40805000 0.12909943
0.40800000 0.12910070
0.40795000 0.12910196
0.40790000 0.12910322
0.40785000 0.12910448
0.40780000 0.12910574
0.40775000 0.12910699
0.40770000 0.12910824
0.40765000 0.12910948
0.40760000 0.12911073
0.40755000 0.12911196
0.40750000 0.12911320
0.40745000 0.12911444
0.40740000 0.12911567
0.40735000 0.12911689
0.40730000 0.12911812
0.40725000 0.12911934
0.40720000 0.12912056
0.40715000 0.12912178
0.40710000 0.12912299
0.40705000 0.12912420
0.40700000 0.12912541
0.40695000 0.12912661
0.40690000 0.12912781
0.40685000 0.12912901
0.40680000 0.12913020
0.40675000 0.12913140
0.40670000 0.12913258
0.40665000 0.12913377
0.40660000 0.12913495
0.40655000 0.12913613
0.40650000 0.12913731
0.40645000 0.12913849
0.40640000 0.12913966
0.40635000 0.12914083
0.40630000 0.12914199
0.40625000 0.12914315
0.40620000 0.12914431
0.40615000 0.12914547
0.40610000 0.12914662
0.40605000 0.12914777
0.40600000 0.12914892
0.40595000 0.12915006
0.40590000 0.12915121
0.40585000 0.12915234
0.40580000 0.12915348
0.40575000 0.12915461
0.40570000 0.12915574
0.40565000 0.12915687
0.40560000 0.12915799
0.40555000 0.12915911
0.40550000 0.12916023
0.40545000 0.12916135
0.40540000 0.12916246
0.40535000 0.12916357
0.40530000 0.12916467
0.40525000 0.12916577
0.40520000 0.12916687
0.40515000 0.12916797
0.40510000 0.12916906
0.40505000 0.12917016
0.40500000 0.12917124
0.40495000 0.12917233
0.40490000 0.12917341
0.40485000 0.12917449
0.40480000 0.12917556
0.40475000 0.12917664
0.40470000 0.12917771
0.40465000 0.12917877
0.40460000 0.12917984
0.40455000 0.12918090
0.40450000 0.12918196
0.40445000 0.12918301
0.40440000 0.12918407
0.40435000 0.12918511
0.40430000 0.12918616
0.40425000 0.12918720
0.40420000 0.12918824
0.40415000 0.12918928
0.40410000 0.12919032
0.40405000 0.12919135
0.40400000 0.12919238
0.40395000 0.12919340
0.40390000 0.12919442
0.40385000 0.12919544
0.40380000 0.12919646
0.40375000 0.12919747
0.40370000 0.12919848
0.40365000 0.12919949
0.40360000 0.12920050
0.40355000 0.12920150
0.40350000 0.12920250
0.40345000 0.12920349
0.40340000 0.12920448
0.40335000 0.12920547
0.40330000 0.12920646
0.40325000 0.12920744
0.40320000 0.12920842
0.40315000 0.12920940
0.40310000 0.12921038
0.40305000 0.12921135
0.40300000 0.12921232
0.40295000 0.12921328
0.40290000 0.12921425
0.40285000 0.12921521
0.40280000 0.12921616
0.40275000 0.12921712
0.40270000 0.12921807
0.40265000 0.12921902
0.40260000 0.12921996
0.40255000 0.12922090
0.40250000 0.12922184
0.40245000 0.12922278
0.40240000 0.12922371
0.40235000 0.12922464
0.40230000 0.12922557
0.40225000 0.12922649
0.40220000 0.12922741
0.40215000 0.12922833
0.40210000 0.12922925
0.40205000 0.12923016
0.40200000 0.12923107
0.40195000 0.12923197
0.40190000 0.12923288
0.40185000 0.12923378
0.40180000 0.12923468
0.40175000 0.12923557
0.40170000 0.12923646
0.40165000 0.12923735
0.40160000 0.12923824
0.40155000 0.12923912
0.40150000 0.12924000
0.40145000 0.12924087
0.40140000 0.12924175
0.40135000 0.12924262
0.40130000 0.12924349
0.40125000 0.12924435
0.40120000 0.12924521
0.40115000 0.12924607
0.40110000 0.12924693
0.40105000 0.12924778
0.40100000 0.12924863
0.40095000 0.12924948
0.40090000 0.12925032
0.40085000 0.12925116
0.40080000 0.12925200
0.40075000 0.12925283
0.40070000 0.12925367
0.40065000 0.12925449
0.40060000 0.12925532
0.40055000 0.12925614
0.40050000 0.12925696
0.40045000 0.12925778
0.40040000 0.12925860
0.40035000 0.12925941
0.40030000 0.12926021
0.40025000 0.12926102
0.40020000 0.12926182
0.40015000 0.12926262
0.40010000 0.12926342
0.40005000 0.12926421
0.40000000 0.12926500
0.39995000 0.12926579
0.39990000 0.12926657
0.39985000 0.12926735
0.39980000 0.12926813
0.39975000 0.12926891
0.39970000 0.12926968
0.39965000 0.12927045
0.39960000 0.12927122
0.39955000 0.12927198
0.39950000 0.12927274
0.39945000 0.12927350
0.39940000 0.12927425
0.39935000 0.12927500
0.39930000 0.12927575
0.39925000 0.12927650
0.39920000 0.12927724
0.39915000 0.12927798
0.39910000 0.12927872
0.39905000 0.12927945
0.39900000 0.12928018
0.39895000 0.12928091
0.39890000 0.12928164
0.39885000 0.12928236
0.39880000 0.12928308
0.39875000 0.12928379
0.39870000 0.12928450
0.39865000 0.12928521
0.39860000 0.12928592
0.39855000 0.12928663
0.39850000 0.12928733
0.39845000 0.12928803
0.39840000 0.12928872
0.39835000 0.12928941
0.39830000 0.12929010
0.39825000 0.12929079
0.39820000 0.12929147
0.39815000 0.12929215
0.39810000 0.12929283
0.39805000 0.12929350
0.39800000 0.12929417
0.39795000 0.12929484
0.39790000 0.12929551
0.39785000 0.12929617
0.39780000 0.12929683
0.39775000 0.12929749
0.39770000 0.12929814
0.39765000 0.12929879
0.39760000 0.12929944
0.39755000 0.12930008
0.39750000 0.12930072
0.39745000 0.12930136
0.39740000 0.12930200
0.39735000 0.12930263
0.39730000 0.12930326
0.39725000 0.12930389
0.39720000 0.12930451
0.39715000 0.12930513
0.39710000 0.12930575
0.39705000 0.12930637
0.39700000 0.12930698
0.39695000 0.12930759
0.39690000 0.12930819
0.39685000 0.12930880
0.39680000 0.12930940
0.39675000 0.12930999
0.39670000 0.12931059
0.39665000 0.12931118
0.39660000 0.12931177
0.39655000 0.12931235
0.39650000 0.12931293
0.39645000 0.12931351
0.39640000 0.12931409
0.39635000 0.12931466
0.39630000 0.12931523
0.39625000 0.12931580
0.39620000 0.12931636
0.39615000 0.12931693
0.39610000 0.12931748
0.39605000 0.12931804
0.39600000 0.12931859
0.39595000 0.12931914
0.39590000 0.12931969
0.39585000 0.12932023
0.39580000 0.12932077
0.39575000 0.12932131
0.39570000 0.12932185
0.39565000 0.12932238
0.39560000 0.12932291
0.39555000 0.12932343
0.39550000 0.12932395
0.39545000 0.12932447
0.39540000 0.12932499
0.39535000 0.12932550
0.39530000 0.12932602
0.39525000 0.12932652
0.39520000 0.12932703
0.39515000 0.12932753
0.39510000 0.12932803
0.39505000 0.12932853
0.39500000 0.12932902
0.39495000 0.12932951
0.39490000 0.12933000
0.39485000 0.12933048
0.39480000 0.12933096
0.39475000 0.12933144
0.39470000 0.12933192
0.39465000 0.12933239
0.39460000 0.12933286
0.39455000 0.12933332
0.39450000 0.12933379
0.39445000 0.12933425
0.39440000 0.12933470
0.39435000 0.12933516
0.39430000 0.12933561
0.39425000 0.12933606
0.39420000 0.12933650
0.39415000 0.12933695
0.39410000 0.12933739
0.39405000 0.12933782
0.39400000 0.12933826
0.39395000 0.12933869
0.39390000 0.12933912
0.39385000 0.12933954
0.39380000 0.12933996
0.39375000 0.12934038
0.39370000 0.12934080
0.39365000 0.12934121
0.39360000 0.12934162
0.39355000 0.12934203
0.39350000 0.12934243
0.39345000 0.12934283
0.39340000 0.12934323
0.39335000 0.12934363
0.39330000 0.12934402
0.39325000 0.12934441
0.39320000 0.12934479
0.39315000 0.12934518
0.39310000 0.12934556
0.39305000 0.12934593
0.39300000 0.12934631
0.39295000 0.12934668
0.39290000 0.12934705
0.39285000 0.12934741
0.39280000 0.12934778
0.39275000 0.12934814
0.39270000 0.12934849
0.39265000 0.12934885
0.39260000 0.12934920
0.39255000 0.12934954
0.39250000 0.12934989
0.39245000 0.12935023
0.39240000 0.12935057
0.39235000 0.12935090
0.39230000 0.12935124
0.39225000 0.12935157
0.39220000 0.12935189
0.39215000 0.12935222
0.39210000 0.12935254
0.39205000 0.12935286
0.39200000 0.12935317
0.39195000 0.12935348
0.39190000 0.12935379
0.39185000 0.12935410
0.39180000 0.12935440
0.39175000 0.12935470
0.39170000 0.12935500
0.39165000 0.12935529
0.39160000 0.12935559
0.39155000 0.12935587
0.39150000 0.12935616
0.39145000 0.12935644
0.39140000 0.12935672
0.39135000 0.12935700
0.39130000 0.12935727
0.39125000 0.12935754
0.39120000 0.12935781
0.39115000 0.12935807
0.39110000 0.12935833
0.39105000 0.12935859
0.39100000 0.12935885
0.39095000 0.12935910
0.39090000 0.12935935
0.39085000 0.12935960
0.39080000 0.12935984
0.39075000 0.12936008
0.39070000 0.12936032
0.39065000 0.12936056
0.39060000 0.12936079
0.39055000 0.12936102
0.39050000 0.12936124
0.39045000 0.12936147
0.39040000 0.12936169
0.39035000 0.12936190
0.39030000 0.12936212
0.39025000 0.12936233
0.39020000 0.12936254
0.39015000 0.12936274
0.39010000 0.12936294
0.39005000 0.12936314
0.39000000 0.12936334
0.38995000 0.12936353
0.38990000 0.12936372
0.38985000 0.12936391
0.38980000 0.12936410
0.38975000 0.12936428
0.38970000 0.12936446
0.38965000 0.12936463
0.38960000 0.12936480
0.38955000 0.12936497
0.38950000 0.12936514
0.38945000 0.12936530
0.38940000 0.12936546
0.38935000 0.12936562
0.38930000 0.12936578
0.38925000 0.12936593
0.38920000 0.12936608
0.38915000 0.12936622
0.38910000 0.12936637
0.38905000 0.12936651
0.38900000 0.12936664
0.38895000 0.12936678
0.38890000 0.12936691
0.38885000 0.12936704
0.38880000 0.12936716
0.38875000 0.12936728
0.38870000 0.12936740
0.38865000 0.12936752
0.38860000 0.12936763
0.38855000 0.12936774
0.38850000 0.12936785
0.38845000 0.12936796
0.38840000 0.12936806
0.38835000 0.12936816
0.38830000 0.12936825
0.38825000 0.12936834
0.38820000 0.12936843
0.38815000 0.12936852
0.38810000 0.12936860
0.38805000 0.12936869
0.38800000 0.12936876
0.38795000 0.12936884
0.38790000 0.12936891
0.38785000 0.12936898
0.38780000 0.12936904
0.38775000 0.12936911
0.38770000 0.12936917
0.38765000 0.12936922
0.38760000 0.12936928
0.38755000 0.12936933
0.38750000 0.12936938
0.38745000 0.12936942
0.38740000 0.12936947
0.38735000 0.12936951
0.38730000 0.12936954
0.38725000 0.12936957
0.38720000 0.12936961
0.38715000 0.12936963
0.38710000 0.12936966
0.38705000 0.12936968
0.38700000 0.12936970
0.38695000 0.12936971
0.38690000 0.12936973
0.38685000 0.12936974
0.38680000 0.12936974
0.38675000 0.12936975
0.38670000 0.12936975
0.38665000 0.12936974
0.38660000 0.12936974
0.38655000 0.12936973
0.38650000 0.12936972
0.38645000 0.12936971
0.38640000 0.12936969
0.38635000 0.12936967
0.38630000 0.12936965
0.38625000 0.12936962
0.38620000 0.12936959
0.38615000 0.12936956
0.38610000 0.12936953
0.38605000 0.12936949
0.38600000 0.12936945
0.38595000 0.12936940
0.38590000 0.12936936
0.38585000 0.12936931
0.38580000 0.12936925
0.38575000 0.12936920
0.38570000 0.12936914
0.38565000 0.12936908
0.38560000 0.12936901
0.38555000 0.12936895
0.38550000 0.12936888
0.38545000 0.12936880
0.38540000 0.12936873
0.38535000 0.12936865
0.38530000 0.12936857
0.38525000 0.12936848
0.38520000 0.12936839
0.38515000 0.12936830
0.38510000 0.12936821
0.38505000 0.12936811
0.38500000 0.12936801
0.38495000 0.12936791
0.38490000 0.12936780
0.38485000 0.12936769
0.38480000 0.12936758
0.38475000 0.12936747
0.38470000 0.12936735
0.38465000 0.12936723
0.38460000 0.12936711
0.38455000 0.12936698
0.38450000 0.12936685
0.38445000 0.12936672
0.38440000 0.12936658
0.38435000 0.12936644
0.38430000 0.12936630
0.38425000 0.12936616
0.38420000 0.12936601
0.38415000 0.12936586
0.38410000 0.12936571
0.38405000 0.12936555
0.38400000 0.12936539
0.38395000 0.12936523
0.38390000 0.12936507
0.38385000 0.12936490
0.38380000 0.12936473
0.38375000 0.12936455
0.38370000 0.12936438
0.38365000 0.12936420
0.38360000 0.12936402
0.38355000 0.12936383
0.38350000 0.12936364
0.38345000 0.12936345
0.38340000 0.12936325
0.38335000 0.12936306
0.38330000 0.12936286
0.38325000 0.12936265
0.38320000 0.12936245
0.38315000 0.12936224
0.38310000 0.12936203
0.38305000 0.12936181
0.38300000 0.12936159
0.38295000 0.12936137
0.38290000 0.12936115
0.38285000 0.12936092
0.38280000 0.12936069
0.38275000 0.12936046
0.38270000 0.12936022
0.38265000 0.12935998
0.38260000 0.12935974
0.38255000 0.12935950
0.38250000 0.12935925
0.38245000 0.12935900
0.38240000 0.12935874
0.38235000 0.12935849
0.38230000 0.12935823
0.38225000 0.12935797
0.38220000 0.12935770
0.38215000 0.12935743
0.38210000 0.12935716
0.38205000 0.12935689
0.38200000 0.12935661
0.38195000 0.12935633
0.38190000 0.12935605
0.38185000 0.12935576
0.38180000 0.12935547
0.38175000 0.12935518
0.38170000 0.12935488
0.38165000 0.12935458
0.38160000 0.12935428
0.38155000 0.12935398
0.38150000 0.12935367
0.38145000 0.12935336
0.38140000 0.12935305
0.38135000 0.12935274
0.38130000 0.12935242
0.38125000 0.12935209
0.38120000 0.12935177
0.38115000 0.12935144
0.38110000 0.12935111
0.38105000 0.12935078
0.38100000 0.12935044
0.38095000 0.12935010
0.38090000 0.12934976
0.38085000 0.12934942
0.38080000 0.12934907
0.38075000 0.12934872
0.38070000 0.12934836
0.38065000 0.12934801
0.38060000 0.12934765
0.38055000 0.12934728
0.38050000 0.12934692
0.38045000 0.12934655
0.38040000 0.12934618
0.38035000 0.12934580
0.38030000 0.12934542
0.38025000 0.12934504
0.38020000 0.12934466
0.38015000 0.12934427
0.38010000 0.12934388
0.38005000 0.12934349
0.38000000 0.12934309
0.37995000 0.12934270
0.37990000 0.12934230
0.37985000 0.12934189
0.37980000 0.12934148
0.37975000 0.12934107
0.37970000 0.12934066
0.37965000 0.12934024
0.37960000 0.12933983
0.37955000 0.12933940
0.37950000 0.12933898
0.37945000 0.12933855
0.37940000 0.12933812
0.37935000 0.12933769
0.37930000 0.12933725
0.37925000 0.12933681
0.37920000 0.12933637
0.37915000 0.12933592
0.37910000 0.12933547
0.37905000 0.12933502
0.37900000 0.12933457
0.37895000 0.12933411
0.37890000 0.12933365
0.37885000 0.12933319
0.37880000 0.12933272
0.37875000 0.12933225
0.37870000 0.12933178
0.37865000 0.12933130
0.37860000 0.12933082
0.37855000 0.12933034
0.37850000 0.12932986
0.37845000 0.12932937
0.37840000 0.12932888
0.37835000 0.12932839
0.37830000 0.12932789
0.37825000 0.12932740
0.37820000 0.12932689
0.37815000 0.12932639
0.37810000 0.12932588
0.37805000 0.12932537
0.37800000 0.12932486
0.37795000 0.12932434
0.37790000 0.12932382
0.37785000 0.12932330
0.37780000 0.12932277
0.37775000 0.12932225
0.37770000 0.12932171
0.37765000 0.12932118
0.37760000 0.12932064
0.37755000 0.12932010
0.37750000 0.12931956
0.37745000 0.12931901
0.37740000 0.12931847
0.37735000 0.12931791
0.37730000 0.12931736
0.37725000 0.12931680
0.37720000 0.12931624
0.37715000 0.12931568
0.37710000 0.12931511
0.37705000 0.12931454
0.37700000 0.12931397
0.37695000 0.12931339
0.37690000 0.12931281
0.37685000 0.12931223
0.37680000 0.12931165
0.37675000 0.12931106
0.37670000 0.12931047
0.37665000 0.12930988
0.37660000 0.12930928
0.37655000 0.12930868
0.37650000 0.12930808
0.37645000 0.12930748
0.37640000 0.12930687
0.37635000 0.12930626
0.37630000 0.12930564
0.37625000 0.12930503
0.37620000 0.12930441
0.37615000 0.12930379
0.37610000 0.12930316
0.37605000 0.12930253
0.37600000 0.12930190
0.37595000 0.12930127
0.37590000 0.12930063
0.37585000 0.12929999
0.37580000 0.12929934
0.37575000 0.12929870
0.37570000 0.12929805
0.37565000 0.12929740
0.37560000 0.12929674
0.37555000 0.12929608
0.37550000 0.12929542
0.37545000 0.12929476
0.37540000 0.12929409
0.37535000 0.12929342
0.37530000 0.12929275
0.37525000 0.12929208
0.37520000 0.12929140
0.37515000 0.12929072
0.37510000 0.12929003
0.37505000 0.12928934
0.37500000 0.12928865
0.37495000 0.12928796
0.37490000 0.12928726
0.37485000 0.12928656
0.37480000 0.12928586
0.37475000 0.12928516
0.37470000 0.12928445
0.37465000 0.12928374
0.37460000 0.12928302
0.37455000 0.12928231
0.37450000 0.12928159
0.37445000 0.12928086
0.37440000 0.12928014
0.37435000 0.12927941
0.37430000 0.12927868
0.37425000 0.12927794
0.37420000 0.12927721
0.37415000 0.12927647
0.37410000 0.12927572
0.37405000 0.12927498
0.37400000 0.12927423
0.37395000 0.12927348
0.37390000 0.12927272
0.37385000 0.12927196
0.37380000 0.12927120
0.37375000 0.12927044
0.37370000 0.12926967
0.37365000 0.12926890
0.37360000 0.12926813
0.37355000 0.12926735
0.37350000 0.12926657
0.37345000 0.12926579
0.37340000 0.12926501
0.37335000 0.12926422
0.37330000 0.12926343
0.37325000 0.12926264
0.37320000 0.12926184
0.37315000 0.12926104
0.37310000 0.12926024
0.37305000 0.12925943
0.37300000 0.12925862
0.37295000 0.12925781
0.37290000 0.12925700
0.37285000 0.12925618
0.37280000 0.12925536
0.37275000 0.12925454
0.37270000 0.12925371
0.37265000 0.12925289
0.37260000 0.12925205
0.37255000 0.12925122
0.37250000 0.12925038
0.37245000 0.12924954
0.37240000 0.12924870
0.37235000 0.12924785
0.37230000 0.12924700
0.37225000 0.12924615
0.37220000 0.12924530
0.37215000 0.12924444
0.37210000 0.12924358
0.37205000 0.12924271
0.37200000 0.12924185
0.37195000 0.12924098
0.37190000 0.12924010
0.37185000 0.12923923
0.37180000 0.12923835
0.37175000 0.12923747
0.37170000 0.12923658
0.37165000 0.12923569
0.37160000 0.12923480
0.37155000 0.12923391
0.37150000 0.12923301
0.37145000 0.12923211
0.37140000 0.12923121
0.37135000 0.12923031
0.37130000 0.12922940
0.37125000 0.12922849
0.37120000 0.12922757
0.37115000 0.12922666
0.37110000 0.12922574
0.37105000 0.12922481
0.37100000 0.12922389
0.37095000 0.12922296
0.37090000 0.12922203
0.37085000 0.12922109
0.37080000 0.12922016
0.37075000 0.12921922
0.37070000 0.12921827
0.37065000 0.12921733
0.37060000 0.12921638
0.37055000 0.12921543
0.37050000 0.12921447
0.37045000 0.12921351
0.37040000 0.12921255
0.37035000 0.12921159
0.37030000 0.12921062
0.37025000 0.12920965
0.37020000 0.12920868
0.37015000 0.12920770
0.37010000 0.12920672
0.37005000 0.12920574
0.37000000 0.12920476
0.36995000 0.12920377
0.36990000 0.12920278
0.36985000 0.12920179
0.36980000 0.12920079
0.36975000 0.12919979
0.36970000 0.12919879
0.36965000 0.12919778
0.36960000 0.12919678
0.36955000 0.12919576
0.36950000 0.12919475
0.36945000 0.12919373
0.36940000 0.12919271
0.36935000 0.12919169
0.36930000 0.12919067
0.36925000 0.12918964
0.36920000 0.12918861
0.36915000 0.12918757
0.36910000 0.12918653
0.36905000 0.12918549
0.36900000 0.12918445
0.36895000 0.12918340
0.36890000 0.12918236
0.36885000 0.12918130
0.36880000 0.12918025
0.36875000 0.12917919
0.36870000 0.12917813
0.36865000 0.12917707
0.36860000 0.12917600
0.36855000 0.12917493
0.36850000 0.12917386
0.36845000 0.12917278
0.36840000 0.12917170
0.36835000 0.12917062
0.36830000 0.12916954
0.36825000 0.12916845
0.36820000 0.12916736
0.36815000 0.12916627
0.36810000 0.12916517
0.36805000 0.12916407
0.36800000 0.12916297
0.36795000 0.12916186
0.36790000 0.12916076
0.36785000 0.12915965
0.36780000 0.12915853
0.36775000 0.12915742
0.36770000 0.12915630
0.36765000 0.12915517
0.36760000 0.12915405
0.36755000 0.12915292
0.36750000 0.12915179
0.36745000 0.12915065
0.36740000 0.12914952
0.36735000 0.12914838
0.36730000 0.12914723
0.36725000 0.12914609
0.36720000 0.12914494
0.36715000 0.12914379
0.36710000 0.12914263
0.36705000 0.12914147
0.36700000 0.12914031
0.36695000 0.12913915
0.36690000 0.12913798
0.36685000 0.12913681
0.36680000 0.12913564
0.36675000 0.12913447
0.36670000 0.12913329
0.36665000 0.12913211
0.36660000 0.12913092
0.36655000 0.12912974
0.36650000 0.12912855
0.36645000 0.12912735
0.36640000 0.12912616
0.36635000 0.12912496
0.36630000 0.12912376
0.36625000 0.12912255
0.36620000 0.12912135
0.36615000 0.12912013
0.36610000 0.12911892
0.36605000 0.12911770
0.36600000 0.12911649
0.36595000 0.12911526
0.36590000 0.12911404
0.36585000 0.12911281
0.36580000 0.12911158
0.36575000 0.12911035
0.36570000 0.12910911
0.36565000 0.12910787
0.36560000 0.12910663
0.36555000 0.12910538
0.36550000 0.12910413
0.36545000 0.12910288
0.36540000 0.12910163
0.36535000 0.12910037
0.36530000 0.12909911
0.36525000 0.12909784
0.36520000 0.12909658
0.36515000 0.12909531
0.36510000 0.12909404
0.36505000 0.12909276
0.36500000 0.12909148
0.36495000 0.12909020
0.36490000 0.12908892
0.36485000 0.12908763
0.36480000 0.12908634
0.36475000 0.12908505
0.36470000 0.12908376
0.36465000 0.12908246
0.36460000 0.12908116
0.36455000 0.12907985
0.36450000 0.12907854
0.36445000 0.12907723
0.36440000 0.12907592
0.36435000 0.12907461
0.36430000 0.12907329
0.36425000 0.12907197
0.36420000 0.12907064
0.36415000 0.12906931
0.36410000 0.12906798
0.36405000 0.12906665
0.36400000 0.12906531
0.36395000 0.12906397
0.36390000 0.12906263
0.36385000 0.12906129
0.36380000 0.12905994
0.36375000 0.12905859
0.36370000 0.12905723
0.36365000 0.12905588
0.36360000 0.12905452
0.36355000 0.12905315
0.36350000 0.12905179
0.36345000 0.12905042
0.36340000 0.12904905
0.36335000 0.12904767
0.36330000 0.12904629
0.36325000 0.12904491
0.36320000 0.12904353
0.36315000 0.12904214
0.36310000 0.12904076
0.36305000 0.12903936
0.36300000 0.12903797
0.36295000 0.12903657
0.36290000 0.12903517
0.36285000 0.12903377
0.36280000 0.12903236
0.36275000 0.12903095
0.36270000 0.12902954
0.36265000 0.12902812
0.36260000 0.12902670
0.36255000 0.12902528
0.36250000 0.12902386
0.36245000 0.12902243
0.36240000 0.12902100
0.36235000 0.12901957
0.36230000 0.12901813
0.36225000 0.12901669
0.36220000 0.12901525
0.36215000 0.12901381
0.36210000 0.12901236
0.36205000 0.12901091
0.36200000 0.12900945
0.36195000 0.12900800
0.36190000 0.12900654
0.36185000 0.12900508
0.36180000 0.12900361
0.36175000 0.12900214
0.36170000 0.12900067
0.36165000 0.12899920
0.36160000 0.12899772
0.36155000 0.12899624
0.36150000 0.12899476
0.36145000 0.12899327
0.36140000 0.12899178
0.36135000 0.12899029
0.36130000 0.12898880
0.36125000 0.12898730
0.36120000 0.12898580
0.36115000 0.12898430
0.36110000 0.12898279
0.36105000 0.12898128
0.36100000 0.12897977
0.36095000 0.12897826
0.36090000 0.12897674
0.36085000 0.12897522
0.36080000 0.12897369
0.36075000 0.12897217
0.36070000 0.12897064
0.36065000 0.12896910
0.36060000 0.12896757
0.36055000 0.12896603
0.36050000 0.12896449
0.36045000 0.12896295
0.36040000 0.12896140
0.36035000 0.12895985
0.36030000 0.12895830
0.36025000 0.12895674
0.36020000 0.12895518
0.36015000 0.12895362
0.36010000 0.12895206
0.36005000 0.12895049
0.36000000 0.12894892
0.35995000 0.12894734
0.35990000 0.12894577
0.35985000 0.12894419
0.35980000 0.12894261
0.35975000 0.12894102
0.35970000 0.12893943
0.35965000 0.12893784
0.35960000 0.12893625
0.35955000 0.12893465
0.35950000 0.12893305
0.35945000 0.12893145
0.35940000 0.12892984
0.35935000 0.12892824
0.35930000 0.12892662
0.35925000 0.12892501
0.35920000 0.12892339
0.35915000 0.12892177
0.35910000 0.12892015
0.35905000 0.12891852
0.35900000 0.12891690
0.35895000 0.12891526
0.35890000 0.12891363
0.35885000 0.12891199
0.35880000 0.12891035
0.35875000 0.12890871
0.35870000 0.12890706
0.35865000 0.12890541
0.35860000 0.12890376
0.35855000 0.12890211
0.35850000 0.12890045
0.35845000 0.12889879
0.35840000 0.12889712
0.35835000 0.12889546
0.35830000 0.12889379
0.35825000 0.12889211
0.35820000 0.12889044
0.35815000 0.12888876
0.35810000 0.12888708
0.35805000 0.12888539
0.35800000 0.12888371
0.35795000 0.12888202
0.35790000 0.12888032
0.35785000 0.12887863
0.35780000 0.12887693
0.35775000 0.12887523
0.35770000 0.12887352
0.35765000 0.12887181
0.35760000 0.12887010
0.35755000 0.12886839
0.35750000 0.12886667
0.35745000 0.12886496
0.35740000 0.12886323
0.35735000 0.12886151
0.35730000 0.12885978
0.35725000 0.12885805
0.35720000 0.12885632
0.35715000 0.12885458
0.35710000 0.12885284
0.35705000 0.12885110
0.35700000 0.12884935
0.35695000 0.12884760
0.35690000 0.12884585
0.35685000 0.12884410
0.35680000 0.12884234
0.35675000 0.12884058
0.35670000 0.12883882
0.35665000 0.12883705
0.35660000 0.12883528
0.35655000 0.12883351
0.35650000 0.12883174
0.35645000 0.12882996
0.35640000 0.12882818
0.35635000 0.12882639
0.35630000 0.12882461
0.35625000 0.12882282
0.35620000 0.12882103
0.35615000 0.12881923
0.35610000 0.12881743
0.35605000 0.12881563
0.35600000 0.12881383
0.35595000 0.12881202
0.35590000 0.12881021
0.35585000 0.12880840
0.35580000 0.12880658
0.35575000 0.12880477
0.35570000 0.12880294
0.35565000 0.12880112
0.35560000 0.12879929
0.35555000 0.12879746
0.35550000 0.12879563
0.35545000 0.12879379
0.35540000 0.12879196
0.35535000 0.12879011
0.35530000 0.12878827
0.35525000 0.12878642
0.35520000 0.12878457
0.35515000 0.12878272
0.35510000 0.12878086
0.35505000 0.12877900
0.35500000 0.12877714
0.35495000 0.12877528
0.35490000 0.12877341
0.35485000 0.12877154
0.35480000 0.12876966
0.35475000 0.12876779
0.35470000 0.12876591
0.35465000 0.12876402
0.35460000 0.12876214
0.35455000 0.12876025
0.35450000 0.12875836
0.35445000 0.12875647
0.35440000 0.12875457
0.35435000 0.12875267
0.35430000 0.12875077
0.35425000 0.12874886
0.35420000 0.12874695
0.35415000 0.12874504
0.35410000 0.12874313
0.35405000 0.12874121
0.35400000 0.12873929
0.35395000 0.12873736
0.35390000 0.12873544
0.35385000 0.12873351
0.35380000 0.12873158
0.35375000 0.12872964
0.35370000 0.12872770
0.35365000 0.12872576
0.35360000 0.12872382
0.35355000 0.12872187
0.35350000 0.12871992
0.35345000 0.12871797
0.35340000 0.12871602
0.35335000 0.12871406
0.35330000 0.12871210
0.35325000 0.12871013
0.35320000 0.12870817
0.35315000 0.12870620
0.35310000 0.12870422
0.35305000 0.12870225
0.35300000 0.12870027
0.35295000 0.12869829
0.35290000 0.12869630
0.35285000 0.12869432
0.35280000 0.12869233
0.35275000 0.12869033
0.35270000 0.12868834
0.35265000 0.12868634
0.35260000 0.12868434
0.35255000 0.12868233
0.35250000 0.12868033
0.35245000 0.12867832
0.35240000 0.12867630
0.35235000 0.12867429
0.35230000 0.12867227
0.35225000 0.12867024
0.35220000 0.12866822
0.35215000 0.12866619
0.35210000 0.12866416
0.35205000 0.12866213
0.35200000 0.12866009
0.35195000 0.12865805
0.35190000 0.12865601
0.35185000 0.12865396
0.35180000 0.12865191
0.35175000 0.12864986
0.35170000 0.12864781
0.35165000 0.12864575
0.35160000 0.12864369
0.35155000 0.12864163
0.35150000 0.12863956
0.35145000 0.12863750
0.35140000 0.12863542
0.35135000 0.12863335
0.35130000 0.12863127
0.35125000 0.12862919
0.35120000 0.12862711
0.35115000 0.12862502
0.35110000 0.12862293
0.35105000 0.12862084
0.35100000 0.12861875
0.35095000 0.12861665
0.35090000 0.12861455
0.35085000 0.12861245
0.35080000 0.12861034
0.35075000 0.12860823
0.35070000 0.12860612
0.35065000 0.12860400
0.35060000 0.12860188
0.35055000 0.12859976
0.35050000 0.12859764
0.35045000 0.12859551
0.35040000 0.12859338
0.35035000 0.12859125
0.35030000 0.12858912
0.35025000 0.12858698
0.35020000 0.12858484
0.35015000 0.12858269
0.35010000 0.12858054
0.35005000 0.12857839
0.35000000 0.12857624
0.34995000 0.12857409
0.34990000 0.12857193
0.34985000 0.12856977
0.34980000 0.12856760
0.34975000 0.12856543
0.34970000 0.12856326
0.34965000 0.12856109
0.34960000 0.12855891
0.34955000 0.12855674
0.34950000 0.12855455
0.34945000 0.12855237
0.34940000 0.12855018
0.34935000 0.12854799
0.34930000 0.12854580
0.34925000 0.12854360
0.34920000 0.12854140
0.34915000 0.12853920
0.34910000 0.12853699
0.34905000 0.12853479
0.34900000 0.12853258
0.34895000 0.12853036
0.34890000 0.12852815
0.34885000 0.12852593
0.34880000 0.12852370
0.34875000 0.12852148
0.34870000 0.12851925
0.34865000 0.12851702
0.34860000 0.12851478
0.34855000 0.12851255
0.34850000 0.12851031
0.34845000 0.12850806
0.34840000 0.12850582
0.34835000 0.12850357
0.34830000 0.12850132
0.34825000 0.12849906
0.34820000 0.12849681
0.34815000 0.12849455
0.34810000 0.12849228
0.34805000 0.12849002
0.34800000 0.12848775
0.34795000 0.12848548
0.34790000 0.12848320
0.34785000 0.12848093
0.34780000 0.12847864
0.34775000 0.12847636
0.34770000 0.12847407
0.34765000 0.12847179
0.34760000 0.12846949
0.34755000 0.12846720
0.34750000 0.12846490
0.34745000 0.12846260
0.34740000 0.12846030
0.34735000 0.12845799
0.34730000 0.12845568
0.34725000 0.12845337
0.34720000 0.12845105
0.34715000 0.12844873
0.34710000 0.12844641
0.34705000 0.12844409
0.34700000 0.12844176
0.34695000 0.12843943
0.34690000 0.12843710
0.34685000 0.12843476
0.34680000 0.12843243
0.34675000 0.12843008
0.34670000 0.12842774
0.34665000 0.12842539
0.34660000 0.12842304
0.34655000 0.12842069
0.34650000 0.12841833
0.34645000 0.12841598
0.34640000 0.12841361
0.34635000 0.12841125
0.34630000 0.12840888
0.34625000 0.12840651
0.34620000 0.12840414
0.34615000 0.12840176
0.34610000 0.12839938
0.34605000 0.12839700
0.34600000 0.12839462
0.34595000 0.12839223
0.34590000 0.12838984
0.34585000 0.12838745
0.34580000 0.12838505
0.34575000 0.12838265
0.34570000 0.12838025
0.34565000 0.12837784
0.34560000 0.12837543
0.34555000 0.12837302
0.34550000 0.12837061
0.34545000 0.12836819
0.34540000 0.12836577
0.34535000 0.12836335
0.34530000 0.12836093
0.34525000 0.12835850
0.34520000 0.12835607
0.34515000 0.12835363
0.34510000 0.12835120
0.34505000 0.12834876
0.34500000 0.12834631
0.34495000 0.12834387
0.34490000 0.12834142
0.34485000 0.12833897
0.34480000 0.12833651
0.34475000 0.12833406
0.34470000 0.12833160
0.34465000 0.12832913
0.34460000 0.12832667
0.34455000 0.12832420
0.34450000 0.12832173
0.34445000 0.12831925
0.34440000 0.12831678
0.34435000 0.12831430
0.34430000 0.12831181
0.34425000 0.12830933
0.34420000 0.12830684
0.34415000 0.12830434
0.34410000 0.12830185
0.34405000 0.12829935
0.34400000 0.12829685
0.34395000 0.12829435
0.34390000 0.12829184
0.34385000 0.12828933
0.34380000 0.12828682
0.34375000 0.12828431
0.34370000 0.12828179
0.34365000 0.12827927
0.34360000 0.12827674
0.34355000 0.12827422
0.34350000 0.12827169
0.34345000 0.12826916
0.34340000 0.12826662
0.34335000 0.12826408
0.34330000 0.12826154
0.34325000 0.12825900
0.34320000 0.12825645
0.34315000 0.12825390
0.34310000 0.12825135
0.34305000 0.12824879
0.34300000 0.12824623
0.34295000 0.12824367
0.34290000 0.12824111
0.34285000 0.12823854
0.34280000 0.12823597
0.34275000 0.12823340
0.34270000 0.12823082
0.34265000 0.12822824
0.34260000 0.12822566
0.34255000 0.12822308
0.34250000 0.12822049
0.34245000 0.12821790
0.34240000 0.12821531
0.34235000 0.12821271
0.34230000 0.12821011
0.34225000 0.12820751
0.34220000 0.12820491
0.34215000 0.12820230
0.34210000 0.12819969
0.34205000 0.12819708
0.34200000 0.12819446
0.34195000 0.12819184
0.34190000 0.12818922
0.34185000 0.12818659
0.34180000 0.12818397
0.34175000 0.12818134
0.34170000 0.12817870
0.34165000 0.12817607
0.34160000 0.12817343
0.34155000 0.12817078
0.34150000 0.12816814
0.34145000 0.12816549
0.34140000 0.12816284
0.34135000 0.12816019
0.34130000 0.12815753
0.34125000 0.12815487
0.34120000 0.12815221
0.34115000 0.12814954
0.34110000 0.12814687
0.34105000 0.12814420
0.34100000 0.12814153
0.34095000 0.12813885
0.34090000 0.12813617
0.34085000 0.12813349
0.34080000 0.12813081
0.34075000 0.12812812
0.34070000 0.12812543
0.34065000 0.12812273
0.34060000 0.12812003
0.34055000 0.12811733
0.34050000 0.12811463
0.34045000 0.12811193
0.34040000 0.12810922
0.34035000 0.12810651
0.34030000 0.12810379
0.34025000 0.12810107
0.34020000 0.12809835
0.34015000 0.12809563
0.34010000 0.12809291
0.34005000 0.12809018
0.34000000 0.12808745
0.33995000 0.12808471
0.33990000 0.12808197
0.33985000 0.12807923
0.33980000 0.12807649
0.33975000 0.12807374
0.33970000 0.12807100
0.33965000 0.12806824
0.33960000 0.12806549
0.33955000 0.12806273
0.33950000 0.12805997
0.33945000 0.12805721
0.33940000 0.12805444
0.33935000 0.12805167
0.33930000 0.12804890
0.33925000 0.12804613
0.33920000 0.12804335
0.33915000 0.12804057
0.33910000 0.12803778
0.33905000 0.12803500
0.33900000 0.12803221
0.33895000 0.12802942
0.33890000 0.12802662
0.33885000 0.12802382
0.33880000 0.12802102
0.33875000 0.12801822
0.33870000 0.12801541
0.33865000 0.12801260
0.33860000 0.12800979
0.33855000 0.12800697
0.33850000 0.12800416
0.33845000 0.12800134
0.33840000 0.12799851
0.33835000 0.12799568
0.33830000 0.12799285
0.33825000 0.12799002
0.33820000 0.12798719
0.33815000 0.12798435
0.33810000 0.12798151
0.33805000 0.12797866
0.33800000 0.12797582
0.33795000 0.12797297
0.33790000 0.12797011
0.33785000 0.12796726
0.33780000 0.12796440
0.33775000 0.12796154
0.33770000 0.12795867
0.33765000 0.12795581
0.33760000 0.12795294
0.33755000 0.12795006
0.33750000 0.12794719
0.33745000 0.12794431
0.33740000 0.12794143
0.33735000 0.12793854
0.33730000 0.12793566
0.33725000 0.12793277
0.33720000 0.12792987
0.33715000 0.12792698
0.33710000 0.12792408
0.33705000 0.12792118
0.33700000 0.12791827
0.33695000 0.12791537
0.33690000 0.12791245
0.33685000 0.12790954
0.33680000 0.12790663
0.33675000 0.12790371
0.33670000 0.12790078
0.33665000 0.12789786
0.33660000 0.12789493
0.33655000 0.12789200
0.33650000 0.12788907
0.33645000 0.12788613
0.33640000 0.12788319
0.33635000 0.12788025
0.33630000 0.12787731
0.33625000 0.12787436
0.33620000 0.12787141
0.33615000 0.12786845
0.33610000 0.12786550
0.33605000 0.12786254
0.33600000 0.12785958
0.33595000 0.12785661
0.33590000 0.12785364
0.33585000 0.12785067
0.33580000 0.12784770
0.33575000 0.12784472
0.33570000 0.12784174
0.33565000 0.12783876
0.33560000 0.12783578
0.33555000 0.12783279
0.33550000 0.12782980
0.33545000 0.12782680
0.33540000 0.12782381
0.33535000 0.12782081
0.33530000 0.12781781
0.33525000 0.12781480
0.33520000 0.12781179
0.33515000 0.12780878
0.33510000 0.12780577
0.33505000 0.12780275
0.33500000 0.12779973
0.33495000 0.12779671
0.33490000 0.12779368
0.33485000 0.12779065
0.33480000 0.12778762
0.33475000 0.12778459
0.33470000 0.12778155
0.33465000 0.12777851
0.33460000 0.12777547
0.33455000 0.12777242
0.33450000 0.12776938
0.33445000 0.12776632
0.33440000 0.12776327
0.33435000 0.12776021
0.33430000 0.12775715
0.33425000 0.12775409
0.33420000 0.12775103
0.33415000 0.12774796
0.33410000 0.12774489
0.33405000 0.12774181
0.33400000 0.12773873
0.33395000 0.12773565
0.33390000 0.12773257
0.33385000 0.12772949
0.33380000 0.12772640
0.33375000 0.12772331
0.33370000 0.12772021
0.33365000 0.12771711
0.33360000 0.12771401
0.33355000 0.12771091
0.33350000 0.12770780
0.33345000 0.12770470
0.33340000 0.12770158
0.33335000 0.12769847
0.33330000 0.12769535
0.33325000 0.12769223
0.33320000 0.12768911
0.33315000 0.12768598
0.33310000 0.12768285
0.33305000 0.12767972
0.33300000 0.12767659
0.33295000 0.12767345
0.33290000 0.12767031
0.33285000 0.12766717
0.33280000 0.12766402
0.33275000 0.12766087
0.33270000 0.12765772
0.33265000 0.12765457
0.33260000 0.12765141
0.33255000 0.12764825
0.33250000 0.12764508
0.33245000 0.12764192
0.33240000 0.12763875
0.33235000 0.12763558
0.33230000 0.12763240
0.33225000 0.12762922
0.33220000 0.12762604
0.33215000 0.12762286
0.33210000 0.12761967
0.33205000 0.12761648
0.33200000 0.12761329
0.33195000 0.12761010
0.33190000 0.12760690
0.33185000 0.12760370
0.33180000 0.12760050
0.33175000 0.12759729
0.33170000 0.12759408
0.33165000 0.12759087
0.33160000 0.12758765
0.33155000 0.12758444
0.33150000 0.12758121
0.33145000 0.12757799
0.33140000 0.12757476
0.33135000 0.12757154
0.33130000 0.12756830
0.33125000 0.12756507
0.33120000 0.12756183
0.33115000 0.12755859
0.33110000 0.12755535
0.33105000 0.12755210
0.33100000 0.12754885
0.33095000 0.12754560
0.33090000 0.12754234
0.33085000 0.12753908
0.33080000 0.12753582
0.33075000 0.12753256
0.33070000 0.12752929
0.33065000 0.12752602
0.33060000 0.12752275
0.33055000 0.12751948
0.33050000 0.12751620
0.33045000 0.12751292
0.33040000 0.12750963
0.33035000 0.12750635
0.33030000 0.12750306
0.33025000 0.12749976
0.33020000 0.12749647
0.33015000 0.12749317
0.33010000 0.12748987
0.33005000 0.12748657
0.33000000 0.12748326
0.32995000 0.12747995
0.32990000 0.12747664
0.32985000 0.12747332
0.32980000 0.12747000
0.32975000 0.12746668
0.32970000 0.12746336
0.32965000 0.12746003
0.32960000 0.12745670
0.32955000 0.12745337
0.32950000 0.12745003
0.32945000 0.12744670
0.32940000 0.12744335
0.32935000 0.12744001
0.32930000 0.12743666
0.32925000 0.12743331
0.32920000 0.12742996
0.32915000 0.12742661
0.32910000 0.12742325
0.32905000 0.12741989
0.32900000 0.12741652
0.32895000 0.12741315
0.32890000 0.12740978
0.32885000 0.12740641
0.32880000 0.12740304
0.32875000 0.12739966
0.32870000 0.12739628
0.32865000 0.12739289
0.32860000 0.12738951
0.32855000 0.12738612
0.32850000 0.12738272
0.32845000 0.12737933
0.32840000 0.12737593
0.32835000 0.12737253
0.32830000 0.12736912
0.32825000 0.12736572
0.32820000 0.12736231
0.32815000 0.12735889
0.32810000 0.12735548
0.32805000 0.12735206
0.32800000 0.12734864
0.32795000 0.12734521
0.32790000 0.12734179
0.32785000 0.12733836
0.32780000 0.12733492
0.32775000 0.12733149
0.32770000 0.12732805
0.32765000 0.12732461
0.32760000 0.12732116
0.32755000 0.12731772
0.32750000 0.12731427
0.32745000 0.12731081
0.32740000 0.12730736
0.32735000 0.12730390
0.32730000 0.12730044
0.32725000 0.12729697
0.32720000 0.12729351
0.32715000 0.12729004
0.32710000 0.12728656
0.32705000 0.12728309
0.32700000 0.12727961
0.32695000 0.12727613
0.32690000 0.12727264
0.32685000 0.12726916
0.32680000 0.12726567
0.32675000 0.12726217
0.32670000 0.12725868
0.32665000 0.12725518
0.32660000 0.12725168
0.32655000 0.12724817
0.32650000 0.12724467
0.32645000 0.12724116
0.32640000 0.12723764
0.32635000 0.12723413
0.32630000 0.12723061
0.32625000 0.12722709
0.32620000 0.12722356
0.32615000 0.12722003
0.32610000 0.12721650
0.32605000 0.12721297
0.32600000 0.12720944
0.32595000 0.12720590
0.32590000 0.12720236
0.32585000 0.12719881
0.32580000 0.12719526
0.32575000 0.12719171
0.32570000 0.12718816
0.32565000 0.12718460
0.32560000 0.12718105
0.32555000 0.12717748
0.32550000 0.12717392
0.32545000 0.12717035
0.32540000 0.12716678
0.32535000 0.12716321
0.32530000 0.12715963
0.32525000 0.12715605
0.32520000 0.12715247
0.32515000 0.12714889
0.32510000 0.12714530
0.32505000 0.12714171
0.32500000 0.12713812
0.32495000 0.12713452
0.32490000 0.12713092
0.32485000 0.12712732
0.32480000 0.12712372
0.32475000 0.12712011
0.32470000 0.12711650
0.32465000 0.12711289
0.32460000 0.12710927
0.32455000 0.12710565
0.32450000 0.12710203
0.32445000 0.12709841
0.32440000 0.12709478
0.32435000 0.12709115
0.32430000 0.12708752
0.32425000 0.12708388
0.32420000 0.12708024
0.32415000 0.12707660
0.32410000 0.12707296
0.32405000 0.12706931
0.32400000 0.12706566
0.32395000 0.12706200
0.32390000 0.12705835
0.32385000 0.12705469
0.32380000 0.12705103
0.32375000 0.12704736
0.32370000 0.12704370
0.32365000 0.12704003
0.32360000 0.12703635
0.32355000 0.12703268
0.32350000 0.12702900
0.32345000 0.12702532
0.32340000 0.12702163
0.32335000 0.12701795
0.32330000 0.12701426
0.32325000 0.12701056
0.32320000 0.12700687
0.32315000 0.12700317
0.32310000 0.12699947
0.32305000 0.12699576
0.32300000 0.12699205
0.32295000 0.12698834
0.32290000 0.12698463
0.32285000 0.12698092
0.32280000 0.12697720
0.32275000 0.12697347
0.32270000 0.12696975
0.32265000 0.12696602
0.32260000 0.12696229
0.32255000 0.12695856
0.32250000 0.12695482
0.32245000 0.12695109
0.32240000 0.12694734
0.32235000 0.12694360
0.32230000 0.12693985
0.32225000 0.12693610
0.32220000 0.12693235
0.32215000 0.12692859
0.32210000 0.12692483
0.32205000 0.12692107
0.32200000 0.12691731
0.32195000 0.12691354
0.32190000 0.12690977
0.32185000 0.12690600
0.32180000 0.12690222
0.32175000 0.12689844
0.32170000 0.12689466
0.32165000 0.12689088
0.32160000 0.12688709
0.32155000 0.12688330
0.32150000 0.12687951
0.32145000 0.12687571
0.32140000 0.12687191
0.32135000 0.12686811
0.32130000 0.12686431
0.32125000 0.12686050
0.32120000 0.12685669
0.32115000 0.12685288
0.32110000 0.12684906
0.32105000 0.12684524
0.32100000 0.12684142
0.32095000 0.12683760
0.32090000 0.12683377
0.32085000 0.12682994
0.32080000 0.12682611
0.32075000 0.12682227
0.32070000 0.12681843
0.32065000 0.12681459
0.32060000 0.12681075
0.32055000 0.12680690
0.32050000 0.12680305
0.32045000 0.12679920
0.32040000 0.12679534
0.32035000 0.12679148
0.32030000 0.12678762
0.32025000 0.12678376
0.32020000 0.12677989
0.32015000 0.12677602
0.32010000 0.12677215
0.32005000 0.12676827
0.32000000 0.12676439
0.31995000 0.12676051
0.31990000 0.12675663
0.31985000 0.12675274
0.31980000 0.12674885
0.31975000 0.12674496
0.31970000 0.12674106
0.31965000 0.12673717
0.31960000 0.12673326
0.31955000 0.12672936
0.31950000 0.12672545
0.31945000 0.12672154
0.31940000 0.12671763
0.31935000 0.12671372
0.31930000 0.12670980
0.31925000 0.12670588
0.31920000 0.12670195
0.31915000 0.12669802
0.31910000 0.12669409
0.31905000 0.12669016
0.31900000 0.12668623
0.31895000 0.12668229
0.31890000 0.12667835
0.31885000 0.12667440
0.31880000 0.12667046
0.31875000 0.12666651
0.31870000 0.12666255
0.31865000 0.12665860
0.31860000 0.12665464
0.31855000 0.12665068
0.31850000 0.12664672
0.31845000 0.12664275
0.31840000 0.12663878
0.31835000 0.12663481
0.31830000 0.12663083
0.31825000 0.12662685
0.31820000 0.12662287
0.31815000 0.12661889
0.31810000 0.12661490
0.31805000 0.12661091
0.31800000 0.12660692
0.31795000 0.12660292
0.31790000 0.12659893
0.31785000 0.12659493
0.31780000 0.12659092
0.31775000 0.12658691
0.31770000 0.12658291
0.31765000 0.12657889
0.31760000 0.12657488
0.31755000 0.12657086
0.31750000 0.12656684
0.31745000 0.12656282
0.31740000 0.12655879
0.31735000 0.12655476
0.31730000 0.12655073
0.31725000 0.12654669
0.31720000 0.12654265
0.31715000 0.12653861
0.31710000 0.12653457
0.31705000 0.12653052
0.31700000 0.12652647
0.31695000 0.12652242
0.31690000 0.12651837
0.31685000 0.12651431
0.31680000 0.12651025
0.31675000 0.12650618
0.31670000 0.12650212
0.31665000 0.12649805
0.31660000 0.12649398
0.31655000 0.12648990
0.31650000 0.12648582
0.31645000 0.12648174
0.31640000 0.12647766
0.31635000 0.12647357
0.31630000 0.12646948
0.31625000 0.12646539
0.31620000 0.12646130
0.31615000 0.12645720
0.31610000 0.12645310
0.31605000 0.12644900
0.31600000 0.12644489
0.31595000 0.12644078
0.31590000 0.12643667
0.31585000 0.12643255
0.31580000 0.12642844
0.31575000 0.12642432
0.31570000 0.12642019
0.31565000 0.12641607
0.31560000 0.12641194
0.31555000 0.12640780
0.31550000 0.12640367
0.31545000 0.12639953
0.31540000 0.12639539
0.31535000 0.12639125
0.31530000 0.12638710
0.31525000 0.12638295
0.31520000 0.12637880
0.31515000 0.12637465
0.31510000 0.12637049
0.31505000 0.12636633
0.31500000 0.12636217
0.31495000 0.12635800
0.31490000 0.12635383
0.31485000 0.12634966
0.31480000 0.12634549
0.31475000 0.12634131
0.31470000 0.12633713
0.31465000 0.12633295
0.31460000 0.12632876
0.31455000 0.12632457
0.31450000 0.12632038
0.31445000 0.12631619
0.31440000 0.12631199
0.31435000 0.12630779
0.31430000 0.12630358
0.31425000 0.12629938
0.31420000 0.12629517
0.31415000 0.12629096
0.31410000 0.12628674
0.31405000 0.12628253
0.31400000 0.12627831
0.31395000 0.12627408
0.31390000 0.12626986
0.31385000 0.12626563
0.31380000 0.12626140
0.31375000 0.12625717
0.31370000 0.12625293
0.31365000 0.12624869
0.31360000 0.12624445
0.31355000 0.12624020
0.31350000 0.12623595
0.31345000 0.12623170
0.31340000 0.12622745
0.31335000 0.12622319
0.31330000 0.12621893
0.31325000 0.12621467
0.31320000 0.12621040
0.31315000 0.12620613
0.31310000 0.12620186
0.31305000 0.12619759
0.31300000 0.12619331
0.31295000 0.12618903
0.31290000 0.12618475
0.31285000 0.12618046
0.31280000 0.12617618
0.31275000 0.12617189
0.31270000 0.12616759
0.31265000 0.12616329
0.31260000 0.12615900
0.31255000 0.12615469
0.31250000 0.12615039
0.31245000 0.12614608
0.31240000 0.12614177
0.31235000 0.12613746
0.31230000 0.12613314
0.31225000 0.12612882
0.31220000 0.12612450
0.31215000 0.12612017
0.31210000 0.12611584
0.31205000 0.12611151
0.31200000 0.12610718
0.31195000 0.12610284
0.31190000 0.12609850
0.31185000 0.12609416
0.31180000 0.12608982
0.31175000 0.12608547
0.31170000 0.12608112
0.31165000 0.12607677
0.31160000 0.12607241
0.31155000 0.12606805
0.31150000 0.12606369
0.31145000 0.12605932
0.31140000 0.12605496
0.31135000 0.12605059
0.31130000 0.12604621
0.31125000 0.12604184
0.31120000 0.12603746
0.31115000 0.12603308
0.31110000 0.12602869
0.31105000 0.12602430
0.31100000 0.12601991
0.31095000 0.12601552
0.31090000 0.12601112
0.31085000 0.12600672
0.31080000 0.12600232
0.31075000 0.12599792
0.31070000 0.12599351
0.31065000 0.12598910
0.31060000 0.12598469
0.31055000 0.12598027
0.31050000 0.12597585
0.31045000 0.12597143
0.31040000 0.12596701
0.31035000 0.12596258
0.31030000 0.12595815
0.31025000 0.12595372
0.31020000 0.12594928
0.31015000 0.12594484
0.31010000 0.12594040
0.31005000 0.12593596
0.31000000 0.12593151
0.30995000 0.12592706
0.30990000 0.12592261
0.30985000 0.12591815
0.30980000 0.12591369
0.30975000 0.12590923
0.30970000 0.12590477
0.30965000 0.12590030
0.30960000 0.12589583
0.30955000 0.12589136
0.30950000 0.12588688
0.30945000 0.12588241
0.30940000 0.12587792
0.30935000 0.12587344
0.30930000 0.12586895
0.30925000 0.12586446
0.30920000 0.12585997
0.30915000 0.12585548
0.30910000 0.12585098
0.30905000 0.12584648
0.30900000 0.12584197
0.30895000 0.12583747
0.30890000 0.12583296
0.30885000 0.12582845
0.30880000 0.12582393
0.30875000 0.12581941
0.30870000 0.12581489
0.30865000 0.12581037
0.30860000 0.12580584
0.30855000 0.12580131
0.30850000 0.12579678
0.30845000 0.12579224
0.30840000 0.12578771
0.30835000 0.12578317
0.30830000 0.12577862
0.30825000 0.12577408
0.30820000 0.12576953
0.30815000 0.12576498
0.30810000 0.12576042
0.30805000 0.12575586
0.30800000 0.12575130
0.30795000 0.12574674
0.30790000 0.12574217
0.30785000 0.12573760
0.30780000 0.12573303
0.30775000 0.12572846
0.30770000 0.12572388
0.30765000 0.12571930
0.30760000 0.12571472
0.30755000 0.12571013
0.30750000 0.12570554
0.30745000 0.12570095
0.30740000 0.12569636
0.30735000 0.12569176
0.30730000 0.12568716
0.30725000 0.12568256
0.30720000 0.12567795
0.30715000 0.12567334
0.30710000 0.12566873
0.30705000 0.12566412
0.30700000 0.12565950
0.30695000 0.12565488
0.30690000 0.12565026
0.30685000 0.12564563
0.30680000 0.12564100
0.30675000 0.12563637
0.30670000 0.12563174
0.30665000 0.12562710
0.30660000 0.12562246
0.30655000 0.12561782
0.30650000 0.12561317
0.30645000 0.12560852
0.30640000 0.12560387
0.30635000 0.12559922
0.30630000 0.12559456
0.30625000 0.12558990
0.30620000 0.12558524
0.30615000 0.12558057
0.30610000 0.12557591
0.30605000 0.12557123
0.30600000 0.12556656
0.30595000 0.12556188
0.30590000 0.12555721
0.30585000 0.12555252
0.30580000 0.12554784
0.30575000 0.12554315
0.30570000 0.12553846
0.30565000 0.12553377
0.30560000 0.12552907
0.30555000 0.12552437
0.30550000 0.12551967
0.30545000 0.12551496
0.30540000 0.12551026
0.30535000 0.12550554
0.30530000 0.12550083
0.30525000 0.12549611
0.30520000 0.12549140
0.30515000 0.12548667
0.30510000 0.12548195
0.30505000 0.12547722
0.30500000 0.12547249
0.30495000 0.12546776
0.30490000 0.12546302
0.30485000 0.12545828
0.30480000 0.12545354
0.30475000 0.12544880
0.30470000 0.12544405
0.30465000 0.12543930
0.30460000 0.12543455
0.30455000 0.12542979
0.30450000 0.12542503
0.30445000 0.12542027
0.30440000 0.12541551
0.30435000 0.12541074
0.30430000 0.12540597
0.30425000 0.12540120
0.30420000 0.12539642
0.30415000 0.12539164
0.30410000 0.12538686
0.30405000 0.12538208
0.30400000 0.12537729
0.30395000 0.12537250
0.30390000 0.12536771
0.30385000 0.12536291
0.30380000 0.12535811
0.30375000 0.12535331
0.30370000 0.12534851
0.30365000 0.12534370
0.30360000 0.12533889
0.30355000 0.12533408
0.30350000 0.12532926
0.30345000 0.12532445
0.30340000 0.12531962
0.30335000 0.12531480
0.30330000 0.12530997
0.30325000 0.12530514
0.30320000 0.12530031
0.30315000 0.12529548
0.30310000 0.12529064
0.30305000 0.12528580
0.30300000 0.12528096
0.30295000 0.12527611
0.30290000 0.12527126
0.30285000 0.12526641
0.30280000 0.12526155
0.30275000 0.12525670
0.30270000 0.12525183
0.30265000 0.12524697
0.30260000 0.12524211
0.30255000 0.12523724
0.30250000 0.12523236
0.30245000 0.12522749
0.30240000 0.12522261
0.30235000 0.12521773
0.30230000 0.12521285
0.30225000 0.12520796
0.30220000 0.12520307
0.30215000 0.12519818
0.30210000 0.12519329
0.30205000 0.12518839
0.30200000 0.12518349
0.30195000 0.12517859
0.30190000 0.12517368
0.30185000 0.12516877
0.30180000 0.12516386
0.30175000 0.12515895
0.30170000 0.12515403
0.30165000 0.12514911
0.30160000 0.12514419
0.30155000 0.12513926
0.30150000 0.12513433
0.30145000 0.12512940
0.30140000 0.12512447
0.30135000 0.12511953
0.30130000 0.12511459
0.30125000 0.12510965
0.30120000 0.12510470
0.30115000 0.12509976
0.30110000 0.12509480
0.30105000 0.12508985
0.30100000 0.12508489
0.30095000 0.12507993
0.30090000 0.12507497
0.30085000 0.12507001
0.30080000 0.12506504
0.30075000 0.12506007
0.30070000 0.12505510
0.30065000 0.12505012
0.30060000 0.12504514
0.30055000 0.12504016
0.30050000 0.12503517
0.30045000 0.12503018
0.30040000 0.12502519
0.30035000 0.12502020
0.30030000 0.12501520
0.30025000 0.12501021
0.30020000 0.12500520
0.30015000 0.12500020
0.30010000 0.12499519
0.30005000 0.12499018
0.30000000 0.12498517
0.29995000 0.12498015
0.29990000 0.12497513
0.29985000 0.12497011
0.29980000 0.12496509
0.29975000 0.12496006
0.29970000 0.12495503
0.29965000 0.12495000
0.29960000 0.12494496
0.29955000 0.12493992
0.29950000 0.12493488
0.29945000 0.12492984
0.29940000 0.12492479
0.29935000 0.12491974
0.29930000 0.12491469
0.29925000 0.12490963
0.29920000 0.12490457
0.29915000 0.12489951
0.29910000 0.12489445
0.29905000 0.12488938
0.29900000 0.12488431
0.29895000 0.12487924
0.29890000 0.12487416
0.29885000 0.12486908
0.29880000 0.12486400
0.29875000 0.12485892
0.29870000 0.12485383
0.29865000 0.12484874
0.29860000 0.12484365
0.29855000 0.12483856
0.29850000 0.12483346
0.29845000 0.12482836
0.29840000 0.12482325
0.29835000 0.12481815
0.29830000 0.12481304
0.29825000 0.12480793
0.29820000 0.12480281
0.29815000 0.12479769
0.29810000 0.12479257
0.29805000 0.12478745
0.29800000 0.12478232
0.29795000 0.12477720
0.29790000 0.12477206
0.29785000 0.12476693
0.29780000 0.12476179
0.29775000 0.12475665
0.29770000 0.12475151
0.29765000 0.12474636
0.29760000 0.12474121
0.29755000 0.12473606
0.29750000 0.12473091
0.29745000 0.12472575
0.29740000 0.12472059
0.29735000 0.12471543
0.29730000 0.12471026
0.29725000 0.12470509
0.29720000 0.12469992
0.29715000 0.12469475
0.29710000 0.12468957
0.29705000 0.12468439
0.29700000 0.12467921
0.29695000 0.12467402
0.29690000 0.12466883
0.29685000 0.12466364
0.29680000 0.12465845
0.29675000 0.12465325
0.29670000 0.12464805
0.29665000 0.12464285
0.29660000 0.12463765
0.29655000 0.12463244
0.29650000 0.12462723
0.29645000 0.12462201
0.29640000 0.12461680
0.29635000 0.12461158
0.29630000 0.12460635
0.29625000 0.12460113
0.29620000 0.12459590
0.29615000 0.12459067
0.29610000 0.12458544
0.29605000 0.12458020
0.29600000 0.12457496
0.29595000 0.12456972
0.29590000 0.12456448
0.29585000 0.12455923
0.29580000 0.12455398
0.29575000 0.12454872
0.29570000 0.12454347
0.29565000 0.12453821
0.29560000 0.12453295
0.29555000 0.12452768
0.29550000 0.12452242
0.29545000 0.12451715
0.29540000 0.12451187
0.29535000 0.12450660
0.29530000 0.12450132
0.29525000 0.12449604
0.29520000 0.12449075
0.29515000 0.12448547
0.29510000 0.12448018
0.29505000 0.12447488
0.29500000 0.12446959
0.29495000 0.12446429
0.29490000 0.12445899
0.29485000 0.12445368
0.29480000 0.12444838
0.29475000 0.12444307
0.29470000 0.12443776
0.29465000 0.12443244
0.29460000 0.12442712
0.29455000 0.12442180
0.29450000 0.12441648
0.29445000 0.12441115
0.29440000 0.12440582
0.29435000 0.12440049
0.29430000 0.12439515
0.29425000 0.12438982
0.29420000 0.12438448
0.29415000 0.12437913
0.29410000 0.12437379
0.29405000 0.12436844
0.29400000 0.12436308
0.29395000 0.12435773
0.29390000 0.12435237
0.29385000 0.12434701
0.29380000 0.12434165
0.29375000 0.12433628
0.29370000 0.12433091
0.29365000 0.12432554
0.29360000 0.12432017
0.29355000 0.12431479
0.29350000 0.12430941
0.29345000 0.12430403
0.29340000 0.12429864
0.29335000 0.12429325
0.29330000 0.12428786
0.29325000 0.12428247
0.29320000 0.12427707
0.29315000 0.12427167
0.29310000 0.12426627
0.29305000 0.12426086
0.29300000 0.12425545
0.29295000 0.12425004
0.29290000 0.12424463
0.29285000 0.12423921
0.29280000 0.12423379
0.29275000 0.12422837
0.29270000 0.12422294
0.29265000 0.12421751
0.29260000 0.12421208
0.29255000 0.12420665
0.29250000 0.12420121
0.29245000 0.12419577
0.29240000 0.12419033
0.29235000 0.12418489
0.29230000 0.12417944
0.29225000 0.12417399
0.29220000 0.12416853
0.29215000 0.12416308
0.29210000 0.12415762
0.29205000 0.12415216
0.29200000 0.12414669
0.29195000 0.12414122
0.29190000 0.12413575
0.29185000 0.12413028
0.29180000 0.12412480
0.29175000 0.12411933
0.29170000 0.12411384
0.29165000 0.12410836
0.29160000 0.12410287
0.29155000 0.12409738
0.29150000 0.12409189
0.29145000 0.12408639
0.29140000 0.12408089
0.29135000 0.12407539
0.29130000 0.12406989
0.29125000 0.12406438
0.29120000 0.12405887
0.29115000 0.12405336
0.29110000 0.12404784
0.29105000 0.12404232
0.29100000 0.12403680
0.29095000 0.12403128
0.29090000 0.12402575
0.29085000 0.12402022
0.29080000 0.12401469
0.29075000 0.12400915
0.29070000 0.12400362
0.29065000 0.12399808
0.29060000 0.12399253
0.29055000 0.12398699
0.29050000 0.12398144
0.29045000 0.12397588
0.29040000 0.12397033
0.29035000 0.12396477
0.29030000 0.12395921
0.29025000 0.12395365
0.29020000 0.12394808
0.29015000 0.12394251
0.29010000 0.12393694
0.29005000 0.12393136
0.29000000 0.12392579
0.28995000 0.12392021
0.28990000 0.12391462
0.28985000 0.12390904
0.28980000 0.12390345
0.28975000 0.12389786
0.28970000 0.12389226
0.28965000 0.12388666
0.28960000 0.12388106
0.28955000 0.12387546
0.28950000 0.12386986
0.28945000 0.12386425
0.28940000 0.12385864
0.28935000 0.12385302
0.28930000 0.12384740
0.28925000 0.12384178
0.28920000 0.12383616
0.28915000 0.12383054
0.28910000 0.12382491
0.28905000 0.12381928
0.28900000 0.12381364
0.28895000 0.12380801
0.28890000 0.12380237
0.28885000 0.12379672
0.28880000 0.12379108
0.28875000 0.12378543
0.28870000 0.12377978
0.28865000 0.12377412
0.28860000 0.12376847
0.28855000 0.12376281
0.28850000 0.12375715
0.28845000 0.12375148
0.28840000 0.12374581
0.28835000 0.12374014
0.28830000 0.12373447
0.28825000 0.12372879
0.28820000 0.12372311
0.28815000 0.12371743
0.28810000 0.12371175
0.28805000 0.12370606
0.28800000 0.12370037
0.28795000 0.12369468
0.28790000 0.12368898
0.28785000 0.12368328
0.28780000 0.12367758
0.28775000 0.12367188
0.28770000 0.12366617
0.28765000 0.12366046
0.28760000 0.12365474
0.28755000 0.12364903
0.28750000 0.12364331
0.28745000 0.12363759
0.28740000 0.12363186
0.28735000 0.12362614
0.28730000 0.12362041
0.28725000 0.12361468
0.28720000 0.12360894
0.28715000 0.12360320
0.28710000 0.12359746
0.28705000 0.12359172
0.28700000 0.12358597
0.28695000 0.12358022
0.28690000 0.12357447
0.28685000 0.12356871
0.28680000 0.12356295
0.28675000 0.12355719
0.28670000 0.12355143
0.28665000 0.12354566
0.28660000 0.12353989
0.28655000 0.12353412
0.28650000 0.12352835
0.28645000 0.12352257
0.28640000 0.12351679
0.28635000 0.12351100
0.28630000 0.12350522
0.28625000 0.12349943
0.28620000 0.12349364
0.28615000 0.12348784
0.28610000 0.12348205
0.28605000 0.12347624
0.28600000 0.12347044
0.28595000 0.12346464
0.28590000 0.12345883
0.28585000 0.12345302
0.28580000 0.12344720
0.28575000 0.12344138
0.28570000 0.12343556
0.28565000 0.12342974
0.28560000 0.12342391
0.28555000 0.12341809
0.28550000 0.12341226
0.28545000 0.12340642
0.28540000 0.12340058
0.28535000 0.12339474
0.28530000 0.12338890
0.28525000 0.12338306
0.28520000 0.12337721
0.28515000 0.12337136
0.28510000 0.12336550
0.28505000 0.12335965
0.28500000 0.12335379
0.28495000 0.12334792
0.28490000 0.12334206
0.28485000 0.12333619
0.28480000 0.12333032
0.28475000 0.12332445
0.28470000 0.12331857
0.28465000 0.12331269
0.28460000 0.12330681
0.28455000 0.12330092
0.28450000 0.12329504
0.28445000 0.12328915
0.28440000 0.12328325
0.28435000 0.12327736
0.28430000 0.12327146
0.28425000 0.12326555
0.28420000 0.12325965
0.28415000 0.12325374
0.28410000 0.12324783
0.28405000 0.12324192
0.28400000 0.12323600
0.28395000 0.12323008
0.28390000 0.12322416
0.28385000 0.12321824
0.28380000 0.12321231
0.28375000 0.12320638
0.28370000 0.12320045
0.28365000 0.12319451
0.28360000 0.12318857
0.28355000 0.12318263
0.28350000 0.12317669
0.28345000 0.12317074
0.28340000 0.12316479
0.28335000 0.12315884
0.28330000 0.12315288
0.28325000 0.12314693
0.28320000 0.12314097
0.28315000 0.12313500
0.28310000 0.12312903
0.28305000 0.12312307
0.28300000 0.12311709
0.28295000 0.12311112
0.28290000 0.12310514
0.28285000 0.12309916
0.28280000 0.12309318
0.28275000 0.12308719
0.28270000 0.12308120
0.28265000 0.12307521
0.28260000 0.12306921
0.28255000 0.12306322
0.28250000 0.12305721
0.28245000 0.12305121
0.28240000 0.12304521
0.28235000 0.12303920
0.28230000 0.12303318
0.28225000 0.12302717
0.28220000 0.12302115
0.28215000 0.12301513
0.28210000 0.12300911
0.28205000 0.12300308
0.28200000 0.12299705
0.28195000 0.12299102
0.28190000 0.12298499
0.28185000 0.12297895
0.28180000 0.12297291
0.28175000 0.12296687
0.28170000 0.12296082
0.28165000 0.12295477
0.28160000 0.12294872
0.28155000 0.12294267
0.28150000 0.12293661
0.28145000 0.12293055
0.28140000 0.12292449
0.28135000 0.12291842
0.28130000 0.12291236
0.28125000 0.12290629
0.28120000 0.12290021
0.28115000 0.12289414
0.28110000 0.12288806
0.28105000 0.12288197
0.28100000 0.12287589
0.28095000 0.12286980
0.28090000 0.12286371
0.28085000 0.12285762
0.28080000 0.12285152
0.28075000 0.12284542
0.28070000 0.12283932
0.28065000 0.12283321
0.28060000 0.12282711
0.28055000 0.12282100
0.28050000 0.12281488
0.28045000 0.12280877
0.28040000 0.12280265
0.28035000 0.12279653
0.28030000 0.12279040
0.28025000 0.12278427
0.28020000 0.12277814
0.28015000 0.12277201
0.28010000 0.12276587
0.28005000 0.12275974
0.28000000 0.12275359
0.27995000 0.12274745
0.27990000 0.12274130
0.27985000 0.12273515
0.27980000 0.12272900
0.27975000 0.12272284
0.27970000 0.12271669
0.27965000 0.12271053
0.27960000 0.12270436
0.27955000 0.12269819
0.27950000 0.12269202
0.27945000 0.12268585
0.27940000 0.12267968
0.27935000 0.12267350
0.27930000 0.12266732
0.27925000 0.12266113
0.27920000 0.12265495
0.27915000 0.12264876
0.27910000 0.12264257
0.27905000 0.12263637
0.27900000 0.12263017
0.27895000 0.12262397
0.27890000 0.12261777
0.27885000 0.12261156
0.27880000 0.12260535
0.27875000 0.12259914
0.27870000 0.12259293
0.27865000 0.12258671
0.27860000 0.12258049
0.27855000 0.12257426
0.27850000 0.12256804
0.27845000 0.12256181
0.27840000 0.12255558
0.27835000 0.12254934
0.27830000 0.12254311
0.27825000 0.12253687
0.27820000 0.12253062
0.27815000 0.12252438
0.27810000 0.12251813
0.27805000 0.12251188
0.27800000 0.12250562
0.27795000 0.12249936
0.27790000 0.12249311
0.27785000 0.12248684
0.27780000 0.12248058
0.27775000 0.12247431
0.27770000 0.12246804
0.27765000 0.12246176
0.27760000 0.12245549
0.27755000 0.12244921
0.27750000 0.12244292
0.27745000 0.12243664
0.27740000 0.12243035
0.27735000 0.12242406
0.27730000 0.12241777
0.27725000 0.12241147
0.27720000 0.12240517
0.27715000 0.12239887
0.27710000 0.12239256
0.27705000 0.12238625
0.27700000 0.12237994
0.27695000 0.12237363
0.27690000 0.12236731
0.27685000 0.12236099
0.27680000 0.12235467
0.27675000 0.12234835
0.27670000 0.12234202
0.27665000 0.12233569
0.27660000 0.12232936
0.27655000 0.12232302
0.27650000 0.12231668
0.27645000 0.12231034
0.27640000 0.12230399
0.27635000 0.12229765
0.27630000 0.12229130
0.27625000 0.12228494
0.27620000 0.12227859
0.27615000 0.12227223
0.27610000 0.12226587
0.27605000 0.12225950
0.27600000 0.12225314
0.27595000 0.12224677
0.27590000 0.12224039
0.27585000 0.12223402
0.27580000 0.12222764
0.27575000 0.12222126
0.27570000 0.12221487
0.27565000 0.12220849
0.27560000 0.12220210
0.27555000 0.12219570
0.27550000 0.12218931
0.27545000 0.12218291
0.27540000 0.12217651
0.27535000 0.12217011
0.27530000 0.12216370
0.27525000 0.12215729
0.27520000 0.12215088
0.27515000 0.12214446
0.27510000 0.12213804
0.27505000 0.12213162
0.27500000 0.12212520
0.27495000 0.12211877
0.27490000 0.12211234
0.27485000 0.12210591
0.27480000 0.12209948
0.27475000 0.12209304
0.27470000 0.12208660
0.27465000 0.12208016
0.27460000 0.12207371
0.27455000 0.12206726
0.27450000 0.12206081
0.27445000 0.12205435
0.27440000 0.12204790
0.27435000 0.12204144
0.27430000 0.12203497
0.27425000 0.12202851
0.27420000 0.12202204
0.27415000 0.12201557
0.27410000 0.12200909
0.27405000 0.12200261
0.27400000 0.12199613
0.27395000 0.12198965
0.27390000 0.12198317
0.27385000 0.12197668
0.27380000 0.12197019
0.27375000 0.12196369
0.27370000 0.12195719
0.27365000 0.12195069
0.27360000 0.12194419
0.27355000 0.12193769
0.27350000 0.12193118
0.27345000 0.12192467
0.27340000 0.12191815
0.27335000 0.12191164
0.27330000 0.12190512
0.27325000 0.12189859
0.27320000 0.12189207
0.27315000 0.12188554
0.27310000 0.12187901
0.27305000 0.12187248
0.27300000 0.12186594
0.27295000 0.12185940
0.27290000 0.12185286
0.27285000 0.12184631
0.27280000 0.12183976
0.27275000 0.12183321
0.27270000 0.12182666
0.27265000 0.12182010
0.27260000 0.12181355
0.27255000 0.12180698
0.27250000 0.12180042
0.27245000 0.12179385
0.27240000 0.12178728
0.27235000 0.12178071
0.27230000 0.12177413
0.27225000 0.12176755
0.27220000 0.12176097
0.27215000 0.12175439
0.27210000 0.12174780
0.27205000 0.12174121
0.27200000 0.12173461
0.27195000 0.12172802
0.27190000 0.12172142
0.27185000 0.12171482
0.27180000 0.12170821
0.27175000 0.12170161
0.27170000 0.12169500
0.27165000 0.12168838
0.27160000 0.12168177
0.27155000 0.12167515
0.27150000 0.12166853
0.27145000 0.12166190
0.27140000 0.12165528
0.27135000 0.12164865
0.27130000 0.12164201
0.27125000 0.12163538
0.27120000 0.12162874
0.27115000 0.12162210
0.27110000 0.12161546
0.27105000 0.12160881
0.27100000 0.12160216
0.27095000 0.12159551
0.27090000 0.12158885
0.27085000 0.12158219
0.27080000 0.12157553
0.27075000 0.12156887
0.27070000 0.12156220
0.27065000 0.12155553
0.27060000 0.12154886
0.27055000 0.12154219
0.27050000 0.12153551
0.27045000 0.12152883
0.27040000 0.12152214
0.27035000 0.12151546
0.27030000 0.12150877
0.27025000 0.12150208
0.27020000 0.12149538
0.27015000 0.12148868
0.27010000 0.12148198
0.27005000 0.12147528
0.27000000 0.12146857
0.26995000 0.12146186
0.26990000 0.12145515
0.26985000 0.12144844
0.26980000 0.12144172
0.26975000 0.12143500
0.26970000 0.12142828
0.26965000 0.12142155
0.26960000 0.12141482
0.26955000 0.12140809
0.26950000 0.12140136
0.26945000 0.12139462
0.26940000 0.12138788
0.26935000 0.12138114
0.26930000 0.12137439
0.26925000 0.12136764
0.26920000 0.12136089
0.26915000 0.12135414
0.26910000 0.12134738
0.26905000 0.12134062
0.26900000 0.12133386
0.26895000 0.12132709
0.26890000 0.12132032
0.26885000 0.12131355
0.26880000 0.12130678
0.26875000 0.12130000
0.26870000 0.12129322
0.26865000 0.12128644
0.26860000 0.12127965
0.26855000 0.12127286
0.26850000 0.12126607
0.26845000 0.12125928
0.26840000 0.12125248
0.26835000 0.12124568
0.26830000 0.12123888
0.26825000 0.12123208
0.26820000 0.12122527
0.26815000 0.12121846
0.26810000 0.12121164
0.26805000 0.12120483
0.26800000 0.12119801
0.26795000 0.12119118
0.26790000 0.12118436
0.26785000 0.12117753
0.26780000 0.12117070
0.26775000 0.12116387
0.26770000 0.12115703
0.26765000 0.12115019
0.26760000 0.12114335
0.26755000 0.12113651
0.26750000 0.12112966
0.26745000 0.12112281
0.26740000 0.12111595
0.26735000 0.12110910
0.26730000 0.12110224
0.26725000 0.12109538
0.26720000 0.12108851
0.26715000 0.12108165
0.26710000 0.12107477
0.26705000 0.12106790
0.26700000 0.12106103
0.26695000 0.12105415
0.26690000 0.12104727
0.26685000 0.12104038
0.26680000 0.12103349
0.26675000 0.12102660
0.26670000 0.12101971
0.26665000 0.12101281
0.26660000 0.12100592
0.26655000 0.12099901
0.26650000 0.12099211
0.26645000 0.12098520
0.26640000 0.12097829
0.26635000 0.12097138
0.26630000 0.12096446
0.26625000 0.12095755
0.26620000 0.12095063
0.26615000 0.12094370
0.26610000 0.12093677
0.26605000 0.12092984
0.26600000 0.12092291
0.26595000 0.12091598
0.26590000 0.12090904
0.26585000 0.12090210
0.26580000 0.12089515
0.26575000 0.12088821
0.26570000 0.12088126
0.26565000 0.12087430
0.26560000 0.12086735
0.26555000 0.12086039
0.26550000 0.12085343
0.26545000 0.12084647
0.26540000 0.12083950
0.26535000 0.12083253
0.26530000 0.12082556
0.26525000 0.12081858
0.26520000 0.12081160
0.26515000 0.12080462
0.26510000 0.12079764
0.26505000 0.12079065
0.26500000 0.12078366
0.26495000 0.12077667
0.26490000 0.12076968
0.26485000 0.12076268
0.26480000 0.12075568
0.26475000 0.12074867
0.26470000 0.12074167
0.26465000 0.12073466
0.26460000 0.12072765
0.26455000 0.12072063
0.26450000 0.12071361
0.26445000 0.12070659
0.26440000 0.12069957
0.26435000 0.12069254
0.26430000 0.12068552
0.26425000 0.12067848
0.26420000 0.12067145
0.26415000 0.12066441
0.26410000 0.12065737
0.26405000 0.12065033
0.26400000 0.12064328
0.26395000 0.12063623
0.26390000 0.12062918
0.26385000 0.12062213
0.26380000 0.12061507
0.26375000 0.12060801
0.26370000 0.12060095
0.26365000 0.12059388
0.26360000 0.12058681
0.26355000 0.12057974
0.26350000 0.12057267
0.26345000 0.12056559
0.26340000 0.12055851
0.26335000 0.12055143
0.26330000 0.12054434
0.26325000 0.12053725
0.26320000 0.12053016
0.26315000 0.12052306
0.26310000 0.12051597
0.26305000 0.12050887
0.26300000 0.12050177
0.26295000 0.12049466
0.26290000 0.12048755
0.26285000 0.12048044
0.26280000 0.12047333
0.26275000 0.12046621
0.26270000 0.12045909
0.26265000 0.12045197
0.26260000 0.12044484
0.26255000 0.12043771
0.26250000 0.12043058
0.26245000 0.12042345
0.26240000 0.12041631
0.26235000 0.12040917
0.26230000 0.12040203
0.26225000 0.12039488
0.26220000 0.12038773
0.26215000 0.12038058
0.26210000 0.12037343
0.26205000 0.12036627
0.26200000 0.12035911
0.26195000 0.12035195
0.26190000 0.12034478
0.26185000 0.12033762
0.26180000 0.12033045
0.26175000 0.12032327
0.26170000 0.12031610
0.26165000 0.12030892
0.26160000 0.12030173
0.26155000 0.12029455
0.26150000 0.12028736
0.26145000 0.12028017
0.26140000 0.12027298
0.26135000 0.12026578
0.26130000 0.12025858
0.26125000 0.12025138
0.26120000 0.12024417
0.26115000 0.12023696
0.26110000 0.12022975
0.26105000 0.12022254
0.26100000 0.12021532
0.26095000 0.12020810
0.26090000 0.12020088
0.26085000 0.12019366
0.26080000 0.12018643
0.26075000 0.12017920
0.26070000 0.12017197
0.26065000 0.12016473
0.26060000 0.12015749
0.26055000 0.12015025
0.26050000 0.12014300
0.26045000 0.12013575
0.26040000 0.12012850
0.26035000 0.12012125
0.26030000 0.12011399
0.26025000 0.12010674
0.26020000 0.12009947
0.26015000 0.12009221
0.26010000 0.12008494
0.26005000 0.12007767
0.26000000 0.12007040
0.25995000 0.12006312
0.25990000 0.12005584
0.25985000 0.12004856
0.25980000 0.12004128
0.25975000 0.12003399
0.25970000 0.12002670
0.25965000 0.12001940
0.25960000 0.12001211
0.25955000 0.12000481
0.25950000 0.11999751
0.25945000 0.11999020
0.25940000 0.11998290
0.25935000 0.11997558
0.25930000 0.11996827
0.25925000 0.11996096
0.25920000 0.11995364
0.25915000 0.11994632
0.25910000 0.11993899
0.25905000 0.11993166
0.25900000 0.11992433
0.25895000 0.11991700
0.25890000 0.11990966
0.25885000 0.11990233
0.25880000 0.11989498
0.25875000 0.11988764
0.25870000 0.11988029
0.25865000 0.11987294
0.25860000 0.11986559
0.25855000 0.11985823
0.25850000 0.11985087
0.25845000 0.11984351
0.25840000 0.11983615
0.25835000 0.11982878
0.25830000 0.11982141
0.25825000 0.11981404
0.25820000 0.11980666
0.25815000 0.11979928
0.25810000 0.11979190
0.25805000 0.11978452
0.25800000 0.11977713
0.25795000 0.11976974
0.25790000 0.11976235
0.25785000 0.11975495
0.25780000 0.11974755
0.25775000 0.11974015
0.25770000 0.11973275
0.25765000 0.11972534
0.25760000 0.11971793
0.25755000 0.11971052
0.25750000 0.11970310
0.25745000 0.11969568
0.25740000 0.11968826
0.25735000 0.11968084
0.25730000 0.11967341
0.25725000 0.11966598
0.25720000 0.11965855
0.25715000 0.11965111
0.25710000 0.11964367
0.25705000 0.11963623
0.25700000 0.11962879
0.25695000 0.11962134
0.25690000 0.11961389
0.25685000 0.11960644
0.25680000 0.11959898
0.25675000 0.11959152
0.25670000 0.11958406
0.25665000 0.11957660
0.25660000 0.11956913
0.25655000 0.11956166
0.25650000 0.11955419
0.25645000 0.11954671
0.25640000 0.11953923
0.25635000 0.11953175
0.25630000 0.11952427
0.25625000 0.11951678
0.25620000 0.11950929
0.25615000 0.11950180
0.25610000 0.11949430
0.25605000 0.11948680
0.25600000 0.11947930
0.25595000 0.11947180
0.25590000 0.11946429
0.25585000 0.11945678
0.25580000 0.11944927
0.25575000 0.11944175
0.25570000 0.11943423
0.25565000 0.11942671
0.25560000 0.11941919
0.25555000 0.11941166
0.25550000 0.11940413
0.25545000 0.11939660
0.25540000 0.11938906
0.25535000 0.11938152
0.25530000 0.11937398
0.25525000 0.11936644
0.25520000 0.11935889
0.25515000 0.11935134
0.25510000 0.11934379
0.25505000 0.11933623
0.25500000 0.11932867
0.25495000 0.11932111
0.25490000 0.11931355
0.25485000 0.11930598
0.25480000 0.11929841
0.25475000 0.11929084
0.25470000 0.11928326
0.25465000 0.11927568
0.25460000 0.11926810
0.25455000 0.11926052
0.25450000 0.11925293
0.25445000 0.11924534
0.25440000 0.11923775
0.25435000 0.11923015
0.25430000 0.11922256
0.25425000 0.11921495
0.25420000 0.11920735
0.25415000 0.11919974
0.25410000 0.11919213
0.25405000 0.11918452
0.25400000 0.11917690
0.25395000 0.11916929
0.25390000 0.11916166
0.25385000 0.11915404
0.25380000 0.11914641
0.25375000 0.11913878
0.25370000 0.11913115
0.25365000 0.11912351
0.25360000 0.11911588
0.25355000 0.11910823
0.25350000 0.11910059
0.25345000 0.11909294
0.25340000 0.11908529
0.25335000 0.11907764
0.25330000 0.11906998
0.25325000 0.11906233
0.25320000 0.11905466
0.25315000 0.11904700
0.25310000 0.11903933
0.25305000 0.11903166
0.25300000 0.11902399
0.25295000 0.11901631
0.25290000 0.11900864
0.25285000 0.11900095
0.25280000 0.11899327
0.25275000 0.11898558
0.25270000 0.11897789
0.25265000 0.11897020
0.25260000 0.11896250
0.25255000 0.11895480
0.25250000 0.11894710
0.25245000 0.11893940
0.25240000 0.11893169
0.25235000 0.11892398
0.25230000 0.11891627
0.25225000 0.11890855
0.25220000 0.11890083
0.25215000 0.11889311
0.25210000 0.11888539
0.25205000 0.11887766
0.25200000 0.11886993
0.25195000 0.11886220
0.25190000 0.11885446
0.25185000 0.11884672
0.25180000 0.11883898
0.25175000 0.11883124
0.25170000 0.11882349
0.25165000 0.11881574
0.25160000 0.11880798
0.25155000 0.11880023
0.25150000 0.11879247
0.25145000 0.11878471
0.25140000 0.11877694
0.25135000 0.11876918
0.25130000 0.11876140
0.25125000 0.11875363
0.25120000 0.11874586
0.25115000 0.11873808
0.25110000 0.11873029
0.25105000 0.11872251
0.25100000 0.11871472
0.25095000 0.11870693
0.25090000 0.11869914
0.25085000 0.11869134
0.25080000 0.11868354
0.25075000 0.11867574
0.25070000 0.11866794
0.25065000 0.11866013
0.25060000 0.11865232
0.25055000 0.11864450
0.25050000 0.11863669
0.25045000 0.11862887
0.25040000 0.11862105
0.25035000 0.11861322
0.25030000 0.11860539
0.25025000 0.11859756
0.25020000 0.11858973
0.25015000 0.11858189
0.25010000 0.11857405
0.25005000 0.11856621
0.25000000 0.11855837
0.24995000 0.11855052
0.24990000 0.11854267
0.24985000 0.11853481
0.24980000 0.11852696
0.24975000 0.11851910
0.24970000 0.11851124
0.24965000 0.11850337
0.24960000 0.11849550
0.24955000 0.11848763
0.24950000 0.11847976
0.24945000 0.11847188
0.24940000 0.11846400
0.24935000 0.11845612
0.24930000 0.11844823
0.24925000 0.11844035
0.24920000 0.11843245
0.24915000 0.11842456
0.24910000 0.11841666
0.24905000 0.11840876
0.24900000 0.11840086
0.24895000 0.11839296
0.24890000 0.11838505
0.24885000 0.11837714
0.24880000 0.11836922
0.24875000 0.11836131
0.24870000 0.11835339
0.24865000 0.11834546
0.24860000 0.11833754
0.24855000 0.11832961
0.24850000 0.11832168
0.24845000 0.11831374
0.24840000 0.11830581
0.24835000 0.11829787
0.24830000 0.11828992
0.24825000 0.11828198
0.24820000 0.11827403
0.24815000 0.11826608
0.24810000 0.11825812
0.24805000 0.11825017
0.24800000 0.11824221
0.24795000 0.11823424
0.24790000 0.11822628
0.24785000 0.11821831
0.24780000 0.11821034
0.24775000 0.11820236
0.24770000 0.11819438
0.24765000 0.11818640
0.24760000 0.11817842
0.24755000 0.11817043
0.24750000 0.11816245
0.24745000 0.11815445
0.24740000 0.11814646
0.24735000 0.11813846
0.24730000 0.11813046
0.24725000 0.11812246
0.24720000 0.11811445
0.24715000 0.11810644
0.24710000 0.11809843
0.24705000 0.11809042
0.24700000 0.11808240
0.24695000 0.11807438
0.24690000 0.11806635
0.24685000 0.11805833
0.24680000 0.11805030
0.24675000 0.11804226
0.24670000 0.11803423
0.24665000 0.11802619
0.24660000 0.11801815
0.24655000 0.11801011
0.24650000 0.11800206
0.24645000 0.11799401
0.24640000 0.11798596
0.24635000 0.11797790
0.24630000 0.11796984
0.24625000 0.11796178
0.24620000 0.11795372
0.24615000 0.11794565
0.24610000 0.11793758
0.24605000 0.11792951
0.24600000 0.11792143
0.24595000 0.11791336
0.24590000 0.11790528
0.24585000 0.11789719
0.24580000 0.11788910
0.24575000 0.11788101
0.24570000 0.11787292
0.24565000 0.11786483
0.24560000 0.11785673
0.24555000 0.11784862
0.24550000 0.11784052
0.24545000 0.11783241
0.24540000 0.11782430
0.24535000 0.11781619
0.24530000 0.11780807
0.24525000 0.11779995
0.24520000 0.11779183
0.24515000 0.11778371
0.24510000 0.11777558
0.24505000 0.11776745
0.24500000 0.11775932
0.24495000 0.11775118
0.24490000 0.11774304
0.24485000 0.11773490
0.24480000 0.11772675
0.24475000 0.11771861
0.24470000 0.11771046
0.24465000 0.11770230
0.24460000 0.11769415
0.24455000 0.11768599
0.24450000 0.11767782
0.24445000 0.11766966
0.24440000 0.11766149
0.24435000 0.11765332
0.24430000 0.11764515
0.24425000 0.11763697
0.24420000 0.11762879
0.24415000 0.11762061
0.24410000 0.11761242
0.24405000 0.11760423
0.24400000 0.11759604
0.24395000 0.11758785
0.24390000 0.11757965
0.24385000 0.11757145
0.24380000 0.11756325
0.24375000 0.11755504
0.24370000 0.11754683
0.24365000 0.11753862
0.24360000 0.11753041
0.24355000 0.11752219
0.24350000 0.11751397
0.24345000 0.11750575
0.24340000 0.11749752
0.24335000 0.11748929
0.24330000 0.11748106
0.24325000 0.11747282
0.24320000 0.11746459
0.24315000 0.11745635
0.24310000 0.11744810
0.24305000 0.11743986
0.24300000 0.11743161
0.24295000 0.11742335
0.24290000 0.11741510
0.24285000 0.11740684
0.24280000 0.11739858
0.24275000 0.11739032
0.24270000 0.11738205
0.24265000 0.11737378
0.24260000 0.11736551
0.24255000 0.11735723
0.24250000 0.11734895
0.24245000 0.11734067
0.24240000 0.11733239
0.24235000 0.11732410
0.24230000 0.11731581
0.24225000 0.11730752
0.24220000 0.11729922
0.24215000 0.11729093
0.24210000 0.11728262
0.24205000 0.11727432
0.24200000 0.11726601
0.24195000 0.11725770
0.24190000 0.11724939
0.24185000 0.11724107
0.24180000 0.11723275
0.24175000 0.11722443
0.24170000 0.11721611
0.24165000 0.11720778
0.24160000 0.11719945
0.24155000 0.11719112
0.24150000 0.11718278
0.24145000 0.11717444
0.24140000 0.11716610
0.24135000 0.11715775
0.24130000 0.11714940
0.24125000 0.11714105
0.24120000 0.11713270
0.24115000 0.11712434
0.24110000 0.11711598
0.24105000 0.11710762
0.24100000 0.11709925
0.24095000 0.11709089
0.24090000 0.11708251
0.24085000 0.11707414
0.24080000 0.11706576
0.24075000 0.11705738
0.24070000 0.11704900
0.24065000 0.11704061
0.24060000 0.11703223
0.24055000 0.11702383
0.24050000 0.11701544
0.24045000 0.11700704
0.24040000 0.11699864
0.24035000 0.11699024
0.24030000 0.11698183
0.24025000 0.11697342
0.24020000 0.11696501
0.24015000 0.11695660
0.24010000 0.11694818
0.24005000 0.11693976
0.24000000 0.11693133
0.23995000 0.11692291
0.23990000 0.11691448
0.23985000 0.11690604
0.23980000 0.11689761
0.23975000 0.11688917
0.23970000 0.11688073
0.23965000 0.11687228
0.23960000 0.11686384
0.23955000 0.11685539
0.23950000 0.11684693
0.23945000 0.11683848
0.23940000 0.11683002
0.23935000 0.11682156
0.23930000 0.11681309
0.23925000 0.11680463
0.23920000 0.11679616
0.23915000 0.11678768
0.23910000 0.11677921
0.23905000 0.11677073
0.23900000 0.11676224
0.23895000 0.11675376
0.23890000 0.11674527
0.23885000 0.11673678
0.23880000 0.11672829
0.23875000 0.11671979
0.23870000 0.11671129
0.23865000 0.11670279
0.23860000 0.11669428
0.23855000 0.11668577
0.23850000 0.11667726
0.23845000 0.11666875
0.23840000 0.11666023
0.23835000 0.11665171
0.23830000 0.11664319
0.23825000 0.11663466
0.23820000 0.11662613
0.23815000 0.11661760
0.23810000 0.11660907
0.23805000 0.11660053
0.23800000 0.11659199
0.23795000 0.11658344
0.23790000 0.11657490
0.23785000 0.11656635
0.23780000 0.11655780
0.23775000 0.11654924
0.23770000 0.11654068
0.23765000 0.11653212
0.23760000 0.11652356
0.23755000 0.11651499
0.23750000 0.11650642
0.23745000 0.11649785
0.23740000 0.11648927
0.23735000 0.11648069
0.23730000 0.11647211
0.23725000 0.11646353
0.23720000 0.11645494
0.23715000 0.11644635
0.23710000 0.11643776
0.23705000 0.11642916
0.23700000 0.11642056
0.23695000 0.11641196
0.23690000 0.11640335
0.23685000 0.11639475
0.23680000 0.11638613
0.23675000 0.11637752
0.23670000 0.11636890
0.23665000 0.11636028
0.23660000 0.11635166
0.23655000 0.11634304
0.23650000 0.11633441
0.23645000 0.11632578
0.23640000 0.11631714
0.23635000 0.11630850
0.23630000 0.11629986
0.23625000 0.11629122
0.23620000 0.11628258
0.23615000 0.11627393
0.23610000 0.11626527
0.23605000 0.11625662
0.23600000 0.11624796
0.23595000 0.11623930
0.23590000 0.11623064
0.23585000 0.11622197
0.23580000 0.11621330
0.23575000 0.11620463
0.23570000 0.11619595
0.23565000 0.11618727
0.23560000 0.11617859
0.23555000 0.11616991
0.23550000 0.11616122
0.23545000 0.11615253
0.23540000 0.11614384
0.23535000 0.11613514
0.23530000 0.11612644
0.23525000 0.11611774
0.23520000 0.11610904
0.23515000 0.11610033
0.23510000 0.11609162
0.23505000 0.11608290
0.23500000 0.11607419
0.23495000 0.11606547
0.23490000 0.11605674
0.23485000 0.11604802
0.23480000 0.11603929
0.23475000 0.11603056
0.23470000 0.11602183
0.23465000 0.11601309
0.23460000 0.11600435
0.23455000 0.11599560
0.23450000 0.11598686
0.23445000 0.11597811
0.23440000 0.11596936
0.23435000 0.11596060
0.23430000 0.11595184
0.23425000 0.11594308
0.23420000 0.11593432
0.23415000 0.11592555
0.23410000 0.11591678
0.23405000 0.11590801
0.23400000 0.11589924
0.23395000 0.11589046
0.23390000 0.11588168
0.23385000 0.11587289
0.23380000 0.11586410
0.23375000 0.11585531
0.23370000 0.11584652
0.23365000 0.11583772
0.23360000 0.11582893
0.23355000 0.11582012
0.23350000 0.11581132
0.23345000 0.11580251
0.23340000 0.11579370
0.23335000 0.11578489
0.23330000 0.11577607
0.23325000 0.11576725
0.23320000 0.11575843
0.23315000 0.11574960
0.23310000 0.11574077
0.23305000 0.11573194
0.23300000 0.11572311
0.23295000 0.11571427
0.23290000 0.11570543
0.23285000 0.11569658
0.23280000 0.11568774
0.23275000 0.11567889
0.23270000 0.11567004
0.23265000 0.11566118
0.23260000 0.11565232
0.23255000 0.11564346
0.23250000 0.11563460
0.23245000 0.11562573
0.23240000 0.11561686
0.23235000 0.11560799
0.23230000 0.11559911
0.23225000 0.11559023
0.23220000 0.11558135
0.23215000 0.11557247
0.23210000 0.11556358
0.23205000 0.11555469
0.23200000 0.11554579
0.23195000 0.11553690
0.23190000 0.11552800
0.23185000 0.11551909
0.23180000 0.11551019
0.23175000 0.11550128
0.23170000 0.11549237
0.23165000 0.11548345
0.23160000 0.11547454
0.23155000 0.11546562
0.23150000 0.11545669
0.23145000 0.11544777
0.23140000 0.11543884
0.23135000 0.11542991
0.23130000 0.11542097
0.23125000 0.11541203
0.23120000 0.11540309
0.23115000 0.11539415
0.23110000 0.11538520
0.23105000 0.11537625
0.23100000 0.11536730
0.23095000 0.11535834
0.23090000 0.11534938
0.23085000 0.11534042
0.23080000 0.11533146
0.23075000 0.11532249
0.23070000 0.11531352
0.23065000 0.11530454
0.23060000 0.11529557
0.23055000 0.11528659
0.23050000 0.11527760
0.23045000 0.11526862
0.23040000 0.11525963
0.23035000 0.11525064
0.23030000 0.11524164
0.23025000 0.11523265
0.23020000 0.11522365
0.23015000 0.11521464
0.23010000 0.11520564
0.23005000 0.11519663
0.23000000 0.11518761
0.22995000 0.11517860
0.22990000 0.11516958
0.22985000 0.11516056
0.22980000 0.11515153
0.22975000 0.11514251
0.22970000 0.11513348
0.22965000 0.11512444
0.22960000 0.11511541
0.22955000 0.11510637
0.22950000 0.11509733
0.22945000 0.11508828
0.22940000 0.11507923
0.22935000 0.11507018
0.22930000 0.11506113
0.22925000 0.11505207
0.22920000 0.11504301
0.22915000 0.11503395
0.22910000 0.11502488
0.22905000 0.11501581
0.22900000 0.11500674
0.22895000 0.11499767
0.22890000 0.11498859
0.22885000 0.11497951
0.22880000 0.11497042
0.22875000 0.11496134
0.22870000 0.11495225
0.22865000 0.11494315
0.22860000 0.11493406
0.22855000 0.11492496
0.22850000 0.11491586
0.22845000 0.11490675
0.22840000 0.11489765
0.22835000 0.11488854
0.22830000 0.11487942
0.22825000 0.11487030
0.22820000 0.11486119
0.22815000 0.11485206
0.22810000 0.11484294
0.22805000 0.11483381
0.22800000 0.11482468
0.22795000 0.11481554
0.22790000 0.11480640
0.22785000 0.11479726
0.22780000 0.11478812
0.22775000 0.11477897
0.22770000 0.11476982
0.22765000 0.11476067
0.22760000 0.11475152
0.22755000 0.11474236
0.22750000 0.11473320
0.22745000 0.11472403
0.22740000 0.11471486
0.22735000 0.11470569
0.22730000 0.11469652
0.22725000 0.11468734
0.22720000 0.11467817
0.22715000 0.11466898
0.22710000 0.11465980
0.22705000 0.11465061
0.22700000 0.11464142
0.22695000 0.11463222
0.22690000 0.11462303
0.22685000 0.11461383
0.22680000 0.11460462
0.22675000 0.11459542
0.22670000 0.11458621
0.22665000 0.11457699
0.22660000 0.11456778
0.22655000 0.11455856
0.22650000 0.11454934
0.22645000 0.11454011
0.22640000 0.11453089
0.22635000 0.11452166
0.22630000 0.11451242
0.22625000 0.11450319
0.22620000 0.11449395
0.22615000 0.11448471
0.22610000 0.11447546
0.22605000 0.11446621
0.22600000 0.11445696
0.22595000 0.11444771
0.22590000 0.11443845
0.22585000 0.11442919
0.22580000 0.11441993
0.22575000 0.11441066
0.22570000 0.11440139
0.22565000 0.11439212
0.22560000 0.11438284
0.22555000 0.11437356
0.22550000 0.11436428
0.22545000 0.11435500
0.22540000 0.11434571
0.22535000 0.11433642
0.22530000 0.11432713
0.22525000 0.11431783
0.22520000 0.11430853
0.22515000 0.11429923
0.22510000 0.11428992
0.22505000 0.11428061
0.22500000 0.11427130
0.22495000 0.11426199
0.22490000 0.11425267
0.22485000 0.11424335
0.22480000 0.11423403
0.22475000 0.11422470
0.22470000 0.11421537
0.22465000 0.11420604
0.22460000 0.11419670
0.22455000 0.11418737
0.22450000 0.11417802
0.22445000 0.11416868
0.22440000 0.11415933
0.22435000 0.11414998
0.22430000 0.11414063
0.22425000 0.11413127
0.22420000 0.11412191
0.22415000 0.11411255
0.22410000 0.11410318
0.22405000 0.11409381
0.22400000 0.11408444
0.22395000 0.11407507
0.22390000 0.11406569
0.22385000 0.11405631
0.22380000 0.11404693
0.22375000 0.11403754
0.22370000 0.11402815
0.22365000 0.11401876
0.22360000 0.11400936
0.22355000 0.11399996
0.22350000 0.11399056
0.22345000 0.11398116
0.22340000 0.11397175
0.22335000 0.11396234
0.22330000 0.11395292
0.22325000 0.11394351
0.22320000 0.11393409
0.22315000 0.11392466
0.22310000 0.11391524
0.22305000 0.11390581
0.22300000 0.11389638
0.22295000 0.11388694
0.22290000 0.11387750
0.22285000 0.11386806
0.22280000 0.11385862
0.22275000 0.11384917
0.22270000 0.11383972
0.22265000 0.11383027
0.22260000 0.11382081
0.22255000 0.11381135
0.22250000 0.11380189
0.22245000 0.11379242
0.22240000 0.11378295
0.22235000 0.11377348
0.22230000 0.11376401
0.22225000 0.11375453
0.22220000 0.11374505
0.22215000 0.11373557
0.22210000 0.11372608
0.22205000 0.11371659
0.22200000 0.11370710
0.22195000 0.11369760
0.22190000 0.11368810
0.22185000 0.11367860
0.22180000 0.11366910
0.22175000 0.11365959
0.22170000 0.11365008
0.22165000 0.11364057
0.22160000 0.11363105
0.22155000 0.11362153
0.22150000 0.11361201
0.22145000 0.11360248
0.22140000 0.11359295
0.22135000 0.11358342
0.22130000 0.11357388
0.22125000 0.11356435
0.22120000 0.11355480
0.22115000 0.11354526
0.22110000 0.11353571
0.22105000 0.11352616
0.22100000 0.11351661
0.22095000 0.11350705
0.22090000 0.11349749
0.22085000 0.11348793
0.22080000 0.11347836
0.22075000 0.11346880
0.22070000 0.11345922
0.22065000 0.11344965
0.22060000 0.11344007
0.22055000 0.11343049
0.22050000 0.11342091
0.22045000 0.11341132
0.22040000 0.11340173
0.22035000 0.11339214
0.22030000 0.11338254
0.22025000 0.11337294
0.22020000 0.11336334
0.22015000 0.11335374
0.22010000 0.11334413
0.22005000 0.11333452
0.22000000 0.11332490
0.21995000 0.11331529
0.21990000 0.11330566
0.21985000 0.11329604
0.21980000 0.11328642
0.21975000 0.11327679
0.21970000 0.11326715
0.21965000 0.11325752
0.21960000 0.11324788
0.21955000 0.11323824
0.21950000 0.11322859
0.21945000 0.11321894
0.21940000 0.11320929
0.21935000 0.11319964
0.21930000 0.11318998
0.21925000 0.11318032
0.21920000 0.11317066
0.21915000 0.11316099
0.21910000 0.11315132
0.21905000 0.11314165
0.21900000 0.11313198
0.21895000 0.11312230
0.21890000 0.11311262
0.21885000 0.11310293
0.21880000 0.11309325
0.21875000 0.11308355
0.21870000 0.11307386
0.21865000 0.11306416
0.21860000 0.11305446
0.21855000 0.11304476
0.21850000 0.11303506
0.21845000 0.11302535
0.21840000 0.11301563
0.21835000 0.11300592
0.21830000 0.11299620
0.21825000 0.11298648
0.21820000 0.11297676
0.21815000 0.11296703
0.21810000 0.11295730
0.21805000 0.11294756
0.21800000 0.11293783
0.21795000 0.11292809
0.21790000 0.11291835
0.21785000 0.11290860
0.21780000 0.11289885
0.21775000 0.11288910
0.21770000 0.11287934
0.21765000 0.11286959
0.21760000 0.11285983
0.21755000 0.11285006
0.21750000 0.11284029
0.21745000 0.11283052
0.21740000 0.11282075
0.21735000 0.11281097
0.21730000 0.11280119
0.21725000 0.11279141
0.21720000 0.11278163
0.21715000 0.11277184
0.21710000 0.11276205
0.21705000 0.11275225
0.21700000 0.11274245
0.21695000 0.11273265
0.21690000 0.11272285
0.21685000 0.11271304
0.21680000 0.11270323
0.21675000 0.11269342
0.21670000 0.11268360
0.21665000 0.11267378
0.21660000 0.11266396
0.21655000 0.11265413
0.21650000 0.11264430
0.21645000 0.11263447
0.21640000 0.11262464
0.21635000 0.11261480
0.21630000 0.11260496
0.21625000 0.11259511
0.21620000 0.11258527
0.21615000 0.11257542
0.21610000 0.11256556
0.21605000 0.11255571
0.21600000 0.11254585
0.21595000 0.11253598
0.21590000 0.11252612
0.21585000 0.11251625
0.21580000 0.11250638
0.21575000 0.11249650
0.21570000 0.11248662
0.21565000 0.11247674
0.21560000 0.11246686
0.21555000 0.11245697
0.21550000 0.11244708
0.21545000 0.11243719
0.21540000 0.11242729
0.21535000 0.11241739
0.21530000 0.11240749
0.21525000 0.11239758
0.21520000 0.11238767
0.21515000 0.11237776
0.21510000 0.11236785
0.21505000 0.11235793
0.21500000 0.11234801
0.21495000 0.11233808
0.21490000 0.11232816
0.21485000 0.11231822
0.21480000 0.11230829
0.21475000 0.11229835
0.21470000 0.11228841
0.21465000 0.11227847
0.21460000 0.11226852
0.21455000 0.11225858
0.21450000 0.11224862
0.21445000 0.11223867
0.21440000 0.11222871
0.21435000 0.11221875
0.21430000 0.11220878
0.21425000 0.11219882
0.21420000 0.11218884
0.21415000 0.11217887
0.21410000 0.11216889
0.21405000 0.11215891
0.21400000 0.11214893
0.21395000 0.11213894
0.21390000 0.11212895
0.21385000 0.11211896
0.21380000 0.11210897
0.21375000 0.11209897
0.21370000 0.11208896
0.21365000 0.11207896
0.21360000 0.11206895
0.21355000 0.11205894
0.21350000 0.11204893
0.21345000 0.11203891
0.21340000 0.11202889
0.21335000 0.11201886
0.21330000 0.11200884
0.21325000 0.11199881
0.21320000 0.11198877
0.21315000 0.11197874
0.21310000 0.11196870
0.21305000 0.11195866
0.21300000 0.11194861
0.21295000 0.11193856
0.21290000 0.11192851
0.21285000 0.11191845
0.21280000 0.11190840
0.21275000 0.11189834
0.21270000 0.11188827
0.21265000 0.11187820
0.21260000 0.11186813
0.21255000 0.11185806
0.21250000 0.11184798
0.21245000 0.11183790
0.21240000 0.11182782
0.21235000 0.11181773
0.21230000 0.11180765
0.21225000 0.11179755
0.21220000 0.11178746
0.21215000 0.11177736
0.21210000 0.11176726
0.21205000 0.11175715
0.21200000 0.11174705
0.21195000 0.11173693
0.21190000 0.11172682
0.21185000 0.11171670
0.21180000 0.11170658
0.21175000 0.11169646
0.21170000 0.11168633
0.21165000 0.11167620
0.21160000 0.11166607
0.21155000 0.11165593
0.21150000 0.11164579
0.21145000 0.11163565
0.21140000 0.11162551
0.21135000 0.11161536
0.21130000 0.11160521
0.21125000 0.11159505
0.21120000 0.11158489
0.21115000 0.11157473
0.21110000 0.11156457
0.21105000 0.11155440
0.21100000 0.11154423
0.21095000 0.11153406
0.21090000 0.11152388
0.21085000 0.11151370
0.21080000 0.11150352
0.21075000 0.11149333
0.21070000 0.11148314
0.21065000 0.11147295
0.21060000 0.11146275
0.21055000 0.11145255
0.21050000 0.11144235
0.21045000 0.11143215
0.21040000 0.11142194
0.21035000 0.11141173
0.21030000 0.11140151
0.21025000 0.11139130
0.21020000 0.11138108
0.21015000 0.11137085
0.21010000 0.11136062
0.21005000 0.11135039
0.21000000 0.11134016
0.20995000 0.11132992
0.20990000 0.11131968
0.20985000 0.11130944
0.20980000 0.11129920
0.20975000 0.11128895
0.20970000 0.11127869
0.20965000 0.11126844
0.20960000 0.11125818
0.20955000 0.11124792
0.20950000 0.11123765
0.20945000 0.11122739
0.20940000 0.11121712
0.20935000 0.11120684
0.20930000 0.11119656
0.20925000 0.11118628
0.20920000 0.11117600
0.20915000 0.11116571
0.20910000 0.11115542
0.20905000 0.11114513
0.20900000 0.11113483
0.20895000 0.11112453
0.20890000 0.11111423
0.20885000 0.11110393
0.20880000 0.11109362
0.20875000 0.11108330
0.20870000 0.11107299
0.20865000 0.11106267
0.20860000 0.11105235
0.20855000 0.11104202
0.20850000 0.11103170
0.20845000 0.11102137
0.20840000 0.11101103
0.20835000 0.11100069
0.20830000 0.11099035
0.20825000 0.11098001
0.20820000 0.11096966
0.20815000 0.11095931
0.20810000 0.11094896
0.20805000 0.11093860
0.20800000 0.11092824
0.20795000 0.11091788
0.20790000 0.11090751
0.20785000 0.11089715
0.20780000 0.11088677
0.20775000 0.11087640
0.20770000 0.11086602
0.20765000 0.11085564
0.20760000 0.11084525
0.20755000 0.11083486
0.20750000 0.11082447
0.20745000 0.11081408
0.20740000 0.11080368
0.20735000 0.11079328
0.20730000 0.11078288
0.20725000 0.11077247
0.20720000 0.11076206
0.20715000 0.11075164
0.20710000 0.11074123
0.20705000 0.11073081
0.20700000 0.11072039
0.20695000 0.11070996
0.20690000 0.11069953
0.20685000 0.11068910
0.20680000 0.11067866
0.20675000 0.11066822
0.20670000 0.11065778
0.20665000 0.11064733
0.20660000 0.11063689
0.20655000 0.11062643
0.20650000 0.11061598
0.20645000 0.11060552
0.20640000 0.11059506
0.20635000 0.11058460
0.20630000 0.11057413
0.20625000 0.11056366
0.20620000 0.11055318
0.20615000 0.11054271
0.20610000 0.11053223
0.20605000 0.11052174
0.20600000 0.11051126
0.20595000 0.11050077
0.20590000 0.11049027
0.20585000 0.11047978
0.20580000 0.11046928
0.20575000 0.11045877
0.20570000 0.11044827
0.20565000 0.11043776
0.20560000 0.11042725
0.20555000 0.11041673
0.20550000 0.11040621
0.20545000 0.11039569
0.20540000 0.11038517
0.20535000 0.11037464
0.20530000 0.11036411
0.20525000 0.11035357
0.20520000 0.11034303
0.20515000 0.11033249
0.20510000 0.11032195
0.20505000 0.11031140
0.20500000 0.11030085
0.20495000 0.11029030
0.20490000 0.11027974
0.20485000 0.11026918
0.20480000 0.11025861
0.20475000 0.11024805
0.20470000 0.11023748
0.20465000 0.11022690
0.20460000 0.11021633
0.20455000 0.11020575
0.20450000 0.11019517
0.20445000 0.11018458
0.20440000 0.11017399
0.20435000 0.11016340
0.20430000 0.11015280
0.20425000 0.11014220
0.20420000 0.11013160
0.20415000 0.11012100
0.20410000 0.11011039
0.20405000 0.11009978
0.20400000 0.11008916
0.20395000 0.11007854
0.20390000 0.11006792
0.20385000 0.11005730
0.20380000 0.11004667
0.20375000 0.11003604
0.20370000 0.11002541
0.20365000 0.11001477
0.20360000 0.11000413
0.20355000 0.10999348
0.20350000 0.10998284
0.20345000 0.10997219
0.20340000 0.10996153
0.20335000 0.10995088
0.20330000 0.10994022
0.20325000 0.10992955
0.20320000 0.10991889
0.20315000 0.10990822
0.20310000 0.10989754
0.20305000 0.10988687
0.20300000 0.10987619
0.20295000 0.10986551
0.20290000 0.10985482
0.20285000 0.10984413
0.20280000 0.10983344
0.20275000 0.10982274
0.20270000 0.10981204
0.20265000 0.10980134
0.20260000 0.10979064
0.20255000 0.10977993
0.20250000 0.10976922
0.20245000 0.10975850
0.20240000 0.10974778
0.20235000 0.10973706
0.20230000 0.10972634
0.20225000 0.10971561
0.20220000 0.10970488
0.20215000 0.10969415
0.20210000 0.10968341
0.20205000 0.10967267
0.20200000 0.10966192
0.20195000 0.10965118
0.20190000 0.10964043
0.20185000 0.10962967
0.20180000 0.10961891
0.20175000 0.10960815
0.20170000 0.10959739
0.20165000 0.10958662
0.20160000 0.10957585
0.20155000 0.10956508
0.20150000 0.10955430
0.20145000 0.10954352
0.20140000 0.10953274
0.20135000 0.10952196
0.20130000 0.10951117
0.20125000 0.10950037
0.20120000 0.10948958
0.20115000 0.10947878
0.20110000 0.10946798
0.20105000 0.10945717
0.20100000 0.10944636
0.20095000 0.10943555
0.20090000 0.10942473
0.20085000 0.10941391
0.20080000 0.10940309
0.20075000 0.10939227
0.20070000 0.10938144
0.20065000 0.10937061
0.20060000 0.10935977
0.20055000 0.10934893
0.20050000 0.10933809
0.20045000 0.10932725
0.20040000 0.10931640
0.20035000 0.10930555
0.20030000 0.10929469
0.20025000 0.10928384
0.20020000 0.10927298
0.20015000 0.10926211
0.20010000 0.10925124
0.20005000 0.10924037
0.20000000 0.10922950
0.19995000 0.10921862
0.19990000 0.10920774
0.19985000 0.10919686
0.19980000 0.10918597
0.19975000 0.10917508
0.19970000 0.10916418
0.19965000 0.10915329
0.19960000 0.10914239
0.19955000 0.10913148
0.19950000 0.10912058
0.19945000 0.10910967
0.19940000 0.10909875
0.19935000 0.10908784
0.19930000 0.10907692
0.19925000 0.10906599
0.19920000 0.10905507
0.19915000 0.10904414
0.19910000 0.10903320
0.19905000 0.10902227
0.19900000 0.10901133
0.19895000 0.10900038
0.19890000 0.10898944
0.19885000 0.10897849
0.19880000 0.10896754
0.19875000 0.10895658
0.19870000 0.10894562
0.19865000 0.10893466
0.19860000 0.10892369
0.19855000 0.10891272
0.19850000 0.10890175
0.19845000 0.10889077
0.19840000 0.10887980
0.19835000 0.10886881
0.19830000 0.10885783
0.19825000 0.10884684
0.19820000 0.10883585
0.19815000 0.10882485
0.19810000 0.10881385
0.19805000 0.10880285
0.19800000 0.10879184
0.19795000 0.10878084
0.19790000 0.10876982
0.19785000 0.10875881
0.19780000 0.10874779
0.19775000 0.10873677
0.19770000 0.10872574
0.19765000 0.10871471
0.19760000 0.10870368
0.19755000 0.10869265
0.19750000 0.10868161
0.19745000 0.10867057
0.19740000 0.10865952
0.19735000 0.10864847
0.19730000 0.10863742
0.19725000 0.10862637
0.19720000 0.10861531
0.19715000 0.10860425
0.19710000 0.10859318
0.19705000 0.10858212
0.19700000 0.10857104
0.19695000 0.10855997
0.19690000 0.10854889
0.19685000 0.10853781
0.19680000 0.10852672
0.19675000 0.10851564
0.19670000 0.10850455
0.19665000 0.10849345
0.19660000 0.10848235
0.19655000 0.10847125
0.19650000 0.10846015
0.19645000 0.10844904
0.19640000 0.10843793
0.19635000 0.10842681
0.19630000 0.10841570
0.19625000 0.10840457
0.19620000 0.10839345
0.19615000 0.10838232
0.19610000 0.10837119
0.19605000 0.10836006
0.19600000 0.10834892
0.19595000 0.10833778
0.19590000 0.10832663
0.19585000 0.10831549
0.19580000 0.10830433
0.19575000 0.10829318
0.19570000 0.10828202
0.19565000 0.10827086
0.19560000 0.10825970
0.19555000 0.10824853
0.19550000 0.10823736
0.19545000 0.10822618
0.19540000 0.10821501
0.19535000 0.10820382
0.19530000 0.10819264
0.19525000 0.10818145
0.19520000 0.10817026
0.19515000 0.10815907
0.19510000 0.10814787
0.19505000 0.10813667
0.19500000 0.10812546
0.19495000 0.10811426
0.19490000 0.10810305
0.19485000 0.10809183
0.19480000 0.10808061
0.19475000 0.10806939
0.19470000 0.10805817
0.19465000 0.10804694
0.19460000 0.10803571
0.19455000 0.10802447
0.19450000 0.10801324
0.19445000 0.10800200
0.19440000 0.10799075
0.19435000 0.10797950
0.19430000 0.10796825
0.19425000 0.10795700
0.19420000 0.10794574
0.19415000 0.10793448
0.19410000 0.10792321
0.19405000 0.10791195
0.19400000 0.10790067
0.19395000 0.10788940
0.19390000 0.10787812
0.19385000 0.10786684
0.19380000 0.10785556
0.19375000 0.10784427
0.19370000 0.10783298
0.19365000 0.10782168
0.19360000 0.10781038
0.19355000 0.10779908
0.19350000 0.10778778
0.19345000 0.10777647
0.19340000 0.10776516
0.19335000 0.10775384
0.19330000 0.10774252
0.19325000 0.10773120
0.19320000 0.10771988
0.19315000 0.10770855
0.19310000 0.10769722
0.19305000 0.10768588
0.19300000 0.10767454
0.19295000 0.10766320
0.19290000 0.10765186
0.19285000 0.10764051
0.19280000 0.10762915
0.19275000 0.10761780
0.19270000 0.10760644
0.19265000 0.10759508
0.19260000 0.10758371
0.19255000 0.10757234
0.19250000 0.10756097
0.19245000 0.10754960
0.19240000 0.10753822
0.19235000 0.10752683
0.19230000 0.10751545
0.19225000 0.10750406
0.19220000 0.10749267
0.19215000 0.10748127
0.19210000 0.10746987
0.19205000 0.10745847
0.19200000 0.10744706
0.19195000 0.10743565
0.19190000 0.10742424
0.19185000 0.10741282
0.19180000 0.10740140
0.19175000 0.10738998
0.19170000 0.10737856
0.19165000 0.10736713
0.19160000 0.10735569
0.19155000 0.10734426
0.19150000 0.10733282
0.19145000 0.10732137
0.19140000 0.10730993
0.19135000 0.10729848
0.19130000 0.10728702
0.19125000 0.10727556
0.19120000 0.10726410
0.19115000 0.10725264
0.19110000 0.10724117
0.19105000 0.10722970
0.19100000 0.10721823
0.19095000 0.10720675
0.19090000 0.10719527
0.19085000 0.10718379
0.19080000 0.10717230
0.19075000 0.10716081
0.19070000 0.10714931
0.19065000 0.10713782
0.19060000 0.10712631
0.19055000 0.10711481
0.19050000 0.10710330
0.19045000 0.10709179
0.19040000 0.10708028
0.19035000 0.10706876
0.19030000 0.10705724
0.19025000 0.10704571
0.19020000 0.10703418
0.19015000 0.10702265
0.19010000 0.10701112
0.19005000 0.10699958
0.19000000 0.10698803
0.18995000 0.10697649
0.18990000 0.10696494
0.18985000 0.10695339
0.18980000 0.10694183
0.18975000 0.10693027
0.18970000 0.10691871
0.18965000 0.10690714
0.18960000 0.10689557
0.18955000 0.10688400
0.18950000 0.10687243
0.18945000 0.10686085
0.18940000 0.10684926
0.18935000 0.10683768
0.18930000 0.10682609
0.18925000 0.10681449
0.18920000 0.10680290
0.18915000 0.10679129
0.18910000 0.10677969
0.18905000 0.10676808
0.18900000 0.10675647
0.18895000 0.10674486
0.18890000 0.10673324
0.18885000 0.10672162
0.18880000 0.10671000
0.18875000 0.10669837
0.18870000 0.10668674
0.18865000 0.10667510
0.18860000 0.10666346
0.18855000 0.10665182
0.18850000 0.10664018
0.18845000 0.10662853
0.18840000 0.10661688
0.18835000 0.10660522
0.18830000 0.10659356
0.18825000 0.10658190
0.18820000 0.10657023
0.18815000 0.10655857
0.18810000 0.10654689
0.18805000 0.10653522
0.18800000 0.10652354
0.18795000 0.10651185
0.18790000 0.10650017
0.18785000 0.10648848
0.18780000 0.10647679
0.18775000 0.10646509
0.18770000 0.10645339
0.18765000 0.10644168
0.18760000 0.10642998
0.18755000 0.10641827
0.18750000 0.10640655
0.18745000 0.10639484
0.18740000 0.10638311
0.18735000 0.10637139
0.18730000 0.10635966
0.18725000 0.10634793
0.18720000 0.10633620
0.18715000 0.10632446
0.18710000 0.10631272
0.18705000 0.10630097
0.18700000 0.10628922
0.18695000 0.10627747
0.18690000 0.10626571
0.18685000 0.10625395
0.18680000 0.10624219
0.18675000 0.10623043
0.18670000 0.10621866
0.18665000 0.10620688
0.18660000 0.10619511
0.18655000 0.10618333
0.18650000 0.10617154
0.18645000 0.10615976
0.18640000 0.10614797
0.18635000 0.10613617
0.18630000 0.10612437
0.18625000 0.10611257
0.18620000 0.10610077
0.18615000 0.10608896
0.18610000 0.10607715
0.18605000 0.10606534
0.18600000 0.10605352
0.18595000 0.10604170
0.18590000 0.10602987
0.18585000 0.10601804
0.18580000 0.10600621
0.18575000 0.10599437
0.18570000 0.10598253
0.18565000 0.10597069
0.18560000 0.10595885
0.18555000 0.10594700
0.18550000 0.10593514
0.18545000 0.10592329
0.18540000 0.10591143
0.18535000 0.10589956
0.18530000 0.10588770
0.18525000 0.10587582
0.18520000 0.10586395
0.18515000 0.10585207
0.18510000 0.10584019
0.18505000 0.10582831
0.18500000 0.10581642
0.18495000 0.10580453
0.18490000 0.10579263
0.18485000 0.10578073
0.18480000 0.10576883
0.18475000 0.10575693
0.18470000 0.10574502
0.18465000 0.10573310
0.18460000 0.10572119
0.18455000 0.10570927
0.18450000 0.10569734
0.18445000 0.10568542
0.18440000 0.10567349
0.18435000 0.10566155
0.18430000 0.10564962
0.18425000 0.10563767
0.18420000 0.10562573
0.18415000 0.10561378
0.18410000 0.10560183
0.18405000 0.10558988
0.18400000 0.10557792
0.18395000 0.10556596
0.18390000 0.10555399
0.18385000 0.10554202
0.18380000 0.10553005
0.18375000 0.10551807
0.18370000 0.10550609
0.18365000 0.10549411
0.18360000 0.10548212
0.18355000 0.10547013
0.18350000 0.10545814
0.18345000 0.10544614
0.18340000 0.10543414
0.18335000 0.10542214
0.18330000 0.10541013
0.18325000 0.10539812
0.18320000 0.10538610
0.18315000 0.10537408
0.18310000 0.10536206
0.18305000 0.10535004
0.18300000 0.10533801
0.18295000 0.10532597
0.18290000 0.10531394
0.18285000 0.10530190
0.18280000 0.10528986
0.18275000 0.10527781
0.18270000 0.10526576
0.18265000 0.10525370
0.18260000 0.10524165
0.18255000 0.10522959
0.18250000 0.10521752
0.18245000 0.10520545
0.18240000 0.10519338
0.18235000 0.10518131
0.18230000 0.10516923
0.18225000 0.10515714
0.18220000 0.10514506
0.18215000 0.10513297
0.18210000 0.10512088
0.18205000 0.10510878
0.18200000 0.10509668
0.18195000 0.10508458
0.18190000 0.10507247
0.18185000 0.10506036
0.18180000 0.10504824
0.18175000 0.10503613
0.18170000 0.10502400
0.18165000 0.10501188
0.18160000 0.10499975
0.18155000 0.10498762
0.18150000 0.10497548
0.18145000 0.10496334
0.18140000 0.10495120
0.18135000 0.10493905
0.18130000 0.10492690
0.18125000 0.10491475
0.18120000 0.10490259
0.18115000 0.10489043
0.18110000 0.10487827
0.18105000 0.10486610
0.18100000 0.10485393
0.18095000 0.10484175
0.18090000 0.10482957
0.18085000 0.10481739
0.18080000 0.10480521
0.18075000 0.10479302
0.18070000 0.10478082
0.18065000 0.10476863
0.18060000 0.10475643
0.18055000 0.10474422
0.18050000 0.10473201
0.18045000 0.10471980
0.18040000 0.10470759
0.18035000 0.10469537
0.18030000 0.10468315
0.18025000 0.10467092
0.18020000 0.10465869
0.18015000 0.10464646
0.18010000 0.10463423
0.18005000 0.10462199
0.18000000 0.10460974
0.17995000 0.10459750
0.17990000 0.10458524
0.17985000 0.10457299
0.17980000 0.10456073
0.17975000 0.10454847
0.17970000 0.10453621
0.17965000 0.10452394
0.17960000 0.10451167
0.17955000 0.10449939
0.17950000 0.10448711
0.17945000 0.10447483
0.17940000 0.10446254
0.17935000 0.10445025
0.17930000 0.10443796
0.17925000 0.10442566
0.17920000 0.10441336
0.17915000 0.10440105
0.17910000 0.10438874
0.17905000 0.10437643
0.17900000 0.10436412
0.17895000 0.10435180
0.17890000 0.10433947
0.17885000 0.10432715
0.17880000 0.10431482
0.17875000 0.10430248
0.17870000 0.10429015
0.17865000 0.10427781
0.17860000 0.10426546
0.17855000 0.10425311
0.17850000 0.10424076
0.17845000 0.10422841
0.17840000 0.10421605
0.17835000 0.10420368
0.17830000 0.10419132
0.17825000 0.10417895
0.17820000 0.10416657
0.17815000 0.10415420
0.17810000 0.10414182
0.17805000 0.10412943
0.17800000 0.10411704
0.17795000 0.10410465
0.17790000 0.10409226
0.17785000 0.10407986
0.17780000 0.10406745
0.17775000 0.10405505
0.17770000 0.10404264
0.17765000 0.10403022
0.17760000 0.10401781
0.17755000 0.10400538
0.17750000 0.10399296
0.17745000 0.10398053
0.17740000 0.10396810
0.17735000 0.10395566
0.17730000 0.10394322
0.17725000 0.10393078
0.17720000 0.10391833
0.17715000 0.10390588
0.17710000 0.10389343
0.17705000 0.10388097
0.17700000 0.10386851
0.17695000 0.10385605
0.17690000 0.10384358
0.17685000 0.10383111
0.17680000 0.10381863
0.17675000 0.10380615
0.17670000 0.10379367
0.17665000 0.10378118
0.17660000 0.10376869
0.17655000 0.10375619
0.17650000 0.10374370
0.17645000 0.10373119
0.17640000 0.10371869
0.17635000 0.10370618
0.17630000 0.10369367
0.17625000 0.10368115
0.17620000 0.10366863
0.17615000 0.10365611
0.17610000 0.10364358
0.17605000 0.10363105
0.17600000 0.10361851
0.17595000 0.10360598
0.17590000 0.10359343
0.17585000 0.10358089
0.17580000 0.10356834
0.17575000 0.10355578
0.17570000 0.10354323
0.17565000 0.10353067
0.17560000 0.10351810
0.17555000 0.10350553
0.17550000 0.10349296
0.17545000 0.10348039
0.17540000 0.10346781
0.17535000 0.10345523
0.17530000 0.10344264
0.17525000 0.10343005
0.17520000 0.10341746
0.17515000 0.10340486
0.17510000 0.10339226
0.17505000 0.10337965
0.17500000 0.10336704
0.17495000 0.10335443
0.17490000 0.10334181
0.17485000 0.10332919
0.17480000 0.10331657
0.17475000 0.10330394
0.17470000 0.10329131
0.17465000 0.10327868
0.17460000 0.10326604
0.17455000 0.10325340
0.17450000 0.10324075
0.17445000 0.10322810
0.17440000 0.10321545
0.17435000 0.10320279
0.17430000 0.10319013
0.17425000 0.10317747
0.17420000 0.10316480
0.17415000 0.10315213
0.17410000 0.10313945
0.17405000 0.10312677
0.17400000 0.10311409
0.17395000 0.10310140
0.17390000 0.10308871
0.17385000 0.10307602
0.17380000 0.10306332
0.17375000 0.10305062
0.17370000 0.10303791
0.17365000 0.10302520
0.17360000 0.10301249
0.17355000 0.10299977
0.17350000 0.10298705
0.17345000 0.10297433
0.17340000 0.10296160
0.17335000 0.10294887
0.17330000 0.10293613
0.17325000 0.10292339
0.17320000 0.10291065
0.17315000 0.10289790
0.17310000 0.10288515
0.17305000 0.10287240
0.17300000 0.10285964
0.17295000 0.10284688
0.17290000 0.10283411
0.17285000 0.10282135
0.17280000 0.10280857
0.17275000 0.10279580
0.17270000 0.10278302
0.17265000 0.10277023
0.17260000 0.10275744
0.17255000 0.10274465
0.17250000 0.10273186
0.17245000 0.10271906
0.17240000 0.10270625
0.17235000 0.10269345
0.17230000 0.10268064
0.17225000 0.10266782
0.17220000 0.10265500
0.17215000 0.10264218
0.17210000 0.10262936
0.17205000 0.10261653
0.17200000 0.10260369
0.17195000 0.10259086
0.17190000 0.10257802
0.17185000 0.10256517
0.17180000 0.10255232
0.17175000 0.10253947
0.17170000 0.10252662
0.17165000 0.10251376
0.17160000 0.10250089
0.17155000 0.10248803
0.17150000 0.10247515
0.17145000 0.10246228
0.17140000 0.10244940
0.17135000 0.10243652
0.17130000 0.10242363
0.17125000 0.10241074
0.17120000 0.10239785
0.17115000 0.10238495
0.17110000 0.10237205
0.17105000 0.10235915
0.17100000 0.10234624
0.17095000 0.10233332
0.17090000 0.10232041
0.17085000 0.10230749
0.17080000 0.10229456
0.17075000 0.10228163
0.17070000 0.10226870
0.17065000 0.10225577
0.17060000 0.10224283
0.17055000 0.10222988
0.17050000 0.10221694
0.17045000 0.10220399
0.17040000 0.10219103
0.17035000 0.10217807
0.17030000 0.10216511
0.17025000 0.10215215
0.17020000 0.10213918
0.17015000 0.10212620
0.17010000 0.10211322
0.17005000 0.10210024
0.17000000 0.10208726
0.16995000 0.10207427
0.16990000 0.10206128
0.16985000 0.10204828
0.16980000 0.10203528
0.16975000 0.10202228
0.16970000 0.10200927
0.16965000 0.10199625
0.16960000 0.10198324
0.16955000 0.10197022
0.16950000 0.10195720
0.16945000 0.10194417
0.16940000 0.10193114
0.16935000 0.10191810
0.16930000 0.10190506
0.16925000 0.10189202
0.16920000 0.10187897
0.16915000 0.10186592
0.16910000 0.10185287
0.16905000 0.10183981
0.16900000 0.10182675
0.16895000 0.10181368
0.16890000 0.10180062
0.16885000 0.10178754
0.16880000 0.10177446
0.16875000 0.10176138
0.16870000 0.10174830
0.16865000 0.10173521
0.16860000 0.10172212
0.16855000 0.10170902
0.16850000 0.10169592
0.16845000 0.10168282
0.16840000 0.10166971
0.16835000 0.10165660
0.16830000 0.10164348
0.16825000 0.10163036
0.16820000 0.10161724
0.16815000 0.10160411
0.16810000 0.10159098
0.16805000 0.10157784
0.16800000 0.10156470
0.16795000 0.10155156
0.16790000 0.10153841
0.16785000 0.10152526
0.16780000 0.10151211
0.16775000 0.10149895
0.16770000 0.10148579
0.16765000 0.10147262
0.16760000 0.10145945
0.16755000 0.10144628
0.16750000 0.10143310
0.16745000 0.10141992
0.16740000 0.10140673
0.16735000 0.10139354
0.16730000 0.10138035
0.16725000 0.10136715
0.16720000 0.10135395
0.16715000 0.10134075
0.16710000 0.10132754
0.16705000 0.10131432
0.16700000 0.10130111
0.16695000 0.10128789
0.16690000 0.10127466
0.16685000 0.10126143
0.16680000 0.10124820
0.16675000 0.10123496
0.16670000 0.10122172
0.16665000 0.10120848
0.16660000 0.10119523
0.16655000 0.10118198
0.16650000 0.10116872
0.16645000 0.10115546
0.16640000 0.10114220
0.16635000 0.10112893
0.16630000 0.10111566
0.16625000 0.10110239
0.16620000 0.10108911
0.16615000 0.10107582
0.16610000 0.10106254
0.16605000 0.10104925
0.16600000 0.10103595
0.16595000 0.10102265
0.16590000 0.10100935
0.16585000 0.10099604
0.16580000 0.10098273
0.16575000 0.10096942
0.16570000 0.10095610
0.16565000 0.10094278
0.16560000 0.10092945
0.16555000 0.10091612
0.16550000 0.10090278
0.16545000 0.10088945
0.16540000 0.10087610
0.16535000 0.10086276
0.16530000 0.10084941
0.16525000 0.10083605
0.16520000 0.10082270
0.16515000 0.10080933
0.16510000 0.10079597
0.16505000 0.10078260
0.16500000 0.10076922
0.16495000 0.10075585
0.16490000 0.10074246
0.16485000 0.10072908
0.16480000 0.10071569
0.16475000 0.10070230
0.16470000 0.10068890
0.16465000 0.10067550
0.16460000 0.10066209
0.16455000 0.10064868
0.16450000 0.10063527
0.16445000 0.10062185
0.16440000 0.10060843
0.16435000 0.10059501
0.16430000 0.10058158
0.16425000 0.10056814
0.16420000 0.10055471
0.16415000 0.10054126
0.16410000 0.10052782
0.16405000 0.10051437
0.16400000 0.10050092
0.16395000 0.10048746
0.16390000 0.10047400
0.16385000 0.10046053
0.16380000 0.10044707
0.16375000 0.10043359
0.16370000 0.10042012
0.16365000 0.10040663
0.16360000 0.10039315
0.16355000 0.10037966
0.16350000 0.10036617
0.16345000 0.10035267
0.16340000 0.10033917
0.16335000 0.10032566
0.16330000 0.10031216
0.16325000 0.10029864
0.16320000 0.10028513
0.16315000 0.10027161
0.16310000 0.10025808
0.16305000 0.10024455
0.16300000 0.10023102
0.16295000 0.10021748
0.16290000 0.10020394
0.16285000 0.10019040
0.16280000 0.10017685
0.16275000 0.10016329
0.16270000 0.10014974
0.16265000 0.10013618
0.16260000 0.10012261
0.16255000 0.10010904
0.16250000 0.10009547
0.16245000 0.10008189
0.16240000 0.10006831
0.16235000 0.10005473
0.16230000 0.10004114
0.16225000 0.10002754
0.16220000 0.10001395
0.16215000 0.10000034
0.16210000 0.09998674
0.16205000 0.09997313
0.16200000 0.09995952
0.16195000 0.09994590
0.16190000 0.09993228
0.16185000 0.09991865
0.16180000 0.09990502
0.16175000 0.09989139
0.16170000 0.09987775
0.16165000 0.09986411
0.16160000 0.09985047
0.16155000 0.09983682
0.16150000 0.09982316
0.16145000 0.09980950
0.16140000 0.09979584
0.16135000 0.09978218
0.16130000 0.09976851
0.16125000 0.09975483
0.16120000 0.09974115
0.16115000 0.09972747
0.16110000 0.09971379
0.16105000 0.09970010
0.16100000 0.09968640
0.16095000 0.09967270
0.16090000 0.09965900
0.16085000 0.09964530
0.16080000 0.09963158
0.16075000 0.09961787
0.16070000 0.09960415
0.16065000 0.09959043
0.16060000 0.09957670
0.16055000 0.09956297
0.16050000 0.09954924
0.16045000 0.09953550
0.16040000 0.09952175
0.16035000 0.09950801
0.16030000 0.09949426
0.16025000 0.09948050
0.16020000 0.09946674
0.16015000 0.09945298
0.16010000 0.09943921
0.16005000 0.09942544
0.16000000 0.09941166
0.15995000 0.09939788
0.15990000 0.09938410
0.15985000 0.09937031
0.15980000 0.09935652
0.15975000 0.09934272
0.15970000 0.09932892
0.15965000 0.09931512
0.15960000 0.09930131
0.15955000 0.09928750
0.15950000 0.09927368
0.15945000 0.09925986
0.15940000 0.09924603
0.15935000 0.09923220
0.15930000 0.09921837
0.15925000 0.09920453
0.15920000 0.09919069
0.15915000 0.09917685
0.15910000 0.09916300
0.15905000 0.09914914
0.15900000 0.09913529
0.15895000 0.09912142
0.15890000 0.09910756
0.15885000 0.09909369
0.15880000 0.09907981
0.15875000 0.09906593
0.15870000 0.09905205
0.15865000 0.09903816
0.15860000 0.09902427
0.15855000 0.09901038
0.15850000 0.09899648
0.15845000 0.09898258
0.15840000 0.09896867
0.15835000 0.09895476
0.15830000 0.09894084
0.15825000 0.09892692
0.15820000 0.09891300
0.15815000 0.09889907
0.15810000 0.09888514
0.15805000 0.09887120
0.15800000 0.09885726
0.15795000 0.09884331
0.15790000 0.09882937
0.15785000 0.09881541
0.15780000 0.09880146
0.15775000 0.09878749
0.15770000 0.09877353
0.15765000 0.09875956
0.15760000 0.09874559
0.15755000 0.09873161
0.15750000 0.09871762
0.15745000 0.09870364
0.15740000 0.09868965
0.15735000 0.09867565
0.15730000 0.09866165
0.15725000 0.09864765
0.15720000 0.09863364
0.15715000 0.09861963
0.15710000 0.09860562
0.15705000 0.09859160
0.15700000 0.09857757
0.15695000 0.09856355
0.15690000 0.09854951
0.15685000 0.09853548
0.15680000 0.09852144
0.15675000 0.09850739
0.15670000 0.09849334
0.15665000 0.09847929
0.15660000 0.09846523
0.15655000 0.09845117
0.15650000 0.09843710
0.15645000 0.09842303
0.15640000 0.09840896
0.15635000 0.09839488
0.15630000 0.09838080
0.15625000 0.09836671
0.15620000 0.09835262
0.15615000 0.09833853
0.15610000 0.09832443
0.15605000 0.09831032
0.15600000 0.09829621
0.15595000 0.09828210
0.15590000 0.09826799
0.15585000 0.09825387
0.15580000 0.09823974
0.15575000 0.09822561
0.15570000 0.09821148
0.15565000 0.09819734
0.15560000 0.09818320
0.15555000 0.09816905
0.15550000 0.09815490
0.15545000 0.09814075
0.15540000 0.09812659
0.15535000 0.09811243
0.15530000 0.09809826
0.15525000 0.09808409
0.15520000 0.09806991
0.15515000 0.09805573
0.15510000 0.09804155
0.15505000 0.09802736
0.15500000 0.09801317
0.15495000 0.09799897
0.15490000 0.09798477
0.15485000 0.09797057
0.15480000 0.09795636
0.15475000 0.09794214
0.15470000 0.09792793
0.15465000 0.09791370
0.15460000 0.09789948
0.15455000 0.09788525
0.15450000 0.09787101
0.15445000 0.09785677
0.15440000 0.09784253
0.15435000 0.09782828
0.15430000 0.09781403
0.15425000 0.09779977
0.15420000 0.09778551
0.15415000 0.09777125
0.15410000 0.09775698
0.15405000 0.09774270
0.15400000 0.09772843
0.15395000 0.09771415
0.15390000 0.09769986
0.15385000 0.09768557
0.15380000 0.09767127
0.15375000 0.09765697
0.15370000 0.09764267
0.15365000 0.09762836
0.15360000 0.09761405
0.15355000 0.09759974
0.15350000 0.09758541
0.15345000 0.09757109
0.15340000 0.09755676
0.15335000 0.09754243
0.15330000 0.09752809
0.15325000 0.09751375
0.15320000 0.09749940
0.15315000 0.09748505
0.15310000 0.09747070
0.15305000 0.09745634
0.15300000 0.09744197
0.15295000 0.09742761
0.15290000 0.09741323
0.15285000 0.09739886
0.15280000 0.09738448
0.15275000 0.09737009
0.15270000 0.09735570
0.15265000 0.09734131
0.15260000 0.09732691
0.15255000 0.09731251
0.15250000 0.09729810
0.15245000 0.09728369
0.15240000 0.09726927
0.15235000 0.09725485
0.15230000 0.09724043
0.15225000 0.09722600
0.15220000 0.09721157
0.15215000 0.09719713
0.15210000 0.09718269
0.15205000 0.09716825
0.15200000 0.09715380
0.15195000 0.09713934
0.15190000 0.09712488
0.15185000 0.09711042
0.15180000 0.09709595
0.15175000 0.09708148
0.15170000 0.09706700
0.15165000 0.09705252
0.15160000 0.09703804
0.15155000 0.09702355
0.15150000 0.09700906
0.15145000 0.09699456
0.15140000 0.09698006
0.15135000 0.09696555
0.15130000 0.09695104
0.15125000 0.09693652
0.15120000 0.09692200
0.15115000 0.09690748
0.15110000 0.09689295
0.15105000 0.09687842
0.15100000 0.09686388
0.15095000 0.09684934
0.15090000 0.09683479
0.15085000 0.09682024
0.15080000 0.09680569
0.15075000 0.09679113
0.15070000 0.09677656
0.15065000 0.09676200
0.15060000 0.09674742
0.15055000 0.09673285
0.15050000 0.09671827
0.15045000 0.09670368
0.15040000 0.09668909
0.15035000 0.09667450
0.15030000 0.09665990
0.15025000 0.09664529
0.15020000 0.09663069
0.15015000 0.09661607
0.15010000 0.09660146
0.15005000 0.09658684
0.15000000 0.09657221
0.14995000 0.09655758
0.14990000 0.09654295
0.14985000 0.09652831
0.14980000 0.09651367
0.14975000 0.09649902
0.14970000 0.09648437
0.14965000 0.09646971
0.14960000 0.09645505
0.14955000 0.09644039
0.14950000 0.09642572
0.14945000 0.09641104
0.14940000 0.09639637
0.14935000 0.09638168
0.14930000 0.09636700
0.14925000 0.09635230
0.14920000 0.09633761
0.14915000 0.09632291
0.14910000 0.09630820
0.14905000 0.09629349
0.14900000 0.09627878
0.14895000 0.09626406
0.14890000 0.09624934
0.14885000 0.09623461
0.14880000 0.09621988
0.14875000 0.09620514
0.14870000 0.09619040
0.14865000 0.09617566
0.14860000 0.09616091
0.14855000 0.09614616
0.14850000 0.09613140
0.14845000 0.09611663
0.14840000 0.09610187
0.14835000 0.09608710
0.14830000 0.09607232
0.14825000 0.09605754
0.14820000 0.09604275
0.14815000 0.09602796
0.14810000 0.09601317
0.14805000 0.09599837
0.14800000 0.09598357
0.14795000 0.09596876
0.14790000 0.09595395
0.14785000 0.09593913
0.14780000 0.09592431
0.14775000 0.09590948
0.14770000 0.09589465
0.14765000 0.09587982
0.14760000 0.09586498
0.14755000 0.09585014
0.14750000 0.09583529
0.14745000 0.09582044
0.14740000 0.09580558
0.14735000 0.09579072
0.14730000 0.09577585
0.14725000 0.09576098
0.14720000 0.09574611
0.14715000 0.09573123
0.14710000 0.09571634
0.14705000 0.09570145
0.14700000 0.09568656
0.14695000 0.09567166
0.14690000 0.09565676
0.14685000 0.09564186
0.14680000 0.09562694
0.14675000 0.09561203
0.14670000 0.09559711
0.14665000 0.09558218
0.14660000 0.09556725
0.14655000 0.09555232
0.14650000 0.09553738
0.14645000 0.09552244
0.14640000 0.09550749
0.14635000 0.09549254
0.14630000 0.09547758
0.14625000 0.09546262
0.14620000 0.09544766
0.14615000 0.09543268
0.14610000 0.09541771
0.14605000 0.09540273
0.14600000 0.09538775
0.14595000 0.09537276
0.14590000 0.09535777
0.14585000 0.09534277
0.14580000 0.09532777
0.14575000 0.09531276
0.14570000 0.09529775
0.14565000 0.09528273
0.14560000 0.09526771
0.14555000 0.09525269
0.14550000 0.09523766
0.14545000 0.09522262
0.14540000 0.09520758
0.14535000 0.09519254
0.14530000 0.09517749
0.14525000 0.09516244
0.14520000 0.09514738
0.14515000 0.09513232
0.14510000 0.09511725
0.14505000 0.09510218
0.14500000 0.09508711
0.14495000 0.09507203
0.14490000 0.09505694
0.14485000 0.09504185
0.14480000 0.09502676
0.14475000 0.09501166
0.14470000 0.09499656
0.14465000 0.09498145
0.14460000 0.09496634
0.14455000 0.09495122
0.14450000 0.09493610
0.14445000 0.09492097
0.14440000 0.09490584
0.14435000 0.09489071
0.14430000 0.09487557
0.14425000 0.09486042
0.14420000 0.09484527
0.14415000 0.09483012
0.14410000 0.09481496
0.14405000 0.09479980
0.14400000 0.09478463
0.14395000 0.09476946
0.14390000 0.09475428
0.14385000 0.09473910
0.14380000 0.09472391
0.14375000 0.09470872
0.14370000 0.09469353
0.14365000 0.09467833
0.14360000 0.09466312
0.14355000 0.09464791
0.14350000 0.09463270
0.14345000 0.09461748
0.14340000 0.09460226
0.14335000 0.09458703
0.14330000 0.09457179
0.14325000 0.09455656
0.14320000 0.09454132
0.14315000 0.09452607
0.14310000 0.09451082
0.14305000 0.09449556
0.14300000 0.09448030
0.14295000 0.09446503
0.14290000 0.09444976
0.14285000 0.09443449
0.14280000 0.09441921
0.14275000 0.09440393
0.14270000 0.09438864
0.14265000 0.09437334
0.14260000 0.09435804
0.14255000 0.09434274
0.14250000 0.09432743
0.14245000 0.09431212
0.14240000 0.09429680
0.14235000 0.09428148
0.14230000 0.09426616
0.14225000 0.09425082
0.14220000 0.09423549
0.14215000 0.09422015
0.14210000 0.09420480
0.14205000 0.09418945
0.14200000 0.09417410
0.14195000 0.09415874
0.14190000 0.09414337
0.14185000 0.09412801
0.14180000 0.09411263
0.14175000 0.09409725
0.14170000 0.09408187
0.14165000 0.09406648
0.14160000 0.09405109
0.14155000 0.09403569
0.14150000 0.09402029
0.14145000 0.09400488
0.14140000 0.09398947
0.14135000 0.09397406
0.14130000 0.09395864
0.14125000 0.09394321
0.14120000 0.09392778
0.14115000 0.09391234
0.14110000 0.09389690
0.14105000 0.09388146
0.14100000 0.09386601
0.14095000 0.09385056
0.14090000 0.09383510
0.14085000 0.09381963
0.14080000 0.09380416
0.14075000 0.09378869
0.14070000 0.09377321
0.14065000 0.09375773
0.14060000 0.09374224
0.14055000 0.09372675
0.14050000 0.09371125
0.14045000 0.09369575
0.14040000 0.09368025
0.14035000 0.09366473
0.14030000 0.09364922
0.14025000 0.09363370
0.14020000 0.09361817
0.14015000 0.09360264
0.14010000 0.09358710
0.14005000 0.09357156
0.14000000 0.09355602
0.13995000 0.09354047
0.13990000 0.09352491
0.13985000 0.09350936
0.13980000 0.09349379
0.13975000 0.09347822
0.13970000 0.09346265
0.13965000 0.09344707
0.13960000 0.09343149
0.13955000 0.09341590
0.13950000 0.09340031
0.13945000 0.09338471
0.13940000 0.09336910
0.13935000 0.09335350
0.13930000 0.09333788
0.13925000 0.09332227
0.13920000 0.09330665
0.13915000 0.09329102
0.13910000 0.09327539
0.13905000 0.09325975
0.13900000 0.09324411
0.13895000 0.09322846
0.13890000 0.09321281
0.13885000 0.09319716
0.13880000 0.09318150
0.13875000 0.09316583
0.13870000 0.09315016
0.13865000 0.09313448
0.13860000 0.09311880
0.13855000 0.09310312
0.13850000 0.09308743
0.13845000 0.09307173
0.13840000 0.09305603
0.13835000 0.09304033
0.13830000 0.09302462
0.13825000 0.09300891
0.13820000 0.09299319
0.13815000 0.09297746
0.13810000 0.09296174
0.13805000 0.09294600
0.13800000 0.09293026
0.13795000 0.09291452
0.13790000 0.09289877
0.13785000 0.09288302
0.13780000 0.09286726
0.13775000 0.09285150
0.13770000 0.09283573
0.13765000 0.09281996
0.13760000 0.09280418
0.13755000 0.09278840
0.13750000 0.09277261
0.13745000 0.09275682
0.13740000 0.09274102
0.13735000 0.09272522
0.13730000 0.09270941
0.13725000 0.09269360
0.13720000 0.09267778
0.13715000 0.09266196
0.13710000 0.09264613
0.13705000 0.09263030
0.13700000 0.09261446
0.13695000 0.09259862
0.13690000 0.09258277
0.13685000 0.09256692
0.13680000 0.09255107
0.13675000 0.09253521
0.13670000 0.09251934
0.13665000 0.09250347
0.13660000 0.09248759
0.13655000 0.09247171
0.13650000 0.09245582
0.13645000 0.09243993
0.13640000 0.09242404
0.13635000 0.09240814
0.13630000 0.09239223
0.13625000 0.09237632
0.13620000 0.09236040
0.13615000 0.09234448
0.13610000 0.09232856
0.13605000 0.09231263
0.13600000 0.09229669
0.13595000 0.09228075
0.13590000 0.09226481
0.13585000 0.09224885
0.13580000 0.09223290
0.13575000 0.09221694
0.13570000 0.09220097
0.13565000 0.09218500
0.13560000 0.09216903
0.13555000 0.09215305
0.13550000 0.09213706
0.13545000 0.09212107
0.13540000 0.09210508
0.13535000 0.09208907
0.13530000 0.09207307
0.13525000 0.09205706
0.13520000 0.09204104
0.13515000 0.09202502
0.13510000 0.09200900
0.13505000 0.09199297
0.13500000 0.09197693
0.13495000 0.09196089
0.13490000 0.09194485
0.13485000 0.09192879
0.13480000 0.09191274
0.13475000 0.09189668
0.13470000 0.09188061
0.13465000 0.09186454
0.13460000 0.09184847
0.13455000 0.09183239
0.13450000 0.09181630
0.13445000 0.09180021
0.13440000 0.09178411
0.13435000 0.09176801
0.13430000 0.09175191
0.13425000 0.09173579
0.13420000 0.09171968
0.13415000 0.09170356
0.13410000 0.09168743
0.13405000 0.09167130
0.13400000 0.09165516
0.13395000 0.09163902
0.13390000 0.09162288
0.13385000 0.09160672
0.13380000 0.09159057
0.13375000 0.09157441
0.13370000 0.09155824
0.13365000 0.09154207
0.13360000 0.09152589
0.13355000 0.09150971
0.13350000 0.09149352
0.13345000 0.09147733
0.13340000 0.09146113
0.13335000 0.09144493
0.13330000 0.09142872
0.13325000 0.09141251
0.13320000 0.09139629
0.13315000 0.09138007
0.13310000 0.09136384
0.13305000 0.09134761
0.13300000 0.09133137
0.13295000 0.09131513
0.13290000 0.09129888
0.13285000 0.09128262
0.13280000 0.09126637
0.13275000 0.09125010
0.13270000 0.09123383
0.13265000 0.09121756
0.13260000 0.09120128
0.13255000 0.09118500
0.13250000 0.09116871
0.13245000 0.09115241
0.13240000 0.09113611
0.13235000 0.09111981
0.13230000 0.09110350
0.13225000 0.09108718
0.13220000 0.09107086
0.13215000 0.09105454
0.13210000 0.09103821
0.13205000 0.09102187
0.13200000 0.09100553
0.13195000 0.09098919
0.13190000 0.09097283
0.13185000 0.09095648
0.13180000 0.09094012
0.13175000 0.09092375
0.13170000 0.09090738
0.13165000 0.09089100
0.13160000 0.09087462
0.13155000 0.09085823
0.13150000 0.09084184
0.13145000 0.09082544
0.13140000 0.09080904
0.13135000 0.09079263
0.13130000 0.09077622
0.13125000 0.09075980
0.13120000 0.09074337
0.13115000 0.09072695
0.13110000 0.09071051
0.13105000 0.09069407
0.13100000 0.09067763
0.13095000 0.09066118
0.13090000 0.09064472
0.13085000 0.09062826
0.13080000 0.09061180
0.13075000 0.09059533
0.13070000 0.09057885
0.13065000 0.09056237
0.13060000 0.09054588
0.13055000 0.09052939
0.13050000 0.09051290
0.13045000 0.09049639
0.13040000 0.09047989
0.13035000 0.09046337
0.13030000 0.09044686
0.13025000 0.09043033
0.13020000 0.09041381
0.13015000 0.09039727
0.13010000 0.09038073
0.13005000 0.09036419
0.13000000 0.09034764
0.12995000 0.09033109
0.12990000 0.09031453
0.12985000 0.09029796
0.12980000 0.09028139
0.12975000 0.09026482
0.12970000 0.09024824
0.12965000 0.09023165
0.12960000 0.09021506
0.12955000 0.09019846
0.12950000 0.09018186
0.12945000 0.09016525
0.12940000 0.09014864
0.12935000 0.09013202
0.12930000 0.09011540
0.12925000 0.09009877
0.12920000 0.09008214
0.12915000 0.09006550
0.12910000 0.09004885
0.12905000 0.09003220
0.12900000 0.09001555
0.12895000 0.08999889
0.12890000 0.08998222
0.12885000 0.08996555
0.12880000 0.08994888
0.12875000 0.08993220
0.12870000 0.08991551
0.12865000 0.08989882
0.12860000 0.08988212
0.12855000 0.08986542
0.12850000 0.08984871
0.12845000 0.08983200
0.12840000 0.08981528
0.12835000 0.08979855
0.12830000 0.08978182
0.12825000 0.08976509
0.12820000 0.08974835
0.12815000 0.08973160
0.12810000 0.08971485
0.12805000 0.08969810
0.12800000 0.08968133
0.12795000 0.08966457
0.12790000 0.08964780
0.12785000 0.08963102
0.12780000 0.08961424
0.12775000 0.08959745
0.12770000 0.08958065
0.12765000 0.08956385
0.12760000 0.08954705
0.12755000 0.08953024
0.12750000 0.08951342
0.12745000 0.08949660
0.12740000 0.08947978
0.12735000 0.08946295
0.12730000 0.08944611
0.12725000 0.08942927
0.12720000 0.08941242
0.12715000 0.08939557
0.12710000 0.08937871
0.12705000 0.08936184
0.12700000 0.08934497
0.12695000 0.08932810
0.12690000 0.08931122
0.12685000 0.08929433
0.12680000 0.08927744
0.12675000 0.08926055
0.12670000 0.08924365
0.12665000 0.08922674
0.12660000 0.08920983
0.12655000 0.08919291
0.12650000 0.08917598
0.12645000 0.08915905
0.12640000 0.08914212
0.12635000 0.08912518
0.12630000 0.08910823
0.12625000 0.08909128
0.12620000 0.08907433
0.12615000 0.08905737
0.12610000 0.08904040
0.12605000 0.08902343
0.12600000 0.08900645
0.12595000 0.08898946
0.12590000 0.08897248
0.12585000 0.08895548
0.12580000 0.08893848
0.12575000 0.08892148
0.12570000 0.08890446
0.12565000 0.08888745
0.12560000 0.08887043
0.12555000 0.08885340
0.12550000 0.08883637
0.12545000 0.08881933
0.12540000 0.08880228
0.12535000 0.08878523
0.12530000 0.08876818
0.12525000 0.08875112
0.12520000 0.08873405
0.12515000 0.08871698
0.12510000 0.08869990
0.12505000 0.08868282
0.12500000 0.08866573
0.12495000 0.08864864
0.12490000 0.08863154
0.12485000 0.08861444
0.12480000 0.08859733
0.12475000 0.08858021
0.12470000 0.08856309
0.12465000 0.08854596
0.12460000 0.08852883
0.12455000 0.08851169
0.12450000 0.08849455
0.12445000 0.08847740
0.12440000 0.08846025
0.12435000 0.08844309
0.12430000 0.08842592
0.12425000 0.08840875
0.12420000 0.08839157
0.12415000 0.08837439
0.12410000 0.08835720
0.12405000 0.08834001
0.12400000 0.08832281
0.12395000 0.08830561
0.12390000 0.08828840
0.12385000 0.08827118
0.12380000 0.08825396
0.12375000 0.08823673
0.12370000 0.08821950
0.12365000 0.08820226
0.12360000 0.08818502
0.12355000 0.08816777
0.12350000 0.08815051
0.12345000 0.08813325
0.12340000 0.08811599
0.12335000 0.08809871
0.12330000 0.08808144
0.12325000 0.08806415
0.12320000 0.08804687
0.12315000 0.08802957
0.12310000 0.08801227
0.12305000 0.08799497
0.12300000 0.08797765
0.12295000 0.08796034
0.12290000 0.08794302
0.12285000 0.08792569
0.12280000 0.08790835
0.12275000 0.08789101
0.12270000 0.08787367
0.12265000 0.08785632
0.12260000 0.08783896
0.12255000 0.08782160
0.12250000 0.08780423
0.12245000 0.08778686
0.12240000 0.08776948
0.12235000 0.08775210
0.12230000 0.08773471
0.12225000 0.08771731
0.12220000 0.08769991
0.12215000 0.08768250
0.12210000 0.08766509
0.12205000 0.08764767
0.12200000 0.08763024
0.12195000 0.08761281
0.12190000 0.08759538
0.12185000 0.08757794
0.12180000 0.08756049
0.12175000 0.08754304
0.12170000 0.08752558
0.12165000 0.08750811
0.12160000 0.08749064
0.12155000 0.08747317
0.12150000 0.08745569
0.12145000 0.08743820
0.12140000 0.08742071
0.12135000 0.08740321
0.12130000 0.08738570
0.12125000 0.08736819
0.12120000 0.08735068
0.12115000 0.08733315
0.12110000 0.08731563
0.12105000 0.08729809
0.12100000 0.08728055
0.12095000 0.08726301
0.12090000 0.08724546
0.12085000 0.08722790
0.12080000 0.08721034
0.12075000 0.08719277
0.12070000 0.08717520
0.12065000 0.08715762
0.12060000 0.08714004
0.12055000 0.08712245
0.12050000 0.08710485
0.12045000 0.08708725
0.12040000 0.08706964
0.12035000 0.08705202
0.12030000 0.08703440
0.12025000 0.08701678
0.12020000 0.08699915
0.12015000 0.08698151
0.12010000 0.08696387
0.12005000 0.08694622
0.12000000 0.08692856
0.11995000 0.08691090
0.11990000 0.08689324
0.11985000 0.08687557
0.11980000 0.08685789
0.11975000 0.08684020
0.11970000 0.08682252
0.11965000 0.08680482
0.11960000 0.08678712
0.11955000 0.08676941
0.11950000 0.08675170
0.11945000 0.08673398
0.11940000 0.08671626
0.11935000 0.08669853
0.11930000 0.08668079
0.11925000 0.08666305
0.11920000 0.08664530
0.11915000 0.08662755
0.11910000 0.08660979
0.11905000 0.08659202
0.11900000 0.08657425
0.11895000 0.08655647
0.11890000 0.08653869
0.11885000 0.08652090
0.11880000 0.08650310
0.11875000 0.08648530
0.11870000 0.08646750
0.11865000 0.08644968
0.11860000 0.08643187
0.11855000 0.08641404
0.11850000 0.08639621
0.11845000 0.08637837
0.11840000 0.08636053
0.11835000 0.08634268
0.11830000 0.08632483
0.11825000 0.08630697
0.11820000 0.08628910
0.11815000 0.08627123
0.11810000 0.08625336
0.11805000 0.08623547
0.11800000 0.08621758
0.11795000 0.08619969
0.11790000 0.08618179
0.11785000 0.08616388
0.11780000 0.08614596
0.11775000 0.08612805
0.11770000 0.08611012
0.11765000 0.08609219
0.11760000 0.08607425
0.11755000 0.08605631
0.11750000 0.08603836
0.11745000 0.08602040
0.11740000 0.08600244
0.11735000 0.08598448
0.11730000 0.08596650
0.11725000 0.08594852
0.11720000 0.08593054
0.11715000 0.08591255
0.11710000 0.08589455
0.11705000 0.08587655
0.11700000 0.08585854
0.11695000 0.08584053
0.11690000 0.08582250
0.11685000 0.08580448
0.11680000 0.08578644
0.11675000 0.08576841
0.11670000 0.08575036
0.11665000 0.08573231
0.11660000 0.08571425
0.11655000 0.08569619
0.11650000 0.08567812
0.11645000 0.08566005
0.11640000 0.08564196
0.11635000 0.08562388
0.11630000 0.08560578
0.11625000 0.08558768
0.11620000 0.08556958
0.11615000 0.08555147
0.11610000 0.08553335
0.11605000 0.08551523
0.11600000 0.08549710
0.11595000 0.08547896
0.11590000 0.08546082
0.11585000 0.08544267
0.11580000 0.08542452
0.11575000 0.08540636
0.11570000 0.08538819
0.11565000 0.08537002
0.11560000 0.08535184
0.11555000 0.08533366
0.11550000 0.08531547
0.11545000 0.08529727
0.11540000 0.08527907
0.11535000 0.08526086
0.11530000 0.08524265
0.11525000 0.08522442
0.11520000 0.08520620
0.11515000 0.08518796
0.11510000 0.08516973
0.11505000 0.08515148
0.11500000 0.08513323
0.11495000 0.08511497
0.11490000 0.08509671
0.11485000 0.08507844
0.11480000 0.08506016
0.11475000 0.08504188
0.11470000 0.08502359
0.11465000 0.08500530
0.11460000 0.08498700
0.11455000 0.08496869
0.11450000 0.08495038
0.11445000 0.08493206
0.11440000 0.08491373
0.11435000 0.08489540
0.11430000 0.08487706
0.11425000 0.08485872
0.11420000 0.08484037
0.11415000 0.08482201
0.11410000 0.08480365
0.11405000 0.08478528
0.11400000 0.08476691
0.11395000 0.08474852
0.11390000 0.08473014
0.11385000 0.08471174
0.11380000 0.08469334
0.11375000 0.08467494
0.11370000 0.08465653
0.11365000 0.08463811
0.11360000 0.08461968
0.11355000 0.08460125
0.11350000 0.08458282
0.11345000 0.08456437
0.11340000 0.08454592
0.11335000 0.08452747
0.11330000 0.08450901
0.11325000 0.08449054
0.11320000 0.08447206
0.11315000 0.08445358
0.11310000 0.08443510
0.11305000 0.08441660
0.11300000 0.08439810
0.11295000 0.08437960
0.11290000 0.08436108
0.11285000 0.08434257
0.11280000 0.08432404
0.11275000 0.08430551
0.11270000 0.08428697
0.11265000 0.08426843
0.11260000 0.08424988
0.11255000 0.08423132
0.11250000 0.08421276
0.11245000 0.08419419
0.11240000 0.08417562
0.11235000 0.08415704
0.11230000 0.08413845
0.11225000 0.08411986
0.11220000 0.08410126
0.11215000 0.08408265
0.11210000 0.08406404
0.11205000 0.08404542
0.11200000 0.08402679
0.11195000 0.08400816
0.11190000 0.08398952
0.11185000 0.08397088
0.11180000 0.08395223
0.11175000 0.08393357
0.11170000 0.08391490
0.11165000 0.08389623
0.11160000 0.08387756
0.11155000 0.08385888
0.11150000 0.08384019
0.11145000 0.08382149
0.11140000 0.08380279
0.11135000 0.08378408
0.11130000 0.08376537
0.11125000 0.08374665
0.11120000 0.08372792
0.11115000 0.08370918
0.11110000 0.08369044
0.11105000 0.08367170
0.11100000 0.08365294
0.11095000 0.08363418
0.11090000 0.08361542
0.11085000 0.08359665
0.11080000 0.08357787
0.11075000 0.08355908
0.11070000 0.08354029
0.11065000 0.08352149
0.11060000 0.08350269
0.11055000 0.08348388
0.11050000 0.08346506
0.11045000 0.08344624
0.11040000 0.08342741
0.11035000 0.08340857
0.11030000 0.08338973
0.11025000 0.08337088
0.11020000 0.08335202
0.11015000 0.08333316
0.11010000 0.08331429
0.11005000 0.08329541
0.11000000 0.08327653
0.10995000 0.08325764
0.10990000 0.08323875
0.10985000 0.08321985
0.10980000 0.08320094
0.10975000 0.08318203
0.10970000 0.08316310
0.10965000 0.08314418
0.10960000 0.08312524
0.10955000 0.08310630
0.10950000 0.08308736
0.10945000 0.08306840
0.10940000 0.08304944
0.10935000 0.08303048
0.10930000 0.08301150
0.10925000 0.08299252
0.10920000 0.08297354
0.10915000 0.08295454
0.10910000 0.08293555
0.10905000 0.08291654
0.10900000 0.08289753
0.10895000 0.08287851
0.10890000 0.08285948
0.10885000 0.08284045
0.10880000 0.08282141
0.10875000 0.08280237
0.10870000 0.08278331
0.10865000 0.08276426
0.10860000 0.08274519
0.10855000 0.08272612
0.10850000 0.08270704
0.10845000 0.08268796
0.10840000 0.08266887
0.10835000 0.08264977
0.10830000 0.08263066
0.10825000 0.08261155
0.10820000 0.08259243
0.10815000 0.08257331
0.10810000 0.08255418
0.10805000 0.08253504
0.10800000 0.08251590
0.10795000 0.08249675
0.10790000 0.08247759
0.10785000 0.08245843
0.10780000 0.08243925
0.10775000 0.08242008
0.10770000 0.08240089
0.10765000 0.08238170
0.10760000 0.08236250
0.10755000 0.08234330
0.10750000 0.08232409
0.10745000 0.08230487
0.10740000 0.08228565
0.10735000 0.08226642
0.10730000 0.08224718
0.10725000 0.08222794
0.10720000 0.08220868
0.10715000 0.08218943
0.10710000 0.08217016
0.10705000 0.08215089
0.10700000 0.08213161
0.10695000 0.08211233
0.10690000 0.08209304
0.10685000 0.08207374
0.10680000 0.08205444
0.10675000 0.08203513
0.10670000 0.08201581
0.10665000 0.08199648
0.10660000 0.08197715
0.10655000 0.08195781
0.10650000 0.08193847
0.10645000 0.08191912
0.10640000 0.08189976
0.10635000 0.08188039
0.10630000 0.08186102
0.10625000 0.08184164
0.10620000 0.08182226
0.10615000 0.08180286
0.10610000 0.08178346
0.10605000 0.08176406
0.10600000 0.08174465
0.10595000 0.08172523
0.10590000 0.08170580
0.10585000 0.08168637
0.10580000 0.08166693
0.10575000 0.08164748
0.10570000 0.08162803
0.10565000 0.08160857
0.10560000 0.08158910
0.10555000 0.08156963
0.10550000 0.08155015
0.10545000 0.08153066
0.10540000 0.08151116
0.10535000 0.08149166
0.10530000 0.08147215
0.10525000 0.08145264
0.10520000 0.08143312
0.10515000 0.08141359
0.10510000 0.08139405
0.10505000 0.08137451
0.10500000 0.08135496
0.10495000 0.08133540
0.10490000 0.08131584
0.10485000 0.08129627
0.10480000 0.08127670
0.10475000 0.08125711
0.10470000 0.08123752
0.10465000 0.08121792
0.10460000 0.08119832
0.10455000 0.08117871
0.10450000 0.08115909
0.10445000 0.08113946
0.10440000 0.08111983
0.10435000 0.08110019
0.10430000 0.08108055
0.10425000 0.08106089
0.10420000 0.08104124
0.10415000 0.08102157
0.10410000 0.08100189
0.10405000 0.08098221
0.10400000 0.08096253
0.10395000 0.08094283
0.10390000 0.08092313
0.10385000 0.08090342
0.10380000 0.08088371
0.10375000 0.08086399
0.10370000 0.08084426
0.10365000 0.08082452
0.10360000 0.08080478
0.10355000 0.08078503
0.10350000 0.08076527
0.10345000 0.08074550
0.10340000 0.08072573
0.10335000 0.08070596
0.10330000 0.08068617
0.10325000 0.08066638
0.10320000 0.08064658
0.10315000 0.08062677
0.10310000 0.08060696
0.10305000 0.08058714
0.10300000 0.08056731
0.10295000 0.08054748
0.10290000 0.08052764
0.10285000 0.08050779
0.10280000 0.08048793
0.10275000 0.08046807
0.10270000 0.08044820
0.10265000 0.08042832
0.10260000 0.08040844
0.10255000 0.08038855
0.10250000 0.08036865
0.10245000 0.08034874
0.10240000 0.08032883
0.10235000 0.08030891
0.10230000 0.08028899
0.10225000 0.08026905
0.10220000 0.08024911
0.10215000 0.08022916
0.10210000 0.08020921
0.10205000 0.08018925
0.10200000 0.08016928
0.10195000 0.08014930
0.10190000 0.08012932
0.10185000 0.08010933
0.10180000 0.08008933
0.10175000 0.08006933
0.10170000 0.08004932
0.10165000 0.08002930
0.10160000 0.08000927
0.10155000 0.07998924
0.10150000 0.07996920
0.10145000 0.07994915
0.10140000 0.07992909
0.10135000 0.07990903
0.10130000 0.07988896
0.10125000 0.07986889
0.10120000 0.07984880
0.10115000 0.07982871
0.10110000 0.07980862
0.10105000 0.07978851
0.10100000 0.07976840
0.10095000 0.07974828
0.10090000 0.07972815
0.10085000 0.07970802
0.10080000 0.07968788
0.10075000 0.07966773
0.10070000 0.07964757
0.10065000 0.07962741
0.10060000 0.07960724
0.10055000 0.07958706
0.10050000 0.07956688
0.10045000 0.07954669
0.10040000 0.07952649
0.10035000 0.07950628
0.10030000 0.07948607
0.10025000 0.07946585
0.10020000 0.07944562
0.10015000 0.07942538
0.10010000 0.07940514
0.10005000 0.07938489
0.10000000 0.07936463
0.09995000 0.07934437
0.09990000 0.07932409
0.09985000 0.07930382
0.09980000 0.07928353
0.09975000 0.07926323
0.09970000 0.07924293
0.09965000 0.07922263
0.09960000 0.07920231
0.09955000 0.07918199
0.09950000 0.07916166
0.09945000 0.07914132
0.09940000 0.07912097
0.09935000 0.07910062
0.09930000 0.07908026
0.09925000 0.07905989
0.09920000 0.07903952
0.09915000 0.07901914
0.09910000 0.07899875
0.09905000 0.07897835
0.09900000 0.07895794
0.09895000 0.07893753
0.09890000 0.07891711
0.09885000 0.07889669
0.09880000 0.07887625
0.09875000 0.07885581
0.09870000 0.07883536
0.09865000 0.07881491
0.09860000 0.07879444
0.09855000 0.07877397
0.09850000 0.07875349
0.09845000 0.07873301
0.09840000 0.07871252
0.09835000 0.07869201
0.09830000 0.07867151
0.09825000 0.07865099
0.09820000 0.07863047
0.09815000 0.07860994
0.09810000 0.07858940
0.09805000 0.07856885
0.09800000 0.07854830
0.09795000 0.07852774
0.09790000 0.07850717
0.09785000 0.07848660
0.09780000 0.07846601
0.09775000 0.07844542
0.09770000 0.07842482
0.09765000 0.07840422
0.09760000 0.07838361
0.09755000 0.07836299
0.09750000 0.07834236
0.09745000 0.07832172
0.09740000 0.07830108
0.09735000 0.07828043
0.09730000 0.07825977
0.09725000 0.07823910
0.09720000 0.07821843
0.09715000 0.07819775
0.09710000 0.07817706
0.09705000 0.07815636
0.09700000 0.07813566
0.09695000 0.07811495
0.09690000 0.07809423
0.09685000 0.07807350
0.09680000 0.07805277
0.09675000 0.07803203
0.09670000 0.07801128
0.09665000 0.07799052
0.09660000 0.07796976
0.09655000 0.07794899
0.09650000 0.07792821
0.09645000 0.07790742
0.09640000 0.07788662
0.09635000 0.07786582
0.09630000 0.07784501
0.09625000 0.07782419
0.09620000 0.07780337
0.09615000 0.07778253
0.09610000 0.07776169
0.09605000 0.07774085
0.09600000 0.07771999
0.09595000 0.07769913
0.09590000 0.07767825
0.09585000 0.07765737
0.09580000 0.07763649
0.09575000 0.07761559
0.09570000 0.07759469
0.09565000 0.07757378
0.09560000 0.07755286
0.09555000 0.07753194
0.09550000 0.07751100
0.09545000 0.07749006
0.09540000 0.07746911
0.09535000 0.07744816
0.09530000 0.07742719
0.09525000 0.07740622
0.09520000 0.07738524
0.09515000 0.07736425
0.09510000 0.07734326
0.09505000 0.07732226
0.09500000 0.07730125
0.09495000 0.07728023
0.09490000 0.07725920
0.09485000 0.07723817
0.09480000 0.07721712
0.09475000 0.07719608
0.09470000 0.07717502
0.09465000 0.07715395
0.09460000 0.07713288
0.09455000 0.07711180
0.09450000 0.07709071
0.09445000 0.07706961
0.09440000 0.07704851
0.09435000 0.07702740
0.09430000 0.07700628
0.09425000 0.07698515
0.09420000 0.07696401
0.09415000 0.07694287
0.09410000 0.07692172
0.09405000 0.07690056
0.09400000 0.07687939
0.09395000 0.07685822
0.09390000 0.07683703
0.09385000 0.07681584
0.09380000 0.07679464
0.09375000 0.07677344
0.09370000 0.07675222
0.09365000 0.07673100
0.09360000 0.07670977
0.09355000 0.07668853
0.09350000 0.07666728
0.09345000 0.07664603
0.09340000 0.07662477
0.09335000 0.07660350
0.09330000 0.07658222
0.09325000 0.07656093
0.09320000 0.07653964
0.09315000 0.07651834
0.09310000 0.07649703
0.09305000 0.07647571
0.09300000 0.07645438
0.09295000 0.07643305
0.09290000 0.07641171
0.09285000 0.07639036
0.09280000 0.07636900
0.09275000 0.07634763
0.09270000 0.07632626
0.09265000 0.07630488
0.09260000 0.07628349
0.09255000 0.07626209
0.09250000 0.07624068
0.09245000 0.07621927
0.09240000 0.07619785
0.09235000 0.07617642
0.09230000 0.07615498
0.09225000 0.07613353
0.09220000 0.07611208
0.09215000 0.07609062
0.09210000 0.07606915
0.09205000 0.07604767
0.09200000 0.07602618
0.09195000 0.07600469
0.09190000 0.07598318
0.09185000 0.07596167
0.09180000 0.07594015
0.09175000 0.07591863
0.09170000 0.07589709
0.09165000 0.07587555
0.09160000 0.07585400
0.09155000 0.07583244
0.09150000 0.07581087
0.09145000 0.07578929
0.09140000 0.07576771
0.09135000 0.07574612
0.09130000 0.07572452
0.09125000 0.07570291
0.09120000 0.07568129
0.09115000 0.07565967
0.09110000 0.07563804
0.09105000 0.07561639
0.09100000 0.07559474
0.09095000 0.07557309
0.09090000 0.07555142
0.09085000 0.07552975
0.09080000 0.07550806
0.09075000 0.07548637
0.09070000 0.07546468
0.09065000 0.07544297
0.09060000 0.07542125
0.09055000 0.07539953
0.09050000 0.07537780
0.09045000 0.07535606
0.09040000 0.07533431
0.09035000 0.07531255
0.09030000 0.07529079
0.09025000 0.07526902
0.09020000 0.07524724
0.09015000 0.07522545
0.09010000 0.07520365
0.09005000 0.07518184
0.09000000 0.07516003
0.08995000 0.07513820
0.08990000 0.07511637
0.08985000 0.07509453
0.08980000 0.07507269
0.08975000 0.07505083
0.08970000 0.07502897
0.08965000 0.07500709
0.08960000 0.07498521
0.08955000 0.07496332
0.08950000 0.07494142
0.08945000 0.07491952
0.08940000 0.07489760
0.08935000 0.07487568
0.08930000 0.07485375
0.08925000 0.07483181
0.08920000 0.07480986
0.08915000 0.07478791
0.08910000 0.07476594
0.08905000 0.07474397
0.08900000 0.07472199
0.08895000 0.07470000
0.08890000 0.07467800
0.08885000 0.07465599
0.08880000 0.07463397
0.08875000 0.07461195
0.08870000 0.07458992
0.08865000 0.07456788
0.08860000 0.07454583
0.08855000 0.07452377
0.08850000 0.07450170
0.08845000 0.07447963
0.08840000 0.07445755
0.08835000 0.07443545
0.08830000 0.07441335
0.08825000 0.07439124
0.08820000 0.07436913
0.08815000 0.07434700
0.08810000 0.07432487
0.08805000 0.07430272
0.08800000 0.07428057
0.08795000 0.07425841
0.08790000 0.07423624
0.08785000 0.07421407
0.08780000 0.07419188
0.08775000 0.07416969
0.08770000 0.07414749
0.08765000 0.07412527
0.08760000 0.07410305
0.08755000 0.07408083
0.08750000 0.07405859
0.08745000 0.07403634
0.08740000 0.07401409
0.08735000 0.07399183
0.08730000 0.07396955
0.08725000 0.07394727
0.08720000 0.07392499
0.08715000 0.07390269
0.08710000 0.07388038
0.08705000 0.07385807
0.08700000 0.07383574
0.08695000 0.07381341
0.08690000 0.07379107
0.08685000 0.07376872
0.08680000 0.07374636
0.08675000 0.07372400
0.08670000 0.07370162
0.08665000 0.07367924
0.08660000 0.07365685
0.08655000 0.07363444
0.08650000 0.07361203
0.08645000 0.07358962
0.08640000 0.07356719
0.08635000 0.07354475
0.08630000 0.07352231
0.08625000 0.07349985
0.08620000 0.07347739
0.08615000 0.07345492
0.08610000 0.07343244
0.08605000 0.07340995
0.08600000 0.07338745
0.08595000 0.07336495
0.08590000 0.07334243
0.08585000 0.07331991
0.08580000 0.07329737
0.08575000 0.07327483
0.08570000 0.07325228
0.08565000 0.07322972
0.08560000 0.07320715
0.08555000 0.07318458
0.08550000 0.07316199
0.08545000 0.07313940
0.08540000 0.07311679
0.08535000 0.07309418
0.08530000 0.07307156
0.08525000 0.07304893
0.08520000 0.07302629
0.08515000 0.07300364
0.08510000 0.07298099
0.08505000 0.07295832
0.08500000 0.07293565
0.08495000 0.07291296
0.08490000 0.07289027
0.08485000 0.07286757
0.08480000 0.07284486
0.08475000 0.07282214
0.08470000 0.07279941
0.08465000 0.07277668
0.08460000 0.07275393
0.08455000 0.07273117
0.08450000 0.07270841
0.08445000 0.07268564
0.08440000 0.07266286
0.08435000 0.07264006
0.08430000 0.07261727
0.08425000 0.07259446
0.08420000 0.07257164
0.08415000 0.07254881
0.08410000 0.07252598
0.08405000 0.07250313
0.08400000 0.07248028
0.08395000 0.07245741
0.08390000 0.07243454
0.08385000 0.07241166
0.08380000 0.07238877
0.08375000 0.07236587
0.08370000 0.07234296
0.08365000 0.07232005
0.08360000 0.07229712
0.08355000 0.07227419
0.08350000 0.07225124
0.08345000 0.07222829
0.08340000 0.07220532
0.08335000 0.07218235
0.08330000 0.07215937
0.08325000 0.07213638
0.08320000 0.07211338
0.08315000 0.07209037
0.08310000 0.07206736
0.08305000 0.07204433
0.08300000 0.07202129
0.08295000 0.07199825
0.08290000 0.07197519
0.08285000 0.07195213
0.08280000 0.07192906
0.08275000 0.07190598
0.08270000 0.07188289
0.08265000 0.07185979
0.08260000 0.07183668
0.08255000 0.07181356
0.08250000 0.07179043
0.08245000 0.07176729
0.08240000 0.07174415
0.08235000 0.07172099
0.08230000 0.07169783
0.08225000 0.07167465
0.08220000 0.07165147
0.08215000 0.07162828
0.08210000 0.07160508
0.08205000 0.07158186
0.08200000 0.07155864
0.08195000 0.07153541
0.08190000 0.07151218
0.08185000 0.07148893
0.08180000 0.07146567
0.08175000 0.07144240
0.08170000 0.07141913
0.08165000 0.07139584
0.08160000 0.07137255
0.08155000 0.07134924
0.08150000 0.07132593
0.08145000 0.07130260
0.08140000 0.07127927
0.08135000 0.07125593
0.08130000 0.07123258
0.08125000 0.07120922
0.08120000 0.07118585
0.08115000 0.07116247
0.08110000 0.07113908
0.08105000 0.07111568
0.08100000 0.07109227
0.08095000 0.07106886
0.08090000 0.07104543
0.08085000 0.07102199
0.08080000 0.07099855
0.08075000 0.07097509
0.08070000 0.07095163
0.08065000 0.07092815
0.08060000 0.07090467
0.08055000 0.07088118
0.08050000 0.07085768
0.08045000 0.07083416
0.08040000 0.07081064
0.08035000 0.07078711
0.08030000 0.07076357
0.08025000 0.07074002
0.08020000 0.07071646
0.08015000 0.07069289
0.08010000 0.07066931
0.08005000 0.07064572
0.08000000 0.07062213
0.07995000 0.07059852
0.07990000 0.07057490
0.07985000 0.07055128
0.07980000 0.07052764
0.07975000 0.07050399
0.07970000 0.07048034
0.07965000 0.07045667
0.07960000 0.07043300
0.07955000 0.07040931
0.07950000 0.07038562
0.07945000 0.07036192
0.07940000 0.07033820
0.07935000 0.07031448
0.07930000 0.07029075
0.07925000 0.07026700
0.07920000 0.07024325
0.07915000 0.07021949
0.07910000 0.07019572
0.07905000 0.07017194
0.07900000 0.07014815
0.07895000 0.07012435
0.07890000 0.07010054
0.07885000 0.07007672
0.07880000 0.07005289
0.07875000 0.07002905
0.07870000 0.07000520
0.07865000 0.06998134
0.07860000 0.06995747
0.07855000 0.06993359
0.07850000 0.06990970
0.07845000 0.06988580
0.07840000 0.06986190
0.07835000 0.06983798
0.07830000 0.06981405
0.07825000 0.06979011
0.07820000 0.06976617
0.07815000 0.06974221
0.07810000 0.06971824
0.07805000 0.06969427
0.07800000 0.06967028
0.07795000 0.06964628
0.07790000 0.06962228
0.07785000 0.06959826
0.07780000 0.06957423
0.07775000 0.06955020
0.07770000 0.06952615
0.07765000 0.06950209
0.07760000 0.06947803
0.07755000 0.06945395
0.07750000 0.06942987
0.07745000 0.06940577
0.07740000 0.06938166
0.07735000 0.06935755
0.07730000 0.06933342
0.07725000 0.06930929
0.07720000 0.06928514
0.07715000 0.06926099
0.07710000 0.06923682
0.07705000 0.06921265
0.07700000 0.06918846
0.07695000 0.06916426
0.07690000 0.06914006
0.07685000 0.06911584
0.07680000 0.06909162
0.07675000 0.06906738
0.07670000 0.06904313
0.07665000 0.06901888
0.07660000 0.06899461
0.07655000 0.06897034
0.07650000 0.06894605
0.07645000 0.06892175
0.07640000 0.06889745
0.07635000 0.06887313
0.07630000 0.06884880
0.07625000 0.06882447
0.07620000 0.06880012
0.07615000 0.06877576
0.07610000 0.06875139
0.07605000 0.06872702
0.07600000 0.06870263
0.07595000 0.06867823
0.07590000 0.06865382
0.07585000 0.06862941
0.07580000 0.06860498
0.07575000 0.06858054
0.07570000 0.06855609
0.07565000 0.06853163
0.07560000 0.06850716
0.07555000 0.06848268
0.07550000 0.06845819
0.07545000 0.06843369
0.07540000 0.06840918
0.07535000 0.06838466
0.07530000 0.06836013
0.07525000 0.06833559
0.07520000 0.06831104
0.07515000 0.06828647
0.07510000 0.06826190
0.07505000 0.06823732
0.07500000 0.06821273
0.07495000 0.06818812
0.07490000 0.06816351
0.07485000 0.06813889
0.07480000 0.06811425
0.07475000 0.06808961
0.07470000 0.06806495
0.07465000 0.06804029
0.07460000 0.06801561
0.07455000 0.06799092
0.07450000 0.06796623
0.07445000 0.06794152
0.07440000 0.06791680
0.07435000 0.06789207
0.07430000 0.06786734
0.07425000 0.06784259
0.07420000 0.06781783
0.07415000 0.06779306
0.07410000 0.06776828
0.07405000 0.06774349
0.07400000 0.06771868
0.07395000 0.06769387
0.07390000 0.06766905
0.07385000 0.06764422
0.07380000 0.06761937
0.07375000 0.06759452
0.07370000 0.06756966
0.07365000 0.06754478
0.07360000 0.06751989
0.07355000 0.06749500
0.07350000 0.06747009
0.07345000 0.06744517
0.07340000 0.06742025
0.07335000 0.06739531
0.07330000 0.06737036
0.07325000 0.06734540
0.07320000 0.06732043
0.07315000 0.06729545
0.07310000 0.06727045
0.07305000 0.06724545
0.07300000 0.06722044
0.07295000 0.06719541
0.07290000 0.06717038
0.07285000 0.06714533
0.07280000 0.06712028
0.07275000 0.06709521
0.07270000 0.06707013
0.07265000 0.06704505
0.07260000 0.06701995
0.07255000 0.06699484
0.07250000 0.06696972
0.07245000 0.06694459
0.07240000 0.06691944
0.07235000 0.06689429
0.07230000 0.06686913
0.07225000 0.06684395
0.07220000 0.06681877
0.07215000 0.06679357
0.07210000 0.06676837
0.07205000 0.06674315
0.07200000 0.06671792
0.07195000 0.06669268
0.07190000 0.06666743
0.07185000 0.06664217
0.07180000 0.06661690
0.07175000 0.06659161
0.07170000 0.06656632
0.07165000 0.06654102
0.07160000 0.06651570
0.07155000 0.06649037
0.07150000 0.06646504
0.07145000 0.06643969
0.07140000 0.06641433
0.07135000 0.06638896
0.07130000 0.06636358
0.07125000 0.06633819
0.07120000 0.06631278
0.07115000 0.06628737
0.07110000 0.06626194
0.07105000 0.06623651
0.07100000 0.06621106
0.07095000 0.06618560
0.07090000 0.06616013
0.07085000 0.06613465
0.07080000 0.06610916
0.07075000 0.06608366
0.07070000 0.06605814
0.07065000 0.06603262
0.07060000 0.06600708
0.07055000 0.06598154
0.07050000 0.06595598
0.07045000 0.06593041
0.07040000 0.06590483
0.07035000 0.06587924
0.07030000 0.06585364
0.07025000 0.06582802
0.07020000 0.06580240
0.07015000 0.06577676
0.07010000 0.06575111
0.07005000 0.06572545
0.07000000 0.06569979
0.06995000 0.06567410
0.06990000 0.06564841
0.06985000 0.06562271
0.06980000 0.06559699
0.06975000 0.06557127
0.06970000 0.06554553
0.06965000 0.06551978
0.06960000 0.06549402
0.06955000 0.06546825
0.06950000 0.06544247
0.06945000 0.06541668
0.06940000 0.06539087
0.06935000 0.06536505
0.06930000 0.06533923
0.06925000 0.06531339
0.06920000 0.06528754
0.06915000 0.06526168
0.06910000 0.06523580
0.06905000 0.06520992
0.06900000 0.06518402
0.06895000 0.06515811
0.06890000 0.06513220
0.06885000 0.06510627
0.06880000 0.06508032
0.06875000 0.06505437
0.06870000 0.06502841
0.06865000 0.06500243
0.06860000 0.06497644
0.06855000 0.06495044
0.06850000 0.06492443
0.06845000 0.06489841
0.06840000 0.06487238
0.06835000 0.06484633
0.06830000 0.06482028
0.06825000 0.06479421
0.06820000 0.06476813
0.06815000 0.06474204
0.06810000 0.06471594
0.06805000 0.06468982
0.06800000 0.06466369
0.06795000 0.06463756
0.06790000 0.06461141
0.06785000 0.06458525
0.06780000 0.06455907
0.06775000 0.06453289
0.06770000 0.06450670
0.06765000 0.06448049
0.06760000 0.06445427
0.06755000 0.06442804
0.06750000 0.06440180
0.06745000 0.06437554
0.06740000 0.06434928
0.06735000 0.06432300
0.06730000 0.06429671
0.06725000 0.06427041
0.06720000 0.06424409
0.06715000 0.06421777
0.06710000 0.06419143
0.06705000 0.06416508
0.06700000 0.06413872
0.06695000 0.06411235
0.06690000 0.06408597
0.06685000 0.06405957
0.06680000 0.06403317
0.06675000 0.06400675
0.06670000 0.06398032
0.06665000 0.06395387
0.06660000 0.06392742
0.06655000 0.06390095
0.06650000 0.06387447
0.06645000 0.06384798
0.06640000 0.06382148
0.06635000 0.06379497
0.06630000 0.06376844
0.06625000 0.06374190
0.06620000 0.06371535
0.06615000 0.06368879
0.06610000 0.06366221
0.06605000 0.06363563
0.06600000 0.06360903
0.06595000 0.06358242
0.06590000 0.06355580
0.06585000 0.06352916
0.06580000 0.06350252
0.06575000 0.06347586
0.06570000 0.06344919
0.06565000 0.06342251
0.06560000 0.06339581
0.06555000 0.06336910
0.06550000 0.06334239
0.06545000 0.06331565
0.06540000 0.06328891
0.06535000 0.06326216
0.06530000 0.06323539
0.06525000 0.06320861
0.06520000 0.06318182
0.06515000 0.06315501
0.06510000 0.06312820
0.06505000 0.06310137
0.06500000 0.06307453
0.06495000 0.06304768
0.06490000 0.06302081
0.06485000 0.06299393
0.06480000 0.06296704
0.06475000 0.06294014
0.06470000 0.06291323
0.06465000 0.06288630
0.06460000 0.06285936
0.06455000 0.06283241
0.06450000 0.06280545
0.06445000 0.06277847
0.06440000 0.06275148
0.06435000 0.06272448
0.06430000 0.06269747
0.06425000 0.06267045
0.06420000 0.06264341
0.06415000 0.06261636
0.06410000 0.06258930
0.06405000 0.06256222
0.06400000 0.06253513
0.06395000 0.06250803
0.06390000 0.06248092
0.06385000 0.06245380
0.06380000 0.06242666
0.06375000 0.06239951
0.06370000 0.06237235
0.06365000 0.06234517
0.06360000 0.06231799
0.06355000 0.06229079
0.06350000 0.06226357
0.06345000 0.06223635
0.06340000 0.06220911
0.06335000 0.06218186
0.06330000 0.06215460
0.06325000 0.06212732
0.06320000 0.06210004
0.06315000 0.06207273
0.06310000 0.06204542
0.06305000 0.06201810
0.06300000 0.06199076
0.06295000 0.06196341
0.06290000 0.06193604
0.06285000 0.06190866
0.06280000 0.06188128
0.06275000 0.06185387
0.06270000 0.06182646
0.06265000 0.06179903
0.06260000 0.06177159
0.06255000 0.06174414
0.06250000 0.06171667
0.06245000 0.06168919
0.06240000 0.06166170
0.06235000 0.06163420
0.06230000 0.06160668
0.06225000 0.06157915
0.06220000 0.06155161
0.06215000 0.06152405
0.06210000 0.06149648
0.06205000 0.06146890
0.06200000 0.06144131
0.06195000 0.06141370
0.06190000 0.06138608
0.06185000 0.06135844
0.06180000 0.06133080
0.06175000 0.06130314
0.06170000 0.06127547
0.06165000 0.06124778
0.06160000 0.06122008
0.06155000 0.06119237
0.06150000 0.06116465
0.06145000 0.06113691
0.06140000 0.06110916
0.06135000 0.06108140
0.06130000 0.06105362
0.06125000 0.06102583
0.06120000 0.06099803
0.06115000 0.06097021
0.06110000 0.06094238
0.06105000 0.06091454
0.06100000 0.06088669
0.06095000 0.06085882
0.06090000 0.06083094
0.06085000 0.06080304
0.06080000 0.06077513
0.06075000 0.06074721
0.06070000 0.06071928
0.06065000 0.06069133
0.06060000 0.06066337
0.06055000 0.06063540
0.06050000 0.06060741
0.06045000 0.06057941
0.06040000 0.06055139
0.06035000 0.06052337
0.06030000 0.06049533
0.06025000 0.06046727
0.06020000 0.06043920
0.06015000 0.06041112
0.06010000 0.06038303
0.06005000 0.06035492
0.06000000 0.06032680
0.05995000 0.06029867
0.05990000 0.06027052
0.05985000 0.06024236
0.05980000 0.06021418
0.05975000 0.06018599
0.05970000 0.06015779
0.05965000 0.06012958
0.05960000 0.06010135
0.05955000 0.06007311
0.05950000 0.06004485
0.05945000 0.06001658
0.05940000 0.05998830
0.05935000 0.05996000
0.05930000 0.05993169
0.05925000 0.05990337
0.05920000 0.05987503
0.05915000 0.05984668
0.05910000 0.05981832
0.05905000 0.05978994
0.05900000 0.05976155
0.05895000 0.05973314
0.05890000 0.05970472
0.05885000 0.05967629
0.05880000 0.05964784
0.05875000 0.05961938
0.05870000 0.05959091
0.05865000 0.05956242
0.05860000 0.05953392
0.05855000 0.05950540
0.05850000 0.05947688
0.05845000 0.05944833
0.05840000 0.05941978
0.05835000 0.05939120
0.05830000 0.05936262
0.05825000 0.05933402
0.05820000 0.05930541
0.05815000 0.05927678
0.05810000 0.05924814
0.05805000 0.05921949
0.05800000 0.05919082
0.05795000 0.05916214
0.05790000 0.05913344
0.05785000 0.05910473
0.05780000 0.05907601
0.05775000 0.05904727
0.05770000 0.05901852
0.05765000 0.05898975
0.05760000 0.05896097
0.05755000 0.05893218
0.05750000 0.05890337
0.05745000 0.05887455
0.05740000 0.05884571
0.05735000 0.05881686
0.05730000 0.05878800
0.05725000 0.05875912
0.05720000 0.05873023
0.05715000 0.05870132
0.05710000 0.05867240
0.05705000 0.05864346
0.05700000 0.05861451
0.05695000 0.05858555
0.05690000 0.05855657
0.05685000 0.05852758
0.05680000 0.05849857
0.05675000 0.05846955
0.05670000 0.05844052
0.05665000 0.05841147
0.05660000 0.05838240
0.05655000 0.05835333
0.05650000 0.05832423
0.05645000 0.05829513
0.05640000 0.05826600
0.05635000 0.05823687
0.05630000 0.05820772
0.05625000 0.05817855
0.05620000 0.05814938
0.05615000 0.05812018
0.05610000 0.05809097
0.05605000 0.05806175
0.05600000 0.05803251
0.05595000 0.05800326
0.05590000 0.05797400
0.05585000 0.05794472
0.05580000 0.05791542
0.05575000 0.05788611
0.05570000 0.05785679
0.05565000 0.05782745
0.05560000 0.05779809
0.05555000 0.05776873
0.05550000 0.05773934
0.05545000 0.05770994
0.05540000 0.05768053
0.05535000 0.05765111
0.05530000 0.05762166
0.05525000 0.05759221
0.05520000 0.05756274
0.05515000 0.05753325
0.05510000 0.05750375
0.05505000 0.05747423
0.05500000 0.05744470
0.05495000 0.05741516
0.05490000 0.05738560
0.05485000 0.05735602
0.05480000 0.05732643
0.05475000 0.05729683
0.05470000 0.05726721
0.05465000 0.05723757
0.05460000 0.05720793
0.05455000 0.05717826
0.05450000 0.05714858
0.05445000 0.05711889
0.05440000 0.05708918
0.05435000 0.05705945
0.05430000 0.05702971
0.05425000 0.05699996
0.05420000 0.05697019
0.05415000 0.05694041
0.05410000 0.05691061
0.05405000 0.05688079
0.05400000 0.05685096
0.05395000 0.05682112
0.05390000 0.05679126
0.05385000 0.05676138
0.05380000 0.05673149
0.05375000 0.05670158
0.05370000 0.05667166
0.05365000 0.05664173
0.05360000 0.05661178
0.05355000 0.05658181
0.05350000 0.05655183
0.05345000 0.05652183
0.05340000 0.05649182
0.05335000 0.05646179
0.05330000 0.05643175
0.05325000 0.05640169
0.05320000 0.05637161
0.05315000 0.05634152
0.05310000 0.05631142
0.05305000 0.05628130
0.05300000 0.05625116
0.05295000 0.05622101
0.05290000 0.05619084
0.05285000 0.05616066
0.05280000 0.05613046
0.05275000 0.05610025
0.05270000 0.05607002
0.05265000 0.05603978
0.05260000 0.05600952
0.05255000 0.05597924
0.05250000 0.05594895
0.05245000 0.05591864
0.05240000 0.05588832
0.05235000 0.05585798
0.05230000 0.05582763
0.05225000 0.05579726
0.05220000 0.05576687
0.05215000 0.05573647
0.05210000 0.05570606
0.05205000 0.05567562
0.05200000 0.05564518
0.05195000 0.05561471
0.05190000 0.05558423
0.05185000 0.05555374
0.05180000 0.05552322
0.05175000 0.05549270
0.05170000 0.05546215
0.05165000 0.05543159
0.05160000 0.05540102
0.05155000 0.05537043
0.05150000 0.05533982
0.05145000 0.05530920
0.05140000 0.05527856
0.05135000 0.05524790
0.05130000 0.05521723
0.05125000 0.05518654
0.05120000 0.05515584
0.05115000 0.05512512
0.05110000 0.05509439
0.05105000 0.05506363
0.05100000 0.05503287
0.05095000 0.05500208
0.05090000 0.05497128
0.05085000 0.05494047
0.05080000 0.05490963
0.05075000 0.05487878
0.05070000 0.05484792
0.05065000 0.05481704
0.05060000 0.05478614
0.05055000 0.05475523
0.05050000 0.05472430
0.05045000 0.05469335
0.05040000 0.05466239
0.05035000 0.05463141
0.05030000 0.05460041
0.05025000 0.05456940
0.05020000 0.05453837
0.05015000 0.05450732
0.05010000 0.05447626
0.05005000 0.05444518
0.05000000 0.05441409
0.04995000 0.05438298
0.04990000 0.05435185
0.04985000 0.05432071
0.04980000 0.05428955
0.04975000 0.05425837
0.04970000 0.05422717
0.04965000 0.05419596
0.04960000 0.05416474
0.04955000 0.05413349
0.04950000 0.05410223
0.04945000 0.05407095
0.04940000 0.05403966
0.04935000 0.05400835
0.04930000 0.05397702
0.04925000 0.05394568
0.04920000 0.05391432
0.04915000 0.05388294
0.04910000 0.05385154
0.04905000 0.05382013
0.04900000 0.05378870
0.04895000 0.05375726
0.04890000 0.05372579
0.04885000 0.05369431
0.04880000 0.05366282
0.04875000 0.05363130
0.04870000 0.05359977
0.04865000 0.05356823
0.04860000 0.05353666
0.04855000 0.05350508
0.04850000 0.05347348
0.04845000 0.05344186
0.04840000 0.05341023
0.04835000 0.05337858
0.04830000 0.05334691
0.04825000 0.05331523
0.04820000 0.05328353
0.04815000 0.05325181
0.04810000 0.05322007
0.04805000 0.05318832
0.04800000 0.05315655
0.04795000 0.05312476
0.04790000 0.05309295
0.04785000 0.05306113
0.04780000 0.05302929
0.04775000 0.05299743
0.04770000 0.05296556
0.04765000 0.05293366
0.04760000 0.05290175
0.04755000 0.05286983
0.04750000 0.05283788
0.04745000 0.05280592
0.04740000 0.05277394
0.04735000 0.05274194
0.04730000 0.05270993
0.04725000 0.05267789
0.04720000 0.05264584
0.04715000 0.05261377
0.04710000 0.05258169
0.04705000 0.05254958
0.04700000 0.05251746
0.04695000 0.05248532
0.04690000 0.05245317
0.04685000 0.05242099
0.04680000 0.05238880
0.04675000 0.05235659
0.04670000 0.05232436
0.04665000 0.05229212
0.04660000 0.05225985
0.04655000 0.05222757
0.04650000 0.05219527
0.04645000 0.05216295
0.04640000 0.05213062
0.04635000 0.05209827
0.04630000 0.05206589
0.04625000 0.05203350
0.04620000 0.05200110
0.04615000 0.05196867
0.04610000 0.05193623
0.04605000 0.05190377
0.04600000 0.05187129
0.04595000 0.05183879
0.04590000 0.05180627
0.04585000 0.05177374
0.04580000 0.05174118
0.04575000 0.05170861
0.04570000 0.05167602
0.04565000 0.05164341
0.04560000 0.05161079
0.04555000 0.05157814
0.04550000 0.05154548
0.04545000 0.05151280
0.04540000 0.05148010
0.04535000 0.05144738
0.04530000 0.05141464
0.04525000 0.05138189
0.04520000 0.05134912
0.04515000 0.05131632
0.04510000 0.05128351
0.04505000 0.05125068
0.04500000 0.05121784
0.04495000 0.05118497
0.04490000 0.05115208
0.04485000 0.05111918
0.04480000 0.05108626
0.04475000 0.05105332
0.04470000 0.05102035
0.04465000 0.05098738
0.04460000 0.05095438
0.04455000 0.05092136
0.04450000 0.05088833
0.04445000 0.05085527
0.04440000 0.05082220
0.04435000 0.05078911
0.04430000 0.05075600
0.04425000 0.05072287
0.04420000 0.05068972
0.04415000 0.05065655
0.04410000 0.05062336
0.04405000 0.05059015
0.04400000 0.05055693
0.04395000 0.05052369
0.04390000 0.05049042
0.04385000 0.05045714
0.04380000 0.05042384
0.04375000 0.05039052
0.04370000 0.05035718
0.04365000 0.05032382
0.04360000 0.05029044
0.04355000 0.05025704
0.04350000 0.05022362
0.04345000 0.05019018
0.04340000 0.05015673
0.04335000 0.05012325
0.04330000 0.05008976
0.04325000 0.05005624
0.04320000 0.05002271
0.04315000 0.04998915
0.04310000 0.04995558
0.04305000 0.04992199
0.04300000 0.04988837
0.04295000 0.04985474
0.04290000 0.04982109
0.04285000 0.04978742
0.04280000 0.04975373
0.04275000 0.04972002
0.04270000 0.04968629
0.04265000 0.04965254
0.04260000 0.04961877
0.04255000 0.04958498
0.04250000 0.04955117
0.04245000 0.04951734
0.04240000 0.04948349
0.04235000 0.04944962
0.04230000 0.04941573
0.04225000 0.04938182
0.04220000 0.04934789
0.04215000 0.04931394
0.04210000 0.04927997
0.04205000 0.04924598
0.04200000 0.04921197
0.04195000 0.04917794
0.04190000 0.04914389
0.04185000 0.04910982
0.04180000 0.04907573
0.04175000 0.04904161
0.04170000 0.04900748
0.04165000 0.04897333
0.04160000 0.04893916
0.04155000 0.04890497
0.04150000 0.04887075
0.04145000 0.04883652
0.04140000 0.04880227
0.04135000 0.04876799
0.04130000 0.04873370
0.04125000 0.04869938
0.04120000 0.04866505
0.04115000 0.04863069
0.04110000 0.04859631
0.04105000 0.04856191
0.04100000 0.04852750
0.04095000 0.04849306
0.04090000 0.04845860
0.04085000 0.04842412
0.04080000 0.04838961
0.04075000 0.04835509
0.04070000 0.04832055
0.04065000 0.04828598
0.04060000 0.04825140
0.04055000 0.04821679
0.04050000 0.04818217
0.04045000 0.04814752
0.04040000 0.04811285
0.04035000 0.04807816
0.04030000 0.04804345
0.04025000 0.04800871
0.04020000 0.04797396
0.04015000 0.04793919
0.04010000 0.04790439
0.04005000 0.04786957
0.04000000 0.04783473
0.03995000 0.04779987
0.03990000 0.04776499
0.03985000 0.04773009
0.03980000 0.04769517
0.03975000 0.04766022
0.03970000 0.04762525
0.03965000 0.04759027
0.03960000 0.04755526
0.03955000 0.04752022
0.03950000 0.04748517
0.03945000 0.04745010
0.03940000 0.04741500
0.03935000 0.04737988
0.03930000 0.04734474
0.03925000 0.04730958
0.03920000 0.04727440
0.03915000 0.04723919
0.03910000 0.04720396
0.03905000 0.04716872
0.03900000 0.04713344
0.03895000 0.04709815
0.03890000 0.04706284
0.03885000 0.04702750
0.03880000 0.04699214
0.03875000 0.04695676
0.03870000 0.04692136
0.03865000 0.04688593
0.03860000 0.04685049
0.03855000 0.04681502
0.03850000 0.04677952
0.03845000 0.04674401
0.03840000 0.04670847
0.03835000 0.04667292
0.03830000 0.04663734
0.03825000 0.04660173
0.03820000 0.04656611
0.03815000 0.04653046
0.03810000 0.04649479
0.03805000 0.04645909
0.03800000 0.04642338
0.03795000 0.04638764
0.03790000 0.04635188
0.03785000 0.04631609
0.03780000 0.04628029
0.03775000 0.04624446
0.03770000 0.04620861
0.03765000 0.04617273
0.03760000 0.04613683
0.03755000 0.04610091
0.03750000 0.04606497
0.03745000 0.04602900
0.03740000 0.04599301
0.03735000 0.04595700
0.03730000 0.04592097
0.03725000 0.04588491
0.03720000 0.04584883
0.03715000 0.04581272
0.03710000 0.04577659
0.03705000 0.04574044
0.03700000 0.04570427
0.03695000 0.04566807
0.03690000 0.04563185
0.03685000 0.04559561
0.03680000 0.04555934
0.03675000 0.04552305
0.03670000 0.04548673
0.03665000 0.04545039
0.03660000 0.04541403
0.03655000 0.04537765
0.03650000 0.04534124
0.03645000 0.04530480
0.03640000 0.04526835
0.03635000 0.04523187
0.03630000 0.04519536
0.03625000 0.04515883
0.03620000 0.04512228
0.03615000 0.04508571
0.03610000 0.04504911
0.03605000 0.04501248
0.03600000 0.04497584
0.03595000 0.04493916
0.03590000 0.04490247
0.03585000 0.04486575
0.03580000 0.04482900
0.03575000 0.04479224
0.03570000 0.04475544
0.03565000 0.04471863
0.03560000 0.04468179
0.03555000 0.04464492
0.03550000 0.04460803
0.03545000 0.04457112
0.03540000 0.04453418
0.03535000 0.04449721
0.03530000 0.04446023
0.03525000 0.04442321
0.03520000 0.04438618
0.03515000 0.04434912
0.03510000 0.04431203
0.03505000 0.04427492
0.03500000 0.04423778
0.03495000 0.04420062
0.03490000 0.04416344
0.03485000 0.04412622
0.03480000 0.04408899
0.03475000 0.04405173
0.03470000 0.04401444
0.03465000 0.04397713
0.03460000 0.04393980
0.03455000 0.04390244
0.03450000 0.04386505
0.03445000 0.04382764
0.03440000 0.04379020
0.03435000 0.04375274
0.03430000 0.04371525
0.03425000 0.04367774
0.03420000 0.04364020
0.03415000 0.04360264
0.03410000 0.04356505
0.03405000 0.04352743
0.03400000 0.04348979
0.03395000 0.04345212
0.03390000 0.04341443
0.03385000 0.04337671
0.03380000 0.04333897
0.03375000 0.04330120
0.03370000 0.04326340
0.03365000 0.04322558
0.03360000 0.04318774
0.03355000 0.04314986
0.03350000 0.04311196
0.03345000 0.04307404
0.03340000 0.04303608
0.03335000 0.04299811
0.03330000 0.04296010
0.03325000 0.04292207
0.03320000 0.04288401
0.03315000 0.04284593
0.03310000 0.04280782
0.03305000 0.04276968
0.03300000 0.04273152
0.03295000 0.04269333
0.03290000 0.04265512
0.03285000 0.04261687
0.03280000 0.04257860
0.03275000 0.04254031
0.03270000 0.04250198
0.03265000 0.04246363
0.03260000 0.04242526
0.03255000 0.04238685
0.03250000 0.04234842
0.03245000 0.04230996
0.03240000 0.04227148
0.03235000 0.04223297
0.03230000 0.04219443
0.03225000 0.04215586
0.03220000 0.04211727
0.03215000 0.04207865
0.03210000 0.04204000
0.03205000 0.04200132
0.03200000 0.04196262
0.03195000 0.04192388
0.03190000 0.04188513
0.03185000 0.04184634
0.03180000 0.04180753
0.03175000 0.04176868
0.03170000 0.04172981
0.03165000 0.04169092
0.03160000 0.04165199
0.03155000 0.04161304
0.03150000 0.04157405
0.03145000 0.04153505
0.03140000 0.04149601
0.03135000 0.04145694
0.03130000 0.04141785
0.03125000 0.04137872
0.03120000 0.04133957
0.03115000 0.04130040
0.03110000 0.04126119
0.03105000 0.04122195
0.03100000 0.04118269
0.03095000 0.04114339
0.03090000 0.04110407
0.03085000 0.04106472
0.03080000 0.04102534
0.03075000 0.04098593
0.03070000 0.04094650
0.03065000 0.04090703
0.03060000 0.04086754
0.03055000 0.04082801
0.03050000 0.04078846
0.03045000 0.04074888
0.03040000 0.04070927
0.03035000 0.04066963
0.03030000 0.04062996
0.03025000 0.04059026
0.03020000 0.04055053
0.03015000 0.04051077
0.03010000 0.04047098
0.03005000 0.04043117
0.03000000 0.04039132
0.02995000 0.04035144
0.02990000 0.04031154
0.02985000 0.04027160
0.02980000 0.04023163
0.02975000 0.04019164
0.02970000 0.04015161
0.02965000 0.04011156
0.02960000 0.04007147
0.02955000 0.04003135
0.02950000 0.03999121
0.02945000 0.03995103
0.02940000 0.03991082
0.02935000 0.03987059
0.02930000 0.03983032
0.02925000 0.03979002
0.02920000 0.03974969
0.02915000 0.03970933
0.02910000 0.03966894
0.02905000 0.03962852
0.02900000 0.03958807
0.02895000 0.03954758
0.02890000 0.03950707
0.02885000 0.03946652
0.02880000 0.03942595
0.02875000 0.03938534
0.02870000 0.03934470
0.02865000 0.03930403
0.02860000 0.03926333
0.02855000 0.03922260
0.02850000 0.03918184
0.02845000 0.03914104
0.02840000 0.03910021
0.02835000 0.03905935
0.02830000 0.03901846
0.02825000 0.03897754
0.02820000 0.03893659
0.02815000 0.03889560
0.02810000 0.03885458
0.02805000 0.03881353
0.02800000 0.03877245
0.02795000 0.03873133
0.02790000 0.03869019
0.02785000 0.03864901
0.02780000 0.03860780
0.02775000 0.03856655
0.02770000 0.03852527
0.02765000 0.03848397
0.02760000 0.03844262
0.02755000 0.03840125
0.02750000 0.03835984
0.02745000 0.03831840
0.02740000 0.03827693
0.02735000 0.03823542
0.02730000 0.03819388
0.02725000 0.03815231
0.02720000 0.03811070
0.02715000 0.03806906
0.02710000 0.03802739
0.02705000 0.03798568
0.02700000 0.03794394
0.02695000 0.03790217
0.02690000 0.03786036
0.02685000 0.03781852
0.02680000 0.03777665
0.02675000 0.03773474
0.02670000 0.03769279
0.02665000 0.03765082
0.02660000 0.03760881
0.02655000 0.03756676
0.02650000 0.03752468
0.02645000 0.03748257
0.02640000 0.03744042
0.02635000 0.03739824
0.02630000 0.03735602
0.02625000 0.03731377
0.02620000 0.03727148
0.02615000 0.03722916
0.02610000 0.03718680
0.02605000 0.03714441
0.02600000 0.03710198
0.02595000 0.03705952
0.02590000 0.03701702
0.02585000 0.03697449
0.02580000 0.03693192
0.02575000 0.03688932
0.02570000 0.03684668
0.02565000 0.03680401
0.02560000 0.03676130
0.02555000 0.03671855
0.02550000 0.03667577
0.02545000 0.03663295
0.02540000 0.03659010
0.02535000 0.03654721
0.02530000 0.03650428
0.02525000 0.03646132
0.02520000 0.03641832
0.02515000 0.03637528
0.02510000 0.03633221
0.02505000 0.03628910
0.02500000 0.03624596
0.02495000 0.03620277
0.02490000 0.03615955
0.02485000 0.03611630
0.02480000 0.03607300
0.02475000 0.03602967
0.02470000 0.03598630
0.02465000 0.03594290
0.02460000 0.03589946
0.02455000 0.03585598
0.02450000 0.03581246
0.02445000 0.03576890
0.02440000 0.03572531
0.02435000 0.03568168
0.02430000 0.03563801
0.02425000 0.03559430
0.02420000 0.03555055
0.02415000 0.03550677
0.02410000 0.03546295
0.02405000 0.03541908
0.02400000 0.03537518
0.02395000 0.03533125
0.02390000 0.03528727
0.02385000 0.03524325
0.02380000 0.03519920
0.02375000 0.03515510
0.02370000 0.03511097
0.02365000 0.03506680
0.02360000 0.03502258
0.02355000 0.03497833
0.02350000 0.03493404
0.02345000 0.03488971
0.02340000 0.03484534
0.02335000 0.03480093
0.02330000 0.03475648
0.02325000 0.03471199
0.02320000 0.03466746
0.02315000 0.03462289
0.02310000 0.03457828
0.02305000 0.03453362
0.02300000 0.03448893
0.02295000 0.03444420
0.02290000 0.03439942
0.02285000 0.03435461
0.02280000 0.03430975
0.02275000 0.03426485
0.02270000 0.03421992
0.02265000 0.03417494
0.02260000 0.03412991
0.02255000 0.03408485
0.02250000 0.03403975
0.02245000 0.03399460
0.02240000 0.03394941
0.02235000 0.03390418
0.02230000 0.03385891
0.02225000 0.03381359
0.02220000 0.03376823
0.02215000 0.03372283
0.02210000 0.03367739
0.02205000 0.03363191
0.02200000 0.03358638
0.02195000 0.03354081
0.02190000 0.03349519
0.02185000 0.03344954
0.02180000 0.03340383
0.02175000 0.03335809
0.02170000 0.03331230
0.02165000 0.03326647
0.02160000 0.03322060
0.02155000 0.03317468
0.02150000 0.03312871
0.02145000 0.03308271
0.02140000 0.03303665
0.02135000 0.03299056
0.02130000 0.03294442
0.02125000 0.03289823
0.02120000 0.03285200
0.02115000 0.03280572
0.02110000 0.03275940
0.02105000 0.03271304
0.02100000 0.03266663
0.02095000 0.03262017
0.02090000 0.03257367
0.02085000 0.03252712
0.02080000 0.03248053
0.02075000 0.03243389
0.02070000 0.03238720
0.02065000 0.03234047
0.02060000 0.03229369
0.02055000 0.03224686
0.02050000 0.03219999
0.02045000 0.03215307
0.02040000 0.03210610
0.02035000 0.03205909
0.02030000 0.03201203
0.02025000 0.03196492
0.02020000 0.03191777
0.02015000 0.03187056
0.02010000 0.03182331
0.02005000 0.03177601
0.02000000 0.03172867
0.01995000 0.03168127
0.01990000 0.03163383
0.01985000 0.03158634
0.01980000 0.03153879
0.01975000 0.03149120
0.01970000 0.03144357
0.01965000 0.03139588
0.01960000 0.03134814
0.01955000 0.03130035
0.01950000 0.03125251
0.01945000 0.03120463
0.01940000 0.03115669
0.01935000 0.03110870
0.01930000 0.03106067
0.01925000 0.03101258
0.01920000 0.03096444
0.01915000 0.03091625
0.01910000 0.03086801
0.01905000 0.03081972
0.01900000 0.03077138
0.01895000 0.03072298
0.01890000 0.03067454
0.01885000 0.03062604
0.01880000 0.03057749
0.01875000 0.03052889
0.01870000 0.03048024
0.01865000 0.03043153
0.01860000 0.03038277
0.01855000 0.03033396
0.01850000 0.03028509
0.01845000 0.03023618
0.01840000 0.03018721
0.01835000 0.03013818
0.01830000 0.03008910
0.01825000 0.03003997
0.01820000 0.02999078
0.01815000 0.02994154
0.01810000 0.02989225
0.01805000 0.02984290
0.01800000 0.02979349
0.01795000 0.02974403
0.01790000 0.02969452
0.01785000 0.02964494
0.01780000 0.02959532
0.01775000 0.02954564
0.01770000 0.02949590
0.01765000 0.02944610
0.01760000 0.02939625
0.01755000 0.02934634
0.01750000 0.02929638
0.01745000 0.02924636
0.01740000 0.02919628
0.01735000 0.02914614
0.01730000 0.02909595
0.01725000 0.02904570
0.01720000 0.02899539
0.01715000 0.02894502
0.01710000 0.02889460
0.01705000 0.02884411
0.01700000 0.02879357
0.01695000 0.02874296
0.01690000 0.02869230
0.01685000 0.02864158
0.01680000 0.02859080
0.01675000 0.02853996
0.01670000 0.02848905
0.01665000 0.02843809
0.01660000 0.02838707
0.01655000 0.02833598
0.01650000 0.02828484
0.01645000 0.02823363
0.01640000 0.02818236
0.01635000 0.02813103
0.01630000 0.02807964
0.01625000 0.02802819
0.01620000 0.02797667
0.01615000 0.02792509
0.01610000 0.02787344
0.01605000 0.02782174
0.01600000 0.02776997
0.01595000 0.02771813
0.01590000 0.02766623
0.01585000 0.02761427
0.01580000 0.02756224
0.01575000 0.02751015
0.01570000 0.02745799
0.01565000 0.02740577
0.01560000 0.02735348
0.01555000 0.02730113
0.01550000 0.02724871
0.01545000 0.02719622
0.01540000 0.02714367
0.01535000 0.02709105
0.01530000 0.02703836
0.01525000 0.02698560
0.01520000 0.02693278
0.01515000 0.02687989
0.01510000 0.02682693
0.01505000 0.02677390
0.01500000 0.02672080
0.01495000 0.02666763
0.01490000 0.02661439
0.01485000 0.02656109
0.01480000 0.02650771
0.01475000 0.02645426
0.01470000 0.02640074
0.01465000 0.02634715
0.01460000 0.02629349
0.01455000 0.02623976
0.01450000 0.02618595
0.01445000 0.02613207
0.01440000 0.02607812
0.01435000 0.02602410
0.01430000 0.02597000
0.01425000 0.02591583
0.01420000 0.02586159
0.01415000 0.02580727
0.01410000 0.02575287
0.01405000 0.02569840
0.01400000 0.02564386
0.01395000 0.02558924
0.01390000 0.02553454
0.01385000 0.02547977
0.01380000 0.02542492
0.01375000 0.02536999
0.01370000 0.02531499
0.01365000 0.02525991
0.01360000 0.02520474
0.01355000 0.02514951
0.01350000 0.02509419
0.01345000 0.02503879
0.01340000 0.02498331
0.01335000 0.02492775
0.01330000 0.02487211
0.01325000 0.02481639
0.01320000 0.02476059
0.01315000 0.02470471
0.01310000 0.02464874
0.01305000 0.02459270
0.01300000 0.02453657
0.01295000 0.02448035
0.01290000 0.02442405
0.01285000 0.02436767
0.01280000 0.02431120
0.01275000 0.02425465
0.01270000 0.02419801
0.01265000 0.02414129
0.01260000 0.02408448
0.01255000 0.02402758
0.01250000 0.02397060
0.01245000 0.02391352
0.01240000 0.02385636
0.01235000 0.02379911
0.01230000 0.02374177
0.01225000 0.02368435
0.01220000 0.02362683
0.01215000 0.02356922
0.01210000 0.02351152
0.01205000 0.02345372
0.01200000 0.02339584
0.01195000 0.02333786
0.01190000 0.02327979
0.01185000 0.02322163
0.01180000 0.02316337
0.01175000 0.02310501
0.01170000 0.02304657
0.01165000 0.02298802
0.01160000 0.02292938
0.01155000 0.02287064
0.01150000 0.02281181
0.01145000 0.02275287
0.01140000 0.02269384
0.01135000 0.02263471
0.01130000 0.02257548
0.01125000 0.02251615
0.01120000 0.02245671
0.01115000 0.02239718
0.01110000 0.02233754
0.01105000 0.02227781
0.01100000 0.02221796
0.01095000 0.02215802
0.01090000 0.02209797
0.01085000 0.02203781
0.01080000 0.02197755
0.01075000 0.02191718
0.01070000 0.02185670
0.01065000 0.02179612
0.01060000 0.02173542
0.01055000 0.02167462
0.01050000 0.02161371
0.01045000 0.02155269
0.01040000 0.02149155
0.01035000 0.02143031
0.01030000 0.02136895
0.01025000 0.02130747
0.01020000 0.02124589
0.01015000 0.02118418
0.01010000 0.02112237
0.01005000 0.02106043
0.01000000 0.02099838
0.00995000 0.02093621
0.00990000 0.02087392
0.00985000 0.02081151
0.00980000 0.02074898
0.00975000 0.02068633
0.00970000 0.02062355
0.00965000 0.02056066
0.00960000 0.02049764
0.00955000 0.02043449
0.00950000 0.02037122
0.00945000 0.02030782
0.00940000 0.02024429
0.00935000 0.02018064
0.00930000 0.02011686
0.00925000 0.02005294
0.00920000 0.01998889
0.00915000 0.01992472
0.00910000 0.01986041
0.00905000 0.01979596
0.00900000 0.01973138
0.00895000 0.01966666
0.00890000 0.01960181
0.00885000 0.01953681
0.00880000 0.01947168
0.00875000 0.01940641
0.00870000 0.01934099
0.00865000 0.01927544
0.00860000 0.01920973
0.00855000 0.01914389
0.00850000 0.01907789
0.00845000 0.01901175
0.00840000 0.01894547
0.00835000 0.01887903
0.00830000 0.01881244
0.00825000 0.01874569
0.00820000 0.01867880
0.00815000 0.01861175
0.00810000 0.01854454
0.00805000 0.01847718
0.00800000 0.01840965
0.00795000 0.01834197
0.00790000 0.01827413
0.00785000 0.01820612
0.00780000 0.01813795
0.00775000 0.01806961
0.00770000 0.01800110
0.00765000 0.01793243
0.00760000 0.01786358
0.00755000 0.01779457
0.00750000 0.01772538
0.00745000 0.01765601
0.00740000 0.01758647
0.00735000 0.01751675
0.00730000 0.01744685
0.00725000 0.01737677
0.00720000 0.01730650
0.00715000 0.01723605
0.00710000 0.01716541
0.00705000 0.01709458
0.00700000 0.01702356
0.00695000 0.01695235
0.00690000 0.01688095
0.00685000 0.01680935
0.00680000 0.01673754
0.00675000 0.01666554
0.00670000 0.01659334
0.00665000 0.01652093
0.00660000 0.01644831
0.00655000 0.01637549
0.00650000 0.01630245
0.00645000 0.01622920
0.00640000 0.01615573
0.00635000 0.01608205
0.00630000 0.01600814
0.00625000 0.01593401
0.00620000 0.01585965
0.00615000 0.01578507
0.00610000 0.01571026
0.00605000 0.01563521
0.00600000 0.01555992
0.00595000 0.01548440
0.00590000 0.01540863
0.00585000 0.01533262
0.00580000 0.01525636
0.00575000 0.01517985
0.00570000 0.01510309
0.00565000 0.01502607
0.00560000 0.01494879
0.00555000 0.01487124
0.00550000 0.01479343
0.00545000 0.01471535
0.00540000 0.01463699
0.00535000 0.01455836
0.00530000 0.01447944
0.00525000 0.01440024
0.00520000 0.01432075
0.00515000 0.01424097
0.00510000 0.01416089
0.00505000 0.01408051
0.00500000 0.01399982
0.00495000 0.01391883
0.00490000 0.01383752
0.00485000 0.01375589
0.00480000 0.01367394
0.00475000 0.01359166
0.00470000 0.01350905
0.00465000 0.01342609
0.00460000 0.01334280
0.00455000 0.01325915
0.00450000 0.01317516
0.00445000 0.01309080
0.00440000 0.01300607
0.00435000 0.01292098
0.00430000 0.01283550
0.00425000 0.01274965
0.00420000 0.01266340
0.00415000 0.01257675
0.00410000 0.01248970
0.00405000 0.01240224
0.00400000 0.01231436
0.00395000 0.01222605
0.00390000 0.01213731
0.00385000 0.01204812
0.00380000 0.01195849
0.00375000 0.01186840
0.00370000 0.01177783
0.00365000 0.01168679
0.00360000 0.01159527
0.00355000 0.01150325
0.00350000 0.01141072
0.00345000 0.01131767
0.00340000 0.01122410
0.00335000 0.01112998
0.00330000 0.01103532
0.00325000 0.01094009
0.00320000 0.01084428
0.00315000 0.01074789
0.00310000 0.01065090
0.00305000 0.01055328
0.00300000 0.01045504
0.00295000 0.01035615
0.00290000 0.01025659
0.00285000 0.01015636
0.00280000 0.01005542
0.00275000 0.00995377
0.00270000 0.00985139
0.00265000 0.00974825
0.00260000 0.00964434
0.00255000 0.00953963
0.00250000 0.00943410
0.00245000 0.00932772
0.00240000 0.00922048
0.00235000 0.00911233
0.00230000 0.00900326
0.00225000 0.00889324
0.00220000 0.00878223
0.00215000 0.00867020
0.00210000 0.00855712
0.00205000 0.00844295
0.00200000 0.00832764
0.00195000 0.00821116
0.00190000 0.00809347
0.00185000 0.00797451
0.00180000 0.00785423
0.00175000 0.00773259
0.00170000 0.00760951
0.00165000 0.00748495
0.00160000 0.00735883
0.00155000 0.00723107
0.00150000 0.00710161
0.00145000 0.00697036
0.00140000 0.00683721
0.00135000 0.00670208
0.00130000 0.00656486
0.00125000 0.00642541
0.00120000 0.00628361
0.00115000 0.00613932
0.00110000 0.00599236
0.00105000 0.00584256
0.00100000 0.00568971
0.00095000 0.00553359
0.00090000 0.00537392
0.00085000 0.00521043
0.00080000 0.00504276
0.00075000 0.00487051
0.00070000 0.00469323
0.00065000 0.00451038
0.00060000 0.00432128
0.00055000 0.00412516
0.00050000 0.00392103
0.00045000 0.00370766
0.00040000 0.00348347
0.00035000 0.00324636
0.00030000 0.00299345
0.00025000 0.00272059
0.00020000 0.00242142
0.00015000 0.00208522
0.00010000 0.00169111
0.00005000 0.00118518
0.00000000 0.00000000
0.00005000 -0.00101277
0.00010000 -0.00142137
0.00015000 -0.00173055
0.00020000 -0.00198825
0.00025000 -0.00221306
0.00030000 -0.00241449
0.00035000 -0.00259822
0.00040000 -0.00276792
0.00045000 -0.00292615
0.00050000 -0.00307479
0.00055000 -0.00321525
0.00060000 -0.00334861
0.00065000 -0.00347574
0.00070000 -0.00359736
0.00075000 -0.00371404
0.00080000 -0.00382627
0.00085000 -0.00393447
0.00090000 -0.00403897
0.00095000 -0.00414009
0.00100000 -0.00423809
0.00105000 -0.00433320
0.00110000 -0.00442563
0.00115000 -0.00451555
0.00120000 -0.00460313
0.00125000 -0.00468851
0.00130000 -0.00477183
0.00135000 -0.00485320
0.00140000 -0.00493272
0.00145000 -0.00501051
0.00150000 -0.00508663
0.00155000 -0.00516119
0.00160000 -0.00523425
0.00165000 -0.00530589
0.00170000 -0.00537616
0.00175000 -0.00544513
0.00180000 -0.00551285
0.00185000 -0.00557938
0.00190000 -0.00564476
0.00195000 -0.00570904
0.00200000 -0.00577226
0.00205000 -0.00583446
0.00210000 -0.00589568
0.00215000 -0.00595595
0.00220000 -0.00601530
0.00225000 -0.00607377
0.00230000 -0.00613138
0.00235000 -0.00618817
0.00240000 -0.00624416
0.00245000 -0.00629937
0.00250000 -0.00635383
0.00255000 -0.00640756
0.00260000 -0.00646058
0.00265000 -0.00651292
0.00270000 -0.00656459
0.00275000 -0.00661560
0.00280000 -0.00666599
0.00285000 -0.00671576
0.00290000 -0.00676493
0.00295000 -0.00681352
0.00300000 -0.00686154
0.00305000 -0.00690901
0.00310000 -0.00695593
0.00315000 -0.00700233
0.00320000 -0.00704821
0.00325000 -0.00709359
0.00330000 -0.00713848
0.00335000 -0.00718289
0.00340000 -0.00722683
0.00345000 -0.00727031
0.00350000 -0.00731334
0.00355000 -0.00735593
0.00360000 -0.00739810
0.00365000 -0.00743984
0.00370000 -0.00748117
0.00375000 -0.00752210
0.00380000 -0.00756263
0.00385000 -0.00760277
0.00390000 -0.00764253
0.00395000 -0.00768192
0.00400000 -0.00772094
0.00405000 -0.00775961
0.00410000 -0.00779792
0.00415000 -0.00783589
0.00420000 -0.00787351
0.00425000 -0.00791081
0.00430000 -0.00794777
0.00435000 -0.00798442
0.00440000 -0.00802074
0.00445000 -0.00805676
0.00450000 -0.00809247
0.00455000 -0.00812789
0.00460000 -0.00816300
0.00465000 -0.00819783
0.00470000 -0.00823237
0.00475000 -0.00826663
0.00480000 -0.00830061
0.00485000 -0.00833432
0.00490000 -0.00836776
0.00495000 -0.00840094
0.00500000 -0.00843386
0.00505000 -0.00846652
0.00510000 -0.00849893
0.00515000 -0.00853110
0.00520000 -0.00856302
0.00525000 -0.00859469
0.00530000 -0.00862613
0.00535000 -0.00865734
0.00540000 -0.00868831
0.00545000 -0.00871906
0.00550000 -0.00874958
0.00555000 -0.00877988
0.00560000 -0.00880996
0.00565000 -0.00883983
0.00570000 -0.00886948
0.00575000 -0.00889893
0.00580000 -0.00892817
0.00585000 -0.00895720
0.00590000 -0.00898603
0.00595000 -0.00901467
0.00600000 -0.00904310
0.00605000 -0.00907135
0.00610000 -0.00909940
0.00615000 -0.00912726
0.00620000 -0.00915494
0.00625000 -0.00918243
0.00630000 -0.00920974
0.00635000 -0.00923687
0.00640000 -0.00926382
0.00645000 -0.00929060
0.00650000 -0.00931720
0.00655000 -0.00934364
0.00660000 -0.00936990
0.00665000 -0.00939599
0.00670000 -0.00942192
0.00675000 -0.00944769
0.00680000 -0.00947329
0.00685000 -0.00949874
0.00690000 -0.00952402
0.00695000 -0.00954915
0.00700000 -0.00957412
0.00705000 -0.00959895
0.00710000 -0.00962362
0.00715000 -0.00964814
0.00720000 -0.00967251
0.00725000 -0.00969673
0.00730000 -0.00972081
0.00735000 -0.00974475
0.00740000 -0.00976854
0.00745000 -0.00979220
0.00750000 -0.00981571
0.00755000 -0.00983909
0.00760000 -0.00986233
0.00765000 -0.00988544
0.00770000 -0.00990841
0.00775000 -0.00993125
0.00780000 -0.00995396
0.00785000 -0.00997654
0.00790000 -0.00999899
0.00795000 -0.01002132
0.00800000 -0.01004352
0.00805000 -0.01006559
0.00810000 -0.01008754
0.00815000 -0.01010937
0.00820000 -0.01013108
0.00825000 -0.01015267
0.00830000 -0.01017414
0.00835000 -0.01019549
0.00840000 -0.01021672
0.00845000 -0.01023784
0.00850000 -0.01025884
0.00855000 -0.01027974
0.00860000 -0.01030051
0.00865000 -0.01032118
0.00870000 -0.01034174
0.00875000 -0.01036219
0.00880000 -0.01038252
0.00885000 -0.01040276
0.00890000 -0.01042288
0.00895000 -0.01044290
0.00900000 -0.01046281
0.00905000 -0.01048263
0.00910000 -0.01050233
0.00915000 -0.01052194
0.00920000 -0.01054144
0.00925000 -0.01056085
0.00930000 -0.01058015
0.00935000 -0.01059936
0.00940000 -0.01061847
0.00945000 -0.01063748
0.00950000 -0.01065639
0.00955000 -0.01067521
0.00960000 -0.01069394
0.00965000 -0.01071257
0.00970000 -0.01073111
0.00975000 -0.01074955
0.00980000 -0.01076791
0.00985000 -0.01078617
0.00990000 -0.01080434
0.00995000 -0.01082242
0.01000000 -0.01084042
0.01005000 -0.01085833
0.01010000 -0.01087614
0.01015000 -0.01089388
0.01020000 -0.01091152
0.01025000 -0.01092908
0.01030000 -0.01094656
0.01035000 -0.01096395
0.01040000 -0.01098126
0.01045000 -0.01099849
0.01050000 -0.01101563
0.01055000 -0.01103269
0.01060000 -0.01104967
0.01065000 -0.01106657
0.01070000 -0.01108339
0.01075000 -0.01110013
0.01080000 -0.01111680
0.01085000 -0.01113338
0.01090000 -0.01114989
0.01095000 -0.01116632
0.01100000 -0.01118267
0.01105000 -0.01119895
0.01110000 -0.01121515
0.01115000 -0.01123128
0.01120000 -0.01124734
0.01125000 -0.01126332
0.01130000 -0.01127922
0.01135000 -0.01129506
0.01140000 -0.01131082
0.01145000 -0.01132651
0.01150000 -0.01134213
0.01155000 -0.01135768
0.01160000 -0.01137315
0.01165000 -0.01138856
0.01170000 -0.01140390
0.01175000 -0.01141917
0.01180000 -0.01143437
0.01185000 -0.01144951
0.01190000 -0.01146457
0.01195000 -0.01147957
0.01200000 -0.01149451
0.01205000 -0.01150937
0.01210000 -0.01152418
0.01215000 -0.01153891
0.01220000 -0.01155358
0.01225000 -0.01156819
0.01230000 -0.01158273
0.01235000 -0.01159721
0.01240000 -0.01161163
0.01245000 -0.01162598
0.01250000 -0.01164027
0.01255000 -0.01165450
0.01260000 -0.01166867
0.01265000 -0.01168278
0.01270000 -0.01169682
0.01275000 -0.01171081
0.01280000 -0.01172473
0.01285000 -0.01173860
0.01290000 -0.01175240
0.01295000 -0.01176615
0.01300000 -0.01177984
0.01305000 -0.01179347
0.01310000 -0.01180704
0.01315000 -0.01182056
0.01320000 -0.01183402
0.01325000 -0.01184742
0.01330000 -0.01186076
0.01335000 -0.01187405
0.01340000 -0.01188728
0.01345000 -0.01190046
0.01350000 -0.01191358
0.01355000 -0.01192665
0.01360000 -0.01193966
0.01365000 -0.01195262
0.01370000 -0.01196553
0.01375000 -0.01197838
0.01380000 -0.01199118
0.01385000 -0.01200393
0.01390000 -0.01201662
0.01395000 -0.01202926
0.01400000 -0.01204185
0.01405000 -0.01205438
0.01410000 -0.01206687
0.01415000 -0.01207931
0.01420000 -0.01209169
0.01425000 -0.01210402
0.01430000 -0.01211631
0.01435000 -0.01212854
0.01440000 -0.01214072
0.01445000 -0.01215286
0.01450000 -0.01216494
0.01455000 -0.01217698
0.01460000 -0.01218897
0.01465000 -0.01220091
0.01470000 -0.01221280
0.01475000 -0.01222464
0.01480000 -0.01223644
0.01485000 -0.01224818
0.01490000 -0.01225989
0.01495000 -0.01227154
0.01500000 -0.01228315
0.01505000 -0.01229471
0.01510000 -0.01230623
0.01515000 -0.01231770
0.01520000 -0.01232913
0.01525000 -0.01234051
0.01530000 -0.01235184
0.01535000 -0.01236313
0.01540000 -0.01237438
0.01545000 -0.01238558
0.01550000 -0.01239673
0.01555000 -0.01240785
0.01560000 -0.01241892
0.01565000 -0.01242994
0.01570000 -0.01244093
0.01575000 -0.01245187
0.01580000 -0.01246277
0.01585000 -0.01247362
0.01590000 -0.01248443
0.01595000 -0.01249520
0.01600000 -0.01250593
0.01605000 -0.01251662
0.01610000 -0.01252727
0.01615000 -0.01253787
0.01620000 -0.01254844
0.01625000 -0.01255896
0.01630000 -0.01256944
0.01635000 -0.01257988
0.01640000 -0.01259029
0.01645000 -0.01260065
0.01650000 -0.01261097
0.01655000 -0.01262125
0.01660000 -0.01263150
0.01665000 -0.01264170
0.01670000 -0.01265186
0.01675000 -0.01266199
0.01680000 -0.01267208
0.01685000 -0.01268213
0.01690000 -0.01269214
0.01695000 -0.01270211
0.01700000 -0.01271205
0.01705000 -0.01272194
0.01710000 -0.01273180
0.01715000 -0.01274163
0.01720000 -0.01275141
0.01725000 -0.01276116
0.01730000 -0.01277087
0.01735000 -0.01278055
0.01740000 -0.01279019
0.01745000 -0.01279979
0.01750000 -0.01280935
0.01755000 -0.01281888
0.01760000 -0.01282838
0.01765000 -0.01283784
0.01770000 -0.01284726
0.01775000 -0.01285665
0.01780000 -0.01286600
0.01785000 -0.01287532
0.01790000 -0.01288460
0.01795000 -0.01289385
0.01800000 -0.01290307
0.01805000 -0.01291225
0.01810000 -0.01292139
0.01815000 -0.01293051
0.01820000 -0.01293958
0.01825000 -0.01294863
0.01830000 -0.01295764
0.01835000 -0.01296662
0.01840000 -0.01297556
0.01845000 -0.01298447
0.01850000 -0.01299335
0.01855000 -0.01300220
0.01860000 -0.01301101
0.01865000 -0.01301979
0.01870000 -0.01302854
0.01875000 -0.01303726
0.01880000 -0.01304594
0.01885000 -0.01305459
0.01890000 -0.01306321
0.01895000 -0.01307180
0.01900000 -0.01308036
0.01905000 -0.01308888
0.01910000 -0.01309738
0.01915000 -0.01310584
0.01920000 -0.01311428
0.01925000 -0.01312268
0.01930000 -0.01313105
0.01935000 -0.01313939
0.01940000 -0.01314770
0.01945000 -0.01315598
0.01950000 -0.01316423
0.01955000 -0.01317245
0.01960000 -0.01318064
0.01965000 -0.01318880
0.01970000 -0.01319693
0.01975000 -0.01320503
0.01980000 -0.01321311
0.01985000 -0.01322115
0.01990000 -0.01322916
0.01995000 -0.01323715
0.02000000 -0.01324510
0.02005000 -0.01325303
0.02010000 -0.01326093
0.02015000 -0.01326880
0.02020000 -0.01327664
0.02025000 -0.01328445
0.02030000 -0.01329224
0.02035000 -0.01329999
0.02040000 -0.01330772
0.02045000 -0.01331542
0.02050000 -0.01332310
0.02055000 -0.01333074
0.02060000 -0.01333836
0.02065000 -0.01334595
0.02070000 -0.01335352
0.02075000 -0.01336105
0.02080000 -0.01336856
0.02085000 -0.01337605
0.02090000 -0.01338350
0.02095000 -0.01339093
0.02100000 -0.01339833
0.02105000 -0.01340571
0.02110000 -0.01341306
0.02115000 -0.01342038
0.02120000 -0.01342768
0.02125000 -0.01343495
0.02130000 -0.01344220
0.02135000 -0.01344942
0.02140000 -0.01345661
0.02145000 -0.01346378
0.02150000 -0.01347092
0.02155000 -0.01347804
0.02160000 -0.01348513
0.02165000 -0.01349220
0.02170000 -0.01349924
0.02175000 -0.01350626
0.02180000 -0.01351325
0.02185000 -0.01352021
0.02190000 -0.01352716
0.02195000 -0.01353407
0.02200000 -0.01354097
0.02205000 -0.01354783
0.02210000 -0.01355468
0.02215000 -0.01356150
0.02220000 -0.01356829
0.02225000 -0.01357507
0.02230000 -0.01358181
0.02235000 -0.01358854
0.02240000 -0.01359524
0.02245000 -0.01360191
0.02250000 -0.01360856
0.02255000 -0.01361519
0.02260000 -0.01362180
0.02265000 -0.01362838
0.02270000 -0.01363494
0.02275000 -0.01364147
0.02280000 -0.01364799
0.02285000 -0.01365448
0.02290000 -0.01366094
0.02295000 -0.01366739
0.02300000 -0.01367381
0.02305000 -0.01368021
0.02310000 -0.01368658
0.02315000 -0.01369294
0.02320000 -0.01369927
0.02325000 -0.01370557
0.02330000 -0.01371186
0.02335000 -0.01371813
0.02340000 -0.01372437
0.02345000 -0.01373059
0.02350000 -0.01373679
0.02355000 -0.01374296
0.02360000 -0.01374912
0.02365000 -0.01375525
0.02370000 -0.01376136
0.02375000 -0.01376745
0.02380000 -0.01377352
0.02385000 -0.01377957
0.02390000 -0.01378559
0.02395000 -0.01379160
0.02400000 -0.01379758
0.02405000 -0.01380354
0.02410000 -0.01380948
0.02415000 -0.01381540
0.02420000 -0.01382130
0.02425000 -0.01382718
0.02430000 -0.01383304
0.02435000 -0.01383888
0.02440000 -0.01384469
0.02445000 -0.01385049
0.02450000 -0.01385627
0.02455000 -0.01386202
0.02460000 -0.01386776
0.02465000 -0.01387347
0.02470000 -0.01387917
0.02475000 -0.01388484
0.02480000 -0.01389050
0.02485000 -0.01389614
0.02490000 -0.01390175
0.02495000 -0.01390735
0.02500000 -0.01391292
0.02505000 -0.01391848
0.02510000 -0.01392402
0.02515000 -0.01392954
0.02520000 -0.01393503
0.02525000 -0.01394051
0.02530000 -0.01394597
0.02535000 -0.01395141
0.02540000 -0.01395683
0.02545000 -0.01396224
0.02550000 -0.01396762
0.02555000 -0.01397298
0.02560000 -0.01397833
0.02565000 -0.01398366
0.02570000 -0.01398896
0.02575000 -0.01399425
0.02580000 -0.01399952
0.02585000 -0.01400478
0.02590000 -0.01401001
0.02595000 -0.01401523
0.02600000 -0.01402042
0.02605000 -0.01402560
0.02610000 -0.01403076
0.02615000 -0.01403590
0.02620000 -0.01404103
0.02625000 -0.01404613
0.02630000 -0.01405122
0.02635000 -0.01405629
0.02640000 -0.01406134
0.02645000 -0.01406638
0.02650000 -0.01407140
0.02655000 -0.01407639
0.02660000 -0.01408138
0.02665000 -0.01408634
0.02670000 -0.01409129
0.02675000 -0.01409621
0.02680000 -0.01410113
0.02685000 -0.01410602
0.02690000 -0.01411090
0.02695000 -0.01411576
0.02700000 -0.01412060
0.02705000 -0.01412542
0.02710000 -0.01413023
0.02715000 -0.01413502
0.02720000 -0.01413980
0.02725000 -0.01414456
0.02730000 -0.01414930
0.02735000 -0.01415402
0.02740000 -0.01415873
0.02745000 -0.01416342
0.02750000 -0.01416809
0.02755000 -0.01417275
0.02760000 -0.01417739
0.02765000 -0.01418201
0.02770000 -0.01418662
0.02775000 -0.01419121
0.02780000 -0.01419579
0.02785000 -0.01420035
0.02790000 -0.01420489
0.02795000 -0.01420942
0.02800000 -0.01421393
0.02805000 -0.01421842
0.02810000 -0.01422290
0.02815000 -0.01422736
0.02820000 -0.01423181
0.02825000 -0.01423624
0.02830000 -0.01424066
0.02835000 -0.01424506
0.02840000 -0.01424944
0.02845000 -0.01425381
0.02850000 -0.01425816
0.02855000 -0.01426250
0.02860000 -0.01426682
0.02865000 -0.01427112
0.02870000 -0.01427542
0.02875000 -0.01427969
0.02880000 -0.01428395
0.02885000 -0.01428820
0.02890000 -0.01429243
0.02895000 -0.01429664
0.02900000 -0.01430084
0.02905000 -0.01430502
0.02910000 -0.01430919
0.02915000 -0.01431335
0.02920000 -0.01431749
0.02925000 -0.01432161
0.02930000 -0.01432572
0.02935000 -0.01432982
0.02940000 -0.01433390
0.02945000 -0.01433796
0.02950000 -0.01434201
0.02955000 -0.01434605
0.02960000 -0.01435007
0.02965000 -0.01435408
0.02970000 -0.01435807
0.02975000 -0.01436205
0.02980000 -0.01436601
0.02985000 -0.01436996
0.02990000 -0.01437390
0.02995000 -0.01437782
0.03000000 -0.01438173
0.03005000 -0.01438562
0.03010000 -0.01438950
0.03015000 -0.01439337
0.03020000 -0.01439722
0.03025000 -0.01440105
0.03030000 -0.01440488
0.03035000 -0.01440868
0.03040000 -0.01441248
0.03045000 -0.01441626
0.03050000 -0.01442003
0.03055000 -0.01442378
0.03060000 -0.01442752
0.03065000 -0.01443125
0.03070000 -0.01443496
0.03075000 -0.01443866
0.03080000 -0.01444235
0.03085000 -0.01444602
0.03090000 -0.01444968
0.03095000 -0.01445332
0.03100000 -0.01445695
0.03105000 -0.01446057
0.03110000 -0.01446418
0.03115000 -0.01446777
0.03120000 -0.01447135
0.03125000 -0.01447492
0.03130000 -0.01447847
0.03135000 -0.01448201
0.03140000 -0.01448553
0.03145000 -0.01448905
0.03150000 -0.01449255
0.03155000 -0.01449604
0.03160000 -0.01449951
0.03165000 -0.01450297
0.03170000 -0.01450642
0.03175000 -0.01450986
0.03180000 -0.01451328
0.03185000 -0.01451669
0.03190000 -0.01452009
0.03195000 -0.01452347
0.03200000 -0.01452685
0.03205000 -0.01453021
0.03210000 -0.01453356
0.03215000 -0.01453689
0.03220000 -0.01454021
0.03225000 -0.01454352
0.03230000 -0.01454682
0.03235000 -0.01455011
0.03240000 -0.01455338
0.03245000 -0.01455664
0.03250000 -0.01455989
0.03255000 -0.01456313
0.03260000 -0.01456635
0.03265000 -0.01456956
0.03270000 -0.01457276
0.03275000 -0.01457595
0.03280000 -0.01457913
0.03285000 -0.01458229
0.03290000 -0.01458544
0.03295000 -0.01458858
0.03300000 -0.01459171
0.03305000 -0.01459483
0.03310000 -0.01459793
0.03315000 -0.01460103
0.03320000 -0.01460411
0.03325000 -0.01460718
0.03330000 -0.01461023
0.03335000 -0.01461328
0.03340000 -0.01461631
0.03345000 -0.01461934
0.03350000 -0.01462235
0.03355000 -0.01462535
0.03360000 -0.01462833
0.03365000 -0.01463131
0.03370000 -0.01463428
0.03375000 -0.01463723
0.03380000 -0.01464017
0.03385000 -0.01464310
0.03390000 -0.01464602
0.03395000 -0.01464893
0.03400000 -0.01465183
0.03405000 -0.01465471
0.03410000 -0.01465759
0.03415000 -0.01466045
0.03420000 -0.01466330
0.03425000 -0.01466615
0.03430000 -0.01466898
0.03435000 -0.01467179
0.03440000 -0.01467460
0.03445000 -0.01467740
0.03450000 -0.01468019
0.03455000 -0.01468296
0.03460000 -0.01468573
0.03465000 -0.01468848
0.03470000 -0.01469122
0.03475000 -0.01469395
0.03480000 -0.01469668
0.03485000 -0.01469939
0.03490000 -0.01470209
0.03495000 -0.01470477
0.03500000 -0.01470745
0.03505000 -0.01471012
0.03510000 -0.01471278
0.03515000 -0.01471542
0.03520000 -0.01471806
0.03525000 -0.01472069
0.03530000 -0.01472330
0.03535000 -0.01472591
0.03540000 -0.01472850
0.03545000 -0.01473108
0.03550000 -0.01473366
0.03555000 -0.01473622
0.03560000 -0.01473877
0.03565000 -0.01474132
0.03570000 -0.01474385
0.03575000 -0.01474637
0.03580000 -0.01474888
0.03585000 -0.01475138
0.03590000 -0.01475388
0.03595000 -0.01475636
0.03600000 -0.01475883
0.03605000 -0.01476129
0.03610000 -0.01476374
0.03615000 -0.01476618
0.03620000 -0.01476861
0.03625000 -0.01477103
0.03630000 -0.01477345
0.03635000 -0.01477585
0.03640000 -0.01477824
0.03645000 -0.01478062
0.03650000 -0.01478299
0.03655000 -0.01478535
0.03660000 -0.01478771
0.03665000 -0.01479005
0.03670000 -0.01479238
0.03675000 -0.01479470
0.03680000 -0.01479702
0.03685000 -0.01479932
0.03690000 -0.01480162
0.03695000 -0.01480390
0.03700000 -0.01480618
0.03705000 -0.01480844
0.03710000 -0.01481070
0.03715000 -0.01481294
0.03720000 -0.01481518
0.03725000 -0.01481741
0.03730000 -0.01481963
0.03735000 -0.01482183
0.03740000 -0.01482403
0.03745000 -0.01482622
0.03750000 -0.01482840
0.03755000 -0.01483057
0.03760000 -0.01483274
0.03765000 -0.01483489
0.03770000 -0.01483703
0.03775000 -0.01483917
0.03780000 -0.01484129
0.03785000 -0.01484341
0.03790000 -0.01484552
0.03795000 -0.01484761
0.03800000 -0.01484970
0.03805000 -0.01485178
0.03810000 -0.01485385
0.03815000 -0.01485591
0.03820000 -0.01485797
0.03825000 -0.01486001
0.03830000 -0.01486204
0.03835000 -0.01486407
0.03840000 -0.01486609
0.03845000 -0.01486809
0.03850000 -0.01487009
0.03855000 -0.01487208
0.03860000 -0.01487406
0.03865000 -0.01487604
0.03870000 -0.01487800
0.03875000 -0.01487995
0.03880000 -0.01488190
0.03885000 -0.01488384
0.03890000 -0.01488577
0.03895000 -0.01488769
0.03900000 -0.01488960
0.03905000 -0.01489150
0.03910000 -0.01489340
0.03915000 -0.01489528
0.03920000 -0.01489716
0.03925000 -0.01489903
0.03930000 -0.01490089
0.03935000 -0.01490274
0.03940000 -0.01490458
0.03945000 -0.01490642
0.03950000 -0.01490824
0.03955000 -0.01491006
0.03960000 -0.01491187
0.03965000 -0.01491367
0.03970000 -0.01491546
0.03975000 -0.01491725
0.03980000 -0.01491902
0.03985000 -0.01492079
0.03990000 -0.01492255
0.03995000 -0.01492430
0.04000000 -0.01492605
0.04005000 -0.01492778
0.04010000 -0.01492951
0.04015000 -0.01493123
0.04020000 -0.01493294
0.04025000 -0.01493464
0.04030000 -0.01493633
0.04035000 -0.01493802
0.04040000 -0.01493970
0.04045000 -0.01494137
0.04050000 -0.01494303
0.04055000 -0.01494468
0.04060000 -0.01494633
0.04065000 -0.01494797
0.04070000 -0.01494960
0.04075000 -0.01495122
0.04080000 -0.01495283
0.04085000 -0.01495444
0.04090000 -0.01495604
0.04095000 -0.01495763
0.04100000 -0.01495921
0.04105000 -0.01496079
0.04110000 -0.01496236
0.04115000 -0.01496391
0.04120000 -0.01496547
0.04125000 -0.01496701
0.04130000 -0.01496855
0.04135000 -0.01497008
0.04140000 -0.01497160
0.04145000 -0.01497311
0.04150000 -0.01497461
0.04155000 -0.01497611
0.04160000 -0.01497760
0.04165000 -0.01497909
0.04170000 -0.01498056
0.04175000 -0.01498203
0.04180000 -0.01498349
0.04185000 -0.01498494
0.04190000 -0.01498639
0.04195000 -0.01498782
0.04200000 -0.01498925
0.04205000 -0.01499068
0.04210000 -0.01499209
0.04215000 -0.01499350
0.04220000 -0.01499490
0.04225000 -0.01499629
0.04230000 -0.01499768
0.04235000 -0.01499906
0.04240000 -0.01500043
0.04245000 -0.01500179
0.04250000 -0.01500315
0.04255000 -0.01500450
0.04260000 -0.01500584
0.04265000 -0.01500718
0.04270000 -0.01500850
0.04275000 -0.01500982
0.04280000 -0.01501114
0.04285000 -0.01501244
0.04290000 -0.01501374
0.04295000 -0.01501503
0.04300000 -0.01501632
0.04305000 -0.01501760
0.04310000 -0.01501887
0.04315000 -0.01502013
0.04320000 -0.01502139
0.04325000 -0.01502264
0.04330000 -0.01502388
0.04335000 -0.01502511
0.04340000 -0.01502634
0.04345000 -0.01502756
0.04350000 -0.01502878
0.04355000 -0.01502998
0.04360000 -0.01503118
0.04365000 -0.01503238
0.04370000 -0.01503357
0.04375000 -0.01503474
0.04380000 -0.01503592
0.04385000 -0.01503708
0.04390000 -0.01503824
0.04395000 -0.01503940
0.04400000 -0.01504054
0.04405000 -0.01504168
0.04410000 -0.01504281
0.04415000 -0.01504394
0.04420000 -0.01504506
0.04425000 -0.01504617
0.04430000 -0.01504727
0.04435000 -0.01504837
0.04440000 -0.01504947
0.04445000 -0.01505055
0.04450000 -0.01505163
0.04455000 -0.01505270
0.04460000 -0.01505377
0.04465000 -0.01505483
0.04470000 -0.01505588
0.04475000 -0.01505692
0.04480000 -0.01505796
0.04485000 -0.01505900
0.04490000 -0.01506002
0.04495000 -0.01506104
0.04500000 -0.01506206
0.04505000 -0.01506306
0.04510000 -0.01506406
0.04515000 -0.01506506
0.04520000 -0.01506604
0.04525000 -0.01506702
0.04530000 -0.01506800
0.04535000 -0.01506897
0.04540000 -0.01506993
0.04545000 -0.01507088
0.04550000 -0.01507183
0.04555000 -0.01507278
0.04560000 -0.01507371
0.04565000 -0.01507464
0.04570000 -0.01507557
0.04575000 -0.01507649
0.04580000 -0.01507740
0.04585000 -0.01507830
0.04590000 -0.01507920
0.04595000 -0.01508009
0.04600000 -0.01508098
0.04605000 -0.01508186
0.04610000 -0.01508273
0.04615000 -0.01508360
0.04620000 -0.01508446
0.04625000 -0.01508532
0.04630000 -0.01508617
0.04635000 -0.01508701
0.04640000 -0.01508785
0.04645000 -0.01508868
0.04650000 -0.01508951
0.04655000 -0.01509033
0.04660000 -0.01509114
0.04665000 -0.01509195
0.04670000 -0.01509275
0.04675000 -0.01509354
0.04680000 -0.01509433
0.04685000 -0.01509512
0.04690000 -0.01509589
0.04695000 -0.01509666
0.04700000 -0.01509743
0.04705000 -0.01509819
0.04710000 -0.01509894
0.04715000 -0.01509969
0.04720000 -0.01510043
0.04725000 -0.01510117
0.04730000 -0.01510190
0.04735000 -0.01510262
0.04740000 -0.01510334
0.04745000 -0.01510405
0.04750000 -0.01510476
0.04755000 -0.01510546
0.04760000 -0.01510616
0.04765000 -0.01510685
0.04770000 -0.01510753
0.04775000 -0.01510821
0.04780000 -0.01510888
0.04785000 -0.01510955
0.04790000 -0.01511021
0.04795000 -0.01511087
0.04800000 -0.01511151
0.04805000 -0.01511216
0.04810000 -0.01511280
0.04815000 -0.01511343
0.04820000 -0.01511406
0.04825000 -0.01511468
0.04830000 -0.01511529
0.04835000 -0.01511590
0.04840000 -0.01511651
0.04845000 -0.01511711
0.04850000 -0.01511770
0.04855000 -0.01511829
0.04860000 -0.01511887
0.04865000 -0.01511945
0.04870000 -0.01512002
0.04875000 -0.01512059
0.04880000 -0.01512115
0.04885000 -0.01512170
0.04890000 -0.01512225
0.04895000 -0.01512280
0.04900000 -0.01512334
0.04905000 -0.01512387
0.04910000 -0.01512440
0.04915000 -0.01512492
0.04920000 -0.01512544
0.04925000 -0.01512595
0.04930000 -0.01512645
0.04935000 -0.01512696
0.04940000 -0.01512745
0.04945000 -0.01512794
0.04950000 -0.01512843
0.04955000 -0.01512891
0.04960000 -0.01512938
0.04965000 -0.01512985
0.04970000 -0.01513031
0.04975000 -0.01513077
0.04980000 -0.01513123
0.04985000 -0.01513167
0.04990000 -0.01513212
0.04995000 -0.01513255
0.05000000 -0.01513299
0.05005000 -0.01513341
0.05010000 -0.01513384
0.05015000 -0.01513425
0.05020000 -0.01513467
0.05025000 -0.01513507
0.05030000 -0.01513547
0.05035000 -0.01513587
0.05040000 -0.01513626
0.05045000 -0.01513665
0.05050000 -0.01513703
0.05055000 -0.01513741
0.05060000 -0.01513778
0.05065000 -0.01513814
0.05070000 -0.01513850
0.05075000 -0.01513886
0.05080000 -0.01513921
0.05085000 -0.01513956
0.05090000 -0.01513990
0.05095000 -0.01514023
0.05100000 -0.01514056
0.05105000 -0.01514089
0.05110000 -0.01514121
0.05115000 -0.01514153
0.05120000 -0.01514184
0.05125000 -0.01514214
0.05130000 -0.01514244
0.05135000 -0.01514274
0.05140000 -0.01514303
0.05145000 -0.01514332
0.05150000 -0.01514360
0.05155000 -0.01514388
0.05160000 -0.01514415
0.05165000 -0.01514441
0.05170000 -0.01514468
0.05175000 -0.01514493
0.05180000 -0.01514519
0.05185000 -0.01514543
0.05190000 -0.01514568
0.05195000 -0.01514591
0.05200000 -0.01514615
0.05205000 -0.01514638
0.05210000 -0.01514660
0.05215000 -0.01514682
0.05220000 -0.01514703
0.05225000 -0.01514724
0.05230000 -0.01514745
0.05235000 -0.01514765
0.05240000 -0.01514784
0.05245000 -0.01514803
0.05250000 -0.01514822
0.05255000 -0.01514840
0.05260000 -0.01514858
0.05265000 -0.01514875
0.05270000 -0.01514892
0.05275000 -0.01514908
0.05280000 -0.01514924
0.05285000 -0.01514939
0.05290000 -0.01514954
0.05295000 -0.01514968
0.05300000 -0.01514982
0.05305000 -0.01514996
0.05310000 -0.01515009
0.05315000 -0.01515021
0.05320000 -0.01515033
0.05325000 -0.01515045
0.05330000 -0.01515056
0.05335000 -0.01515067
0.05340000 -0.01515077
0.05345000 -0.01515087
0.05350000 -0.01515097
0.05355000 -0.01515106
0.05360000 -0.01515114
0.05365000 -0.01515122
0.05370000 -0.01515130
0.05375000 -0.01515137
0.05380000 -0.01515144
0.05385000 -0.01515150
0.05390000 -0.01515156
0.05395000 -0.01515161
0.05400000 -0.01515166
0.05405000 -0.01515171
0.05410000 -0.01515175
0.05415000 -0.01515179
0.05420000 -0.01515182
0.05425000 -0.01515185
0.05430000 -0.01515187
0.05435000 -0.01515189
0.05440000 -0.01515191
0.05445000 -0.01515192
0.05450000 -0.01515192
0.05455000 -0.01515192
0.05460000 -0.01515192
0.05465000 -0.01515191
0.05470000 -0.01515190
0.05475000 -0.01515189
0.05480000 -0.01515187
0.05485000 -0.01515185
0.05490000 -0.01515182
0.05495000 -0.01515178
0.05500000 -0.01515175
0.05505000 -0.01515171
0.05510000 -0.01515166
0.05515000 -0.01515161
0.05520000 -0.01515156
0.05525000 -0.01515150
0.05530000 -0.01515144
0.05535000 -0.01515138
0.05540000 -0.01515131
0.05545000 -0.01515123
0.05550000 -0.01515115
0.05555000 -0.01515107
0.05560000 -0.01515098
0.05565000 -0.01515089
0.05570000 -0.01515080
0.05575000 -0.01515070
0.05580000 -0.01515060
0.05585000 -0.01515049
0.05590000 -0.01515038
0.05595000 -0.01515026
0.05600000 -0.01515014
0.05605000 -0.01515002
0.05610000 -0.01514989
0.05615000 -0.01514976
0.05620000 -0.01514962
0.05625000 -0.01514948
0.05630000 -0.01514934
0.05635000 -0.01514919
0.05640000 -0.01514904
0.05645000 -0.01514889
0.05650000 -0.01514873
0.05655000 -0.01514856
0.05660000 -0.01514840
0.05665000 -0.01514822
0.05670000 -0.01514805
0.05675000 -0.01514787
0.05680000 -0.01514769
0.05685000 -0.01514750
0.05690000 -0.01514731
0.05695000 -0.01514711
0.05700000 -0.01514691
0.05705000 -0.01514671
0.05710000 -0.01514650
0.05715000 -0.01514629
0.05720000 -0.01514608
0.05725000 -0.01514586
0.05730000 -0.01514564
0.05735000 -0.01514541
0.05740000 -0.01514518
0.05745000 -0.01514495
0.05750000 -0.01514471
0.05755000 -0.01514447
0.05760000 -0.01514422
0.05765000 -0.01514397
0.05770000 -0.01514372
0.05775000 -0.01514346
0.05780000 -0.01514320
0.05785000 -0.01514294
0.05790000 -0.01514267
0.05795000 -0.01514240
0.05800000 -0.01514212
0.05805000 -0.01514184
0.05810000 -0.01514156
0.05815000 -0.01514127
0.05820000 -0.01514098
0.05825000 -0.01514069
0.05830000 -0.01514039
0.05835000 -0.01514009
0.05840000 -0.01513978
0.05845000 -0.01513947
0.05850000 -0.01513916
0.05855000 -0.01513885
0.05860000 -0.01513852
0.05865000 -0.01513820
0.05870000 -0.01513787
0.05875000 -0.01513754
0.05880000 -0.01513721
0.05885000 -0.01513687
0.05890000 -0.01513653
0.05895000 -0.01513618
0.05900000 -0.01513583
0.05905000 -0.01513548
0.05910000 -0.01513512
0.05915000 -0.01513476
0.05920000 -0.01513440
0.05925000 -0.01513403
0.05930000 -0.01513366
0.05935000 -0.01513329
0.05940000 -0.01513291
0.05945000 -0.01513253
0.05950000 -0.01513214
0.05955000 -0.01513175
0.05960000 -0.01513136
0.05965000 -0.01513096
0.05970000 -0.01513057
0.05975000 -0.01513016
0.05980000 -0.01512976
0.05985000 -0.01512935
0.05990000 -0.01512893
0.05995000 -0.01512852
0.06000000 -0.01512810
0.06005000 -0.01512767
0.06010000 -0.01512725
0.06015000 -0.01512681
0.06020000 -0.01512638
0.06025000 -0.01512594
0.06030000 -0.01512550
0.06035000 -0.01512506
0.06040000 -0.01512461
0.06045000 -0.01512416
0.06050000 -0.01512370
0.06055000 -0.01512325
0.06060000 -0.01512278
0.06065000 -0.01512232
0.06070000 -0.01512185
0.06075000 -0.01512138
0.06080000 -0.01512090
0.06085000 -0.01512043
0.06090000 -0.01511994
0.06095000 -0.01511946
0.06100000 -0.01511897
0.06105000 -0.01511848
0.06110000 -0.01511798
0.06115000 -0.01511749
0.06120000 -0.01511698
0.06125000 -0.01511648
0.06130000 -0.01511597
0.06135000 -0.01511546
0.06140000 -0.01511494
0.06145000 -0.01511442
0.06150000 -0.01511390
0.06155000 -0.01511338
0.06160000 -0.01511285
0.06165000 -0.01511232
0.06170000 -0.01511178
0.06175000 -0.01511125
0.06180000 -0.01511070
0.06185000 -0.01511016
0.06190000 -0.01510961
0.06195000 -0.01510906
0.06200000 -0.01510851
0.06205000 -0.01510795
0.06210000 -0.01510739
0.06215000 -0.01510682
0.06220000 -0.01510626
0.06225000 -0.01510569
0.06230000 -0.01510511
0.06235000 -0.01510454
0.06240000 -0.01510396
0.06245000 -0.01510337
0.06250000 -0.01510279
0.06255000 -0.01510220
0.06260000 -0.01510161
0.06265000 -0.01510101
0.06270000 -0.01510041
0.06275000 -0.01509981
0.06280000 -0.01509920
0.06285000 -0.01509860
0.06290000 -0.01509798
0.06295000 -0.01509737
0.06300000 -0.01509675
0.06305000 -0.01509613
0.06310000 -0.01509551
0.06315000 -0.01509488
0.06320000 -0.01509425
0.06325000 -0.01509362
0.06330000 -0.01509298
0.06335000 -0.01509234
0.06340000 -0.01509170
0.06345000 -0.01509105
0.06350000 -0.01509041
0.06355000 -0.01508975
0.06360000 -0.01508910
0.06365000 -0.01508844
0.06370000 -0.01508778
0.06375000 -0.01508712
0.06380000 -0.01508645
0.06385000 -0.01508578
0.06390000 -0.01508511
0.06395000 -0.01508443
0.06400000 -0.01508376
0.06405000 -0.01508307
0.06410000 -0.01508239
0.06415000 -0.01508170
0.06420000 -0.01508101
0.06425000 -0.01508032
0.06430000 -0.01507962
0.06435000 -0.01507892
0.06440000 -0.01507822
0.06445000 -0.01507751
0.06450000 -0.01507680
0.06455000 -0.01507609
0.06460000 -0.01507538
0.06465000 -0.01507466
0.06470000 -0.01507394
0.06475000 -0.01507322
0.06480000 -0.01507249
0.06485000 -0.01507176
0.06490000 -0.01507103
0.06495000 -0.01507030
0.06500000 -0.01506956
0.06505000 -0.01506882
0.06510000 -0.01506808
0.06515000 -0.01506733
0.06520000 -0.01506658
0.06525000 -0.01506583
0.06530000 -0.01506507
0.06535000 -0.01506432
0.06540000 -0.01506356
0.06545000 -0.01506279
0.06550000 -0.01506203
0.06555000 -0.01506126
0.06560000 -0.01506049
0.06565000 -0.01505971
0.06570000 -0.01505893
0.06575000 -0.01505815
0.06580000 -0.01505737
0.06585000 -0.01505658
0.06590000 -0.01505580
0.06595000 -0.01505500
0.06600000 -0.01505421
0.06605000 -0.01505341
0.06610000 -0.01505261
0.06615000 -0.01505181
0.06620000 -0.01505100
0.06625000 -0.01505020
0.06630000 -0.01504939
0.06635000 -0.01504857
0.06640000 -0.01504776
0.06645000 -0.01504694
0.06650000 -0.01504611
0.06655000 -0.01504529
0.06660000 -0.01504446
0.06665000 -0.01504363
0.06670000 -0.01504280
0.06675000 -0.01504196
0.06680000 -0.01504112
0.06685000 -0.01504028
0.06690000 -0.01503944
0.06695000 -0.01503859
0.06700000 -0.01503774
0.06705000 -0.01503689
0.06710000 -0.01503604
0.06715000 -0.01503518
0.06720000 -0.01503432
0.06725000 -0.01503346
0.06730000 -0.01503259
0.06735000 -0.01503173
0.06740000 -0.01503086
0.06745000 -0.01502998
0.06750000 -0.01502911
0.06755000 -0.01502823
0.06760000 -0.01502735
0.06765000 -0.01502646
0.06770000 -0.01502558
0.06775000 -0.01502469
0.06780000 -0.01502380
0.06785000 -0.01502290
0.06790000 -0.01502201
0.06795000 -0.01502111
0.06800000 -0.01502020
0.06805000 -0.01501930
0.06810000 -0.01501839
0.06815000 -0.01501748
0.06820000 -0.01501657
0.06825000 -0.01501566
0.06830000 -0.01501474
0.06835000 -0.01501382
0.06840000 -0.01501289
0.06845000 -0.01501197
0.06850000 -0.01501104
0.06855000 -0.01501011
0.06860000 -0.01500918
0.06865000 -0.01500824
0.06870000 -0.01500731
0.06875000 -0.01500637
0.06880000 -0.01500542
0.06885000 -0.01500448
0.06890000 -0.01500353
0.06895000 -0.01500258
0.06900000 -0.01500162
0.06905000 -0.01500067
0.06910000 -0.01499971
0.06915000 -0.01499875
0.06920000 -0.01499779
0.06925000 -0.01499682
0.06930000 -0.01499585
0.06935000 -0.01499488
0.06940000 -0.01499391
0.06945000 -0.01499294
0.06950000 -0.01499196
0.06955000 -0.01499098
0.06960000 -0.01498999
0.06965000 -0.01498901
0.06970000 -0.01498802
0.06975000 -0.01498703
0.06980000 -0.01498604
0.06985000 -0.01498504
0.06990000 -0.01498405
0.06995000 -0.01498305
0.07000000 -0.01498204
0.07005000 -0.01498104
0.07010000 -0.01498003
0.07015000 -0.01497902
0.07020000 -0.01497801
0.07025000 -0.01497699
0.07030000 -0.01497598
0.07035000 -0.01497496
0.07040000 -0.01497394
0.07045000 -0.01497291
0.07050000 -0.01497189
0.07055000 -0.01497086
0.07060000 -0.01496983
0.07065000 -0.01496879
0.07070000 -0.01496776
0.07075000 -0.01496672
0.07080000 -0.01496568
0.07085000 -0.01496464
0.07090000 -0.01496359
0.07095000 -0.01496254
0.07100000 -0.01496149
0.07105000 -0.01496044
0.07110000 -0.01495939
0.07115000 -0.01495833
0.07120000 -0.01495727
0.07125000 -0.01495621
0.07130000 -0.01495514
0.07135000 -0.01495408
0.07140000 -0.01495301
0.07145000 -0.01495194
0.07150000 -0.01495086
0.07155000 -0.01494979
0.07160000 -0.01494871
0.07165000 -0.01494763
0.07170000 -0.01494655
0.07175000 -0.01494546
0.07180000 -0.01494438
0.07185000 -0.01494329
0.07190000 -0.01494220
0.07195000 -0.01494110
0.07200000 -0.01494001
0.07205000 -0.01493891
0.07210000 -0.01493781
0.07215000 -0.01493670
0.07220000 -0.01493560
0.07225000 -0.01493449
0.07230000 -0.01493338
0.07235000 -0.01493227
0.07240000 -0.01493116
0.07245000 -0.01493004
0.07250000 -0.01492892
0.07255000 -0.01492780
0.07260000 -0.01492668
0.07265000 -0.01492555
0.07270000 -0.01492443
0.07275000 -0.01492330
0.07280000 -0.01492216
0.07285000 -0.01492103
0.07290000 -0.01491989
0.07295000 -0.01491876
0.07300000 -0.01491761
0.07305000 -0.01491647
0.07310000 -0.01491533
0.07315000 -0.01491418
0.07320000 -0.01491303
0.07325000 -0.01491188
0.07330000 -0.01491073
0.07335000 -0.01490957
0.07340000 -0.01490841
0.07345000 -0.01490725
0.07350000 -0.01490609
0.07355000 -0.01490492
0.07360000 -0.01490376
0.07365000 -0.01490259
0.07370000 -0.01490142
0.07375000 -0.01490025
0.07380000 -0.01489907
0.07385000 -0.01489789
0.07390000 -0.01489671
0.07395000 -0.01489553
0.07400000 -0.01489435
0.07405000 -0.01489316
0.07410000 -0.01489197
0.07415000 -0.01489078
0.07420000 -0.01488959
0.07425000 -0.01488840
0.07430000 -0.01488720
0.07435000 -0.01488600
0.07440000 -0.01488480
0.07445000 -0.01488360
0.07450000 -0.01488240
0.07455000 -0.01488119
0.07460000 -0.01487998
0.07465000 -0.01487877
0.07470000 -0.01487756
0.07475000 -0.01487634
0.07480000 -0.01487512
0.07485000 -0.01487391
0.07490000 -0.01487268
0.07495000 -0.01487146
0.07500000 -0.01487024
0.07505000 -0.01486901
0.07510000 -0.01486778
0.07515000 -0.01486655
0.07520000 -0.01486531
0.07525000 -0.01486408
0.07530000 -0.01486284
0.07535000 -0.01486160
0.07540000 -0.01486036
0.07545000 -0.01485912
0.07550000 -0.01485787
0.07555000 -0.01485662
0.07560000 -0.01485537
0.07565000 -0.01485412
0.07570000 -0.01485287
0.07575000 -0.01485161
0.07580000 -0.01485036
0.07585000 -0.01484910
0.07590000 -0.01484783
0.07595000 -0.01484657
0.07600000 -0.01484531
0.07605000 -0.01484404
0.07610000 -0.01484277
0.07615000 -0.01484150
0.07620000 -0.01484022
0.07625000 -0.01483895
0.07630000 -0.01483767
0.07635000 -0.01483639
0.07640000 -0.01483511
0.07645000 -0.01483383
0.07650000 -0.01483254
0.07655000 -0.01483125
0.07660000 -0.01482996
0.07665000 -0.01482867
0.07670000 -0.01482738
0.07675000 -0.01482609
0.07680000 -0.01482479
0.07685000 -0.01482349
0.07690000 -0.01482219
0.07695000 -0.01482089
0.07700000 -0.01481958
0.07705000 -0.01481828
0.07710000 -0.01481697
0.07715000 -0.01481566
0.07720000 -0.01481434
0.07725000 -0.01481303
0.07730000 -0.01481171
0.07735000 -0.01481040
0.07740000 -0.01480908
0.07745000 -0.01480775
0.07750000 -0.01480643
0.07755000 -0.01480511
0.07760000 -0.01480378
0.07765000 -0.01480245
0.07770000 -0.01480112
0.07775000 -0.01479979
0.07780000 -0.01479845
0.07785000 -0.01479711
0.07790000 -0.01479577
0.07795000 -0.01479443
0.07800000 -0.01479309
0.07805000 -0.01479175
0.07810000 -0.01479040
0.07815000 -0.01478905
0.07820000 -0.01478770
0.07825000 -0.01478635
0.07830000 -0.01478500
0.07835000 -0.01478364
0.07840000 -0.01478229
0.07845000 -0.01478093
0.07850000 -0.01477957
0.07855000 -0.01477820
0.07860000 -0.01477684
0.07865000 -0.01477547
0.07870000 -0.01477411
0.07875000 -0.01477274
0.07880000 -0.01477136
0.07885000 -0.01476999
0.07890000 -0.01476862
0.07895000 -0.01476724
0.07900000 -0.01476586
0.07905000 -0.01476448
0.07910000 -0.01476310
0.07915000 -0.01476171
0.07920000 -0.01476033
0.07925000 -0.01475894
0.07930000 -0.01475755
0.07935000 -0.01475616
0.07940000 -0.01475476
0.07945000 -0.01475337
0.07950000 -0.01475197
0.07955000 -0.01475057
0.07960000 -0.01474917
0.07965000 -0.01474777
0.07970000 -0.01474637
0.07975000 -0.01474496
0.07980000 -0.01474355
0.07985000 -0.01474215
0.07990000 -0.01474073
0.07995000 -0.01473932
0.08000000 -0.01473791
0.08005000 -0.01473649
0.08010000 -0.01473507
0.08015000 -0.01473365
0.08020000 -0.01473223
0.08025000 -0.01473081
0.08030000 -0.01472939
0.08035000 -0.01472796
0.08040000 -0.01472653
0.08045000 -0.01472510
0.08050000 -0.01472367
0.08055000 -0.01472224
0.08060000 -0.01472080
0.08065000 -0.01471936
0.08070000 -0.01471793
0.08075000 -0.01471649
0.08080000 -0.01471504
0.08085000 -0.01471360
0.08090000 -0.01471215
0.08095000 -0.01471071
0.08100000 -0.01470926
0.08105000 -0.01470781
0.08110000 -0.01470636
0.08115000 -0.01470490
0.08120000 -0.01470345
0.08125000 -0.01470199
0.08130000 -0.01470053
0.08135000 -0.01469907
0.08140000 -0.01469761
0.08145000 -0.01469615
0.08150000 -0.01469468
0.08155000 -0.01469321
0.08160000 -0.01469174
0.08165000 -0.01469027
0.08170000 -0.01468880
0.08175000 -0.01468733
0.08180000 -0.01468585
0.08185000 -0.01468438
0.08190000 -0.01468290
0.08195000 -0.01468142
0.08200000 -0.01467994
0.08205000 -0.01467845
0.08210000 -0.01467697
0.08215000 -0.01467548
0.08220000 -0.01467399
0.08225000 -0.01467250
0.08230000 -0.01467101
0.08235000 -0.01466952
0.08240000 -0.01466802
0.08245000 -0.01466652
0.08250000 -0.01466503
0.08255000 -0.01466353
0.08260000 -0.01466203
0.08265000 -0.01466052
0.08270000 -0.01465902
0.08275000 -0.01465751
0.08280000 -0.01465600
0.08285000 -0.01465449
0.08290000 -0.01465298
0.08295000 -0.01465147
0.08300000 -0.01464996
0.08305000 -0.01464844
0.08310000 -0.01464692
0.08315000 -0.01464540
0.08320000 -0.01464388
0.08325000 -0.01464236
0.08330000 -0.01464084
0.08335000 -0.01463931
0.08340000 -0.01463779
0.08345000 -0.01463626
0.08350000 -0.01463473
0.08355000 -0.01463320
0.08360000 -0.01463166
0.08365000 -0.01463013
0.08370000 -0.01462859
0.08375000 -0.01462705
0.08380000 -0.01462552
0.08385000 -0.01462397
0.08390000 -0.01462243
0.08395000 -0.01462089
0.08400000 -0.01461934
0.08405000 -0.01461780
0.08410000 -0.01461625
0.08415000 -0.01461470
0.08420000 -0.01461315
0.08425000 -0.01461159
0.08430000 -0.01461004
0.08435000 -0.01460848
0.08440000 -0.01460692
0.08445000 -0.01460536
0.08450000 -0.01460380
0.08455000 -0.01460224
0.08460000 -0.01460068
0.08465000 -0.01459911
0.08470000 -0.01459755
0.08475000 -0.01459598
0.08480000 -0.01459441
0.08485000 -0.01459284
0.08490000 -0.01459126
0.08495000 -0.01458969
0.08500000 -0.01458811
0.08505000 -0.01458654
0.08510000 -0.01458496
0.08515000 -0.01458338
0.08520000 -0.01458180
0.08525000 -0.01458021
0.08530000 -0.01457863
0.08535000 -0.01457704
0.08540000 -0.01457545
0.08545000 -0.01457386
0.08550000 -0.01457227
0.08555000 -0.01457068
0.08560000 -0.01456909
0.08565000 -0.01456749
0.08570000 -0.01456590
0.08575000 -0.01456430
0.08580000 -0.01456270
0.08585000 -0.01456110
0.08590000 -0.01455950
0.08595000 -0.01455789
0.08600000 -0.01455629
0.08605000 -0.01455468
0.08610000 -0.01455307
0.08615000 -0.01455146
0.08620000 -0.01454985
0.08625000 -0.01454824
0.08630000 -0.01454663
0.08635000 -0.01454501
0.08640000 -0.01454339
0.08645000 -0.01454177
0.08650000 -0.01454016
0.08655000 -0.01453853
0.08660000 -0.01453691
0.08665000 -0.01453529
0.08670000 -0.01453366
0.08675000 -0.01453204
0.08680000 -0.01453041
0.08685000 -0.01452878
0.08690000 -0.01452715
0.08695000 -0.01452551
0.08700000 -0.01452388
0.08705000 -0.01452225
0.08710000 -0.01452061
0.08715000 -0.01451897
0.08720000 -0.01451733
0.08725000 -0.01451569
0.08730000 -0.01451405
0.08735000 -0.01451240
0.08740000 -0.01451076
0.08745000 -0.01450911
0.08750000 -0.01450747
0.08755000 -0.01450582
0.08760000 -0.01450417
0.08765000 -0.01450251
0.08770000 -0.01450086
0.08775000 -0.01449921
0.08780000 -0.01449755
0.08785000 -0.01449589
0.08790000 -0.01449423
0.08795000 -0.01449257
0.08800000 -0.01449091
0.08805000 -0.01448925
0.08810000 -0.01448758
0.08815000 -0.01448592
0.08820000 -0.01448425
0.08825000 -0.01448258
0.08830000 -0.01448091
0.08835000 -0.01447924
0.08840000 -0.01447757
0.08845000 -0.01447590
0.08850000 -0.01447422
0.08855000 -0.01447254
0.08860000 -0.01447087
0.08865000 -0.01446919
0.08870000 -0.01446751
0.08875000 -0.01446583
0.08880000 -0.01446414
0.08885000 -0.01446246
0.08890000 -0.01446077
0.08895000 -0.01445908
0.08900000 -0.01445740
0.08905000 -0.01445571
0.08910000 -0.01445401
0.08915000 -0.01445232
0.08920000 -0.01445063
0.08925000 -0.01444893
0.08930000 -0.01444724
0.08935000 -0.01444554
0.08940000 -0.01444384
0.08945000 -0.01444214
0.08950000 -0.01444044
0.08955000 -0.01443874
0.08960000 -0.01443703
0.08965000 -0.01443533
0.08970000 -0.01443362
0.08975000 -0.01443191
0.08980000 -0.01443020
0.08985000 -0.01442849
0.08990000 -0.01442678
0.08995000 -0.01442506
0.09000000 -0.01442335
0.09005000 -0.01442163
0.09010000 -0.01441992
0.09015000 -0.01441820
0.09020000 -0.01441648
0.09025000 -0.01441476
0.09030000 -0.01441303
0.09035000 -0.01441131
0.09040000 -0.01440959
0.09045000 -0.01440786
0.09050000 -0.01440613
0.09055000 -0.01440440
0.09060000 -0.01440267
0.09065000 -0.01440094
0.09070000 -0.01439921
0.09075000 -0.01439748
0.09080000 -0.01439574
0.09085000 -0.01439400
0.09090000 -0.01439227
0.09095000 -0.01439053
0.09100000 -0.01438879
0.09105000 -0.01438705
0.09110000 -0.01438530
0.09115000 -0.01438356
0.09120000 -0.01438181
0.09125000 -0.01438007
0.09130000 -0.01437832
0.09135000 -0.01437657
0.09140000 -0.01437482
0.09145000 -0.01437307
0.09150000 -0.01437132
0.09155000 -0.01436956
0.09160000 -0.01436781
0.09165000 -0.01436605
0.09170000 -0.01436430
0.09175000 -0.01436254
0.09180000 -0.01436078
0.09185000 -0.01435902
0.09190000 -0.01435725
0.09195000 -0.01435549
0.09200000 -0.01435372
0.09205000 -0.01435196
0.09210000 -0.01435019
0.09215000 -0.01434842
0.09220000 -0.01434665
0.09225000 -0.01434488
0.09230000 -0.01434311
0.09235000 -0.01434134
0.09240000 -0.01433956
0.09245000 -0.01433779
0.09250000 -0.01433601
0.09255000 -0.01433423
0.09260000 -0.01433245
0.09265000 -0.01433067
0.09270000 -0.01432889
0.09275000 -0.01432711
0.09280000 -0.01432532
0.09285000 -0.01432354
0.09290000 -0.01432175
0.09295000 -0.01431996
0.09300000 -0.01431818
0.09305000 -0.01431638
0.09310000 -0.01431459
0.09315000 -0.01431280
0.09320000 -0.01431101
0.09325000 -0.01430921
0.09330000 -0.01430742
0.09335000 -0.01430562
0.09340000 -0.01430382
0.09345000 -0.01430202
0.09350000 -0.01430022
0.09355000 -0.01429842
0.09360000 -0.01429662
0.09365000 -0.01429481
0.09370000 -0.01429301
0.09375000 -0.01429120
0.09380000 -0.01428939
0.09385000 -0.01428758
0.09390000 -0.01428577
0.09395000 -0.01428396
0.09400000 -0.01428215
0.09405000 -0.01428034
0.09410000 -0.01427852
0.09415000 -0.01427671
0.09420000 -0.01427489
0.09425000 -0.01427307
0.09430000 -0.01427125
0.09435000 -0.01426943
0.09440000 -0.01426761
0.09445000 -0.01426579
0.09450000 -0.01426397
0.09455000 -0.01426214
0.09460000 -0.01426032
0.09465000 -0.01425849
0.09470000 -0.01425666
0.09475000 -0.01425483
0.09480000 -0.01425300
0.09485000 -0.01425117
0.09490000 -0.01424934
0.09495000 -0.01424750
0.09500000 -0.01424567
0.09505000 -0.01424383
0.09510000 -0.01424199
0.09515000 -0.01424016
0.09520000 -0.01423832
0.09525000 -0.01423648
0.09530000 -0.01423463
0.09535000 -0.01423279
0.09540000 -0.01423095
0.09545000 -0.01422910
0.09550000 -0.01422726
0.09555000 -0.01422541
0.09560000 -0.01422356
0.09565000 -0.01422171
0.09570000 -0.01421986
0.09575000 -0.01421801
0.09580000 -0.01421616
0.09585000 -0.01421430
0.09590000 -0.01421245
0.09595000 -0.01421059
0.09600000 -0.01420874
0.09605000 -0.01420688
0.09610000 -0.01420502
0.09615000 -0.01420316
0.09620000 -0.01420130
0.09625000 -0.01419943
0.09630000 -0.01419757
0.09635000 -0.01419571
0.09640000 -0.01419384
0.09645000 -0.01419197
0.09650000 -0.01419011
0.09655000 -0.01418824
0.09660000 -0.01418637
0.09665000 -0.01418450
0.09670000 -0.01418262
0.09675000 -0.01418075
0.09680000 -0.01417888
0.09685000 -0.01417700
0.09690000 -0.01417512
0.09695000 -0.01417325
0.09700000 -0.01417137
0.09705000 -0.01416949
0.09710000 -0.01416761
0.09715000 -0.01416573
0.09720000 -0.01416384
0.09725000 -0.01416196
0.09730000 -0.01416008
0.09735000 -0.01415819
0.09740000 -0.01415630
0.09745000 -0.01415441
0.09750000 -0.01415253
0.09755000 -0.01415063
0.09760000 -0.01414874
0.09765000 -0.01414685
0.09770000 -0.01414496
0.09775000 -0.01414306
0.09780000 -0.01414117
0.09785000 -0.01413927
0.09790000 -0.01413737
0.09795000 -0.01413548
0.09800000 -0.01413358
0.09805000 -0.01413168
0.09810000 -0.01412977
0.09815000 -0.01412787
0.09820000 -0.01412597
0.09825000 -0.01412406
0.09830000 -0.01412216
0.09835000 -0.01412025
0.09840000 -0.01411834
0.09845000 -0.01411644
0.09850000 -0.01411453
0.09855000 -0.01411261
0.09860000 -0.01411070
0.09865000 -0.01410879
0.09870000 -0.01410688
0.09875000 -0.01410496
0.09880000 -0.01410305
0.09885000 -0.01410113
0.09890000 -0.01409921
0.09895000 -0.01409729
0.09900000 -0.01409537
0.09905000 -0.01409345
0.09910000 -0.01409153
0.09915000 -0.01408961
0.09920000 -0.01408768
0.09925000 -0.01408576
0.09930000 -0.01408383
0.09935000 -0.01408190
0.09940000 -0.01407998
0.09945000 -0.01407805
0.09950000 -0.01407612
0.09955000 -0.01407419
0.09960000 -0.01407226
0.09965000 -0.01407032
0.09970000 -0.01406839
0.09975000 -0.01406645
0.09980000 -0.01406452
0.09985000 -0.01406258
0.09990000 -0.01406064
0.09995000 -0.01405870
0.10000000 -0.01405677
0.10005000 -0.01405482
0.10010000 -0.01405288
0.10015000 -0.01405094
0.10020000 -0.01404900
0.10025000 -0.01404705
0.10030000 -0.01404511
0.10035000 -0.01404316
0.10040000 -0.01404121
0.10045000 -0.01403926
0.10050000 -0.01403731
0.10055000 -0.01403536
0.10060000 -0.01403341
0.10065000 -0.01403146
0.10070000 -0.01402951
0.10075000 -0.01402755
0.10080000 -0.01402560
0.10085000 -0.01402364
0.10090000 -0.01402168
0.10095000 -0.01401973
0.10100000 -0.01401777
0.10105000 -0.01401581
0.10110000 -0.01401385
0.10115000 -0.01401188
0.10120000 -0.01400992
0.10125000 -0.01400796
0.10130000 -0.01400599
0.10135000 -0.01400403
0.10140000 -0.01400206
0.10145000 -0.01400009
0.10150000 -0.01399812
0.10155000 -0.01399615
0.10160000 -0.01399418
0.10165000 -0.01399221
0.10170000 -0.01399024
0.10175000 -0.01398827
0.10180000 -0.01398629
0.10185000 -0.01398432
0.10190000 -0.01398234
0.10195000 -0.01398036
0.10200000 -0.01397839
0.10205000 -0.01397641
0.10210000 -0.01397443
0.10215000 -0.01397245
0.10220000 -0.01397047
0.10225000 -0.01396848
0.10230000 -0.01396650
0.10235000 -0.01396451
0.10240000 -0.01396253
0.10245000 -0.01396054
0.10250000 -0.01395856
0.10255000 -0.01395657
0.10260000 -0.01395458
0.10265000 -0.01395259
0.10270000 -0.01395060
0.10275000 -0.01394861
0.10280000 -0.01394661
0.10285000 -0.01394462
0.10290000 -0.01394263
0.10295000 -0.01394063
0.10300000 -0.01393863
0.10305000 -0.01393664
0.10310000 -0.01393464
0.10315000 -0.01393264
0.10320000 -0.01393064
0.10325000 -0.01392864
0.10330000 -0.01392664
0.10335000 -0.01392463
0.10340000 -0.01392263
0.10345000 -0.01392063
0.10350000 -0.01391862
0.10355000 -0.01391662
0.10360000 -0.01391461
0.10365000 -0.01391260
0.10370000 -0.01391059
0.10375000 -0.01390858
0.10380000 -0.01390657
0.10385000 -0.01390456
0.10390000 -0.01390255
0.10395000 -0.01390053
0.10400000 -0.01389852
0.10405000 -0.01389650
0.10410000 -0.01389449
0.10415000 -0.01389247
0.10420000 -0.01389045
0.10425000 -0.01388844
0.10430000 -0.01388642
0.10435000 -0.01388440
0.10440000 -0.01388237
0.10445000 -0.01388035
0.10450000 -0.01387833
0.10455000 -0.01387630
0.10460000 -0.01387428
0.10465000 -0.01387225
0.10470000 -0.01387023
0.10475000 -0.01386820
0.10480000 -0.01386617
0.10485000 -0.01386414
0.10490000 -0.01386211
0.10495000 -0.01386008
0.10500000 -0.01385805
0.10505000 -0.01385602
0.10510000 -0.01385399
0.10515000 -0.01385195
0.10520000 -0.01384992
0.10525000 -0.01384788
0.10530000 -0.01384584
0.10535000 -0.01384381
0.10540000 -0.01384177
0.10545000 -0.01383973
0.10550000 -0.01383769
0.10555000 -0.01383565
0.10560000 -0.01383360
0.10565000 -0.01383156
0.10570000 -0.01382952
0.10575000 -0.01382747
0.10580000 -0.01382543
0.10585000 -0.01382338
0.10590000 -0.01382133
0.10595000 -0.01381929
0.10600000 -0.01381724
0.10605000 -0.01381519
0.10610000 -0.01381314
0.10615000 -0.01381109
0.10620000 -0.01380903
0.10625000 -0.01380698
0.10630000 -0.01380493
0.10635000 -0.01380287
0.10640000 -0.01380082
0.10645000 -0.01379876
0.10650000 -0.01379670
0.10655000 -0.01379465
0.10660000 -0.01379259
0.10665000 -0.01379053
0.10670000 -0.01378847
0.10675000 -0.01378641
0.10680000 -0.01378434
0.10685000 -0.01378228
0.10690000 -0.01378022
0.10695000 -0.01377815
0.10700000 -0.01377609
0.10705000 -0.01377402
0.10710000 -0.01377196
0.10715000 -0.01376989
0.10720000 -0.01376782
0.10725000 -0.01376575
0.10730000 -0.01376368
0.10735000 -0.01376161
0.10740000 -0.01375954
0.10745000 -0.01375746
0.10750000 -0.01375539
0.10755000 -0.01375332
0.10760000 -0.01375124
0.10765000 -0.01374916
0.10770000 -0.01374709
0.10775000 -0.01374501
0.10780000 -0.01374293
0.10785000 -0.01374085
0.10790000 -0.01373877
0.10795000 -0.01373669
0.10800000 -0.01373461
0.10805000 -0.01373253
0.10810000 -0.01373044
0.10815000 -0.01372836
0.10820000 -0.01372628
0.10825000 -0.01372419
0.10830000 -0.01372210
0.10835000 -0.01372002
0.10840000 -0.01371793
0.10845000 -0.01371584
0.10850000 -0.01371375
0.10855000 -0.01371166
0.10860000 -0.01370957
0.10865000 -0.01370748
0.10870000 -0.01370538
0.10875000 -0.01370329
0.10880000 -0.01370120
0.10885000 -0.01369910
0.10890000 -0.01369701
0.10895000 -0.01369491
0.10900000 -0.01369281
0.10905000 -0.01369071
0.10910000 -0.01368861
0.10915000 -0.01368652
0.10920000 -0.01368441
0.10925000 -0.01368231
0.10930000 -0.01368021
0.10935000 -0.01367811
0.10940000 -0.01367600
0.10945000 -0.01367390
0.10950000 -0.01367180
0.10955000 -0.01366969
0.10960000 -0.01366758
0.10965000 -0.01366547
0.10970000 -0.01366337
0.10975000 -0.01366126
0.10980000 -0.01365915
0.10985000 -0.01365704
0.10990000 -0.01365493
0.10995000 -0.01365281
0.11000000 -0.01365070
0.11005000 -0.01364859
0.11010000 -0.01364647
0.11015000 -0.01364436
0.11020000 -0.01364224
0.11025000 -0.01364012
0.11030000 -0.01363801
0.11035000 -0.01363589
0.11040000 -0.01363377
0.11045000 -0.01363165
0.11050000 -0.01362953
0.11055000 -0.01362741
0.11060000 -0.01362529
0.11065000 -0.01362316
0.11070000 -0.01362104
0.11075000 -0.01361892
0.11080000 -0.01361679
0.11085000 -0.01361467
0.11090000 -0.01361254
0.11095000 -0.01361041
0.11100000 -0.01360828
0.11105000 -0.01360616
0.11110000 -0.01360403
0.11115000 -0.01360190
0.11120000 -0.01359976
0.11125000 -0.01359763
0.11130000 -0.01359550
0.11135000 -0.01359337
0.11140000 -0.01359123
0.11145000 -0.01358910
0.11150000 -0.01358696
0.11155000 -0.01358483
0.11160000 -0.01358269
0.11165000 -0.01358055
0.11170000 -0.01357841
0.11175000 -0.01357628
0.11180000 -0.01357414
0.11185000 -0.01357199
0.11190000 -0.01356985
0.11195000 -0.01356771
0.11200000 -0.01356557
0.11205000 -0.01356343
0.11210000 -0.01356128
0.11215000 -0.01355914
0.11220000 -0.01355699
0.11225000 -0.01355484
0.11230000 -0.01355270
0.11235000 -0.01355055
0.11240000 -0.01354840
0.11245000 -0.01354625
0.11250000 -0.01354410
0.11255000 -0.01354195
0.11260000 -0.01353980
0.11265000 -0.01353765
0.11270000 -0.01353549
0.11275000 -0.01353334
0.11280000 -0.01353119
0.11285000 -0.01352903
0.11290000 -0.01352688
0.11295000 -0.01352472
0.11300000 -0.01352256
0.11305000 -0.01352040
0.11310000 -0.01351825
0.11315000 -0.01351609
0.11320000 -0.01351393
0.11325000 -0.01351177
0.11330000 -0.01350960
0.11335000 -0.01350744
0.11340000 -0.01350528
0.11345000 -0.01350312
0.11350000 -0.01350095
0.11355000 -0.01349879
0.11360000 -0.01349662
0.11365000 -0.01349445
0.11370000 -0.01349229
0.11375000 -0.01349012
0.11380000 -0.01348795
0.11385000 -0.01348578
0.11390000 -0.01348361
0.11395000 -0.01348144
0.11400000 -0.01347927
0.11405000 -0.01347710
0.11410000 -0.01347492
0.11415000 -0.01347275
0.11420000 -0.01347058
0.11425000 -0.01346840
0.11430000 -0.01346623
0.11435000 -0.01346405
0.11440000 -0.01346187
0.11445000 -0.01345970
0.11450000 -0.01345752
0.11455000 -0.01345534
0.11460000 -0.01345316
0.11465000 -0.01345098
0.11470000 -0.01344880
0.11475000 -0.01344662
0.11480000 -0.01344443
0.11485000 -0.01344225
0.11490000 -0.01344007
0.11495000 -0.01343788
0.11500000 -0.01343570
0.11505000 -0.01343351
0.11510000 -0.01343133
0.11515000 -0.01342914
0.11520000 -0.01342695
0.11525000 -0.01342476
0.11530000 -0.01342257
0.11535000 -0.01342038
0.11540000 -0.01341819
0.11545000 -0.01341600
0.11550000 -0.01341381
0.11555000 -0.01341162
0.11560000 -0.01340942
0.11565000 -0.01340723
0.11570000 -0.01340504
0.11575000 -0.01340284
0.11580000 -0.01340065
0.11585000 -0.01339845
0.11590000 -0.01339625
0.11595000 -0.01339405
0.11600000 -0.01339186
0.11605000 -0.01338966
0.11610000 -0.01338746
0.11615000 -0.01338526
0.11620000 -0.01338305
0.11625000 -0.01338085
0.11630000 -0.01337865
0.11635000 -0.01337645
0.11640000 -0.01337424
0.11645000 -0.01337204
0.11650000 -0.01336983
0.11655000 -0.01336763
0.11660000 -0.01336542
0.11665000 -0.01336321
0.11670000 -0.01336101
0.11675000 -0.01335880
0.11680000 -0.01335659
0.11685000 -0.01335438
0.11690000 -0.01335217
0.11695000 -0.01334996
0.11700000 -0.01334775
0.11705000 -0.01334553
0.11710000 -0.01334332
0.11715000 -0.01334111
0.11720000 -0.01333889
0.11725000 -0.01333668
0.11730000 -0.01333446
0.11735000 -0.01333224
0.11740000 -0.01333003
0.11745000 -0.01332781
0.11750000 -0.01332559
0.11755000 -0.01332337
0.11760000 -0.01332115
0.11765000 -0.01331893
0.11770000 -0.01331671
0.11775000 -0.01331449
0.11780000 -0.01331227
0.11785000 -0.01331005
0.11790000 -0.01330782
0.11795000 -0.01330560
0.11800000 -0.01330337
0.11805000 -0.01330115
0.11810000 -0.01329892
0.11815000 -0.01329670
0.11820000 -0.01329447
0.11825000 -0.01329224
0.11830000 -0.01329001
0.11835000 -0.01328778
0.11840000 -0.01328555
0.11845000 -0.01328332
0.11850000 -0.01328109
0.11855000 -0.01327886
0.11860000 -0.01327663
0.11865000 -0.01327440
0.11870000 -0.01327216
0.11875000 -0.01326993
0.11880000 -0.01326769
0.11885000 -0.01326546
0.11890000 -0.01326322
0.11895000 -0.01326098
0.11900000 -0.01325875
0.11905000 -0.01325651
0.11910000 -0.01325427
0.11915000 -0.01325203
0.11920000 -0.01324979
0.11925000 -0.01324755
0.11930000 -0.01324531
0.11935000 -0.01324307
0.11940000 -0.01324083
0.11945000 -0.01323858
0.11950000 -0.01323634
0.11955000 -0.01323410
0.11960000 -0.01323185
0.11965000 -0.01322961
0.11970000 -0.01322736
0.11975000 -0.01322511
0.11980000 -0.01322287
0.11985000 -0.01322062
0.11990000 -0.01321837
0.11995000 -0.01321612
0.12000000 -0.01321387
0.12005000 -0.01321162
0.12010000 -0.01320937
0.12015000 -0.01320712
0.12020000 -0.01320487
0.12025000 -0.01320261
0.12030000 -0.01320036
0.12035000 -0.01319811
0.12040000 -0.01319585
0.12045000 -0.01319360
0.12050000 -0.01319134
0.12055000 -0.01318908
0.12060000 -0.01318683
0.12065000 -0.01318457
0.12070000 -0.01318231
0.12075000 -0.01318005
0.12080000 -0.01317779
0.12085000 -0.01317553
0.12090000 -0.01317327
0.12095000 -0.01317101
0.12100000 -0.01316875
0.12105000 -0.01316649
0.12110000 -0.01316422
0.12115000 -0.01316196
0.12120000 -0.01315970
0.12125000 -0.01315743
0.12130000 -0.01315517
0.12135000 -0.01315290
0.12140000 -0.01315063
0.12145000 -0.01314837
0.12150000 -0.01314610
0.12155000 -0.01314383
0.12160000 -0.01314156
0.12165000 -0.01313929
0.12170000 -0.01313702
0.12175000 -0.01313475
0.12180000 -0.01313248
0.12185000 -0.01313021
0.12190000 -0.01312794
0.12195000 -0.01312566
0.12200000 -0.01312339
0.12205000 -0.01312111
0.12210000 -0.01311884
0.12215000 -0.01311656
0.12220000 -0.01311429
0.12225000 -0.01311201
0.12230000 -0.01310973
0.12235000 -0.01310746
0.12240000 -0.01310518
0.12245000 -0.01310290
0.12250000 -0.01310062
0.12255000 -0.01309834
0.12260000 -0.01309606
0.12265000 -0.01309378
0.12270000 -0.01309150
0.12275000 -0.01308921
0.12280000 -0.01308693
0.12285000 -0.01308465
0.12290000 -0.01308236
0.12295000 -0.01308008
0.12300000 -0.01307779
0.12305000 -0.01307551
0.12310000 -0.01307322
0.12315000 -0.01307093
0.12320000 -0.01306865
0.12325000 -0.01306636
0.12330000 -0.01306407
0.12335000 -0.01306178
0.12340000 -0.01305949
0.12345000 -0.01305720
0.12350000 -0.01305491
0.12355000 -0.01305262
0.12360000 -0.01305032
0.12365000 -0.01304803
0.12370000 -0.01304574
0.12375000 -0.01304344
0.12380000 -0.01304115
0.12385000 -0.01303885
0.12390000 -0.01303656
0.12395000 -0.01303426
0.12400000 -0.01303197
0.12405000 -0.01302967
0.12410000 -0.01302737
0.12415000 -0.01302507
0.12420000 -0.01302277
0.12425000 -0.01302047
0.12430000 -0.01301817
0.12435000 -0.01301587
0.12440000 -0.01301357
0.12445000 -0.01301127
0.12450000 -0.01300897
0.12455000 -0.01300667
0.12460000 -0.01300436
0.12465000 -0.01300206
0.12470000 -0.01299975
0.12475000 -0.01299745
0.12480000 -0.01299514
0.12485000 -0.01299284
0.12490000 -0.01299053
0.12495000 -0.01298822
0.12500000 -0.01298591
0.12505000 -0.01298361
0.12510000 -0.01298130
0.12515000 -0.01297899
0.12520000 -0.01297668
0.12525000 -0.01297437
0.12530000 -0.01297206
0.12535000 -0.01296974
0.12540000 -0.01296743
0.12545000 -0.01296512
0.12550000 -0.01296280
0.12555000 -0.01296049
0.12560000 -0.01295818
0.12565000 -0.01295586
0.12570000 -0.01295355
0.12575000 -0.01295123
0.12580000 -0.01294891
0.12585000 -0.01294660
0.12590000 -0.01294428
0.12595000 -0.01294196
0.12600000 -0.01293964
0.12605000 -0.01293732
0.12610000 -0.01293500
0.12615000 -0.01293268
0.12620000 -0.01293036
0.12625000 -0.01292804
0.12630000 -0.01292572
0.12635000 -0.01292339
0.12640000 -0.01292107
0.12645000 -0.01291875
0.12650000 -0.01291642
0.12655000 -0.01291410
0.12660000 -0.01291177
0.12665000 -0.01290945
0.12670000 -0.01290712
0.12675000 -0.01290479
0.12680000 -0.01290247
0.12685000 -0.01290014
0.12690000 -0.01289781
0.12695000 -0.01289548
0.12700000 -0.01289315
0.12705000 -0.01289082
0.12710000 -0.01288849
0.12715000 -0.01288616
0.12720000 -0.01288383
0.12725000 -0.01288149
0.12730000 -0.01287916
0.12735000 -0.01287683
0.12740000 -0.01287449
0.12745000 -0.01287216
0.12750000 -0.01286982
0.12755000 -0.01286749
0.12760000 -0.01286515
0.12765000 -0.01286282
0.12770000 -0.01286048
0.12775000 -0.01285814
0.12780000 -0.01285580
0.12785000 -0.01285347
0.12790000 -0.01285113
0.12795000 -0.01284879
0.12800000 -0.01284645
0.12805000 -0.01284411
0.12810000 -0.01284176
0.12815000 -0.01283942
0.12820000 -0.01283708
0.12825000 -0.01283474
0.12830000 -0.01283239
0.12835000 -0.01283005
0.12840000 -0.01282771
0.12845000 -0.01282536
0.12850000 -0.01282302
0.12855000 -0.01282067
0.12860000 -0.01281832
0.12865000 -0.01281598
0.12870000 -0.01281363
0.12875000 -0.01281128
0.12880000 -0.01280893
0.12885000 -0.01280658
0.12890000 -0.01280423
0.12895000 -0.01280188
0.12900000 -0.01279953
0.12905000 -0.01279718
0.12910000 -0.01279483
0.12915000 -0.01279248
0.12920000 -0.01279013
0.12925000 -0.01278777
0.12930000 -0.01278542
0.12935000 -0.01278307
0.12940000 -0.01278071
0.12945000 -0.01277836
0.12950000 -0.01277600
0.12955000 -0.01277364
0.12960000 -0.01277129
0.12965000 -0.01276893
0.12970000 -0.01276657
0.12975000 -0.01276421
0.12980000 -0.01276186
0.12985000 -0.01275950
0.12990000 -0.01275714
0.12995000 -0.01275478
0.13000000 -0.01275242
0.13005000 -0.01275005
0.13010000 -0.01274769
0.13015000 -0.01274533
0.13020000 -0.01274297
0.13025000 -0.01274060
0.13030000 -0.01273824
0.13035000 -0.01273588
0.13040000 -0.01273351
0.13045000 -0.01273115
0.13050000 -0.01272878
0.13055000 -0.01272642
0.13060000 -0.01272405
0.13065000 -0.01272168
0.13070000 -0.01271931
0.13075000 -0.01271695
0.13080000 -0.01271458
0.13085000 -0.01271221
0.13090000 -0.01270984
0.13095000 -0.01270747
0.13100000 -0.01270510
0.13105000 -0.01270273
0.13110000 -0.01270035
0.13115000 -0.01269798
0.13120000 -0.01269561
0.13125000 -0.01269324
0.13130000 -0.01269086
0.13135000 -0.01268849
0.13140000 -0.01268611
0.13145000 -0.01268374
0.13150000 -0.01268136
0.13155000 -0.01267899
0.13160000 -0.01267661
0.13165000 -0.01267423
0.13170000 -0.01267186
0.13175000 -0.01266948
0.13180000 -0.01266710
0.13185000 -0.01266472
0.13190000 -0.01266234
0.13195000 -0.01265996
0.13200000 -0.01265758
0.13205000 -0.01265520
0.13210000 -0.01265282
0.13215000 -0.01265044
0.13220000 -0.01264805
0.13225000 -0.01264567
0.13230000 -0.01264329
0.13235000 -0.01264090
0.13240000 -0.01263852
0.13245000 -0.01263613
0.13250000 -0.01263375
0.13255000 -0.01263136
0.13260000 -0.01262898
0.13265000 -0.01262659
0.13270000 -0.01262420
0.13275000 -0.01262181
0.13280000 -0.01261943
0.13285000 -0.01261704
0.13290000 -0.01261465
0.13295000 -0.01261226
0.13300000 -0.01260987
0.13305000 -0.01260748
0.13310000 -0.01260509
0.13315000 -0.01260269
0.13320000 -0.01260030
0.13325000 -0.01259791
0.13330000 -0.01259552
0.13335000 -0.01259312
0.13340000 -0.01259073
0.13345000 -0.01258834
0.13350000 -0.01258594
0.13355000 -0.01258354
0.13360000 -0.01258115
0.13365000 -0.01257875
0.13370000 -0.01257636
0.13375000 -0.01257396
0.13380000 -0.01257156
0.13385000 -0.01256916
0.13390000 -0.01256676
0.13395000 -0.01256436
0.13400000 -0.01256197
0.13405000 -0.01255957
0.13410000 -0.01255716
0.13415000 -0.01255476
0.13420000 -0.01255236
0.13425000 -0.01254996
0.13430000 -0.01254756
0.13435000 -0.01254515
0.13440000 -0.01254275
0.13445000 -0.01254035
0.13450000 -0.01253794
0.13455000 -0.01253554
0.13460000 -0.01253313
0.13465000 -0.01253073
0.13470000 -0.01252832
0.13475000 -0.01252592
0.13480000 -0.01252351
0.13485000 -0.01252110
0.13490000 -0.01251869
0.13495000 -0.01251628
0.13500000 -0.01251388
0.13505000 -0.01251147
0.13510000 -0.01250906
0.13515000 -0.01250665
0.13520000 -0.01250423
0.13525000 -0.01250182
0.13530000 -0.01249941
0.13535000 -0.01249700
0.13540000 -0.01249459
0.13545000 -0.01249217
0.13550000 -0.01248976
0.13555000 -0.01248735
0.13560000 -0.01248493
0.13565000 -0.01248252
0.13570000 -0.01248010
0.13575000 -0.01247769
0.13580000 -0.01247527
0.13585000 -0.01247285
0.13590000 -0.01247044
0.13595000 -0.01246802
0.13600000 -0.01246560
0.13605000 -0.01246318
0.13610000 -0.01246076
0.13615000 -0.01245834
0.13620000 -0.01245592
0.13625000 -0.01245350
0.13630000 -0.01245108
0.13635000 -0.01244866
0.13640000 -0.01244624
0.13645000 -0.01244382
0.13650000 -0.01244139
0.13655000 -0.01243897
0.13660000 -0.01243655
0.13665000 -0.01243412
0.13670000 -0.01243170
0.13675000 -0.01242927
0.13680000 -0.01242685
0.13685000 -0.01242442
0.13690000 -0.01242200
0.13695000 -0.01241957
0.13700000 -0.01241714
0.13705000 -0.01241472
0.13710000 -0.01241229
0.13715000 -0.01240986
0.13720000 -0.01240743
0.13725000 -0.01240500
0.13730000 -0.01240257
0.13735000 -0.01240014
0.13740000 -0.01239771
0.13745000 -0.01239528
0.13750000 -0.01239285
0.13755000 -0.01239042
0.13760000 -0.01238798
0.13765000 -0.01238555
0.13770000 -0.01238312
0.13775000 -0.01238068
0.13780000 -0.01237825
0.13785000 -0.01237582
0.13790000 -0.01237338
0.13795000 -0.01237094
0.13800000 -0.01236851
0.13805000 -0.01236607
0.13810000 -0.01236364
0.13815000 -0.01236120
0.13820000 -0.01235876
0.13825000 -0.01235632
0.13830000 -0.01235388
0.13835000 -0.01235144
0.13840000 -0.01234901
0.13845000 -0.01234657
0.13850000 -0.01234413
0.13855000 -0.01234168
0.13860000 -0.01233924
0.13865000 -0.01233680
0.13870000 -0.01233436
0.13875000 -0.01233192
0.13880000 -0.01232947
0.13885000 -0.01232703
0.13890000 -0.01232459
0.13895000 -0.01232214
0.13900000 -0.01231970
0.13905000 -0.01231725
0.13910000 -0.01231481
0.13915000 -0.01231236
0.13920000 -0.01230992
0.13925000 -0.01230747
0.13930000 -0.01230502
0.13935000 -0.01230257
0.13940000 -0.01230013
0.13945000 -0.01229768
0.13950000 -0.01229523
0.13955000 -0.01229278
0.13960000 -0.01229033
0.13965000 -0.01228788
0.13970000 -0.01228543
0.13975000 -0.01228298
0.13980000 -0.01228053
0.13985000 -0.01227807
0.13990000 -0.01227562
0.13995000 -0.01227317
0.14000000 -0.01227071
0.14005000 -0.01226826
0.14010000 -0.01226581
0.14015000 -0.01226335
0.14020000 -0.01226090
0.14025000 -0.01225844
0.14030000 -0.01225599
0.14035000 -0.01225353
0.14040000 -0.01225107
0.14045000 -0.01224862
0.14050000 -0.01224616
0.14055000 -0.01224370
0.14060000 -0.01224124
0.14065000 -0.01223878
0.14070000 -0.01223632
0.14075000 -0.01223387
0.14080000 -0.01223141
0.14085000 -0.01222894
0.14090000 -0.01222648
0.14095000 -0.01222402
0.14100000 -0.01222156
0.14105000 -0.01221910
0.14110000 -0.01221664
0.14115000 -0.01221417
0.14120000 -0.01221171
0.14125000 -0.01220925
0.14130000 -0.01220678
0.14135000 -0.01220432
0.14140000 -0.01220185
0.14145000 -0.01219939
0.14150000 -0.01219692
0.14155000 -0.01219446
0.14160000 -0.01219199
0.14165000 -0.01218952
0.14170000 -0.01218705
0.14175000 -0.01218459
0.14180000 -0.01218212
0.14185000 -0.01217965
0.14190000 -0.01217718
0.14195000 -0.01217471
0.14200000 -0.01217224
0.14205000 -0.01216977
0.14210000 -0.01216730
0.14215000 -0.01216483
0.14220000 -0.01216236
0.14225000 -0.01215988
0.14230000 -0.01215741
0.14235000 -0.01215494
0.14240000 -0.01215247
0.14245000 -0.01214999
0.14250000 -0.01214752
0.14255000 -0.01214504
0.14260000 -0.01214257
0.14265000 -0.01214009
0.14270000 -0.01213762
0.14275000 -0.01213514
0.14280000 -0.01213266
0.14285000 -0.01213019
0.14290000 -0.01212771
0.14295000 -0.01212523
0.14300000 -0.01212275
0.14305000 -0.01212028
0.14310000 -0.01211780
0.14315000 -0.01211532
0.14320000 -0.01211284
0.14325000 -0.01211036
0.14330000 -0.01210788
0.14335000 -0.01210540
0.14340000 -0.01210291
0.14345000 -0.01210043
0.14350000 -0.01209795
0.14355000 -0.01209547
0.14360000 -0.01209298
0.14365000 -0.01209050
0.14370000 -0.01208802
0.14375000 -0.01208553
0.14380000 -0.01208305
0.14385000 -0.01208056
0.14390000 -0.01207808
0.14395000 -0.01207559
0.14400000 -0.01207311
0.14405000 -0.01207062
0.14410000 -0.01206813
0.14415000 -0.01206564
0.14420000 -0.01206316
0.14425000 -0.01206067
0.14430000 -0.01205818
0.14435000 -0.01205569
0.14440000 -0.01205320
0.14445000 -0.01205071
0.14450000 -0.01204822
0.14455000 -0.01204573
0.14460000 -0.01204324
0.14465000 -0.01204075
0.14470000 -0.01203826
0.14475000 -0.01203576
0.14480000 -0.01203327
0.14485000 -0.01203078
0.14490000 -0.01202828
0.14495000 -0.01202579
0.14500000 -0.01202330
0.14505000 -0.01202080
0.14510000 -0.01201831
0.14515000 -0.01201581
0.14520000 -0.01201332
0.14525000 -0.01201082
0.14530000 -0.01200832
0.14535000 -0.01200583
0.14540000 -0.01200333
0.14545000 -0.01200083
0.14550000 -0.01199833
0.14555000 -0.01199583
0.14560000 -0.01199334
0.14565000 -0.01199084
0.14570000 -0.01198834
0.14575000 -0.01198584
0.14580000 -0.01198334
0.14585000 -0.01198083
0.14590000 -0.01197833
0.14595000 -0.01197583
0.14600000 -0.01197333
0.14605000 -0.01197083
0.14610000 -0.01196832
0.14615000 -0.01196582
0.14620000 -0.01196332
0.14625000 -0.01196081
0.14630000 -0.01195831
0.14635000 -0.01195580
0.14640000 -0.01195330
0.14645000 -0.01195079
0.14650000 -0.01194829
0.14655000 -0.01194578
0.14660000 -0.01194328
0.14665000 -0.01194077
0.14670000 -0.01193826
0.14675000 -0.01193575
0.14680000 -0.01193324
0.14685000 -0.01193074
0.14690000 -0.01192823
0.14695000 -0.01192572
0.14700000 -0.01192321
0.14705000 -0.01192070
0.14710000 -0.01191819
0.14715000 -0.01191568
0.14720000 -0.01191317
0.14725000 -0.01191065
0.14730000 -0.01190814
0.14735000 -0.01190563
0.14740000 -0.01190312
0.14745000 -0.01190060
0.14750000 -0.01189809
0.14755000 -0.01189558
0.14760000 -0.01189306
0.14765000 -0.01189055
0.14770000 -0.01188803
0.14775000 -0.01188552
0.14780000 -0.01188300
0.14785000 -0.01188048
0.14790000 -0.01187797
0.14795000 -0.01187545
0.14800000 -0.01187293
0.14805000 -0.01187041
0.14810000 -0.01186790
0.14815000 -0.01186538
0.14820000 -0.01186286
0.14825000 -0.01186034
0.14830000 -0.01185782
0.14835000 -0.01185530
0.14840000 -0.01185278
0.14845000 -0.01185026
0.14850000 -0.01184774
0.14855000 -0.01184522
0.14860000 -0.01184269
0.14865000 -0.01184017
0.14870000 -0.01183765
0.14875000 -0.01183513
0.14880000 -0.01183260
0.14885000 -0.01183008
0.14890000 -0.01182756
0.14895000 -0.01182503
0.14900000 -0.01182251
0.14905000 -0.01181998
0.14910000 -0.01181745
0.14915000 -0.01181493
0.14920000 -0.01181240
0.14925000 -0.01180988
0.14930000 -0.01180735
0.14935000 -0.01180482
0.14940000 -0.01180229
0.14945000 -0.01179976
0.14950000 -0.01179724
0.14955000 -0.01179471
0.14960000 -0.01179218
0.14965000 -0.01178965
0.14970000 -0.01178712
0.14975000 -0.01178459
0.14980000 -0.01178206
0.14985000 -0.01177953
0.14990000 -0.01177699
0.14995000 -0.01177446
0.15000000 -0.01177193
0.15005000 -0.01176940
0.15010000 -0.01176686
0.15015000 -0.01176433
0.15020000 -0.01176180
0.15025000 -0.01175926
0.15030000 -0.01175673
0.15035000 -0.01175419
0.15040000 -0.01175166
0.15045000 -0.01174912
0.15050000 -0.01174659
0.15055000 -0.01174405
0.15060000 -0.01174151
0.15065000 -0.01173898
0.15070000 -0.01173644
0.15075000 -0.01173390
0.15080000 -0.01173136
0.15085000 -0.01172882
0.15090000 -0.01172629
0.15095000 -0.01172375
0.15100000 -0.01172121
0.15105000 -0.01171867
0.15110000 -0.01171613
0.15115000 -0.01171359
0.15120000 -0.01171104
0.15125000 -0.01170850
0.15130000 -0.01170596
0.15135000 -0.01170342
0.15140000 -0.01170088
0.15145000 -0.01169833
0.15150000 -0.01169579
0.15155000 -0.01169325
0.15160000 -0.01169070
0.15165000 -0.01168816
0.15170000 -0.01168561
0.15175000 -0.01168307
0.15180000 -0.01168052
0.15185000 -0.01167798
0.15190000 -0.01167543
0.15195000 -0.01167289
0.15200000 -0.01167034
0.15205000 -0.01166779
0.15210000 -0.01166524
0.15215000 -0.01166270
0.15220000 -0.01166015
0.15225000 -0.01165760
0.15230000 -0.01165505
0.15235000 -0.01165250
0.15240000 -0.01164995
0.15245000 -0.01164740
0.15250000 -0.01164485
0.15255000 -0.01164230
0.15260000 -0.01163975
0.15265000 -0.01163720
0.15270000 -0.01163465
0.15275000 -0.01163209
0.15280000 -0.01162954
0.15285000 -0.01162699
0.15290000 -0.01162443
0.15295000 -0.01162188
0.15300000 -0.01161933
0.15305000 -0.01161677
0.15310000 -0.01161422
0.15315000 -0.01161166
0.15320000 -0.01160911
0.15325000 -0.01160655
0.15330000 -0.01160400
0.15335000 -0.01160144
0.15340000 -0.01159888
0.15345000 -0.01159633
0.15350000 -0.01159377
0.15355000 -0.01159121
0.15360000 -0.01158865
0.15365000 -0.01158609
0.15370000 -0.01158353
0.15375000 -0.01158098
0.15380000 -0.01157842
0.15385000 -0.01157586
0.15390000 -0.01157330
0.15395000 -0.01157073
0.15400000 -0.01156817
0.15405000 -0.01156561
0.15410000 -0.01156305
0.15415000 -0.01156049
0.15420000 -0.01155793
0.15425000 -0.01155536
0.15430000 -0.01155280
0.15435000 -0.01155024
0.15440000 -0.01154767
0.15445000 -0.01154511
0.15450000 -0.01154254
0.15455000 -0.01153998
0.15460000 -0.01153741
0.15465000 -0.01153485
0.15470000 -0.01153228
0.15475000 -0.01152972
0.15480000 -0.01152715
0.15485000 -0.01152458
0.15490000 -0.01152202
0.15495000 -0.01151945
0.15500000 -0.01151688
0.15505000 -0.01151431
0.15510000 -0.01151174
0.15515000 -0.01150918
0.15520000 -0.01150661
0.15525000 -0.01150404
0.15530000 -0.01150147
0.15535000 -0.01149890
0.15540000 -0.01149633
0.15545000 -0.01149375
0.15550000 -0.01149118
0.15555000 -0.01148861
0.15560000 -0.01148604
0.15565000 -0.01148347
0.15570000 -0.01148089
0.15575000 -0.01147832
0.15580000 -0.01147575
0.15585000 -0.01147317
0.15590000 -0.01147060
0.15595000 -0.01146802
0.15600000 -0.01146545
0.15605000 -0.01146287
0.15610000 -0.01146030
0.15615000 -0.01145772
0.15620000 -0.01145515
0.15625000 -0.01145257
0.15630000 -0.01144999
0.15635000 -0.01144742
0.15640000 -0.01144484
0.15645000 -0.01144226
0.15650000 -0.01143968
0.15655000 -0.01143710
0.15660000 -0.01143453
0.15665000 -0.01143195
0.15670000 -0.01142937
0.15675000 -0.01142679
0.15680000 -0.01142421
0.15685000 -0.01142163
0.15690000 -0.01141905
0.15695000 -0.01141646
0.15700000 -0.01141388
0.15705000 -0.01141130
0.15710000 -0.01140872
0.15715000 -0.01140614
0.15720000 -0.01140355
0.15725000 -0.01140097
0.15730000 -0.01139839
0.15735000 -0.01139580
0.15740000 -0.01139322
0.15745000 -0.01139063
0.15750000 -0.01138805
0.15755000 -0.01138546
0.15760000 -0.01138288
0.15765000 -0.01138029
0.15770000 -0.01137771
0.15775000 -0.01137512
0.15780000 -0.01137253
0.15785000 -0.01136994
0.15790000 -0.01136736
0.15795000 -0.01136477
0.15800000 -0.01136218
0.15805000 -0.01135959
0.15810000 -0.01135700
0.15815000 -0.01135441
0.15820000 -0.01135182
0.15825000 -0.01134923
0.15830000 -0.01134664
0.15835000 -0.01134405
0.15840000 -0.01134146
0.15845000 -0.01133887
0.15850000 -0.01133628
0.15855000 -0.01133369
0.15860000 -0.01133110
0.15865000 -0.01132850
0.15870000 -0.01132591
0.15875000 -0.01132332
0.15880000 -0.01132072
0.15885000 -0.01131813
0.15890000 -0.01131554
0.15895000 -0.01131294
0.15900000 -0.01131035
0.15905000 -0.01130775
0.15910000 -0.01130516
0.15915000 -0.01130256
0.15920000 -0.01129996
0.15925000 -0.01129737
0.15930000 -0.01129477
0.15935000 -0.01129217
0.15940000 -0.01128958
0.15945000 -0.01128698
0.15950000 -0.01128438
0.15955000 -0.01128178
0.15960000 -0.01127918
0.15965000 -0.01127658
0.15970000 -0.01127398
0.15975000 -0.01127138
0.15980000 -0.01126878
0.15985000 -0.01126618
0.15990000 -0.01126358
0.15995000 -0.01126098
0.16000000 -0.01125838
0.16005000 -0.01125578
0.16010000 -0.01125318
0.16015000 -0.01125057
0.16020000 -0.01124797
0.16025000 -0.01124537
0.16030000 -0.01124276
0.16035000 -0.01124016
0.16040000 -0.01123756
0.16045000 -0.01123495
0.16050000 -0.01123235
0.16055000 -0.01122974
0.16060000 -0.01122714
0.16065000 -0.01122453
0.16070000 -0.01122193
0.16075000 -0.01121932
0.16080000 -0.01121671
0.16085000 -0.01121411
0.16090000 -0.01121150
0.16095000 -0.01120889
0.16100000 -0.01120628
0.16105000 -0.01120368
0.16110000 -0.01120107
0.16115000 -0.01119846
0.16120000 -0.01119585
0.16125000 -0.01119324
0.16130000 -0.01119063
0.16135000 -0.01118802
0.16140000 -0.01118541
0.16145000 -0.01118280
0.16150000 -0.01118019
0.16155000 -0.01117758
0.16160000 -0.01117496
0.16165000 -0.01117235
0.16170000 -0.01116974
0.16175000 -0.01116713
0.16180000 -0.01116451
0.16185000 -0.01116190
0.16190000 -0.01115929
0.16195000 -0.01115667
0.16200000 -0.01115406
0.16205000 -0.01115144
0.16210000 -0.01114883
0.16215000 -0.01114621
0.16220000 -0.01114360
0.16225000 -0.01114098
0.16230000 -0.01113837
0.16235000 -0.01113575
0.16240000 -0.01113313
0.16245000 -0.01113052
0.16250000 -0.01112790
0.16255000 -0.01112528
0.16260000 -0.01112266
0.16265000 -0.01112004
0.16270000 -0.01111743
0.16275000 -0.01111481
0.16280000 -0.01111219
0.16285000 -0.01110957
0.16290000 -0.01110695
0.16295000 -0.01110433
0.16300000 -0.01110171
0.16305000 -0.01109909
0.16310000 -0.01109646
0.16315000 -0.01109384
0.16320000 -0.01109122
0.16325000 -0.01108860
0.16330000 -0.01108598
0.16335000 -0.01108335
0.16340000 -0.01108073
0.16345000 -0.01107811
0.16350000 -0.01107548
0.16355000 -0.01107286
0.16360000 -0.01107024
0.16365000 -0.01106761
0.16370000 -0.01106499
0.16375000 -0.01106236
0.16380000 -0.01105973
0.16385000 -0.01105711
0.16390000 -0.01105448
0.16395000 -0.01105186
0.16400000 -0.01104923
0.16405000 -0.01104660
0.16410000 -0.01104397
0.16415000 -0.01104135
0.16420000 -0.01103872
0.16425000 -0.01103609
0.16430000 -0.01103346
0.16435000 -0.01103083
0.16440000 -0.01102820
0.16445000 -0.01102557
0.16450000 -0.01102294
0.16455000 -0.01102031
0.16460000 -0.01101768
0.16465000 -0.01101505
0.16470000 -0.01101242
0.16475000 -0.01100979
0.16480000 -0.01100716
0.16485000 -0.01100453
0.16490000 -0.01100189
0.16495000 -0.01099926
0.16500000 -0.01099663
0.16505000 -0.01099399
0.16510000 -0.01099136
0.16515000 -0.01098873
0.16520000 -0.01098609
0.16525000 -0.01098346
0.16530000 -0.01098082
0.16535000 -0.01097819
0.16540000 -0.01097555
0.16545000 -0.01097292
0.16550000 -0.01097028
0.16555000 -0.01096764
0.16560000 -0.01096501
0.16565000 -0.01096237
0.16570000 -0.01095973
0.16575000 -0.01095710
0.16580000 -0.01095446
0.16585000 -0.01095182
0.16590000 -0.01094918
0.16595000 -0.01094654
0.16600000 -0.01094390
0.16605000 -0.01094126
0.16610000 -0.01093862
0.16615000 -0.01093598
0.16620000 -0.01093334
0.16625000 -0.01093070
0.16630000 -0.01092806
0.16635000 -0.01092542
0.16640000 -0.01092278
0.16645000 -0.01092014
0.16650000 -0.01091749
0.16655000 -0.01091485
0.16660000 -0.01091221
0.16665000 -0.01090957
0.16670000 -0.01090692
0.16675000 -0.01090428
0.16680000 -0.01090164
0.16685000 -0.01089899
0.16690000 -0.01089635
0.16695000 -0.01089370
0.16700000 -0.01089106
0.16705000 -0.01088841
0.16710000 -0.01088577
0.16715000 -0.01088312
0.16720000 -0.01088047
0.16725000 -0.01087783
0.16730000 -0.01087518
0.16735000 -0.01087253
0.16740000 -0.01086988
0.16745000 -0.01086724
0.16750000 -0.01086459
0.16755000 -0.01086194
0.16760000 -0.01085929
0.16765000 -0.01085664
0.16770000 -0.01085399
0.16775000 -0.01085134
0.16780000 -0.01084869
0.16785000 -0.01084604
0.16790000 -0.01084339
0.16795000 -0.01084074
0.16800000 -0.01083809
0.16805000 -0.01083544
0.16810000 -0.01083279
0.16815000 -0.01083013
0.16820000 -0.01082748
0.16825000 -0.01082483
0.16830000 -0.01082218
0.16835000 -0.01081952
0.16840000 -0.01081687
0.16845000 -0.01081422
0.16850000 -0.01081156
0.16855000 -0.01080891
0.16860000 -0.01080625
0.16865000 -0.01080360
0.16870000 -0.01080094
0.16875000 -0.01079829
0.16880000 -0.01079563
0.16885000 -0.01079297
0.16890000 -0.01079032
0.16895000 -0.01078766
0.16900000 -0.01078500
0.16905000 -0.01078235
0.16910000 -0.01077969
0.16915000 -0.01077703
0.16920000 -0.01077437
0.16925000 -0.01077171
0.16930000 -0.01076905
0.16935000 -0.01076640
0.16940000 -0.01076374
0.16945000 -0.01076108
0.16950000 -0.01075842
0.16955000 -0.01075576
0.16960000 -0.01075310
0.16965000 -0.01075043
0.16970000 -0.01074777
0.16975000 -0.01074511
0.16980000 -0.01074245
0.16985000 -0.01073979
0.16990000 -0.01073713
0.16995000 -0.01073446
0.17000000 -0.01073180
0.17005000 -0.01072914
0.17010000 -0.01072647
0.17015000 -0.01072381
0.17020000 -0.01072114
0.17025000 -0.01071848
0.17030000 -0.01071582
0.17035000 -0.01071315
0.17040000 -0.01071049
0.17045000 -0.01070782
0.17050000 -0.01070515
0.17055000 -0.01070249
0.17060000 -0.01069982
0.17065000 -0.01069715
0.17070000 -0.01069449
0.17075000 -0.01069182
0.17080000 -0.01068915
0.17085000 -0.01068648
0.17090000 -0.01068382
0.17095000 -0.01068115
0.17100000 -0.01067848
0.17105000 -0.01067581
0.17110000 -0.01067314
0.17115000 -0.01067047
0.17120000 -0.01066780
0.17125000 -0.01066513
0.17130000 -0.01066246
0.17135000 -0.01065979
0.17140000 -0.01065712
0.17145000 -0.01065445
0.17150000 -0.01065178
0.17155000 -0.01064910
0.17160000 -0.01064643
0.17165000 -0.01064376
0.17170000 -0.01064109
0.17175000 -0.01063841
0.17180000 -0.01063574
0.17185000 -0.01063307
0.17190000 -0.01063039
0.17195000 -0.01062772
0.17200000 -0.01062504
0.17205000 -0.01062237
0.17210000 -0.01061969
0.17215000 -0.01061702
0.17220000 -0.01061434
0.17225000 -0.01061167
0.17230000 -0.01060899
0.17235000 -0.01060631
0.17240000 -0.01060364
0.17245000 -0.01060096
0.17250000 -0.01059828
0.17255000 -0.01059560
0.17260000 -0.01059293
0.17265000 -0.01059025
0.17270000 -0.01058757
0.17275000 -0.01058489
0.17280000 -0.01058221
0.17285000 -0.01057953
0.17290000 -0.01057685
0.17295000 -0.01057417
0.17300000 -0.01057149
0.17305000 -0.01056881
0.17310000 -0.01056613
0.17315000 -0.01056345
0.17320000 -0.01056077
0.17325000 -0.01055809
0.17330000 -0.01055541
0.17335000 -0.01055272
0.17340000 -0.01055004
0.17345000 -0.01054736
0.17350000 -0.01054467
0.17355000 -0.01054199
0.17360000 -0.01053931
0.17365000 -0.01053662
0.17370000 -0.01053394
0.17375000 -0.01053125
0.17380000 -0.01052857
0.17385000 -0.01052589
0.17390000 -0.01052320
0.17395000 -0.01052051
0.17400000 -0.01051783
0.17405000 -0.01051514
0.17410000 -0.01051246
0.17415000 -0.01050977
0.17420000 -0.01050708
0.17425000 -0.01050439
0.17430000 -0.01050171
0.17435000 -0.01049902
0.17440000 -0.01049633
0.17445000 -0.01049364
0.17450000 -0.01049095
0.17455000 -0.01048827
0.17460000 -0.01048558
0.17465000 -0.01048289
0.17470000 -0.01048020
0.17475000 -0.01047751
0.17480000 -0.01047482
0.17485000 -0.01047213
0.17490000 -0.01046943
0.17495000 -0.01046674
0.17500000 -0.01046405
0.17505000 -0.01046136
0.17510000 -0.01045867
0.17515000 -0.01045598
0.17520000 -0.01045328
0.17525000 -0.01045059
0.17530000 -0.01044790
0.17535000 -0.01044520
0.17540000 -0.01044251
0.17545000 -0.01043982
0.17550000 -0.01043712
0.17555000 -0.01043443
0.17560000 -0.01043173
0.17565000 -0.01042904
0.17570000 -0.01042634
0.17575000 -0.01042365
0.17580000 -0.01042095
0.17585000 -0.01041826
0.17590000 -0.01041556
0.17595000 -0.01041286
0.17600000 -0.01041016
0.17605000 -0.01040747
0.17610000 -0.01040477
0.17615000 -0.01040207
0.17620000 -0.01039937
0.17625000 -0.01039668
0.17630000 -0.01039398
0.17635000 -0.01039128
0.17640000 -0.01038858
0.17645000 -0.01038588
0.17650000 -0.01038318
0.17655000 -0.01038048
0.17660000 -0.01037778
0.17665000 -0.01037508
0.17670000 -0.01037238
0.17675000 -0.01036968
0.17680000 -0.01036698
0.17685000 -0.01036427
0.17690000 -0.01036157
0.17695000 -0.01035887
0.17700000 -0.01035617
0.17705000 -0.01035346
0.17710000 -0.01035076
0.17715000 -0.01034806
0.17720000 -0.01034535
0.17725000 -0.01034265
0.17730000 -0.01033995
0.17735000 -0.01033724
0.17740000 -0.01033454
0.17745000 -0.01033183
0.17750000 -0.01032913
0.17755000 -0.01032642
0.17760000 -0.01032372
0.17765000 -0.01032101
0.17770000 -0.01031830
0.17775000 -0.01031560
0.17780000 -0.01031289
0.17785000 -0.01031018
0.17790000 -0.01030748
0.17795000 -0.01030477
0.17800000 -0.01030206
0.17805000 -0.01029935
0.17810000 -0.01029664
0.17815000 -0.01029394
0.17820000 -0.01029123
0.17825000 -0.01028852
0.17830000 -0.01028581
0.17835000 -0.01028310
0.17840000 -0.01028039
0.17845000 -0.01027768
0.17850000 -0.01027497
0.17855000 -0.01027226
0.17860000 -0.01026955
0.17865000 -0.01026683
0.17870000 -0.01026412
0.17875000 -0.01026141
0.17880000 -0.01025870
0.17885000 -0.01025599
0.17890000 -0.01025327
0.17895000 -0.01025056
0.17900000 -0.01024785
0.17905000 -0.01024513
0.17910000 -0.01024242
0.17915000 -0.01023970
0.17920000 -0.01023699
0.17925000 -0.01023428
0.17930000 -0.01023156
0.17935000 -0.01022885
0.17940000 -0.01022613
0.17945000 -0.01022341
0.17950000 -0.01022070
0.17955000 -0.01021798
0.17960000 -0.01021527
0.17965000 -0.01021255
0.17970000 -0.01020983
0.17975000 -0.01020711
0.17980000 -0.01020440
0.17985000 -0.01020168
0.17990000 -0.01019896
0.17995000 -0.01019624
0.18000000 -0.01019352
0.18005000 -0.01019081
0.18010000 -0.01018809
0.18015000 -0.01018537
0.18020000 -0.01018265
0.18025000 -0.01017993
0.18030000 -0.01017721
0.18035000 -0.01017449
0.18040000 -0.01017177
0.18045000 -0.01016904
0.18050000 -0.01016632
0.18055000 -0.01016360
0.18060000 -0.01016088
0.18065000 -0.01015816
0.18070000 -0.01015544
0.18075000 -0.01015271
0.18080000 -0.01014999
0.18085000 -0.01014727
0.18090000 -0.01014454
0.18095000 -0.01014182
0.18100000 -0.01013910
0.18105000 -0.01013637
0.18110000 -0.01013365
0.18115000 -0.01013092
0.18120000 -0.01012820
0.18125000 -0.01012547
0.18130000 -0.01012275
0.18135000 -0.01012002
0.18140000 -0.01011730
0.18145000 -0.01011457
0.18150000 -0.01011184
0.18155000 -0.01010912
0.18160000 -0.01010639
0.18165000 -0.01010366
0.18170000 -0.01010093
0.18175000 -0.01009821
0.18180000 -0.01009548
0.18185000 -0.01009275
0.18190000 -0.01009002
0.18195000 -0.01008729
0.18200000 -0.01008456
0.18205000 -0.01008183
0.18210000 -0.01007910
0.18215000 -0.01007637
0.18220000 -0.01007364
0.18225000 -0.01007091
0.18230000 -0.01006818
0.18235000 -0.01006545
0.18240000 -0.01006272
0.18245000 -0.01005999
0.18250000 -0.01005726
0.18255000 -0.01005453
0.18260000 -0.01005179
0.18265000 -0.01004906
0.18270000 -0.01004633
0.18275000 -0.01004360
0.18280000 -0.01004086
0.18285000 -0.01003813
0.18290000 -0.01003539
0.18295000 -0.01003266
0.18300000 -0.01002993
0.18305000 -0.01002719
0.18310000 -0.01002446
0.18315000 -0.01002172
0.18320000 -0.01001899
0.18325000 -0.01001625
0.18330000 -0.01001351
0.18335000 -0.01001078
0.18340000 -0.01000804
0.18345000 -0.01000531
0.18350000 -0.01000257
0.18355000 -0.00999983
0.18360000 -0.00999709
0.18365000 -0.00999436
0.18370000 -0.00999162
0.18375000 -0.00998888
0.18380000 -0.00998614
0.18385000 -0.00998340
0.18390000 -0.00998066
0.18395000 -0.00997793
0.18400000 -0.00997519
0.18405000 -0.00997245
0.18410000 -0.00996971
0.18415000 -0.00996697
0.18420000 -0.00996423
0.18425000 -0.00996148
0.18430000 -0.00995874
0.18435000 -0.00995600
0.18440000 -0.00995326
0.18445000 -0.00995052
0.18450000 -0.00994778
0.18455000 -0.00994503
0.18460000 -0.00994229
0.18465000 -0.00993955
0.18470000 -0.00993681
0.18475000 -0.00993406
0.18480000 -0.00993132
0.18485000 -0.00992858
0.18490000 -0.00992583
0.18495000 -0.00992309
0.18500000 -0.00992034
0.18505000 -0.00991760
0.18510000 -0.00991485
0.18515000 -0.00991211
0.18520000 -0.00990936
0.18525000 -0.00990662
0.18530000 -0.00990387
0.18535000 -0.00990112
0.18540000 -0.00989838
0.18545000 -0.00989563
0.18550000 -0.00989288
0.18555000 -0.00989014
0.18560000 -0.00988739
0.18565000 -0.00988464
0.18570000 -0.00988189
0.18575000 -0.00987914
0.18580000 -0.00987639
0.18585000 -0.00987365
0.18590000 -0.00987090
0.18595000 -0.00986815
0.18600000 -0.00986540
0.18605000 -0.00986265
0.18610000 -0.00985990
0.18615000 -0.00985715
0.18620000 -0.00985440
0.18625000 -0.00985165
0.18630000 -0.00984889
0.18635000 -0.00984614
0.18640000 -0.00984339
0.18645000 -0.00984064
0.18650000 -0.00983789
0.18655000 -0.00983514
0.18660000 -0.00983238
0.18665000 -0.00982963
0.18670000 -0.00982688
0.18675000 -0.00982412
0.18680000 -0.00982137
0.18685000 -0.00981862
0.18690000 -0.00981586
0.18695000 -0.00981311
0.18700000 -0.00981035
0.18705000 -0.00980760
0.18710000 -0.00980484
0.18715000 -0.00980209
0.18720000 -0.00979933
0.18725000 -0.00979658
0.18730000 -0.00979382
0.18735000 -0.00979106
0.18740000 -0.00978831
0.18745000 -0.00978555
0.18750000 -0.00978279
0.18755000 -0.00978004
0.18760000 -0.00977728
0.18765000 -0.00977452
0.18770000 -0.00977176
0.18775000 -0.00976900
0.18780000 -0.00976624
0.18785000 -0.00976349
0.18790000 -0.00976073
0.18795000 -0.00975797
0.18800000 -0.00975521
0.18805000 -0.00975245
0.18810000 -0.00974969
0.18815000 -0.00974693
0.18820000 -0.00974417
0.18825000 -0.00974141
0.18830000 -0.00973864
0.18835000 -0.00973588
0.18840000 -0.00973312
0.18845000 -0.00973036
0.18850000 -0.00972760
0.18855000 -0.00972484
0.18860000 -0.00972207
0.18865000 -0.00971931
0.18870000 -0.00971655
0.18875000 -0.00971378
0.18880000 -0.00971102
0.18885000 -0.00970826
0.18890000 -0.00970549
0.18895000 -0.00970273
0.18900000 -0.00969996
0.18905000 -0.00969720
0.18910000 -0.00969443
0.18915000 -0.00969167
0.18920000 -0.00968890
0.18925000 -0.00968614
0.18930000 -0.00968337
0.18935000 -0.00968061
0.18940000 -0.00967784
0.18945000 -0.00967507
0.18950000 -0.00967230
0.18955000 -0.00966954
0.18960000 -0.00966677
0.18965000 -0.00966400
0.18970000 -0.00966123
0.18975000 -0.00965847
0.18980000 -0.00965570
0.18985000 -0.00965293
0.18990000 -0.00965016
0.18995000 -0.00964739
0.19000000 -0.00964462
0.19005000 -0.00964185
0.19010000 -0.00963908
0.19015000 -0.00963631
0.19020000 -0.00963354
0.19025000 -0.00963077
0.19030000 -0.00962800
0.19035000 -0.00962523
0.19040000 -0.00962246
0.19045000 -0.00961969
0.19050000 -0.00961691
0.19055000 -0.00961414
0.19060000 -0.00961137
0.19065000 -0.00960860
0.19070000 -0.00960582
0.19075000 -0.00960305
0.19080000 -0.00960028
0.19085000 -0.00959750
0.19090000 -0.00959473
0.19095000 -0.00959196
0.19100000 -0.00958918
0.19105000 -0.00958641
0.19110000 -0.00958363
0.19115000 -0.00958086
0.19120000 -0.00957808
0.19125000 -0.00957531
0.19130000 -0.00957253
0.19135000 -0.00956976
0.19140000 -0.00956698
0.19145000 -0.00956420
0.19150000 -0.00956143
0.19155000 -0.00955865
0.19160000 -0.00955587
0.19165000 -0.00955310
0.19170000 -0.00955032
0.19175000 -0.00954754
0.19180000 -0.00954476
0.19185000 -0.00954198
0.19190000 -0.00953920
0.19195000 -0.00953643
0.19200000 -0.00953365
0.19205000 -0.00953087
0.19210000 -0.00952809
0.19215000 -0.00952531
0.19220000 -0.00952253
0.19225000 -0.00951975
0.19230000 -0.00951697
0.19235000 -0.00951419
0.19240000 -0.00951141
0.19245000 -0.00950862
0.19250000 -0.00950584
0.19255000 -0.00950306
0.19260000 -0.00950028
0.19265000 -0.00949750
0.19270000 -0.00949472
0.19275000 -0.00949193
0.19280000 -0.00948915
0.19285000 -0.00948637
0.19290000 -0.00948358
0.19295000 -0.00948080
0.19300000 -0.00947802
0.19305000 -0.00947523
0.19310000 -0.00947245
0.19315000 -0.00946966
0.19320000 -0.00946688
0.19325000 -0.00946409
0.19330000 -0.00946131
0.19335000 -0.00945852
0.19340000 -0.00945574
0.19345000 -0.00945295
0.19350000 -0.00945016
0.19355000 -0.00944738
0.19360000 -0.00944459
0.19365000 -0.00944180
0.19370000 -0.00943902
0.19375000 -0.00943623
0.19380000 -0.00943344
0.19385000 -0.00943065
0.19390000 -0.00942787
0.19395000 -0.00942508
0.19400000 -0.00942229
0.19405000 -0.00941950
0.19410000 -0.00941671
0.19415000 -0.00941392
0.19420000 -0.00941113
0.19425000 -0.00940834
0.19430000 -0.00940555
0.19435000 -0.00940276
0.19440000 -0.00939997
0.19445000 -0.00939718
0.19450000 -0.00939439
0.19455000 -0.00939160
0.19460000 -0.00938881
0.19465000 -0.00938602
0.19470000 -0.00938323
0.19475000 -0.00938043
0.19480000 -0.00937764
0.19485000 -0.00937485
0.19490000 -0.00937206
0.19495000 -0.00936926
0.19500000 -0.00936647
0.19505000 -0.00936368
0.19510000 -0.00936088
0.19515000 -0.00935809
0.19520000 -0.00935529
0.19525000 -0.00935250
0.19530000 -0.00934971
0.19535000 -0.00934691
0.19540000 -0.00934412
0.19545000 -0.00934132
0.19550000 -0.00933852
0.19555000 -0.00933573
0.19560000 -0.00933293
0.19565000 -0.00933014
0.19570000 -0.00932734
0.19575000 -0.00932454
0.19580000 -0.00932175
0.19585000 -0.00931895
0.19590000 -0.00931615
0.19595000 -0.00931335
0.19600000 -0.00931056
0.19605000 -0.00930776
0.19610000 -0.00930496
0.19615000 -0.00930216
0.19620000 -0.00929936
0.19625000 -0.00929656
0.19630000 -0.00929376
0.19635000 -0.00929096
0.19640000 -0.00928817
0.19645000 -0.00928537
0.19650000 -0.00928257
0.19655000 -0.00927976
0.19660000 -0.00927696
0.19665000 -0.00927416
0.19670000 -0.00927136
0.19675000 -0.00926856
0.19680000 -0.00926576
0.19685000 -0.00926296
0.19690000 -0.00926016
0.19695000 -0.00925735
0.19700000 -0.00925455
0.19705000 -0.00925175
0.19710000 -0.00924895
0.19715000 -0.00924614
0.19720000 -0.00924334
0.19725000 -0.00924054
0.19730000 -0.00923773
0.19735000 -0.00923493
0.19740000 -0.00923212
0.19745000 -0.00922932
0.19750000 -0.00922651
0.19755000 -0.00922371
0.19760000 -0.00922090
0.19765000 -0.00921810
0.19770000 -0.00921529
0.19775000 -0.00921249
0.19780000 -0.00920968
0.19785000 -0.00920687
0.19790000 -0.00920407
0.19795000 -0.00920126
0.19800000 -0.00919845
0.19805000 -0.00919565
0.19810000 -0.00919284
0.19815000 -0.00919003
0.19820000 -0.00918722
0.19825000 -0.00918441
0.19830000 -0.00918161
0.19835000 -0.00917880
0.19840000 -0.00917599
0.19845000 -0.00917318
0.19850000 -0.00917037
0.19855000 -0.00916756
0.19860000 -0.00916475
0.19865000 -0.00916194
0.19870000 -0.00915913
0.19875000 -0.00915632
0.19880000 -0.00915351
0.19885000 -0.00915070
0.19890000 -0.00914789
0.19895000 -0.00914508
0.19900000 -0.00914227
0.19905000 -0.00913945
0.19910000 -0.00913664
0.19915000 -0.00913383
0.19920000 -0.00913102
0.19925000 -0.00912820
0.19930000 -0.00912539
0.19935000 -0.00912258
0.19940000 -0.00911976
0.19945000 -0.00911695
0.19950000 -0.00911414
0.19955000 -0.00911132
0.19960000 -0.00910851
0.19965000 -0.00910569
0.19970000 -0.00910288
0.19975000 -0.00910006
0.19980000 -0.00909725
0.19985000 -0.00909443
0.19990000 -0.00909162
0.19995000 -0.00908880
0.20000000 -0.00908599
0.20005000 -0.00908317
0.20010000 -0.00908035
0.20015000 -0.00907754
0.20020000 -0.00907472
0.20025000 -0.00907190
0.20030000 -0.00906909
0.20035000 -0.00906627
0.20040000 -0.00906345
0.20045000 -0.00906063
0.20050000 -0.00905781
0.20055000 -0.00905500
0.20060000 -0.00905218
0.20065000 -0.00904936
0.20070000 -0.00904654
0.20075000 -0.00904372
0.20080000 -0.00904090
0.20085000 -0.00903808
0.20090000 -0.00903526
0.20095000 -0.00903244
0.20100000 -0.00902962
0.20105000 -0.00902680
0.20110000 -0.00902398
0.20115000 -0.00902116
0.20120000 -0.00901834
0.20125000 -0.00901551
0.20130000 -0.00901269
0.20135000 -0.00900987
0.20140000 -0.00900705
0.20145000 -0.00900422
0.20150000 -0.00900140
0.20155000 -0.00899858
0.20160000 -0.00899576
0.20165000 -0.00899293
0.20170000 -0.00899011
0.20175000 -0.00898729
0.20180000 -0.00898446
0.20185000 -0.00898164
0.20190000 -0.00897881
0.20195000 -0.00897599
0.20200000 -0.00897316
0.20205000 -0.00897034
0.20210000 -0.00896751
0.20215000 -0.00896469
0.20220000 -0.00896186
0.20225000 -0.00895904
0.20230000 -0.00895621
0.20235000 -0.00895338
0.20240000 -0.00895056
0.20245000 -0.00894773
0.20250000 -0.00894490
0.20255000 -0.00894207
0.20260000 -0.00893925
0.20265000 -0.00893642
0.20270000 -0.00893359
0.20275000 -0.00893076
0.20280000 -0.00892793
0.20285000 -0.00892511
0.20290000 -0.00892228
0.20295000 -0.00891945
0.20300000 -0.00891662
0.20305000 -0.00891379
0.20310000 -0.00891096
0.20315000 -0.00890813
0.20320000 -0.00890530
0.20325000 -0.00890247
0.20330000 -0.00889964
0.20335000 -0.00889681
0.20340000 -0.00889398
0.20345000 -0.00889115
0.20350000 -0.00888831
0.20355000 -0.00888548
0.20360000 -0.00888265
0.20365000 -0.00887982
0.20370000 -0.00887699
0.20375000 -0.00887415
0.20380000 -0.00887132
0.20385000 -0.00886849
0.20390000 -0.00886565
0.20395000 -0.00886282
0.20400000 -0.00885999
0.20405000 -0.00885715
0.20410000 -0.00885432
0.20415000 -0.00885149
0.20420000 -0.00884865
0.20425000 -0.00884582
0.20430000 -0.00884298
0.20435000 -0.00884015
0.20440000 -0.00883731
0.20445000 -0.00883448
0.20450000 -0.00883164
0.20455000 -0.00882880
0.20460000 -0.00882597
0.20465000 -0.00882313
0.20470000 -0.00882029
0.20475000 -0.00881746
0.20480000 -0.00881462
0.20485000 -0.00881178
0.20490000 -0.00880895
0.20495000 -0.00880611
0.20500000 -0.00880327
0.20505000 -0.00880043
0.20510000 -0.00879759
0.20515000 -0.00879475
0.20520000 -0.00879192
0.20525000 -0.00878908
0.20530000 -0.00878624
0.20535000 -0.00878340
0.20540000 -0.00878056
0.20545000 -0.00877772
0.20550000 -0.00877488
0.20555000 -0.00877204
0.20560000 -0.00876920
0.20565000 -0.00876636
0.20570000 -0.00876352
0.20575000 -0.00876068
0.20580000 -0.00875783
0.20585000 -0.00875499
0.20590000 -0.00875215
0.20595000 -0.00874931
0.20600000 -0.00874647
0.20605000 -0.00874362
0.20610000 -0.00874078
0.20615000 -0.00873794
0.20620000 -0.00873510
0.20625000 -0.00873225
0.20630000 -0.00872941
0.20635000 -0.00872657
0.20640000 -0.00872372
0.20645000 -0.00872088
0.20650000 -0.00871803
0.20655000 -0.00871519
0.20660000 -0.00871234
0.20665000 -0.00870950
0.20670000 -0.00870665
0.20675000 -0.00870381
0.20680000 -0.00870096
0.20685000 -0.00869812
0.20690000 -0.00869527
0.20695000 -0.00869242
0.20700000 -0.00868958
0.20705000 -0.00868673
0.20710000 -0.00868388
0.20715000 -0.00868104
0.20720000 -0.00867819
0.20725000 -0.00867534
0.20730000 -0.00867250
0.20735000 -0.00866965
0.20740000 -0.00866680
0.20745000 -0.00866395
0.20750000 -0.00866110
0.20755000 -0.00865825
0.20760000 -0.00865540
0.20765000 -0.00865256
0.20770000 -0.00864971
0.20775000 -0.00864686
0.20780000 -0.00864401
0.20785000 -0.00864116
0.20790000 -0.00863831
0.20795000 -0.00863546
0.20800000 -0.00863261
0.20805000 -0.00862976
0.20810000 -0.00862690
0.20815000 -0.00862405
0.20820000 -0.00862120
0.20825000 -0.00861835
0.20830000 -0.00861550
0.20835000 -0.00861265
0.20840000 -0.00860979
0.20845000 -0.00860694
0.20850000 -0.00860409
0.20855000 -0.00860124
0.20860000 -0.00859838
0.20865000 -0.00859553
0.20870000 -0.00859268
0.20875000 -0.00858982
0.20880000 -0.00858697
0.20885000 -0.00858411
0.20890000 -0.00858126
0.20895000 -0.00857840
0.20900000 -0.00857555
0.20905000 -0.00857270
0.20910000 -0.00856984
0.20915000 -0.00856698
0.20920000 -0.00856413
0.20925000 -0.00856127
0.20930000 -0.00855842
0.20935000 -0.00855556
0.20940000 -0.00855270
0.20945000 -0.00854985
0.20950000 -0.00854699
0.20955000 -0.00854413
0.20960000 -0.00854128
0.20965000 -0.00853842
0.20970000 -0.00853556
0.20975000 -0.00853270
0.20980000 -0.00852985
0.20985000 -0.00852699
0.20990000 -0.00852413
0.20995000 -0.00852127
0.21000000 -0.00851841
0.21005000 -0.00851555
0.21010000 -0.00851269
0.21015000 -0.00850983
0.21020000 -0.00850697
0.21025000 -0.00850411
0.21030000 -0.00850125
0.21035000 -0.00849839
0.21040000 -0.00849553
0.21045000 -0.00849267
0.21050000 -0.00848981
0.21055000 -0.00848695
0.21060000 -0.00848409
0.21065000 -0.00848123
0.21070000 -0.00847837
0.21075000 -0.00847550
0.21080000 -0.00847264
0.21085000 -0.00846978
0.21090000 -0.00846692
0.21095000 -0.00846405
0.21100000 -0.00846119
0.21105000 -0.00845833
0.21110000 -0.00845546
0.21115000 -0.00845260
0.21120000 -0.00844974
0.21125000 -0.00844687
0.21130000 -0.00844401
0.21135000 -0.00844114
0.21140000 -0.00843828
0.21145000 -0.00843541
0.21150000 -0.00843255
0.21155000 -0.00842968
0.21160000 -0.00842682
0.21165000 -0.00842395
0.21170000 -0.00842109
0.21175000 -0.00841822
0.21180000 -0.00841536
0.21185000 -0.00841249
0.21190000 -0.00840962
0.21195000 -0.00840676
0.21200000 -0.00840389
0.21205000 -0.00840102
0.21210000 -0.00839815
0.21215000 -0.00839529
0.21220000 -0.00839242
0.21225000 -0.00838955
0.21230000 -0.00838668
0.21235000 -0.00838381
0.21240000 -0.00838095
0.21245000 -0.00837808
0.21250000 -0.00837521
0.21255000 -0.00837234
0.21260000 -0.00836947
0.21265000 -0.00836660
0.21270000 -0.00836373
0.21275000 -0.00836086
0.21280000 -0.00835799
0.21285000 -0.00835512
0.21290000 -0.00835225
0.21295000 -0.00834938
0.21300000 -0.00834651
0.21305000 -0.00834363
0.21310000 -0.00834076
0.21315000 -0.00833789
0.21320000 -0.00833502
0.21325000 -0.00833215
0.21330000 -0.00832928
0.21335000 -0.00832640
0.21340000 -0.00832353
0.21345000 -0.00832066
0.21350000 -0.00831778
0.21355000 -0.00831491
0.21360000 -0.00831204
0.21365000 -0.00830916
0.21370000 -0.00830629
0.21375000 -0.00830342
0.21380000 -0.00830054
0.21385000 -0.00829767
0.21390000 -0.00829479
0.21395000 -0.00829192
0.21400000 -0.00828904
0.21405000 -0.00828617
0.21410000 -0.00828329
0.21415000 -0.00828042
0.21420000 -0.00827754
0.21425000 -0.00827467
0.21430000 -0.00827179
0.21435000 -0.00826891
0.21440000 -0.00826604
0.21445000 -0.00826316
0.21450000 -0.00826028
0.21455000 -0.00825741
0.21460000 -0.00825453
0.21465000 -0.00825165
0.21470000 -0.00824877
0.21475000 -0.00824589
0.21480000 -0.00824302
0.21485000 -0.00824014
0.21490000 -0.00823726
0.21495000 -0.00823438
0.21500000 -0.00823150
0.21505000 -0.00822862
0.21510000 -0.00822574
0.21515000 -0.00822286
0.21520000 -0.00821998
0.21525000 -0.00821710
0.21530000 -0.00821422
0.21535000 -0.00821134
0.21540000 -0.00820846
0.21545000 -0.00820558
0.21550000 -0.00820270
0.21555000 -0.00819982
0.21560000 -0.00819694
0.21565000 -0.00819406
0.21570000 -0.00819118
0.21575000 -0.00818829
0.21580000 -0.00818541
0.21585000 -0.00818253
0.21590000 -0.00817965
0.21595000 -0.00817676
0.21600000 -0.00817388
0.21605000 -0.00817100
0.21610000 -0.00816812
0.21615000 -0.00816523
0.21620000 -0.00816235
0.21625000 -0.00815946
0.21630000 -0.00815658
0.21635000 -0.00815370
0.21640000 -0.00815081
0.21645000 -0.00814793
0.21650000 -0.00814504
0.21655000 -0.00814216
0.21660000 -0.00813927
0.21665000 -0.00813639
0.21670000 -0.00813350
0.21675000 -0.00813062
0.21680000 -0.00812773
0.21685000 -0.00812484
0.21690000 -0.00812196
0.21695000 -0.00811907
0.21700000 -0.00811618
0.21705000 -0.00811330
0.21710000 -0.00811041
0.21715000 -0.00810752
0.21720000 -0.00810464
0.21725000 -0.00810175
0.21730000 -0.00809886
0.21735000 -0.00809597
0.21740000 -0.00809308
0.21745000 -0.00809020
0.21750000 -0.00808731
0.21755000 -0.00808442
0.21760000 -0.00808153
0.21765000 -0.00807864
0.21770000 -0.00807575
0.21775000 -0.00807286
0.21780000 -0.00806997
0.21785000 -0.00806708
0.21790000 -0.00806419
0.21795000 -0.00806130
0.21800000 -0.00805841
0.21805000 -0.00805552
0.21810000 -0.00805263
0.21815000 -0.00804974
0.21820000 -0.00804685
0.21825000 -0.00804395
0.21830000 -0.00804106
0.21835000 -0.00803817
0.21840000 -0.00803528
0.21845000 -0.00803239
0.21850000 -0.00802949
0.21855000 -0.00802660
0.21860000 -0.00802371
0.21865000 -0.00802082
0.21870000 -0.00801792
0.21875000 -0.00801503
0.21880000 -0.00801213
0.21885000 -0.00800924
0.21890000 -0.00800635
0.21895000 -0.00800345
0.21900000 -0.00800056
0.21905000 -0.00799766
0.21910000 -0.00799477
0.21915000 -0.00799187
0.21920000 -0.00798898
0.21925000 -0.00798608
0.21930000 -0.00798319
0.21935000 -0.00798029
0.21940000 -0.00797740
0.21945000 -0.00797450
0.21950000 -0.00797160
0.21955000 -0.00796871
0.21960000 -0.00796581
0.21965000 -0.00796291
0.21970000 -0.00796002
0.21975000 -0.00795712
0.21980000 -0.00795422
0.21985000 -0.00795133
0.21990000 -0.00794843
0.21995000 -0.00794553
0.22000000 -0.00794263
0.22005000 -0.00793973
0.22010000 -0.00793684
0.22015000 -0.00793394
0.22020000 -0.00793104
0.22025000 -0.00792814
0.22030000 -0.00792524
0.22035000 -0.00792234
0.22040000 -0.00791944
0.22045000 -0.00791654
0.22050000 -0.00791364
0.22055000 -0.00791074
0.22060000 -0.00790784
0.22065000 -0.00790494
0.22070000 -0.00790204
0.22075000 -0.00789914
0.22080000 -0.00789624
0.22085000 -0.00789334
0.22090000 -0.00789043
0.22095000 -0.00788753
0.22100000 -0.00788463
0.22105000 -0.00788173
0.22110000 -0.00787883
0.22115000 -0.00787592
0.22120000 -0.00787302
0.22125000 -0.00787012
0.22130000 -0.00786722
0.22135000 -0.00786431
0.22140000 -0.00786141
0.22145000 -0.00785851
0.22150000 -0.00785560
0.22155000 -0.00785270
0.22160000 -0.00784979
0.22165000 -0.00784689
0.22170000 -0.00784399
0.22175000 -0.00784108
0.22180000 -0.00783818
0.22185000 -0.00783527
0.22190000 -0.00783237
0.22195000 -0.00782946
0.22200000 -0.00782655
0.22205000 -0.00782365
0.22210000 -0.00782074
0.22215000 -0.00781784
0.22220000 -0.00781493
0.22225000 -0.00781202
0.22230000 -0.00780912
0.22235000 -0.00780621
0.22240000 -0.00780330
0.22245000 -0.00780040
0.22250000 -0.00779749
0.22255000 -0.00779458
0.22260000 -0.00779167
0.22265000 -0.00778877
0.22270000 -0.00778586
0.22275000 -0.00778295
0.22280000 -0.00778004
0.22285000 -0.00777713
0.22290000 -0.00777422
0.22295000 -0.00777131
0.22300000 -0.00776841
0.22305000 -0.00776550
0.22310000 -0.00776259
0.22315000 -0.00775968
0.22320000 -0.00775677
0.22325000 -0.00775386
0.22330000 -0.00775095
0.22335000 -0.00774804
0.22340000 -0.00774513
0.22345000 -0.00774221
0.22350000 -0.00773930
0.22355000 -0.00773639
0.22360000 -0.00773348
0.22365000 -0.00773057
0.22370000 -0.00772766
0.22375000 -0.00772475
0.22380000 -0.00772183
0.22385000 -0.00771892
0.22390000 -0.00771601
0.22395000 -0.00771310
0.22400000 -0.00771018
0.22405000 -0.00770727
0.22410000 -0.00770436
0.22415000 -0.00770144
0.22420000 -0.00769853
0.22425000 -0.00769562
0.22430000 -0.00769270
0.22435000 -0.00768979
0.22440000 -0.00768687
0.22445000 -0.00768396
0.22450000 -0.00768105
0.22455000 -0.00767813
0.22460000 -0.00767522
0.22465000 -0.00767230
0.22470000 -0.00766939
0.22475000 -0.00766647
0.22480000 -0.00766355
0.22485000 -0.00766064
0.22490000 -0.00765772
0.22495000 -0.00765481
0.22500000 -0.00765189
0.22505000 -0.00764897
0.22510000 -0.00764606
0.22515000 -0.00764314
0.22520000 -0.00764022
0.22525000 -0.00763731
0.22530000 -0.00763439
0.22535000 -0.00763147
0.22540000 -0.00762855
0.22545000 -0.00762563
0.22550000 -0.00762272
0.22555000 -0.00761980
0.22560000 -0.00761688
0.22565000 -0.00761396
0.22570000 -0.00761104
0.22575000 -0.00760812
0.22580000 -0.00760520
0.22585000 -0.00760228
0.22590000 -0.00759936
0.22595000 -0.00759644
0.22600000 -0.00759352
0.22605000 -0.00759060
0.22610000 -0.00758768
0.22615000 -0.00758476
0.22620000 -0.00758184
0.22625000 -0.00757892
0.22630000 -0.00757600
0.22635000 -0.00757308
0.22640000 -0.00757016
0.22645000 -0.00756724
0.22650000 -0.00756432
0.22655000 -0.00756139
0.22660000 -0.00755847
0.22665000 -0.00755555
0.22670000 -0.00755263
0.22675000 -0.00754970
0.22680000 -0.00754678
0.22685000 -0.00754386
0.22690000 -0.00754094
0.22695000 -0.00753801
0.22700000 -0.00753509
0.22705000 -0.00753217
0.22710000 -0.00752924
0.22715000 -0.00752632
0.22720000 -0.00752339
0.22725000 -0.00752047
0.22730000 -0.00751754
0.22735000 -0.00751462
0.22740000 -0.00751170
0.22745000 -0.00750877
0.22750000 -0.00750585
0.22755000 -0.00750292
0.22760000 -0.00749999
0.22765000 -0.00749707
0.22770000 -0.00749414
0.22775000 -0.00749122
0.22780000 -0.00748829
0.22785000 -0.00748536
0.22790000 -0.00748244
0.22795000 -0.00747951
0.22800000 -0.00747658
0.22805000 -0.00747366
0.22810000 -0.00747073
0.22815000 -0.00746780
0.22820000 -0.00746487
0.22825000 -0.00746195
0.22830000 -0.00745902
0.22835000 -0.00745609
0.22840000 -0.00745316
0.22845000 -0.00745023
0.22850000 -0.00744731
0.22855000 -0.00744438
0.22860000 -0.00744145
0.22865000 -0.00743852
0.22870000 -0.00743559
0.22875000 -0.00743266
0.22880000 -0.00742973
0.22885000 -0.00742680
0.22890000 -0.00742387
0.22895000 -0.00742094
0.22900000 -0.00741801
0.22905000 -0.00741508
0.22910000 -0.00741215
0.22915000 -0.00740922
0.22920000 -0.00740629
0.22925000 -0.00740335
0.22930000 -0.00740042
0.22935000 -0.00739749
0.22940000 -0.00739456
0.22945000 -0.00739163
0.22950000 -0.00738870
0.22955000 -0.00738576
0.22960000 -0.00738283
0.22965000 -0.00737990
0.22970000 -0.00737697
0.22975000 -0.00737403
0.22980000 -0.00737110
0.22985000 -0.00736817
0.22990000 -0.00736523
0.22995000 -0.00736230
0.23000000 -0.00735937
0.23005000 -0.00735643
0.23010000 -0.00735350
0.23015000 -0.00735056
0.23020000 -0.00734763
0.23025000 -0.00734469
0.23030000 -0.00734176
0.23035000 -0.00733883
0.23040000 -0.00733589
0.23045000 -0.00733295
0.23050000 -0.00733002
0.23055000 -0.00732708
0.23060000 -0.00732415
0.23065000 -0.00732121
0.23070000 -0.00731828
0.23075000 -0.00731534
0.23080000 -0.00731240
0.23085000 -0.00730947
0.23090000 -0.00730653
0.23095000 -0.00730359
0.23100000 -0.00730066
0.23105000 -0.00729772
0.23110000 -0.00729478
0.23115000 -0.00729184
0.23120000 -0.00728891
0.23125000 -0.00728597
0.23130000 -0.00728303
0.23135000 -0.00728009
0.23140000 -0.00727715
0.23145000 -0.00727421
0.23150000 -0.00727128
0.23155000 -0.00726834
0.23160000 -0.00726540
0.23165000 -0.00726246
0.23170000 -0.00725952
0.23175000 -0.00725658
0.23180000 -0.00725364
0.23185000 -0.00725070
0.23190000 -0.00724776
0.23195000 -0.00724482
0.23200000 -0.00724188
0.23205000 -0.00723894
0.23210000 -0.00723600
0.23215000 -0.00723306
0.23220000 -0.00723011
0.23225000 -0.00722717
0.23230000 -0.00722423
0.23235000 -0.00722129
0.23240000 -0.00721835
0.23245000 -0.00721541
0.23250000 -0.00721246
0.23255000 -0.00720952
0.23260000 -0.00720658
0.23265000 -0.00720364
0.23270000 -0.00720069
0.23275000 -0.00719775
0.23280000 -0.00719481
0.23285000 -0.00719187
0.23290000 -0.00718892
0.23295000 -0.00718598
0.23300000 -0.00718303
0.23305000 -0.00718009
0.23310000 -0.00717715
0.23315000 -0.00717420
0.23320000 -0.00717126
0.23325000 -0.00716831
0.23330000 -0.00716537
0.23335000 -0.00716242
0.23340000 -0.00715948
0.23345000 -0.00715653
0.23350000 -0.00715359
0.23355000 -0.00715064
0.23360000 -0.00714770
0.23365000 -0.00714475
0.23370000 -0.00714180
0.23375000 -0.00713886
0.23380000 -0.00713591
0.23385000 -0.00713297
0.23390000 -0.00713002
0.23395000 -0.00712707
0.23400000 -0.00712413
0.23405000 -0.00712118
0.23410000 -0.00711823
0.23415000 -0.00711528
0.23420000 -0.00711234
0.23425000 -0.00710939
0.23430000 -0.00710644
0.23435000 -0.00710349
0.23440000 -0.00710054
0.23445000 -0.00709759
0.23450000 -0.00709465
0.23455000 -0.00709170
0.23460000 -0.00708875
0.23465000 -0.00708580
0.23470000 -0.00708285
0.23475000 -0.00707990
0.23480000 -0.00707695
0.23485000 -0.00707400
0.23490000 -0.00707105
0.23495000 -0.00706810
0.23500000 -0.00706515
0.23505000 -0.00706220
0.23510000 -0.00705925
0.23515000 -0.00705630
0.23520000 -0.00705335
0.23525000 -0.00705040
0.23530000 -0.00704745
0.23535000 -0.00704450
0.23540000 -0.00704154
0.23545000 -0.00703859
0.23550000 -0.00703564
0.23555000 -0.00703269
0.23560000 -0.00702974
0.23565000 -0.00702678
0.23570000 -0.00702383
0.23575000 -0.00702088
0.23580000 -0.00701793
0.23585000 -0.00701497
0.23590000 -0.00701202
0.23595000 -0.00700907
0.23600000 -0.00700611
0.23605000 -0.00700316
0.23610000 -0.00700021
0.23615000 -0.00699725
0.23620000 -0.00699430
0.23625000 -0.00699134
0.23630000 -0.00698839
0.23635000 -0.00698544
0.23640000 -0.00698248
0.23645000 -0.00697953
0.23650000 -0.00697657
0.23655000 -0.00697362
0.23660000 -0.00697066
0.23665000 -0.00696771
0.23670000 -0.00696475
0.23675000 -0.00696179
0.23680000 -0.00695884
0.23685000 -0.00695588
0.23690000 -0.00695293
0.23695000 -0.00694997
0.23700000 -0.00694701
0.23705000 -0.00694406
0.23710000 -0.00694110
0.23715000 -0.00693814
0.23720000 -0.00693518
0.23725000 -0.00693223
0.23730000 -0.00692927
0.23735000 -0.00692631
0.23740000 -0.00692335
0.23745000 -0.00692040
0.23750000 -0.00691744
0.23755000 -0.00691448
0.23760000 -0.00691152
0.23765000 -0.00690856
0.23770000 -0.00690560
0.23775000 -0.00690265
0.23780000 -0.00689969
0.23785000 -0.00689673
0.23790000 -0.00689377
0.23795000 -0.00689081
0.23800000 -0.00688785
0.23805000 -0.00688489
0.23810000 -0.00688193
0.23815000 -0.00687897
0.23820000 -0.00687601
0.23825000 -0.00687305
0.23830000 -0.00687009
0.23835000 -0.00686713
0.23840000 -0.00686417
0.23845000 -0.00686121
0.23850000 -0.00685824
0.23855000 -0.00685528
0.23860000 -0.00685232
0.23865000 -0.00684936
0.23870000 -0.00684640
0.23875000 -0.00684344
0.23880000 -0.00684047
0.23885000 -0.00683751
0.23890000 -0.00683455
0.23895000 -0.00683159
0.23900000 -0.00682862
0.23905000 -0.00682566
0.23910000 -0.00682270
0.23915000 -0.00681973
0.23920000 -0.00681677
0.23925000 -0.00681381
0.23930000 -0.00681084
0.23935000 -0.00680788
0.23940000 -0.00680492
0.23945000 -0.00680195
0.23950000 -0.00679899
0.23955000 -0.00679602
0.23960000 -0.00679306
0.23965000 -0.00679009
0.23970000 -0.00678713
0.23975000 -0.00678416
0.23980000 -0.00678120
0.23985000 -0.00677823
0.23990000 -0.00677527
0.23995000 -0.00677230
0.24000000 -0.00676934
0.24005000 -0.00676637
0.24010000 -0.00676341
0.24015000 -0.00676044
0.24020000 -0.00675747
0.24025000 -0.00675451
0.24030000 -0.00675154
0.24035000 -0.00674857
0.24040000 -0.00674561
0.24045000 -0.00674264
0.24050000 -0.00673967
0.24055000 -0.00673670
0.24060000 -0.00673374
0.24065000 -0.00673077
0.24070000 -0.00672780
0.24075000 -0.00672483
0.24080000 -0.00672187
0.24085000 -0.00671890
0.24090000 -0.00671593
0.24095000 -0.00671296
0.24100000 -0.00670999
0.24105000 -0.00670702
0.24110000 -0.00670405
0.24115000 -0.00670108
0.24120000 -0.00669811
0.24125000 -0.00669515
0.24130000 -0.00669218
0.24135000 -0.00668921
0.24140000 -0.00668624
0.24145000 -0.00668327
0.24150000 -0.00668030
0.24155000 -0.00667733
0.24160000 -0.00667435
0.24165000 -0.00667138
0.24170000 -0.00666841
0.24175000 -0.00666544
0.24180000 -0.00666247
0.24185000 -0.00665950
0.24190000 -0.00665653
0.24195000 -0.00665356
0.24200000 -0.00665059
0.24205000 -0.00664761
0.24210000 -0.00664464
0.24215000 -0.00664167
0.24220000 -0.00663870
0.24225000 -0.00663572
0.24230000 -0.00663275
0.24235000 -0.00662978
0.24240000 -0.00662681
0.24245000 -0.00662383
0.24250000 -0.00662086
0.24255000 -0.00661789
0.24260000 -0.00661491
0.24265000 -0.00661194
0.24270000 -0.00660897
0.24275000 -0.00660599
0.24280000 -0.00660302
0.24285000 -0.00660004
0.24290000 -0.00659707
0.24295000 -0.00659410
0.24300000 -0.00659112
0.24305000 -0.00658815
0.24310000 -0.00658517
0.24315000 -0.00658220
0.24320000 -0.00657922
0.24325000 -0.00657625
0.24330000 -0.00657327
0.24335000 -0.00657029
0.24340000 -0.00656732
0.24345000 -0.00656434
0.24350000 -0.00656137
0.24355000 -0.00655839
0.24360000 -0.00655541
0.24365000 -0.00655244
0.24370000 -0.00654946
0.24375000 -0.00654648
0.24380000 -0.00654351
0.24385000 -0.00654053
0.24390000 -0.00653755
0.24395000 -0.00653458
0.24400000 -0.00653160
0.24405000 -0.00652862
0.24410000 -0.00652564
0.24415000 -0.00652267
0.24420000 -0.00651969
0.24425000 -0.00651671
0.24430000 -0.00651373
0.24435000 -0.00651075
0.24440000 -0.00650777
0.24445000 -0.00650479
0.24450000 -0.00650182
0.24455000 -0.00649884
0.24460000 -0.00649586
0.24465000 -0.00649288
0.24470000 -0.00648990
0.24475000 -0.00648692
0.24480000 -0.00648394
0.24485000 -0.00648096
0.24490000 -0.00647798
0.24495000 -0.00647500
0.24500000 -0.00647202
0.24505000 -0.00646904
0.24510000 -0.00646606
0.24515000 -0.00646308
0.24520000 -0.00646010
0.24525000 -0.00645712
0.24530000 -0.00645413
0.24535000 -0.00645115
0.24540000 -0.00644817
0.24545000 -0.00644519
0.24550000 -0.00644221
0.24555000 -0.00643923
0.24560000 -0.00643624
0.24565000 -0.00643326
0.24570000 -0.00643028
0.24575000 -0.00642730
0.24580000 -0.00642431
0.24585000 -0.00642133
0.24590000 -0.00641835
0.24595000 -0.00641537
0.24600000 -0.00641238
0.24605000 -0.00640940
0.24610000 -0.00640642
0.24615000 -0.00640343
0.24620000 -0.00640045
0.24625000 -0.00639747
0.24630000 -0.00639448
0.24635000 -0.00639150
0.24640000 -0.00638851
0.24645000 -0.00638553
0.24650000 -0.00638254
0.24655000 -0.00637956
0.24660000 -0.00637657
0.24665000 -0.00637359
0.24670000 -0.00637060
0.24675000 -0.00636762
0.24680000 -0.00636463
0.24685000 -0.00636165
0.24690000 -0.00635866
0.24695000 -0.00635568
0.24700000 -0.00635269
0.24705000 -0.00634971
0.24710000 -0.00634672
0.24715000 -0.00634373
0.24720000 -0.00634075
0.24725000 -0.00633776
0.24730000 -0.00633477
0.24735000 -0.00633179
0.24740000 -0.00632880
0.24745000 -0.00632581
0.24750000 -0.00632283
0.24755000 -0.00631984
0.24760000 -0.00631685
0.24765000 -0.00631386
0.24770000 -0.00631087
0.24775000 -0.00630789
0.24780000 -0.00630490
0.24785000 -0.00630191
0.24790000 -0.00629892
0.24795000 -0.00629593
0.24800000 -0.00629295
0.24805000 -0.00628996
0.24810000 -0.00628697
0.24815000 -0.00628398
0.24820000 -0.00628099
0.24825000 -0.00627800
0.24830000 -0.00627501
0.24835000 -0.00627202
0.24840000 -0.00626903
0.24845000 -0.00626604
0.24850000 -0.00626305
0.24855000 -0.00626006
0.24860000 -0.00625707
0.24865000 -0.00625408
0.24870000 -0.00625109
0.24875000 -0.00624810
0.24880000 -0.00624511
0.24885000 -0.00624212
0.24890000 -0.00623913
0.24895000 -0.00623614
0.24900000 -0.00623314
0.24905000 -0.00623015
0.24910000 -0.00622716
0.24915000 -0.00622417
0.24920000 -0.00622118
0.24925000 -0.00621819
0.24930000 -0.00621519
0.24935000 -0.00621220
0.24940000 -0.00620921
0.24945000 -0.00620622
0.24950000 -0.00620322
0.24955000 -0.00620023
0.24960000 -0.00619724
0.24965000 -0.00619425
0.24970000 -0.00619125
0.24975000 -0.00618826
0.24980000 -0.00618527
0.24985000 -0.00618227
0.24990000 -0.00617928
0.24995000 -0.00617629
0.25000000 -0.00617329
0.25005000 -0.00617030
0.25010000 -0.00616730
0.25015000 -0.00616431
0.25020000 -0.00616131
0.25025000 -0.00615832
0.25030000 -0.00615533
0.25035000 -0.00615233
0.25040000 -0.00614934
0.25045000 -0.00614634
0.25050000 -0.00614335
0.25055000 -0.00614035
0.25060000 -0.00613735
0.25065000 -0.00613436
0.25070000 -0.00613136
0.25075000 -0.00612837
0.25080000 -0.00612537
0.25085000 -0.00612237
0.25090000 -0.00611938
0.25095000 -0.00611638
0.25100000 -0.00611339
0.25105000 -0.00611039
0.25110000 -0.00610739
0.25115000 -0.00610440
0.25120000 -0.00610140
0.25125000 -0.00609840
0.25130000 -0.00609540
0.25135000 -0.00609241
0.25140000 -0.00608941
0.25145000 -0.00608641
0.25150000 -0.00608341
0.25155000 -0.00608042
0.25160000 -0.00607742
0.25165000 -0.00607442
0.25170000 -0.00607142
0.25175000 -0.00606842
0.25180000 -0.00606542
0.25185000 -0.00606242
0.25190000 -0.00605943
0.25195000 -0.00605643
0.25200000 -0.00605343
0.25205000 -0.00605043
0.25210000 -0.00604743
0.25215000 -0.00604443
0.25220000 -0.00604143
0.25225000 -0.00603843
0.25230000 -0.00603543
0.25235000 -0.00603243
0.25240000 -0.00602943
0.25245000 -0.00602643
0.25250000 -0.00602343
0.25255000 -0.00602043
0.25260000 -0.00601743
0.25265000 -0.00601443
0.25270000 -0.00601143
0.25275000 -0.00600843
0.25280000 -0.00600543
0.25285000 -0.00600242
0.25290000 -0.00599942
0.25295000 -0.00599642
0.25300000 -0.00599342
0.25305000 -0.00599042
0.25310000 -0.00598742
0.25315000 -0.00598441
0.25320000 -0.00598141
0.25325000 -0.00597841
0.25330000 -0.00597541
0.25335000 -0.00597240
0.25340000 -0.00596940
0.25345000 -0.00596640
0.25350000 -0.00596340
0.25355000 -0.00596039
0.25360000 -0.00595739
0.25365000 -0.00595439
0.25370000 -0.00595138
0.25375000 -0.00594838
0.25380000 -0.00594538
0.25385000 -0.00594237
0.25390000 -0.00593937
0.25395000 -0.00593637
0.25400000 -0.00593336
0.25405000 -0.00593036
0.25410000 -0.00592735
0.25415000 -0.00592435
0.25420000 -0.00592134
0.25425000 -0.00591834
0.25430000 -0.00591533
0.25435000 -0.00591233
0.25440000 -0.00590932
0.25445000 -0.00590632
0.25450000 -0.00590331
0.25455000 -0.00590031
0.25460000 -0.00589730
0.25465000 -0.00589430
0.25470000 -0.00589129
0.25475000 -0.00588829
0.25480000 -0.00588528
0.25485000 -0.00588227
0.25490000 -0.00587927
0.25495000 -0.00587626
0.25500000 -0.00587325
0.25505000 -0.00587025
0.25510000 -0.00586724
0.25515000 -0.00586423
0.25520000 -0.00586123
0.25525000 -0.00585822
0.25530000 -0.00585521
0.25535000 -0.00585220
0.25540000 -0.00584920
0.25545000 -0.00584619
0.25550000 -0.00584318
0.25555000 -0.00584017
0.25560000 -0.00583717
0.25565000 -0.00583416
0.25570000 -0.00583115
0.25575000 -0.00582814
0.25580000 -0.00582513
0.25585000 -0.00582212
0.25590000 -0.00581912
0.25595000 -0.00581611
0.25600000 -0.00581310
0.25605000 -0.00581009
0.25610000 -0.00580708
0.25615000 -0.00580407
0.25620000 -0.00580106
0.25625000 -0.00579805
0.25630000 -0.00579504
0.25635000 -0.00579203
0.25640000 -0.00578902
0.25645000 -0.00578601
0.25650000 -0.00578300
0.25655000 -0.00577999
0.25660000 -0.00577698
0.25665000 -0.00577397
0.25670000 -0.00577096
0.25675000 -0.00576795
0.25680000 -0.00576494
0.25685000 -0.00576193
0.25690000 -0.00575892
0.25695000 -0.00575591
0.25700000 -0.00575289
0.25705000 -0.00574988
0.25710000 -0.00574687
0.25715000 -0.00574386
0.25720000 -0.00574085
0.25725000 -0.00573784
0.25730000 -0.00573482
0.25735000 -0.00573181
0.25740000 -0.00572880
0.25745000 -0.00572579
0.25750000 -0.00572277
0.25755000 -0.00571976
0.25760000 -0.00571675
0.25765000 -0.00571374
0.25770000 -0.00571072
0.25775000 -0.00570771
0.25780000 -0.00570470
0.25785000 -0.00570168
0.25790000 -0.00569867
0.25795000 -0.00569566
0.25800000 -0.00569264
0.25805000 -0.00568963
0.25810000 -0.00568662
0.25815000 -0.00568360
0.25820000 -0.00568059
0.25825000 -0.00567757
0.25830000 -0.00567456
0.25835000 -0.00567155
0.25840000 -0.00566853
0.25845000 -0.00566552
0.25850000 -0.00566250
0.25855000 -0.00565949
0.25860000 -0.00565647
0.25865000 -0.00565346
0.25870000 -0.00565044
0.25875000 -0.00564743
0.25880000 -0.00564441
0.25885000 -0.00564140
0.25890000 -0.00563838
0.25895000 -0.00563536
0.25900000 -0.00563235
0.25905000 -0.00562933
0.25910000 -0.00562632
0.25915000 -0.00562330
0.25920000 -0.00562028
0.25925000 -0.00561727
0.25930000 -0.00561425
0.25935000 -0.00561123
0.25940000 -0.00560822
0.25945000 -0.00560520
0.25950000 -0.00560218
0.25955000 -0.00559917
0.25960000 -0.00559615
0.25965000 -0.00559313
0.25970000 -0.00559011
0.25975000 -0.00558710
0.25980000 -0.00558408
0.25985000 -0.00558106
0.25990000 -0.00557804
0.25995000 -0.00557502
0.26000000 -0.00557201
0.26005000 -0.00556899
0.26010000 -0.00556597
0.26015000 -0.00556295
0.26020000 -0.00555993
0.26025000 -0.00555691
0.26030000 -0.00555390
0.26035000 -0.00555088
0.26040000 -0.00554786
0.26045000 -0.00554484
0.26050000 -0.00554182
0.26055000 -0.00553880
0.26060000 -0.00553578
0.26065000 -0.00553276
0.26070000 -0.00552974
0.26075000 -0.00552672
0.26080000 -0.00552370
0.26085000 -0.00552068
0.26090000 -0.00551766
0.26095000 -0.00551464
0.26100000 -0.00551162
0.26105000 -0.00550860
0.26110000 -0.00550558
0.26115000 -0.00550256
0.26120000 -0.00549954
0.26125000 -0.00549652
0.26130000 -0.00549350
0.26135000 -0.00549048
0.26140000 -0.00548745
0.26145000 -0.00548443
0.26150000 -0.00548141
0.26155000 -0.00547839
0.26160000 -0.00547537
0.26165000 -0.00547235
0.26170000 -0.00546933
0.26175000 -0.00546630
0.26180000 -0.00546328
0.26185000 -0.00546026
0.26190000 -0.00545724
0.26195000 -0.00545421
0.26200000 -0.00545119
0.26205000 -0.00544817
0.26210000 -0.00544515
0.26215000 -0.00544212
0.26220000 -0.00543910
0.26225000 -0.00543608
0.26230000 -0.00543306
0.26235000 -0.00543003
0.26240000 -0.00542701
0.26245000 -0.00542399
0.26250000 -0.00542096
0.26255000 -0.00541794
0.26260000 -0.00541491
0.26265000 -0.00541189
0.26270000 -0.00540887
0.26275000 -0.00540584
0.26280000 -0.00540282
0.26285000 -0.00539979
0.26290000 -0.00539677
0.26295000 -0.00539375
0.26300000 -0.00539072
0.26305000 -0.00538770
0.26310000 -0.00538467
0.26315000 -0.00538165
0.26320000 -0.00537862
0.26325000 -0.00537560
0.26330000 -0.00537257
0.26335000 -0.00536955
0.26340000 -0.00536652
0.26345000 -0.00536350
0.26350000 -0.00536047
0.26355000 -0.00535744
0.26360000 -0.00535442
0.26365000 -0.00535139
0.26370000 -0.00534837
0.26375000 -0.00534534
0.26380000 -0.00534231
0.26385000 -0.00533929
0.26390000 -0.00533626
0.26395000 -0.00533323
0.26400000 -0.00533021
0.26405000 -0.00532718
0.26410000 -0.00532415
0.26415000 -0.00532113
0.26420000 -0.00531810
0.26425000 -0.00531507
0.26430000 -0.00531205
0.26435000 -0.00530902
0.26440000 -0.00530599
0.26445000 -0.00530296
0.26450000 -0.00529994
0.26455000 -0.00529691
0.26460000 -0.00529388
0.26465000 -0.00529085
0.26470000 -0.00528782
0.26475000 -0.00528480
0.26480000 -0.00528177
0.26485000 -0.00527874
0.26490000 -0.00527571
0.26495000 -0.00527268
0.26500000 -0.00526965
0.26505000 -0.00526663
0.26510000 -0.00526360
0.26515000 -0.00526057
0.26520000 -0.00525754
0.26525000 -0.00525451
0.26530000 -0.00525148
0.26535000 -0.00524845
0.26540000 -0.00524542
0.26545000 -0.00524239
0.26550000 -0.00523936
0.26555000 -0.00523633
0.26560000 -0.00523330
0.26565000 -0.00523027
0.26570000 -0.00522724
0.26575000 -0.00522421
0.26580000 -0.00522118
0.26585000 -0.00521815
0.26590000 -0.00521512
0.26595000 -0.00521209
0.26600000 -0.00520906
0.26605000 -0.00520603
0.26610000 -0.00520300
0.26615000 -0.00519997
0.26620000 -0.00519694
0.26625000 -0.00519391
0.26630000 -0.00519087
0.26635000 -0.00518784
0.26640000 -0.00518481
0.26645000 -0.00518178
0.26650000 -0.00517875
0.26655000 -0.00517572
0.26660000 -0.00517268
0.26665000 -0.00516965
0.26670000 -0.00516662
0.26675000 -0.00516359
0.26680000 -0.00516056
0.26685000 -0.00515752
0.26690000 -0.00515449
0.26695000 -0.00515146
0.26700000 -0.00514843
0.26705000 -0.00514539
0.26710000 -0.00514236
0.26715000 -0.00513933
0.26720000 -0.00513630
0.26725000 -0.00513326
0.26730000 -0.00513023
0.26735000 -0.00512720
0.26740000 -0.00512416
0.26745000 -0.00512113
0.26750000 -0.00511810
0.26755000 -0.00511506
0.26760000 -0.00511203
0.26765000 -0.00510899
0.26770000 -0.00510596
0.26775000 -0.00510293
0.26780000 -0.00509989
0.26785000 -0.00509686
0.26790000 -0.00509382
0.26795000 -0.00509079
0.26800000 -0.00508776
0.26805000 -0.00508472
0.26810000 -0.00508169
0.26815000 -0.00507865
0.26820000 -0.00507562
0.26825000 -0.00507258
0.26830000 -0.00506955
0.26835000 -0.00506651
0.26840000 -0.00506348
0.26845000 -0.00506044
0.26850000 -0.00505741
0.26855000 -0.00505437
0.26860000 -0.00505133
0.26865000 -0.00504830
0.26870000 -0.00504526
0.26875000 -0.00504223
0.26880000 -0.00503919
0.26885000 -0.00503616
0.26890000 -0.00503312
0.26895000 -0.00503008
0.26900000 -0.00502705
0.26905000 -0.00502401
0.26910000 -0.00502097
0.26915000 -0.00501794
0.26920000 -0.00501490
0.26925000 -0.00501186
0.26930000 -0.00500883
0.26935000 -0.00500579
0.26940000 -0.00500275
0.26945000 -0.00499972
0.26950000 -0.00499668
0.26955000 -0.00499364
0.26960000 -0.00499060
0.26965000 -0.00498757
0.26970000 -0.00498453
0.26975000 -0.00498149
0.26980000 -0.00497845
0.26985000 -0.00497542
0.26990000 -0.00497238
0.26995000 -0.00496934
0.27000000 -0.00496630
0.27005000 -0.00496326
0.27010000 -0.00496022
0.27015000 -0.00495719
0.27020000 -0.00495415
0.27025000 -0.00495111
0.27030000 -0.00494807
0.27035000 -0.00494503
0.27040000 -0.00494199
0.27045000 -0.00493895
0.27050000 -0.00493592
0.27055000 -0.00493288
0.27060000 -0.00492984
0.27065000 -0.00492680
0.27070000 -0.00492376
0.27075000 -0.00492072
0.27080000 -0.00491768
0.27085000 -0.00491464
0.27090000 -0.00491160
0.27095000 -0.00490856
0.27100000 -0.00490552
0.27105000 -0.00490248
0.27110000 -0.00489944
0.27115000 -0.00489640
0.27120000 -0.00489336
0.27125000 -0.00489032
0.27130000 -0.00488728
0.27135000 -0.00488424
0.27140000 -0.00488120
0.27145000 -0.00487816
0.27150000 -0.00487512
0.27155000 -0.00487208
0.27160000 -0.00486904
0.27165000 -0.00486599
0.27170000 -0.00486295
0.27175000 -0.00485991
0.27180000 -0.00485687
0.27185000 -0.00485383
0.27190000 -0.00485079
0.27195000 -0.00484775
0.27200000 -0.00484470
0.27205000 -0.00484166
0.27210000 -0.00483862
0.27215000 -0.00483558
0.27220000 -0.00483254
0.27225000 -0.00482950
0.27230000 -0.00482645
0.27235000 -0.00482341
0.27240000 -0.00482037
0.27245000 -0.00481733
0.27250000 -0.00481428
0.27255000 -0.00481124
0.27260000 -0.00480820
0.27265000 -0.00480516
0.27270000 -0.00480211
0.27275000 -0.00479907
0.27280000 -0.00479603
0.27285000 -0.00479299
0.27290000 -0.00478994
0.27295000 -0.00478690
0.27300000 -0.00478386
0.27305000 -0.00478081
0.27310000 -0.00477777
0.27315000 -0.00477473
0.27320000 -0.00477168
0.27325000 -0.00476864
0.27330000 -0.00476559
0.27335000 -0.00476255
0.27340000 -0.00475951
0.27345000 -0.00475646
0.27350000 -0.00475342
0.27355000 -0.00475037
0.27360000 -0.00474733
0.27365000 -0.00474429
0.27370000 -0.00474124
0.27375000 -0.00473820
0.27380000 -0.00473515
0.27385000 -0.00473211
0.27390000 -0.00472906
0.27395000 -0.00472602
0.27400000 -0.00472297
0.27405000 -0.00471993
0.27410000 -0.00471688
0.27415000 -0.00471384
0.27420000 -0.00471079
0.27425000 -0.00470775
0.27430000 -0.00470470
0.27435000 -0.00470166
0.27440000 -0.00469861
0.27445000 -0.00469557
0.27450000 -0.00469252
0.27455000 -0.00468947
0.27460000 -0.00468643
0.27465000 -0.00468338
0.27470000 -0.00468034
0.27475000 -0.00467729
0.27480000 -0.00467424
0.27485000 -0.00467120
0.27490000 -0.00466815
0.27495000 -0.00466511
0.27500000 -0.00466206
0.27505000 -0.00465901
0.27510000 -0.00465597
0.27515000 -0.00465292
0.27520000 -0.00464987
0.27525000 -0.00464683
0.27530000 -0.00464378
0.27535000 -0.00464073
0.27540000 -0.00463768
0.27545000 -0.00463464
0.27550000 -0.00463159
0.27555000 -0.00462854
0.27560000 -0.00462549
0.27565000 -0.00462245
0.27570000 -0.00461940
0.27575000 -0.00461635
0.27580000 -0.00461330
0.27585000 -0.00461026
0.27590000 -0.00460721
0.27595000 -0.00460416
0.27600000 -0.00460111
0.27605000 -0.00459806
0.27610000 -0.00459502
0.27615000 -0.00459197
0.27620000 -0.00458892
0.27625000 -0.00458587
0.27630000 -0.00458282
0.27635000 -0.00457977
0.27640000 -0.00457673
0.27645000 -0.00457368
0.27650000 -0.00457063
0.27655000 -0.00456758
0.27660000 -0.00456453
0.27665000 -0.00456148
0.27670000 -0.00455843
0.27675000 -0.00455538
0.27680000 -0.00455233
0.27685000 -0.00454929
0.27690000 -0.00454624
0.27695000 -0.00454319
0.27700000 -0.00454014
0.27705000 -0.00453709
0.27710000 -0.00453404
0.27715000 -0.00453099
0.27720000 -0.00452794
0.27725000 -0.00452489
0.27730000 -0.00452184
0.27735000 -0.00451879
0.27740000 -0.00451574
0.27745000 -0.00451269
0.27750000 -0.00450964
0.27755000 -0.00450659
0.27760000 -0.00450354
0.27765000 -0.00450049
0.27770000 -0.00449744
0.27775000 -0.00449439
0.27780000 -0.00449134
0.27785000 -0.00448828
0.27790000 -0.00448523
0.27795000 -0.00448218
0.27800000 -0.00447913
0.27805000 -0.00447608
0.27810000 -0.00447303
0.27815000 -0.00446998
0.27820000 -0.00446693
0.27825000 -0.00446388
0.27830000 -0.00446082
0.27835000 -0.00445777
0.27840000 -0.00445472
0.27845000 -0.00445167
0.27850000 -0.00444862
0.27855000 -0.00444557
0.27860000 -0.00444251
0.27865000 -0.00443946
0.27870000 -0.00443641
0.27875000 -0.00443336
0.27880000 -0.00443031
0.27885000 -0.00442725
0.27890000 -0.00442420
0.27895000 -0.00442115
0.27900000 -0.00441810
0.27905000 -0.00441505
0.27910000 -0.00441199
0.27915000 -0.00440894
0.27920000 -0.00440589
0.27925000 -0.00440284
0.27930000 -0.00439978
0.27935000 -0.00439673
0.27940000 -0.00439368
0.27945000 -0.00439062
0.27950000 -0.00438757
0.27955000 -0.00438452
0.27960000 -0.00438146
0.27965000 -0.00437841
0.27970000 -0.00437536
0.27975000 -0.00437230
0.27980000 -0.00436925
0.27985000 -0.00436620
0.27990000 -0.00436314
0.27995000 -0.00436009
0.28000000 -0.00435704
0.28005000 -0.00435398
0.28010000 -0.00435093
0.28015000 -0.00434788
0.28020000 -0.00434482
0.28025000 -0.00434177
0.28030000 -0.00433871
0.28035000 -0.00433566
0.28040000 -0.00433260
0.28045000 -0.00432955
0.28050000 -0.00432650
0.28055000 -0.00432344
0.28060000 -0.00432039
0.28065000 -0.00431733
0.28070000 -0.00431428
0.28075000 -0.00431122
0.28080000 -0.00430817
0.28085000 -0.00430511
0.28090000 -0.00430206
0.28095000 -0.00429900
0.28100000 -0.00429595
0.28105000 -0.00429289
0.28110000 -0.00428984
0.28115000 -0.00428678
0.28120000 -0.00428373
0.28125000 -0.00428067
0.28130000 -0.00427762
0.28135000 -0.00427456
0.28140000 -0.00427151
0.28145000 -0.00426845
0.28150000 -0.00426540
0.28155000 -0.00426234
0.28160000 -0.00425928
0.28165000 -0.00425623
0.28170000 -0.00425317
0.28175000 -0.00425012
0.28180000 -0.00424706
0.28185000 -0.00424400
0.28190000 -0.00424095
0.28195000 -0.00423789
0.28200000 -0.00423484
0.28205000 -0.00423178
0.28210000 -0.00422872
0.28215000 -0.00422567
0.28220000 -0.00422261
0.28225000 -0.00421955
0.28230000 -0.00421650
0.28235000 -0.00421344
0.28240000 -0.00421038
0.28245000 -0.00420733
0.28250000 -0.00420427
0.28255000 -0.00420121
0.28260000 -0.00419816
0.28265000 -0.00419510
0.28270000 -0.00419204
0.28275000 -0.00418898
0.28280000 -0.00418593
0.28285000 -0.00418287
0.28290000 -0.00417981
0.28295000 -0.00417676
0.28300000 -0.00417370
0.28305000 -0.00417064
0.28310000 -0.00416758
0.28315000 -0.00416452
0.28320000 -0.00416147
0.28325000 -0.00415841
0.28330000 -0.00415535
0.28335000 -0.00415229
0.28340000 -0.00414924
0.28345000 -0.00414618
0.28350000 -0.00414312
0.28355000 -0.00414006
0.28360000 -0.00413700
0.28365000 -0.00413394
0.28370000 -0.00413089
0.28375000 -0.00412783
0.28380000 -0.00412477
0.28385000 -0.00412171
0.28390000 -0.00411865
0.28395000 -0.00411559
0.28400000 -0.00411254
0.28405000 -0.00410948
0.28410000 -0.00410642
0.28415000 -0.00410336
0.28420000 -0.00410030
0.28425000 -0.00409724
0.28430000 -0.00409418
0.28435000 -0.00409112
0.28440000 -0.00408806
0.28445000 -0.00408501
0.28450000 -0.00408195
0.28455000 -0.00407889
0.28460000 -0.00407583
0.28465000 -0.00407277
0.28470000 -0.00406971
0.28475000 -0.00406665
0.28480000 -0.00406359
0.28485000 -0.00406053
0.28490000 -0.00405747
0.28495000 -0.00405441
0.28500000 -0.00405135
0.28505000 -0.00404829
0.28510000 -0.00404523
0.28515000 -0.00404217
0.28520000 -0.00403911
0.28525000 -0.00403605
0.28530000 -0.00403299
0.28535000 -0.00402993
0.28540000 -0.00402687
0.28545000 -0.00402381
0.28550000 -0.00402075
0.28555000 -0.00401769
0.28560000 -0.00401463
0.28565000 -0.00401157
0.28570000 -0.00400851
0.28575000 -0.00400545
0.28580000 -0.00400239
0.28585000 -0.00399933
0.28590000 -0.00399627
0.28595000 -0.00399320
0.28600000 -0.00399014
0.28605000 -0.00398708
0.28610000 -0.00398402
0.28615000 -0.00398096
0.28620000 -0.00397790
0.28625000 -0.00397484
0.28630000 -0.00397178
0.28635000 -0.00396872
0.28640000 -0.00396566
0.28645000 -0.00396259
0.28650000 -0.00395953
0.28655000 -0.00395647
0.28660000 -0.00395341
0.28665000 -0.00395035
0.28670000 -0.00394729
0.28675000 -0.00394423
0.28680000 -0.00394116
0.28685000 -0.00393810
0.28690000 -0.00393504
0.28695000 -0.00393198
0.28700000 -0.00392892
0.28705000 -0.00392585
0.28710000 -0.00392279
0.28715000 -0.00391973
0.28720000 -0.00391667
0.28725000 -0.00391361
0.28730000 -0.00391054
0.28735000 -0.00390748
0.28740000 -0.00390442
0.28745000 -0.00390136
0.28750000 -0.00389829
0.28755000 -0.00389523
0.28760000 -0.00389217
0.28765000 -0.00388911
0.28770000 -0.00388605
0.28775000 -0.00388298
0.28780000 -0.00387992
0.28785000 -0.00387686
0.28790000 -0.00387379
0.28795000 -0.00387073
0.28800000 -0.00386767
0.28805000 -0.00386461
0.28810000 -0.00386154
0.28815000 -0.00385848
0.28820000 -0.00385542
0.28825000 -0.00385235
0.28830000 -0.00384929
0.28835000 -0.00384623
0.28840000 -0.00384316
0.28845000 -0.00384010
0.28850000 -0.00383704
0.28855000 -0.00383397
0.28860000 -0.00383091
0.28865000 -0.00382785
0.28870000 -0.00382478
0.28875000 -0.00382172
0.28880000 -0.00381866
0.28885000 -0.00381559
0.28890000 -0.00381253
0.28895000 -0.00380947
0.28900000 -0.00380640
0.28905000 -0.00380334
0.28910000 -0.00380027
0.28915000 -0.00379721
0.28920000 -0.00379415
0.28925000 -0.00379108
0.28930000 -0.00378802
0.28935000 -0.00378495
0.28940000 -0.00378189
0.28945000 -0.00377883
0.28950000 -0.00377576
0.28955000 -0.00377270
0.28960000 -0.00376963
0.28965000 -0.00376657
0.28970000 -0.00376350
0.28975000 -0.00376044
0.28980000 -0.00375738
0.28985000 -0.00375431
0.28990000 -0.00375125
0.28995000 -0.00374818
0.29000000 -0.00374512
0.29005000 -0.00374205
0.29010000 -0.00373899
0.29015000 -0.00373592
0.29020000 -0.00373286
0.29025000 -0.00372979
0.29030000 -0.00372673
0.29035000 -0.00372366
0.29040000 -0.00372060
0.29045000 -0.00371753
0.29050000 -0.00371447
0.29055000 -0.00371140
0.29060000 -0.00370834
0.29065000 -0.00370527
0.29070000 -0.00370221
0.29075000 -0.00369914
0.29080000 -0.00369608
0.29085000 -0.00369301
0.29090000 -0.00368995
0.29095000 -0.00368688
0.29100000 -0.00368382
0.29105000 -0.00368075
0.29110000 -0.00367768
0.29115000 -0.00367462
0.29120000 -0.00367155
0.29125000 -0.00366849
0.29130000 -0.00366542
0.29135000 -0.00366236
0.29140000 -0.00365929
0.29145000 -0.00365622
0.29150000 -0.00365316
0.29155000 -0.00365009
0.29160000 -0.00364703
0.29165000 -0.00364396
0.29170000 -0.00364089
0.29175000 -0.00363783
0.29180000 -0.00363476
0.29185000 -0.00363170
0.29190000 -0.00362863
0.29195000 -0.00362556
0.29200000 -0.00362250
0.29205000 -0.00361943
0.29210000 -0.00361636
0.29215000 -0.00361330
0.29220000 -0.00361023
0.29225000 -0.00360717
0.29230000 -0.00360410
0.29235000 -0.00360103
0.29240000 -0.00359797
0.29245000 -0.00359490
0.29250000 -0.00359183
0.29255000 -0.00358877
0.29260000 -0.00358570
0.29265000 -0.00358263
0.29270000 -0.00357957
0.29275000 -0.00357650
0.29280000 -0.00357343
0.29285000 -0.00357036
0.29290000 -0.00356730
0.29295000 -0.00356423
0.29300000 -0.00356116
0.29305000 -0.00355810
0.29310000 -0.00355503
0.29315000 -0.00355196
0.29320000 -0.00354890
0.29325000 -0.00354583
0.29330000 -0.00354276
0.29335000 -0.00353969
0.29340000 -0.00353663
0.29345000 -0.00353356
0.29350000 -0.00353049
0.29355000 -0.00352742
0.29360000 -0.00352436
0.29365000 -0.00352129
0.29370000 -0.00351822
0.29375000 -0.00351515
0.29380000 -0.00351209
0.29385000 -0.00350902
0.29390000 -0.00350595
0.29395000 -0.00350288
0.29400000 -0.00349982
0.29405000 -0.00349675
0.29410000 -0.00349368
0.29415000 -0.00349061
0.29420000 -0.00348755
0.29425000 -0.00348448
0.29430000 -0.00348141
0.29435000 -0.00347834
0.29440000 -0.00347527
0.29445000 -0.00347221
0.29450000 -0.00346914
0.29455000 -0.00346607
0.29460000 -0.00346300
0.29465000 -0.00345993
0.29470000 -0.00345687
0.29475000 -0.00345380
0.29480000 -0.00345073
0.29485000 -0.00344766
0.29490000 -0.00344459
0.29495000 -0.00344152
0.29500000 -0.00343846
0.29505000 -0.00343539
0.29510000 -0.00343232
0.29515000 -0.00342925
0.29520000 -0.00342618
0.29525000 -0.00342311
0.29530000 -0.00342004
0.29535000 -0.00341698
0.29540000 -0.00341391
0.29545000 -0.00341084
0.29550000 -0.00340777
0.29555000 -0.00340470
0.29560000 -0.00340163
0.29565000 -0.00339856
0.29570000 -0.00339550
0.29575000 -0.00339243
0.29580000 -0.00338936
0.29585000 -0.00338629
0.29590000 -0.00338322
0.29595000 -0.00338015
0.29600000 -0.00337708
0.29605000 -0.00337401
0.29610000 -0.00337094
0.29615000 -0.00336788
0.29620000 -0.00336481
0.29625000 -0.00336174
0.29630000 -0.00335867
0.29635000 -0.00335560
0.29640000 -0.00335253
0.29645000 -0.00334946
0.29650000 -0.00334639
0.29655000 -0.00334332
0.29660000 -0.00334025
0.29665000 -0.00333718
0.29670000 -0.00333411
0.29675000 -0.00333105
0.29680000 -0.00332798
0.29685000 -0.00332491
0.29690000 -0.00332184
0.29695000 -0.00331877
0.29700000 -0.00331570
0.29705000 -0.00331263
0.29710000 -0.00330956
0.29715000 -0.00330649
0.29720000 -0.00330342
0.29725000 -0.00330035
0.29730000 -0.00329728
0.29735000 -0.00329421
0.29740000 -0.00329114
0.29745000 -0.00328807
0.29750000 -0.00328500
0.29755000 -0.00328193
0.29760000 -0.00327886
0.29765000 -0.00327579
0.29770000 -0.00327272
0.29775000 -0.00326965
0.29780000 -0.00326658
0.29785000 -0.00326351
0.29790000 -0.00326044
0.29795000 -0.00325737
0.29800000 -0.00325430
0.29805000 -0.00325123
0.29810000 -0.00324816
0.29815000 -0.00324509
0.29820000 -0.00324202
0.29825000 -0.00323895
0.29830000 -0.00323588
0.29835000 -0.00323281
0.29840000 -0.00322974
0.29845000 -0.00322667
0.29850000 -0.00322360
0.29855000 -0.00322053
0.29860000 -0.00321746
0.29865000 -0.00321439
0.29870000 -0.00321132
0.29875000 -0.00320825
0.29880000 -0.00320518
0.29885000 -0.00320211
0.29890000 -0.00319904
0.29895000 -0.00319597
0.29900000 -0.00319290
0.29905000 -0.00318983
0.29910000 -0.00318676
0.29915000 -0.00318369
0.29920000 -0.00318062
0.29925000 -0.00317755
0.29930000 -0.00317448
0.29935000 -0.00317141
0.29940000 -0.00316834
0.29945000 -0.00316527
0.29950000 -0.00316219
0.29955000 -0.00315912
0.29960000 -0.00315605
0.29965000 -0.00315298
0.29970000 -0.00314991
0.29975000 -0.00314684
0.29980000 -0.00314377
0.29985000 -0.00314070
0.29990000 -0.00313763
0.29995000 -0.00313456
0.30000000 -0.00313149
0.30005000 -0.00312842
0.30010000 -0.00312535
0.30015000 -0.00312228
0.30020000 -0.00311920
0.30025000 -0.00311613
0.30030000 -0.00311306
0.30035000 -0.00310999
0.30040000 -0.00310692
0.30045000 -0.00310385
0.30050000 -0.00310078
0.30055000 -0.00309771
0.30060000 -0.00309464
0.30065000 -0.00309157
0.30070000 -0.00308849
0.30075000 -0.00308542
0.30080000 -0.00308235
0.30085000 -0.00307928
0.30090000 -0.00307621
0.30095000 -0.00307314
0.30100000 -0.00307007
0.30105000 -0.00306700
0.30110000 -0.00306393
0.30115000 -0.00306085
0.30120000 -0.00305778
0.30125000 -0.00305471
0.30130000 -0.00305164
0.30135000 -0.00304857
0.30140000 -0.00304550
0.30145000 -0.00304243
0.30150000 -0.00303936
0.30155000 -0.00303628
0.30160000 -0.00303321
0.30165000 -0.00303014
0.30170000 -0.00302707
0.30175000 -0.00302400
0.30180000 -0.00302093
0.30185000 -0.00301786
0.30190000 -0.00301479
0.30195000 -0.00301171
0.30200000 -0.00300864
0.30205000 -0.00300557
0.30210000 -0.00300250
0.30215000 -0.00299943
0.30220000 -0.00299636
0.30225000 -0.00299329
0.30230000 -0.00299021
0.30235000 -0.00298714
0.30240000 -0.00298407
0.30245000 -0.00298100
0.30250000 -0.00297793
0.30255000 -0.00297486
0.30260000 -0.00297178
0.30265000 -0.00296871
0.30270000 -0.00296564
0.30275000 -0.00296257
0.30280000 -0.00295950
0.30285000 -0.00295643
0.30290000 -0.00295335
0.30295000 -0.00295028
0.30300000 -0.00294721
0.30305000 -0.00294414
0.30310000 -0.00294107
0.30315000 -0.00293800
0.30320000 -0.00293492
0.30325000 -0.00293185
0.30330000 -0.00292878
0.30335000 -0.00292571
0.30340000 -0.00292264
0.30345000 -0.00291957
0.30350000 -0.00291649
0.30355000 -0.00291342
0.30360000 -0.00291035
0.30365000 -0.00290728
0.30370000 -0.00290421
0.30375000 -0.00290114
0.30380000 -0.00289806
0.30385000 -0.00289499
0.30390000 -0.00289192
0.30395000 -0.00288885
0.30400000 -0.00288578
0.30405000 -0.00288270
0.30410000 -0.00287963
0.30415000 -0.00287656
0.30420000 -0.00287349
0.30425000 -0.00287042
0.30430000 -0.00286735
0.30435000 -0.00286427
0.30440000 -0.00286120
0.30445000 -0.00285813
0.30450000 -0.00285506
0.30455000 -0.00285199
0.30460000 -0.00284891
0.30465000 -0.00284584
0.30470000 -0.00284277
0.30475000 -0.00283970
0.30480000 -0.00283663
0.30485000 -0.00283355
0.30490000 -0.00283048
0.30495000 -0.00282741
0.30500000 -0.00282434
0.30505000 -0.00282127
0.30510000 -0.00281819
0.30515000 -0.00281512
0.30520000 -0.00281205
0.30525000 -0.00280898
0.30530000 -0.00280591
0.30535000 -0.00280283
0.30540000 -0.00279976
0.30545000 -0.00279669
0.30550000 -0.00279362
0.30555000 -0.00279055
0.30560000 -0.00278747
0.30565000 -0.00278440
0.30570000 -0.00278133
0.30575000 -0.00277826
0.30580000 -0.00277519
0.30585000 -0.00277211
0.30590000 -0.00276904
0.30595000 -0.00276597
0.30600000 -0.00276290
0.30605000 -0.00275983
0.30610000 -0.00275675
0.30615000 -0.00275368
0.30620000 -0.00275061
0.30625000 -0.00274754
0.30630000 -0.00274446
0.30635000 -0.00274139
0.30640000 -0.00273832
0.30645000 -0.00273525
0.30650000 -0.00273218
0.30655000 -0.00272910
0.30660000 -0.00272603
0.30665000 -0.00272296
0.30670000 -0.00271989
0.30675000 -0.00271682
0.30680000 -0.00271374
0.30685000 -0.00271067
0.30690000 -0.00270760
0.30695000 -0.00270453
0.30700000 -0.00270146
0.30705000 -0.00269838
0.30710000 -0.00269531
0.30715000 -0.00269224
0.30720000 -0.00268917
0.30725000 -0.00268609
0.30730000 -0.00268302
0.30735000 -0.00267995
0.30740000 -0.00267688
0.30745000 -0.00267381
0.30750000 -0.00267073
0.30755000 -0.00266766
0.30760000 -0.00266459
0.30765000 -0.00266152
0.30770000 -0.00265845
0.30775000 -0.00265537
0.30780000 -0.00265230
0.30785000 -0.00264923
0.30790000 -0.00264616
0.30795000 -0.00264309
0.30800000 -0.00264001
0.30805000 -0.00263694
0.30810000 -0.00263387
0.30815000 -0.00263080
0.30820000 -0.00262773
0.30825000 -0.00262465
0.30830000 -0.00262158
0.30835000 -0.00261851
0.30840000 -0.00261544
0.30845000 -0.00261236
0.30850000 -0.00260929
0.30855000 -0.00260622
0.30860000 -0.00260315
0.30865000 -0.00260008
0.30870000 -0.00259700
0.30875000 -0.00259393
0.30880000 -0.00259086
0.30885000 -0.00258779
0.30890000 -0.00258472
0.30895000 -0.00258164
0.30900000 -0.00257857
0.30905000 -0.00257550
0.30910000 -0.00257243
0.30915000 -0.00256936
0.30920000 -0.00256628
0.30925000 -0.00256321
0.30930000 -0.00256014
0.30935000 -0.00255707
0.30940000 -0.00255400
0.30945000 -0.00255092
0.30950000 -0.00254785
0.30955000 -0.00254478
0.30960000 -0.00254171
0.30965000 -0.00253864
0.30970000 -0.00253556
0.30975000 -0.00253249
0.30980000 -0.00252942
0.30985000 -0.00252635
0.30990000 -0.00252328
0.30995000 -0.00252020
0.31000000 -0.00251713
0.31005000 -0.00251406
0.31010000 -0.00251099
0.31015000 -0.00250792
0.31020000 -0.00250485
0.31025000 -0.00250177
0.31030000 -0.00249870
0.31035000 -0.00249563
0.31040000 -0.00249256
0.31045000 -0.00248949
0.31050000 -0.00248641
0.31055000 -0.00248334
0.31060000 -0.00248027
0.31065000 -0.00247720
0.31070000 -0.00247413
0.31075000 -0.00247106
0.31080000 -0.00246798
0.31085000 -0.00246491
0.31090000 -0.00246184
0.31095000 -0.00245877
0.31100000 -0.00245570
0.31105000 -0.00245262
0.31110000 -0.00244955
0.31115000 -0.00244648
0.31120000 -0.00244341
0.31125000 -0.00244034
0.31130000 -0.00243727
0.31135000 -0.00243419
0.31140000 -0.00243112
0.31145000 -0.00242805
0.31150000 -0.00242498
0.31155000 -0.00242191
0.31160000 -0.00241884
0.31165000 -0.00241576
0.31170000 -0.00241269
0.31175000 -0.00240962
0.31180000 -0.00240655
0.31185000 -0.00240348
0.31190000 -0.00240041
0.31195000 -0.00239734
0.31200000 -0.00239426
0.31205000 -0.00239119
0.31210000 -0.00238812
0.31215000 -0.00238505
0.31220000 -0.00238198
0.31225000 -0.00237891
0.31230000 -0.00237584
0.31235000 -0.00237276
0.31240000 -0.00236969
0.31245000 -0.00236662
0.31250000 -0.00236355
0.31255000 -0.00236048
0.31260000 -0.00235741
0.31265000 -0.00235434
0.31270000 -0.00235126
0.31275000 -0.00234819
0.31280000 -0.00234512
0.31285000 -0.00234205
0.31290000 -0.00233898
0.31295000 -0.00233591
0.31300000 -0.00233284
0.31305000 -0.00232977
0.31310000 -0.00232669
0.31315000 -0.00232362
0.31320000 -0.00232055
0.31325000 -0.00231748
0.31330000 -0.00231441
0.31335000 -0.00231134
0.31340000 -0.00230827
0.31345000 -0.00230520
0.31350000 -0.00230212
0.31355000 -0.00229905
0.31360000 -0.00229598
0.31365000 -0.00229291
0.31370000 -0.00228984
0.31375000 -0.00228677
0.31380000 -0.00228370
0.31385000 -0.00228063
0.31390000 -0.00227756
0.31395000 -0.00227449
0.31400000 -0.00227142
0.31405000 -0.00226834
0.31410000 -0.00226527
0.31415000 -0.00226220
0.31420000 -0.00225913
0.31425000 -0.00225606
0.31430000 -0.00225299
0.31435000 -0.00224992
0.31440000 -0.00224685
0.31445000 -0.00224378
0.31450000 -0.00224071
0.31455000 -0.00223764
0.31460000 -0.00223457
0.31465000 -0.00223149
0.31470000 -0.00222842
0.31475000 -0.00222535
0.31480000 -0.00222228
0.31485000 -0.00221921
0.31490000 -0.00221614
0.31495000 -0.00221307
0.31500000 -0.00221000
0.31505000 -0.00220693
0.31510000 -0.00220386
0.31515000 -0.00220079
0.31520000 -0.00219772
0.31525000 -0.00219465
0.31530000 -0.00219158
0.31535000 -0.00218851
0.31540000 -0.00218544
0.31545000 -0.00218237
0.31550000 -0.00217930
0.31555000 -0.00217623
0.31560000 -0.00217316
0.31565000 -0.00217009
0.31570000 -0.00216702
0.31575000 -0.00216395
0.31580000 -0.00216087
0.31585000 -0.00215780
0.31590000 -0.00215473
0.31595000 -0.00215166
0.31600000 -0.00214859
0.31605000 -0.00214552
0.31610000 -0.00214245
0.31615000 -0.00213938
0.31620000 -0.00213631
0.31625000 -0.00213324
0.31630000 -0.00213017
0.31635000 -0.00212710
0.31640000 -0.00212403
0.31645000 -0.00212096
0.31650000 -0.00211789
0.31655000 -0.00211482
0.31660000 -0.00211175
0.31665000 -0.00210869
0.31670000 -0.00210562
0.31675000 -0.00210255
0.31680000 -0.00209948
0.31685000 -0.00209641
0.31690000 -0.00209334
0.31695000 -0.00209027
0.31700000 -0.00208720
0.31705000 -0.00208413
0.31710000 -0.00208106
0.31715000 -0.00207799
0.31720000 -0.00207492
0.31725000 -0.00207185
0.31730000 -0.00206878
0.31735000 -0.00206571
0.31740000 -0.00206264
0.31745000 -0.00205957
0.31750000 -0.00205650
0.31755000 -0.00205343
0.31760000 -0.00205036
0.31765000 -0.00204729
0.31770000 -0.00204423
0.31775000 -0.00204116
0.31780000 -0.00203809
0.31785000 -0.00203502
0.31790000 -0.00203195
0.31795000 -0.00202888
0.31800000 -0.00202581
0.31805000 -0.00202274
0.31810000 -0.00201967
0.31815000 -0.00201660
0.31820000 -0.00201353
0.31825000 -0.00201047
0.31830000 -0.00200740
0.31835000 -0.00200433
0.31840000 -0.00200126
0.31845000 -0.00199819
0.31850000 -0.00199512
0.31855000 -0.00199205
0.31860000 -0.00198898
0.31865000 -0.00198591
0.31870000 -0.00198285
0.31875000 -0.00197978
0.31880000 -0.00197671
0.31885000 -0.00197364
0.31890000 -0.00197057
0.31895000 -0.00196750
0.31900000 -0.00196443
0.31905000 -0.00196137
0.31910000 -0.00195830
0.31915000 -0.00195523
0.31920000 -0.00195216
0.31925000 -0.00194909
0.31930000 -0.00194602
0.31935000 -0.00194296
0.31940000 -0.00193989
0.31945000 -0.00193682
0.31950000 -0.00193375
0.31955000 -0.00193068
0.31960000 -0.00192762
0.31965000 -0.00192455
0.31970000 -0.00192148
0.31975000 -0.00191841
0.31980000 -0.00191534
0.31985000 -0.00191228
0.31990000 -0.00190921
0.31995000 -0.00190614
0.32000000 -0.00190307
0.32005000 -0.00190000
0.32010000 -0.00189694
0.32015000 -0.00189387
0.32020000 -0.00189080
0.32025000 -0.00188773
0.32030000 -0.00188467
0.32035000 -0.00188160
0.32040000 -0.00187853
0.32045000 -0.00187546
0.32050000 -0.00187239
0.32055000 -0.00186933
0.32060000 -0.00186626
0.32065000 -0.00186319
0.32070000 -0.00186013
0.32075000 -0.00185706
0.32080000 -0.00185399
0.32085000 -0.00185092
0.32090000 -0.00184786
0.32095000 -0.00184479
0.32100000 -0.00184172
0.32105000 -0.00183865
0.32110000 -0.00183559
0.32115000 -0.00183252
0.32120000 -0.00182945
0.32125000 -0.00182639
0.32130000 -0.00182332
0.32135000 -0.00182025
0.32140000 -0.00181719
0.32145000 -0.00181412
0.32150000 -0.00181105
0.32155000 -0.00180799
0.32160000 -0.00180492
0.32165000 -0.00180185
0.32170000 -0.00179879
0.32175000 -0.00179572
0.32180000 -0.00179265
0.32185000 -0.00178959
0.32190000 -0.00178652
0.32195000 -0.00178345
0.32200000 -0.00178039
0.32205000 -0.00177732
0.32210000 -0.00177425
0.32215000 -0.00177119
0.32220000 -0.00176812
0.32225000 -0.00176505
0.32230000 -0.00176199
0.32235000 -0.00175892
0.32240000 -0.00175586
0.32245000 -0.00175279
0.32250000 -0.00174972
0.32255000 -0.00174666
0.32260000 -0.00174359
0.32265000 -0.00174053
0.32270000 -0.00173746
0.32275000 -0.00173439
0.32280000 -0.00173133
0.32285000 -0.00172826
0.32290000 -0.00172520
0.32295000 -0.00172213
0.32300000 -0.00171907
0.32305000 -0.00171600
0.32310000 -0.00171294
0.32315000 -0.00170987
0.32320000 -0.00170680
0.32325000 -0.00170374
0.32330000 -0.00170067
0.32335000 -0.00169761
0.32340000 -0.00169454
0.32345000 -0.00169148
0.32350000 -0.00168841
0.32355000 -0.00168535
0.32360000 -0.00168228
0.32365000 -0.00167922
0.32370000 -0.00167615
0.32375000 -0.00167309
0.32380000 -0.00167002
0.32385000 -0.00166696
0.32390000 -0.00166389
0.32395000 -0.00166083
0.32400000 -0.00165776
0.32405000 -0.00165470
0.32410000 -0.00165163
0.32415000 -0.00164857
0.32420000 -0.00164550
0.32425000 -0.00164244
0.32430000 -0.00163938
0.32435000 -0.00163631
0.32440000 -0.00163325
0.32445000 -0.00163018
0.32450000 -0.00162712
0.32455000 -0.00162405
0.32460000 -0.00162099
0.32465000 -0.00161793
0.32470000 -0.00161486
0.32475000 -0.00161180
0.32480000 -0.00160873
0.32485000 -0.00160567
0.32490000 -0.00160261
0.32495000 -0.00159954
0.32500000 -0.00159648
0.32505000 -0.00159341
0.32510000 -0.00159035
0.32515000 -0.00158729
0.32520000 -0.00158422
0.32525000 -0.00158116
0.32530000 -0.00157810
0.32535000 -0.00157503
0.32540000 -0.00157197
0.32545000 -0.00156891
0.32550000 -0.00156584
0.32555000 -0.00156278
0.32560000 -0.00155972
0.32565000 -0.00155665
0.32570000 -0.00155359
0.32575000 -0.00155053
0.32580000 -0.00154746
0.32585000 -0.00154440
0.32590000 -0.00154134
0.32595000 -0.00153827
0.32600000 -0.00153521
0.32605000 -0.00153215
0.32610000 -0.00152909
0.32615000 -0.00152602
0.32620000 -0.00152296
0.32625000 -0.00151990
0.32630000 -0.00151683
0.32635000 -0.00151377
0.32640000 -0.00151071
0.32645000 -0.00150765
0.32650000 -0.00150458
0.32655000 -0.00150152
0.32660000 -0.00149846
0.32665000 -0.00149540
0.32670000 -0.00149234
0.32675000 -0.00148927
0.32680000 -0.00148621
0.32685000 -0.00148315
0.32690000 -0.00148009
0.32695000 -0.00147703
0.32700000 -0.00147396
0.32705000 -0.00147090
0.32710000 -0.00146784
0.32715000 -0.00146478
0.32720000 -0.00146172
0.32725000 -0.00145866
0.32730000 -0.00145559
0.32735000 -0.00145253
0.32740000 -0.00144947
0.32745000 -0.00144641
0.32750000 -0.00144335
0.32755000 -0.00144029
0.32760000 -0.00143723
0.32765000 -0.00143416
0.32770000 -0.00143110
0.32775000 -0.00142804
0.32780000 -0.00142498
0.32785000 -0.00142192
0.32790000 -0.00141886
0.32795000 -0.00141580
0.32800000 -0.00141274
0.32805000 -0.00140968
0.32810000 -0.00140662
0.32815000 -0.00140356
0.32820000 -0.00140049
0.32825000 -0.00139743
0.32830000 -0.00139437
0.32835000 -0.00139131
0.32840000 -0.00138825
0.32845000 -0.00138519
0.32850000 -0.00138213
0.32855000 -0.00137907
0.32860000 -0.00137601
0.32865000 -0.00137295
0.32870000 -0.00136989
0.32875000 -0.00136683
0.32880000 -0.00136377
0.32885000 -0.00136071
0.32890000 -0.00135765
0.32895000 -0.00135459
0.32900000 -0.00135153
0.32905000 -0.00134847
0.32910000 -0.00134541
0.32915000 -0.00134235
0.32920000 -0.00133930
0.32925000 -0.00133624
0.32930000 -0.00133318
0.32935000 -0.00133012
0.32940000 -0.00132706
0.32945000 -0.00132400
0.32950000 -0.00132094
0.32955000 -0.00131788
0.32960000 -0.00131482
0.32965000 -0.00131176
0.32970000 -0.00130870
0.32975000 -0.00130565
0.32980000 -0.00130259
0.32985000 -0.00129953
0.32990000 -0.00129647
0.32995000 -0.00129341
0.33000000 -0.00129035
0.33005000 -0.00128729
0.33010000 -0.00128424
0.33015000 -0.00128118
0.33020000 -0.00127812
0.33025000 -0.00127506
0.33030000 -0.00127200
0.33035000 -0.00126894
0.33040000 -0.00126589
0.33045000 -0.00126283
0.33050000 -0.00125977
0.33055000 -0.00125671
0.33060000 -0.00125366
0.33065000 -0.00125060
0.33070000 -0.00124754
0.33075000 -0.00124448
0.33080000 -0.00124142
0.33085000 -0.00123837
0.33090000 -0.00123531
0.33095000 -0.00123225
0.33100000 -0.00122920
0.33105000 -0.00122614
0.33110000 -0.00122308
0.33115000 -0.00122002
0.33120000 -0.00121697
0.33125000 -0.00121391
0.33130000 -0.00121085
0.33135000 -0.00120780
0.33140000 -0.00120474
0.33145000 -0.00120168
0.33150000 -0.00119863
0.33155000 -0.00119557
0.33160000 -0.00119251
0.33165000 -0.00118946
0.33170000 -0.00118640
0.33175000 -0.00118334
0.33180000 -0.00118029
0.33185000 -0.00117723
0.33190000 -0.00117418
0.33195000 -0.00117112
0.33200000 -0.00116806
0.33205000 -0.00116501
0.33210000 -0.00116195
0.33215000 -0.00115890
0.33220000 -0.00115584
0.33225000 -0.00115278
0.33230000 -0.00114973
0.33235000 -0.00114667
0.33240000 -0.00114362
0.33245000 -0.00114056
0.33250000 -0.00113751
0.33255000 -0.00113445
0.33260000 -0.00113140
0.33265000 -0.00112834
0.33270000 -0.00112529
0.33275000 -0.00112223
0.33280000 -0.00111918
0.33285000 -0.00111612
0.33290000 -0.00111307
0.33295000 -0.00111001
0.33300000 -0.00110696
0.33305000 -0.00110390
0.33310000 -0.00110085
0.33315000 -0.00109779
0.33320000 -0.00109474
0.33325000 -0.00109169
0.33330000 -0.00108863
0.33335000 -0.00108558
0.33340000 -0.00108252
0.33345000 -0.00107947
0.33350000 -0.00107642
0.33355000 -0.00107336
0.33360000 -0.00107031
0.33365000 -0.00106725
0.33370000 -0.00106420
0.33375000 -0.00106115
0.33380000 -0.00105809
0.33385000 -0.00105504
0.33390000 -0.00105199
0.33395000 -0.00104893
0.33400000 -0.00104588
0.33405000 -0.00104283
0.33410000 -0.00103977
0.33415000 -0.00103672
0.33420000 -0.00103367
0.33425000 -0.00103061
0.33430000 -0.00102756
0.33435000 -0.00102451
0.33440000 -0.00102146
0.33445000 -0.00101840
0.33450000 -0.00101535
0.33455000 -0.00101230
0.33460000 -0.00100925
0.33465000 -0.00100619
0.33470000 -0.00100314
0.33475000 -0.00100009
0.33480000 -0.00099704
0.33485000 -0.00099399
0.33490000 -0.00099093
0.33495000 -0.00098788
0.33500000 -0.00098483
0.33505000 -0.00098178
0.33510000 -0.00097873
0.33515000 -0.00097568
0.33520000 -0.00097262
0.33525000 -0.00096957
0.33530000 -0.00096652
0.33535000 -0.00096347
0.33540000 -0.00096042
0.33545000 -0.00095737
0.33550000 -0.00095432
0.33555000 -0.00095127
0.33560000 -0.00094821
0.33565000 -0.00094516
0.33570000 -0.00094211
0.33575000 -0.00093906
0.33580000 -0.00093601
0.33585000 -0.00093296
0.33590000 -0.00092991
0.33595000 -0.00092686
0.33600000 -0.00092381
0.33605000 -0.00092076
0.33610000 -0.00091771
0.33615000 -0.00091466
0.33620000 -0.00091161
0.33625000 -0.00090856
0.33630000 -0.00090551
0.33635000 -0.00090246
0.33640000 -0.00089941
0.33645000 -0.00089636
0.33650000 -0.00089331
0.33655000 -0.00089026
0.33660000 -0.00088721
0.33665000 -0.00088416
0.33670000 -0.00088111
0.33675000 -0.00087807
0.33680000 -0.00087502
0.33685000 -0.00087197
0.33690000 -0.00086892
0.33695000 -0.00086587
0.33700000 -0.00086282
0.33705000 -0.00085977
0.33710000 -0.00085672
0.33715000 -0.00085368
0.33720000 -0.00085063
0.33725000 -0.00084758
0.33730000 -0.00084453
0.33735000 -0.00084148
0.33740000 -0.00083843
0.33745000 -0.00083539
0.33750000 -0.00083234
0.33755000 -0.00082929
0.33760000 -0.00082624
0.33765000 -0.00082319
0.33770000 -0.00082015
0.33775000 -0.00081710
0.33780000 -0.00081405
0.33785000 -0.00081100
0.33790000 -0.00080796
0.33795000 -0.00080491
0.33800000 -0.00080186
0.33805000 -0.00079882
0.33810000 -0.00079577
0.33815000 -0.00079272
0.33820000 -0.00078968
0.33825000 -0.00078663
0.33830000 -0.00078358
0.33835000 -0.00078054
0.33840000 -0.00077749
0.33845000 -0.00077444
0.33850000 -0.00077140
0.33855000 -0.00076835
0.33860000 -0.00076530
0.33865000 -0.00076226
0.33870000 -0.00075921
0.33875000 -0.00075617
0.33880000 -0.00075312
0.33885000 -0.00075008
0.33890000 -0.00074703
0.33895000 -0.00074398
0.33900000 -0.00074094
0.33905000 -0.00073789
0.33910000 -0.00073485
0.33915000 -0.00073180
0.33920000 -0.00072876
0.33925000 -0.00072571
0.33930000 -0.00072267
0.33935000 -0.00071962
0.33940000 -0.00071658
0.33945000 -0.00071353
0.33950000 -0.00071049
0.33955000 -0.00070744
0.33960000 -0.00070440
0.33965000 -0.00070136
0.33970000 -0.00069831
0.33975000 -0.00069527
0.33980000 -0.00069222
0.33985000 -0.00068918
0.33990000 -0.00068614
0.33995000 -0.00068309
0.34000000 -0.00068005
0.34005000 -0.00067700
0.34010000 -0.00067396
0.34015000 -0.00067092
0.34020000 -0.00066787
0.34025000 -0.00066483
0.34030000 -0.00066179
0.34035000 -0.00065874
0.34040000 -0.00065570
0.34045000 -0.00065266
0.34050000 -0.00064962
0.34055000 -0.00064657
0.34060000 -0.00064353
0.34065000 -0.00064049
0.34070000 -0.00063745
0.34075000 -0.00063440
0.34080000 -0.00063136
0.34085000 -0.00062832
0.34090000 -0.00062528
0.34095000 -0.00062223
0.34100000 -0.00061919
0.34105000 -0.00061615
0.34110000 -0.00061311
0.34115000 -0.00061007
0.34120000 -0.00060703
0.34125000 -0.00060398
0.34130000 -0.00060094
0.34135000 -0.00059790
0.34140000 -0.00059486
0.34145000 -0.00059182
0.34150000 -0.00058878
0.34155000 -0.00058574
0.34160000 -0.00058270
0.34165000 -0.00057966
0.34170000 -0.00057661
0.34175000 -0.00057357
0.34180000 -0.00057053
0.34185000 -0.00056749
0.34190000 -0.00056445
0.34195000 -0.00056141
0.34200000 -0.00055837
0.34205000 -0.00055533
0.34210000 -0.00055229
0.34215000 -0.00054925
0.34220000 -0.00054621
0.34225000 -0.00054317
0.34230000 -0.00054013
0.34235000 -0.00053709
0.34240000 -0.00053406
0.34245000 -0.00053102
0.34250000 -0.00052798
0.34255000 -0.00052494
0.34260000 -0.00052190
0.34265000 -0.00051886
0.34270000 -0.00051582
0.34275000 -0.00051278
0.34280000 -0.00050974
0.34285000 -0.00050671
0.34290000 -0.00050367
0.34295000 -0.00050063
0.34300000 -0.00049759
0.34305000 -0.00049455
0.34310000 -0.00049151
0.34315000 -0.00048848
0.34320000 -0.00048544
0.34325000 -0.00048240
0.34330000 -0.00047936
0.34335000 -0.00047633
0.34340000 -0.00047329
0.34345000 -0.00047025
0.34350000 -0.00046721
0.34355000 -0.00046418
0.34360000 -0.00046114
0.34365000 -0.00045810
0.34370000 -0.00045507
0.34375000 -0.00045203
0.34380000 -0.00044899
0.34385000 -0.00044596
0.34390000 -0.00044292
0.34395000 -0.00043988
0.34400000 -0.00043685
0.34405000 -0.00043381
0.34410000 -0.00043077
0.34415000 -0.00042774
0.34420000 -0.00042470
0.34425000 -0.00042167
0.34430000 -0.00041863
0.34435000 -0.00041560
0.34440000 -0.00041256
0.34445000 -0.00040952
0.34450000 -0.00040649
0.34455000 -0.00040345
0.34460000 -0.00040042
0.34465000 -0.00039738
0.34470000 -0.00039435
0.34475000 -0.00039131
0.34480000 -0.00038828
0.34485000 -0.00038525
0.34490000 -0.00038221
0.34495000 -0.00037918
0.34500000 -0.00037614
0.34505000 -0.00037311
0.34510000 -0.00037007
0.34515000 -0.00036704
0.34520000 -0.00036401
0.34525000 -0.00036097
0.34530000 -0.00035794
0.34535000 -0.00035491
0.34540000 -0.00035187
0.34545000 -0.00034884
0.34550000 -0.00034581
0.34555000 -0.00034277
0.34560000 -0.00033974
0.34565000 -0.00033671
0.34570000 -0.00033367
0.34575000 -0.00033064
0.34580000 -0.00032761
0.34585000 -0.00032458
0.34590000 -0.00032154
0.34595000 -0.00031851
0.34600000 -0.00031548
0.34605000 -0.00031245
0.34610000 -0.00030941
0.34615000 -0.00030638
0.34620000 -0.00030335
0.34625000 -0.00030032
0.34630000 -0.00029729
0.34635000 -0.00029426
0.34640000 -0.00029122
0.34645000 -0.00028819
0.34650000 -0.00028516
0.34655000 -0.00028213
0.34660000 -0.00027910
0.34665000 -0.00027607
0.34670000 -0.00027304
0.34675000 -0.00027001
0.34680000 -0.00026698
0.34685000 -0.00026395
0.34690000 -0.00026092
0.34695000 -0.00025789
0.34700000 -0.00025486
0.34705000 -0.00025183
0.34710000 -0.00024880
0.34715000 -0.00024577
0.34720000 -0.00024274
0.34725000 -0.00023971
0.34730000 -0.00023668
0.34735000 -0.00023365
0.34740000 -0.00023062
0.34745000 -0.00022759
0.34750000 -0.00022456
0.34755000 -0.00022153
0.34760000 -0.00021850
0.34765000 -0.00021547
0.34770000 -0.00021245
0.34775000 -0.00020942
0.34780000 -0.00020639
0.34785000 -0.00020336
0.34790000 -0.00020033
0.34795000 -0.00019730
0.34800000 -0.00019428
0.34805000 -0.00019125
0.34810000 -0.00018822
0.34815000 -0.00018519
0.34820000 -0.00018217
0.34825000 -0.00017914
0.34830000 -0.00017611
0.34835000 -0.00017308
0.34840000 -0.00017006
0.34845000 -0.00016703
0.34850000 -0.00016400
0.34855000 -0.00016098
0.34860000 -0.00015795
0.34865000 -0.00015492
0.34870000 -0.00015190
0.34875000 -0.00014887
0.34880000 -0.00014584
0.34885000 -0.00014282
0.34890000 -0.00013979
0.34895000 -0.00013677
0.34900000 -0.00013374
0.34905000 -0.00013072
0.34910000 -0.00012769
0.34915000 -0.00012466
0.34920000 -0.00012164
0.34925000 -0.00011861
0.34930000 -0.00011559
0.34935000 -0.00011256
0.34940000 -0.00010954
0.34945000 -0.00010652
0.34950000 -0.00010349
0.34955000 -0.00010047
0.34960000 -0.00009744
0.34965000 -0.00009442
0.34970000 -0.00009139
0.34975000 -0.00008837
0.34980000 -0.00008535
0.34985000 -0.00008232
0.34990000 -0.00007930
0.34995000 -0.00007627
0.35000000 -0.00007325
0.35005000 -0.00007023
0.35010000 -0.00006720
0.35015000 -0.00006418
0.35020000 -0.00006116
0.35025000 -0.00005814
0.35030000 -0.00005511
0.35035000 -0.00005209
0.35040000 -0.00004907
0.35045000 -0.00004605
0.35050000 -0.00004302
0.35055000 -0.00004000
0.35060000 -0.00003698
0.35065000 -0.00003396
0.35070000 -0.00003093
0.35075000 -0.00002791
0.35080000 -0.00002489
0.35085000 -0.00002187
0.35090000 -0.00001885
0.35095000 -0.00001583
0.35100000 -0.00001281
0.35105000 -0.00000979
0.35110000 -0.00000676
0.35115000 -0.00000374
0.35120000 -0.00000072
0.35125000 0.00000230
0.35130000 0.00000532
0.35135000 0.00000834
0.35140000 0.00001136
0.35145000 0.00001438
0.35150000 0.00001740
0.35155000 0.00002042
0.35160000 0.00002344
0.35165000 0.00002646
0.35170000 0.00002948
0.35175000 0.00003250
0.35180000 0.00003551
0.35185000 0.00003853
0.35190000 0.00004155
0.35195000 0.00004457
0.35200000 0.00004759
0.35205000 0.00005061
0.35210000 0.00005363
0.35215000 0.00005665
0.35220000 0.00005966
0.35225000 0.00006268
0.35230000 0.00006570
0.35235000 0.00006872
0.35240000 0.00007174
0.35245000 0.00007475
0.35250000 0.00007777
0.35255000 0.00008079
0.35260000 0.00008381
0.35265000 0.00008682
0.35270000 0.00008984
0.35275000 0.00009286
0.35280000 0.00009587
0.35285000 0.00009889
0.35290000 0.00010191
0.35295000 0.00010492
0.35300000 0.00010794
0.35305000 0.00011096
0.35310000 0.00011397
0.35315000 0.00011699
0.35320000 0.00012000
0.35325000 0.00012302
0.35330000 0.00012603
0.35335000 0.00012905
0.35340000 0.00013207
0.35345000 0.00013508
0.35350000 0.00013810
0.35355000 0.00014111
0.35360000 0.00014412
0.35365000 0.00014714
0.35370000 0.00015015
0.35375000 0.00015317
0.35380000 0.00015618
0.35385000 0.00015920
0.35390000 0.00016221
0.35395000 0.00016522
0.35400000 0.00016824
0.35405000 0.00017125
0.35410000 0.00017427
0.35415000 0.00017728
0.35420000 0.00018029
0.35425000 0.00018331
0.35430000 0.00018632
0.35435000 0.00018933
0.35440000 0.00019234
0.35445000 0.00019536
0.35450000 0.00019837
0.35455000 0.00020138
0.35460000 0.00020439
0.35465000 0.00020741
0.35470000 0.00021042
0.35475000 0.00021343
0.35480000 0.00021644
0.35485000 0.00021945
0.35490000 0.00022246
0.35495000 0.00022548
0.35500000 0.00022849
0.35505000 0.00023150
0.35510000 0.00023451
0.35515000 0.00023752
0.35520000 0.00024053
0.35525000 0.00024354
0.35530000 0.00024655
0.35535000 0.00024956
0.35540000 0.00025257
0.35545000 0.00025558
0.35550000 0.00025859
0.35555000 0.00026160
0.35560000 0.00026461
0.35565000 0.00026762
0.35570000 0.00027063
0.35575000 0.00027364
0.35580000 0.00027665
0.35585000 0.00027966
0.35590000 0.00028267
0.35595000 0.00028568
0.35600000 0.00028868
0.35605000 0.00029169
0.35610000 0.00029470
0.35615000 0.00029771
0.35620000 0.00030072
0.35625000 0.00030373
0.35630000 0.00030673
0.35635000 0.00030974
0.35640000 0.00031275
0.35645000 0.00031576
0.35650000 0.00031876
0.35655000 0.00032177
0.35660000 0.00032478
0.35665000 0.00032778
0.35670000 0.00033079
0.35675000 0.00033380
0.35680000 0.00033680
0.35685000 0.00033981
0.35690000 0.00034282
0.35695000 0.00034582
0.35700000 0.00034883
0.35705000 0.00035183
0.35710000 0.00035484
0.35715000 0.00035785
0.35720000 0.00036085
0.35725000 0.00036386
0.35730000 0.00036686
0.35735000 0.00036987
0.35740000 0.00037287
0.35745000 0.00037588
0.35750000 0.00037888
0.35755000 0.00038189
0.35760000 0.00038489
0.35765000 0.00038789
0.35770000 0.00039090
0.35775000 0.00039390
0.35780000 0.00039691
0.35785000 0.00039991
0.35790000 0.00040291
0.35795000 0.00040592
0.35800000 0.00040892
0.35805000 0.00041192
0.35810000 0.00041493
0.35815000 0.00041793
0.35820000 0.00042093
0.35825000 0.00042393
0.35830000 0.00042694
0.35835000 0.00042994
0.35840000 0.00043294
0.35845000 0.00043594
0.35850000 0.00043894
0.35855000 0.00044195
0.35860000 0.00044495
0.35865000 0.00044795
0.35870000 0.00045095
0.35875000 0.00045395
0.35880000 0.00045695
0.35885000 0.00045995
0.35890000 0.00046295
0.35895000 0.00046595
0.35900000 0.00046895
0.35905000 0.00047196
0.35910000 0.00047496
0.35915000 0.00047796
0.35920000 0.00048096
0.35925000 0.00048395
0.35930000 0.00048695
0.35935000 0.00048995
0.35940000 0.00049295
0.35945000 0.00049595
0.35950000 0.00049895
0.35955000 0.00050195
0.35960000 0.00050495
0.35965000 0.00050795
0.35970000 0.00051095
0.35975000 0.00051394
0.35980000 0.00051694
0.35985000 0.00051994
0.35990000 0.00052294
0.35995000 0.00052594
0.36000000 0.00052893
0.36005000 0.00053193
0.36010000 0.00053493
0.36015000 0.00053793
0.36020000 0.00054092
0.36025000 0.00054392
0.36030000 0.00054692
0.36035000 0.00054991
0.36040000 0.00055291
0.36045000 0.00055591
0.36050000 0.00055890
0.36055000 0.00056190
0.36060000 0.00056489
0.36065000 0.00056789
0.36070000 0.00057089
0.36075000 0.00057388
0.36080000 0.00057688
0.36085000 0.00057987
0.36090000 0.00058287
0.36095000 0.00058586
0.36100000 0.00058886
0.36105000 0.00059185
0.36110000 0.00059485
0.36115000 0.00059784
0.36120000 0.00060083
0.36125000 0.00060383
0.36130000 0.00060682
0.36135000 0.00060982
0.36140000 0.00061281
0.36145000 0.00061580
0.36150000 0.00061880
0.36155000 0.00062179
0.36160000 0.00062478
0.36165000 0.00062777
0.36170000 0.00063077
0.36175000 0.00063376
0.36180000 0.00063675
0.36185000 0.00063974
0.36190000 0.00064274
0.36195000 0.00064573
0.36200000 0.00064872
0.36205000 0.00065171
0.36210000 0.00065470
0.36215000 0.00065769
0.36220000 0.00066069
0.36225000 0.00066368
0.36230000 0.00066667
0.36235000 0.00066966
0.36240000 0.00067265
0.36245000 0.00067564
0.36250000 0.00067863
0.36255000 0.00068162
0.36260000 0.00068461
0.36265000 0.00068760
0.36270000 0.00069059
0.36275000 0.00069358
0.36280000 0.00069657
0.36285000 0.00069956
0.36290000 0.00070255
0.36295000 0.00070554
0.36300000 0.00070852
0.36305000 0.00071151
0.36310000 0.00071450
0.36315000 0.00071749
0.36320000 0.00072048
0.36325000 0.00072347
0.36330000 0.00072645
0.36335000 0.00072944
0.36340000 0.00073243
0.36345000 0.00073542
0.36350000 0.00073840
0.36355000 0.00074139
0.36360000 0.00074438
0.36365000 0.00074736
0.36370000 0.00075035
0.36375000 0.00075334
0.36380000 0.00075632
0.36385000 0.00075931
0.36390000 0.00076230
0.36395000 0.00076528
0.36400000 0.00076827
0.36405000 0.00077125
0.36410000 0.00077424
0.36415000 0.00077722
0.36420000 0.00078021
0.36425000 0.00078319
0.36430000 0.00078618
0.36435000 0.00078916
0.36440000 0.00079215
0.36445000 0.00079513
0.36450000 0.00079812
0.36455000 0.00080110
0.36460000 0.00080408
0.36465000 0.00080707
0.36470000 0.00081005
0.36475000 0.00081303
0.36480000 0.00081602
0.36485000 0.00081900
0.36490000 0.00082198
0.36495000 0.00082497
0.36500000 0.00082795
0.36505000 0.00083093
0.36510000 0.00083391
0.36515000 0.00083690
0.36520000 0.00083988
0.36525000 0.00084286
0.36530000 0.00084584
0.36535000 0.00084882
0.36540000 0.00085180
0.36545000 0.00085479
0.36550000 0.00085777
0.36555000 0.00086075
0.36560000 0.00086373
0.36565000 0.00086671
0.36570000 0.00086969
0.36575000 0.00087267
0.36580000 0.00087565
0.36585000 0.00087863
0.36590000 0.00088161
0.36595000 0.00088459
0.36600000 0.00088757
0.36605000 0.00089055
0.36610000 0.00089353
0.36615000 0.00089651
0.36620000 0.00089948
0.36625000 0.00090246
0.36630000 0.00090544
0.36635000 0.00090842
0.36640000 0.00091140
0.36645000 0.00091438
0.36650000 0.00091735
0.36655000 0.00092033
0.36660000 0.00092331
0.36665000 0.00092629
0.36670000 0.00092926
0.36675000 0.00093224
0.36680000 0.00093522
0.36685000 0.00093819
0.36690000 0.00094117
0.36695000 0.00094415
0.36700000 0.00094712
0.36705000 0.00095010
0.36710000 0.00095308
0.36715000 0.00095605
0.36720000 0.00095903
0.36725000 0.00096200
0.36730000 0.00096498
0.36735000 0.00096795
0.36740000 0.00097093
0.36745000 0.00097390
0.36750000 0.00097688
0.36755000 0.00097985
0.36760000 0.00098283
0.36765000 0.00098580
0.36770000 0.00098877
0.36775000 0.00099175
0.36780000 0.00099472
0.36785000 0.00099769
0.36790000 0.00100067
0.36795000 0.00100364
0.36800000 0.00100661
0.36805000 0.00100959
0.36810000 0.00101256
0.36815000 0.00101553
0.36820000 0.00101850
0.36825000 0.00102148
0.36830000 0.00102445
0.36835000 0.00102742
0.36840000 0.00103039
0.36845000 0.00103336
0.36850000 0.00103633
0.36855000 0.00103931
0.36860000 0.00104228
0.36865000 0.00104525
0.36870000 0.00104822
0.36875000 0.00105119
0.36880000 0.00105416
0.36885000 0.00105713
0.36890000 0.00106010
0.36895000 0.00106307
0.36900000 0.00106604
0.36905000 0.00106901
0.36910000 0.00107198
0.36915000 0.00107495
0.36920000 0.00107791
0.36925000 0.00108088
0.36930000 0.00108385
0.36935000 0.00108682
0.36940000 0.00108979
0.36945000 0.00109276
0.36950000 0.00109572
0.36955000 0.00109869
0.36960000 0.00110166
0.36965000 0.00110463
0.36970000 0.00110759
0.36975000 0.00111056
0.36980000 0.00111353
0.36985000 0.00111650
0.36990000 0.00111946
0.36995000 0.00112243
0.37000000 0.00112539
0.37005000 0.00112836
0.37010000 0.00113133
0.37015000 0.00113429
0.37020000 0.00113726
0.37025000 0.00114022
0.37030000 0.00114319
0.37035000 0.00114615
0.37040000 0.00114912
0.37045000 0.00115208
0.37050000 0.00115505
0.37055000 0.00115801
0.37060000 0.00116098
0.37065000 0.00116394
0.37070000 0.00116690
0.37075000 0.00116987
0.37080000 0.00117283
0.37085000 0.00117579
0.37090000 0.00117876
0.37095000 0.00118172
0.37100000 0.00118468
0.37105000 0.00118765
0.37110000 0.00119061
0.37115000 0.00119357
0.37120000 0.00119653
0.37125000 0.00119949
0.37130000 0.00120246
0.37135000 0.00120542
0.37140000 0.00120838
0.37145000 0.00121134
0.37150000 0.00121430
0.37155000 0.00121726
0.37160000 0.00122022
0.37165000 0.00122318
0.37170000 0.00122614
0.37175000 0.00122910
0.37180000 0.00123206
0.37185000 0.00123502
0.37190000 0.00123798
0.37195000 0.00124094
0.37200000 0.00124390
0.37205000 0.00124686
0.37210000 0.00124982
0.37215000 0.00125278
0.37220000 0.00125574
0.37225000 0.00125870
0.37230000 0.00126165
0.37235000 0.00126461
0.37240000 0.00126757
0.37245000 0.00127053
0.37250000 0.00127348
0.37255000 0.00127644
0.37260000 0.00127940
0.37265000 0.00128236
0.37270000 0.00128531
0.37275000 0.00128827
0.37280000 0.00129123
0.37285000 0.00129418
0.37290000 0.00129714
0.37295000 0.00130009
0.37300000 0.00130305
0.37305000 0.00130601
0.37310000 0.00130896
0.37315000 0.00131192
0.37320000 0.00131487
0.37325000 0.00131783
0.37330000 0.00132078
0.37335000 0.00132374
0.37340000 0.00132669
0.37345000 0.00132964
0.37350000 0.00133260
0.37355000 0.00133555
0.37360000 0.00133850
0.37365000 0.00134146
0.37370000 0.00134441
0.37375000 0.00134736
0.37380000 0.00135032
0.37385000 0.00135327
0.37390000 0.00135622
0.37395000 0.00135917
0.37400000 0.00136213
0.37405000 0.00136508
0.37410000 0.00136803
0.37415000 0.00137098
0.37420000 0.00137393
0.37425000 0.00137688
0.37430000 0.00137984
0.37435000 0.00138279
0.37440000 0.00138574
0.37445000 0.00138869
0.37450000 0.00139164
0.37455000 0.00139459
0.37460000 0.00139754
0.37465000 0.00140049
0.37470000 0.00140344
0.37475000 0.00140639
0.37480000 0.00140934
0.37485000 0.00141228
0.37490000 0.00141523
0.37495000 0.00141818
0.37500000 0.00142113
0.37505000 0.00142408
0.37510000 0.00142703
0.37515000 0.00142997
0.37520000 0.00143292
0.37525000 0.00143587
0.37530000 0.00143882
0.37535000 0.00144176
0.37540000 0.00144471
0.37545000 0.00144766
0.37550000 0.00145060
0.37555000 0.00145355
0.37560000 0.00145650
0.37565000 0.00145944
0.37570000 0.00146239
0.37575000 0.00146533
0.37580000 0.00146828
0.37585000 0.00147123
0.37590000 0.00147417
0.37595000 0.00147712
0.37600000 0.00148006
0.37605000 0.00148300
0.37610000 0.00148595
0.37615000 0.00148889
0.37620000 0.00149184
0.37625000 0.00149478
0.37630000 0.00149772
0.37635000 0.00150067
0.37640000 0.00150361
0.37645000 0.00150655
0.37650000 0.00150950
0.37655000 0.00151244
0.37660000 0.00151538
0.37665000 0.00151832
0.37670000 0.00152127
0.37675000 0.00152421
0.37680000 0.00152715
0.37685000 0.00153009
0.37690000 0.00153303
0.37695000 0.00153597
0.37700000 0.00153891
0.37705000 0.00154186
0.37710000 0.00154480
0.37715000 0.00154774
0.37720000 0.00155068
0.37725000 0.00155362
0.37730000 0.00155656
0.37735000 0.00155950
0.37740000 0.00156244
0.37745000 0.00156537
0.37750000 0.00156831
0.37755000 0.00157125
0.37760000 0.00157419
0.37765000 0.00157713
0.37770000 0.00158007
0.37775000 0.00158301
0.37780000 0.00158594
0.37785000 0.00158888
0.37790000 0.00159182
0.37795000 0.00159476
0.37800000 0.00159769
0.37805000 0.00160063
0.37810000 0.00160357
0.37815000 0.00160650
0.37820000 0.00160944
0.37825000 0.00161238
0.37830000 0.00161531
0.37835000 0.00161825
0.37840000 0.00162118
0.37845000 0.00162412
0.37850000 0.00162705
0.37855000 0.00162999
0.37860000 0.00163292
0.37865000 0.00163586
0.37870000 0.00163879
0.37875000 0.00164173
0.37880000 0.00164466
0.37885000 0.00164759
0.37890000 0.00165053
0.37895000 0.00165346
0.37900000 0.00165639
0.37905000 0.00165933
0.37910000 0.00166226
0.37915000 0.00166519
0.37920000 0.00166813
0.37925000 0.00167106
0.37930000 0.00167399
0.37935000 0.00167692
0.37940000 0.00167985
0.37945000 0.00168278
0.37950000 0.00168572
0.37955000 0.00168865
0.37960000 0.00169158
0.37965000 0.00169451
0.37970000 0.00169744
0.37975000 0.00170037
0.37980000 0.00170330
0.37985000 0.00170623
0.37990000 0.00170916
0.37995000 0.00171209
0.38000000 0.00171502
0.38005000 0.00171795
0.38010000 0.00172088
0.38015000 0.00172380
0.38020000 0.00172673
0.38025000 0.00172966
0.38030000 0.00173259
0.38035000 0.00173552
0.38040000 0.00173844
0.38045000 0.00174137
0.38050000 0.00174430
0.38055000 0.00174723
0.38060000 0.00175015
0.38065000 0.00175308
0.38070000 0.00175601
0.38075000 0.00175893
0.38080000 0.00176186
0.38085000 0.00176478
0.38090000 0.00176771
0.38095000 0.00177064
0.38100000 0.00177356
0.38105000 0.00177649
0.38110000 0.00177941
0.38115000 0.00178234
0.38120000 0.00178526
0.38125000 0.00178818
0.38130000 0.00179111
0.38135000 0.00179403
0.38140000 0.00179696
0.38145000 0.00179988
0.38150000 0.00180280
0.38155000 0.00180573
0.38160000 0.00180865
0.38165000 0.00181157
0.38170000 0.00181449
0.38175000 0.00181742
0.38180000 0.00182034
0.38185000 0.00182326
0.38190000 0.00182618
0.38195000 0.00182910
0.38200000 0.00183202
0.38205000 0.00183495
0.38210000 0.00183787
0.38215000 0.00184079
0.38220000 0.00184371
0.38225000 0.00184663
0.38230000 0.00184955
0.38235000 0.00185247
0.38240000 0.00185539
0.38245000 0.00185831
0.38250000 0.00186123
0.38255000 0.00186414
0.38260000 0.00186706
0.38265000 0.00186998
0.38270000 0.00187290
0.38275000 0.00187582
0.38280000 0.00187874
0.38285000 0.00188165
0.38290000 0.00188457
0.38295000 0.00188749
0.38300000 0.00189041
0.38305000 0.00189332
0.38310000 0.00189624
0.38315000 0.00189916
0.38320000 0.00190207
0.38325000 0.00190499
0.38330000 0.00190790
0.38335000 0.00191082
0.38340000 0.00191373
0.38345000 0.00191665
0.38350000 0.00191957
0.38355000 0.00192248
0.38360000 0.00192539
0.38365000 0.00192831
0.38370000 0.00193122
0.38375000 0.00193414
0.38380000 0.00193705
0.38385000 0.00193996
0.38390000 0.00194288
0.38395000 0.00194579
0.38400000 0.00194870
0.38405000 0.00195162
0.38410000 0.00195453
0.38415000 0.00195744
0.38420000 0.00196035
0.38425000 0.00196327
0.38430000 0.00196618
0.38435000 0.00196909
0.38440000 0.00197200
0.38445000 0.00197491
0.38450000 0.00197782
0.38455000 0.00198073
0.38460000 0.00198364
0.38465000 0.00198655
0.38470000 0.00198946
0.38475000 0.00199237
0.38480000 0.00199528
0.38485000 0.00199819
0.38490000 0.00200110
0.38495000 0.00200401
0.38500000 0.00200692
0.38505000 0.00200983
0.38510000 0.00201274
0.38515000 0.00201564
0.38520000 0.00201855
0.38525000 0.00202146
0.38530000 0.00202437
0.38535000 0.00202727
0.38540000 0.00203018
0.38545000 0.00203309
0.38550000 0.00203599
0.38555000 0.00203890
0.38560000 0.00204181
0.38565000 0.00204471
0.38570000 0.00204762
0.38575000 0.00205052
0.38580000 0.00205343
0.38585000 0.00205633
0.38590000 0.00205924
0.38595000 0.00206214
0.38600000 0.00206505
0.38605000 0.00206795
0.38610000 0.00207086
0.38615000 0.00207376
0.38620000 0.00207666
0.38625000 0.00207957
0.38630000 0.00208247
0.38635000 0.00208537
0.38640000 0.00208828
0.38645000 0.00209118
0.38650000 0.00209408
0.38655000 0.00209698
0.38660000 0.00209988
0.38665000 0.00210279
0.38670000 0.00210569
0.38675000 0.00210859
0.38680000 0.00211149
0.38685000 0.00211439
0.38690000 0.00211729
0.38695000 0.00212019
0.38700000 0.00212309
0.38705000 0.00212599
0.38710000 0.00212889
0.38715000 0.00213179
0.38720000 0.00213469
0.38725000 0.00213759
0.38730000 0.00214049
0.38735000 0.00214339
0.38740000 0.00214628
0.38745000 0.00214918
0.38750000 0.00215208
0.38755000 0.00215498
0.38760000 0.00215788
0.38765000 0.00216077
0.38770000 0.00216367
0.38775000 0.00216657
0.38780000 0.00216946
0.38785000 0.00217236
0.38790000 0.00217526
0.38795000 0.00217815
0.38800000 0.00218105
0.38805000 0.00218394
0.38810000 0.00218684
0.38815000 0.00218973
0.38820000 0.00219263
0.38825000 0.00219552
0.38830000 0.00219842
0.38835000 0.00220131
0.38840000 0.00220421
0.38845000 0.00220710
0.38850000 0.00220999
0.38855000 0.00221289
0.38860000 0.00221578
0.38865000 0.00221867
0.38870000 0.00222156
0.38875000 0.00222446
0.38880000 0.00222735
0.38885000 0.00223024
0.38890000 0.00223313
0.38895000 0.00223602
0.38900000 0.00223892
0.38905000 0.00224181
0.38910000 0.00224470
0.38915000 0.00224759
0.38920000 0.00225048
0.38925000 0.00225337
0.38930000 0.00225626
0.38935000 0.00225915
0.38940000 0.00226204
0.38945000 0.00226493
0.38950000 0.00226782
0.38955000 0.00227071
0.38960000 0.00227359
0.38965000 0.00227648
0.38970000 0.00227937
0.38975000 0.00228226
0.38980000 0.00228515
0.38985000 0.00228803
0.38990000 0.00229092
0.38995000 0.00229381
0.39000000 0.00229669
0.39005000 0.00229958
0.39010000 0.00230247
0.39015000 0.00230535
0.39020000 0.00230824
0.39025000 0.00231113
0.39030000 0.00231401
0.39035000 0.00231690
0.39040000 0.00231978
0.39045000 0.00232267
0.39050000 0.00232555
0.39055000 0.00232843
0.39060000 0.00233132
0.39065000 0.00233420
0.39070000 0.00233709
0.39075000 0.00233997
0.39080000 0.00234285
0.39085000 0.00234574
0.39090000 0.00234862
0.39095000 0.00235150
0.39100000 0.00235438
0.39105000 0.00235726
0.39110000 0.00236015
0.39115000 0.00236303
0.39120000 0.00236591
0.39125000 0.00236879
0.39130000 0.00237167
0.39135000 0.00237455
0.39140000 0.00237743
0.39145000 0.00238031
0.39150000 0.00238319
0.39155000 0.00238607
0.39160000 0.00238895
0.39165000 0.00239183
0.39170000 0.00239471
0.39175000 0.00239759
0.39180000 0.00240047
0.39185000 0.00240335
0.39190000 0.00240622
0.39195000 0.00240910
0.39200000 0.00241198
0.39205000 0.00241486
0.39210000 0.00241773
0.39215000 0.00242061
0.39220000 0.00242349
0.39225000 0.00242636
0.39230000 0.00242924
0.39235000 0.00243212
0.39240000 0.00243499
0.39245000 0.00243787
0.39250000 0.00244074
0.39255000 0.00244362
0.39260000 0.00244649
0.39265000 0.00244937
0.39270000 0.00245224
0.39275000 0.00245512
0.39280000 0.00245799
0.39285000 0.00246086
0.39290000 0.00246374
0.39295000 0.00246661
0.39300000 0.00246948
0.39305000 0.00247236
0.39310000 0.00247523
0.39315000 0.00247810
0.39320000 0.00248097
0.39325000 0.00248384
0.39330000 0.00248672
0.39335000 0.00248959
0.39340000 0.00249246
0.39345000 0.00249533
0.39350000 0.00249820
0.39355000 0.00250107
0.39360000 0.00250394
0.39365000 0.00250681
0.39370000 0.00250968
0.39375000 0.00251255
0.39380000 0.00251542
0.39385000 0.00251829
0.39390000 0.00252116
0.39395000 0.00252403
0.39400000 0.00252689
0.39405000 0.00252976
0.39410000 0.00253263
0.39415000 0.00253550
0.39420000 0.00253836
0.39425000 0.00254123
0.39430000 0.00254410
0.39435000 0.00254696
0.39440000 0.00254983
0.39445000 0.00255270
0.39450000 0.00255556
0.39455000 0.00255843
0.39460000 0.00256129
0.39465000 0.00256416
0.39470000 0.00256702
0.39475000 0.00256989
0.39480000 0.00257275
0.39485000 0.00257562
0.39490000 0.00257848
0.39495000 0.00258135
0.39500000 0.00258421
0.39505000 0.00258707
0.39510000 0.00258994
0.39515000 0.00259280
0.39520000 0.00259566
0.39525000 0.00259852
0.39530000 0.00260138
0.39535000 0.00260425
0.39540000 0.00260711
0.39545000 0.00260997
0.39550000 0.00261283
0.39555000 0.00261569
0.39560000 0.00261855
0.39565000 0.00262141
0.39570000 0.00262427
0.39575000 0.00262713
0.39580000 0.00262999
0.39585000 0.00263285
0.39590000 0.00263571
0.39595000 0.00263857
0.39600000 0.00264143
0.39605000 0.00264429
0.39610000 0.00264715
0.39615000 0.00265000
0.39620000 0.00265286
0.39625000 0.00265572
0.39630000 0.00265858
0.39635000 0.00266143
0.39640000 0.00266429
0.39645000 0.00266715
0.39650000 0.00267000
0.39655000 0.00267286
0.39660000 0.00267571
0.39665000 0.00267857
0.39670000 0.00268142
0.39675000 0.00268428
0.39680000 0.00268713
0.39685000 0.00268999
0.39690000 0.00269284
0.39695000 0.00269570
0.39700000 0.00269855
0.39705000 0.00270140
0.39710000 0.00270426
0.39715000 0.00270711
0.39720000 0.00270996
0.39725000 0.00271282
0.39730000 0.00271567
0.39735000 0.00271852
0.39740000 0.00272137
0.39745000 0.00272422
0.39750000 0.00272708
0.39755000 0.00272993
0.39760000 0.00273278
0.39765000 0.00273563
0.39770000 0.00273848
0.39775000 0.00274133
0.39780000 0.00274418
0.39785000 0.00274703
0.39790000 0.00274988
0.39795000 0.00275273
0.39800000 0.00275558
0.39805000 0.00275842
0.39810000 0.00276127
0.39815000 0.00276412
0.39820000 0.00276697
0.39825000 0.00276982
0.39830000 0.00277266
0.39835000 0.00277551
0.39840000 0.00277836
0.39845000 0.00278120
0.39850000 0.00278405
0.39855000 0.00278690
0.39860000 0.00278974
0.39865000 0.00279259
0.39870000 0.00279543
0.39875000 0.00279828
0.39880000 0.00280112
0.39885000 0.00280397
0.39890000 0.00280681
0.39895000 0.00280966
0.39900000 0.00281250
0.39905000 0.00281534
0.39910000 0.00281819
0.39915000 0.00282103
0.39920000 0.00282387
0.39925000 0.00282672
0.39930000 0.00282956
0.39935000 0.00283240
0.39940000 0.00283524
0.39945000 0.00283808
0.39950000 0.00284093
0.39955000 0.00284377
0.39960000 0.00284661
0.39965000 0.00284945
0.39970000 0.00285229
0.39975000 0.00285513
0.39980000 0.00285797
0.39985000 0.00286081
0.39990000 0.00286365
0.39995000 0.00286649
0.40000000 0.00286933
0.40005000 0.00287216
0.40010000 0.00287500
0.40015000 0.00287784
0.40020000 0.00288068
0.40025000 0.00288352
0.40030000 0.00288635
0.40035000 0.00288919
0.40040000 0.00289203
0.40045000 0.00289486
0.40050000 0.00289770
0.40055000 0.00290054
0.40060000 0.00290337
0.40065000 0.00290621
0.40070000 0.00290904
0.40075000 0.00291188
0.40080000 0.00291471
0.40085000 0.00291755
0.40090000 0.00292038
0.40095000 0.00292322
0.40100000 0.00292605
0.40105000 0.00292888
0.40110000 0.00293172
0.40115000 0.00293455
0.40120000 0.00293738
0.40125000 0.00294021
0.40130000 0.00294305
0.40135000 0.00294588
0.40140000 0.00294871
0.40145000 0.00295154
0.40150000 0.00295437
0.40155000 0.00295720
0.40160000 0.00296004
0.40165000 0.00296287
0.40170000 0.00296570
0.40175000 0.00296853
0.40180000 0.00297136
0.40185000 0.00297418
0.40190000 0.00297701
0.40195000 0.00297984
0.40200000 0.00298267
0.40205000 0.00298550
0.40210000 0.00298833
0.40215000 0.00299116
0.40220000 0.00299398
0.40225000 0.00299681
0.40230000 0.00299964
0.40235000 0.00300246
0.40240000 0.00300529
0.40245000 0.00300812
0.40250000 0.00301094
0.40255000 0.00301377
0.40260000 0.00301659
0.40265000 0.00301942
0.40270000 0.00302224
0.40275000 0.00302507
0.40280000 0.00302789
0.40285000 0.00303072
0.40290000 0.00303354
0.40295000 0.00303637
0.40300000 0.00303919
0.40305000 0.00304201
0.40310000 0.00304484
0.40315000 0.00304766
0.40320000 0.00305048
0.40325000 0.00305330
0.40330000 0.00305612
0.40335000 0.00305895
0.40340000 0.00306177
0.40345000 0.00306459
0.40350000 0.00306741
0.40355000 0.00307023
0.40360000 0.00307305
0.40365000 0.00307587
0.40370000 0.00307869
0.40375000 0.00308151
0.40380000 0.00308433
0.40385000 0.00308715
0.40390000 0.00308997
0.40395000 0.00309278
0.40400000 0.00309560
0.40405000 0.00309842
0.40410000 0.00310124
0.40415000 0.00310406
0.40420000 0.00310687
0.40425000 0.00310969
0.40430000 0.00311251
0.40435000 0.00311532
0.40440000 0.00311814
0.40445000 0.00312095
0.40450000 0.00312377
0.40455000 0.00312659
0.40460000 0.00312940
0.40465000 0.00313221
0.40470000 0.00313503
0.40475000 0.00313784
0.40480000 0.00314066
0.40485000 0.00314347
0.40490000 0.00314628
0.40495000 0.00314910
0.40500000 0.00315191
0.40505000 0.00315472
0.40510000 0.00315754
0.40515000 0.00316035
0.40520000 0.00316316
0.40525000 0.00316597
0.40530000 0.00316878
0.40535000 0.00317159
0.40540000 0.00317440
0.40545000 0.00317721
0.40550000 0.00318002
0.40555000 0.00318283
0.40560000 0.00318564
0.40565000 0.00318845
0.40570000 0.00319126
0.40575000 0.00319407
0.40580000 0.00319688
0.40585000 0.00319969
0.40590000 0.00320250
0.40595000 0.00320530
0.40600000 0.00320811
0.40605000 0.00321092
0.40610000 0.00321373
0.40615000 0.00321653
0.40620000 0.00321934
0.40625000 0.00322215
0.40630000 0.00322495
0.40635000 0.00322776
0.40640000 0.00323056
0.40645000 0.00323337
0.40650000 0.00323617
0.40655000 0.00323898
0.40660000 0.00324178
0.40665000 0.00324459
0.40670000 0.00324739
0.40675000 0.00325019
0.40680000 0.00325300
0.40685000 0.00325580
0.40690000 0.00325860
0.40695000 0.00326140
0.40700000 0.00326421
0.40705000 0.00326701
0.40710000 0.00326981
0.40715000 0.00327261
0.40720000 0.00327541
0.40725000 0.00327821
0.40730000 0.00328101
0.40735000 0.00328381
0.40740000 0.00328661
0.40745000 0.00328941
0.40750000 0.00329221
0.40755000 0.00329501
0.40760000 0.00329781
0.40765000 0.00330061
0.40770000 0.00330341
0.40775000 0.00330620
0.40780000 0.00330900
0.40785000 0.00331180
0.40790000 0.00331460
0.40795000 0.00331739
0.40800000 0.00332019
0.40805000 0.00332299
0.40810000 0.00332578
0.40815000 0.00332858
0.40820000 0.00333137
0.40825000 0.00333417
0.40830000 0.00333696
0.40835000 0.00333976
0.40840000 0.00334255
0.40845000 0.00334535
0.40850000 0.00334814
0.40855000 0.00335094
0.40860000 0.00335373
0.40865000 0.00335652
0.40870000 0.00335931
0.40875000 0.00336211
0.40880000 0.00336490
0.40885000 0.00336769
0.40890000 0.00337048
0.40895000 0.00337327
0.40900000 0.00337607
0.40905000 0.00337886
0.40910000 0.00338165
0.40915000 0.00338444
0.40920000 0.00338723
0.40925000 0.00339002
0.40930000 0.00339281
0.40935000 0.00339560
0.40940000 0.00339838
0.40945000 0.00340117
0.40950000 0.00340396
0.40955000 0.00340675
0.40960000 0.00340954
0.40965000 0.00341232
0.40970000 0.00341511
0.40975000 0.00341790
0.40980000 0.00342069
0.40985000 0.00342347
0.40990000 0.00342626
0.40995000 0.00342904
0.41000000 0.00343183
0.41005000 0.00343461
0.41010000 0.00343740
0.41015000 0.00344018
0.41020000 0.00344297
0.41025000 0.00344575
0.41030000 0.00344854
0.41035000 0.00345132
0.41040000 0.00345410
0.41045000 0.00345689
0.41050000 0.00345967
0.41055000 0.00346245
0.41060000 0.00346523
0.41065000 0.00346802
0.41070000 0.00347080
0.41075000 0.00347358
0.41080000 0.00347636
0.41085000 0.00347914
0.41090000 0.00348192
0.41095000 0.00348470
0.41100000 0.00348748
0.41105000 0.00349026
0.41110000 0.00349304
0.41115000 0.00349582
0.41120000 0.00349860
0.41125000 0.00350138
0.41130000 0.00350416
0.41135000 0.00350693
0.41140000 0.00350971
0.41145000 0.00351249
0.41150000 0.00351527
0.41155000 0.00351804
0.41160000 0.00352082
0.41165000 0.00352359
0.41170000 0.00352637
0.41175000 0.00352915
0.41180000 0.00353192
0.41185000 0.00353470
0.41190000 0.00353747
0.41195000 0.00354025
0.41200000 0.00354302
0.41205000 0.00354579
0.41210000 0.00354857
0.41215000 0.00355134
0.41220000 0.00355411
0.41225000 0.00355689
0.41230000 0.00355966
0.41235000 0.00356243
0.41240000 0.00356520
0.41245000 0.00356798
0.41250000 0.00357075
0.41255000 0.00357352
0.41260000 0.00357629
0.41265000 0.00357906
0.41270000 0.00358183
0.41275000 0.00358460
0.41280000 0.00358737
0.41285000 0.00359014
0.41290000 0.00359291
0.41295000 0.00359568
0.41300000 0.00359845
0.41305000 0.00360121
0.41310000 0.00360398
0.41315000 0.00360675
0.41320000 0.00360952
0.41325000 0.00361228
0.41330000 0.00361505
0.41335000 0.00361782
0.41340000 0.00362058
0.41345000 0.00362335
0.41350000 0.00362612
0.41355000 0.00362888
0.41360000 0.00363165
0.41365000 0.00363441
0.41370000 0.00363718
0.41375000 0.00363994
0.41380000 0.00364270
0.41385000 0.00364547
0.41390000 0.00364823
0.41395000 0.00365099
0.41400000 0.00365376
0.41405000 0.00365652
0.41410000 0.00365928
0.41415000 0.00366204
0.41420000 0.00366480
0.41425000 0.00366757
0.41430000 0.00367033
0.41435000 0.00367309
0.41440000 0.00367585
0.41445000 0.00367861
0.41450000 0.00368137
0.41455000 0.00368413
0.41460000 0.00368689
0.41465000 0.00368965
0.41470000 0.00369240
0.41475000 0.00369516
0.41480000 0.00369792
0.41485000 0.00370068
0.41490000 0.00370344
0.41495000 0.00370619
0.41500000 0.00370895
0.41505000 0.00371171
0.41510000 0.00371446
0.41515000 0.00371722
0.41520000 0.00371997
0.41525000 0.00372273
0.41530000 0.00372549
0.41535000 0.00372824
0.41540000 0.00373099
0.41545000 0.00373375
0.41550000 0.00373650
0.41555000 0.00373926
0.41560000 0.00374201
0.41565000 0.00374476
0.41570000 0.00374752
0.41575000 0.00375027
0.41580000 0.00375302
0.41585000 0.00375577
0.41590000 0.00375852
0.41595000 0.00376128
0.41600000 0.00376403
0.41605000 0.00376678
0.41610000 0.00376953
0.41615000 0.00377228
0.41620000 0.00377503
0.41625000 0.00377778
0.41630000 0.00378053
0.41635000 0.00378328
0.41640000 0.00378602
0.41645000 0.00378877
0.41650000 0.00379152
0.41655000 0.00379427
0.41660000 0.00379702
0.41665000 0.00379976
0.41670000 0.00380251
0.41675000 0.00380526
0.41680000 0.00380800
0.41685000 0.00381075
0.41690000 0.00381349
0.41695000 0.00381624
0.41700000 0.00381899
0.41705000 0.00382173
0.41710000 0.00382447
0.41715000 0.00382722
0.41720000 0.00382996
0.41725000 0.00383271
0.41730000 0.00383545
0.41735000 0.00383819
0.41740000 0.00384094
0.41745000 0.00384368
0.41750000 0.00384642
0.41755000 0.00384916
0.41760000 0.00385190
0.41765000 0.00385464
0.41770000 0.00385739
0.41775000 0.00386013
0.41780000 0.00386287
0.41785000 0.00386561
0.41790000 0.00386835
0.41795000 0.00387109
0.41800000 0.00387382
0.41805000 0.00387656
0.41810000 0.00387930
0.41815000 0.00388204
0.41820000 0.00388478
0.41825000 0.00388752
0.41830000 0.00389025
0.41835000 0.00389299
0.41840000 0.00389573
0.41845000 0.00389846
0.41850000 0.00390120
0.41855000 0.00390394
0.41860000 0.00390667
0.41865000 0.00390941
0.41870000 0.00391214
0.41875000 0.00391488
0.41880000 0.00391761
0.41885000 0.00392034
0.41890000 0.00392308
0.41895000 0.00392581
0.41900000 0.00392854
0.41905000 0.00393128
0.41910000 0.00393401
0.41915000 0.00393674
0.41920000 0.00393947
0.41925000 0.00394221
0.41930000 0.00394494
0.41935000 0.00394767
0.41940000 0.00395040
0.41945000 0.00395313
0.41950000 0.00395586
0.41955000 0.00395859
0.41960000 0.00396132
0.41965000 0.00396405
0.41970000 0.00396678
0.41975000 0.00396950
0.41980000 0.00397223
0.41985000 0.00397496
0.41990000 0.00397769
0.41995000 0.00398042
0.42000000 0.00398314
0.42005000 0.00398587
0.42010000 0.00398860
0.42015000 0.00399132
0.42020000 0.00399405
0.42025000 0.00399677
0.42030000 0.00399950
0.42035000 0.00400222
0.42040000 0.00400495
0.42045000 0.00400767
0.42050000 0.00401040
0.42055000 0.00401312
0.42060000 0.00401584
0.42065000 0.00401857
0.42070000 0.00402129
0.42075000 0.00402401
0.42080000 0.00402673
0.42085000 0.00402945
0.42090000 0.00403218
0.42095000 0.00403490
0.42100000 0.00403762
0.42105000 0.00404034
0.42110000 0.00404306
0.42115000 0.00404578
0.42120000 0.00404850
0.42125000 0.00405122
0.42130000 0.00405394
0.42135000 0.00405666
0.42140000 0.00405937
0.42145000 0.00406209
0.42150000 0.00406481
0.42155000 0.00406753
0.42160000 0.00407024
0.42165000 0.00407296
0.42170000 0.00407568
0.42175000 0.00407839
0.42180000 0.00408111
0.42185000 0.00408383
0.42190000 0.00408654
0.42195000 0.00408926
0.42200000 0.00409197
0.42205000 0.00409468
0.42210000 0.00409740
0.42215000 0.00410011
0.42220000 0.00410283
0.42225000 0.00410554
0.42230000 0.00410825
0.42235000 0.00411096
0.42240000 0.00411368
0.42245000 0.00411639
0.42250000 0.00411910
0.42255000 0.00412181
0.42260000 0.00412452
0.42265000 0.00412723
0.42270000 0.00412994
0.42275000 0.00413265
0.42280000 0.00413536
0.42285000 0.00413807
0.42290000 0.00414078
0.42295000 0.00414349
0.42300000 0.00414620
0.42305000 0.00414891
0.42310000 0.00415161
0.42315000 0.00415432
0.42320000 0.00415703
0.42325000 0.00415974
0.42330000 0.00416244
0.42335000 0.00416515
0.42340000 0.00416785
0.42345000 0.00417056
0.42350000 0.00417326
0.42355000 0.00417597
0.42360000 0.00417867
0.42365000 0.00418138
0.42370000 0.00418408
0.42375000 0.00418679
0.42380000 0.00418949
0.42385000 0.00419219
0.42390000 0.00419490
0.42395000 0.00419760
0.42400000 0.00420030
0.42405000 0.00420300
0.42410000 0.00420570
0.42415000 0.00420841
0.42420000 0.00421111
0.42425000 0.00421381
0.42430000 0.00421651
0.42435000 0.00421921
0.42440000 0.00422191
0.42445000 0.00422461
0.42450000 0.00422730
0.42455000 0.00423000
0.42460000 0.00423270
0.42465000 0.00423540
0.42470000 0.00423810
0.42475000 0.00424079
0.42480000 0.00424349
0.42485000 0.00424619
0.42490000 0.00424888
0.42495000 0.00425158
0.42500000 0.00425428
0.42505000 0.00425697
0.42510000 0.00425967
0.42515000 0.00426236
0.42520000 0.00426506
0.42525000 0.00426775
0.42530000 0.00427044
0.42535000 0.00427314
0.42540000 0.00427583
0.42545000 0.00427852
0.42550000 0.00428122
0.42555000 0.00428391
0.42560000 0.00428660
0.42565000 0.00428929
0.42570000 0.00429198
0.42575000 0.00429468
0.42580000 0.00429737
0.42585000 0.00430006
0.42590000 0.00430275
0.42595000 0.00430544
0.42600000 0.00430813
0.42605000 0.00431081
0.42610000 0.00431350
0.42615000 0.00431619
0.42620000 0.00431888
0.42625000 0.00432157
0.42630000 0.00432426
0.42635000 0.00432694
0.42640000 0.00432963
0.42645000 0.00433232
0.42650000 0.00433500
0.42655000 0.00433769
0.42660000 0.00434037
0.42665000 0.00434306
0.42670000 0.00434574
0.42675000 0.00434843
0.42680000 0.00435111
0.42685000 0.00435380
0.42690000 0.00435648
0.42695000 0.00435916
0.42700000 0.00436185
0.42705000 0.00436453
0.42710000 0.00436721
0.42715000 0.00436989
0.42720000 0.00437257
0.42725000 0.00437526
0.42730000 0.00437794
0.42735000 0.00438062
0.42740000 0.00438330
0.42745000 0.00438598
0.42750000 0.00438866
0.42755000 0.00439134
0.42760000 0.00439402
0.42765000 0.00439670
0.42770000 0.00439937
0.42775000 0.00440205
0.42780000 0.00440473
0.42785000 0.00440741
0.42790000 0.00441008
0.42795000 0.00441276
0.42800000 0.00441544
0.42805000 0.00441811
0.42810000 0.00442079
0.42815000 0.00442346
0.42820000 0.00442614
0.42825000 0.00442881
0.42830000 0.00443149
0.42835000 0.00443416
0.42840000 0.00443684
0.42845000 0.00443951
0.42850000 0.00444218
0.42855000 0.00444486
0.42860000 0.00444753
0.42865000 0.00445020
0.42870000 0.00445287
0.42875000 0.00445554
0.42880000 0.00445822
0.42885000 0.00446089
0.42890000 0.00446356
0.42895000 0.00446623
0.42900000 0.00446890
0.42905000 0.00447157
0.42910000 0.00447424
0.42915000 0.00447691
0.42920000 0.00447957
0.42925000 0.00448224
0.42930000 0.00448491
0.42935000 0.00448758
0.42940000 0.00449025
0.42945000 0.00449291
0.42950000 0.00449558
0.42955000 0.00449825
0.42960000 0.00450091
0.42965000 0.00450358
0.42970000 0.00450624
0.42975000 0.00450891
0.42980000 0.00451157
0.42985000 0.00451424
0.42990000 0.00451690
0.42995000 0.00451956
0.43000000 0.00452223
0.43005000 0.00452489
0.43010000 0.00452755
0.43015000 0.00453022
0.43020000 0.00453288
0.43025000 0.00453554
0.43030000 0.00453820
0.43035000 0.00454086
0.43040000 0.00454352
0.43045000 0.00454618
0.43050000 0.00454884
0.43055000 0.00455150
0.43060000 0.00455416
0.43065000 0.00455682
0.43070000 0.00455948
0.43075000 0.00456214
0.43080000 0.00456480
0.43085000 0.00456745
0.43090000 0.00457011
0.43095000 0.00457277
0.43100000 0.00457542
0.43105000 0.00457808
0.43110000 0.00458074
0.43115000 0.00458339
0.43120000 0.00458605
0.43125000 0.00458870
0.43130000 0.00459136
0.43135000 0.00459401
0.43140000 0.00459667
0.43145000 0.00459932
0.43150000 0.00460197
0.43155000 0.00460463
0.43160000 0.00460728
0.43165000 0.00460993
0.43170000 0.00461258
0.43175000 0.00461523
0.43180000 0.00461789
0.43185000 0.00462054
0.43190000 0.00462319
0.43195000 0.00462584
0.43200000 0.00462849
0.43205000 0.00463114
0.43210000 0.00463379
0.43215000 0.00463644
0.43220000 0.00463908
0.43225000 0.00464173
0.43230000 0.00464438
0.43235000 0.00464703
0.43240000 0.00464968
0.43245000 0.00465232
0.43250000 0.00465497
0.43255000 0.00465762
0.43260000 0.00466026
0.43265000 0.00466291
0.43270000 0.00466555
0.43275000 0.00466820
0.43280000 0.00467084
0.43285000 0.00467349
0.43290000 0.00467613
0.43295000 0.00467877
0.43300000 0.00468142
0.43305000 0.00468406
0.43310000 0.00468670
0.43315000 0.00468934
0.43320000 0.00469199
0.43325000 0.00469463
0.43330000 0.00469727
0.43335000 0.00469991
0.43340000 0.00470255
0.43345000 0.00470519
0.43350000 0.00470783
0.43355000 0.00471047
0.43360000 0.00471311
0.43365000 0.00471575
0.43370000 0.00471839
0.43375000 0.00472103
0.43380000 0.00472366
0.43385000 0.00472630
0.43390000 0.00472894
0.43395000 0.00473157
0.43400000 0.00473421
0.43405000 0.00473685
0.43410000 0.00473948
0.43415000 0.00474212
0.43420000 0.00474475
0.43425000 0.00474739
0.43430000 0.00475002
0.43435000 0.00475266
0.43440000 0.00475529
0.43445000 0.00475792
0.43450000 0.00476056
0.43455000 0.00476319
0.43460000 0.00476582
0.43465000 0.00476845
0.43470000 0.00477109
0.43475000 0.00477372
0.43480000 0.00477635
0.43485000 0.00477898
0.43490000 0.00478161
0.43495000 0.00478424
0.43500000 0.00478687
0.43505000 0.00478950
0.43510000 0.00479213
0.43515000 0.00479476
0.43520000 0.00479738
0.43525000 0.00480001
0.43530000 0.00480264
0.43535000 0.00480527
0.43540000 0.00480789
0.43545000 0.00481052
0.43550000 0.00481315
0.43555000 0.00481577
0.43560000 0.00481840
0.43565000 0.00482102
0.43570000 0.00482365
0.43575000 0.00482627
0.43580000 0.00482890
0.43585000 0.00483152
0.43590000 0.00483414
0.43595000 0.00483677
0.43600000 0.00483939
0.43605000 0.00484201
0.43610000 0.00484463
0.43615000 0.00484725
0.43620000 0.00484988
0.43625000 0.00485250
0.43630000 0.00485512
0.43635000 0.00485774
0.43640000 0.00486036
0.43645000 0.00486298
0.43650000 0.00486560
0.43655000 0.00486822
0.43660000 0.00487083
0.43665000 0.00487345
0.43670000 0.00487607
0.43675000 0.00487869
0.43680000 0.00488131
0.43685000 0.00488392
0.43690000 0.00488654
0.43695000 0.00488916
0.43700000 0.00489177
0.43705000 0.00489439
0.43710000 0.00489700
0.43715000 0.00489962
0.43720000 0.00490223
0.43725000 0.00490484
0.43730000 0.00490746
0.43735000 0.00491007
0.43740000 0.00491268
0.43745000 0.00491530
0.43750000 0.00491791
0.43755000 0.00492052
0.43760000 0.00492313
0.43765000 0.00492574
0.43770000 0.00492836
0.43775000 0.00493097
0.43780000 0.00493358
0.43785000 0.00493619
0.43790000 0.00493880
0.43795000 0.00494140
0.43800000 0.00494401
0.43805000 0.00494662
0.43810000 0.00494923
0.43815000 0.00495184
0.43820000 0.00495445
0.43825000 0.00495705
0.43830000 0.00495966
0.43835000 0.00496227
0.43840000 0.00496487
0.43845000 0.00496748
0.43850000 0.00497008
0.43855000 0.00497269
0.43860000 0.00497529
0.43865000 0.00497790
0.43870000 0.00498050
0.43875000 0.00498310
0.43880000 0.00498571
0.43885000 0.00498831
0.43890000 0.00499091
0.43895000 0.00499351
0.43900000 0.00499612
0.43905000 0.00499872
0.43910000 0.00500132
0.43915000 0.00500392
0.43920000 0.00500652
0.43925000 0.00500912
0.43930000 0.00501172
0.43935000 0.00501432
0.43940000 0.00501692
0.43945000 0.00501952
0.43950000 0.00502211
0.43955000 0.00502471
0.43960000 0.00502731
0.43965000 0.00502991
0.43970000 0.00503250
0.43975000 0.00503510
0.43980000 0.00503770
0.43985000 0.00504029
0.43990000 0.00504289
0.43995000 0.00504548
0.44000000 0.00504808
0.44005000 0.00505067
0.44010000 0.00505327
0.44015000 0.00505586
0.44020000 0.00505845
0.44025000 0.00506105
0.44030000 0.00506364
0.44035000 0.00506623
0.44040000 0.00506882
0.44045000 0.00507141
0.44050000 0.00507401
0.44055000 0.00507660
0.44060000 0.00507919
0.44065000 0.00508178
0.44070000 0.00508437
0.44075000 0.00508696
0.44080000 0.00508954
0.44085000 0.00509213
0.44090000 0.00509472
0.44095000 0.00509731
0.44100000 0.00509990
0.44105000 0.00510248
0.44110000 0.00510507
0.44115000 0.00510766
0.44120000 0.00511024
0.44125000 0.00511283
0.44130000 0.00511542
0.44135000 0.00511800
0.44140000 0.00512059
0.44145000 0.00512317
0.44150000 0.00512575
0.44155000 0.00512834
0.44160000 0.00513092
0.44165000 0.00513350
0.44170000 0.00513609
0.44175000 0.00513867
0.44180000 0.00514125
0.44185000 0.00514383
0.44190000 0.00514641
0.44195000 0.00514899
0.44200000 0.00515157
0.44205000 0.00515415
0.44210000 0.00515673
0.44215000 0.00515931
0.44220000 0.00516189
0.44225000 0.00516447
0.44230000 0.00516705
0.44235000 0.00516963
0.44240000 0.00517220
0.44245000 0.00517478
0.44250000 0.00517736
0.44255000 0.00517993
0.44260000 0.00518251
0.44265000 0.00518509
0.44270000 0.00518766
0.44275000 0.00519024
0.44280000 0.00519281
0.44285000 0.00519539
0.44290000 0.00519796
0.44295000 0.00520053
0.44300000 0.00520311
0.44305000 0.00520568
0.44310000 0.00520825
0.44315000 0.00521082
0.44320000 0.00521340
0.44325000 0.00521597
0.44330000 0.00521854
0.44335000 0.00522111
0.44340000 0.00522368
0.44345000 0.00522625
0.44350000 0.00522882
0.44355000 0.00523139
0.44360000 0.00523396
0.44365000 0.00523652
0.44370000 0.00523909
0.44375000 0.00524166
0.44380000 0.00524423
0.44385000 0.00524679
0.44390000 0.00524936
0.44395000 0.00525193
0.44400000 0.00525449
0.44405000 0.00525706
0.44410000 0.00525962
0.44415000 0.00526219
0.44420000 0.00526475
0.44425000 0.00526732
0.44430000 0.00526988
0.44435000 0.00527244
0.44440000 0.00527501
0.44445000 0.00527757
0.44450000 0.00528013
0.44455000 0.00528269
0.44460000 0.00528526
0.44465000 0.00528782
0.44470000 0.00529038
0.44475000 0.00529294
0.44480000 0.00529550
0.44485000 0.00529806
0.44490000 0.00530062
0.44495000 0.00530318
0.44500000 0.00530573
0.44505000 0.00530829
0.44510000 0.00531085
0.44515000 0.00531341
0.44520000 0.00531597
0.44525000 0.00531852
0.44530000 0.00532108
0.44535000 0.00532363
0.44540000 0.00532619
0.44545000 0.00532875
0.44550000 0.00533130
0.44555000 0.00533386
0.44560000 0.00533641
0.44565000 0.00533896
0.44570000 0.00534152
0.44575000 0.00534407
0.44580000 0.00534662
0.44585000 0.00534917
0.44590000 0.00535173
0.44595000 0.00535428
0.44600000 0.00535683
0.44605000 0.00535938
0.44610000 0.00536193
0.44615000 0.00536448
0.44620000 0.00536703
0.44625000 0.00536958
0.44630000 0.00537213
0.44635000 0.00537468
0.44640000 0.00537723
0.44645000 0.00537977
0.44650000 0.00538232
0.44655000 0.00538487
0.44660000 0.00538742
0.44665000 0.00538996
0.44670000 0.00539251
0.44675000 0.00539505
0.44680000 0.00539760
0.44685000 0.00540014
0.44690000 0.00540269
0.44695000 0.00540523
0.44700000 0.00540778
0.44705000 0.00541032
0.44710000 0.00541286
0.44715000 0.00541541
0.44720000 0.00541795
0.44725000 0.00542049
0.44730000 0.00542303
0.44735000 0.00542557
0.44740000 0.00542811
0.44745000 0.00543065
0.44750000 0.00543319
0.44755000 0.00543573
0.44760000 0.00543827
0.44765000 0.00544081
0.44770000 0.00544335
0.44775000 0.00544589
0.44780000 0.00544843
0.44785000 0.00545096
0.44790000 0.00545350
0.44795000 0.00545604
0.44800000 0.00545857
0.44805000 0.00546111
0.44810000 0.00546365
0.44815000 0.00546618
0.44820000 0.00546872
0.44825000 0.00547125
0.44830000 0.00547379
0.44835000 0.00547632
0.44840000 0.00547885
0.44845000 0.00548139
0.44850000 0.00548392
0.44855000 0.00548645
0.44860000 0.00548898
0.44865000 0.00549151
0.44870000 0.00549404
0.44875000 0.00549658
0.44880000 0.00549911
0.44885000 0.00550164
0.44890000 0.00550417
0.44895000 0.00550669
0.44900000 0.00550922
0.44905000 0.00551175
0.44910000 0.00551428
0.44915000 0.00551681
0.44920000 0.00551934
0.44925000 0.00552186
0.44930000 0.00552439
0.44935000 0.00552692
0.44940000 0.00552944
0.44945000 0.00553197
0.44950000 0.00553449
0.44955000 0.00553702
0.44960000 0.00553954
0.44965000 0.00554206
0.44970000 0.00554459
0.44975000 0.00554711
0.44980000 0.00554963
0.44985000 0.00555216
0.44990000 0.00555468
0.44995000 0.00555720
0.45000000 0.00555972
0.45005000 0.00556224
0.45010000 0.00556476
0.45015000 0.00556728
0.45020000 0.00556980
0.45025000 0.00557232
0.45030000 0.00557484
0.45035000 0.00557736
0.45040000 0.00557988
0.45045000 0.00558240
0.45050000 0.00558491
0.45055000 0.00558743
0.45060000 0.00558995
0.45065000 0.00559246
0.45070000 0.00559498
0.45075000 0.00559750
0.45080000 0.00560001
0.45085000 0.00560253
0.45090000 0.00560504
0.45095000 0.00560755
0.45100000 0.00561007
0.45105000 0.00561258
0.45110000 0.00561509
0.45115000 0.00561761
0.45120000 0.00562012
0.45125000 0.00562263
0.45130000 0.00562514
0.45135000 0.00562765
0.45140000 0.00563016
0.45145000 0.00563267
0.45150000 0.00563518
0.45155000 0.00563769
0.45160000 0.00564020
0.45165000 0.00564271
0.45170000 0.00564522
0.45175000 0.00564773
0.45180000 0.00565024
0.45185000 0.00565274
0.45190000 0.00565525
0.45195000 0.00565776
0.45200000 0.00566026
0.45205000 0.00566277
0.45210000 0.00566527
0.45215000 0.00566778
0.45220000 0.00567028
0.45225000 0.00567279
0.45230000 0.00567529
0.45235000 0.00567779
0.45240000 0.00568030
0.45245000 0.00568280
0.45250000 0.00568530
0.45255000 0.00568780
0.45260000 0.00569031
0.45265000 0.00569281
0.45270000 0.00569531
0.45275000 0.00569781
0.45280000 0.00570031
0.45285000 0.00570281
0.45290000 0.00570531
0.45295000 0.00570781
0.45300000 0.00571030
0.45305000 0.00571280
0.45310000 0.00571530
0.45315000 0.00571780
0.45320000 0.00572029
0.45325000 0.00572279
0.45330000 0.00572529
0.45335000 0.00572778
0.45340000 0.00573028
0.45345000 0.00573277
0.45350000 0.00573527
0.45355000 0.00573776
0.45360000 0.00574025
0.45365000 0.00574275
0.45370000 0.00574524
0.45375000 0.00574773
0.45380000 0.00575023
0.45385000 0.00575272
0.45390000 0.00575521
0.45395000 0.00575770
0.45400000 0.00576019
0.45405000 0.00576268
0.45410000 0.00576517
0.45415000 0.00576766
0.45420000 0.00577015
0.45425000 0.00577264
0.45430000 0.00577513
0.45435000 0.00577761
0.45440000 0.00578010
0.45445000 0.00578259
0.45450000 0.00578508
0.45455000 0.00578756
0.45460000 0.00579005
0.45465000 0.00579253
0.45470000 0.00579502
0.45475000 0.00579750
0.45480000 0.00579999
0.45485000 0.00580247
0.45490000 0.00580496
0.45495000 0.00580744
0.45500000 0.00580992
0.45505000 0.00581241
0.45510000 0.00581489
0.45515000 0.00581737
0.45520000 0.00581985
0.45525000 0.00582233
0.45530000 0.00582481
0.45535000 0.00582729
0.45540000 0.00582977
0.45545000 0.00583225
0.45550000 0.00583473
0.45555000 0.00583721
0.45560000 0.00583969
0.45565000 0.00584216
0.45570000 0.00584464
0.45575000 0.00584712
0.45580000 0.00584960
0.45585000 0.00585207
0.45590000 0.00585455
0.45595000 0.00585702
0.45600000 0.00585950
0.45605000 0.00586197
0.45610000 0.00586445
0.45615000 0.00586692
0.45620000 0.00586939
0.45625000 0.00587187
0.45630000 0.00587434
0.45635000 0.00587681
0.45640000 0.00587928
0.45645000 0.00588176
0.45650000 0.00588423
0.45655000 0.00588670
0.45660000 0.00588917
0.45665000 0.00589164
0.45670000 0.00589411
0.45675000 0.00589658
0.45680000 0.00589905
0.45685000 0.00590151
0.45690000 0.00590398
0.45695000 0.00590645
0.45700000 0.00590892
0.45705000 0.00591138
0.45710000 0.00591385
0.45715000 0.00591632
0.45720000 0.00591878
0.45725000 0.00592125
0.45730000 0.00592371
0.45735000 0.00592618
0.45740000 0.00592864
0.45745000 0.00593110
0.45750000 0.00593357
0.45755000 0.00593603
0.45760000 0.00593849
0.45765000 0.00594096
0.45770000 0.00594342
0.45775000 0.00594588
0.45780000 0.00594834
0.45785000 0.00595080
0.45790000 0.00595326
0.45795000 0.00595572
0.45800000 0.00595818
0.45805000 0.00596064
0.45810000 0.00596310
0.45815000 0.00596555
0.45820000 0.00596801
0.45825000 0.00597047
0.45830000 0.00597293
0.45835000 0.00597538
0.45840000 0.00597784
0.45845000 0.00598029
0.45850000 0.00598275
0.45855000 0.00598520
0.45860000 0.00598766
0.45865000 0.00599011
0.45870000 0.00599257
0.45875000 0.00599502
0.45880000 0.00599747
0.45885000 0.00599993
0.45890000 0.00600238
0.45895000 0.00600483
0.45900000 0.00600728
0.45905000 0.00600973
0.45910000 0.00601218
0.45915000 0.00601463
0.45920000 0.00601708
0.45925000 0.00601953
0.45930000 0.00602198
0.45935000 0.00602443
0.45940000 0.00602688
0.45945000 0.00602933
0.45950000 0.00603177
0.45955000 0.00603422
0.45960000 0.00603667
0.45965000 0.00603911
0.45970000 0.00604156
0.45975000 0.00604400
0.45980000 0.00604645
0.45985000 0.00604889
0.45990000 0.00605134
0.45995000 0.00605378
0.46000000 0.00605622
0.46005000 0.00605867
0.46010000 0.00606111
0.46015000 0.00606355
0.46020000 0.00606599
0.46025000 0.00606844
0.46030000 0.00607088
0.46035000 0.00607332
0.46040000 0.00607576
0.46045000 0.00607820
0.46050000 0.00608064
0.46055000 0.00608307
0.46060000 0.00608551
0.46065000 0.00608795
0.46070000 0.00609039
0.46075000 0.00609283
0.46080000 0.00609526
0.46085000 0.00609770
0.46090000 0.00610014
0.46095000 0.00610257
0.46100000 0.00610501
0.46105000 0.00610744
0.46110000 0.00610988
0.46115000 0.00611231
0.46120000 0.00611474
0.46125000 0.00611718
0.46130000 0.00611961
0.46135000 0.00612204
0.46140000 0.00612448
0.46145000 0.00612691
0.46150000 0.00612934
0.46155000 0.00613177
0.46160000 0.00613420
0.46165000 0.00613663
0.46170000 0.00613906
0.46175000 0.00614149
0.46180000 0.00614392
0.46185000 0.00614635
0.46190000 0.00614877
0.46195000 0.00615120
0.46200000 0.00615363
0.46205000 0.00615606
0.46210000 0.00615848
0.46215000 0.00616091
0.46220000 0.00616333
0.46225000 0.00616576
0.46230000 0.00616818
0.46235000 0.00617061
0.46240000 0.00617303
0.46245000 0.00617546
0.46250000 0.00617788
0.46255000 0.00618030
0.46260000 0.00618272
0.46265000 0.00618515
0.46270000 0.00618757
0.46275000 0.00618999
0.46280000 0.00619241
0.46285000 0.00619483
0.46290000 0.00619725
0.46295000 0.00619967
0.46300000 0.00620209
0.46305000 0.00620451
0.46310000 0.00620693
0.46315000 0.00620934
0.46320000 0.00621176
0.46325000 0.00621418
0.46330000 0.00621659
0.46335000 0.00621901
0.46340000 0.00622143
0.46345000 0.00622384
0.46350000 0.00622626
0.46355000 0.00622867
0.46360000 0.00623109
0.46365000 0.00623350
0.46370000 0.00623591
0.46375000 0.00623833
0.46380000 0.00624074
0.46385000 0.00624315
0.46390000 0.00624556
0.46395000 0.00624797
0.46400000 0.00625038
0.46405000 0.00625280
0.46410000 0.00625521
0.46415000 0.00625761
0.46420000 0.00626002
0.46425000 0.00626243
0.46430000 0.00626484
0.46435000 0.00626725
0.46440000 0.00626966
0.46445000 0.00627206
0.46450000 0.00627447
0.46455000 0.00627688
0.46460000 0.00627928
0.46465000 0.00628169
0.46470000 0.00628409
0.46475000 0.00628650
0.46480000 0.00628890
0.46485000 0.00629131
0.46490000 0.00629371
0.46495000 0.00629611
0.46500000 0.00629852
0.46505000 0.00630092
0.46510000 0.00630332
0.46515000 0.00630572
0.46520000 0.00630812
0.46525000 0.00631052
0.46530000 0.00631292
0.46535000 0.00631532
0.46540000 0.00631772
0.46545000 0.00632012
0.46550000 0.00632252
0.46555000 0.00632492
0.46560000 0.00632732
0.46565000 0.00632972
0.46570000 0.00633211
0.46575000 0.00633451
0.46580000 0.00633690
0.46585000 0.00633930
0.46590000 0.00634170
0.46595000 0.00634409
0.46600000 0.00634649
0.46605000 0.00634888
0.46610000 0.00635127
0.46615000 0.00635367
0.46620000 0.00635606
0.46625000 0.00635845
0.46630000 0.00636084
0.46635000 0.00636323
0.46640000 0.00636563
0.46645000 0.00636802
0.46650000 0.00637041
0.46655000 0.00637280
0.46660000 0.00637519
0.46665000 0.00637758
0.46670000 0.00637996
0.46675000 0.00638235
0.46680000 0.00638474
0.46685000 0.00638713
0.46690000 0.00638951
0.46695000 0.00639190
0.46700000 0.00639429
0.46705000 0.00639667
0.46710000 0.00639906
0.46715000 0.00640144
0.46720000 0.00640383
0.46725000 0.00640621
0.46730000 0.00640860
0.46735000 0.00641098
0.46740000 0.00641336
0.46745000 0.00641574
0.46750000 0.00641813
0.46755000 0.00642051
0.46760000 0.00642289
0.46765000 0.00642527
0.46770000 0.00642765
0.46775000 0.00643003
0.46780000 0.00643241
0.46785000 0.00643479
0.46790000 0.00643717
0.46795000 0.00643955
0.46800000 0.00644192
0.46805000 0.00644430
0.46810000 0.00644668
0.46815000 0.00644905
0.46820000 0.00645143
0.46825000 0.00645381
0.46830000 0.00645618
0.46835000 0.00645856
0.46840000 0.00646093
0.46845000 0.00646331
0.46850000 0.00646568
0.46855000 0.00646805
0.46860000 0.00647043
0.46865000 0.00647280
0.46870000 0.00647517
0.46875000 0.00647754
0.46880000 0.00647991
0.46885000 0.00648228
0.46890000 0.00648465
0.46895000 0.00648702
0.46900000 0.00648939
0.46905000 0.00649176
0.46910000 0.00649413
0.46915000 0.00649650
0.46920000 0.00649887
0.46925000 0.00650123
0.46930000 0.00650360
0.46935000 0.00650597
0.46940000 0.00650833
0.46945000 0.00651070
0.46950000 0.00651306
0.46955000 0.00651543
0.46960000 0.00651779
0.46965000 0.00652016
0.46970000 0.00652252
0.46975000 0.00652488
0.46980000 0.00652725
0.46985000 0.00652961
0.46990000 0.00653197
0.46995000 0.00653433
0.47000000 0.00653669
0.47005000 0.00653905
0.47010000 0.00654141
0.47015000 0.00654377
0.47020000 0.00654613
0.47025000 0.00654849
0.47030000 0.00655085
0.47035000 0.00655321
0.47040000 0.00655557
0.47045000 0.00655792
0.47050000 0.00656028
0.47055000 0.00656264
0.47060000 0.00656499
0.47065000 0.00656735
0.47070000 0.00656970
0.47075000 0.00657206
0.47080000 0.00657441
0.47085000 0.00657677
0.47090000 0.00657912
0.47095000 0.00658147
0.47100000 0.00658383
0.47105000 0.00658618
0.47110000 0.00658853
0.47115000 0.00659088
0.47120000 0.00659323
0.47125000 0.00659558
0.47130000 0.00659793
0.47135000 0.00660028
0.47140000 0.00660263
0.47145000 0.00660498
0.47150000 0.00660733
0.47155000 0.00660968
0.47160000 0.00661202
0.47165000 0.00661437
0.47170000 0.00661672
0.47175000 0.00661906
0.47180000 0.00662141
0.47185000 0.00662375
0.47190000 0.00662610
0.47195000 0.00662844
0.47200000 0.00663079
0.47205000 0.00663313
0.47210000 0.00663547
0.47215000 0.00663782
0.47220000 0.00664016
0.47225000 0.00664250
0.47230000 0.00664484
0.47235000 0.00664718
0.47240000 0.00664952
0.47245000 0.00665187
0.47250000 0.00665420
0.47255000 0.00665654
0.47260000 0.00665888
0.47265000 0.00666122
0.47270000 0.00666356
0.47275000 0.00666590
0.47280000 0.00666823
0.47285000 0.00667057
0.47290000 0.00667291
0.47295000 0.00667524
0.47300000 0.00667758
0.47305000 0.00667991
0.47310000 0.00668225
0.47315000 0.00668458
0.47320000 0.00668692
0.47325000 0.00668925
0.47330000 0.00669158
0.47335000 0.00669392
0.47340000 0.00669625
0.47345000 0.00669858
0.47350000 0.00670091
0.47355000 0.00670324
0.47360000 0.00670557
0.47365000 0.00670790
0.47370000 0.00671023
0.47375000 0.00671256
0.47380000 0.00671489
0.47385000 0.00671722
0.47390000 0.00671955
0.47395000 0.00672187
0.47400000 0.00672420
0.47405000 0.00672653
0.47410000 0.00672885
0.47415000 0.00673118
0.47420000 0.00673350
0.47425000 0.00673583
0.47430000 0.00673815
0.47435000 0.00674048
0.47440000 0.00674280
0.47445000 0.00674512
0.47450000 0.00674745
0.47455000 0.00674977
0.47460000 0.00675209
0.47465000 0.00675441
0.47470000 0.00675673
0.47475000 0.00675905
0.47480000 0.00676137
0.47485000 0.00676369
0.47490000 0.00676601
0.47495000 0.00676833
0.47500000 0.00677065
0.47505000 0.00677297
0.47510000 0.00677528
0.47515000 0.00677760
0.47520000 0.00677992
0.47525000 0.00678223
0.47530000 0.00678455
0.47535000 0.00678686
0.47540000 0.00678918
0.47545000 0.00679149
0.47550000 0.00679381
0.47555000 0.00679612
0.47560000 0.00679843
0.47565000 0.00680075
0.47570000 0.00680306
0.47575000 0.00680537
0.47580000 0.00680768
0.47585000 0.00680999
0.47590000 0.00681230
0.47595000 0.00681461
0.47600000 0.00681692
0.47605000 0.00681923
0.47610000 0.00682154
0.47615000 0.00682385
0.47620000 0.00682616
0.47625000 0.00682847
0.47630000 0.00683077
0.47635000 0.00683308
0.47640000 0.00683539
0.47645000 0.00683769
0.47650000 0.00684000
0.47655000 0.00684230
0.47660000 0.00684461
0.47665000 0.00684691
0.47670000 0.00684921
0.47675000 0.00685152
0.47680000 0.00685382
0.47685000 0.00685612
0.47690000 0.00685842
0.47695000 0.00686072
0.47700000 0.00686303
0.47705000 0.00686533
0.47710000 0.00686763
0.47715000 0.00686993
0.47720000 0.00687223
0.47725000 0.00687452
0.47730000 0.00687682
0.47735000 0.00687912
0.47740000 0.00688142
0.47745000 0.00688371
0.47750000 0.00688601
0.47755000 0.00688831
0.47760000 0.00689060
0.47765000 0.00689290
0.47770000 0.00689519
0.47775000 0.00689749
0.47780000 0.00689978
0.47785000 0.00690207
0.47790000 0.00690437
0.47795000 0.00690666
0.47800000 0.00690895
0.47805000 0.00691124
0.47810000 0.00691354
0.47815000 0.00691583
0.47820000 0.00691812
0.47825000 0.00692041
0.47830000 0.00692270
0.47835000 0.00692499
0.47840000 0.00692727
0.47845000 0.00692956
0.47850000 0.00693185
0.47855000 0.00693414
0.47860000 0.00693643
0.47865000 0.00693871
0.47870000 0.00694100
0.47875000 0.00694328
0.47880000 0.00694557
0.47885000 0.00694785
0.47890000 0.00695014
0.47895000 0.00695242
0.47900000 0.00695470
0.47905000 0.00695699
0.47910000 0.00695927
0.47915000 0.00696155
0.47920000 0.00696383
0.47925000 0.00696612
0.47930000 0.00696840
0.47935000 0.00697068
0.47940000 0.00697296
0.47945000 0.00697524
0.47950000 0.00697751
0.47955000 0.00697979
0.47960000 0.00698207
0.47965000 0.00698435
0.47970000 0.00698663
0.47975000 0.00698890
0.47980000 0.00699118
0.47985000 0.00699346
0.47990000 0.00699573
0.47995000 0.00699801
0.48000000 0.00700028
0.48005000 0.00700255
0.48010000 0.00700483
0.48015000 0.00700710
0.48020000 0.00700937
0.48025000 0.00701165
0.48030000 0.00701392
0.48035000 0.00701619
0.48040000 0.00701846
0.48045000 0.00702073
0.48050000 0.00702300
0.48055000 0.00702527
0.48060000 0.00702754
0.48065000 0.00702981
0.48070000 0.00703208
0.48075000 0.00703435
0.48080000 0.00703661
0.48085000 0.00703888
0.48090000 0.00704115
0.48095000 0.00704341
0.48100000 0.00704568
0.48105000 0.00704795
0.48110000 0.00705021
0.48115000 0.00705247
0.48120000 0.00705474
0.48125000 0.00705700
0.48130000 0.00705926
0.48135000 0.00706153
0.48140000 0.00706379
0.48145000 0.00706605
0.48150000 0.00706831
0.48155000 0.00707057
0.48160000 0.00707283
0.48165000 0.00707509
0.48170000 0.00707735
0.48175000 0.00707961
0.48180000 0.00708187
0.48185000 0.00708413
0.48190000 0.00708639
0.48195000 0.00708864
0.48200000 0.00709090
0.48205000 0.00709316
0.48210000 0.00709541
0.48215000 0.00709767
0.48220000 0.00709992
0.48225000 0.00710218
0.48230000 0.00710443
0.48235000 0.00710669
0.48240000 0.00710894
0.48245000 0.00711119
0.48250000 0.00711344
0.48255000 0.00711570
0.48260000 0.00711795
0.48265000 0.00712020
0.48270000 0.00712245
0.48275000 0.00712470
0.48280000 0.00712695
0.48285000 0.00712920
0.48290000 0.00713145
0.48295000 0.00713370
0.48300000 0.00713594
0.48305000 0.00713819
0.48310000 0.00714044
0.48315000 0.00714269
0.48320000 0.00714493
0.48325000 0.00714718
0.48330000 0.00714942
0.48335000 0.00715167
0.48340000 0.00715391
0.48345000 0.00715616
0.48350000 0.00715840
0.48355000 0.00716064
0.48360000 0.00716288
0.48365000 0.00716513
0.48370000 0.00716737
0.48375000 0.00716961
0.48380000 0.00717185
0.48385000 0.00717409
0.48390000 0.00717633
0.48395000 0.00717857
0.48400000 0.00718081
0.48405000 0.00718305
0.48410000 0.00718528
0.48415000 0.00718752
0.48420000 0.00718976
0.48425000 0.00719200
0.48430000 0.00719423
0.48435000 0.00719647
0.48440000 0.00719870
0.48445000 0.00720094
0.48450000 0.00720317
0.48455000 0.00720541
0.48460000 0.00720764
0.48465000 0.00720987
0.48470000 0.00721211
0.48475000 0.00721434
0.48480000 0.00721657
0.48485000 0.00721880
0.48490000 0.00722103
0.48495000 0.00722326
0.48500000 0.00722549
0.48505000 0.00722772
0.48510000 0.00722995
0.48515000 0.00723218
0.48520000 0.00723441
0.48525000 0.00723663
0.48530000 0.00723886
0.48535000 0.00724109
0.48540000 0.00724331
0.48545000 0.00724554
0.48550000 0.00724777
0.48555000 0.00724999
0.48560000 0.00725222
0.48565000 0.00725444
0.48570000 0.00725666
0.48575000 0.00725889
0.48580000 0.00726111
0.48585000 0.00726333
0.48590000 0.00726555
0.48595000 0.00726777
0.48600000 0.00727000
0.48605000 0.00727222
0.48610000 0.00727444
0.48615000 0.00727665
0.48620000 0.00727887
0.48625000 0.00728109
0.48630000 0.00728331
0.48635000 0.00728553
0.48640000 0.00728775
0.48645000 0.00728996
0.48650000 0.00729218
0.48655000 0.00729439
0.48660000 0.00729661
0.48665000 0.00729882
0.48670000 0.00730104
0.48675000 0.00730325
0.48680000 0.00730547
0.48685000 0.00730768
0.48690000 0.00730989
0.48695000 0.00731211
0.48700000 0.00731432
0.48705000 0.00731653
0.48710000 0.00731874
0.48715000 0.00732095
0.48720000 0.00732316
0.48725000 0.00732537
0.48730000 0.00732758
0.48735000 0.00732979
0.48740000 0.00733199
0.48745000 0.00733420
0.48750000 0.00733641
0.48755000 0.00733862
0.48760000 0.00734082
0.48765000 0.00734303
0.48770000 0.00734523
0.48775000 0.00734744
0.48780000 0.00734964
0.48785000 0.00735185
0.48790000 0.00735405
0.48795000 0.00735625
0.48800000 0.00735846
0.48805000 0.00736066
0.48810000 0.00736286
0.48815000 0.00736506
0.48820000 0.00736726
0.48825000 0.00736946
0.48830000 0.00737166
0.48835000 0.00737386
0.48840000 0.00737606
0.48845000 0.00737826
0.48850000 0.00738046
0.48855000 0.00738266
0.48860000 0.00738485
0.48865000 0.00738705
0.48870000 0.00738925
0.48875000 0.00739144
0.48880000 0.00739364
0.48885000 0.00739583
0.48890000 0.00739803
0.48895000 0.00740022
0.48900000 0.00740241
0.48905000 0.00740461
0.48910000 0.00740680
0.48915000 0.00740899
0.48920000 0.00741118
0.48925000 0.00741337
0.48930000 0.00741556
0.48935000 0.00741775
0.48940000 0.00741994
0.48945000 0.00742213
0.48950000 0.00742432
0.48955000 0.00742651
0.48960000 0.00742870
0.48965000 0.00743089
0.48970000 0.00743307
0.48975000 0.00743526
0.48980000 0.00743745
0.48985000 0.00743963
0.48990000 0.00744182
0.48995000 0.00744400
0.49000000 0.00744619
0.49005000 0.00744837
0.49010000 0.00745055
0.49015000 0.00745274
0.49020000 0.00745492
0.49025000 0.00745710
0.49030000 0.00745928
0.49035000 0.00746146
0.49040000 0.00746364
0.49045000 0.00746582
0.49050000 0.00746800
0.49055000 0.00747018
0.49060000 0.00747236
0.49065000 0.00747454
0.49070000 0.00747672
0.49075000 0.00747890
0.49080000 0.00748107
0.49085000 0.00748325
0.49090000 0.00748542
0.49095000 0.00748760
0.49100000 0.00748978
0.49105000 0.00749195
0.49110000 0.00749412
0.49115000 0.00749630
0.49120000 0.00749847
0.49125000 0.00750064
0.49130000 0.00750282
0.49135000 0.00750499
0.49140000 0.00750716
0.49145000 0.00750933
0.49150000 0.00751150
0.49155000 0.00751367
0.49160000 0.00751584
0.49165000 0.00751801
0.49170000 0.00752018
0.49175000 0.00752235
0.49180000 0.00752451
0.49185000 0.00752668
0.49190000 0.00752885
0.49195000 0.00753101
0.49200000 0.00753318
0.49205000 0.00753534
0.49210000 0.00753751
0.49215000 0.00753967
0.49220000 0.00754184
0.49225000 0.00754400
0.49230000 0.00754616
0.49235000 0.00754833
0.49240000 0.00755049
0.49245000 0.00755265
0.49250000 0.00755481
0.49255000 0.00755697
0.49260000 0.00755913
0.49265000 0.00756129
0.49270000 0.00756345
0.49275000 0.00756561
0.49280000 0.00756777
0.49285000 0.00756993
0.49290000 0.00757208
0.49295000 0.00757424
0.49300000 0.00757640
0.49305000 0.00757855
0.49310000 0.00758071
0.49315000 0.00758286
0.49320000 0.00758502
0.49325000 0.00758717
0.49330000 0.00758933
0.49335000 0.00759148
0.49340000 0.00759363
0.49345000 0.00759578
0.49350000 0.00759794
0.49355000 0.00760009
0.49360000 0.00760224
0.49365000 0.00760439
0.49370000 0.00760654
0.49375000 0.00760869
0.49380000 0.00761084
0.49385000 0.00761299
0.49390000 0.00761513
0.49395000 0.00761728
0.49400000 0.00761943
0.49405000 0.00762157
0.49410000 0.00762372
0.49415000 0.00762587
0.49420000 0.00762801
0.49425000 0.00763016
0.49430000 0.00763230
0.49435000 0.00763444
0.49440000 0.00763659
0.49445000 0.00763873
0.49450000 0.00764087
0.49455000 0.00764302
0.49460000 0.00764516
0.49465000 0.00764730
0.49470000 0.00764944
0.49475000 0.00765158
0.49480000 0.00765372
0.49485000 0.00765586
0.49490000 0.00765800
0.49495000 0.00766013
0.49500000 0.00766227
0.49505000 0.00766441
0.49510000 0.00766655
0.49515000 0.00766868
0.49520000 0.00767082
0.49525000 0.00767295
0.49530000 0.00767509
0.49535000 0.00767722
0.49540000 0.00767936
0.49545000 0.00768149
0.49550000 0.00768362
0.49555000 0.00768576
0.49560000 0.00768789
0.49565000 0.00769002
0.49570000 0.00769215
0.49575000 0.00769428
0.49580000 0.00769641
0.49585000 0.00769854
0.49590000 0.00770067
0.49595000 0.00770280
0.49600000 0.00770493
0.49605000 0.00770706
0.49610000 0.00770918
0.49615000 0.00771131
0.49620000 0.00771344
0.49625000 0.00771556
0.49630000 0.00771769
0.49635000 0.00771981
0.49640000 0.00772194
0.49645000 0.00772406
0.49650000 0.00772619
0.49655000 0.00772831
0.49660000 0.00773043
0.49665000 0.00773255
0.49670000 0.00773468
0.49675000 0.00773680
0.49680000 0.00773892
0.49685000 0.00774104
0.49690000 0.00774316
0.49695000 0.00774528
0.49700000 0.00774740
0.49705000 0.00774951
0.49710000 0.00775163
0.49715000 0.00775375
0.49720000 0.00775587
0.49725000 0.00775798
0.49730000 0.00776010
0.49735000 0.00776221
0.49740000 0.00776433
0.49745000 0.00776644
0.49750000 0.00776856
0.49755000 0.00777067
0.49760000 0.00777279
0.49765000 0.00777490
0.49770000 0.00777701
0.49775000 0.00777912
0.49780000 0.00778123
0.49785000 0.00778334
0.49790000 0.00778545
0.49795000 0.00778756
0.49800000 0.00778967
0.49805000 0.00779178
0.49810000 0.00779389
0.49815000 0.00779600
0.49820000 0.00779811
0.49825000 0.00780021
0.49830000 0.00780232
0.49835000 0.00780443
0.49840000 0.00780653
0.49845000 0.00780864
0.49850000 0.00781074
0.49855000 0.00781285
0.49860000 0.00781495
0.49865000 0.00781705
0.49870000 0.00781916
0.49875000 0.00782126
0.49880000 0.00782336
0.49885000 0.00782546
0.49890000 0.00782756
0.49895000 0.00782966
0.49900000 0.00783176
0.49905000 0.00783386
0.49910000 0.00783596
0.49915000 0.00783806
0.49920000 0.00784016
0.49925000 0.00784225
0.49930000 0.00784435
0.49935000 0.00784645
0.49940000 0.00784854
0.49945000 0.00785064
0.49950000 0.00785274
0.49955000 0.00785483
0.49960000 0.00785692
0.49965000 0.00785902
0.49970000 0.00786111
0.49975000 0.00786320
0.49980000 0.00786530
0.49985000 0.00786739
0.49990000 0.00786948
0.49995000 0.00787157
0.50000000 0.00787366
0.50005000 0.00787575
0.50010000 0.00787784
0.50015000 0.00787993
0.50020000 0.00788202
0.50025000 0.00788410
0.50030000 0.00788619
0.50035000 0.00788828
0.50040000 0.00789037
0.50045000 0.00789245
0.50050000 0.00789454
0.50055000 0.00789662
0.50060000 0.00789871
0.50065000 0.00790079
0.50070000 0.00790287
0.50075000 0.00790496
0.50080000 0.00790704
0.50085000 0.00790912
0.50090000 0.00791120
0.50095000 0.00791329
0.50100000 0.00791537
0.50105000 0.00791745
0.50110000 0.00791953
0.50115000 0.00792161
0.50120000 0.00792368
0.50125000 0.00792576
0.50130000 0.00792784
0.50135000 0.00792992
0.50140000 0.00793200
0.50145000 0.00793407
0.50150000 0.00793615
0.50155000 0.00793822
0.50160000 0.00794030
0.50165000 0.00794237
0.50170000 0.00794445
0.50175000 0.00794652
0.50180000 0.00794859
0.50185000 0.00795067
0.50190000 0.00795274
0.50195000 0.00795481
0.50200000 0.00795688
0.50205000 0.00795895
0.50210000 0.00796102
0.50215000 0.00796309
0.50220000 0.00796516
0.50225000 0.00796723
0.50230000 0.00796930
0.50235000 0.00797137
0.50240000 0.00797343
0.50245000 0.00797550
0.50250000 0.00797757
0.50255000 0.00797963
0.50260000 0.00798170
0.50265000 0.00798376
0.50270000 0.00798583
0.50275000 0.00798789
0.50280000 0.00798995
0.50285000 0.00799202
0.50290000 0.00799408
0.50295000 0.00799614
0.50300000 0.00799820
0.50305000 0.00800026
0.50310000 0.00800232
0.50315000 0.00800438
0.50320000 0.00800644
0.50325000 0.00800850
0.50330000 0.00801056
0.50335000 0.00801262
0.50340000 0.00801468
0.50345000 0.00801673
0.50350000 0.00801879
0.50355000 0.00802085
0.50360000 0.00802290
0.50365000 0.00802496
0.50370000 0.00802701
0.50375000 0.00802907
0.50380000 0.00803112
0.50385000 0.00803317
0.50390000 0.00803523
0.50395000 0.00803728
0.50400000 0.00803933
0.50405000 0.00804138
0.50410000 0.00804343
0.50415000 0.00804548
0.50420000 0.00804753
0.50425000 0.00804958
0.50430000 0.00805163
0.50435000 0.00805368
0.50440000 0.00805573
0.50445000 0.00805778
0.50450000 0.00805982
0.50455000 0.00806187
0.50460000 0.00806391
0.50465000 0.00806596
0.50470000 0.00806800
0.50475000 0.00807005
0.50480000 0.00807209
0.50485000 0.00807414
0.50490000 0.00807618
0.50495000 0.00807822
0.50500000 0.00808026
0.50505000 0.00808231
0.50510000 0.00808435
0.50515000 0.00808639
0.50520000 0.00808843
0.50525000 0.00809047
0.50530000 0.00809251
0.50535000 0.00809455
0.50540000 0.00809658
0.50545000 0.00809862
0.50550000 0.00810066
0.50555000 0.00810270
0.50560000 0.00810473
0.50565000 0.00810677
0.50570000 0.00810880
0.50575000 0.00811084
0.50580000 0.00811287
0.50585000 0.00811491
0.50590000 0.00811694
0.50595000 0.00811897
0.50600000 0.00812100
0.50605000 0.00812304
0.50610000 0.00812507
0.50615000 0.00812710
0.50620000 0.00812913
0.50625000 0.00813116
0.50630000 0.00813319
0.50635000 0.00813522
0.50640000 0.00813725
0.50645000 0.00813927
0.50650000 0.00814130
0.50655000 0.00814333
0.50660000 0.00814535
0.50665000 0.00814738
0.50670000 0.00814941
0.50675000 0.00815143
0.50680000 0.00815346
0.50685000 0.00815548
0.50690000 0.00815750
0.50695000 0.00815953
0.50700000 0.00816155
0.50705000 0.00816357
0.50710000 0.00816559
0.50715000 0.00816761
0.50720000 0.00816963
0.50725000 0.00817165
0.50730000 0.00817367
0.50735000 0.00817569
0.50740000 0.00817771
0.50745000 0.00817973
0.50750000 0.00818175
0.50755000 0.00818376
0.50760000 0.00818578
0.50765000 0.00818780
0.50770000 0.00818981
0.50775000 0.00819183
0.50780000 0.00819384
0.50785000 0.00819586
0.50790000 0.00819787
0.50795000 0.00819988
0.50800000 0.00820190
0.50805000 0.00820391
0.50810000 0.00820592
0.50815000 0.00820793
0.50820000 0.00820994
0.50825000 0.00821195
0.50830000 0.00821396
0.50835000 0.00821597
0.50840000 0.00821798
0.50845000 0.00821999
0.50850000 0.00822200
0.50855000 0.00822401
0.50860000 0.00822601
0.50865000 0.00822802
0.50870000 0.00823002
0.50875000 0.00823203
0.50880000 0.00823403
0.50885000 0.00823604
0.50890000 0.00823804
0.50895000 0.00824005
0.50900000 0.00824205
0.50905000 0.00824405
0.50910000 0.00824605
0.50915000 0.00824805
0.50920000 0.00825006
0.50925000 0.00825206
0.50930000 0.00825406
0.50935000 0.00825606
0.50940000 0.00825805
0.50945000 0.00826005
0.50950000 0.00826205
0.50955000 0.00826405
0.50960000 0.00826605
0.50965000 0.00826804
0.50970000 0.00827004
0.50975000 0.00827203
0.50980000 0.00827403
0.50985000 0.00827602
0.50990000 0.00827802
0.50995000 0.00828001
0.51000000 0.00828200
0.51005000 0.00828400
0.51010000 0.00828599
0.51015000 0.00828798
0.51020000 0.00828997
0.51025000 0.00829196
0.51030000 0.00829395
0.51035000 0.00829594
0.51040000 0.00829793
0.51045000 0.00829992
0.51050000 0.00830191
0.51055000 0.00830389
0.51060000 0.00830588
0.51065000 0.00830787
0.51070000 0.00830985
0.51075000 0.00831184
0.51080000 0.00831383
0.51085000 0.00831581
0.51090000 0.00831779
0.51095000 0.00831978
0.51100000 0.00832176
0.51105000 0.00832374
0.51110000 0.00832573
0.51115000 0.00832771
0.51120000 0.00832969
0.51125000 0.00833167
0.51130000 0.00833365
0.51135000 0.00833563
0.51140000 0.00833761
0.51145000 0.00833959
0.51150000 0.00834156
0.51155000 0.00834354
0.51160000 0.00834552
0.51165000 0.00834750
0.51170000 0.00834947
0.51175000 0.00835145
0.51180000 0.00835342
0.51185000 0.00835540
0.51190000 0.00835737
0.51195000 0.00835935
0.51200000 0.00836132
0.51205000 0.00836329
0.51210000 0.00836526
0.51215000 0.00836724
0.51220000 0.00836921
0.51225000 0.00837118
0.51230000 0.00837315
0.51235000 0.00837512
0.51240000 0.00837709
0.51245000 0.00837906
0.51250000 0.00838102
0.51255000 0.00838299
0.51260000 0.00838496
0.51265000 0.00838693
0.51270000 0.00838889
0.51275000 0.00839086
0.51280000 0.00839282
0.51285000 0.00839479
0.51290000 0.00839675
0.51295000 0.00839872
0.51300000 0.00840068
0.51305000 0.00840264
0.51310000 0.00840460
0.51315000 0.00840657
0.51320000 0.00840853
0.51325000 0.00841049
0.51330000 0.00841245
0.51335000 0.00841441
0.51340000 0.00841637
0.51345000 0.00841833
0.51350000 0.00842028
0.51355000 0.00842224
0.51360000 0.00842420
0.51365000 0.00842616
0.51370000 0.00842811
0.51375000 0.00843007
0.51380000 0.00843202
0.51385000 0.00843398
0.51390000 0.00843593
0.51395000 0.00843789
0.51400000 0.00843984
0.51405000 0.00844179
0.51410000 0.00844374
0.51415000 0.00844570
0.51420000 0.00844765
0.51425000 0.00844960
0.51430000 0.00845155
0.51435000 0.00845350
0.51440000 0.00845545
0.51445000 0.00845740
0.51450000 0.00845934
0.51455000 0.00846129
0.51460000 0.00846324
0.51465000 0.00846519
0.51470000 0.00846713
0.51475000 0.00846908
0.51480000 0.00847102
0.51485000 0.00847297
0.51490000 0.00847491
0.51495000 0.00847685
0.51500000 0.00847880
0.51505000 0.00848074
0.51510000 0.00848268
0.51515000 0.00848462
0.51520000 0.00848657
0.51525000 0.00848851
0.51530000 0.00849045
0.51535000 0.00849239
0.51540000 0.00849433
0.51545000 0.00849626
0.51550000 0.00849820
0.51555000 0.00850014
0.51560000 0.00850208
0.51565000 0.00850401
0.51570000 0.00850595
0.51575000 0.00850789
0.51580000 0.00850982
0.51585000 0.00851176
0.51590000 0.00851369
0.51595000 0.00851562
0.51600000 0.00851756
0.51605000 0.00851949
0.51610000 0.00852142
0.51615000 0.00852335
0.51620000 0.00852528
0.51625000 0.00852722
0.51630000 0.00852915
0.51635000 0.00853108
0.51640000 0.00853300
0.51645000 0.00853493
0.51650000 0.00853686
0.51655000 0.00853879
0.51660000 0.00854072
0.51665000 0.00854264
0.51670000 0.00854457
0.51675000 0.00854649
0.51680000 0.00854842
0.51685000 0.00855034
0.51690000 0.00855227
0.51695000 0.00855419
0.51700000 0.00855611
0.51705000 0.00855804
0.51710000 0.00855996
0.51715000 0.00856188
0.51720000 0.00856380
0.51725000 0.00856572
0.51730000 0.00856764
0.51735000 0.00856956
0.51740000 0.00857148
0.51745000 0.00857340
0.51750000 0.00857532
0.51755000 0.00857723
0.51760000 0.00857915
0.51765000 0.00858107
0.51770000 0.00858298
0.51775000 0.00858490
0.51780000 0.00858681
0.51785000 0.00858873
0.51790000 0.00859064
0.51795000 0.00859256
0.51800000 0.00859447
0.51805000 0.00859638
0.51810000 0.00859829
0.51815000 0.00860021
0.51820000 0.00860212
0.51825000 0.00860403
0.51830000 0.00860594
0.51835000 0.00860785
0.51840000 0.00860976
0.51845000 0.00861166
0.51850000 0.00861357
0.51855000 0.00861548
0.51860000 0.00861739
0.51865000 0.00861929
0.51870000 0.00862120
0.51875000 0.00862310
0.51880000 0.00862501
0.51885000 0.00862691
0.51890000 0.00862882
0.51895000 0.00863072
0.51900000 0.00863262
0.51905000 0.00863453
0.51910000 0.00863643
0.51915000 0.00863833
0.51920000 0.00864023
0.51925000 0.00864213
0.51930000 0.00864403
0.51935000 0.00864593
0.51940000 0.00864783
0.51945000 0.00864973
0.51950000 0.00865162
0.51955000 0.00865352
0.51960000 0.00865542
0.51965000 0.00865731
0.51970000 0.00865921
0.51975000 0.00866110
0.51980000 0.00866300
0.51985000 0.00866489
0.51990000 0.00866679
0.51995000 0.00866868
0.52000000 0.00867057
0.52005000 0.00867246
0.52010000 0.00867436
0.52015000 0.00867625
0.52020000 0.00867814
0.52025000 0.00868003
0.52030000 0.00868192
0.52035000 0.00868381
0.52040000 0.00868570
0.52045000 0.00868758
0.52050000 0.00868947
0.52055000 0.00869136
0.52060000 0.00869324
0.52065000 0.00869513
0.52070000 0.00869702
0.52075000 0.00869890
0.52080000 0.00870079
0.52085000 0.00870267
0.52090000 0.00870455
0.52095000 0.00870644
0.52100000 0.00870832
0.52105000 0.00871020
0.52110000 0.00871208
0.52115000 0.00871396
0.52120000 0.00871584
0.52125000 0.00871772
0.52130000 0.00871960
0.52135000 0.00872148
0.52140000 0.00872336
0.52145000 0.00872524
0.52150000 0.00872711
0.52155000 0.00872899
0.52160000 0.00873087
0.52165000 0.00873274
0.52170000 0.00873462
0.52175000 0.00873649
0.52180000 0.00873837
0.52185000 0.00874024
0.52190000 0.00874212
0.52195000 0.00874399
0.52200000 0.00874586
0.52205000 0.00874773
0.52210000 0.00874960
0.52215000 0.00875147
0.52220000 0.00875334
0.52225000 0.00875521
0.52230000 0.00875708
0.52235000 0.00875895
0.52240000 0.00876082
0.52245000 0.00876269
0.52250000 0.00876455
0.52255000 0.00876642
0.52260000 0.00876829
0.52265000 0.00877015
0.52270000 0.00877202
0.52275000 0.00877388
0.52280000 0.00877575
0.52285000 0.00877761
0.52290000 0.00877947
0.52295000 0.00878134
0.52300000 0.00878320
0.52305000 0.00878506
0.52310000 0.00878692
0.52315000 0.00878878
0.52320000 0.00879064
0.52325000 0.00879250
0.52330000 0.00879436
0.52335000 0.00879622
0.52340000 0.00879807
0.52345000 0.00879993
0.52350000 0.00880179
0.52355000 0.00880365
0.52360000 0.00880550
0.52365000 0.00880736
0.52370000 0.00880921
0.52375000 0.00881107
0.52380000 0.00881292
0.52385000 0.00881477
0.52390000 0.00881663
0.52395000 0.00881848
0.52400000 0.00882033
0.52405000 0.00882218
0.52410000 0.00882403
0.52415000 0.00882588
0.52420000 0.00882773
0.52425000 0.00882958
0.52430000 0.00883143
0.52435000 0.00883328
0.52440000 0.00883512
0.52445000 0.00883697
0.52450000 0.00883882
0.52455000 0.00884066
0.52460000 0.00884251
0.52465000 0.00884435
0.52470000 0.00884620
0.52475000 0.00884804
0.52480000 0.00884989
0.52485000 0.00885173
0.52490000 0.00885357
0.52495000 0.00885541
0.52500000 0.00885725
0.52505000 0.00885910
0.52510000 0.00886094
0.52515000 0.00886278
0.52520000 0.00886462
0.52525000 0.00886645
0.52530000 0.00886829
0.52535000 0.00887013
0.52540000 0.00887197
0.52545000 0.00887380
0.52550000 0.00887564
0.52555000 0.00887748
0.52560000 0.00887931
0.52565000 0.00888115
0.52570000 0.00888298
0.52575000 0.00888481
0.52580000 0.00888665
0.52585000 0.00888848
0.52590000 0.00889031
0.52595000 0.00889214
0.52600000 0.00889397
0.52605000 0.00889580
0.52610000 0.00889763
0.52615000 0.00889946
0.52620000 0.00890129
0.52625000 0.00890312
0.52630000 0.00890495
0.52635000 0.00890678
0.52640000 0.00890860
0.52645000 0.00891043
0.52650000 0.00891226
0.52655000 0.00891408
0.52660000 0.00891591
0.52665000 0.00891773
0.52670000 0.00891955
0.52675000 0.00892138
0.52680000 0.00892320
0.52685000 0.00892502
0.52690000 0.00892684
0.52695000 0.00892867
0.52700000 0.00893049
0.52705000 0.00893231
0.52710000 0.00893413
0.52715000 0.00893595
0.52720000 0.00893776
0.52725000 0.00893958
0.52730000 0.00894140
0.52735000 0.00894322
0.52740000 0.00894503
0.52745000 0.00894685
0.52750000 0.00894866
0.52755000 0.00895048
0.52760000 0.00895229
0.52765000 0.00895411
0.52770000 0.00895592
0.52775000 0.00895773
0.52780000 0.00895955
0.52785000 0.00896136
0.52790000 0.00896317
0.52795000 0.00896498
0.52800000 0.00896679
0.52805000 0.00896860
0.52810000 0.00897041
0.52815000 0.00897222
0.52820000 0.00897403
0.52825000 0.00897583
0.52830000 0.00897764
0.52835000 0.00897945
0.52840000 0.00898125
0.52845000 0.00898306
0.52850000 0.00898487
0.52855000 0.00898667
0.52860000 0.00898847
0.52865000 0.00899028
0.52870000 0.00899208
0.52875000 0.00899388
0.52880000 0.00899569
0.52885000 0.00899749
0.52890000 0.00899929
0.52895000 0.00900109
0.52900000 0.00900289
0.52905000 0.00900469
0.52910000 0.00900649
0.52915000 0.00900828
0.52920000 0.00901008
0.52925000 0.00901188
0.52930000 0.00901368
0.52935000 0.00901547
0.52940000 0.00901727
0.52945000 0.00901906
0.52950000 0.00902086
0.52955000 0.00902265
0.52960000 0.00902445
0.52965000 0.00902624
0.52970000 0.00902803
0.52975000 0.00902982
0.52980000 0.00903162
0.52985000 0.00903341
0.52990000 0.00903520
0.52995000 0.00903699
0.53000000 0.00903878
0.53005000 0.00904057
0.53010000 0.00904235
0.53015000 0.00904414
0.53020000 0.00904593
0.53025000 0.00904772
0.53030000 0.00904950
0.53035000 0.00905129
0.53040000 0.00905307
0.53045000 0.00905486
0.53050000 0.00905664
0.53055000 0.00905843
0.53060000 0.00906021
0.53065000 0.00906199
0.53070000 0.00906377
0.53075000 0.00906556
0.53080000 0.00906734
0.53085000 0.00906912
0.53090000 0.00907090
0.53095000 0.00907268
0.53100000 0.00907446
0.53105000 0.00907623
0.53110000 0.00907801
0.53115000 0.00907979
0.53120000 0.00908157
0.53125000 0.00908334
0.53130000 0.00908512
0.53135000 0.00908689
0.53140000 0.00908867
0.53145000 0.00909044
0.53150000 0.00909222
0.53155000 0.00909399
0.53160000 0.00909576
0.53165000 0.00909753
0.53170000 0.00909931
0.53175000 0.00910108
0.53180000 0.00910285
0.53185000 0.00910462
0.53190000 0.00910639
0.53195000 0.00910816
0.53200000 0.00910993
0.53205000 0.00911169
0.53210000 0.00911346
0.53215000 0.00911523
0.53220000 0.00911699
0.53225000 0.00911876
0.53230000 0.00912053
0.53235000 0.00912229
0.53240000 0.00912405
0.53245000 0.00912582
0.53250000 0.00912758
0.53255000 0.00912934
0.53260000 0.00913111
0.53265000 0.00913287
0.53270000 0.00913463
0.53275000 0.00913639
0.53280000 0.00913815
0.53285000 0.00913991
0.53290000 0.00914167
0.53295000 0.00914343
0.53300000 0.00914518
0.53305000 0.00914694
0.53310000 0.00914870
0.53315000 0.00915046
0.53320000 0.00915221
0.53325000 0.00915397
0.53330000 0.00915572
0.53335000 0.00915748
0.53340000 0.00915923
0.53345000 0.00916098
0.53350000 0.00916274
0.53355000 0.00916449
0.53360000 0.00916624
0.53365000 0.00916799
0.53370000 0.00916974
0.53375000 0.00917149
0.53380000 0.00917324
0.53385000 0.00917499
0.53390000 0.00917674
0.53395000 0.00917849
0.53400000 0.00918023
0.53405000 0.00918198
0.53410000 0.00918373
0.53415000 0.00918547
0.53420000 0.00918722
0.53425000 0.00918896
0.53430000 0.00919071
0.53435000 0.00919245
0.53440000 0.00919419
0.53445000 0.00919594
0.53450000 0.00919768
0.53455000 0.00919942
0.53460000 0.00920116
0.53465000 0.00920290
0.53470000 0.00920464
0.53475000 0.00920638
0.53480000 0.00920812
0.53485000 0.00920986
0.53490000 0.00921160
0.53495000 0.00921334
0.53500000 0.00921507
0.53505000 0.00921681
0.53510000 0.00921854
0.53515000 0.00922028
0.53520000 0.00922201
0.53525000 0.00922375
0.53530000 0.00922548
0.53535000 0.00922722
0.53540000 0.00922895
0.53545000 0.00923068
0.53550000 0.00923241
0.53555000 0.00923414
0.53560000 0.00923587
0.53565000 0.00923760
0.53570000 0.00923933
0.53575000 0.00924106
0.53580000 0.00924279
0.53585000 0.00924452
0.53590000 0.00924625
0.53595000 0.00924797
0.53600000 0.00924970
0.53605000 0.00925142
0.53610000 0.00925315
0.53615000 0.00925487
0.53620000 0.00925660
0.53625000 0.00925832
0.53630000 0.00926005
0.53635000 0.00926177
0.53640000 0.00926349
0.53645000 0.00926521
0.53650000 0.00926693
0.53655000 0.00926865
0.53660000 0.00927037
0.53665000 0.00927209
0.53670000 0.00927381
0.53675000 0.00927553
0.53680000 0.00927725
0.53685000 0.00927896
0.53690000 0.00928068
0.53695000 0.00928240
0.53700000 0.00928411
0.53705000 0.00928583
0.53710000 0.00928754
0.53715000 0.00928926
0.53720000 0.00929097
0.53725000 0.00929268
0.53730000 0.00929440
0.53735000 0.00929611
0.53740000 0.00929782
0.53745000 0.00929953
0.53750000 0.00930124
0.53755000 0.00930295
0.53760000 0.00930466
0.53765000 0.00930637
0.53770000 0.00930808
0.53775000 0.00930978
0.53780000 0.00931149
0.53785000 0.00931320
0.53790000 0.00931490
0.53795000 0.00931661
0.53800000 0.00931832
0.53805000 0.00932002
0.53810000 0.00932172
0.53815000 0.00932343
0.53820000 0.00932513
0.53825000 0.00932683
0.53830000 0.00932853
0.53835000 0.00933024
0.53840000 0.00933194
0.53845000 0.00933364
0.53850000 0.00933534
0.53855000 0.00933704
0.53860000 0.00933873
0.53865000 0.00934043
0.53870000 0.00934213
0.53875000 0.00934383
0.53880000 0.00934552
0.53885000 0.00934722
0.53890000 0.00934892
0.53895000 0.00935061
0.53900000 0.00935230
0.53905000 0.00935400
0.53910000 0.00935569
0.53915000 0.00935738
0.53920000 0.00935908
0.53925000 0.00936077
0.53930000 0.00936246
0.53935000 0.00936415
0.53940000 0.00936584
0.53945000 0.00936753
0.53950000 0.00936922
0.53955000 0.00937091
0.53960000 0.00937260
0.53965000 0.00937428
0.53970000 0.00937597
0.53975000 0.00937766
0.53980000 0.00937934
0.53985000 0.00938103
0.53990000 0.00938271
0.53995000 0.00938440
0.54000000 0.00938608
0.54005000 0.00938776
0.54010000 0.00938945
0.54015000 0.00939113
0.54020000 0.00939281
0.54025000 0.00939449
0.54030000 0.00939617
0.54035000 0.00939785
0.54040000 0.00939953
0.54045000 0.00940121
0.54050000 0.00940289
0.54055000 0.00940457
0.54060000 0.00940624
0.54065000 0.00940792
0.54070000 0.00940960
0.54075000 0.00941127
0.54080000 0.00941295
0.54085000 0.00941462
0.54090000 0.00941630
0.54095000 0.00941797
0.54100000 0.00941964
0.54105000 0.00942132
0.54110000 0.00942299
0.54115000 0.00942466
0.54120000 0.00942633
0.54125000 0.00942800
0.54130000 0.00942967
0.54135000 0.00943134
0.54140000 0.00943301
0.54145000 0.00943468
0.54150000 0.00943634
0.54155000 0.00943801
0.54160000 0.00943968
0.54165000 0.00944134
0.54170000 0.00944301
0.54175000 0.00944467
0.54180000 0.00944634
0.54185000 0.00944800
0.54190000 0.00944967
0.54195000 0.00945133
0.54200000 0.00945299
0.54205000 0.00945465
0.54210000 0.00945631
0.54215000 0.00945797
0.54220000 0.00945963
0.54225000 0.00946129
0.54230000 0.00946295
0.54235000 0.00946461
0.54240000 0.00946627
0.54245000 0.00946793
0.54250000 0.00946958
0.54255000 0.00947124
0.54260000 0.00947290
0.54265000 0.00947455
0.54270000 0.00947621
0.54275000 0.00947786
0.54280000 0.00947951
0.54285000 0.00948117
0.54290000 0.00948282
0.54295000 0.00948447
0.54300000 0.00948612
0.54305000 0.00948777
0.54310000 0.00948942
0.54315000 0.00949107
0.54320000 0.00949272
0.54325000 0.00949437
0.54330000 0.00949602
0.54335000 0.00949767
0.54340000 0.00949932
0.54345000 0.00950096
0.54350000 0.00950261
0.54355000 0.00950425
0.54360000 0.00950590
0.54365000 0.00950754
0.54370000 0.00950919
0.54375000 0.00951083
0.54380000 0.00951248
0.54385000 0.00951412
0.54390000 0.00951576
0.54395000 0.00951740
0.54400000 0.00951904
0.54405000 0.00952068
0.54410000 0.00952232
0.54415000 0.00952396
0.54420000 0.00952560
0.54425000 0.00952724
0.54430000 0.00952887
0.54435000 0.00953051
0.54440000 0.00953215
0.54445000 0.00953378
0.54450000 0.00953542
0.54455000 0.00953705
0.54460000 0.00953869
0.54465000 0.00954032
0.54470000 0.00954196
0.54475000 0.00954359
0.54480000 0.00954522
0.54485000 0.00954685
0.54490000 0.00954848
0.54495000 0.00955011
0.54500000 0.00955174
0.54505000 0.00955337
0.54510000 0.00955500
0.54515000 0.00955663
0.54520000 0.00955826
0.54525000 0.00955989
0.54530000 0.00956151
0.54535000 0.00956314
0.54540000 0.00956476
0.54545000 0.00956639
0.54550000 0.00956801
0.54555000 0.00956964
0.54560000 0.00957126
0.54565000 0.00957288
0.54570000 0.00957451
0.54575000 0.00957613
0.54580000 0.00957775
0.54585000 0.00957937
0.54590000 0.00958099
0.54595000 0.00958261
0.54600000 0.00958423
0.54605000 0.00958585
0.54610000 0.00958747
0.54615000 0.00958908
0.54620000 0.00959070
0.54625000 0.00959232
0.54630000 0.00959393
0.54635000 0.00959555
0.54640000 0.00959716
0.54645000 0.00959878
0.54650000 0.00960039
0.54655000 0.00960201
0.54660000 0.00960362
0.54665000 0.00960523
0.54670000 0.00960684
0.54675000 0.00960845
0.54680000 0.00961006
0.54685000 0.00961167
0.54690000 0.00961328
0.54695000 0.00961489
0.54700000 0.00961650
0.54705000 0.00961811
0.54710000 0.00961972
0.54715000 0.00962132
0.54720000 0.00962293
0.54725000 0.00962453
0.54730000 0.00962614
0.54735000 0.00962774
0.54740000 0.00962935
0.54745000 0.00963095
0.54750000 0.00963255
0.54755000 0.00963416
0.54760000 0.00963576
0.54765000 0.00963736
0.54770000 0.00963896
0.54775000 0.00964056
0.54780000 0.00964216
0.54785000 0.00964376
0.54790000 0.00964536
0.54795000 0.00964696
0.54800000 0.00964855
0.54805000 0.00965015
0.54810000 0.00965175
0.54815000 0.00965334
0.54820000 0.00965494
0.54825000 0.00965653
0.54830000 0.00965813
0.54835000 0.00965972
0.54840000 0.00966131
0.54845000 0.00966291
0.54850000 0.00966450
0.54855000 0.00966609
0.54860000 0.00966768
0.54865000 0.00966927
0.54870000 0.00967086
0.54875000 0.00967245
0.54880000 0.00967404
0.54885000 0.00967563
0.54890000 0.00967722
0.54895000 0.00967880
0.54900000 0.00968039
0.54905000 0.00968197
0.54910000 0.00968356
0.54915000 0.00968515
0.54920000 0.00968673
0.54925000 0.00968831
0.54930000 0.00968990
0.54935000 0.00969148
0.54940000 0.00969306
0.54945000 0.00969464
0.54950000 0.00969623
0.54955000 0.00969781
0.54960000 0.00969939
0.54965000 0.00970097
0.54970000 0.00970254
0.54975000 0.00970412
0.54980000 0.00970570
0.54985000 0.00970728
0.54990000 0.00970885
0.54995000 0.00971043
0.55000000 0.00971201
0.55005000 0.00971358
0.55010000 0.00971516
0.55015000 0.00971673
0.55020000 0.00971830
0.55025000 0.00971988
0.55030000 0.00972145
0.55035000 0.00972302
0.55040000 0.00972459
0.55045000 0.00972616
0.55050000 0.00972773
0.55055000 0.00972930
0.55060000 0.00973087
0.55065000 0.00973244
0.55070000 0.00973401
0.55075000 0.00973558
0.55080000 0.00973714
0.55085000 0.00973871
0.55090000 0.00974028
0.55095000 0.00974184
0.55100000 0.00974341
0.55105000 0.00974497
0.55110000 0.00974654
0.55115000 0.00974810
0.55120000 0.00974966
0.55125000 0.00975122
0.55130000 0.00975278
0.55135000 0.00975435
0.55140000 0.00975591
0.55145000 0.00975747
0.55150000 0.00975903
0.55155000 0.00976058
0.55160000 0.00976214
0.55165000 0.00976370
0.55170000 0.00976526
0.55175000 0.00976681
0.55180000 0.00976837
0.55185000 0.00976993
0.55190000 0.00977148
0.55195000 0.00977303
0.55200000 0.00977459
0.55205000 0.00977614
0.55210000 0.00977769
0.55215000 0.00977925
0.55220000 0.00978080
0.55225000 0.00978235
0.55230000 0.00978390
0.55235000 0.00978545
0.55240000 0.00978700
0.55245000 0.00978855
0.55250000 0.00979010
0.55255000 0.00979165
0.55260000 0.00979319
0.55265000 0.00979474
0.55270000 0.00979629
0.55275000 0.00979783
0.55280000 0.00979938
0.55285000 0.00980092
0.55290000 0.00980247
0.55295000 0.00980401
0.55300000 0.00980555
0.55305000 0.00980709
0.55310000 0.00980864
0.55315000 0.00981018
0.55320000 0.00981172
0.55325000 0.00981326
0.55330000 0.00981480
0.55335000 0.00981634
0.55340000 0.00981788
0.55345000 0.00981941
0.55350000 0.00982095
0.55355000 0.00982249
0.55360000 0.00982402
0.55365000 0.00982556
0.55370000 0.00982710
0.55375000 0.00982863
0.55380000 0.00983016
0.55385000 0.00983170
0.55390000 0.00983323
0.55395000 0.00983476
0.55400000 0.00983630
0.55405000 0.00983783
0.55410000 0.00983936
0.55415000 0.00984089
0.55420000 0.00984242
0.55425000 0.00984395
0.55430000 0.00984548
0.55435000 0.00984700
0.55440000 0.00984853
0.55445000 0.00985006
0.55450000 0.00985158
0.55455000 0.00985311
0.55460000 0.00985464
0.55465000 0.00985616
0.55470000 0.00985769
0.55475000 0.00985921
0.55480000 0.00986073
0.55485000 0.00986225
0.55490000 0.00986378
0.55495000 0.00986530
0.55500000 0.00986682
0.55505000 0.00986834
0.55510000 0.00986986
0.55515000 0.00987138
0.55520000 0.00987290
0.55525000 0.00987442
0.55530000 0.00987593
0.55535000 0.00987745
0.55540000 0.00987897
0.55545000 0.00988048
0.55550000 0.00988200
0.55555000 0.00988351
0.55560000 0.00988503
0.55565000 0.00988654
0.55570000 0.00988806
0.55575000 0.00988957
0.55580000 0.00989108
0.55585000 0.00989259
0.55590000 0.00989410
0.55595000 0.00989561
0.55600000 0.00989712
0.55605000 0.00989863
0.55610000 0.00990014
0.55615000 0.00990165
0.55620000 0.00990316
0.55625000 0.00990466
0.55630000 0.00990617
0.55635000 0.00990768
0.55640000 0.00990918
0.55645000 0.00991069
0.55650000 0.00991219
0.55655000 0.00991370
0.55660000 0.00991520
0.55665000 0.00991670
0.55670000 0.00991821
0.55675000 0.00991971
0.55680000 0.00992121
0.55685000 0.00992271
0.55690000 0.00992421
0.55695000 0.00992571
0.55700000 0.00992721
0.55705000 0.00992871
0.55710000 0.00993020
0.55715000 0.00993170
0.55720000 0.00993320
0.55725000 0.00993469
0.55730000 0.00993619
0.55735000 0.00993768
0.55740000 0.00993918
0.55745000 0.00994067
0.55750000 0.00994217
0.55755000 0.00994366
0.55760000 0.00994515
0.55765000 0.00994664
0.55770000 0.00994813
0.55775000 0.00994963
0.55780000 0.00995112
0.55785000 0.00995260
0.55790000 0.00995409
0.55795000 0.00995558
0.55800000 0.00995707
0.55805000 0.00995856
0.55810000 0.00996004
0.55815000 0.00996153
0.55820000 0.00996302
0.55825000 0.00996450
0.55830000 0.00996599
0.55835000 0.00996747
0.55840000 0.00996895
0.55845000 0.00997044
0.55850000 0.00997192
0.55855000 0.00997340
0.55860000 0.00997488
0.55865000 0.00997636
0.55870000 0.00997784
0.55875000 0.00997932
0.55880000 0.00998080
0.55885000 0.00998228
0.55890000 0.00998376
0.55895000 0.00998524
0.55900000 0.00998671
0.55905000 0.00998819
0.55910000 0.00998966
0.55915000 0.00999114
0.55920000 0.00999261
0.55925000 0.00999409
0.55930000 0.00999556
0.55935000 0.00999703
0.55940000 0.00999851
0.55945000 0.00999998
0.55950000 0.01000145
0.55955000 0.01000292
0.55960000 0.01000439
0.55965000 0.01000586
0.55970000 0.01000733
0.55975000 0.01000880
0.55980000 0.01001027
0.55985000 0.01001173
0.55990000 0.01001320
0.55995000 0.01001467
0.56000000 0.01001613
0.56005000 0.01001760
0.56010000 0.01001906
0.56015000 0.01002053
0.56020000 0.01002199
0.56025000 0.01002345
0.56030000 0.01002492
0.56035000 0.01002638
0.56040000 0.01002784
0.56045000 0.01002930
0.56050000 0.01003076
0.56055000 0.01003222
0.56060000 0.01003368
0.56065000 0.01003514
0.56070000 0.01003660
0.56075000 0.01003805
0.56080000 0.01003951
0.56085000 0.01004097
0.56090000 0.01004242
0.56095000 0.01004388
0.56100000 0.01004533
0.56105000 0.01004679
0.56110000 0.01004824
0.56115000 0.01004969
0.56120000 0.01005114
0.56125000 0.01005260
0.56130000 0.01005405
0.56135000 0.01005550
0.56140000 0.01005695
0.56145000 0.01005840
0.56150000 0.01005985
0.56155000 0.01006130
0.56160000 0.01006274
0.56165000 0.01006419
0.56170000 0.01006564
0.56175000 0.01006709
0.56180000 0.01006853
0.56185000 0.01006998
0.56190000 0.01007142
0.56195000 0.01007287
0.56200000 0.01007431
0.56205000 0.01007575
0.56210000 0.01007719
0.56215000 0.01007864
0.56220000 0.01008008
0.56225000 0.01008152
0.56230000 0.01008296
0.56235000 0.01008440
0.56240000 0.01008584
0.56245000 0.01008728
0.56250000 0.01008871
0.56255000 0.01009015
0.56260000 0.01009159
0.56265000 0.01009302
0.56270000 0.01009446
0.56275000 0.01009590
0.56280000 0.01009733
0.56285000 0.01009876
0.56290000 0.01010020
0.56295000 0.01010163
0.56300000 0.01010306
0.56305000 0.01010450
0.56310000 0.01010593
0.56315000 0.01010736
0.56320000 0.01010879
0.56325000 0.01011022
0.56330000 0.01011165
0.56335000 0.01011307
0.56340000 0.01011450
0.56345000 0.01011593
0.56350000 0.01011736
0.56355000 0.01011878
0.56360000 0.01012021
0.56365000 0.01012163
0.56370000 0.01012306
0.56375000 0.01012448
0.56380000 0.01012591
0.56385000 0.01012733
0.56390000 0.01012875
0.56395000 0.01013017
0.56400000 0.01013159
0.56405000 0.01013302
0.56410000 0.01013444
0.56415000 0.01013586
0.56420000 0.01013727
0.56425000 0.01013869
0.56430000 0.01014011
0.56435000 0.01014153
0.56440000 0.01014295
0.56445000 0.01014436
0.56450000 0.01014578
0.56455000 0.01014719
0.56460000 0.01014861
0.56465000 0.01015002
0.56470000 0.01015143
0.56475000 0.01015285
0.56480000 0.01015426
0.56485000 0.01015567
0.56490000 0.01015708
0.56495000 0.01015849
0.56500000 0.01015990
0.56505000 0.01016131
0.56510000 0.01016272
0.56515000 0.01016413
0.56520000 0.01016554
0.56525000 0.01016695
0.56530000 0.01016835
0.56535000 0.01016976
0.56540000 0.01017116
0.56545000 0.01017257
0.56550000 0.01017397
0.56555000 0.01017538
0.56560000 0.01017678
0.56565000 0.01017818
0.56570000 0.01017959
0.56575000 0.01018099
0.56580000 0.01018239
0.56585000 0.01018379
0.56590000 0.01018519
0.56595000 0.01018659
0.56600000 0.01018799
0.56605000 0.01018939
0.56610000 0.01019079
0.56615000 0.01019218
0.56620000 0.01019358
0.56625000 0.01019498
0.56630000 0.01019637
0.56635000 0.01019777
0.56640000 0.01019916
0.56645000 0.01020055
0.56650000 0.01020195
0.56655000 0.01020334
0.56660000 0.01020473
0.56665000 0.01020612
0.56670000 0.01020752
0.56675000 0.01020891
0.56680000 0.01021030
0.56685000 0.01021169
0.56690000 0.01021307
0.56695000 0.01021446
0.56700000 0.01021585
0.56705000 0.01021724
0.56710000 0.01021862
0.56715000 0.01022001
0.56720000 0.01022140
0.56725000 0.01022278
0.56730000 0.01022417
0.56735000 0.01022555
0.56740000 0.01022693
0.56745000 0.01022832
0.56750000 0.01022970
0.56755000 0.01023108
0.56760000 0.01023246
0.56765000 0.01023384
0.56770000 0.01023522
0.56775000 0.01023660
0.56780000 0.01023798
0.56785000 0.01023936
0.56790000 0.01024073
0.56795000 0.01024211
0.56800000 0.01024349
0.56805000 0.01024486
0.56810000 0.01024624
0.56815000 0.01024761
0.56820000 0.01024899
0.56825000 0.01025036
0.56830000 0.01025174
0.56835000 0.01025311
0.56840000 0.01025448
0.56845000 0.01025585
0.56850000 0.01025722
0.56855000 0.01025859
0.56860000 0.01025996
0.56865000 0.01026133
0.56870000 0.01026270
0.56875000 0.01026407
0.56880000 0.01026544
0.56885000 0.01026680
0.56890000 0.01026817
0.56895000 0.01026954
0.56900000 0.01027090
0.56905000 0.01027227
0.56910000 0.01027363
0.56915000 0.01027499
0.56920000 0.01027636
0.56925000 0.01027772
0.56930000 0.01027908
0.56935000 0.01028044
0.56940000 0.01028180
0.56945000 0.01028316
0.56950000 0.01028452
0.56955000 0.01028588
0.56960000 0.01028724
0.56965000 0.01028860
0.56970000 0.01028996
0.56975000 0.01029131
0.56980000 0.01029267
0.56985000 0.01029403
0.56990000 0.01029538
0.56995000 0.01029674
0.57000000 0.01029809
0.57005000 0.01029944
0.57010000 0.01030080
0.57015000 0.01030215
0.57020000 0.01030350
0.57025000 0.01030485
0.57030000 0.01030620
0.57035000 0.01030755
0.57040000 0.01030890
0.57045000 0.01031025
0.57050000 0.01031160
0.57055000 0.01031295
0.57060000 0.01031430
0.57065000 0.01031564
0.57070000 0.01031699
0.57075000 0.01031834
0.57080000 0.01031968
0.57085000 0.01032102
0.57090000 0.01032237
0.57095000 0.01032371
0.57100000 0.01032506
0.57105000 0.01032640
0.57110000 0.01032774
0.57115000 0.01032908
0.57120000 0.01033042
0.57125000 0.01033176
0.57130000 0.01033310
0.57135000 0.01033444
0.57140000 0.01033578
0.57145000 0.01033712
0.57150000 0.01033845
0.57155000 0.01033979
0.57160000 0.01034113
0.57165000 0.01034246
0.57170000 0.01034380
0.57175000 0.01034513
0.57180000 0.01034646
0.57185000 0.01034780
0.57190000 0.01034913
0.57195000 0.01035046
0.57200000 0.01035179
0.57205000 0.01035313
0.57210000 0.01035446
0.57215000 0.01035579
0.57220000 0.01035711
0.57225000 0.01035844
0.57230000 0.01035977
0.57235000 0.01036110
0.57240000 0.01036243
0.57245000 0.01036375
0.57250000 0.01036508
0.57255000 0.01036640
0.57260000 0.01036773
0.57265000 0.01036905
0.57270000 0.01037038
0.57275000 0.01037170
0.57280000 0.01037302
0.57285000 0.01037435
0.57290000 0.01037567
0.57295000 0.01037699
0.57300000 0.01037831
0.57305000 0.01037963
0.57310000 0.01038095
0.57315000 0.01038227
0.57320000 0.01038358
0.57325000 0.01038490
0.57330000 0.01038622
0.57335000 0.01038753
0.57340000 0.01038885
0.57345000 0.01039017
0.57350000 0.01039148
0.57355000 0.01039279
0.57360000 0.01039411
0.57365000 0.01039542
0.57370000 0.01039673
0.57375000 0.01039804
0.57380000 0.01039936
0.57385000 0.01040067
0.57390000 0.01040198
0.57395000 0.01040329
0.57400000 0.01040460
0.57405000 0.01040590
0.57410000 0.01040721
0.57415000 0.01040852
0.57420000 0.01040983
0.57425000 0.01041113
0.57430000 0.01041244
0.57435000 0.01041374
0.57440000 0.01041505
0.57445000 0.01041635
0.57450000 0.01041765
0.57455000 0.01041896
0.57460000 0.01042026
0.57465000 0.01042156
0.57470000 0.01042286
0.57475000 0.01042416
0.57480000 0.01042546
0.57485000 0.01042676
0.57490000 0.01042806
0.57495000 0.01042936
0.57500000 0.01043066
0.57505000 0.01043195
0.57510000 0.01043325
0.57515000 0.01043455
0.57520000 0.01043584
0.57525000 0.01043714
0.57530000 0.01043843
0.57535000 0.01043973
0.57540000 0.01044102
0.57545000 0.01044231
0.57550000 0.01044360
0.57555000 0.01044490
0.57560000 0.01044619
0.57565000 0.01044748
0.57570000 0.01044877
0.57575000 0.01045006
0.57580000 0.01045134
0.57585000 0.01045263
0.57590000 0.01045392
0.57595000 0.01045521
0.57600000 0.01045649
0.57605000 0.01045778
0.57610000 0.01045906
0.57615000 0.01046035
0.57620000 0.01046163
0.57625000 0.01046292
0.57630000 0.01046420
0.57635000 0.01046548
0.57640000 0.01046676
0.57645000 0.01046805
0.57650000 0.01046933
0.57655000 0.01047061
0.57660000 0.01047189
0.57665000 0.01047317
0.57670000 0.01047444
0.57675000 0.01047572
0.57680000 0.01047700
0.57685000 0.01047828
0.57690000 0.01047955
0.57695000 0.01048083
0.57700000 0.01048210
0.57705000 0.01048338
0.57710000 0.01048465
0.57715000 0.01048592
0.57720000 0.01048720
0.57725000 0.01048847
0.57730000 0.01048974
0.57735000 0.01049101
0.57740000 0.01049228
0.57745000 0.01049355
0.57750000 0.01049482
0.57755000 0.01049609
0.57760000 0.01049736
0.57765000 0.01049863
0.57770000 0.01049989
0.57775000 0.01050116
0.57780000 0.01050243
0.57785000 0.01050369
0.57790000 0.01050496
0.57795000 0.01050622
0.57800000 0.01050749
0.57805000 0.01050875
0.57810000 0.01051001
0.57815000 0.01051127
0.57820000 0.01051253
0.57825000 0.01051380
0.57830000 0.01051506
0.57835000 0.01051632
0.57840000 0.01051757
0.57845000 0.01051883
0.57850000 0.01052009
0.57855000 0.01052135
0.57860000 0.01052261
0.57865000 0.01052386
0.57870000 0.01052512
0.57875000 0.01052637
0.57880000 0.01052763
0.57885000 0.01052888
0.57890000 0.01053014
0.57895000 0.01053139
0.57900000 0.01053264
0.57905000 0.01053389
0.57910000 0.01053514
0.57915000 0.01053639
0.57920000 0.01053764
0.57925000 0.01053889
0.57930000 0.01054014
0.57935000 0.01054139
0.57940000 0.01054264
0.57945000 0.01054389
0.57950000 0.01054513
0.57955000 0.01054638
0.57960000 0.01054763
0.57965000 0.01054887
0.57970000 0.01055011
0.57975000 0.01055136
0.57980000 0.01055260
0.57985000 0.01055384
0.57990000 0.01055509
0.57995000 0.01055633
0.58000000 0.01055757
0.58005000 0.01055881
0.58010000 0.01056005
0.58015000 0.01056129
0.58020000 0.01056253
0.58025000 0.01056377
0.58030000 0.01056500
0.58035000 0.01056624
0.58040000 0.01056748
0.58045000 0.01056871
0.58050000 0.01056995
0.58055000 0.01057118
0.58060000 0.01057242
0.58065000 0.01057365
0.58070000 0.01057488
0.58075000 0.01057612
0.58080000 0.01057735
0.58085000 0.01057858
0.58090000 0.01057981
0.58095000 0.01058104
0.58100000 0.01058227
0.58105000 0.01058350
0.58110000 0.01058473
0.58115000 0.01058596
0.58120000 0.01058718
0.58125000 0.01058841
0.58130000 0.01058964
0.58135000 0.01059086
0.58140000 0.01059209
0.58145000 0.01059331
0.58150000 0.01059454
0.58155000 0.01059576
0.58160000 0.01059698
0.58165000 0.01059820
0.58170000 0.01059943
0.58175000 0.01060065
0.58180000 0.01060187
0.58185000 0.01060309
0.58190000 0.01060431
0.58195000 0.01060553
0.58200000 0.01060674
0.58205000 0.01060796
0.58210000 0.01060918
0.58215000 0.01061039
0.58220000 0.01061161
0.58225000 0.01061283
0.58230000 0.01061404
0.58235000 0.01061526
0.58240000 0.01061647
0.58245000 0.01061768
0.58250000 0.01061889
0.58255000 0.01062011
0.58260000 0.01062132
0.58265000 0.01062253
0.58270000 0.01062374
0.58275000 0.01062495
0.58280000 0.01062616
0.58285000 0.01062737
0.58290000 0.01062857
0.58295000 0.01062978
0.58300000 0.01063099
0.58305000 0.01063220
0.58310000 0.01063340
0.58315000 0.01063461
0.58320000 0.01063581
0.58325000 0.01063701
0.58330000 0.01063822
0.58335000 0.01063942
0.58340000 0.01064062
0.58345000 0.01064182
0.58350000 0.01064303
0.58355000 0.01064423
0.58360000 0.01064543
0.58365000 0.01064663
0.58370000 0.01064783
0.58375000 0.01064902
0.58380000 0.01065022
0.58385000 0.01065142
0.58390000 0.01065261
0.58395000 0.01065381
0.58400000 0.01065501
0.58405000 0.01065620
0.58410000 0.01065740
0.58415000 0.01065859
0.58420000 0.01065978
0.58425000 0.01066097
0.58430000 0.01066217
0.58435000 0.01066336
0.58440000 0.01066455
0.58445000 0.01066574
0.58450000 0.01066693
0.58455000 0.01066812
0.58460000 0.01066931
0.58465000 0.01067050
0.58470000 0.01067168
0.58475000 0.01067287
0.58480000 0.01067406
0.58485000 0.01067524
0.58490000 0.01067643
0.58495000 0.01067761
0.58500000 0.01067880
0.58505000 0.01067998
0.58510000 0.01068116
0.58515000 0.01068234
0.58520000 0.01068353
0.58525000 0.01068471
0.58530000 0.01068589
0.58535000 0.01068707
0.58540000 0.01068825
0.58545000 0.01068943
0.58550000 0.01069060
0.58555000 0.01069178
0.58560000 0.01069296
0.58565000 0.01069414
0.58570000 0.01069531
0.58575000 0.01069649
0.58580000 0.01069766
0.58585000 0.01069884
0.58590000 0.01070001
0.58595000 0.01070118
0.58600000 0.01070236
0.58605000 0.01070353
0.58610000 0.01070470
0.58615000 0.01070587
0.58620000 0.01070704
0.58625000 0.01070821
0.58630000 0.01070938
0.58635000 0.01071055
0.58640000 0.01071172
0.58645000 0.01071288
0.58650000 0.01071405
0.58655000 0.01071522
0.58660000 0.01071638
0.58665000 0.01071755
0.58670000 0.01071871
0.58675000 0.01071988
0.58680000 0.01072104
0.58685000 0.01072220
0.58690000 0.01072336
0.58695000 0.01072453
0.58700000 0.01072569
0.58705000 0.01072685
0.58710000 0.01072801
0.58715000 0.01072917
0.58720000 0.01073033
0.58725000 0.01073148
0.58730000 0.01073264
0.58735000 0.01073380
0.58740000 0.01073496
0.58745000 0.01073611
0.58750000 0.01073727
0.58755000 0.01073842
0.58760000 0.01073958
0.58765000 0.01074073
0.58770000 0.01074188
0.58775000 0.01074304
0.58780000 0.01074419
0.58785000 0.01074534
0.58790000 0.01074649
0.58795000 0.01074764
0.58800000 0.01074879
0.58805000 0.01074994
0.58810000 0.01075109
0.58815000 0.01075224
0.58820000 0.01075338
0.58825000 0.01075453
0.58830000 0.01075568
0.58835000 0.01075682
0.58840000 0.01075797
0.58845000 0.01075911
0.58850000 0.01076026
0.58855000 0.01076140
0.58860000 0.01076254
0.58865000 0.01076368
0.58870000 0.01076483
0.58875000 0.01076597
0.58880000 0.01076711
0.58885000 0.01076825
0.58890000 0.01076939
0.58895000 0.01077053
0.58900000 0.01077166
0.58905000 0.01077280
0.58910000 0.01077394
0.58915000 0.01077508
0.58920000 0.01077621
0.58925000 0.01077735
0.58930000 0.01077848
0.58935000 0.01077962
0.58940000 0.01078075
0.58945000 0.01078188
0.58950000 0.01078301
0.58955000 0.01078415
0.58960000 0.01078528
0.58965000 0.01078641
0.58970000 0.01078754
0.58975000 0.01078867
0.58980000 0.01078980
0.58985000 0.01079093
0.58990000 0.01079205
0.58995000 0.01079318
0.59000000 0.01079431
0.59005000 0.01079543
0.59010000 0.01079656
0.59015000 0.01079769
0.59020000 0.01079881
0.59025000 0.01079993
0.59030000 0.01080106
0.59035000 0.01080218
0.59040000 0.01080330
0.59045000 0.01080442
0.59050000 0.01080554
0.59055000 0.01080667
0.59060000 0.01080778
0.59065000 0.01080890
0.59070000 0.01081002
0.59075000 0.01081114
0.59080000 0.01081226
0.59085000 0.01081338
0.59090000 0.01081449
0.59095000 0.01081561
0.59100000 0.01081672
0.59105000 0.01081784
0.59110000 0.01081895
0.59115000 0.01082007
0.59120000 0.01082118
0.59125000 0.01082229
0.59130000 0.01082340
0.59135000 0.01082451
0.59140000 0.01082562
0.59145000 0.01082674
0.59150000 0.01082784
0.59155000 0.01082895
0.59160000 0.01083006
0.59165000 0.01083117
0.59170000 0.01083228
0.59175000 0.01083338
0.59180000 0.01083449
0.59185000 0.01083560
0.59190000 0.01083670
0.59195000 0.01083780
0.59200000 0.01083891
0.59205000 0.01084001
0.59210000 0.01084111
0.59215000 0.01084222
0.59220000 0.01084332
0.59225000 0.01084442
0.59230000 0.01084552
0.59235000 0.01084662
0.59240000 0.01084772
0.59245000 0.01084882
0.59250000 0.01084991
0.59255000 0.01085101
0.59260000 0.01085211
0.59265000 0.01085321
0.59270000 0.01085430
0.59275000 0.01085540
0.59280000 0.01085649
0.59285000 0.01085759
0.59290000 0.01085868
0.59295000 0.01085977
0.59300000 0.01086086
0.59305000 0.01086196
0.59310000 0.01086305
0.59315000 0.01086414
0.59320000 0.01086523
0.59325000 0.01086632
0.59330000 0.01086741
0.59335000 0.01086849
0.59340000 0.01086958
0.59345000 0.01087067
0.59350000 0.01087176
0.59355000 0.01087284
0.59360000 0.01087393
0.59365000 0.01087501
0.59370000 0.01087610
0.59375000 0.01087718
0.59380000 0.01087826
0.59385000 0.01087935
0.59390000 0.01088043
0.59395000 0.01088151
0.59400000 0.01088259
0.59405000 0.01088367
0.59410000 0.01088475
0.59415000 0.01088583
0.59420000 0.01088691
0.59425000 0.01088798
0.59430000 0.01088906
0.59435000 0.01089014
0.59440000 0.01089121
0.59445000 0.01089229
0.59450000 0.01089337
0.59455000 0.01089444
0.59460000 0.01089551
0.59465000 0.01089659
0.59470000 0.01089766
0.59475000 0.01089873
0.59480000 0.01089980
0.59485000 0.01090087
0.59490000 0.01090195
0.59495000 0.01090302
0.59500000 0.01090408
0.59505000 0.01090515
0.59510000 0.01090622
0.59515000 0.01090729
0.59520000 0.01090836
0.59525000 0.01090942
0.59530000 0.01091049
0.59535000 0.01091155
0.59540000 0.01091262
0.59545000 0.01091368
0.59550000 0.01091475
0.59555000 0.01091581
0.59560000 0.01091687
0.59565000 0.01091793
0.59570000 0.01091899
0.59575000 0.01092005
0.59580000 0.01092111
0.59585000 0.01092217
0.59590000 0.01092323
0.59595000 0.01092429
0.59600000 0.01092535
0.59605000 0.01092641
0.59610000 0.01092746
0.59615000 0.01092852
0.59620000 0.01092957
0.59625000 0.01093063
0.59630000 0.01093168
0.59635000 0.01093274
0.59640000 0.01093379
0.59645000 0.01093484
0.59650000 0.01093590
0.59655000 0.01093695
0.59660000 0.01093800
0.59665000 0.01093905
0.59670000 0.01094010
0.59675000 0.01094115
0.59680000 0.01094219
0.59685000 0.01094324
0.59690000 0.01094429
0.59695000 0.01094534
0.59700000 0.01094638
0.59705000 0.01094743
0.59710000 0.01094847
0.59715000 0.01094952
0.59720000 0.01095056
0.59725000 0.01095161
0.59730000 0.01095265
0.59735000 0.01095369
0.59740000 0.01095473
0.59745000 0.01095577
0.59750000 0.01095681
0.59755000 0.01095785
0.59760000 0.01095889
0.59765000 0.01095993
0.59770000 0.01096097
0.59775000 0.01096201
0.59780000 0.01096304
0.59785000 0.01096408
0.59790000 0.01096512
0.59795000 0.01096615
0.59800000 0.01096719
0.59805000 0.01096822
0.59810000 0.01096925
0.59815000 0.01097029
0.59820000 0.01097132
0.59825000 0.01097235
0.59830000 0.01097338
0.59835000 0.01097441
0.59840000 0.01097544
0.59845000 0.01097647
0.59850000 0.01097750
0.59855000 0.01097853
0.59860000 0.01097956
0.59865000 0.01098059
0.59870000 0.01098161
0.59875000 0.01098264
0.59880000 0.01098366
0.59885000 0.01098469
0.59890000 0.01098571
0.59895000 0.01098674
0.59900000 0.01098776
0.59905000 0.01098878
0.59910000 0.01098980
0.59915000 0.01099083
0.59920000 0.01099185
0.59925000 0.01099287
0.59930000 0.01099389
0.59935000 0.01099491
0.59940000 0.01099592
0.59945000 0.01099694
0.59950000 0.01099796
0.59955000 0.01099898
0.59960000 0.01099999
0.59965000 0.01100101
0.59970000 0.01100202
0.59975000 0.01100304
0.59980000 0.01100405
0.59985000 0.01100507
0.59990000 0.01100608
0.59995000 0.01100709
0.60000000 0.01100810
0.60005000 0.01100911
0.60010000 0.01101012
0.60015000 0.01101113
0.60020000 0.01101214
0.60025000 0.01101315
0.60030000 0.01101416
0.60035000 0.01101517
0.60040000 0.01101617
0.60045000 0.01101718
0.60050000 0.01101819
0.60055000 0.01101919
0.60060000 0.01102020
0.60065000 0.01102120
0.60070000 0.01102220
0.60075000 0.01102321
0.60080000 0.01102421
0.60085000 0.01102521
0.60090000 0.01102621
0.60095000 0.01102721
0.60100000 0.01102821
0.60105000 0.01102921
0.60110000 0.01103021
0.60115000 0.01103121
0.60120000 0.01103221
0.60125000 0.01103320
0.60130000 0.01103420
0.60135000 0.01103520
0.60140000 0.01103619
0.60145000 0.01103719
0.60150000 0.01103818
0.60155000 0.01103918
0.60160000 0.01104017
0.60165000 0.01104116
0.60170000 0.01104215
0.60175000 0.01104314
0.60180000 0.01104413
0.60185000 0.01104513
0.60190000 0.01104611
0.60195000 0.01104710
0.60200000 0.01104809
0.60205000 0.01104908
0.60210000 0.01105007
0.60215000 0.01105105
0.60220000 0.01105204
0.60225000 0.01105303
0.60230000 0.01105401
0.60235000 0.01105500
0.60240000 0.01105598
0.60245000 0.01105696
0.60250000 0.01105795
0.60255000 0.01105893
0.60260000 0.01105991
0.60265000 0.01106089
0.60270000 0.01106187
0.60275000 0.01106285
0.60280000 0.01106383
0.60285000 0.01106481
0.60290000 0.01106579
0.60295000 0.01106676
0.60300000 0.01106774
0.60305000 0.01106872
0.60310000 0.01106969
0.60315000 0.01107067
0.60320000 0.01107164
0.60325000 0.01107262
0.60330000 0.01107359
0.60335000 0.01107456
0.60340000 0.01107554
0.60345000 0.01107651
0.60350000 0.01107748
0.60355000 0.01107845
0.60360000 0.01107942
0.60365000 0.01108039
0.60370000 0.01108136
0.60375000 0.01108232
0.60380000 0.01108329
0.60385000 0.01108426
0.60390000 0.01108523
0.60395000 0.01108619
0.60400000 0.01108716
0.60405000 0.01108812
0.60410000 0.01108909
0.60415000 0.01109005
0.60420000 0.01109101
0.60425000 0.01109198
0.60430000 0.01109294
0.60435000 0.01109390
0.60440000 0.01109486
0.60445000 0.01109582
0.60450000 0.01109678
0.60455000 0.01109774
0.60460000 0.01109870
0.60465000 0.01109965
0.60470000 0.01110061
0.60475000 0.01110157
0.60480000 0.01110252
0.60485000 0.01110348
0.60490000 0.01110443
0.60495000 0.01110539
0.60500000 0.01110634
0.60505000 0.01110730
0.60510000 0.01110825
0.60515000 0.01110920
0.60520000 0.01111015
0.60525000 0.01111110
0.60530000 0.01111205
0.60535000 0.01111300
0.60540000 0.01111395
0.60545000 0.01111490
0.60550000 0.01111585
0.60555000 0.01111680
0.60560000 0.01111774
0.60565000 0.01111869
0.60570000 0.01111963
0.60575000 0.01112058
0.60580000 0.01112152
0.60585000 0.01112247
0.60590000 0.01112341
0.60595000 0.01112435
0.60600000 0.01112530
0.60605000 0.01112624
0.60610000 0.01112718
0.60615000 0.01112812
0.60620000 0.01112906
0.60625000 0.01113000
0.60630000 0.01113094
0.60635000 0.01113188
0.60640000 0.01113281
0.60645000 0.01113375
0.60650000 0.01113469
0.60655000 0.01113562
0.60660000 0.01113656
0.60665000 0.01113749
0.60670000 0.01113843
0.60675000 0.01113936
0.60680000 0.01114029
0.60685000 0.01114122
0.60690000 0.01114216
0.60695000 0.01114309
0.60700000 0.01114402
0.60705000 0.01114495
0.60710000 0.01114588
0.60715000 0.01114681
0.60720000 0.01114773
0.60725000 0.01114866
0.60730000 0.01114959
0.60735000 0.01115052
0.60740000 0.01115144
0.60745000 0.01115237
0.60750000 0.01115329
0.60755000 0.01115422
0.60760000 0.01115514
0.60765000 0.01115606
0.60770000 0.01115699
0.60775000 0.01115791
0.60780000 0.01115883
0.60785000 0.01115975
0.60790000 0.01116067
0.60795000 0.01116159
0.60800000 0.01116251
0.60805000 0.01116343
0.60810000 0.01116434
0.60815000 0.01116526
0.60820000 0.01116618
0.60825000 0.01116709
0.60830000 0.01116801
0.60835000 0.01116893
0.60840000 0.01116984
0.60845000 0.01117075
0.60850000 0.01117167
0.60855000 0.01117258
0.60860000 0.01117349
0.60865000 0.01117440
0.60870000 0.01117531
0.60875000 0.01117622
0.60880000 0.01117713
0.60885000 0.01117804
0.60890000 0.01117895
0.60895000 0.01117986
0.60900000 0.01118077
0.60905000 0.01118167
0.60910000 0.01118258
0.60915000 0.01118349
0.60920000 0.01118439
0.60925000 0.01118529
0.60930000 0.01118620
0.60935000 0.01118710
0.60940000 0.01118800
0.60945000 0.01118891
0.60950000 0.01118981
0.60955000 0.01119071
0.60960000 0.01119161
0.60965000 0.01119251
0.60970000 0.01119341
0.60975000 0.01119431
0.60980000 0.01119521
0.60985000 0.01119610
0.60990000 0.01119700
0.60995000 0.01119790
0.61000000 0.01119879
0.61005000 0.01119969
0.61010000 0.01120058
0.61015000 0.01120148
0.61020000 0.01120237
0.61025000 0.01120326
0.61030000 0.01120415
0.61035000 0.01120505
0.61040000 0.01120594
0.61045000 0.01120683
0.61050000 0.01120772
0.61055000 0.01120861
0.61060000 0.01120950
0.61065000 0.01121038
0.61070000 0.01121127
0.61075000 0.01121216
0.61080000 0.01121305
0.61085000 0.01121393
0.61090000 0.01121482
0.61095000 0.01121570
0.61100000 0.01121659
0.61105000 0.01121747
0.61110000 0.01121835
0.61115000 0.01121924
0.61120000 0.01122012
0.61125000 0.01122100
0.61130000 0.01122188
0.61135000 0.01122276
0.61140000 0.01122364
0.61145000 0.01122452
0.61150000 0.01122540
0.61155000 0.01122627
0.61160000 0.01122715
0.61165000 0.01122803
0.61170000 0.01122890
0.61175000 0.01122978
0.61180000 0.01123065
0.61185000 0.01123153
0.61190000 0.01123240
0.61195000 0.01123328
0.61200000 0.01123415
0.61205000 0.01123502
0.61210000 0.01123589
0.61215000 0.01123676
0.61220000 0.01123763
0.61225000 0.01123850
0.61230000 0.01123937
0.61235000 0.01124024
0.61240000 0.01124111
0.61245000 0.01124197
0.61250000 0.01124284
0.61255000 0.01124371
0.61260000 0.01124457
0.61265000 0.01124544
0.61270000 0.01124630
0.61275000 0.01124717
0.61280000 0.01124803
0.61285000 0.01124889
0.61290000 0.01124975
0.61295000 0.01125062
0.61300000 0.01125148
0.61305000 0.01125234
0.61310000 0.01125320
0.61315000 0.01125406
0.61320000 0.01125491
0.61325000 0.01125577
0.61330000 0.01125663
0.61335000 0.01125749
0.61340000 0.01125834
0.61345000 0.01125920
0.61350000 0.01126005
0.61355000 0.01126091
0.61360000 0.01126176
0.61365000 0.01126262
0.61370000 0.01126347
0.61375000 0.01126432
0.61380000 0.01126517
0.61385000 0.01126602
0.61390000 0.01126687
0.61395000 0.01126772
0.61400000 0.01126857
0.61405000 0.01126942
0.61410000 0.01127027
0.61415000 0.01127112
0.61420000 0.01127197
0.61425000 0.01127281
0.61430000 0.01127366
0.61435000 0.01127450
0.61440000 0.01127535
0.61445000 0.01127619
0.61450000 0.01127703
0.61455000 0.01127788
0.61460000 0.01127872
0.61465000 0.01127956
0.61470000 0.01128040
0.61475000 0.01128124
0.61480000 0.01128208
0.61485000 0.01128292
0.61490000 0.01128376
0.61495000 0.01128460
0.61500000 0.01128544
0.61505000 0.01128628
0.61510000 0.01128711
0.61515000 0.01128795
0.61520000 0.01128878
0.61525000 0.01128962
0.61530000 0.01129045
0.61535000 0.01129129
0.61540000 0.01129212
0.61545000 0.01129295
0.61550000 0.01129378
0.61555000 0.01129461
0.61560000 0.01129545
0.61565000 0.01129628
0.61570000 0.01129710
0.61575000 0.01129793
0.61580000 0.01129876
0.61585000 0.01129959
0.61590000 0.01130042
0.61595000 0.01130124
0.61600000 0.01130207
0.61605000 0.01130290
0.61610000 0.01130372
0.61615000 0.01130454
0.61620000 0.01130537
0.61625000 0.01130619
0.61630000 0.01130701
0.61635000 0.01130784
0.61640000 0.01130866
0.61645000 0.01130948
0.61650000 0.01131030
0.61655000 0.01131112
0.61660000 0.01131194
0.61665000 0.01131276
0.61670000 0.01131357
0.61675000 0.01131439
0.61680000 0.01131521
0.61685000 0.01131602
0.61690000 0.01131684
0.61695000 0.01131765
0.61700000 0.01131847
0.61705000 0.01131928
0.61710000 0.01132010
0.61715000 0.01132091
0.61720000 0.01132172
0.61725000 0.01132253
0.61730000 0.01132334
0.61735000 0.01132415
0.61740000 0.01132496
0.61745000 0.01132577
0.61750000 0.01132658
0.61755000 0.01132739
0.61760000 0.01132820
0.61765000 0.01132900
0.61770000 0.01132981
0.61775000 0.01133062
0.61780000 0.01133142
0.61785000 0.01133223
0.61790000 0.01133303
0.61795000 0.01133383
0.61800000 0.01133464
0.61805000 0.01133544
0.61810000 0.01133624
0.61815000 0.01133704
0.61820000 0.01133784
0.61825000 0.01133864
0.61830000 0.01133944
0.61835000 0.01134024
0.61840000 0.01134104
0.61845000 0.01134183
0.61850000 0.01134263
0.61855000 0.01134343
0.61860000 0.01134422
0.61865000 0.01134502
0.61870000 0.01134581
0.61875000 0.01134661
0.61880000 0.01134740
0.61885000 0.01134819
0.61890000 0.01134899
0.61895000 0.01134978
0.61900000 0.01135057
0.61905000 0.01135136
0.61910000 0.01135215
0.61915000 0.01135294
0.61920000 0.01135373
0.61925000 0.01135452
0.61930000 0.01135530
0.61935000 0.01135609
0.61940000 0.01135688
0.61945000 0.01135766
0.61950000 0.01135845
0.61955000 0.01135923
0.61960000 0.01136002
0.61965000 0.01136080
0.61970000 0.01136158
0.61975000 0.01136237
0.61980000 0.01136315
0.61985000 0.01136393
0.61990000 0.01136471
0.61995000 0.01136549
0.62000000 0.01136627
0.62005000 0.01136705
0.62010000 0.01136783
0.62015000 0.01136861
0.62020000 0.01136938
0.62025000 0.01137016
0.62030000 0.01137094
0.62035000 0.01137171
0.62040000 0.01137249
0.62045000 0.01137326
0.62050000 0.01137403
0.62055000 0.01137481
0.62060000 0.01137558
0.62065000 0.01137635
0.62070000 0.01137712
0.62075000 0.01137789
0.62080000 0.01137866
0.62085000 0.01137943
0.62090000 0.01138020
0.62095000 0.01138097
0.62100000 0.01138174
0.62105000 0.01138251
0.62110000 0.01138327
0.62115000 0.01138404
0.62120000 0.01138480
0.62125000 0.01138557
0.62130000 0.01138633
0.62135000 0.01138710
0.62140000 0.01138786
0.62145000 0.01138862
0.62150000 0.01138939
0.62155000 0.01139015
0.62160000 0.01139091
0.62165000 0.01139167
0.62170000 0.01139243
0.62175000 0.01139319
0.62180000 0.01139395
0.62185000 0.01139470
0.62190000 0.01139546
0.62195000 0.01139622
0.62200000 0.01139697
0.62205000 0.01139773
0.62210000 0.01139848
0.62215000 0.01139924
0.62220000 0.01139999
0.62225000 0.01140075
0.62230000 0.01140150
0.62235000 0.01140225
0.62240000 0.01140300
0.62245000 0.01140375
0.62250000 0.01140450
0.62255000 0.01140525
0.62260000 0.01140600
0.62265000 0.01140675
0.62270000 0.01140750
0.62275000 0.01140825
0.62280000 0.01140899
0.62285000 0.01140974
0.62290000 0.01141049
0.62295000 0.01141123
0.62300000 0.01141198
0.62305000 0.01141272
0.62310000 0.01141346
0.62315000 0.01141421
0.62320000 0.01141495
0.62325000 0.01141569
0.62330000 0.01141643
0.62335000 0.01141717
0.62340000 0.01141791
0.62345000 0.01141865
0.62350000 0.01141939
0.62355000 0.01142013
0.62360000 0.01142087
0.62365000 0.01142160
0.62370000 0.01142234
0.62375000 0.01142308
0.62380000 0.01142381
0.62385000 0.01142455
0.62390000 0.01142528
0.62395000 0.01142601
0.62400000 0.01142675
0.62405000 0.01142748
0.62410000 0.01142821
0.62415000 0.01142894
0.62420000 0.01142967
0.62425000 0.01143040
0.62430000 0.01143113
0.62435000 0.01143186
0.62440000 0.01143259
0.62445000 0.01143332
0.62450000 0.01143404
0.62455000 0.01143477
0.62460000 0.01143550
0.62465000 0.01143622
0.62470000 0.01143695
0.62475000 0.01143767
0.62480000 0.01143839
0.62485000 0.01143912
0.62490000 0.01143984
0.62495000 0.01144056
0.62500000 0.01144128
0.62505000 0.01144200
0.62510000 0.01144272
0.62515000 0.01144344
0.62520000 0.01144416
0.62525000 0.01144488
0.62530000 0.01144560
0.62535000 0.01144632
0.62540000 0.01144703
0.62545000 0.01144775
0.62550000 0.01144846
0.62555000 0.01144918
0.62560000 0.01144989
0.62565000 0.01145061
0.62570000 0.01145132
0.62575000 0.01145203
0.62580000 0.01145274
0.62585000 0.01145346
0.62590000 0.01145417
0.62595000 0.01145488
0.62600000 0.01145559
0.62605000 0.01145630
0.62610000 0.01145700
0.62615000 0.01145771
0.62620000 0.01145842
0.62625000 0.01145913
0.62630000 0.01145983
0.62635000 0.01146054
0.62640000 0.01146124
0.62645000 0.01146195
0.62650000 0.01146265
0.62655000 0.01146335
0.62660000 0.01146406
0.62665000 0.01146476
0.62670000 0.01146546
0.62675000 0.01146616
0.62680000 0.01146686
0.62685000 0.01146756
0.62690000 0.01146826
0.62695000 0.01146896
0.62700000 0.01146966
0.62705000 0.01147036
0.62710000 0.01147105
0.62715000 0.01147175
0.62720000 0.01147244
0.62725000 0.01147314
0.62730000 0.01147383
0.62735000 0.01147453
0.62740000 0.01147522
0.62745000 0.01147591
0.62750000 0.01147661
0.62755000 0.01147730
0.62760000 0.01147799
0.62765000 0.01147868
0.62770000 0.01147937
0.62775000 0.01148006
0.62780000 0.01148075
0.62785000 0.01148143
0.62790000 0.01148212
0.62795000 0.01148281
0.62800000 0.01148350
0.62805000 0.01148418
0.62810000 0.01148487
0.62815000 0.01148555
0.62820000 0.01148623
0.62825000 0.01148692
0.62830000 0.01148760
0.62835000 0.01148828
0.62840000 0.01148897
0.62845000 0.01148965
0.62850000 0.01149033
0.62855000 0.01149101
0.62860000 0.01149169
0.62865000 0.01149236
0.62870000 0.01149304
0.62875000 0.01149372
0.62880000 0.01149440
0.62885000 0.01149507
0.62890000 0.01149575
0.62895000 0.01149643
0.62900000 0.01149710
0.62905000 0.01149777
0.62910000 0.01149845
0.62915000 0.01149912
0.62920000 0.01149979
0.62925000 0.01150046
0.62930000 0.01150114
0.62935000 0.01150181
0.62940000 0.01150248
0.62945000 0.01150315
0.62950000 0.01150382
0.62955000 0.01150448
0.62960000 0.01150515
0.62965000 0.01150582
0.62970000 0.01150648
0.62975000 0.01150715
0.62980000 0.01150782
0.62985000 0.01150848
0.62990000 0.01150915
0.62995000 0.01150981
0.63000000 0.01151047
0.63005000 0.01151113
0.63010000 0.01151180
0.63015000 0.01151246
0.63020000 0.01151312
0.63025000 0.01151378
0.63030000 0.01151444
0.63035000 0.01151510
0.63040000 0.01151576
0.63045000 0.01151641
0.63050000 0.01151707
0.63055000 0.01151773
0.63060000 0.01151838
0.63065000 0.01151904
0.63070000 0.01151969
0.63075000 0.01152035
0.63080000 0.01152100
0.63085000 0.01152165
0.63090000 0.01152231
0.63095000 0.01152296
0.63100000 0.01152361
0.63105000 0.01152426
0.63110000 0.01152491
0.63115000 0.01152556
0.63120000 0.01152621
0.63125000 0.01152686
0.63130000 0.01152751
0.63135000 0.01152815
0.63140000 0.01152880
0.63145000 0.01152945
0.63150000 0.01153009
0.63155000 0.01153074
0.63160000 0.01153138
0.63165000 0.01153203
0.63170000 0.01153267
0.63175000 0.01153331
0.63180000 0.01153395
0.63185000 0.01153460
0.63190000 0.01153524
0.63195000 0.01153588
0.63200000 0.01153652
0.63205000 0.01153716
0.63210000 0.01153779
0.63215000 0.01153843
0.63220000 0.01153907
0.63225000 0.01153971
0.63230000 0.01154034
0.63235000 0.01154098
0.63240000 0.01154161
0.63245000 0.01154225
0.63250000 0.01154288
0.63255000 0.01154351
0.63260000 0.01154415
0.63265000 0.01154478
0.63270000 0.01154541
0.63275000 0.01154604
0.63280000 0.01154667
0.63285000 0.01154730
0.63290000 0.01154793
0.63295000 0.01154856
0.63300000 0.01154919
0.63305000 0.01154982
0.63310000 0.01155044
0.63315000 0.01155107
0.63320000 0.01155170
0.63325000 0.01155232
0.63330000 0.01155294
0.63335000 0.01155357
0.63340000 0.01155419
0.63345000 0.01155482
0.63350000 0.01155544
0.63355000 0.01155606
0.63360000 0.01155668
0.63365000 0.01155730
0.63370000 0.01155792
0.63375000 0.01155854
0.63380000 0.01155916
0.63385000 0.01155978
0.63390000 0.01156039
0.63395000 0.01156101
0.63400000 0.01156163
0.63405000 0.01156224
0.63410000 0.01156286
0.63415000 0.01156347
0.63420000 0.01156409
0.63425000 0.01156470
0.63430000 0.01156531
0.63435000 0.01156593
0.63440000 0.01156654
0.63445000 0.01156715
0.63450000 0.01156776
0.63455000 0.01156837
0.63460000 0.01156898
0.63465000 0.01156959
0.63470000 0.01157020
0.63475000 0.01157080
0.63480000 0.01157141
0.63485000 0.01157202
0.63490000 0.01157262
0.63495000 0.01157323
0.63500000 0.01157383
0.63505000 0.01157444
0.63510000 0.01157504
0.63515000 0.01157565
0.63520000 0.01157625
0.63525000 0.01157685
0.63530000 0.01157745
0.63535000 0.01157805
0.63540000 0.01157865
0.63545000 0.01157925
0.63550000 0.01157985
0.63555000 0.01158045
0.63560000 0.01158105
0.63565000 0.01158164
0.63570000 0.01158224
0.63575000 0.01158284
0.63580000 0.01158343
0.63585000 0.01158403
0.63590000 0.01158462
0.63595000 0.01158522
0.63600000 0.01158581
0.63605000 0.01158640
0.63610000 0.01158699
0.63615000 0.01158758
0.63620000 0.01158818
0.63625000 0.01158877
0.63630000 0.01158935
0.63635000 0.01158994
0.63640000 0.01159053
0.63645000 0.01159112
0.63650000 0.01159171
0.63655000 0.01159229
0.63660000 0.01159288
0.63665000 0.01159347
0.63670000 0.01159405
0.63675000 0.01159464
0.63680000 0.01159522
0.63685000 0.01159580
0.63690000 0.01159639
0.63695000 0.01159697
0.63700000 0.01159755
0.63705000 0.01159813
0.63710000 0.01159871
0.63715000 0.01159929
0.63720000 0.01159987
0.63725000 0.01160045
0.63730000 0.01160103
0.63735000 0.01160160
0.63740000 0.01160218
0.63745000 0.01160276
0.63750000 0.01160333
0.63755000 0.01160391
0.63760000 0.01160448
0.63765000 0.01160506
0.63770000 0.01160563
0.63775000 0.01160620
0.63780000 0.01160677
0.63785000 0.01160735
0.63790000 0.01160792
0.63795000 0.01160849
0.63800000 0.01160906
0.63805000 0.01160963
0.63810000 0.01161019
0.63815000 0.01161076
0.63820000 0.01161133
0.63825000 0.01161190
0.63830000 0.01161246
0.63835000 0.01161303
0.63840000 0.01161359
0.63845000 0.01161416
0.63850000 0.01161472
0.63855000 0.01161529
0.63860000 0.01161585
0.63865000 0.01161641
0.63870000 0.01161697
0.63875000 0.01161753
0.63880000 0.01161809
0.63885000 0.01161865
0.63890000 0.01161921
0.63895000 0.01161977
0.63900000 0.01162033
0.63905000 0.01162089
0.63910000 0.01162145
0.63915000 0.01162200
0.63920000 0.01162256
0.63925000 0.01162311
0.63930000 0.01162367
0.63935000 0.01162422
0.63940000 0.01162478
0.63945000 0.01162533
0.63950000 0.01162588
0.63955000 0.01162643
0.63960000 0.01162698
0.63965000 0.01162753
0.63970000 0.01162808
0.63975000 0.01162863
0.63980000 0.01162918
0.63985000 0.01162973
0.63990000 0.01163028
0.63995000 0.01163083
0.64000000 0.01163137
0.64005000 0.01163192
0.64010000 0.01163246
0.64015000 0.01163301
0.64020000 0.01163355
0.64025000 0.01163410
0.64030000 0.01163464
0.64035000 0.01163518
0.64040000 0.01163572
0.64045000 0.01163627
0.64050000 0.01163681
0.64055000 0.01163735
0.64060000 0.01163789
0.64065000 0.01163843
0.64070000 0.01163896
0.64075000 0.01163950
0.64080000 0.01164004
0.64085000 0.01164058
0.64090000 0.01164111
0.64095000 0.01164165
0.64100000 0.01164218
0.64105000 0.01164272
0.64110000 0.01164325
0.64115000 0.01164378
0.64120000 0.01164432
0.64125000 0.01164485
0.64130000 0.01164538
0.64135000 0.01164591
0.64140000 0.01164644
0.64145000 0.01164697
0.64150000 0.01164750
0.64155000 0.01164803
0.64160000 0.01164856
0.64165000 0.01164908
0.64170000 0.01164961
0.64175000 0.01165014
0.64180000 0.01165066
0.64185000 0.01165119
0.64190000 0.01165171
0.64195000 0.01165223
0.64200000 0.01165276
0.64205000 0.01165328
0.64210000 0.01165380
0.64215000 0.01165432
0.64220000 0.01165485
0.64225000 0.01165537
0.64230000 0.01165589
0.64235000 0.01165640
0.64240000 0.01165692
0.64245000 0.01165744
0.64250000 0.01165796
0.64255000 0.01165848
0.64260000 0.01165899
0.64265000 0.01165951
0.64270000 0.01166002
0.64275000 0.01166054
0.64280000 0.01166105
0.64285000 0.01166156
0.64290000 0.01166208
0.64295000 0.01166259
0.64300000 0.01166310
0.64305000 0.01166361
0.64310000 0.01166412
0.64315000 0.01166463
0.64320000 0.01166514
0.64325000 0.01166565
0.64330000 0.01166616
0.64335000 0.01166667
0.64340000 0.01166717
0.64345000 0.01166768
0.64350000 0.01166819
0.64355000 0.01166869
0.64360000 0.01166920
0.64365000 0.01166970
0.64370000 0.01167020
0.64375000 0.01167071
0.64380000 0.01167121
0.64385000 0.01167171
0.64390000 0.01167221
0.64395000 0.01167271
0.64400000 0.01167321
0.64405000 0.01167371
0.64410000 0.01167421
0.64415000 0.01167471
0.64420000 0.01167521
0.64425000 0.01167570
0.64430000 0.01167620
0.64435000 0.01167670
0.64440000 0.01167719
0.64445000 0.01167769
0.64450000 0.01167818
0.64455000 0.01167867
0.64460000 0.01167917
0.64465000 0.01167966
0.64470000 0.01168015
0.64475000 0.01168064
0.64480000 0.01168113
0.64485000 0.01168162
0.64490000 0.01168211
0.64495000 0.01168260
0.64500000 0.01168309
0.64505000 0.01168358
0.64510000 0.01168406
0.64515000 0.01168455
0.64520000 0.01168504
0.64525000 0.01168552
0.64530000 0.01168601
0.64535000 0.01168649
0.64540000 0.01168698
0.64545000 0.01168746
0.64550000 0.01168794
0.64555000 0.01168842
0.64560000 0.01168890
0.64565000 0.01168938
0.64570000 0.01168987
0.64575000 0.01169034
0.64580000 0.01169082
0.64585000 0.01169130
0.64590000 0.01169178
0.64595000 0.01169226
0.64600000 0.01169273
0.64605000 0.01169321
0.64610000 0.01169369
0.64615000 0.01169416
0.64620000 0.01169464
0.64625000 0.01169511
0.64630000 0.01169558
0.64635000 0.01169606
0.64640000 0.01169653
0.64645000 0.01169700
0.64650000 0.01169747
0.64655000 0.01169794
0.64660000 0.01169841
0.64665000 0.01169888
0.64670000 0.01169935
0.64675000 0.01169982
0.64680000 0.01170028
0.64685000 0.01170075
0.64690000 0.01170122
0.64695000 0.01170168
0.64700000 0.01170215
0.64705000 0.01170261
0.64710000 0.01170308
0.64715000 0.01170354
0.64720000 0.01170400
0.64725000 0.01170446
0.64730000 0.01170493
0.64735000 0.01170539
0.64740000 0.01170585
0.64745000 0.01170631
0.64750000 0.01170677
0.64755000 0.01170722
0.64760000 0.01170768
0.64765000 0.01170814
0.64770000 0.01170860
0.64775000 0.01170905
0.64780000 0.01170951
0.64785000 0.01170996
0.64790000 0.01171042
0.64795000 0.01171087
0.64800000 0.01171133
0.64805000 0.01171178
0.64810000 0.01171223
0.64815000 0.01171268
0.64820000 0.01171313
0.64825000 0.01171359
0.64830000 0.01171404
0.64835000 0.01171448
0.64840000 0.01171493
0.64845000 0.01171538
0.64850000 0.01171583
0.64855000 0.01171628
0.64860000 0.01171672
0.64865000 0.01171717
0.64870000 0.01171761
0.64875000 0.01171806
0.64880000 0.01171850
0.64885000 0.01171895
0.64890000 0.01171939
0.64895000 0.01171983
0.64900000 0.01172027
0.64905000 0.01172072
0.64910000 0.01172116
0.64915000 0.01172160
0.64920000 0.01172204
0.64925000 0.01172247
0.64930000 0.01172291
0.64935000 0.01172335
0.64940000 0.01172379
0.64945000 0.01172422
0.64950000 0.01172466
0.64955000 0.01172510
0.64960000 0.01172553
0.64965000 0.01172597
0.64970000 0.01172640
0.64975000 0.01172683
0.64980000 0.01172726
0.64985000 0.01172770
0.64990000 0.01172813
0.64995000 0.01172856
0.65000000 0.01172899
0.65005000 0.01172942
0.65010000 0.01172985
0.65015000 0.01173028
0.65020000 0.01173070
0.65025000 0.01173113
0.65030000 0.01173156
0.65035000 0.01173198
0.65040000 0.01173241
0.65045000 0.01173283
0.65050000 0.01173326
0.65055000 0.01173368
0.65060000 0.01173411
0.65065000 0.01173453
0.65070000 0.01173495
0.65075000 0.01173537
0.65080000 0.01173579
0.65085000 0.01173621
0.65090000 0.01173663
0.65095000 0.01173705
0.65100000 0.01173747
0.65105000 0.01173789
0.65110000 0.01173831
0.65115000 0.01173872
0.65120000 0.01173914
0.65125000 0.01173956
0.65130000 0.01173997
0.65135000 0.01174039
0.65140000 0.01174080
0.65145000 0.01174121
0.65150000 0.01174163
0.65155000 0.01174204
0.65160000 0.01174245
0.65165000 0.01174286
0.65170000 0.01174327
0.65175000 0.01174368
0.65180000 0.01174409
0.65185000 0.01174450
0.65190000 0.01174491
0.65195000 0.01174531
0.65200000 0.01174572
0.65205000 0.01174613
0.65210000 0.01174653
0.65215000 0.01174694
0.65220000 0.01174734
0.65225000 0.01174775
0.65230000 0.01174815
0.65235000 0.01174855
0.65240000 0.01174896
0.65245000 0.01174936
0.65250000 0.01174976
0.65255000 0.01175016
0.65260000 0.01175056
0.65265000 0.01175096
0.65270000 0.01175136
0.65275000 0.01175176
0.65280000 0.01175215
0.65285000 0.01175255
0.65290000 0.01175295
0.65295000 0.01175334
0.65300000 0.01175374
0.65305000 0.01175413
0.65310000 0.01175453
0.65315000 0.01175492
0.65320000 0.01175532
0.65325000 0.01175571
0.65330000 0.01175610
0.65335000 0.01175649
0.65340000 0.01175688
0.65345000 0.01175727
0.65350000 0.01175766
0.65355000 0.01175805
0.65360000 0.01175844
0.65365000 0.01175883
0.65370000 0.01175921
0.65375000 0.01175960
0.65380000 0.01175999
0.65385000 0.01176037
0.65390000 0.01176076
0.65395000 0.01176114
0.65400000 0.01176153
0.65405000 0.01176191
0.65410000 0.01176229
0.65415000 0.01176267
0.65420000 0.01176305
0.65425000 0.01176344
0.65430000 0.01176382
0.65435000 0.01176420
0.65440000 0.01176457
0.65445000 0.01176495
0.65450000 0.01176533
0.65455000 0.01176571
0.65460000 0.01176609
0.65465000 0.01176646
0.65470000 0.01176684
0.65475000 0.01176721
0.65480000 0.01176759
0.65485000 0.01176796
0.65490000 0.01176833
0.65495000 0.01176871
0.65500000 0.01176908
0.65505000 0.01176945
0.65510000 0.01176982
0.65515000 0.01177019
0.65520000 0.01177056
0.65525000 0.01177093
0.65530000 0.01177130
0.65535000 0.01177167
0.65540000 0.01177204
0.65545000 0.01177240
0.65550000 0.01177277
0.65555000 0.01177313
0.65560000 0.01177350
0.65565000 0.01177386
0.65570000 0.01177423
0.65575000 0.01177459
0.65580000 0.01177495
0.65585000 0.01177532
0.65590000 0.01177568
0.65595000 0.01177604
0.65600000 0.01177640
0.65605000 0.01177676
0.65610000 0.01177712
0.65615000 0.01177748
0.65620000 0.01177784
0.65625000 0.01177819
0.65630000 0.01177855
0.65635000 0.01177891
0.65640000 0.01177926
0.65645000 0.01177962
0.65650000 0.01177997
0.65655000 0.01178033
0.65660000 0.01178068
0.65665000 0.01178104
0.65670000 0.01178139
0.65675000 0.01178174
0.65680000 0.01178209
0.65685000 0.01178244
0.65690000 0.01178279
0.65695000 0.01178314
0.65700000 0.01178349
0.65705000 0.01178384
0.65710000 0.01178419
0.65715000 0.01178453
0.65720000 0.01178488
0.65725000 0.01178523
0.65730000 0.01178557
0.65735000 0.01178592
0.65740000 0.01178626
0.65745000 0.01178661
0.65750000 0.01178695
0.65755000 0.01178729
0.65760000 0.01178763
0.65765000 0.01178797
0.65770000 0.01178832
0.65775000 0.01178866
0.65780000 0.01178900
0.65785000 0.01178933
0.65790000 0.01178967
0.65795000 0.01179001
0.65800000 0.01179035
0.65805000 0.01179069
0.65810000 0.01179102
0.65815000 0.01179136
0.65820000 0.01179169
0.65825000 0.01179203
0.65830000 0.01179236
0.65835000 0.01179269
0.65840000 0.01179303
0.65845000 0.01179336
0.65850000 0.01179369
0.65855000 0.01179402
0.65860000 0.01179435
0.65865000 0.01179468
0.65870000 0.01179501
0.65875000 0.01179534
0.65880000 0.01179567
0.65885000 0.01179600
0.65890000 0.01179632
0.65895000 0.01179665
0.65900000 0.01179697
0.65905000 0.01179730
0.65910000 0.01179762
0.65915000 0.01179795
0.65920000 0.01179827
0.65925000 0.01179859
0.65930000 0.01179892
0.65935000 0.01179924
0.65940000 0.01179956
0.65945000 0.01179988
0.65950000 0.01180020
0.65955000 0.01180052
0.65960000 0.01180084
0.65965000 0.01180116
0.65970000 0.01180147
0.65975000 0.01180179
0.65980000 0.01180211
0.65985000 0.01180242
0.65990000 0.01180274
0.65995000 0.01180305
0.66000000 0.01180337
0.66005000 0.01180368
0.66010000 0.01180400
0.66015000 0.01180431
0.66020000 0.01180462
0.66025000 0.01180493
0.66030000 0.01180524
0.66035000 0.01180555
0.66040000 0.01180586
0.66045000 0.01180617
0.66050000 0.01180648
0.66055000 0.01180679
0.66060000 0.01180709
0.66065000 0.01180740
0.66070000 0.01180771
0.66075000 0.01180801
0.66080000 0.01180832
0.66085000 0.01180862
0.66090000 0.01180893
0.66095000 0.01180923
0.66100000 0.01180953
0.66105000 0.01180983
0.66110000 0.01181013
0.66115000 0.01181044
0.66120000 0.01181074
0.66125000 0.01181104
0.66130000 0.01181134
0.66135000 0.01181163
0.66140000 0.01181193
0.66145000 0.01181223
0.66150000 0.01181253
0.66155000 0.01181282
0.66160000 0.01181312
0.66165000 0.01181341
0.66170000 0.01181371
0.66175000 0.01181400
0.66180000 0.01181429
0.66185000 0.01181459
0.66190000 0.01181488
0.66195000 0.01181517
0.66200000 0.01181546
0.66205000 0.01181575
0.66210000 0.01181604
0.66215000 0.01181633
0.66220000 0.01181662
0.66225000 0.01181691
0.66230000 0.01181720
0.66235000 0.01181748
0.66240000 0.01181777
0.66245000 0.01181806
0.66250000 0.01181834
0.66255000 0.01181863
0.66260000 0.01181891
0.66265000 0.01181919
0.66270000 0.01181948
0.66275000 0.01181976
0.66280000 0.01182004
0.66285000 0.01182032
0.66290000 0.01182060
0.66295000 0.01182088
0.66300000 0.01182116
0.66305000 0.01182144
0.66310000 0.01182172
0.66315000 0.01182200
0.66320000 0.01182227
0.66325000 0.01182255
0.66330000 0.01182283
0.66335000 0.01182310
0.66340000 0.01182338
0.66345000 0.01182365
0.66350000 0.01182393
0.66355000 0.01182420
0.66360000 0.01182447
0.66365000 0.01182474
0.66370000 0.01182501
0.66375000 0.01182529
0.66380000 0.01182556
0.66385000 0.01182583
0.66390000 0.01182609
0.66395000 0.01182636
0.66400000 0.01182663
0.66405000 0.01182690
0.66410000 0.01182717
0.66415000 0.01182743
0.66420000 0.01182770
0.66425000 0.01182796
0.66430000 0.01182823
0.66435000 0.01182849
0.66440000 0.01182875
0.66445000 0.01182902
0.66450000 0.01182928
0.66455000 0.01182954
0.66460000 0.01182980
0.66465000 0.01183006
0.66470000 0.01183032
0.66475000 0.01183058
0.66480000 0.01183084
0.66485000 0.01183110
0.66490000 0.01183136
0.66495000 0.01183161
0.66500000 0.01183187
0.66505000 0.01183212
0.66510000 0.01183238
0.66515000 0.01183263
0.66520000 0.01183289
0.66525000 0.01183314
0.66530000 0.01183339
0.66535000 0.01183365
0.66540000 0.01183390
0.66545000 0.01183415
0.66550000 0.01183440
0.66555000 0.01183465
0.66560000 0.01183490
0.66565000 0.01183515
0.66570000 0.01183540
0.66575000 0.01183564
0.66580000 0.01183589
0.66585000 0.01183614
0.66590000 0.01183638
0.66595000 0.01183663
0.66600000 0.01183687
0.66605000 0.01183712
0.66610000 0.01183736
0.66615000 0.01183761
0.66620000 0.01183785
0.66625000 0.01183809
0.66630000 0.01183833
0.66635000 0.01183857
0.66640000 0.01183881
0.66645000 0.01183905
0.66650000 0.01183929
0.66655000 0.01183953
0.66660000 0.01183977
0.66665000 0.01184000
0.66670000 0.01184024
0.66675000 0.01184048
0.66680000 0.01184071
0.66685000 0.01184095
0.66690000 0.01184118
0.66695000 0.01184142
0.66700000 0.01184165
0.66705000 0.01184188
0.66710000 0.01184211
0.66715000 0.01184235
0.66720000 0.01184258
0.66725000 0.01184281
0.66730000 0.01184304
0.66735000 0.01184327
0.66740000 0.01184350
0.66745000 0.01184372
0.66750000 0.01184395
0.66755000 0.01184418
0.66760000 0.01184440
0.66765000 0.01184463
0.66770000 0.01184486
0.66775000 0.01184508
0.66780000 0.01184530
0.66785000 0.01184553
0.66790000 0.01184575
0.66795000 0.01184597
0.66800000 0.01184619
0.66805000 0.01184642
0.66810000 0.01184664
0.66815000 0.01184686
0.66820000 0.01184708
0.66825000 0.01184729
0.66830000 0.01184751
0.66835000 0.01184773
0.66840000 0.01184795
0.66845000 0.01184816
0.66850000 0.01184838
0.66855000 0.01184860
0.66860000 0.01184881
0.66865000 0.01184902
0.66870000 0.01184924
0.66875000 0.01184945
0.66880000 0.01184966
0.66885000 0.01184988
0.66890000 0.01185009
0.66895000 0.01185030
0.66900000 0.01185051
0.66905000 0.01185072
0.66910000 0.01185093
0.66915000 0.01185114
0.66920000 0.01185134
0.66925000 0.01185155
0.66930000 0.01185176
0.66935000 0.01185196
0.66940000 0.01185217
0.66945000 0.01185237
0.66950000 0.01185258
0.66955000 0.01185278
0.66960000 0.01185299
0.66965000 0.01185319
0.66970000 0.01185339
0.66975000 0.01185359
0.66980000 0.01185379
0.66985000 0.01185399
0.66990000 0.01185419
0.66995000 0.01185439
0.67000000 0.01185459
0.67005000 0.01185479
0.67010000 0.01185499
0.67015000 0.01185518
0.67020000 0.01185538
0.67025000 0.01185558
0.67030000 0.01185577
0.67035000 0.01185597
0.67040000 0.01185616
0.67045000 0.01185635
0.67050000 0.01185655
0.67055000 0.01185674
0.67060000 0.01185693
0.67065000 0.01185712
0.67070000 0.01185731
0.67075000 0.01185750
0.67080000 0.01185769
0.67085000 0.01185788
0.67090000 0.01185807
0.67095000 0.01185826
0.67100000 0.01185844
0.67105000 0.01185863
0.67110000 0.01185882
0.67115000 0.01185900
0.67120000 0.01185919
0.67125000 0.01185937
0.67130000 0.01185955
0.67135000 0.01185974
0.67140000 0.01185992
0.67145000 0.01186010
0.67150000 0.01186028
0.67155000 0.01186046
0.67160000 0.01186064
0.67165000 0.01186082
0.67170000 0.01186100
0.67175000 0.01186118
0.67180000 0.01186136
0.67185000 0.01186154
0.67190000 0.01186171
0.67195000 0.01186189
0.67200000 0.01186207
0.67205000 0.01186224
0.67210000 0.01186241
0.67215000 0.01186259
0.67220000 0.01186276
0.67225000 0.01186293
0.67230000 0.01186311
0.67235000 0.01186328
0.67240000 0.01186345
0.67245000 0.01186362
0.67250000 0.01186379
0.67255000 0.01186396
0.67260000 0.01186413
0.67265000 0.01186430
0.67270000 0.01186446
0.67275000 0.01186463
0.67280000 0.01186480
0.67285000 0.01186496
0.67290000 0.01186513
0.67295000 0.01186529
0.67300000 0.01186546
0.67305000 0.01186562
0.67310000 0.01186578
0.67315000 0.01186595
0.67320000 0.01186611
0.67325000 0.01186627
0.67330000 0.01186643
0.67335000 0.01186659
0.67340000 0.01186675
0.67345000 0.01186691
0.67350000 0.01186707
0.67355000 0.01186722
0.67360000 0.01186738
0.67365000 0.01186754
0.67370000 0.01186769
0.67375000 0.01186785
0.67380000 0.01186800
0.67385000 0.01186816
0.67390000 0.01186831
0.67395000 0.01186847
0.67400000 0.01186862
0.67405000 0.01186877
0.67410000 0.01186892
0.67415000 0.01186907
0.67420000 0.01186922
0.67425000 0.01186937
0.67430000 0.01186952
0.67435000 0.01186967
0.67440000 0.01186982
0.67445000 0.01186997
0.67450000 0.01187011
0.67455000 0.01187026
0.67460000 0.01187040
0.67465000 0.01187055
0.67470000 0.01187069
0.67475000 0.01187084
0.67480000 0.01187098
0.67485000 0.01187112
0.67490000 0.01187127
0.67495000 0.01187141
0.67500000 0.01187155
0.67505000 0.01187169
0.67510000 0.01187183
0.67515000 0.01187197
0.67520000 0.01187211
0.67525000 0.01187225
0.67530000 0.01187238
0.67535000 0.01187252
0.67540000 0.01187266
0.67545000 0.01187279
0.67550000 0.01187293
0.67555000 0.01187306
0.67560000 0.01187320
0.67565000 0.01187333
0.67570000 0.01187346
0.67575000 0.01187360
0.67580000 0.01187373
0.67585000 0.01187386
0.67590000 0.01187399
0.67595000 0.01187412
0.67600000 0.01187425
0.67605000 0.01187438
0.67610000 0.01187451
0.67615000 0.01187464
0.67620000 0.01187476
0.67625000 0.01187489
0.67630000 0.01187502
0.67635000 0.01187514
0.67640000 0.01187527
0.67645000 0.01187539
0.67650000 0.01187552
0.67655000 0.01187564
0.67660000 0.01187576
0.67665000 0.01187588
0.67670000 0.01187601
0.67675000 0.01187613
0.67680000 0.01187625
0.67685000 0.01187637
0.67690000 0.01187649
0.67695000 0.01187660
0.67700000 0.01187672
0.67705000 0.01187684
0.67710000 0.01187696
0.67715000 0.01187707
0.67720000 0.01187719
0.67725000 0.01187730
0.67730000 0.01187742
0.67735000 0.01187753
0.67740000 0.01187765
0.67745000 0.01187776
0.67750000 0.01187787
0.67755000 0.01187798
0.67760000 0.01187810
0.67765000 0.01187821
0.67770000 0.01187832
0.67775000 0.01187843
0.67780000 0.01187853
0.67785000 0.01187864
0.67790000 0.01187875
0.67795000 0.01187886
0.67800000 0.01187896
0.67805000 0.01187907
0.67810000 0.01187918
0.67815000 0.01187928
0.67820000 0.01187939
0.67825000 0.01187949
0.67830000 0.01187959
0.67835000 0.01187969
0.67840000 0.01187980
0.67845000 0.01187990
0.67850000 0.01188000
0.67855000 0.01188010
0.67860000 0.01188020
0.67865000 0.01188030
0.67870000 0.01188040
0.67875000 0.01188049
0.67880000 0.01188059
0.67885000 0.01188069
0.67890000 0.01188079
0.67895000 0.01188088
0.67900000 0.01188098
0.67905000 0.01188107
0.67910000 0.01188117
0.67915000 0.01188126
0.67920000 0.01188135
0.67925000 0.01188144
0.67930000 0.01188154
0.67935000 0.01188163
0.67940000 0.01188172
0.67945000 0.01188181
0.67950000 0.01188190
0.67955000 0.01188199
0.67960000 0.01188207
0.67965000 0.01188216
0.67970000 0.01188225
0.67975000 0.01188234
0.67980000 0.01188242
0.67985000 0.01188251
0.67990000 0.01188259
0.67995000 0.01188268
0.68000000 0.01188276
0.68005000 0.01188284
0.68010000 0.01188292
0.68015000 0.01188301
0.68020000 0.01188309
0.68025000 0.01188317
0.68030000 0.01188325
0.68035000 0.01188333
0.68040000 0.01188341
0.68045000 0.01188349
0.68050000 0.01188356
0.68055000 0.01188364
0.68060000 0.01188372
0.68065000 0.01188380
0.68070000 0.01188387
0.68075000 0.01188395
0.68080000 0.01188402
0.68085000 0.01188409
0.68090000 0.01188417
0.68095000 0.01188424
0.68100000 0.01188431
0.68105000 0.01188438
0.68110000 0.01188446
0.68115000 0.01188453
0.68120000 0.01188460
0.68125000 0.01188467
0.68130000 0.01188473
0.68135000 0.01188480
0.68140000 0.01188487
0.68145000 0.01188494
0.68150000 0.01188500
0.68155000 0.01188507
0.68160000 0.01188513
0.68165000 0.01188520
0.68170000 0.01188526
0.68175000 0.01188533
0.68180000 0.01188539
0.68185000 0.01188545
0.68190000 0.01188551
0.68195000 0.01188558
0.68200000 0.01188564
0.68205000 0.01188570
0.68210000 0.01188576
0.68215000 0.01188582
0.68220000 0.01188587
0.68225000 0.01188593
0.68230000 0.01188599
0.68235000 0.01188605
0.68240000 0.01188610
0.68245000 0.01188616
0.68250000 0.01188621
0.68255000 0.01188627
0.68260000 0.01188632
0.68265000 0.01188638
0.68270000 0.01188643
0.68275000 0.01188648
0.68280000 0.01188653
0.68285000 0.01188658
0.68290000 0.01188663
0.68295000 0.01188668
0.68300000 0.01188673
0.68305000 0.01188678
0.68310000 0.01188683
0.68315000 0.01188688
0.68320000 0.01188692
0.68325000 0.01188697
0.68330000 0.01188702
0.68335000 0.01188706
0.68340000 0.01188711
0.68345000 0.01188715
0.68350000 0.01188719
0.68355000 0.01188724
0.68360000 0.01188728
0.68365000 0.01188732
0.68370000 0.01188736
0.68375000 0.01188740
0.68380000 0.01188744
0.68385000 0.01188748
0.68390000 0.01188752
0.68395000 0.01188756
0.68400000 0.01188760
0.68405000 0.01188764
0.68410000 0.01188767
0.68415000 0.01188771
0.68420000 0.01188774
0.68425000 0.01188778
0.68430000 0.01188781
0.68435000 0.01188785
0.68440000 0.01188788
0.68445000 0.01188791
0.68450000 0.01188795
0.68455000 0.01188798
0.68460000 0.01188801
0.68465000 0.01188804
0.68470000 0.01188807
0.68475000 0.01188810
0.68480000 0.01188813
0.68485000 0.01188816
0.68490000 0.01188818
0.68495000 0.01188821
0.68500000 0.01188824
0.68505000 0.01188826
0.68510000 0.01188829
0.68515000 0.01188831
0.68520000 0.01188834
0.68525000 0.01188836
0.68530000 0.01188838
0.68535000 0.01188841
0.68540000 0.01188843
0.68545000 0.01188845
0.68550000 0.01188847
0.68555000 0.01188849
0.68560000 0.01188851
0.68565000 0.01188853
0.68570000 0.01188855
0.68575000 0.01188856
0.68580000 0.01188858
0.68585000 0.01188860
0.68590000 0.01188861
0.68595000 0.01188863
0.68600000 0.01188865
0.68605000 0.01188866
0.68610000 0.01188867
0.68615000 0.01188869
0.68620000 0.01188870
0.68625000 0.01188871
0.68630000 0.01188872
0.68635000 0.01188873
0.68640000 0.01188874
0.68645000 0.01188875
0.68650000 0.01188876
0.68655000 0.01188877
0.68660000 0.01188878
0.68665000 0.01188879
0.68670000 0.01188880
0.68675000 0.01188880
0.68680000 0.01188881
0.68685000 0.01188881
0.68690000 0.01188882
0.68695000 0.01188882
0.68700000 0.01188883
0.68705000 0.01188883
0.68710000 0.01188883
0.68715000 0.01188883
0.68720000 0.01188883
0.68725000 0.01188883
0.68730000 0.01188884
0.68735000 0.01188883
0.68740000 0.01188883
0.68745000 0.01188883
0.68750000 0.01188883
0.68755000 0.01188883
0.68760000 0.01188882
0.68765000 0.01188882
0.68770000 0.01188882
0.68775000 0.01188881
0.68780000 0.01188881
0.68785000 0.01188880
0.68790000 0.01188879
0.68795000 0.01188879
0.68800000 0.01188878
0.68805000 0.01188877
0.68810000 0.01188876
0.68815000 0.01188875
0.68820000 0.01188874
0.68825000 0.01188873
0.68830000 0.01188872
0.68835000 0.01188871
0.68840000 0.01188869
0.68845000 0.01188868
0.68850000 0.01188867
0.68855000 0.01188865
0.68860000 0.01188864
0.68865000 0.01188862
0.68870000 0.01188861
0.68875000 0.01188859
0.68880000 0.01188857
0.68885000 0.01188856
0.68890000 0.01188854
0.68895000 0.01188852
0.68900000 0.01188850
0.68905000 0.01188848
0.68910000 0.01188846
0.68915000 0.01188844
0.68920000 0.01188842
0.68925000 0.01188840
0.68930000 0.01188837
0.68935000 0.01188835
0.68940000 0.01188833
0.68945000 0.01188830
0.68950000 0.01188828
0.68955000 0.01188825
0.68960000 0.01188823
0.68965000 0.01188820
0.68970000 0.01188817
0.68975000 0.01188814
0.68980000 0.01188812
0.68985000 0.01188809
0.68990000 0.01188806
0.68995000 0.01188803
0.69000000 0.01188800
0.69005000 0.01188797
0.69010000 0.01188793
0.69015000 0.01188790
0.69020000 0.01188787
0.69025000 0.01188784
0.69030000 0.01188780
0.69035000 0.01188777
0.69040000 0.01188773
0.69045000 0.01188770
0.69050000 0.01188766
0.69055000 0.01188762
0.69060000 0.01188759
0.69065000 0.01188755
0.69070000 0.01188751
0.69075000 0.01188747
0.69080000 0.01188743
0.69085000 0.01188739
0.69090000 0.01188735
0.69095000 0.01188731
0.69100000 0.01188727
0.69105000 0.01188722
0.69110000 0.01188718
0.69115000 0.01188714
0.69120000 0.01188709
0.69125000 0.01188705
0.69130000 0.01188700
0.69135000 0.01188695
0.69140000 0.01188691
0.69145000 0.01188686
0.69150000 0.01188681
0.69155000 0.01188677
0.69160000 0.01188672
0.69165000 0.01188667
0.69170000 0.01188662
0.69175000 0.01188657
0.69180000 0.01188652
0.69185000 0.01188646
0.69190000 0.01188641
0.69195000 0.01188636
0.69200000 0.01188631
0.69205000 0.01188625
0.69210000 0.01188620
0.69215000 0.01188614
0.69220000 0.01188609
0.69225000 0.01188603
0.69230000 0.01188597
0.69235000 0.01188592
0.69240000 0.01188586
0.69245000 0.01188580
0.69250000 0.01188574
0.69255000 0.01188568
0.69260000 0.01188562
0.69265000 0.01188556
0.69270000 0.01188550
0.69275000 0.01188544
0.69280000 0.01188537
0.69285000 0.01188531
0.69290000 0.01188525
0.69295000 0.01188518
0.69300000 0.01188512
0.69305000 0.01188505
0.69310000 0.01188499
0.69315000 0.01188492
0.69320000 0.01188485
0.69325000 0.01188479
0.69330000 0.01188472
0.69335000 0.01188465
0.69340000 0.01188458
0.69345000 0.01188451
0.69350000 0.01188444
0.69355000 0.01188437
0.69360000 0.01188430
0.69365000 0.01188422
0.69370000 0.01188415
0.69375000 0.01188408
0.69380000 0.01188400
0.69385000 0.01188393
0.69390000 0.01188385
0.69395000 0.01188378
0.69400000 0.01188370
0.69405000 0.01188363
0.69410000 0.01188355
0.69415000 0.01188347
0.69420000 0.01188339
0.69425000 0.01188331
0.69430000 0.01188323
0.69435000 0.01188315
0.69440000 0.01188307
0.69445000 0.01188299
0.69450000 0.01188291
0.69455000 0.01188283
0.69460000 0.01188274
0.69465000 0.01188266
0.69470000 0.01188258
0.69475000 0.01188249
0.69480000 0.01188241
0.69485000 0.01188232
0.69490000 0.01188223
0.69495000 0.01188215
0.69500000 0.01188206
0.69505000 0.01188197
0.69510000 0.01188188
0.69515000 0.01188179
0.69520000 0.01188170
0.69525000 0.01188161
0.69530000 0.01188152
0.69535000 0.01188143
0.69540000 0.01188134
0.69545000 0.01188125
0.69550000 0.01188115
0.69555000 0.01188106
0.69560000 0.01188097
0.69565000 0.01188087
0.69570000 0.01188077
0.69575000 0.01188068
0.69580000 0.01188058
0.69585000 0.01188049
0.69590000 0.01188039
0.69595000 0.01188029
0.69600000 0.01188019
0.69605000 0.01188009
0.69610000 0.01187999
0.69615000 0.01187989
0.69620000 0.01187979
0.69625000 0.01187969
0.69630000 0.01187959
0.69635000 0.01187948
0.69640000 0.01187938
0.69645000 0.01187927
0.69650000 0.01187917
0.69655000 0.01187907
0.69660000 0.01187896
0.69665000 0.01187885
0.69670000 0.01187875
0.69675000 0.01187864
0.69680000 0.01187853
0.69685000 0.01187842
0.69690000 0.01187831
0.69695000 0.01187820
0.69700000 0.01187809
0.69705000 0.01187798
0.69710000 0.01187787
0.69715000 0.01187776
0.69720000 0.01187765
0.69725000 0.01187753
0.69730000 0.01187742
0.69735000 0.01187731
0.69740000 0.01187719
0.69745000 0.01187708
0.69750000 0.01187696
0.69755000 0.01187684
0.69760000 0.01187673
0.69765000 0.01187661
0.69770000 0.01187649
0.69775000 0.01187637
0.69780000 0.01187625
0.69785000 0.01187613
0.69790000 0.01187601
0.69795000 0.01187589
0.69800000 0.01187577
0.69805000 0.01187565
0.69810000 0.01187553
0.69815000 0.01187540
0.69820000 0.01187528
0.69825000 0.01187515
0.69830000 0.01187503
0.69835000 0.01187490
0.69840000 0.01187478
0.69845000 0.01187465
0.69850000 0.01187452
0.69855000 0.01187440
0.69860000 0.01187427
0.69865000 0.01187414
0.69870000 0.01187401
0.69875000 0.01187388
0.69880000 0.01187375
0.69885000 0.01187362
0.69890000 0.01187348
0.69895000 0.01187335
0.69900000 0.01187322
0.69905000 0.01187309
0.69910000 0.01187295
0.69915000 0.01187282
0.69920000 0.01187268
0.69925000 0.01187255
0.69930000 0.01187241
0.69935000 0.01187227
0.69940000 0.01187214
0.69945000 0.01187200
0.69950000 0.01187186
0.69955000 0.01187172
0.69960000 0.01187158
0.69965000 0.01187144
0.69970000 0.01187130
0.69975000 0.01187116
0.69980000 0.01187102
0.69985000 0.01187087
0.69990000 0.01187073
0.69995000 0.01187059
0.70000000 0.01187044
0.70005000 0.01187030
0.70010000 0.01187015
0.70015000 0.01187001
0.70020000 0.01186986
0.70025000 0.01186971
0.70030000 0.01186957
0.70035000 0.01186942
0.70040000 0.01186927
0.70045000 0.01186912
0.70050000 0.01186897
0.70055000 0.01186882
0.70060000 0.01186867
0.70065000 0.01186852
0.70070000 0.01186836
0.70075000 0.01186821
0.70080000 0.01186806
0.70085000 0.01186790
0.70090000 0.01186775
0.70095000 0.01186759
0.70100000 0.01186744
0.70105000 0.01186728
0.70110000 0.01186713
0.70115000 0.01186697
0.70120000 0.01186681
0.70125000 0.01186665
0.70130000 0.01186649
0.70135000 0.01186633
0.70140000 0.01186617
0.70145000 0.01186601
0.70150000 0.01186585
0.70155000 0.01186569
0.70160000 0.01186553
0.70165000 0.01186537
0.70170000 0.01186520
0.70175000 0.01186504
0.70180000 0.01186487
0.70185000 0.01186471
0.70190000 0.01186454
0.70195000 0.01186438
0.70200000 0.01186421
0.70205000 0.01186404
0.70210000 0.01186387
0.70215000 0.01186371
0.70220000 0.01186354
0.70225000 0.01186337
0.70230000 0.01186320
0.70235000 0.01186303
0.70240000 0.01186285
0.70245000 0.01186268
0.70250000 0.01186251
0.70255000 0.01186234
0.70260000 0.01186216
0.70265000 0.01186199
0.70270000 0.01186181
0.70275000 0.01186164
0.70280000 0.01186146
0.70285000 0.01186129
0.70290000 0.01186111
0.70295000 0.01186093
0.70300000 0.01186075
0.70305000 0.01186057
0.70310000 0.01186040
0.70315000 0.01186022
0.70320000 0.01186003
0.70325000 0.01185985
0.70330000 0.01185967
0.70335000 0.01185949
0.70340000 0.01185931
0.70345000 0.01185912
0.70350000 0.01185894
0.70355000 0.01185876
0.70360000 0.01185857
0.70365000 0.01185839
0.70370000 0.01185820
0.70375000 0.01185801
0.70380000 0.01185783
0.70385000 0.01185764
0.70390000 0.01185745
0.70395000 0.01185726
0.70400000 0.01185707
0.70405000 0.01185688
0.70410000 0.01185669
0.70415000 0.01185650
0.70420000 0.01185631
0.70425000 0.01185612
0.70430000 0.01185592
0.70435000 0.01185573
0.70440000 0.01185554
0.70445000 0.01185534
0.70450000 0.01185515
0.70455000 0.01185495
0.70460000 0.01185475
0.70465000 0.01185456
0.70470000 0.01185436
0.70475000 0.01185416
0.70480000 0.01185396
0.70485000 0.01185376
0.70490000 0.01185356
0.70495000 0.01185336
0.70500000 0.01185316
0.70505000 0.01185296
0.70510000 0.01185276
0.70515000 0.01185256
0.70520000 0.01185235
0.70525000 0.01185215
0.70530000 0.01185195
0.70535000 0.01185174
0.70540000 0.01185154
0.70545000 0.01185133
0.70550000 0.01185112
0.70555000 0.01185092
0.70560000 0.01185071
0.70565000 0.01185050
0.70570000 0.01185029
0.70575000 0.01185008
0.70580000 0.01184987
0.70585000 0.01184966
0.70590000 0.01184945
0.70595000 0.01184924
0.70600000 0.01184903
0.70605000 0.01184882
0.70610000 0.01184860
0.70615000 0.01184839
0.70620000 0.01184818
0.70625000 0.01184796
0.70630000 0.01184775
0.70635000 0.01184753
0.70640000 0.01184731
0.70645000 0.01184710
0.70650000 0.01184688
0.70655000 0.01184666
0.70660000 0.01184644
0.70665000 0.01184622
0.70670000 0.01184600
0.70675000 0.01184578
0.70680000 0.01184556
0.70685000 0.01184534
0.70690000 0.01184512
0.70695000 0.01184489
0.70700000 0.01184467
0.70705000 0.01184445
0.70710000 0.01184422
0.70715000 0.01184400
0.70720000 0.01184377
0.70725000 0.01184355
0.70730000 0.01184332
0.70735000 0.01184309
0.70740000 0.01184286
0.70745000 0.01184264
0.70750000 0.01184241
0.70755000 0.01184218
0.70760000 0.01184195
0.70765000 0.01184172
0.70770000 0.01184148
0.70775000 0.01184125
0.70780000 0.01184102
0.70785000 0.01184079
0.70790000 0.01184055
0.70795000 0.01184032
0.70800000 0.01184009
0.70805000 0.01183985
0.70810000 0.01183962
0.70815000 0.01183938
0.70820000 0.01183914
0.70825000 0.01183890
0.70830000 0.01183867
0.70835000 0.01183843
0.70840000 0.01183819
0.70845000 0.01183795
0.70850000 0.01183771
0.70855000 0.01183747
0.70860000 0.01183723
0.70865000 0.01183699
0.70870000 0.01183674
0.70875000 0.01183650
0.70880000 0.01183626
0.70885000 0.01183601
0.70890000 0.01183577
0.70895000 0.01183552
0.70900000 0.01183528
0.70905000 0.01183503
0.70910000 0.01183478
0.70915000 0.01183454
0.70920000 0.01183429
0.70925000 0.01183404
0.70930000 0.01183379
0.70935000 0.01183354
0.70940000 0.01183329
0.70945000 0.01183304
0.70950000 0.01183279
0.70955000 0.01183253
0.70960000 0.01183228
0.70965000 0.01183203
0.70970000 0.01183178
0.70975000 0.01183152
0.70980000 0.01183127
0.70985000 0.01183101
0.70990000 0.01183075
0.70995000 0.01183050
0.71000000 0.01183024
0.71005000 0.01182998
0.71010000 0.01182973
0.71015000 0.01182947
0.71020000 0.01182921
0.71025000 0.01182895
0.71030000 0.01182869
0.71035000 0.01182843
0.71040000 0.01182816
0.71045000 0.01182790
0.71050000 0.01182764
0.71055000 0.01182738
0.71060000 0.01182711
0.71065000 0.01182685
0.71070000 0.01182658
0.71075000 0.01182632
0.71080000 0.01182605
0.71085000 0.01182578
0.71090000 0.01182552
0.71095000 0.01182525
0.71100000 0.01182498
0.71105000 0.01182471
0.71110000 0.01182444
0.71115000 0.01182417
0.71120000 0.01182390
0.71125000 0.01182363
0.71130000 0.01182336
0.71135000 0.01182309
0.71140000 0.01182281
0.71145000 0.01182254
0.71150000 0.01182227
0.71155000 0.01182199
0.71160000 0.01182172
0.71165000 0.01182144
0.71170000 0.01182117
0.71175000 0.01182089
0.71180000 0.01182061
0.71185000 0.01182033
0.71190000 0.01182005
0.71195000 0.01181978
0.71200000 0.01181950
0.71205000 0.01181922
0.71210000 0.01181894
0.71215000 0.01181865
0.71220000 0.01181837
0.71225000 0.01181809
0.71230000 0.01181781
0.71235000 0.01181752
0.71240000 0.01181724
0.71245000 0.01181695
0.71250000 0.01181667
0.71255000 0.01181638
0.71260000 0.01181610
0.71265000 0.01181581
0.71270000 0.01181552
0.71275000 0.01181524
0.71280000 0.01181495
0.71285000 0.01181466
0.71290000 0.01181437
0.71295000 0.01181408
0.71300000 0.01181379
0.71305000 0.01181350
0.71310000 0.01181320
0.71315000 0.01181291
0.71320000 0.01181262
0.71325000 0.01181232
0.71330000 0.01181203
0.71335000 0.01181174
0.71340000 0.01181144
0.71345000 0.01181114
0.71350000 0.01181085
0.71355000 0.01181055
0.71360000 0.01181025
0.71365000 0.01180996
0.71370000 0.01180966
0.71375000 0.01180936
0.71380000 0.01180906
0.71385000 0.01180876
0.71390000 0.01180846
0.71395000 0.01180815
0.71400000 0.01180785
0.71405000 0.01180755
0.71410000 0.01180725
0.71415000 0.01180694
0.71420000 0.01180664
0.71425000 0.01180633
0.71430000 0.01180603
0.71435000 0.01180572
0.71440000 0.01180542
0.71445000 0.01180511
0.71450000 0.01180480
0.71455000 0.01180449
0.71460000 0.01180418
0.71465000 0.01180388
0.71470000 0.01180357
0.71475000 0.01180325
0.71480000 0.01180294
0.71485000 0.01180263
0.71490000 0.01180232
0.71495000 0.01180201
0.71500000 0.01180169
0.71505000 0.01180138
0.71510000 0.01180107
0.71515000 0.01180075
0.71520000 0.01180044
0.71525000 0.01180012
0.71530000 0.01179980
0.71535000 0.01179949
0.71540000 0.01179917
0.71545000 0.01179885
0.71550000 0.01179853
0.71555000 0.01179821
0.71560000 0.01179789
0.71565000 0.01179757
0.71570000 0.01179725
0.71575000 0.01179693
0.71580000 0.01179661
0.71585000 0.01179628
0.71590000 0.01179596
0.71595000 0.01179564
0.71600000 0.01179531
0.71605000 0.01179499
0.71610000 0.01179466
0.71615000 0.01179433
0.71620000 0.01179401
0.71625000 0.01179368
0.71630000 0.01179335
0.71635000 0.01179302
0.71640000 0.01179270
0.71645000 0.01179237
0.71650000 0.01179204
0.71655000 0.01179171
0.71660000 0.01179137
0.71665000 0.01179104
0.71670000 0.01179071
0.71675000 0.01179038
0.71680000 0.01179004
0.71685000 0.01178971
0.71690000 0.01178938
0.71695000 0.01178904
0.71700000 0.01178870
0.71705000 0.01178837
0.71710000 0.01178803
0.71715000 0.01178769
0.71720000 0.01178736
0.71725000 0.01178702
0.71730000 0.01178668
0.71735000 0.01178634
0.71740000 0.01178600
0.71745000 0.01178566
0.71750000 0.01178532
0.71755000 0.01178498
0.71760000 0.01178463
0.71765000 0.01178429
0.71770000 0.01178395
0.71775000 0.01178360
0.71780000 0.01178326
0.71785000 0.01178291
0.71790000 0.01178257
0.71795000 0.01178222
0.71800000 0.01178187
0.71805000 0.01178153
0.71810000 0.01178118
0.71815000 0.01178083
0.71820000 0.01178048
0.71825000 0.01178013
0.71830000 0.01177978
0.71835000 0.01177943
0.71840000 0.01177908
0.71845000 0.01177873
0.71850000 0.01177837
0.71855000 0.01177802
0.71860000 0.01177767
0.71865000 0.01177731
0.71870000 0.01177696
0.71875000 0.01177660
0.71880000 0.01177625
0.71885000 0.01177589
0.71890000 0.01177553
0.71895000 0.01177518
0.71900000 0.01177482
0.71905000 0.01177446
0.71910000 0.01177410
0.71915000 0.01177374
0.71920000 0.01177338
0.71925000 0.01177302
0.71930000 0.01177266
0.71935000 0.01177230
0.71940000 0.01177193
0.71945000 0.01177157
0.71950000 0.01177121
0.71955000 0.01177084
0.71960000 0.01177048
0.71965000 0.01177011
0.71970000 0.01176975
0.71975000 0.01176938
0.71980000 0.01176901
0.71985000 0.01176865
0.71990000 0.01176828
0.71995000 0.01176791
0.72000000 0.01176754
0.72005000 0.01176717
0.72010000 0.01176680
0.72015000 0.01176643
0.72020000 0.01176606
0.72025000 0.01176569
0.72030000 0.01176531
0.72035000 0.01176494
0.72040000 0.01176457
0.72045000 0.01176419
0.72050000 0.01176382
0.72055000 0.01176344
0.72060000 0.01176307
0.72065000 0.01176269
0.72070000 0.01176231
0.72075000 0.01176194
0.72080000 0.01176156
0.72085000 0.01176118
0.72090000 0.01176080
0.72095000 0.01176042
0.72100000 0.01176004
0.72105000 0.01175966
0.72110000 0.01175928
0.72115000 0.01175889
0.72120000 0.01175851
0.72125000 0.01175813
0.72130000 0.01175775
0.72135000 0.01175736
0.72140000 0.01175698
0.72145000 0.01175659
0.72150000 0.01175620
0.72155000 0.01175582
0.72160000 0.01175543
0.72165000 0.01175504
0.72170000 0.01175466
0.72175000 0.01175427
0.72180000 0.01175388
0.72185000 0.01175349
0.72190000 0.01175310
0.72195000 0.01175271
0.72200000 0.01175231
0.72205000 0.01175192
0.72210000 0.01175153
0.72215000 0.01175114
0.72220000 0.01175074
0.72225000 0.01175035
0.72230000 0.01174995
0.72235000 0.01174956
0.72240000 0.01174916
0.72245000 0.01174876
0.72250000 0.01174837
0.72255000 0.01174797
0.72260000 0.01174757
0.72265000 0.01174717
0.72270000 0.01174677
0.72275000 0.01174637
0.72280000 0.01174597
0.72285000 0.01174557
0.72290000 0.01174517
0.72295000 0.01174477
0.72300000 0.01174437
0.72305000 0.01174396
0.72310000 0.01174356
0.72315000 0.01174315
0.72320000 0.01174275
0.72325000 0.01174234
0.72330000 0.01174194
0.72335000 0.01174153
0.72340000 0.01174112
0.72345000 0.01174072
0.72350000 0.01174031
0.72355000 0.01173990
0.72360000 0.01173949
0.72365000 0.01173908
0.72370000 0.01173867
0.72375000 0.01173826
0.72380000 0.01173785
0.72385000 0.01173743
0.72390000 0.01173702
0.72395000 0.01173661
0.72400000 0.01173619
0.72405000 0.01173578
0.72410000 0.01173536
0.72415000 0.01173495
0.72420000 0.01173453
0.72425000 0.01173412
0.72430000 0.01173370
0.72435000 0.01173328
0.72440000 0.01173286
0.72445000 0.01173244
0.72450000 0.01173202
0.72455000 0.01173160
0.72460000 0.01173118
0.72465000 0.01173076
0.72470000 0.01173034
0.72475000 0.01172992
0.72480000 0.01172950
0.72485000 0.01172907
0.72490000 0.01172865
0.72495000 0.01172822
0.72500000 0.01172780
0.72505000 0.01172737
0.72510000 0.01172695
0.72515000 0.01172652
0.72520000 0.01172609
0.72525000 0.01172567
0.72530000 0.01172524
0.72535000 0.01172481
0.72540000 0.01172438
0.72545000 0.01172395
0.72550000 0.01172352
0.72555000 0.01172309
0.72560000 0.01172266
0.72565000 0.01172222
0.72570000 0.01172179
0.72575000 0.01172136
0.72580000 0.01172092
0.72585000 0.01172049
0.72590000 0.01172005
0.72595000 0.01171962
0.72600000 0.01171918
0.72605000 0.01171875
0.72610000 0.01171831
0.72615000 0.01171787
0.72620000 0.01171743
0.72625000 0.01171699
0.72630000 0.01171655
0.72635000 0.01171611
0.72640000 0.01171567
0.72645000 0.01171523
0.72650000 0.01171479
0.72655000 0.01171435
0.72660000 0.01171390
0.72665000 0.01171346
0.72670000 0.01171302
0.72675000 0.01171257
0.72680000 0.01171213
0.72685000 0.01171168
0.72690000 0.01171124
0.72695000 0.01171079
0.72700000 0.01171034
0.72705000 0.01170989
0.72710000 0.01170945
0.72715000 0.01170900
0.72720000 0.01170855
0.72725000 0.01170810
0.72730000 0.01170765
0.72735000 0.01170720
0.72740000 0.01170674
0.72745000 0.01170629
0.72750000 0.01170584
0.72755000 0.01170538
0.72760000 0.01170493
0.72765000 0.01170448
0.72770000 0.01170402
0.72775000 0.01170357
0.72780000 0.01170311
0.72785000 0.01170265
0.72790000 0.01170220
0.72795000 0.01170174
0.72800000 0.01170128
0.72805000 0.01170082
0.72810000 0.01170036
0.72815000 0.01169990
0.72820000 0.01169944
0.72825000 0.01169898
0.72830000 0.01169852
0.72835000 0.01169805
0.72840000 0.01169759
0.72845000 0.01169713
0.72850000 0.01169666
0.72855000 0.01169620
0.72860000 0.01169573
0.72865000 0.01169527
0.72870000 0.01169480
0.72875000 0.01169434
0.72880000 0.01169387
0.72885000 0.01169340
0.72890000 0.01169293
0.72895000 0.01169246
0.72900000 0.01169199
0.72905000 0.01169152
0.72910000 0.01169105
0.72915000 0.01169058
0.72920000 0.01169011
0.72925000 0.01168964
0.72930000 0.01168916
0.72935000 0.01168869
0.72940000 0.01168822
0.72945000 0.01168774
0.72950000 0.01168727
0.72955000 0.01168679
0.72960000 0.01168632
0.72965000 0.01168584
0.72970000 0.01168536
0.72975000 0.01168488
0.72980000 0.01168441
0.72985000 0.01168393
0.72990000 0.01168345
0.72995000 0.01168297
0.73000000 0.01168249
0.73005000 0.01168201
0.73010000 0.01168152
0.73015000 0.01168104
0.73020000 0.01168056
0.73025000 0.01168007
0.73030000 0.01167959
0.73035000 0.01167911
0.73040000 0.01167862
0.73045000 0.01167814
0.73050000 0.01167765
0.73055000 0.01167716
0.73060000 0.01167668
0.73065000 0.01167619
0.73070000 0.01167570
0.73075000 0.01167521
0.73080000 0.01167472
0.73085000 0.01167423
0.73090000 0.01167374
0.73095000 0.01167325
0.73100000 0.01167276
0.73105000 0.01167226
0.73110000 0.01167177
0.73115000 0.01167128
0.73120000 0.01167078
0.73125000 0.01167029
0.73130000 0.01166979
0.73135000 0.01166930
0.73140000 0.01166880
0.73145000 0.01166831
0.73150000 0.01166781
0.73155000 0.01166731
0.73160000 0.01166681
0.73165000 0.01166631
0.73170000 0.01166581
0.73175000 0.01166531
0.73180000 0.01166481
0.73185000 0.01166431
0.73190000 0.01166381
0.73195000 0.01166331
0.73200000 0.01166280
0.73205000 0.01166230
0.73210000 0.01166180
0.73215000 0.01166129
0.73220000 0.01166079
0.73225000 0.01166028
0.73230000 0.01165978
0.73235000 0.01165927
0.73240000 0.01165876
0.73245000 0.01165825
0.73250000 0.01165775
0.73255000 0.01165724
0.73260000 0.01165673
0.73265000 0.01165622
0.73270000 0.01165571
0.73275000 0.01165520
0.73280000 0.01165468
0.73285000 0.01165417
0.73290000 0.01165366
0.73295000 0.01165314
0.73300000 0.01165263
0.73305000 0.01165212
0.73310000 0.01165160
0.73315000 0.01165109
0.73320000 0.01165057
0.73325000 0.01165005
0.73330000 0.01164954
0.73335000 0.01164902
0.73340000 0.01164850
0.73345000 0.01164798
0.73350000 0.01164746
0.73355000 0.01164694
0.73360000 0.01164642
0.73365000 0.01164590
0.73370000 0.01164538
0.73375000 0.01164485
0.73380000 0.01164433
0.73385000 0.01164381
0.73390000 0.01164328
0.73395000 0.01164276
0.73400000 0.01164224
0.73405000 0.01164171
0.73410000 0.01164118
0.73415000 0.01164066
0.73420000 0.01164013
0.73425000 0.01163960
0.73430000 0.01163907
0.73435000 0.01163854
0.73440000 0.01163801
0.73445000 0.01163748
0.73450000 0.01163695
0.73455000 0.01163642
0.73460000 0.01163589
0.73465000 0.01163536
0.73470000 0.01163483
0.73475000 0.01163429
0.73480000 0.01163376
0.73485000 0.01163322
0.73490000 0.01163269
0.73495000 0.01163215
0.73500000 0.01163162
0.73505000 0.01163108
0.73510000 0.01163054
0.73515000 0.01163001
0.73520000 0.01162947
0.73525000 0.01162893
0.73530000 0.01162839
0.73535000 0.01162785
0.73540000 0.01162731
0.73545000 0.01162677
0.73550000 0.01162623
0.73555000 0.01162568
0.73560000 0.01162514
0.73565000 0.01162460
0.73570000 0.01162405
0.73575000 0.01162351
0.73580000 0.01162296
0.73585000 0.01162242
0.73590000 0.01162187
0.73595000 0.01162133
0.73600000 0.01162078
0.73605000 0.01162023
0.73610000 0.01161968
0.73615000 0.01161913
0.73620000 0.01161858
0.73625000 0.01161803
0.73630000 0.01161748
0.73635000 0.01161693
0.73640000 0.01161638
0.73645000 0.01161583
0.73650000 0.01161528
0.73655000 0.01161472
0.73660000 0.01161417
0.73665000 0.01161361
0.73670000 0.01161306
0.73675000 0.01161250
0.73680000 0.01161195
0.73685000 0.01161139
0.73690000 0.01161083
0.73695000 0.01161028
0.73700000 0.01160972
0.73705000 0.01160916
0.73710000 0.01160860
0.73715000 0.01160804
0.73720000 0.01160748
0.73725000 0.01160692
0.73730000 0.01160636
0.73735000 0.01160579
0.73740000 0.01160523
0.73745000 0.01160467
0.73750000 0.01160410
0.73755000 0.01160354
0.73760000 0.01160298
0.73765000 0.01160241
0.73770000 0.01160184
0.73775000 0.01160128
0.73780000 0.01160071
0.73785000 0.01160014
0.73790000 0.01159957
0.73795000 0.01159901
0.73800000 0.01159844
0.73805000 0.01159787
0.73810000 0.01159730
0.73815000 0.01159672
0.73820000 0.01159615
0.73825000 0.01159558
0.73830000 0.01159501
0.73835000 0.01159444
0.73840000 0.01159386
0.73845000 0.01159329
0.73850000 0.01159271
0.73855000 0.01159214
0.73860000 0.01159156
0.73865000 0.01159098
0.73870000 0.01159041
0.73875000 0.01158983
0.73880000 0.01158925
0.73885000 0.01158867
0.73890000 0.01158809
0.73895000 0.01158751
0.73900000 0.01158693
0.73905000 0.01158635
0.73910000 0.01158577
0.73915000 0.01158519
0.73920000 0.01158461
0.73925000 0.01158402
0.73930000 0.01158344
0.73935000 0.01158285
0.73940000 0.01158227
0.73945000 0.01158168
0.73950000 0.01158110
0.73955000 0.01158051
0.73960000 0.01157992
0.73965000 0.01157934
0.73970000 0.01157875
0.73975000 0.01157816
0.73980000 0.01157757
0.73985000 0.01157698
0.73990000 0.01157639
0.73995000 0.01157580
0.74000000 0.01157521
0.74005000 0.01157462
0.74010000 0.01157402
0.74015000 0.01157343
0.74020000 0.01157284
0.74025000 0.01157224
0.74030000 0.01157165
0.74035000 0.01157105
0.74040000 0.01157046
0.74045000 0.01156986
0.74050000 0.01156926
0.74055000 0.01156867
0.74060000 0.01156807
0.74065000 0.01156747
0.74070000 0.01156687
0.74075000 0.01156627
0.74080000 0.01156567
0.74085000 0.01156507
0.74090000 0.01156447
0.74095000 0.01156387
0.74100000 0.01156326
0.74105000 0.01156266
0.74110000 0.01156206
0.74115000 0.01156145
0.74120000 0.01156085
0.74125000 0.01156024
0.74130000 0.01155964
0.74135000 0.01155903
0.74140000 0.01155842
0.74145000 0.01155782
0.74150000 0.01155721
0.74155000 0.01155660
0.74160000 0.01155599
0.74165000 0.01155538
0.74170000 0.01155477
0.74175000 0.01155416
0.74180000 0.01155355
0.74185000 0.01155294
0.74190000 0.01155232
0.74195000 0.01155171
0.74200000 0.01155110
0.74205000 0.01155048
0.74210000 0.01154987
0.74215000 0.01154925
0.74220000 0.01154864
0.74225000 0.01154802
0.74230000 0.01154740
0.74235000 0.01154679
0.74240000 0.01154617
0.74245000 0.01154555
0.74250000 0.01154493
0.74255000 0.01154431
0.74260000 0.01154369
0.74265000 0.01154307
0.74270000 0.01154245
0.74275000 0.01154183
0.74280000 0.01154120
0.74285000 0.01154058
0.74290000 0.01153996
0.74295000 0.01153933
0.74300000 0.01153871
0.74305000 0.01153808
0.74310000 0.01153746
0.74315000 0.01153683
0.74320000 0.01153620
0.74325000 0.01153558
0.74330000 0.01153495
0.74335000 0.01153432
0.74340000 0.01153369
0.74345000 0.01153306
0.74350000 0.01153243
0.74355000 0.01153180
0.74360000 0.01153117
0.74365000 0.01153054
0.74370000 0.01152991
0.74375000 0.01152927
0.74380000 0.01152864
0.74385000 0.01152801
0.74390000 0.01152737
0.74395000 0.01152674
0.74400000 0.01152610
0.74405000 0.01152546
0.74410000 0.01152483
0.74415000 0.01152419
0.74420000 0.01152355
0.74425000 0.01152291
0.74430000 0.01152228
0.74435000 0.01152164
0.74440000 0.01152100
0.74445000 0.01152035
0.74450000 0.01151971
0.74455000 0.01151907
0.74460000 0.01151843
0.74465000 0.01151779
0.74470000 0.01151714
0.74475000 0.01151650
0.74480000 0.01151586
0.74485000 0.01151521
0.74490000 0.01151456
0.74495000 0.01151392
0.74500000 0.01151327
0.74505000 0.01151262
0.74510000 0.01151198
0.74515000 0.01151133
0.74520000 0.01151068
0.74525000 0.01151003
0.74530000 0.01150938
0.74535000 0.01150873
0.74540000 0.01150808
0.74545000 0.01150743
0.74550000 0.01150677
0.74555000 0.01150612
0.74560000 0.01150547
0.74565000 0.01150481
0.74570000 0.01150416
0.74575000 0.01150351
0.74580000 0.01150285
0.74585000 0.01150219
0.74590000 0.01150154
0.74595000 0.01150088
0.74600000 0.01150022
0.74605000 0.01149956
0.74610000 0.01149891
0.74615000 0.01149825
0.74620000 0.01149759
0.74625000 0.01149693
0.74630000 0.01149626
0.74635000 0.01149560
0.74640000 0.01149494
0.74645000 0.01149428
0.74650000 0.01149361
0.74655000 0.01149295
0.74660000 0.01149229
0.74665000 0.01149162
0.74670000 0.01149096
0.74675000 0.01149029
0.74680000 0.01148962
0.74685000 0.01148896
0.74690000 0.01148829
0.74695000 0.01148762
0.74700000 0.01148695
0.74705000 0.01148628
0.74710000 0.01148561
0.74715000 0.01148494
0.74720000 0.01148427
0.74725000 0.01148360
0.74730000 0.01148293
0.74735000 0.01148226
0.74740000 0.01148158
0.74745000 0.01148091
0.74750000 0.01148023
0.74755000 0.01147956
0.74760000 0.01147888
0.74765000 0.01147821
0.74770000 0.01147753
0.74775000 0.01147686
0.74780000 0.01147618
0.74785000 0.01147550
0.74790000 0.01147482
0.74795000 0.01147414
0.74800000 0.01147346
0.74805000 0.01147278
0.74810000 0.01147210
0.74815000 0.01147142
0.74820000 0.01147074
0.74825000 0.01147005
0.74830000 0.01146937
0.74835000 0.01146869
0.74840000 0.01146800
0.74845000 0.01146732
0.74850000 0.01146663
0.74855000 0.01146595
0.74860000 0.01146526
0.74865000 0.01146457
0.74870000 0.01146389
0.74875000 0.01146320
0.74880000 0.01146251
0.74885000 0.01146182
0.74890000 0.01146113
0.74895000 0.01146044
0.74900000 0.01145975
0.74905000 0.01145906
0.74910000 0.01145837
0.74915000 0.01145768
0.74920000 0.01145698
0.74925000 0.01145629
0.74930000 0.01145559
0.74935000 0.01145490
0.74940000 0.01145420
0.74945000 0.01145351
0.74950000 0.01145281
0.74955000 0.01145212
0.74960000 0.01145142
0.74965000 0.01145072
0.74970000 0.01145002
0.74975000 0.01144932
0.74980000 0.01144862
0.74985000 0.01144792
0.74990000 0.01144722
0.74995000 0.01144652
0.75000000 0.01144582
0.75005000 0.01144512
0.75010000 0.01144441
0.75015000 0.01144371
0.75020000 0.01144301
0.75025000 0.01144230
0.75030000 0.01144160
0.75035000 0.01144089
0.75040000 0.01144019
0.75045000 0.01143948
0.75050000 0.01143877
0.75055000 0.01143806
0.75060000 0.01143736
0.75065000 0.01143665
0.75070000 0.01143594
0.75075000 0.01143523
0.75080000 0.01143452
0.75085000 0.01143381
0.75090000 0.01143309
0.75095000 0.01143238
0.75100000 0.01143167
0.75105000 0.01143095
0.75110000 0.01143024
0.75115000 0.01142953
0.75120000 0.01142881
0.75125000 0.01142810
0.75130000 0.01142738
0.75135000 0.01142666
0.75140000 0.01142595
0.75145000 0.01142523
0.75150000 0.01142451
0.75155000 0.01142379
0.75160000 0.01142307
0.75165000 0.01142235
0.75170000 0.01142163
0.75175000 0.01142091
0.75180000 0.01142019
0.75185000 0.01141947
0.75190000 0.01141874
0.75195000 0.01141802
0.75200000 0.01141730
0.75205000 0.01141657
0.75210000 0.01141585
0.75215000 0.01141512
0.75220000 0.01141440
0.75225000 0.01141367
0.75230000 0.01141294
0.75235000 0.01141221
0.75240000 0.01141149
0.75245000 0.01141076
0.75250000 0.01141003
0.75255000 0.01140930
0.75260000 0.01140857
0.75265000 0.01140784
0.75270000 0.01140711
0.75275000 0.01140637
0.75280000 0.01140564
0.75285000 0.01140491
0.75290000 0.01140417
0.75295000 0.01140344
0.75300000 0.01140271
0.75305000 0.01140197
0.75310000 0.01140123
0.75315000 0.01140050
0.75320000 0.01139976
0.75325000 0.01139902
0.75330000 0.01139828
0.75335000 0.01139755
0.75340000 0.01139681
0.75345000 0.01139607
0.75350000 0.01139533
0.75355000 0.01139459
0.75360000 0.01139384
0.75365000 0.01139310
0.75370000 0.01139236
0.75375000 0.01139162
0.75380000 0.01139087
0.75385000 0.01139013
0.75390000 0.01138938
0.75395000 0.01138864
0.75400000 0.01138789
0.75405000 0.01138715
0.75410000 0.01138640
0.75415000 0.01138565
0.75420000 0.01138490
0.75425000 0.01138416
0.75430000 0.01138341
0.75435000 0.01138266
0.75440000 0.01138191
0.75445000 0.01138116
0.75450000 0.01138041
0.75455000 0.01137965
0.75460000 0.01137890
0.75465000 0.01137815
0.75470000 0.01137739
0.75475000 0.01137664
0.75480000 0.01137589
0.75485000 0.01137513
0.75490000 0.01137437
0.75495000 0.01137362
0.75500000 0.01137286
0.75505000 0.01137210
0.75510000 0.01137135
0.75515000 0.01137059
0.75520000 0.01136983
0.75525000 0.01136907
0.75530000 0.01136831
0.75535000 0.01136755
0.75540000 0.01136679
0.75545000 0.01136603
0.75550000 0.01136526
0.75555000 0.01136450
0.75560000 0.01136374
0.75565000 0.01136297
0.75570000 0.01136221
0.75575000 0.01136144
0.75580000 0.01136068
0.75585000 0.01135991
0.75590000 0.01135915
0.75595000 0.01135838
0.75600000 0.01135761
0.75605000 0.01135684
0.75610000 0.01135607
0.75615000 0.01135530
0.75620000 0.01135453
0.75625000 0.01135376
0.75630000 0.01135299
0.75635000 0.01135222
0.75640000 0.01135145
0.75645000 0.01135068
0.75650000 0.01134990
0.75655000 0.01134913
0.75660000 0.01134835
0.75665000 0.01134758
0.75670000 0.01134680
0.75675000 0.01134603
0.75680000 0.01134525
0.75685000 0.01134447
0.75690000 0.01134370
0.75695000 0.01134292
0.75700000 0.01134214
0.75705000 0.01134136
0.75710000 0.01134058
0.75715000 0.01133980
0.75720000 0.01133902
0.75725000 0.01133824
0.75730000 0.01133745
0.75735000 0.01133667
0.75740000 0.01133589
0.75745000 0.01133511
0.75750000 0.01133432
0.75755000 0.01133354
0.75760000 0.01133275
0.75765000 0.01133196
0.75770000 0.01133118
0.75775000 0.01133039
0.75780000 0.01132960
0.75785000 0.01132882
0.75790000 0.01132803
0.75795000 0.01132724
0.75800000 0.01132645
0.75805000 0.01132566
0.75810000 0.01132487
0.75815000 0.01132408
0.75820000 0.01132328
0.75825000 0.01132249
0.75830000 0.01132170
0.75835000 0.01132090
0.75840000 0.01132011
0.75845000 0.01131931
0.75850000 0.01131852
0.75855000 0.01131772
0.75860000 0.01131693
0.75865000 0.01131613
0.75870000 0.01131533
0.75875000 0.01131454
0.75880000 0.01131374
0.75885000 0.01131294
0.75890000 0.01131214
0.75895000 0.01131134
0.75900000 0.01131054
0.75905000 0.01130974
0.75910000 0.01130893
0.75915000 0.01130813
0.75920000 0.01130733
0.75925000 0.01130652
0.75930000 0.01130572
0.75935000 0.01130492
0.75940000 0.01130411
0.75945000 0.01130331
0.75950000 0.01130250
0.75955000 0.01130169
0.75960000 0.01130088
0.75965000 0.01130008
0.75970000 0.01129927
0.75975000 0.01129846
0.75980000 0.01129765
0.75985000 0.01129684
0.75990000 0.01129603
0.75995000 0.01129522
0.76000000 0.01129441
0.76005000 0.01129359
0.76010000 0.01129278
0.76015000 0.01129197
0.76020000 0.01129115
0.76025000 0.01129034
0.76030000 0.01128952
0.76035000 0.01128871
0.76040000 0.01128789
0.76045000 0.01128708
0.76050000 0.01128626
0.76055000 0.01128544
0.76060000 0.01128462
0.76065000 0.01128380
0.76070000 0.01128298
0.76075000 0.01128216
0.76080000 0.01128134
0.76085000 0.01128052
0.76090000 0.01127970
0.76095000 0.01127888
0.76100000 0.01127806
0.76105000 0.01127723
0.76110000 0.01127641
0.76115000 0.01127558
0.76120000 0.01127476
0.76125000 0.01127393
0.76130000 0.01127311
0.76135000 0.01127228
0.76140000 0.01127145
0.76145000 0.01127063
0.76150000 0.01126980
0.76155000 0.01126897
0.76160000 0.01126814
0.76165000 0.01126731
0.76170000 0.01126648
0.76175000 0.01126565
0.76180000 0.01126482
0.76185000 0.01126398
0.76190000 0.01126315
0.76195000 0.01126232
0.76200000 0.01126149
0.76205000 0.01126065
0.76210000 0.01125982
0.76215000 0.01125898
0.76220000 0.01125814
0.76225000 0.01125731
0.76230000 0.01125647
0.76235000 0.01125563
0.76240000 0.01125480
0.76245000 0.01125396
0.76250000 0.01125312
0.76255000 0.01125228
0.76260000 0.01125144
0.76265000 0.01125060
0.76270000 0.01124976
0.76275000 0.01124891
0.76280000 0.01124807
0.76285000 0.01124723
0.76290000 0.01124638
0.76295000 0.01124554
0.76300000 0.01124470
0.76305000 0.01124385
0.76310000 0.01124300
0.76315000 0.01124216
0.76320000 0.01124131
0.76325000 0.01124046
0.76330000 0.01123962
0.76335000 0.01123877
0.76340000 0.01123792
0.76345000 0.01123707
0.76350000 0.01123622
0.76355000 0.01123537
0.76360000 0.01123452
0.76365000 0.01123366
0.76370000 0.01123281
0.76375000 0.01123196
0.76380000 0.01123111
0.76385000 0.01123025
0.76390000 0.01122940
0.76395000 0.01122854
0.76400000 0.01122769
0.76405000 0.01122683
0.76410000 0.01122597
0.76415000 0.01122512
0.76420000 0.01122426
0.76425000 0.01122340
0.76430000 0.01122254
0.76435000 0.01122168
0.76440000 0.01122082
0.76445000 0.01121996
0.76450000 0.01121910
0.76455000 0.01121824
0.76460000 0.01121737
0.76465000 0.01121651
0.76470000 0.01121565
0.76475000 0.01121478
0.76480000 0.01121392
0.76485000 0.01121306
0.76490000 0.01121219
0.76495000 0.01121132
0.76500000 0.01121046
0.76505000 0.01120959
0.76510000 0.01120872
0.76515000 0.01120785
0.76520000 0.01120698
0.76525000 0.01120612
0.76530000 0.01120525
0.76535000 0.01120437
0.76540000 0.01120350
0.76545000 0.01120263
0.76550000 0.01120176
0.76555000 0.01120089
0.76560000 0.01120001
0.76565000 0.01119914
0.76570000 0.01119827
0.76575000 0.01119739
0.76580000 0.01119652
0.76585000 0.01119564
0.76590000 0.01119476
0.76595000 0.01119389
0.76600000 0.01119301
0.76605000 0.01119213
0.76610000 0.01119125
0.76615000 0.01119037
0.76620000 0.01118949
0.76625000 0.01118861
0.76630000 0.01118773
0.76635000 0.01118685
0.76640000 0.01118597
0.76645000 0.01118508
0.76650000 0.01118420
0.76655000 0.01118332
0.76660000 0.01118243
0.76665000 0.01118155
0.76670000 0.01118066
0.76675000 0.01117978
0.76680000 0.01117889
0.76685000 0.01117800
0.76690000 0.01117712
0.76695000 0.01117623
0.76700000 0.01117534
0.76705000 0.01117445
0.76710000 0.01117356
0.76715000 0.01117267
0.76720000 0.01117178
0.76725000 0.01117089
0.76730000 0.01117000
0.76735000 0.01116910
0.76740000 0.01116821
0.76745000 0.01116732
0.76750000 0.01116642
0.76755000 0.01116553
0.76760000 0.01116463
0.76765000 0.01116374
0.76770000 0.01116284
0.76775000 0.01116194
0.76780000 0.01116105
0.76785000 0.01116015
0.76790000 0.01115925
0.76795000 0.01115835
0.76800000 0.01115745
0.76805000 0.01115655
0.76810000 0.01115565
0.76815000 0.01115475
0.76820000 0.01115385
0.76825000 0.01115295
0.76830000 0.01115204
0.76835000 0.01115114
0.76840000 0.01115024
0.76845000 0.01114933
0.76850000 0.01114843
0.76855000 0.01114752
0.76860000 0.01114661
0.76865000 0.01114571
0.76870000 0.01114480
0.76875000 0.01114389
0.76880000 0.01114298
0.76885000 0.01114207
0.76890000 0.01114116
0.76895000 0.01114025
0.76900000 0.01113934
0.76905000 0.01113843
0.76910000 0.01113752
0.76915000 0.01113661
0.76920000 0.01113570
0.76925000 0.01113478
0.76930000 0.01113387
0.76935000 0.01113295
0.76940000 0.01113204
0.76945000 0.01113112
0.76950000 0.01113021
0.76955000 0.01112929
0.76960000 0.01112837
0.76965000 0.01112746
0.76970000 0.01112654
0.76975000 0.01112562
0.76980000 0.01112470
0.76985000 0.01112378
0.76990000 0.01112286
0.76995000 0.01112194
0.77000000 0.01112102
0.77005000 0.01112009
0.77010000 0.01111917
0.77015000 0.01111825
0.77020000 0.01111733
0.77025000 0.01111640
0.77030000 0.01111548
0.77035000 0.01111455
0.77040000 0.01111362
0.77045000 0.01111270
0.77050000 0.01111177
0.77055000 0.01111084
0.77060000 0.01110992
0.77065000 0.01110899
0.77070000 0.01110806
0.77075000 0.01110713
0.77080000 0.01110620
0.77085000 0.01110527
0.77090000 0.01110433
0.77095000 0.01110340
0.77100000 0.01110247
0.77105000 0.01110154
0.77110000 0.01110060
0.77115000 0.01109967
0.77120000 0.01109873
0.77125000 0.01109780
0.77130000 0.01109686
0.77135000 0.01109593
0.77140000 0.01109499
0.77145000 0.01109405
0.77150000 0.01109311
0.77155000 0.01109218
0.77160000 0.01109124
0.77165000 0.01109030
0.77170000 0.01108936
0.77175000 0.01108842
0.77180000 0.01108747
0.77185000 0.01108653
0.77190000 0.01108559
0.77195000 0.01108465
0.77200000 0.01108370
0.77205000 0.01108276
0.77210000 0.01108182
0.77215000 0.01108087
0.77220000 0.01107992
0.77225000 0.01107898
0.77230000 0.01107803
0.77235000 0.01107708
0.77240000 0.01107614
0.77245000 0.01107519
0.77250000 0.01107424
0.77255000 0.01107329
0.77260000 0.01107234
0.77265000 0.01107139
0.77270000 0.01107044
0.77275000 0.01106948
0.77280000 0.01106853
0.77285000 0.01106758
0.77290000 0.01106663
0.77295000 0.01106567
0.77300000 0.01106472
0.77305000 0.01106376
0.77310000 0.01106281
0.77315000 0.01106185
0.77320000 0.01106089
0.77325000 0.01105994
0.77330000 0.01105898
0.77335000 0.01105802
0.77340000 0.01105706
0.77345000 0.01105610
0.77350000 0.01105514
0.77355000 0.01105418
0.77360000 0.01105322
0.77365000 0.01105226
0.77370000 0.01105130
0.77375000 0.01105033
0.77380000 0.01104937
0.77385000 0.01104841
0.77390000 0.01104744
0.77395000 0.01104648
0.77400000 0.01104551
0.77405000 0.01104455
0.77410000 0.01104358
0.77415000 0.01104261
0.77420000 0.01104164
0.77425000 0.01104068
0.77430000 0.01103971
0.77435000 0.01103874
0.77440000 0.01103777
0.77445000 0.01103680
0.77450000 0.01103583
0.77455000 0.01103485
0.77460000 0.01103388
0.77465000 0.01103291
0.77470000 0.01103194
0.77475000 0.01103096
0.77480000 0.01102999
0.77485000 0.01102901
0.77490000 0.01102804
0.77495000 0.01102706
0.77500000 0.01102609
0.77505000 0.01102511
0.77510000 0.01102413
0.77515000 0.01102315
0.77520000 0.01102217
0.77525000 0.01102120
0.77530000 0.01102022
0.77535000 0.01101923
0.77540000 0.01101825
0.77545000 0.01101727
0.77550000 0.01101629
0.77555000 0.01101531
0.77560000 0.01101432
0.77565000 0.01101334
0.77570000 0.01101236
0.77575000 0.01101137
0.77580000 0.01101039
0.77585000 0.01100940
0.77590000 0.01100841
0.77595000 0.01100743
0.77600000 0.01100644
0.77605000 0.01100545
0.77610000 0.01100446
0.77615000 0.01100347
0.77620000 0.01100248
0.77625000 0.01100149
0.77630000 0.01100050
0.77635000 0.01099951
0.77640000 0.01099852
0.77645000 0.01099753
0.77650000 0.01099654
0.77655000 0.01099554
0.77660000 0.01099455
0.77665000 0.01099355
0.77670000 0.01099256
0.77675000 0.01099156
0.77680000 0.01099057
0.77685000 0.01098957
0.77690000 0.01098857
0.77695000 0.01098757
0.77700000 0.01098658
0.77705000 0.01098558
0.77710000 0.01098458
0.77715000 0.01098358
0.77720000 0.01098258
0.77725000 0.01098157
0.77730000 0.01098057
0.77735000 0.01097957
0.77740000 0.01097857
0.77745000 0.01097756
0.77750000 0.01097656
0.77755000 0.01097556
0.77760000 0.01097455
0.77765000 0.01097354
0.77770000 0.01097254
0.77775000 0.01097153
0.77780000 0.01097052
0.77785000 0.01096952
0.77790000 0.01096851
0.77795000 0.01096750
0.77800000 0.01096649
0.77805000 0.01096548
0.77810000 0.01096447
0.77815000 0.01096346
0.77820000 0.01096245
0.77825000 0.01096143
0.77830000 0.01096042
0.77835000 0.01095941
0.77840000 0.01095839
0.77845000 0.01095738
0.77850000 0.01095636
0.77855000 0.01095535
0.77860000 0.01095433
0.77865000 0.01095332
0.77870000 0.01095230
0.77875000 0.01095128
0.77880000 0.01095026
0.77885000 0.01094924
0.77890000 0.01094822
0.77895000 0.01094720
0.77900000 0.01094618
0.77905000 0.01094516
0.77910000 0.01094414
0.77915000 0.01094312
0.77920000 0.01094210
0.77925000 0.01094107
0.77930000 0.01094005
0.77935000 0.01093903
0.77940000 0.01093800
0.77945000 0.01093698
0.77950000 0.01093595
0.77955000 0.01093492
0.77960000 0.01093390
0.77965000 0.01093287
0.77970000 0.01093184
0.77975000 0.01093081
0.77980000 0.01092978
0.77985000 0.01092875
0.77990000 0.01092772
0.77995000 0.01092669
0.78000000 0.01092566
0.78005000 0.01092463
0.78010000 0.01092359
0.78015000 0.01092256
0.78020000 0.01092153
0.78025000 0.01092049
0.78030000 0.01091946
0.78035000 0.01091842
0.78040000 0.01091739
0.78045000 0.01091635
0.78050000 0.01091531
0.78055000 0.01091428
0.78060000 0.01091324
0.78065000 0.01091220
0.78070000 0.01091116
0.78075000 0.01091012
0.78080000 0.01090908
0.78085000 0.01090804
0.78090000 0.01090700
0.78095000 0.01090596
0.78100000 0.01090491
0.78105000 0.01090387
0.78110000 0.01090283
0.78115000 0.01090178
0.78120000 0.01090074
0.78125000 0.01089969
0.78130000 0.01089865
0.78135000 0.01089760
0.78140000 0.01089655
0.78145000 0.01089551
0.78150000 0.01089446
0.78155000 0.01089341
0.78160000 0.01089236
0.78165000 0.01089131
0.78170000 0.01089026
0.78175000 0.01088921
0.78180000 0.01088816
0.78185000 0.01088711
0.78190000 0.01088605
0.78195000 0.01088500
0.78200000 0.01088395
0.78205000 0.01088289
0.78210000 0.01088184
0.78215000 0.01088078
0.78220000 0.01087973
0.78225000 0.01087867
0.78230000 0.01087762
0.78235000 0.01087656
0.78240000 0.01087550
0.78245000 0.01087444
0.78250000 0.01087338
0.78255000 0.01087232
0.78260000 0.01087126
0.78265000 0.01087020
0.78270000 0.01086914
0.78275000 0.01086808
0.78280000 0.01086702
0.78285000 0.01086595
0.78290000 0.01086489
0.78295000 0.01086383
0.78300000 0.01086276
0.78305000 0.01086170
0.78310000 0.01086063
0.78315000 0.01085957
0.78320000 0.01085850
0.78325000 0.01085743
0.78330000 0.01085636
0.78335000 0.01085530
0.78340000 0.01085423
0.78345000 0.01085316
0.78350000 0.01085209
0.78355000 0.01085102
0.78360000 0.01084995
0.78365000 0.01084887
0.78370000 0.01084780
0.78375000 0.01084673
0.78380000 0.01084566
0.78385000 0.01084458
0.78390000 0.01084351
0.78395000 0.01084243
0.78400000 0.01084136
0.78405000 0.01084028
0.78410000 0.01083920
0.78415000 0.01083813
0.78420000 0.01083705
0.78425000 0.01083597
0.78430000 0.01083489
0.78435000 0.01083381
0.78440000 0.01083273
0.78445000 0.01083165
0.78450000 0.01083057
0.78455000 0.01082949
0.78460000 0.01082841
0.78465000 0.01082732
0.78470000 0.01082624
0.78475000 0.01082516
0.78480000 0.01082407
0.78485000 0.01082299
0.78490000 0.01082190
0.78495000 0.01082082
0.78500000 0.01081973
0.78505000 0.01081864
0.78510000 0.01081755
0.78515000 0.01081647
0.78520000 0.01081538
0.78525000 0.01081429
0.78530000 0.01081320
0.78535000 0.01081211
0.78540000 0.01081102
0.78545000 0.01080993
0.78550000 0.01080883
0.78555000 0.01080774
0.78560000 0.01080665
0.78565000 0.01080555
0.78570000 0.01080446
0.78575000 0.01080336
0.78580000 0.01080227
0.78585000 0.01080117
0.78590000 0.01080008
0.78595000 0.01079898
0.78600000 0.01079788
0.78605000 0.01079678
0.78610000 0.01079569
0.78615000 0.01079459
0.78620000 0.01079349
0.78625000 0.01079239
0.78630000 0.01079128
0.78635000 0.01079018
0.78640000 0.01078908
0.78645000 0.01078798
0.78650000 0.01078688
0.78655000 0.01078577
0.78660000 0.01078467
0.78665000 0.01078356
0.78670000 0.01078246
0.78675000 0.01078135
0.78680000 0.01078025
0.78685000 0.01077914
0.78690000 0.01077803
0.78695000 0.01077692
0.78700000 0.01077581
0.78705000 0.01077471
0.78710000 0.01077360
0.78715000 0.01077248
0.78720000 0.01077137
0.78725000 0.01077026
0.78730000 0.01076915
0.78735000 0.01076804
0.78740000 0.01076693
0.78745000 0.01076581
0.78750000 0.01076470
0.78755000 0.01076358
0.78760000 0.01076247
0.78765000 0.01076135
0.78770000 0.01076024
0.78775000 0.01075912
0.78780000 0.01075800
0.78785000 0.01075688
0.78790000 0.01075576
0.78795000 0.01075465
0.78800000 0.01075353
0.78805000 0.01075241
0.78810000 0.01075128
0.78815000 0.01075016
0.78820000 0.01074904
0.78825000 0.01074792
0.78830000 0.01074680
0.78835000 0.01074567
0.78840000 0.01074455
0.78845000 0.01074342
0.78850000 0.01074230
0.78855000 0.01074117
0.78860000 0.01074005
0.78865000 0.01073892
0.78870000 0.01073779
0.78875000 0.01073666
0.78880000 0.01073554
0.78885000 0.01073441
0.78890000 0.01073328
0.78895000 0.01073215
0.78900000 0.01073102
0.78905000 0.01072988
0.78910000 0.01072875
0.78915000 0.01072762
0.78920000 0.01072649
0.78925000 0.01072535
0.78930000 0.01072422
0.78935000 0.01072309
0.78940000 0.01072195
0.78945000 0.01072081
0.78950000 0.01071968
0.78955000 0.01071854
0.78960000 0.01071740
0.78965000 0.01071627
0.78970000 0.01071513
0.78975000 0.01071399
0.78980000 0.01071285
0.78985000 0.01071171
0.78990000 0.01071057
0.78995000 0.01070943
0.79000000 0.01070829
0.79005000 0.01070714
0.79010000 0.01070600
0.79015000 0.01070486
0.79020000 0.01070371
0.79025000 0.01070257
0.79030000 0.01070142
0.79035000 0.01070028
0.79040000 0.01069913
0.79045000 0.01069798
0.79050000 0.01069684
0.79055000 0.01069569
0.79060000 0.01069454
0.79065000 0.01069339
0.79070000 0.01069224
0.79075000 0.01069109
0.79080000 0.01068994
0.79085000 0.01068879
0.79090000 0.01068764
0.79095000 0.01068649
0.79100000 0.01068533
0.79105000 0.01068418
0.79110000 0.01068303
0.79115000 0.01068187
0.79120000 0.01068072
0.79125000 0.01067956
0.79130000 0.01067840
0.79135000 0.01067725
0.79140000 0.01067609
0.79145000 0.01067493
0.79150000 0.01067377
0.79155000 0.01067262
0.79160000 0.01067146
0.79165000 0.01067030
0.79170000 0.01066914
0.79175000 0.01066797
0.79180000 0.01066681
0.79185000 0.01066565
0.79190000 0.01066449
0.79195000 0.01066332
0.79200000 0.01066216
0.79205000 0.01066100
0.79210000 0.01065983
0.79215000 0.01065866
0.79220000 0.01065750
0.79225000 0.01065633
0.79230000 0.01065516
0.79235000 0.01065400
0.79240000 0.01065283
0.79245000 0.01065166
0.79250000 0.01065049
0.79255000 0.01064932
0.79260000 0.01064815
0.79265000 0.01064698
0.79270000 0.01064581
0.79275000 0.01064463
0.79280000 0.01064346
0.79285000 0.01064229
0.79290000 0.01064111
0.79295000 0.01063994
0.79300000 0.01063877
0.79305000 0.01063759
0.79310000 0.01063641
0.79315000 0.01063524
0.79320000 0.01063406
0.79325000 0.01063288
0.79330000 0.01063170
0.79335000 0.01063052
0.79340000 0.01062935
0.79345000 0.01062817
0.79350000 0.01062698
0.79355000 0.01062580
0.79360000 0.01062462
0.79365000 0.01062344
0.79370000 0.01062226
0.79375000 0.01062107
0.79380000 0.01061989
0.79385000 0.01061871
0.79390000 0.01061752
0.79395000 0.01061633
0.79400000 0.01061515
0.79405000 0.01061396
0.79410000 0.01061277
0.79415000 0.01061159
0.79420000 0.01061040
0.79425000 0.01060921
0.79430000 0.01060802
0.79435000 0.01060683
0.79440000 0.01060564
0.79445000 0.01060445
0.79450000 0.01060326
0.79455000 0.01060207
0.79460000 0.01060087
0.79465000 0.01059968
0.79470000 0.01059849
0.79475000 0.01059729
0.79480000 0.01059610
0.79485000 0.01059490
0.79490000 0.01059370
0.79495000 0.01059251
0.79500000 0.01059131
0.79505000 0.01059011
0.79510000 0.01058891
0.79515000 0.01058772
0.79520000 0.01058652
0.79525000 0.01058532
0.79530000 0.01058412
0.79535000 0.01058291
0.79540000 0.01058171
0.79545000 0.01058051
0.79550000 0.01057931
0.79555000 0.01057810
0.79560000 0.01057690
0.79565000 0.01057570
0.79570000 0.01057449
0.79575000 0.01057329
0.79580000 0.01057208
0.79585000 0.01057087
0.79590000 0.01056967
0.79595000 0.01056846
0.79600000 0.01056725
0.79605000 0.01056604
0.79610000 0.01056483
0.79615000 0.01056362
0.79620000 0.01056241
0.79625000 0.01056120
0.79630000 0.01055999
0.79635000 0.01055878
0.79640000 0.01055756
0.79645000 0.01055635
0.79650000 0.01055514
0.79655000 0.01055392
0.79660000 0.01055271
0.79665000 0.01055149
0.79670000 0.01055028
0.79675000 0.01054906
0.79680000 0.01054784
0.79685000 0.01054662
0.79690000 0.01054541
0.79695000 0.01054419
0.79700000 0.01054297
0.79705000 0.01054175
0.79710000 0.01054053
0.79715000 0.01053931
0.79720000 0.01053808
0.79725000 0.01053686
0.79730000 0.01053564
0.79735000 0.01053442
0.79740000 0.01053319
0.79745000 0.01053197
0.79750000 0.01053074
0.79755000 0.01052952
0.79760000 0.01052829
0.79765000 0.01052706
0.79770000 0.01052584
0.79775000 0.01052461
0.79780000 0.01052338
0.79785000 0.01052215
0.79790000 0.01052092
0.79795000 0.01051969
0.79800000 0.01051846
0.79805000 0.01051723
0.79810000 0.01051600
0.79815000 0.01051477
0.79820000 0.01051354
0.79825000 0.01051230
0.79830000 0.01051107
0.79835000 0.01050983
0.79840000 0.01050860
0.79845000 0.01050736
0.79850000 0.01050613
0.79855000 0.01050489
0.79860000 0.01050365
0.79865000 0.01050242
0.79870000 0.01050118
0.79875000 0.01049994
0.79880000 0.01049870
0.79885000 0.01049746
0.79890000 0.01049622
0.79895000 0.01049498
0.79900000 0.01049374
0.79905000 0.01049249
0.79910000 0.01049125
0.79915000 0.01049001
0.79920000 0.01048876
0.79925000 0.01048752
0.79930000 0.01048627
0.79935000 0.01048503
0.79940000 0.01048378
0.79945000 0.01048254
0.79950000 0.01048129
0.79955000 0.01048004
0.79960000 0.01047879
0.79965000 0.01047754
0.79970000 0.01047629
0.79975000 0.01047504
0.79980000 0.01047379
0.79985000 0.01047254
0.79990000 0.01047129
0.79995000 0.01047004
0.80000000 0.01046878
0.80005000 0.01046753
0.80010000 0.01046628
0.80015000 0.01046502
0.80020000 0.01046377
0.80025000 0.01046251
0.80030000 0.01046126
0.80035000 0.01046000
0.80040000 0.01045874
0.80045000 0.01045748
0.80050000 0.01045623
0.80055000 0.01045497
0.80060000 0.01045371
0.80065000 0.01045245
0.80070000 0.01045119
0.80075000 0.01044993
0.80080000 0.01044866
0.80085000 0.01044740
0.80090000 0.01044614
0.80095000 0.01044488
0.80100000 0.01044361
0.80105000 0.01044235
0.80110000 0.01044108
0.80115000 0.01043982
0.80120000 0.01043855
0.80125000 0.01043728
0.80130000 0.01043602
0.80135000 0.01043475
0.80140000 0.01043348
0.80145000 0.01043221
0.80150000 0.01043094
0.80155000 0.01042967
0.80160000 0.01042840
0.80165000 0.01042713
0.80170000 0.01042586
0.80175000 0.01042459
0.80180000 0.01042331
0.80185000 0.01042204
0.80190000 0.01042076
0.80195000 0.01041949
0.80200000 0.01041822
0.80205000 0.01041694
0.80210000 0.01041566
0.80215000 0.01041439
0.80220000 0.01041311
0.80225000 0.01041183
0.80230000 0.01041055
0.80235000 0.01040927
0.80240000 0.01040799
0.80245000 0.01040671
0.80250000 0.01040543
0.80255000 0.01040415
0.80260000 0.01040287
0.80265000 0.01040159
0.80270000 0.01040030
0.80275000 0.01039902
0.80280000 0.01039774
0.80285000 0.01039645
0.80290000 0.01039517
0.80295000 0.01039388
0.80300000 0.01039260
0.80305000 0.01039131
0.80310000 0.01039002
0.80315000 0.01038873
0.80320000 0.01038744
0.80325000 0.01038616
0.80330000 0.01038487
0.80335000 0.01038358
0.80340000 0.01038228
0.80345000 0.01038099
0.80350000 0.01037970
0.80355000 0.01037841
0.80360000 0.01037712
0.80365000 0.01037582
0.80370000 0.01037453
0.80375000 0.01037323
0.80380000 0.01037194
0.80385000 0.01037064
0.80390000 0.01036935
0.80395000 0.01036805
0.80400000 0.01036675
0.80405000 0.01036545
0.80410000 0.01036415
0.80415000 0.01036286
0.80420000 0.01036156
0.80425000 0.01036026
0.80430000 0.01035895
0.80435000 0.01035765
0.80440000 0.01035635
0.80445000 0.01035505
0.80450000 0.01035375
0.80455000 0.01035244
0.80460000 0.01035114
0.80465000 0.01034983
0.80470000 0.01034853
0.80475000 0.01034722
0.80480000 0.01034592
0.80485000 0.01034461
0.80490000 0.01034330
0.80495000 0.01034199
0.80500000 0.01034068
0.80505000 0.01033937
0.80510000 0.01033806
0.80515000 0.01033675
0.80520000 0.01033544
0.80525000 0.01033413
0.80530000 0.01033282
0.80535000 0.01033151
0.80540000 0.01033019
0.80545000 0.01032888
0.80550000 0.01032757
0.80555000 0.01032625
0.80560000 0.01032494
0.80565000 0.01032362
0.80570000 0.01032230
0.80575000 0.01032099
0.80580000 0.01031967
0.80585000 0.01031835
0.80590000 0.01031703
0.80595000 0.01031571
0.80600000 0.01031439
0.80605000 0.01031307
0.80610000 0.01031175
0.80615000 0.01031043
0.80620000 0.01030911
0.80625000 0.01030778
0.80630000 0.01030646
0.80635000 0.01030514
0.80640000 0.01030381
0.80645000 0.01030249
0.80650000 0.01030116
0.80655000 0.01029984
0.80660000 0.01029851
0.80665000 0.01029718
0.80670000 0.01029585
0.80675000 0.01029453
0.80680000 0.01029320
0.80685000 0.01029187
0.80690000 0.01029054
0.80695000 0.01028921
0.80700000 0.01028788
0.80705000 0.01028654
0.80710000 0.01028521
0.80715000 0.01028388
0.80720000 0.01028255
0.80725000 0.01028121
0.80730000 0.01027988
0.80735000 0.01027854
0.80740000 0.01027721
0.80745000 0.01027587
0.80750000 0.01027453
0.80755000 0.01027320
0.80760000 0.01027186
0.80765000 0.01027052
0.80770000 0.01026918
0.80775000 0.01026784
0.80780000 0.01026650
0.80785000 0.01026516
0.80790000 0.01026382
0.80795000 0.01026248
0.80800000 0.01026113
0.80805000 0.01025979
0.80810000 0.01025845
0.80815000 0.01025710
0.80820000 0.01025576
0.80825000 0.01025441
0.80830000 0.01025307
0.80835000 0.01025172
0.80840000 0.01025037
0.80845000 0.01024903
0.80850000 0.01024768
0.80855000 0.01024633
0.80860000 0.01024498
0.80865000 0.01024363
0.80870000 0.01024228
0.80875000 0.01024093
0.80880000 0.01023958
0.80885000 0.01023823
0.80890000 0.01023687
0.80895000 0.01023552
0.80900000 0.01023417
0.80905000 0.01023281
0.80910000 0.01023146
0.80915000 0.01023010
0.80920000 0.01022875
0.80925000 0.01022739
0.80930000 0.01022603
0.80935000 0.01022468
0.80940000 0.01022332
0.80945000 0.01022196
0.80950000 0.01022060
0.80955000 0.01021924
0.80960000 0.01021788
0.80965000 0.01021652
0.80970000 0.01021516
0.80975000 0.01021380
0.80980000 0.01021243
0.80985000 0.01021107
0.80990000 0.01020971
0.80995000 0.01020834
0.81000000 0.01020698
0.81005000 0.01020561
0.81010000 0.01020425
0.81015000 0.01020288
0.81020000 0.01020151
0.81025000 0.01020014
0.81030000 0.01019878
0.81035000 0.01019741
0.81040000 0.01019604
0.81045000 0.01019467
0.81050000 0.01019330
0.81055000 0.01019193
0.81060000 0.01019055
0.81065000 0.01018918
0.81070000 0.01018781
0.81075000 0.01018643
0.81080000 0.01018506
0.81085000 0.01018369
0.81090000 0.01018231
0.81095000 0.01018094
0.81100000 0.01017956
0.81105000 0.01017818
0.81110000 0.01017681
0.81115000 0.01017543
0.81120000 0.01017405
0.81125000 0.01017267
0.81130000 0.01017129
0.81135000 0.01016991
0.81140000 0.01016853
0.81145000 0.01016715
0.81150000 0.01016577
0.81155000 0.01016438
0.81160000 0.01016300
0.81165000 0.01016162
0.81170000 0.01016023
0.81175000 0.01015885
0.81180000 0.01015746
0.81185000 0.01015608
0.81190000 0.01015469
0.81195000 0.01015330
0.81200000 0.01015192
0.81205000 0.01015053
0.81210000 0.01014914
0.81215000 0.01014775
0.81220000 0.01014636
0.81225000 0.01014497
0.81230000 0.01014358
0.81235000 0.01014219
0.81240000 0.01014080
0.81245000 0.01013940
0.81250000 0.01013801
0.81255000 0.01013662
0.81260000 0.01013522
0.81265000 0.01013383
0.81270000 0.01013243
0.81275000 0.01013104
0.81280000 0.01012964
0.81285000 0.01012824
0.81290000 0.01012684
0.81295000 0.01012545
0.81300000 0.01012405
0.81305000 0.01012265
0.81310000 0.01012125
0.81315000 0.01011985
0.81320000 0.01011845
0.81325000 0.01011704
0.81330000 0.01011564
0.81335000 0.01011424
0.81340000 0.01011284
0.81345000 0.01011143
0.81350000 0.01011003
0.81355000 0.01010862
0.81360000 0.01010722
0.81365000 0.01010581
0.81370000 0.01010440
0.81375000 0.01010300
0.81380000 0.01010159
0.81385000 0.01010018
0.81390000 0.01009877
0.81395000 0.01009736
0.81400000 0.01009595
0.81405000 0.01009454
0.81410000 0.01009313
0.81415000 0.01009172
0.81420000 0.01009030
0.81425000 0.01008889
0.81430000 0.01008748
0.81435000 0.01008606
0.81440000 0.01008465
0.81445000 0.01008323
0.81450000 0.01008182
0.81455000 0.01008040
0.81460000 0.01007898
0.81465000 0.01007757
0.81470000 0.01007615
0.81475000 0.01007473
0.81480000 0.01007331
0.81485000 0.01007189
0.81490000 0.01007047
0.81495000 0.01006905
0.81500000 0.01006763
0.81505000 0.01006621
0.81510000 0.01006478
0.81515000 0.01006336
0.81520000 0.01006194
0.81525000 0.01006051
0.81530000 0.01005909
0.81535000 0.01005766
0.81540000 0.01005623
0.81545000 0.01005481
0.81550000 0.01005338
0.81555000 0.01005195
0.81560000 0.01005052
0.81565000 0.01004910
0.81570000 0.01004767
0.81575000 0.01004624
0.81580000 0.01004481
0.81585000 0.01004337
0.81590000 0.01004194
0.81595000 0.01004051
0.81600000 0.01003908
0.81605000 0.01003764
0.81610000 0.01003621
0.81615000 0.01003478
0.81620000 0.01003334
0.81625000 0.01003190
0.81630000 0.01003047
0.81635000 0.01002903
0.81640000 0.01002759
0.81645000 0.01002616
0.81650000 0.01002472
0.81655000 0.01002328
0.81660000 0.01002184
0.81665000 0.01002040
0.81670000 0.01001896
0.81675000 0.01001752
0.81680000 0.01001607
0.81685000 0.01001463
0.81690000 0.01001319
0.81695000 0.01001174
0.81700000 0.01001030
0.81705000 0.01000885
0.81710000 0.01000741
0.81715000 0.01000596
0.81720000 0.01000452
0.81725000 0.01000307
0.81730000 0.01000162
0.81735000 0.01000017
0.81740000 0.00999872
0.81745000 0.00999727
0.81750000 0.00999582
0.81755000 0.00999437
0.81760000 0.00999292
0.81765000 0.00999147
0.81770000 0.00999002
0.81775000 0.00998857
0.81780000 0.00998711
0.81785000 0.00998566
0.81790000 0.00998420
0.81795000 0.00998275
0.81800000 0.00998129
0.81805000 0.00997984
0.81810000 0.00997838
0.81815000 0.00997692
0.81820000 0.00997546
0.81825000 0.00997401
0.81830000 0.00997255
0.81835000 0.00997109
0.81840000 0.00996963
0.81845000 0.00996817
0.81850000 0.00996670
0.81855000 0.00996524
0.81860000 0.00996378
0.81865000 0.00996232
0.81870000 0.00996085
0.81875000 0.00995939
0.81880000 0.00995792
0.81885000 0.00995646
0.81890000 0.00995499
0.81895000 0.00995353
0.81900000 0.00995206
0.81905000 0.00995059
0.81910000 0.00994912
0.81915000 0.00994765
0.81920000 0.00994618
0.81925000 0.00994471
0.81930000 0.00994324
0.81935000 0.00994177
0.81940000 0.00994030
0.81945000 0.00993883
0.81950000 0.00993736
0.81955000 0.00993588
0.81960000 0.00993441
0.81965000 0.00993293
0.81970000 0.00993146
0.81975000 0.00992998
0.81980000 0.00992851
0.81985000 0.00992703
0.81990000 0.00992555
0.81995000 0.00992407
0.82000000 0.00992260
0.82005000 0.00992112
0.82010000 0.00991964
0.82015000 0.00991816
0.82020000 0.00991667
0.82025000 0.00991519
0.82030000 0.00991371
0.82035000 0.00991223
0.82040000 0.00991075
0.82045000 0.00990926
0.82050000 0.00990778
0.82055000 0.00990629
0.82060000 0.00990481
0.82065000 0.00990332
0.82070000 0.00990183
0.82075000 0.00990035
0.82080000 0.00989886
0.82085000 0.00989737
0.82090000 0.00989588
0.82095000 0.00989439
0.82100000 0.00989290
0.82105000 0.00989141
0.82110000 0.00988992
0.82115000 0.00988843
0.82120000 0.00988694
0.82125000 0.00988544
0.82130000 0.00988395
0.82135000 0.00988246
0.82140000 0.00988096
0.82145000 0.00987947
0.82150000 0.00987797
0.82155000 0.00987647
0.82160000 0.00987498
0.82165000 0.00987348
0.82170000 0.00987198
0.82175000 0.00987048
0.82180000 0.00986898
0.82185000 0.00986748
0.82190000 0.00986598
0.82195000 0.00986448
0.82200000 0.00986298
0.82205000 0.00986148
0.82210000 0.00985998
0.82215000 0.00985847
0.82220000 0.00985697
0.82225000 0.00985546
0.82230000 0.00985396
0.82235000 0.00985245
0.82240000 0.00985095
0.82245000 0.00984944
0.82250000 0.00984793
0.82255000 0.00984642
0.82260000 0.00984492
0.82265000 0.00984341
0.82270000 0.00984190
0.82275000 0.00984039
0.82280000 0.00983888
0.82285000 0.00983737
0.82290000 0.00983585
0.82295000 0.00983434
0.82300000 0.00983283
0.82305000 0.00983131
0.82310000 0.00982980
0.82315000 0.00982829
0.82320000 0.00982677
0.82325000 0.00982525
0.82330000 0.00982374
0.82335000 0.00982222
0.82340000 0.00982070
0.82345000 0.00981918
0.82350000 0.00981767
0.82355000 0.00981615
0.82360000 0.00981463
0.82365000 0.00981311
0.82370000 0.00981158
0.82375000 0.00981006
0.82380000 0.00980854
0.82385000 0.00980702
0.82390000 0.00980549
0.82395000 0.00980397
0.82400000 0.00980244
0.82405000 0.00980092
0.82410000 0.00979939
0.82415000 0.00979787
0.82420000 0.00979634
0.82425000 0.00979481
0.82430000 0.00979329
0.82435000 0.00979176
0.82440000 0.00979023
0.82445000 0.00978870
0.82450000 0.00978717
0.82455000 0.00978564
0.82460000 0.00978410
0.82465000 0.00978257
0.82470000 0.00978104
0.82475000 0.00977951
0.82480000 0.00977797
0.82485000 0.00977644
0.82490000 0.00977490
0.82495000 0.00977337
0.82500000 0.00977183
0.82505000 0.00977029
0.82510000 0.00976876
0.82515000 0.00976722
0.82520000 0.00976568
0.82525000 0.00976414
0.82530000 0.00976260
0.82535000 0.00976106
0.82540000 0.00975952
0.82545000 0.00975798
0.82550000 0.00975644
0.82555000 0.00975489
0.82560000 0.00975335
0.82565000 0.00975181
0.82570000 0.00975026
0.82575000 0.00974872
0.82580000 0.00974717
0.82585000 0.00974563
0.82590000 0.00974408
0.82595000 0.00974253
0.82600000 0.00974099
0.82605000 0.00973944
0.82610000 0.00973789
0.82615000 0.00973634
0.82620000 0.00973479
0.82625000 0.00973324
0.82630000 0.00973169
0.82635000 0.00973014
0.82640000 0.00972858
0.82645000 0.00972703
0.82650000 0.00972548
0.82655000 0.00972392
0.82660000 0.00972237
0.82665000 0.00972081
0.82670000 0.00971926
0.82675000 0.00971770
0.82680000 0.00971614
0.82685000 0.00971459
0.82690000 0.00971303
0.82695000 0.00971147
0.82700000 0.00970991
0.82705000 0.00970835
0.82710000 0.00970679
0.82715000 0.00970523
0.82720000 0.00970367
0.82725000 0.00970210
0.82730000 0.00970054
0.82735000 0.00969898
0.82740000 0.00969741
0.82745000 0.00969585
0.82750000 0.00969428
0.82755000 0.00969272
0.82760000 0.00969115
0.82765000 0.00968958
0.82770000 0.00968802
0.82775000 0.00968645
0.82780000 0.00968488
0.82785000 0.00968331
0.82790000 0.00968174
0.82795000 0.00968017
0.82800000 0.00967860
0.82805000 0.00967703
0.82810000 0.00967546
0.82815000 0.00967388
0.82820000 0.00967231
0.82825000 0.00967074
0.82830000 0.00966916
0.82835000 0.00966759
0.82840000 0.00966601
0.82845000 0.00966443
0.82850000 0.00966286
0.82855000 0.00966128
0.82860000 0.00965970
0.82865000 0.00965812
0.82870000 0.00965654
0.82875000 0.00965496
0.82880000 0.00965338
0.82885000 0.00965180
0.82890000 0.00965022
0.82895000 0.00964864
0.82900000 0.00964706
0.82905000 0.00964547
0.82910000 0.00964389
0.82915000 0.00964231
0.82920000 0.00964072
0.82925000 0.00963914
0.82930000 0.00963755
0.82935000 0.00963596
0.82940000 0.00963438
0.82945000 0.00963279
0.82950000 0.00963120
0.82955000 0.00962961
0.82960000 0.00962802
0.82965000 0.00962643
0.82970000 0.00962484
0.82975000 0.00962325
0.82980000 0.00962166
0.82985000 0.00962006
0.82990000 0.00961847
0.82995000 0.00961688
0.83000000 0.00961528
0.83005000 0.00961369
0.83010000 0.00961209
0.83015000 0.00961050
0.83020000 0.00960890
0.83025000 0.00960730
0.83030000 0.00960570
0.83035000 0.00960410
0.83040000 0.00960251
0.83045000 0.00960091
0.83050000 0.00959931
0.83055000 0.00959771
0.83060000 0.00959610
0.83065000 0.00959450
0.83070000 0.00959290
0.83075000 0.00959130
0.83080000 0.00958969
0.83085000 0.00958809
0.83090000 0.00958648
0.83095000 0.00958488
0.83100000 0.00958327
0.83105000 0.00958167
0.83110000 0.00958006
0.83115000 0.00957845
0.83120000 0.00957684
0.83125000 0.00957523
0.83130000 0.00957362
0.83135000 0.00957201
0.83140000 0.00957040
0.83145000 0.00956879
0.83150000 0.00956718
0.83155000 0.00956557
0.83160000 0.00956395
0.83165000 0.00956234
0.83170000 0.00956073
0.83175000 0.00955911
0.83180000 0.00955750
0.83185000 0.00955588
0.83190000 0.00955426
0.83195000 0.00955265
0.83200000 0.00955103
0.83205000 0.00954941
0.83210000 0.00954779
0.83215000 0.00954617
0.83220000 0.00954455
0.83225000 0.00954293
0.83230000 0.00954131
0.83235000 0.00953969
0.83240000 0.00953806
0.83245000 0.00953644
0.83250000 0.00953482
0.83255000 0.00953319
0.83260000 0.00953157
0.83265000 0.00952994
0.83270000 0.00952832
0.83275000 0.00952669
0.83280000 0.00952506
0.83285000 0.00952344
0.83290000 0.00952181
0.83295000 0.00952018
0.83300000 0.00951855
0.83305000 0.00951692
0.83310000 0.00951529
0.83315000 0.00951366
0.83320000 0.00951203
0.83325000 0.00951039
0.83330000 0.00950876
0.83335000 0.00950713
0.83340000 0.00950549
0.83345000 0.00950386
0.83350000 0.00950222
0.83355000 0.00950059
0.83360000 0.00949895
0.83365000 0.00949731
0.83370000 0.00949567
0.83375000 0.00949404
0.83380000 0.00949240
0.83385000 0.00949076
0.83390000 0.00948912
0.83395000 0.00948748
0.83400000 0.00948584
0.83405000 0.00948419
0.83410000 0.00948255
0.83415000 0.00948091
0.83420000 0.00947926
0.83425000 0.00947762
0.83430000 0.00947598
0.83435000 0.00947433
0.83440000 0.00947268
0.83445000 0.00947104
0.83450000 0.00946939
0.83455000 0.00946774
0.83460000 0.00946609
0.83465000 0.00946444
0.83470000 0.00946279
0.83475000 0.00946114
0.83480000 0.00945949
0.83485000 0.00945784
0.83490000 0.00945619
0.83495000 0.00945454
0.83500000 0.00945289
0.83505000 0.00945123
0.83510000 0.00944958
0.83515000 0.00944792
0.83520000 0.00944627
0.83525000 0.00944461
0.83530000 0.00944295
0.83535000 0.00944130
0.83540000 0.00943964
0.83545000 0.00943798
0.83550000 0.00943632
0.83555000 0.00943466
0.83560000 0.00943300
0.83565000 0.00943134
0.83570000 0.00942968
0.83575000 0.00942802
0.83580000 0.00942635
0.83585000 0.00942469
0.83590000 0.00942303
0.83595000 0.00942136
0.83600000 0.00941970
0.83605000 0.00941803
0.83610000 0.00941637
0.83615000 0.00941470
0.83620000 0.00941303
0.83625000 0.00941136
0.83630000 0.00940970
0.83635000 0.00940803
0.83640000 0.00940636
0.83645000 0.00940469
0.83650000 0.00940302
0.83655000 0.00940134
0.83660000 0.00939967
0.83665000 0.00939800
0.83670000 0.00939633
0.83675000 0.00939465
0.83680000 0.00939298
0.83685000 0.00939130
0.83690000 0.00938963
0.83695000 0.00938795
0.83700000 0.00938627
0.83705000 0.00938460
0.83710000 0.00938292
0.83715000 0.00938124
0.83720000 0.00937956
0.83725000 0.00937788
0.83730000 0.00937620
0.83735000 0.00937452
0.83740000 0.00937284
0.83745000 0.00937116
0.83750000 0.00936947
0.83755000 0.00936779
0.83760000 0.00936611
0.83765000 0.00936442
0.83770000 0.00936274
0.83775000 0.00936105
0.83780000 0.00935936
0.83785000 0.00935768
0.83790000 0.00935599
0.83795000 0.00935430
0.83800000 0.00935261
0.83805000 0.00935092
0.83810000 0.00934923
0.83815000 0.00934754
0.83820000 0.00934585
0.83825000 0.00934416
0.83830000 0.00934247
0.83835000 0.00934077
0.83840000 0.00933908
0.83845000 0.00933739
0.83850000 0.00933569
0.83855000 0.00933400
0.83860000 0.00933230
0.83865000 0.00933060
0.83870000 0.00932891
0.83875000 0.00932721
0.83880000 0.00932551
0.83885000 0.00932381
0.83890000 0.00932211
0.83895000 0.00932041
0.83900000 0.00931871
0.83905000 0.00931701
0.83910000 0.00931531
0.83915000 0.00931361
0.83920000 0.00931190
0.83925000 0.00931020
0.83930000 0.00930850
0.83935000 0.00930679
0.83940000 0.00930509
0.83945000 0.00930338
0.83950000 0.00930167
0.83955000 0.00929997
0.83960000 0.00929826
0.83965000 0.00929655
0.83970000 0.00929484
0.83975000 0.00929313
0.83980000 0.00929142
0.83985000 0.00928971
0.83990000 0.00928800
0.83995000 0.00928629
0.84000000 0.00928457
0.84005000 0.00928286
0.84010000 0.00928115
0.84015000 0.00927943
0.84020000 0.00927772
0.84025000 0.00927600
0.84030000 0.00927428
0.84035000 0.00927257
0.84040000 0.00927085
0.84045000 0.00926913
0.84050000 0.00926741
0.84055000 0.00926569
0.84060000 0.00926397
0.84065000 0.00926225
0.84070000 0.00926053
0.84075000 0.00925881
0.84080000 0.00925709
0.84085000 0.00925537
0.84090000 0.00925364
0.84095000 0.00925192
0.84100000 0.00925019
0.84105000 0.00924847
0.84110000 0.00924674
0.84115000 0.00924502
0.84120000 0.00924329
0.84125000 0.00924156
0.84130000 0.00923983
0.84135000 0.00923810
0.84140000 0.00923638
0.84145000 0.00923465
0.84150000 0.00923291
0.84155000 0.00923118
0.84160000 0.00922945
0.84165000 0.00922772
0.84170000 0.00922599
0.84175000 0.00922425
0.84180000 0.00922252
0.84185000 0.00922078
0.84190000 0.00921905
0.84195000 0.00921731
0.84200000 0.00921557
0.84205000 0.00921384
0.84210000 0.00921210
0.84215000 0.00921036
0.84220000 0.00920862
0.84225000 0.00920688
0.84230000 0.00920514
0.84235000 0.00920340
0.84240000 0.00920166
0.84245000 0.00919992
0.84250000 0.00919818
0.84255000 0.00919643
0.84260000 0.00919469
0.84265000 0.00919294
0.84270000 0.00919120
0.84275000 0.00918945
0.84280000 0.00918771
0.84285000 0.00918596
0.84290000 0.00918421
0.84295000 0.00918246
0.84300000 0.00918071
0.84305000 0.00917897
0.84310000 0.00917722
0.84315000 0.00917547
0.84320000 0.00917371
0.84325000 0.00917196
0.84330000 0.00917021
0.84335000 0.00916846
0.84340000 0.00916670
0.84345000 0.00916495
0.84350000 0.00916319
0.84355000 0.00916144
0.84360000 0.00915968
0.84365000 0.00915793
0.84370000 0.00915617
0.84375000 0.00915441
0.84380000 0.00915265
0.84385000 0.00915089
0.84390000 0.00914913
0.84395000 0.00914737
0.84400000 0.00914561
0.84405000 0.00914385
0.84410000 0.00914209
0.84415000 0.00914033
0.84420000 0.00913856
0.84425000 0.00913680
0.84430000 0.00913504
0.84435000 0.00913327
0.84440000 0.00913150
0.84445000 0.00912974
0.84450000 0.00912797
0.84455000 0.00912620
0.84460000 0.00912444
0.84465000 0.00912267
0.84470000 0.00912090
0.84475000 0.00911913
0.84480000 0.00911736
0.84485000 0.00911559
0.84490000 0.00911381
0.84495000 0.00911204
0.84500000 0.00911027
0.84505000 0.00910850
0.84510000 0.00910672
0.84515000 0.00910495
0.84520000 0.00910317
0.84525000 0.00910140
0.84530000 0.00909962
0.84535000 0.00909784
0.84540000 0.00909606
0.84545000 0.00909429
0.84550000 0.00909251
0.84555000 0.00909073
0.84560000 0.00908895
0.84565000 0.00908717
0.84570000 0.00908538
0.84575000 0.00908360
0.84580000 0.00908182
0.84585000 0.00908004
0.84590000 0.00907825
0.84595000 0.00907647
0.84600000 0.00907468
0.84605000 0.00907290
0.84610000 0.00907111
0.84615000 0.00906932
0.84620000 0.00906754
0.84625000 0.00906575
0.84630000 0.00906396
0.84635000 0.00906217
0.84640000 0.00906038
0.84645000 0.00905859
0.84650000 0.00905680
0.84655000 0.00905501
0.84660000 0.00905321
0.84665000 0.00905142
0.84670000 0.00904963
0.84675000 0.00904783
0.84680000 0.00904604
0.84685000 0.00904424
0.84690000 0.00904245
0.84695000 0.00904065
0.84700000 0.00903885
0.84705000 0.00903705
0.84710000 0.00903525
0.84715000 0.00903346
0.84720000 0.00903166
0.84725000 0.00902986
0.84730000 0.00902805
0.84735000 0.00902625
0.84740000 0.00902445
0.84745000 0.00902265
0.84750000 0.00902084
0.84755000 0.00901904
0.84760000 0.00901724
0.84765000 0.00901543
0.84770000 0.00901362
0.84775000 0.00901182
0.84780000 0.00901001
0.84785000 0.00900820
0.84790000 0.00900639
0.84795000 0.00900459
0.84800000 0.00900278
0.84805000 0.00900097
0.84810000 0.00899916
0.84815000 0.00899734
0.84820000 0.00899553
0.84825000 0.00899372
0.84830000 0.00899191
0.84835000 0.00899009
0.84840000 0.00898828
0.84845000 0.00898646
0.84850000 0.00898465
0.84855000 0.00898283
0.84860000 0.00898101
0.84865000 0.00897920
0.84870000 0.00897738
0.84875000 0.00897556
0.84880000 0.00897374
0.84885000 0.00897192
0.84890000 0.00897010
0.84895000 0.00896828
0.84900000 0.00896646
0.84905000 0.00896463
0.84910000 0.00896281
0.84915000 0.00896099
0.84920000 0.00895916
0.84925000 0.00895734
0.84930000 0.00895551
0.84935000 0.00895369
0.84940000 0.00895186
0.84945000 0.00895003
0.84950000 0.00894820
0.84955000 0.00894637
0.84960000 0.00894455
0.84965000 0.00894272
0.84970000 0.00894089
0.84975000 0.00893905
0.84980000 0.00893722
0.84985000 0.00893539
0.84990000 0.00893356
0.84995000 0.00893172
0.85000000 0.00892989
0.85005000 0.00892805
0.85010000 0.00892622
0.85015000 0.00892438
0.85020000 0.00892255
0.85025000 0.00892071
0.85030000 0.00891887
0.85035000 0.00891703
0.85040000 0.00891519
0.85045000 0.00891335
0.85050000 0.00891151
0.85055000 0.00890967
0.85060000 0.00890783
0.85065000 0.00890599
0.85070000 0.00890415
0.85075000 0.00890230
0.85080000 0.00890046
0.85085000 0.00889861
0.85090000 0.00889677
0.85095000 0.00889492
0.85100000 0.00889308
0.85105000 0.00889123
0.85110000 0.00888938
0.85115000 0.00888753
0.85120000 0.00888568
0.85125000 0.00888383
0.85130000 0.00888198
0.85135000 0.00888013
0.85140000 0.00887828
0.85145000 0.00887643
0.85150000 0.00887458
0.85155000 0.00887272
0.85160000 0.00887087
0.85165000 0.00886902
0.85170000 0.00886716
0.85175000 0.00886530
0.85180000 0.00886345
0.85185000 0.00886159
0.85190000 0.00885973
0.85195000 0.00885788
0.85200000 0.00885602
0.85205000 0.00885416
0.85210000 0.00885230
0.85215000 0.00885044
0.85220000 0.00884857
0.85225000 0.00884671
0.85230000 0.00884485
0.85235000 0.00884299
0.85240000 0.00884112
0.85245000 0.00883926
0.85250000 0.00883739
0.85255000 0.00883553
0.85260000 0.00883366
0.85265000 0.00883179
0.85270000 0.00882993
0.85275000 0.00882806
0.85280000 0.00882619
0.85285000 0.00882432
0.85290000 0.00882245
0.85295000 0.00882058
0.85300000 0.00881871
0.85305000 0.00881684
0.85310000 0.00881496
0.85315000 0.00881309
0.85320000 0.00881122
0.85325000 0.00880934
0.85330000 0.00880747
0.85335000 0.00880559
0.85340000 0.00880371
0.85345000 0.00880184
0.85350000 0.00879996
0.85355000 0.00879808
0.85360000 0.00879620
0.85365000 0.00879432
0.85370000 0.00879244
0.85375000 0.00879056
0.85380000 0.00878868
0.85385000 0.00878680
0.85390000 0.00878492
0.85395000 0.00878303
0.85400000 0.00878115
0.85405000 0.00877926
0.85410000 0.00877738
0.85415000 0.00877549
0.85420000 0.00877361
0.85425000 0.00877172
0.85430000 0.00876983
0.85435000 0.00876795
0.85440000 0.00876606
0.85445000 0.00876417
0.85450000 0.00876228
0.85455000 0.00876039
0.85460000 0.00875849
0.85465000 0.00875660
0.85470000 0.00875471
0.85475000 0.00875282
0.85480000 0.00875092
0.85485000 0.00874903
0.85490000 0.00874713
0.85495000 0.00874524
0.85500000 0.00874334
0.85505000 0.00874144
0.85510000 0.00873955
0.85515000 0.00873765
0.85520000 0.00873575
0.85525000 0.00873385
0.85530000 0.00873195
0.85535000 0.00873005
0.85540000 0.00872815
0.85545000 0.00872625
0.85550000 0.00872434
0.85555000 0.00872244
0.85560000 0.00872054
0.85565000 0.00871863
0.85570000 0.00871673
0.85575000 0.00871482
0.85580000 0.00871291
0.85585000 0.00871101
0.85590000 0.00870910
0.85595000 0.00870719
0.85600000 0.00870528
0.85605000 0.00870337
0.85610000 0.00870146
0.85615000 0.00869955
0.85620000 0.00869764
0.85625000 0.00869573
0.85630000 0.00869382
0.85635000 0.00869190
0.85640000 0.00868999
0.85645000 0.00868807
0.85650000 0.00868616
0.85655000 0.00868424
0.85660000 0.00868233
0.85665000 0.00868041
0.85670000 0.00867849
0.85675000 0.00867657
0.85680000 0.00867466
0.85685000 0.00867274
0.85690000 0.00867082
0.85695000 0.00866889
0.85700000 0.00866697
0.85705000 0.00866505
0.85710000 0.00866313
0.85715000 0.00866120
0.85720000 0.00865928
0.85725000 0.00865736
0.85730000 0.00865543
0.85735000 0.00865350
0.85740000 0.00865158
0.85745000 0.00864965
0.85750000 0.00864772
0.85755000 0.00864579
0.85760000 0.00864387
0.85765000 0.00864194
0.85770000 0.00864001
0.85775000 0.00863807
0.85780000 0.00863614
0.85785000 0.00863421
0.85790000 0.00863228
0.85795000 0.00863034
0.85800000 0.00862841
0.85805000 0.00862648
0.85810000 0.00862454
0.85815000 0.00862260
0.85820000 0.00862067
0.85825000 0.00861873
0.85830000 0.00861679
0.85835000 0.00861485
0.85840000 0.00861291
0.85845000 0.00861097
0.85850000 0.00860903
0.85855000 0.00860709
0.85860000 0.00860515
0.85865000 0.00860321
0.85870000 0.00860127
0.85875000 0.00859932
0.85880000 0.00859738
0.85885000 0.00859543
0.85890000 0.00859349
0.85895000 0.00859154
0.85900000 0.00858959
0.85905000 0.00858765
0.85910000 0.00858570
0.85915000 0.00858375
0.85920000 0.00858180
0.85925000 0.00857985
0.85930000 0.00857790
0.85935000 0.00857595
0.85940000 0.00857400
0.85945000 0.00857204
0.85950000 0.00857009
0.85955000 0.00856814
0.85960000 0.00856618
0.85965000 0.00856423
0.85970000 0.00856227
0.85975000 0.00856032
0.85980000 0.00855836
0.85985000 0.00855640
0.85990000 0.00855444
0.85995000 0.00855248
0.86000000 0.00855052
0.86005000 0.00854856
0.86010000 0.00854660
0.86015000 0.00854464
0.86020000 0.00854268
0.86025000 0.00854072
0.86030000 0.00853875
0.86035000 0.00853679
0.86040000 0.00853482
0.86045000 0.00853286
0.86050000 0.00853089
0.86055000 0.00852893
0.86060000 0.00852696
0.86065000 0.00852499
0.86070000 0.00852302
0.86075000 0.00852105
0.86080000 0.00851908
0.86085000 0.00851711
0.86090000 0.00851514
0.86095000 0.00851317
0.86100000 0.00851120
0.86105000 0.00850923
0.86110000 0.00850725
0.86115000 0.00850528
0.86120000 0.00850330
0.86125000 0.00850133
0.86130000 0.00849935
0.86135000 0.00849737
0.86140000 0.00849540
0.86145000 0.00849342
0.86150000 0.00849144
0.86155000 0.00848946
0.86160000 0.00848748
0.86165000 0.00848550
0.86170000 0.00848352
0.86175000 0.00848154
0.86180000 0.00847955
0.86185000 0.00847757
0.86190000 0.00847559
0.86195000 0.00847360
0.86200000 0.00847162
0.86205000 0.00846963
0.86210000 0.00846764
0.86215000 0.00846566
0.86220000 0.00846367
0.86225000 0.00846168
0.86230000 0.00845969
0.86235000 0.00845770
0.86240000 0.00845571
0.86245000 0.00845372
0.86250000 0.00845173
0.86255000 0.00844974
0.86260000 0.00844774
0.86265000 0.00844575
0.86270000 0.00844376
0.86275000 0.00844176
0.86280000 0.00843977
0.86285000 0.00843777
0.86290000 0.00843577
0.86295000 0.00843378
0.86300000 0.00843178
0.86305000 0.00842978
0.86310000 0.00842778
0.86315000 0.00842578
0.86320000 0.00842378
0.86325000 0.00842178
0.86330000 0.00841978
0.86335000 0.00841777
0.86340000 0.00841577
0.86345000 0.00841377
0.86350000 0.00841176
0.86355000 0.00840976
0.86360000 0.00840775
0.86365000 0.00840574
0.86370000 0.00840374
0.86375000 0.00840173
0.86380000 0.00839972
0.86385000 0.00839771
0.86390000 0.00839570
0.86395000 0.00839369
0.86400000 0.00839168
0.86405000 0.00838967
0.86410000 0.00838766
0.86415000 0.00838564
0.86420000 0.00838363
0.86425000 0.00838162
0.86430000 0.00837960
0.86435000 0.00837759
0.86440000 0.00837557
0.86445000 0.00837355
0.86450000 0.00837154
0.86455000 0.00836952
0.86460000 0.00836750
0.86465000 0.00836548
0.86470000 0.00836346
0.86475000 0.00836144
0.86480000 0.00835942
0.86485000 0.00835740
0.86490000 0.00835537
0.86495000 0.00835335
0.86500000 0.00835133
0.86505000 0.00834930
0.86510000 0.00834728
0.86515000 0.00834525
0.86520000 0.00834322
0.86525000 0.00834120
0.86530000 0.00833917
0.86535000 0.00833714
0.86540000 0.00833511
0.86545000 0.00833308
0.86550000 0.00833105
0.86555000 0.00832902
0.86560000 0.00832699
0.86565000 0.00832496
0.86570000 0.00832292
0.86575000 0.00832089
0.86580000 0.00831885
0.86585000 0.00831682
0.86590000 0.00831478
0.86595000 0.00831275
0.86600000 0.00831071
0.86605000 0.00830867
0.86610000 0.00830663
0.86615000 0.00830460
0.86620000 0.00830256
0.86625000 0.00830052
0.86630000 0.00829847
0.86635000 0.00829643
0.86640000 0.00829439
0.86645000 0.00829235
0.86650000 0.00829030
0.86655000 0.00828826
0.86660000 0.00828622
0.86665000 0.00828417
0.86670000 0.00828212
0.86675000 0.00828008
0.86680000 0.00827803
0.86685000 0.00827598
0.86690000 0.00827393
0.86695000 0.00827188
0.86700000 0.00826983
0.86705000 0.00826778
0.86710000 0.00826573
0.86715000 0.00826368
0.86720000 0.00826163
0.86725000 0.00825957
0.86730000 0.00825752
0.86735000 0.00825546
0.86740000 0.00825341
0.86745000 0.00825135
0.86750000 0.00824930
0.86755000 0.00824724
0.86760000 0.00824518
0.86765000 0.00824312
0.86770000 0.00824106
0.86775000 0.00823900
0.86780000 0.00823694
0.86785000 0.00823488
0.86790000 0.00823282
0.86795000 0.00823076
0.86800000 0.00822869
0.86805000 0.00822663
0.86810000 0.00822457
0.86815000 0.00822250
0.86820000 0.00822044
0.86825000 0.00821837
0.86830000 0.00821630
0.86835000 0.00821423
0.86840000 0.00821217
0.86845000 0.00821010
0.86850000 0.00820803
0.86855000 0.00820596
0.86860000 0.00820389
0.86865000 0.00820181
0.86870000 0.00819974
0.86875000 0.00819767
0.86880000 0.00819559
0.86885000 0.00819352
0.86890000 0.00819144
0.86895000 0.00818937
0.86900000 0.00818729
0.86905000 0.00818522
0.86910000 0.00818314
0.86915000 0.00818106
0.86920000 0.00817898
0.86925000 0.00817690
0.86930000 0.00817482
0.86935000 0.00817274
0.86940000 0.00817066
0.86945000 0.00816858
0.86950000 0.00816649
0.86955000 0.00816441
0.86960000 0.00816233
0.86965000 0.00816024
0.86970000 0.00815815
0.86975000 0.00815607
0.86980000 0.00815398
0.86985000 0.00815189
0.86990000 0.00814981
0.86995000 0.00814772
0.87000000 0.00814563
0.87005000 0.00814354
0.87010000 0.00814145
0.87015000 0.00813935
0.87020000 0.00813726
0.87025000 0.00813517
0.87030000 0.00813308
0.87035000 0.00813098
0.87040000 0.00812889
0.87045000 0.00812679
0.87050000 0.00812469
0.87055000 0.00812260
0.87060000 0.00812050
0.87065000 0.00811840
0.87070000 0.00811630
0.87075000 0.00811420
0.87080000 0.00811210
0.87085000 0.00811000
0.87090000 0.00810790
0.87095000 0.00810580
0.87100000 0.00810370
0.87105000 0.00810159
0.87110000 0.00809949
0.87115000 0.00809738
0.87120000 0.00809528
0.87125000 0.00809317
0.87130000 0.00809106
0.87135000 0.00808896
0.87140000 0.00808685
0.87145000 0.00808474
0.87150000 0.00808263
0.87155000 0.00808052
0.87160000 0.00807841
0.87165000 0.00807630
0.87170000 0.00807419
0.87175000 0.00807207
0.87180000 0.00806996
0.87185000 0.00806785
0.87190000 0.00806573
0.87195000 0.00806361
0.87200000 0.00806150
0.87205000 0.00805938
0.87210000 0.00805726
0.87215000 0.00805515
0.87220000 0.00805303
0.87225000 0.00805091
0.87230000 0.00804879
0.87235000 0.00804667
0.87240000 0.00804454
0.87245000 0.00804242
0.87250000 0.00804030
0.87255000 0.00803818
0.87260000 0.00803605
0.87265000 0.00803393
0.87270000 0.00803180
0.87275000 0.00802968
0.87280000 0.00802755
0.87285000 0.00802542
0.87290000 0.00802329
0.87295000 0.00802116
0.87300000 0.00801903
0.87305000 0.00801690
0.87310000 0.00801477
0.87315000 0.00801264
0.87320000 0.00801051
0.87325000 0.00800838
0.87330000 0.00800624
0.87335000 0.00800411
0.87340000 0.00800197
0.87345000 0.00799984
0.87350000 0.00799770
0.87355000 0.00799556
0.87360000 0.00799343
0.87365000 0.00799129
0.87370000 0.00798915
0.87375000 0.00798701
0.87380000 0.00798487
0.87385000 0.00798273
0.87390000 0.00798059
0.87395000 0.00797844
0.87400000 0.00797630
0.87405000 0.00797416
0.87410000 0.00797201
0.87415000 0.00796987
0.87420000 0.00796772
0.87425000 0.00796558
0.87430000 0.00796343
0.87435000 0.00796128
0.87440000 0.00795913
0.87445000 0.00795698
0.87450000 0.00795483
0.87455000 0.00795268
0.87460000 0.00795053
0.87465000 0.00794838
0.87470000 0.00794623
0.87475000 0.00794407
0.87480000 0.00794192
0.87485000 0.00793977
0.87490000 0.00793761
0.87495000 0.00793545
0.87500000 0.00793330
0.87505000 0.00793114
0.87510000 0.00792898
0.87515000 0.00792682
0.87520000 0.00792466
0.87525000 0.00792250
0.87530000 0.00792034
0.87535000 0.00791818
0.87540000 0.00791602
0.87545000 0.00791386
0.87550000 0.00791169
0.87555000 0.00790953
0.87560000 0.00790737
0.87565000 0.00790520
0.87570000 0.00790303
0.87575000 0.00790087
0.87580000 0.00789870
0.87585000 0.00789653
0.87590000 0.00789436
0.87595000 0.00789219
0.87600000 0.00789002
0.87605000 0.00788785
0.87610000 0.00788568
0.87615000 0.00788351
0.87620000 0.00788134
0.87625000 0.00787916
0.87630000 0.00787699
0.87635000 0.00787481
0.87640000 0.00787264
0.87645000 0.00787046
0.87650000 0.00786828
0.87655000 0.00786611
0.87660000 0.00786393
0.87665000 0.00786175
0.87670000 0.00785957
0.87675000 0.00785739
0.87680000 0.00785521
0.87685000 0.00785303
0.87690000 0.00785084
0.87695000 0.00784866
0.87700000 0.00784648
0.87705000 0.00784429
0.87710000 0.00784211
0.87715000 0.00783992
0.87720000 0.00783774
0.87725000 0.00783555
0.87730000 0.00783336
0.87735000 0.00783117
0.87740000 0.00782898
0.87745000 0.00782679
0.87750000 0.00782460
0.87755000 0.00782241
0.87760000 0.00782022
0.87765000 0.00781803
0.87770000 0.00781583
0.87775000 0.00781364
0.87780000 0.00781144
0.87785000 0.00780925
0.87790000 0.00780705
0.87795000 0.00780486
0.87800000 0.00780266
0.87805000 0.00780046
0.87810000 0.00779826
0.87815000 0.00779606
0.87820000 0.00779386
0.87825000 0.00779166
0.87830000 0.00778946
0.87835000 0.00778726
0.87840000 0.00778505
0.87845000 0.00778285
0.87850000 0.00778065
0.87855000 0.00777844
0.87860000 0.00777624
0.87865000 0.00777403
0.87870000 0.00777182
0.87875000 0.00776961
0.87880000 0.00776741
0.87885000 0.00776520
0.87890000 0.00776299
0.87895000 0.00776078
0.87900000 0.00775857
0.87905000 0.00775635
0.87910000 0.00775414
0.87915000 0.00775193
0.87920000 0.00774971
0.87925000 0.00774750
0.87930000 0.00774528
0.87935000 0.00774307
0.87940000 0.00774085
0.87945000 0.00773863
0.87950000 0.00773642
0.87955000 0.00773420
0.87960000 0.00773198
0.87965000 0.00772976
0.87970000 0.00772754
0.87975000 0.00772531
0.87980000 0.00772309
0.87985000 0.00772087
0.87990000 0.00771865
0.87995000 0.00771642
0.88000000 0.00771420
0.88005000 0.00771197
0.88010000 0.00770974
0.88015000 0.00770752
0.88020000 0.00770529
0.88025000 0.00770306
0.88030000 0.00770083
0.88035000 0.00769860
0.88040000 0.00769637
0.88045000 0.00769414
0.88050000 0.00769191
0.88055000 0.00768968
0.88060000 0.00768744
0.88065000 0.00768521
0.88070000 0.00768297
0.88075000 0.00768074
0.88080000 0.00767850
0.88085000 0.00767627
0.88090000 0.00767403
0.88095000 0.00767179
0.88100000 0.00766955
0.88105000 0.00766731
0.88110000 0.00766507
0.88115000 0.00766283
0.88120000 0.00766059
0.88125000 0.00765835
0.88130000 0.00765610
0.88135000 0.00765386
0.88140000 0.00765161
0.88145000 0.00764937
0.88150000 0.00764712
0.88155000 0.00764488
0.88160000 0.00764263
0.88165000 0.00764038
0.88170000 0.00763813
0.88175000 0.00763588
0.88180000 0.00763363
0.88185000 0.00763138
0.88190000 0.00762913
0.88195000 0.00762688
0.88200000 0.00762463
0.88205000 0.00762237
0.88210000 0.00762012
0.88215000 0.00761786
0.88220000 0.00761561
0.88225000 0.00761335
0.88230000 0.00761110
0.88235000 0.00760884
0.88240000 0.00760658
0.88245000 0.00760432
0.88250000 0.00760206
0.88255000 0.00759980
0.88260000 0.00759754
0.88265000 0.00759528
0.88270000 0.00759301
0.88275000 0.00759075
0.88280000 0.00758849
0.88285000 0.00758622
0.88290000 0.00758396
0.88295000 0.00758169
0.88300000 0.00757942
0.88305000 0.00757716
0.88310000 0.00757489
0.88315000 0.00757262
0.88320000 0.00757035
0.88325000 0.00756808
0.88330000 0.00756581
0.88335000 0.00756354
0.88340000 0.00756126
0.88345000 0.00755899
0.88350000 0.00755672
0.88355000 0.00755444
0.88360000 0.00755217
0.88365000 0.00754989
0.88370000 0.00754761
0.88375000 0.00754534
0.88380000 0.00754306
0.88385000 0.00754078
0.88390000 0.00753850
0.88395000 0.00753622
0.88400000 0.00753394
0.88405000 0.00753166
0.88410000 0.00752938
0.88415000 0.00752709
0.88420000 0.00752481
0.88425000 0.00752252
0.88430000 0.00752024
0.88435000 0.00751795
0.88440000 0.00751567
0.88445000 0.00751338
0.88450000 0.00751109
0.88455000 0.00750880
0.88460000 0.00750651
0.88465000 0.00750422
0.88470000 0.00750193
0.88475000 0.00749964
0.88480000 0.00749735
0.88485000 0.00749506
0.88490000 0.00749276
0.88495000 0.00749047
0.88500000 0.00748817
0.88505000 0.00748588
0.88510000 0.00748358
0.88515000 0.00748128
0.88520000 0.00747899
0.88525000 0.00747669
0.88530000 0.00747439
0.88535000 0.00747209
0.88540000 0.00746979
0.88545000 0.00746749
0.88550000 0.00746518
0.88555000 0.00746288
0.88560000 0.00746058
0.88565000 0.00745827
0.88570000 0.00745597
0.88575000 0.00745366
0.88580000 0.00745136
0.88585000 0.00744905
0.88590000 0.00744674
0.88595000 0.00744443
0.88600000 0.00744212
0.88605000 0.00743981
0.88610000 0.00743750
0.88615000 0.00743519
0.88620000 0.00743288
0.88625000 0.00743057
0.88630000 0.00742825
0.88635000 0.00742594
0.88640000 0.00742362
0.88645000 0.00742131
0.88650000 0.00741899
0.88655000 0.00741668
0.88660000 0.00741436
0.88665000 0.00741204
0.88670000 0.00740972
0.88675000 0.00740740
0.88680000 0.00740508
0.88685000 0.00740276
0.88690000 0.00740044
0.88695000 0.00739811
0.88700000 0.00739579
0.88705000 0.00739347
0.88710000 0.00739114
0.88715000 0.00738881
0.88720000 0.00738649
0.88725000 0.00738416
0.88730000 0.00738183
0.88735000 0.00737951
0.88740000 0.00737718
0.88745000 0.00737485
0.88750000 0.00737252
0.88755000 0.00737018
0.88760000 0.00736785
0.88765000 0.00736552
0.88770000 0.00736319
0.88775000 0.00736085
0.88780000 0.00735852
0.88785000 0.00735618
0.88790000 0.00735384
0.88795000 0.00735151
0.88800000 0.00734917
0.88805000 0.00734683
0.88810000 0.00734449
0.88815000 0.00734215
0.88820000 0.00733981
0.88825000 0.00733747
0.88830000 0.00733513
0.88835000 0.00733278
0.88840000 0.00733044
0.88845000 0.00732810
0.88850000 0.00732575
0.88855000 0.00732341
0.88860000 0.00732106
0.88865000 0.00731871
0.88870000 0.00731636
0.88875000 0.00731402
0.88880000 0.00731167
0.88885000 0.00730932
0.88890000 0.00730696
0.88895000 0.00730461
0.88900000 0.00730226
0.88905000 0.00729991
0.88910000 0.00729755
0.88915000 0.00729520
0.88920000 0.00729285
0.88925000 0.00729049
0.88930000 0.00728813
0.88935000 0.00728578
0.88940000 0.00728342
0.88945000 0.00728106
0.88950000 0.00727870
0.88955000 0.00727634
0.88960000 0.00727398
0.88965000 0.00727162
0.88970000 0.00726925
0.88975000 0.00726689
0.88980000 0.00726453
0.88985000 0.00726216
0.88990000 0.00725980
0.88995000 0.00725743
0.89000000 0.00725506
0.89005000 0.00725270
0.89010000 0.00725033
0.89015000 0.00724796
0.89020000 0.00724559
0.89025000 0.00724322
0.89030000 0.00724085
0.89035000 0.00723848
0.89040000 0.00723610
0.89045000 0.00723373
0.89050000 0.00723136
0.89055000 0.00722898
0.89060000 0.00722661
0.89065000 0.00722423
0.89070000 0.00722185
0.89075000 0.00721948
0.89080000 0.00721710
0.89085000 0.00721472
0.89090000 0.00721234
0.89095000 0.00720996
0.89100000 0.00720758
0.89105000 0.00720520
0.89110000 0.00720281
0.89115000 0.00720043
0.89120000 0.00719804
0.89125000 0.00719566
0.89130000 0.00719327
0.89135000 0.00719089
0.89140000 0.00718850
0.89145000 0.00718611
0.89150000 0.00718372
0.89155000 0.00718133
0.89160000 0.00717894
0.89165000 0.00717655
0.89170000 0.00717416
0.89175000 0.00717177
0.89180000 0.00716938
0.89185000 0.00716698
0.89190000 0.00716459
0.89195000 0.00716219
0.89200000 0.00715980
0.89205000 0.00715740
0.89210000 0.00715500
0.89215000 0.00715261
0.89220000 0.00715021
0.89225000 0.00714781
0.89230000 0.00714541
0.89235000 0.00714301
0.89240000 0.00714060
0.89245000 0.00713820
0.89250000 0.00713580
0.89255000 0.00713339
0.89260000 0.00713099
0.89265000 0.00712858
0.89270000 0.00712618
0.89275000 0.00712377
0.89280000 0.00712136
0.89285000 0.00711896
0.89290000 0.00711655
0.89295000 0.00711414
0.89300000 0.00711173
0.89305000 0.00710931
0.89310000 0.00710690
0.89315000 0.00710449
0.89320000 0.00710208
0.89325000 0.00709966
0.89330000 0.00709725
0.89335000 0.00709483
0.89340000 0.00709241
0.89345000 0.00709000
0.89350000 0.00708758
0.89355000 0.00708516
0.89360000 0.00708274
0.89365000 0.00708032
0.89370000 0.00707790
0.89375000 0.00707548
0.89380000 0.00707306
0.89385000 0.00707063
0.89390000 0.00706821
0.89395000 0.00706578
0.89400000 0.00706336
0.89405000 0.00706093
0.89410000 0.00705851
0.89415000 0.00705608
0.89420000 0.00705365
0.89425000 0.00705122
0.89430000 0.00704879
0.89435000 0.00704636
0.89440000 0.00704393
0.89445000 0.00704150
0.89450000 0.00703906
0.89455000 0.00703663
0.89460000 0.00703420
0.89465000 0.00703176
0.89470000 0.00702933
0.89475000 0.00702689
0.89480000 0.00702445
0.89485000 0.00702201
0.89490000 0.00701957
0.89495000 0.00701714
0.89500000 0.00701470
0.89505000 0.00701225
0.89510000 0.00700981
0.89515000 0.00700737
0.89520000 0.00700493
0.89525000 0.00700248
0.89530000 0.00700004
0.89535000 0.00699759
0.89540000 0.00699515
0.89545000 0.00699270
0.89550000 0.00699025
0.89555000 0.00698780
0.89560000 0.00698535
0.89565000 0.00698290
0.89570000 0.00698045
0.89575000 0.00697800
0.89580000 0.00697555
0.89585000 0.00697310
0.89590000 0.00697064
0.89595000 0.00696819
0.89600000 0.00696573
0.89605000 0.00696328
0.89610000 0.00696082
0.89615000 0.00695836
0.89620000 0.00695591
0.89625000 0.00695345
0.89630000 0.00695099
0.89635000 0.00694853
0.89640000 0.00694607
0.89645000 0.00694360
0.89650000 0.00694114
0.89655000 0.00693868
0.89660000 0.00693621
0.89665000 0.00693375
0.89670000 0.00693128
0.89675000 0.00692882
0.89680000 0.00692635
0.89685000 0.00692388
0.89690000 0.00692141
0.89695000 0.00691894
0.89700000 0.00691647
0.89705000 0.00691400
0.89710000 0.00691153
0.89715000 0.00690906
0.89720000 0.00690659
0.89725000 0.00690411
0.89730000 0.00690164
0.89735000 0.00689916
0.89740000 0.00689668
0.89745000 0.00689421
0.89750000 0.00689173
0.89755000 0.00688925
0.89760000 0.00688677
0.89765000 0.00688429
0.89770000 0.00688181
0.89775000 0.00687933
0.89780000 0.00687685
0.89785000 0.00687437
0.89790000 0.00687188
0.89795000 0.00686940
0.89800000 0.00686691
0.89805000 0.00686443
0.89810000 0.00686194
0.89815000 0.00685945
0.89820000 0.00685696
0.89825000 0.00685447
0.89830000 0.00685198
0.89835000 0.00684949
0.89840000 0.00684700
0.89845000 0.00684451
0.89850000 0.00684202
0.89855000 0.00683952
0.89860000 0.00683703
0.89865000 0.00683453
0.89870000 0.00683204
0.89875000 0.00682954
0.89880000 0.00682704
0.89885000 0.00682455
0.89890000 0.00682205
0.89895000 0.00681955
0.89900000 0.00681705
0.89905000 0.00681455
0.89910000 0.00681204
0.89915000 0.00680954
0.89920000 0.00680704
0.89925000 0.00680453
0.89930000 0.00680203
0.89935000 0.00679952
0.89940000 0.00679702
0.89945000 0.00679451
0.89950000 0.00679200
0.89955000 0.00678949
0.89960000 0.00678698
0.89965000 0.00678447
0.89970000 0.00678196
0.89975000 0.00677945
0.89980000 0.00677694
0.89985000 0.00677442
0.89990000 0.00677191
0.89995000 0.00676939
0.90000000 0.00676688
0.90005000 0.00676436
0.90010000 0.00676185
0.90015000 0.00675933
0.90020000 0.00675681
0.90025000 0.00675429
0.90030000 0.00675177
0.90035000 0.00674925
0.90040000 0.00674673
0.90045000 0.00674420
0.90050000 0.00674168
0.90055000 0.00673916
0.90060000 0.00673663
0.90065000 0.00673411
0.90070000 0.00673158
0.90075000 0.00672905
0.90080000 0.00672652
0.90085000 0.00672400
0.90090000 0.00672147
0.90095000 0.00671894
0.90100000 0.00671641
0.90105000 0.00671387
0.90110000 0.00671134
0.90115000 0.00670881
0.90120000 0.00670627
0.90125000 0.00670374
0.90130000 0.00670120
0.90135000 0.00669867
0.90140000 0.00669613
0.90145000 0.00669359
0.90150000 0.00669105
0.90155000 0.00668851
0.90160000 0.00668597
0.90165000 0.00668343
0.90170000 0.00668089
0.90175000 0.00667835
0.90180000 0.00667580
0.90185000 0.00667326
0.90190000 0.00667072
0.90195000 0.00666817
0.90200000 0.00666562
0.90205000 0.00666308
0.90210000 0.00666053
0.90215000 0.00665798
0.90220000 0.00665543
0.90225000 0.00665288
0.90230000 0.00665033
0.90235000 0.00664778
0.90240000 0.00664522
0.90245000 0.00664267
0.90250000 0.00664012
0.90255000 0.00663756
0.90260000 0.00663501
0.90265000 0.00663245
0.90270000 0.00662989
0.90275000 0.00662733
0.90280000 0.00662478
0.90285000 0.00662222
0.90290000 0.00661966
0.90295000 0.00661709
0.90300000 0.00661453
0.90305000 0.00661197
0.90310000 0.00660941
0.90315000 0.00660684
0.90320000 0.00660428
0.90325000 0.00660171
0.90330000 0.00659915
0.90335000 0.00659658
0.90340000 0.00659401
0.90345000 0.00659144
0.90350000 0.00658887
0.90355000 0.00658630
0.90360000 0.00658373
0.90365000 0.00658116
0.90370000 0.00657858
0.90375000 0.00657601
0.90380000 0.00657344
0.90385000 0.00657086
0.90390000 0.00656829
0.90395000 0.00656571
0.90400000 0.00656313
0.90405000 0.00656055
0.90410000 0.00655797
0.90415000 0.00655539
0.90420000 0.00655281
0.90425000 0.00655023
0.90430000 0.00654765
0.90435000 0.00654507
0.90440000 0.00654248
0.90445000 0.00653990
0.90450000 0.00653731
0.90455000 0.00653473
0.90460000 0.00653214
0.90465000 0.00652955
0.90470000 0.00652696
0.90475000 0.00652438
0.90480000 0.00652179
0.90485000 0.00651919
0.90490000 0.00651660
0.90495000 0.00651401
0.90500000 0.00651142
0.90505000 0.00650882
0.90510000 0.00650623
0.90515000 0.00650363
0.90520000 0.00650104
0.90525000 0.00649844
0.90530000 0.00649584
0.90535000 0.00649324
0.90540000 0.00649064
0.90545000 0.00648804
0.90550000 0.00648544
0.90555000 0.00648284
0.90560000 0.00648024
0.90565000 0.00647763
0.90570000 0.00647503
0.90575000 0.00647243
0.90580000 0.00646982
0.90585000 0.00646721
0.90590000 0.00646461
0.90595000 0.00646200
0.90600000 0.00645939
0.90605000 0.00645678
0.90610000 0.00645417
0.90615000 0.00645156
0.90620000 0.00644895
0.90625000 0.00644633
0.90630000 0.00644372
0.90635000 0.00644110
0.90640000 0.00643849
0.90645000 0.00643587
0.90650000 0.00643326
0.90655000 0.00643064
0.90660000 0.00642802
0.90665000 0.00642540
0.90670000 0.00642278
0.90675000 0.00642016
0.90680000 0.00641754
0.90685000 0.00641492
0.90690000 0.00641229
0.90695000 0.00640967
0.90700000 0.00640704
0.90705000 0.00640442
0.90710000 0.00640179
0.90715000 0.00639917
0.90720000 0.00639654
0.90725000 0.00639391
0.90730000 0.00639128
0.90735000 0.00638865
0.90740000 0.00638602
0.90745000 0.00638339
0.90750000 0.00638075
0.90755000 0.00637812
0.90760000 0.00637549
0.90765000 0.00637285
0.90770000 0.00637021
0.90775000 0.00636758
0.90780000 0.00636494
0.90785000 0.00636230
0.90790000 0.00635966
0.90795000 0.00635702
0.90800000 0.00635438
0.90805000 0.00635174
0.90810000 0.00634910
0.90815000 0.00634645
0.90820000 0.00634381
0.90825000 0.00634117
0.90830000 0.00633852
0.90835000 0.00633587
0.90840000 0.00633323
0.90845000 0.00633058
0.90850000 0.00632793
0.90855000 0.00632528
0.90860000 0.00632263
0.90865000 0.00631998
0.90870000 0.00631733
0.90875000 0.00631468
0.90880000 0.00631202
0.90885000 0.00630937
0.90890000 0.00630671
0.90895000 0.00630406
0.90900000 0.00630140
0.90905000 0.00629874
0.90910000 0.00629608
0.90915000 0.00629342
0.90920000 0.00629076
0.90925000 0.00628810
0.90930000 0.00628544
0.90935000 0.00628278
0.90940000 0.00628012
0.90945000 0.00627745
0.90950000 0.00627479
0.90955000 0.00627212
0.90960000 0.00626946
0.90965000 0.00626679
0.90970000 0.00626412
0.90975000 0.00626145
0.90980000 0.00625878
0.90985000 0.00625611
0.90990000 0.00625344
0.90995000 0.00625077
0.91000000 0.00624810
0.91005000 0.00624542
0.91010000 0.00624275
0.91015000 0.00624007
0.91020000 0.00623740
0.91025000 0.00623472
0.91030000 0.00623204
0.91035000 0.00622936
0.91040000 0.00622668
0.91045000 0.00622400
0.91050000 0.00622132
0.91055000 0.00621864
0.91060000 0.00621596
0.91065000 0.00621328
0.91070000 0.00621059
0.91075000 0.00620791
0.91080000 0.00620522
0.91085000 0.00620253
0.91090000 0.00619985
0.91095000 0.00619716
0.91100000 0.00619447
0.91105000 0.00619178
0.91110000 0.00618909
0.91115000 0.00618640
0.91120000 0.00618371
0.91125000 0.00618101
0.91130000 0.00617832
0.91135000 0.00617562
0.91140000 0.00617293
0.91145000 0.00617023
0.91150000 0.00616753
0.91155000 0.00616484
0.91160000 0.00616214
0.91165000 0.00615944
0.91170000 0.00615674
0.91175000 0.00615404
0.91180000 0.00615133
0.91185000 0.00614863
0.91190000 0.00614593
0.91195000 0.00614322
0.91200000 0.00614052
0.91205000 0.00613781
0.91210000 0.00613510
0.91215000 0.00613240
0.91220000 0.00612969
0.91225000 0.00612698
0.91230000 0.00612427
0.91235000 0.00612156
0.91240000 0.00611884
0.91245000 0.00611613
0.91250000 0.00611342
0.91255000 0.00611070
0.91260000 0.00610799
0.91265000 0.00610527
0.91270000 0.00610256
0.91275000 0.00609984
0.91280000 0.00609712
0.91285000 0.00609440
0.91290000 0.00609168
0.91295000 0.00608896
0.91300000 0.00608624
0.91305000 0.00608352
0.91310000 0.00608079
0.91315000 0.00607807
0.91320000 0.00607534
0.91325000 0.00607262
0.91330000 0.00606989
0.91335000 0.00606716
0.91340000 0.00606443
0.91345000 0.00606171
0.91350000 0.00605898
0.91355000 0.00605624
0.91360000 0.00605351
0.91365000 0.00605078
0.91370000 0.00604805
0.91375000 0.00604531
0.91380000 0.00604258
0.91385000 0.00603984
0.91390000 0.00603711
0.91395000 0.00603437
0.91400000 0.00603163
0.91405000 0.00602889
0.91410000 0.00602615
0.91415000 0.00602341
0.91420000 0.00602067
0.91425000 0.00601793
0.91430000 0.00601518
0.91435000 0.00601244
0.91440000 0.00600969
0.91445000 0.00600695
0.91450000 0.00600420
0.91455000 0.00600145
0.91460000 0.00599871
0.91465000 0.00599596
0.91470000 0.00599321
0.91475000 0.00599046
0.91480000 0.00598770
0.91485000 0.00598495
0.91490000 0.00598220
0.91495000 0.00597945
0.91500000 0.00597669
0.91505000 0.00597393
0.91510000 0.00597118
0.91515000 0.00596842
0.91520000 0.00596566
0.91525000 0.00596290
0.91530000 0.00596014
0.91535000 0.00595738
0.91540000 0.00595462
0.91545000 0.00595186
0.91550000 0.00594910
0.91555000 0.00594633
0.91560000 0.00594357
0.91565000 0.00594080
0.91570000 0.00593803
0.91575000 0.00593527
0.91580000 0.00593250
0.91585000 0.00592973
0.91590000 0.00592696
0.91595000 0.00592419
0.91600000 0.00592142
0.91605000 0.00591865
0.91610000 0.00591587
0.91615000 0.00591310
0.91620000 0.00591032
0.91625000 0.00590755
0.91630000 0.00590477
0.91635000 0.00590199
0.91640000 0.00589922
0.91645000 0.00589644
0.91650000 0.00589366
0.91655000 0.00589088
0.91660000 0.00588809
0.91665000 0.00588531
0.91670000 0.00588253
0.91675000 0.00587974
0.91680000 0.00587696
0.91685000 0.00587417
0.91690000 0.00587139
0.91695000 0.00586860
0.91700000 0.00586581
0.91705000 0.00586302
0.91710000 0.00586023
0.91715000 0.00585744
0.91720000 0.00585465
0.91725000 0.00585186
0.91730000 0.00584906
0.91735000 0.00584627
0.91740000 0.00584347
0.91745000 0.00584068
0.91750000 0.00583788
0.91755000 0.00583508
0.91760000 0.00583229
0.91765000 0.00582949
0.91770000 0.00582669
0.91775000 0.00582388
0.91780000 0.00582108
0.91785000 0.00581828
0.91790000 0.00581548
0.91795000 0.00581267
0.91800000 0.00580987
0.91805000 0.00580706
0.91810000 0.00580425
0.91815000 0.00580145
0.91820000 0.00579864
0.91825000 0.00579583
0.91830000 0.00579302
0.91835000 0.00579021
0.91840000 0.00578739
0.91845000 0.00578458
0.91850000 0.00578177
0.91855000 0.00577895
0.91860000 0.00577614
0.91865000 0.00577332
0.91870000 0.00577050
0.91875000 0.00576769
0.91880000 0.00576487
0.91885000 0.00576205
0.91890000 0.00575923
0.91895000 0.00575641
0.91900000 0.00575358
0.91905000 0.00575076
0.91910000 0.00574794
0.91915000 0.00574511
0.91920000 0.00574229
0.91925000 0.00573946
0.91930000 0.00573663
0.91935000 0.00573380
0.91940000 0.00573097
0.91945000 0.00572815
0.91950000 0.00572531
0.91955000 0.00572248
0.91960000 0.00571965
0.91965000 0.00571682
0.91970000 0.00571398
0.91975000 0.00571115
0.91980000 0.00570831
0.91985000 0.00570547
0.91990000 0.00570264
0.91995000 0.00569980
0.92000000 0.00569696
0.92005000 0.00569412
0.92010000 0.00569128
0.92015000 0.00568844
0.92020000 0.00568559
0.92025000 0.00568275
0.92030000 0.00567991
0.92035000 0.00567706
0.92040000 0.00567421
0.92045000 0.00567137
0.92050000 0.00566852
0.92055000 0.00566567
0.92060000 0.00566282
0.92065000 0.00565997
0.92070000 0.00565712
0.92075000 0.00565427
0.92080000 0.00565141
0.92085000 0.00564856
0.92090000 0.00564570
0.92095000 0.00564285
0.92100000 0.00563999
0.92105000 0.00563713
0.92110000 0.00563428
0.92115000 0.00563142
0.92120000 0.00562856
0.92125000 0.00562570
0.92130000 0.00562283
0.92135000 0.00561997
0.92140000 0.00561711
0.92145000 0.00561424
0.92150000 0.00561138
0.92155000 0.00560851
0.92160000 0.00560565
0.92165000 0.00560278
0.92170000 0.00559991
0.92175000 0.00559704
0.92180000 0.00559417
0.92185000 0.00559130
0.92190000 0.00558843
0.92195000 0.00558555
0.92200000 0.00558268
0.92205000 0.00557980
0.92210000 0.00557693
0.92215000 0.00557405
0.92220000 0.00557118
0.92225000 0.00556830
0.92230000 0.00556542
0.92235000 0.00556254
0.92240000 0.00555966
0.92245000 0.00555678
0.92250000 0.00555389
0.92255000 0.00555101
0.92260000 0.00554813
0.92265000 0.00554524
0.92270000 0.00554235
0.92275000 0.00553947
0.92280000 0.00553658
0.92285000 0.00553369
0.92290000 0.00553080
0.92295000 0.00552791
0.92300000 0.00552502
0.92305000 0.00552213
0.92310000 0.00551923
0.92315000 0.00551634
0.92320000 0.00551345
0.92325000 0.00551055
0.92330000 0.00550765
0.92335000 0.00550476
0.92340000 0.00550186
0.92345000 0.00549896
0.92350000 0.00549606
0.92355000 0.00549316
0.92360000 0.00549026
0.92365000 0.00548735
0.92370000 0.00548445
0.92375000 0.00548154
0.92380000 0.00547864
0.92385000 0.00547573
0.92390000 0.00547283
0.92395000 0.00546992
0.92400000 0.00546701
0.92405000 0.00546410
0.92410000 0.00546119
0.92415000 0.00545828
0.92420000 0.00545537
0.92425000 0.00545245
0.92430000 0.00544954
0.92435000 0.00544662
0.92440000 0.00544371
0.92445000 0.00544079
0.92450000 0.00543787
0.92455000 0.00543495
0.92460000 0.00543204
0.92465000 0.00542911
0.92470000 0.00542619
0.92475000 0.00542327
0.92480000 0.00542035
0.92485000 0.00541743
0.92490000 0.00541450
0.92495000 0.00541157
0.92500000 0.00540865
0.92505000 0.00540572
0.92510000 0.00540279
0.92515000 0.00539986
0.92520000 0.00539693
0.92525000 0.00539400
0.92530000 0.00539107
0.92535000 0.00538814
0.92540000 0.00538520
0.92545000 0.00538227
0.92550000 0.00537934
0.92555000 0.00537640
0.92560000 0.00537346
0.92565000 0.00537052
0.92570000 0.00536758
0.92575000 0.00536465
0.92580000 0.00536170
0.92585000 0.00535876
0.92590000 0.00535582
0.92595000 0.00535288
0.92600000 0.00534993
0.92605000 0.00534699
0.92610000 0.00534404
0.92615000 0.00534110
0.92620000 0.00533815
0.92625000 0.00533520
0.92630000 0.00533225
0.92635000 0.00532930
0.92640000 0.00532635
0.92645000 0.00532340
0.92650000 0.00532044
0.92655000 0.00531749
0.92660000 0.00531453
0.92665000 0.00531158
0.92670000 0.00530862
0.92675000 0.00530566
0.92680000 0.00530270
0.92685000 0.00529975
0.92690000 0.00529678
0.92695000 0.00529382
0.92700000 0.00529086
0.92705000 0.00528790
0.92710000 0.00528493
0.92715000 0.00528197
0.92720000 0.00527900
0.92725000 0.00527604
0.92730000 0.00527307
0.92735000 0.00527010
0.92740000 0.00526713
0.92745000 0.00526416
0.92750000 0.00526119
0.92755000 0.00525822
0.92760000 0.00525525
0.92765000 0.00525227
0.92770000 0.00524930
0.92775000 0.00524632
0.92780000 0.00524335
0.92785000 0.00524037
0.92790000 0.00523739
0.92795000 0.00523441
0.92800000 0.00523143
0.92805000 0.00522845
0.92810000 0.00522547
0.92815000 0.00522249
0.92820000 0.00521950
0.92825000 0.00521652
0.92830000 0.00521353
0.92835000 0.00521055
0.92840000 0.00520756
0.92845000 0.00520457
0.92850000 0.00520158
0.92855000 0.00519859
0.92860000 0.00519560
0.92865000 0.00519261
0.92870000 0.00518962
0.92875000 0.00518662
0.92880000 0.00518363
0.92885000 0.00518063
0.92890000 0.00517764
0.92895000 0.00517464
0.92900000 0.00517164
0.92905000 0.00516864
0.92910000 0.00516564
0.92915000 0.00516264
0.92920000 0.00515964
0.92925000 0.00515664
0.92930000 0.00515363
0.92935000 0.00515063
0.92940000 0.00514762
0.92945000 0.00514462
0.92950000 0.00514161
0.92955000 0.00513860
0.92960000 0.00513559
0.92965000 0.00513258
0.92970000 0.00512957
0.92975000 0.00512656
0.92980000 0.00512355
0.92985000 0.00512053
0.92990000 0.00511752
0.92995000 0.00511450
0.93000000 0.00511149
0.93005000 0.00510847
0.93010000 0.00510545
0.93015000 0.00510243
0.93020000 0.00509941
0.93025000 0.00509639
0.93030000 0.00509337
0.93035000 0.00509035
0.93040000 0.00508732
0.93045000 0.00508430
0.93050000 0.00508127
0.93055000 0.00507825
0.93060000 0.00507522
0.93065000 0.00507219
0.93070000 0.00506916
0.93075000 0.00506613
0.93080000 0.00506310
0.93085000 0.00506007
0.93090000 0.00505704
0.93095000 0.00505400
0.93100000 0.00505097
0.93105000 0.00504793
0.93110000 0.00504490
0.93115000 0.00504186
0.93120000 0.00503882
0.93125000 0.00503578
0.93130000 0.00503274
0.93135000 0.00502970
0.93140000 0.00502666
0.93145000 0.00502361
0.93150000 0.00502057
0.93155000 0.00501753
0.93160000 0.00501448
0.93165000 0.00501143
0.93170000 0.00500839
0.93175000 0.00500534
0.93180000 0.00500229
0.93185000 0.00499924
0.93190000 0.00499619
0.93195000 0.00499313
0.93200000 0.00499008
0.93205000 0.00498703
0.93210000 0.00498397
0.93215000 0.00498092
0.93220000 0.00497786
0.93225000 0.00497480
0.93230000 0.00497174
0.93235000 0.00496868
0.93240000 0.00496562
0.93245000 0.00496256
0.93250000 0.00495950
0.93255000 0.00495644
0.93260000 0.00495337
0.93265000 0.00495031
0.93270000 0.00494724
0.93275000 0.00494417
0.93280000 0.00494111
0.93285000 0.00493804
0.93290000 0.00493497
0.93295000 0.00493190
0.93300000 0.00492882
0.93305000 0.00492575
0.93310000 0.00492268
0.93315000 0.00491960
0.93320000 0.00491653
0.93325000 0.00491345
0.93330000 0.00491037
0.93335000 0.00490730
0.93340000 0.00490422
0.93345000 0.00490114
0.93350000 0.00489806
0.93355000 0.00489497
0.93360000 0.00489189
0.93365000 0.00488881
0.93370000 0.00488572
0.93375000 0.00488264
0.93380000 0.00487955
0.93385000 0.00487646
0.93390000 0.00487337
0.93395000 0.00487029
0.93400000 0.00486720
0.93405000 0.00486410
0.93410000 0.00486101
0.93415000 0.00485792
0.93420000 0.00485482
0.93425000 0.00485173
0.93430000 0.00484863
0.93435000 0.00484554
0.93440000 0.00484244
0.93445000 0.00483934
0.93450000 0.00483624
0.93455000 0.00483314
0.93460000 0.00483004
0.93465000 0.00482693
0.93470000 0.00482383
0.93475000 0.00482073
0.93480000 0.00481762
0.93485000 0.00481452
0.93490000 0.00481141
0.93495000 0.00480830
0.93500000 0.00480519
0.93505000 0.00480208
0.93510000 0.00479897
0.93515000 0.00479586
0.93520000 0.00479274
0.93525000 0.00478963
0.93530000 0.00478652
0.93535000 0.00478340
0.93540000 0.00478028
0.93545000 0.00477717
0.93550000 0.00477405
0.93555000 0.00477093
0.93560000 0.00476781
0.93565000 0.00476469
0.93570000 0.00476156
0.93575000 0.00475844
0.93580000 0.00475532
0.93585000 0.00475219
0.93590000 0.00474906
0.93595000 0.00474594
0.93600000 0.00474281
0.93605000 0.00473968
0.93610000 0.00473655
0.93615000 0.00473342
0.93620000 0.00473029
0.93625000 0.00472715
0.93630000 0.00472402
0.93635000 0.00472089
0.93640000 0.00471775
0.93645000 0.00471461
0.93650000 0.00471148
0.93655000 0.00470834
0.93660000 0.00470520
0.93665000 0.00470206
0.93670000 0.00469892
0.93675000 0.00469577
0.93680000 0.00469263
0.93685000 0.00468949
0.93690000 0.00468634
0.93695000 0.00468319
0.93700000 0.00468005
0.93705000 0.00467690
0.93710000 0.00467375
0.93715000 0.00467060
0.93720000 0.00466745
0.93725000 0.00466430
0.93730000 0.00466114
0.93735000 0.00465799
0.93740000 0.00465484
0.93745000 0.00465168
0.93750000 0.00464852
0.93755000 0.00464537
0.93760000 0.00464221
0.93765000 0.00463905
0.93770000 0.00463589
0.93775000 0.00463272
0.93780000 0.00462956
0.93785000 0.00462640
0.93790000 0.00462323
0.93795000 0.00462007
0.93800000 0.00461690
0.93805000 0.00461374
0.93810000 0.00461057
0.93815000 0.00460740
0.93820000 0.00460423
0.93825000 0.00460106
0.93830000 0.00459788
0.93835000 0.00459471
0.93840000 0.00459154
0.93845000 0.00458836
0.93850000 0.00458519
0.93855000 0.00458201
0.93860000 0.00457883
0.93865000 0.00457565
0.93870000 0.00457247
0.93875000 0.00456929
0.93880000 0.00456611
0.93885000 0.00456293
0.93890000 0.00455974
0.93895000 0.00455656
0.93900000 0.00455337
0.93905000 0.00455019
0.93910000 0.00454700
0.93915000 0.00454381
0.93920000 0.00454062
0.93925000 0.00453743
0.93930000 0.00453424
0.93935000 0.00453105
0.93940000 0.00452785
0.93945000 0.00452466
0.93950000 0.00452146
0.93955000 0.00451827
0.93960000 0.00451507
0.93965000 0.00451187
0.93970000 0.00450867
0.93975000 0.00450547
0.93980000 0.00450227
0.93985000 0.00449907
0.93990000 0.00449587
0.93995000 0.00449266
0.94000000 0.00448946
0.94005000 0.00448625
0.94010000 0.00448304
0.94015000 0.00447984
0.94020000 0.00447663
0.94025000 0.00447342
0.94030000 0.00447021
0.94035000 0.00446699
0.94040000 0.00446378
0.94045000 0.00446057
0.94050000 0.00445735
0.94055000 0.00445414
0.94060000 0.00445092
0.94065000 0.00444770
0.94070000 0.00444448
0.94075000 0.00444126
0.94080000 0.00443804
0.94085000 0.00443482
0.94090000 0.00443160
0.94095000 0.00442837
0.94100000 0.00442515
0.94105000 0.00442192
0.94110000 0.00441870
0.94115000 0.00441547
0.94120000 0.00441224
0.94125000 0.00440901
0.94130000 0.00440578
0.94135000 0.00440255
0.94140000 0.00439932
0.94145000 0.00439608
0.94150000 0.00439285
0.94155000 0.00438961
0.94160000 0.00438638
0.94165000 0.00438314
0.94170000 0.00437990
0.94175000 0.00437666
0.94180000 0.00437342
0.94185000 0.00437018
0.94190000 0.00436694
0.94195000 0.00436369
0.94200000 0.00436045
0.94205000 0.00435720
0.94210000 0.00435396
0.94215000 0.00435071
0.94220000 0.00434746
0.94225000 0.00434421
0.94230000 0.00434096
0.94235000 0.00433771
0.94240000 0.00433446
0.94245000 0.00433121
0.94250000 0.00432795
0.94255000 0.00432470
0.94260000 0.00432144
0.94265000 0.00431818
0.94270000 0.00431492
0.94275000 0.00431167
0.94280000 0.00430841
0.94285000 0.00430514
0.94290000 0.00430188
0.94295000 0.00429862
0.94300000 0.00429535
0.94305000 0.00429209
0.94310000 0.00428882
0.94315000 0.00428556
0.94320000 0.00428229
0.94325000 0.00427902
0.94330000 0.00427575
0.94335000 0.00427248
0.94340000 0.00426920
0.94345000 0.00426593
0.94350000 0.00426266
0.94355000 0.00425938
0.94360000 0.00425611
0.94365000 0.00425283
0.94370000 0.00424955
0.94375000 0.00424627
0.94380000 0.00424299
0.94385000 0.00423971
0.94390000 0.00423643
0.94395000 0.00423315
0.94400000 0.00422986
0.94405000 0.00422658
0.94410000 0.00422329
0.94415000 0.00422000
0.94420000 0.00421671
0.94425000 0.00421343
0.94430000 0.00421013
0.94435000 0.00420684
0.94440000 0.00420355
0.94445000 0.00420026
0.94450000 0.00419696
0.94455000 0.00419367
0.94460000 0.00419037
0.94465000 0.00418708
0.94470000 0.00418378
0.94475000 0.00418048
0.94480000 0.00417718
0.94485000 0.00417388
0.94490000 0.00417057
0.94495000 0.00416727
0.94500000 0.00416397
0.94505000 0.00416066
0.94510000 0.00415736
0.94515000 0.00415405
0.94520000 0.00415074
0.94525000 0.00414743
0.94530000 0.00414412
0.94535000 0.00414081
0.94540000 0.00413750
0.94545000 0.00413418
0.94550000 0.00413087
0.94555000 0.00412755
0.94560000 0.00412424
0.94565000 0.00412092
0.94570000 0.00411760
0.94575000 0.00411428
0.94580000 0.00411096
0.94585000 0.00410764
0.94590000 0.00410432
0.94595000 0.00410099
0.94600000 0.00409767
0.94605000 0.00409434
0.94610000 0.00409102
0.94615000 0.00408769
0.94620000 0.00408436
0.94625000 0.00408103
0.94630000 0.00407770
0.94635000 0.00407437
0.94640000 0.00407104
0.94645000 0.00406770
0.94650000 0.00406437
0.94655000 0.00406103
0.94660000 0.00405770
0.94665000 0.00405436
0.94670000 0.00405102
0.94675000 0.00404768
0.94680000 0.00404434
0.94685000 0.00404100
0.94690000 0.00403765
0.94695000 0.00403431
0.94700000 0.00403096
0.94705000 0.00402762
0.94710000 0.00402427
0.94715000 0.00402092
0.94720000 0.00401757
0.94725000 0.00401422
0.94730000 0.00401087
0.94735000 0.00400752
0.94740000 0.00400417
0.94745000 0.00400081
0.94750000 0.00399746
0.94755000 0.00399410
0.94760000 0.00399075
0.94765000 0.00398739
0.94770000 0.00398403
0.94775000 0.00398067
0.94780000 0.00397731
0.94785000 0.00397394
0.94790000 0.00397058
0.94795000 0.00396722
0.94800000 0.00396385
0.94805000 0.00396048
0.94810000 0.00395712
0.94815000 0.00395375
0.94820000 0.00395038
0.94825000 0.00394701
0.94830000 0.00394364
0.94835000 0.00394026
0.94840000 0.00393689
0.94845000 0.00393352
0.94850000 0.00393014
0.94855000 0.00392676
0.94860000 0.00392339
0.94865000 0.00392001
0.94870000 0.00391663
0.94875000 0.00391325
0.94880000 0.00390986
0.94885000 0.00390648
0.94890000 0.00390310
0.94895000 0.00389971
0.94900000 0.00389633
0.94905000 0.00389294
0.94910000 0.00388955
0.94915000 0.00388616
0.94920000 0.00388277
0.94925000 0.00387938
0.94930000 0.00387599
0.94935000 0.00387259
0.94940000 0.00386920
0.94945000 0.00386580
0.94950000 0.00386241
0.94955000 0.00385901
0.94960000 0.00385561
0.94965000 0.00385221
0.94970000 0.00384881
0.94975000 0.00384541
0.94980000 0.00384201
0.94985000 0.00383860
0.94990000 0.00383520
0.94995000 0.00383179
0.95000000 0.00382839
0.95005000 0.00382498
0.95010000 0.00382157
0.95015000 0.00381816
0.95020000 0.00381475
0.95025000 0.00381134
0.95030000 0.00380792
0.95035000 0.00380451
0.95040000 0.00380109
0.95045000 0.00379768
0.95050000 0.00379426
0.95055000 0.00379084
0.95060000 0.00378742
0.95065000 0.00378400
0.95070000 0.00378058
0.95075000 0.00377716
0.95080000 0.00377373
0.95085000 0.00377031
0.95090000 0.00376688
0.95095000 0.00376346
0.95100000 0.00376003
0.95105000 0.00375660
0.95110000 0.00375317
0.95115000 0.00374974
0.95120000 0.00374631
0.95125000 0.00374287
0.95130000 0.00373944
0.95135000 0.00373600
0.95140000 0.00373257
0.95145000 0.00372913
0.95150000 0.00372569
0.95155000 0.00372225
0.95160000 0.00371881
0.95165000 0.00371537
0.95170000 0.00371193
0.95175000 0.00370848
0.95180000 0.00370504
0.95185000 0.00370159
0.95190000 0.00369815
0.95195000 0.00369470
0.95200000 0.00369125
0.95205000 0.00368780
0.95210000 0.00368435
0.95215000 0.00368090
0.95220000 0.00367744
0.95225000 0.00367399
0.95230000 0.00367053
0.95235000 0.00366708
0.95240000 0.00366362
0.95245000 0.00366016
0.95250000 0.00365670
0.95255000 0.00365324
0.95260000 0.00364978
0.95265000 0.00364632
0.95270000 0.00364285
0.95275000 0.00363939
0.95280000 0.00363592
0.95285000 0.00363245
0.95290000 0.00362899
0.95295000 0.00362552
0.95300000 0.00362205
0.95305000 0.00361857
0.95310000 0.00361510
0.95315000 0.00361163
0.95320000 0.00360815
0.95325000 0.00360468
0.95330000 0.00360120
0.95335000 0.00359772
0.95340000 0.00359425
0.95345000 0.00359077
0.95350000 0.00358729
0.95355000 0.00358380
0.95360000 0.00358032
0.95365000 0.00357684
0.95370000 0.00357335
0.95375000 0.00356986
0.95380000 0.00356638
0.95385000 0.00356289
0.95390000 0.00355940
0.95395000 0.00355591
0.95400000 0.00355242
0.95405000 0.00354892
0.95410000 0.00354543
0.95415000 0.00354194
0.95420000 0.00353844
0.95425000 0.00353494
0.95430000 0.00353144
0.95435000 0.00352795
0.95440000 0.00352445
0.95445000 0.00352094
0.95450000 0.00351744
0.95455000 0.00351394
0.95460000 0.00351043
0.95465000 0.00350693
0.95470000 0.00350342
0.95475000 0.00349991
0.95480000 0.00349641
0.95485000 0.00349290
0.95490000 0.00348938
0.95495000 0.00348587
0.95500000 0.00348236
0.95505000 0.00347884
0.95510000 0.00347533
0.95515000 0.00347181
0.95520000 0.00346830
0.95525000 0.00346478
0.95530000 0.00346126
0.95535000 0.00345774
0.95540000 0.00345421
0.95545000 0.00345069
0.95550000 0.00344717
0.95555000 0.00344364
0.95560000 0.00344012
0.95565000 0.00343659
0.95570000 0.00343306
0.95575000 0.00342953
0.95580000 0.00342600
0.95585000 0.00342247
0.95590000 0.00341894
0.95595000 0.00341540
0.95600000 0.00341187
0.95605000 0.00340833
0.95610000 0.00340479
0.95615000 0.00340126
0.95620000 0.00339772
0.95625000 0.00339418
0.95630000 0.00339064
0.95635000 0.00338709
0.95640000 0.00338355
0.95645000 0.00338000
0.95650000 0.00337646
0.95655000 0.00337291
0.95660000 0.00336936
0.95665000 0.00336582
0.95670000 0.00336226
0.95675000 0.00335871
0.95680000 0.00335516
0.95685000 0.00335161
0.95690000 0.00334805
0.95695000 0.00334450
0.95700000 0.00334094
0.95705000 0.00333738
0.95710000 0.00333382
0.95715000 0.00333026
0.95720000 0.00332670
0.95725000 0.00332314
0.95730000 0.00331958
0.95735000 0.00331601
0.95740000 0.00331245
0.95745000 0.00330888
0.95750000 0.00330531
0.95755000 0.00330174
0.95760000 0.00329817
0.95765000 0.00329460
0.95770000 0.00329103
0.95775000 0.00328746
0.95780000 0.00328388
0.95785000 0.00328031
0.95790000 0.00327673
0.95795000 0.00327315
0.95800000 0.00326958
0.95805000 0.00326600
0.95810000 0.00326241
0.95815000 0.00325883
0.95820000 0.00325525
0.95825000 0.00325167
0.95830000 0.00324808
0.95835000 0.00324449
0.95840000 0.00324091
0.95845000 0.00323732
0.95850000 0.00323373
0.95855000 0.00323014
0.95860000 0.00322654
0.95865000 0.00322295
0.95870000 0.00321936
0.95875000 0.00321576
0.95880000 0.00321216
0.95885000 0.00320857
0.95890000 0.00320497
0.95895000 0.00320137
0.95900000 0.00319777
0.95905000 0.00319417
0.95910000 0.00319056
0.95915000 0.00318696
0.95920000 0.00318335
0.95925000 0.00317975
0.95930000 0.00317614
0.95935000 0.00317253
0.95940000 0.00316892
0.95945000 0.00316531
0.95950000 0.00316170
0.95955000 0.00315808
0.95960000 0.00315447
0.95965000 0.00315085
0.95970000 0.00314724
0.95975000 0.00314362
0.95980000 0.00314000
0.95985000 0.00313638
0.95990000 0.00313276
0.95995000 0.00312914
0.96000000 0.00312552
0.96005000 0.00312189
0.96010000 0.00311827
0.96015000 0.00311464
0.96020000 0.00311101
0.96025000 0.00310738
0.96030000 0.00310375
0.96035000 0.00310012
0.96040000 0.00309649
0.96045000 0.00309286
0.96050000 0.00308922
0.96055000 0.00308559
0.96060000 0.00308195
0.96065000 0.00307831
0.96070000 0.00307467
0.96075000 0.00307103
0.96080000 0.00306739
0.96085000 0.00306375
0.96090000 0.00306010
0.96095000 0.00305646
0.96100000 0.00305281
0.96105000 0.00304917
0.96110000 0.00304552
0.96115000 0.00304187
0.96120000 0.00303822
0.96125000 0.00303457
0.96130000 0.00303092
0.96135000 0.00302726
0.96140000 0.00302361
0.96145000 0.00301995
0.96150000 0.00301630
0.96155000 0.00301264
0.96160000 0.00300898
0.96165000 0.00300532
0.96170000 0.00300166
0.96175000 0.00299799
0.96180000 0.00299433
0.96185000 0.00299066
0.96190000 0.00298700
0.96195000 0.00298333
0.96200000 0.00297966
0.96205000 0.00297599
0.96210000 0.00297232
0.96215000 0.00296865
0.96220000 0.00296498
0.96225000 0.00296130
0.96230000 0.00295763
0.96235000 0.00295395
0.96240000 0.00295027
0.96245000 0.00294660
0.96250000 0.00294292
0.96255000 0.00293924
0.96260000 0.00293555
0.96265000 0.00293187
0.96270000 0.00292819
0.96275000 0.00292450
0.96280000 0.00292081
0.96285000 0.00291713
0.96290000 0.00291344
0.96295000 0.00290975
0.96300000 0.00290606
0.96305000 0.00290236
0.96310000 0.00289867
0.96315000 0.00289497
0.96320000 0.00289128
0.96325000 0.00288758
0.96330000 0.00288388
0.96335000 0.00288018
0.96340000 0.00287648
0.96345000 0.00287278
0.96350000 0.00286908
0.96355000 0.00286538
0.96360000 0.00286167
0.96365000 0.00285797
0.96370000 0.00285426
0.96375000 0.00285055
0.96380000 0.00284684
0.96385000 0.00284313
0.96390000 0.00283942
0.96395000 0.00283570
0.96400000 0.00283199
0.96405000 0.00282828
0.96410000 0.00282456
0.96415000 0.00282084
0.96420000 0.00281712
0.96425000 0.00281340
0.96430000 0.00280968
0.96435000 0.00280596
0.96440000 0.00280224
0.96445000 0.00279851
0.96450000 0.00279479
0.96455000 0.00279106
0.96460000 0.00278733
0.96465000 0.00278360
0.96470000 0.00277987
0.96475000 0.00277614
0.96480000 0.00277241
0.96485000 0.00276867
0.96490000 0.00276494
0.96495000 0.00276120
0.96500000 0.00275746
0.96505000 0.00275373
0.96510000 0.00274999
0.96515000 0.00274625
0.96520000 0.00274250
0.96525000 0.00273876
0.96530000 0.00273502
0.96535000 0.00273127
0.96540000 0.00272752
0.96545000 0.00272378
0.96550000 0.00272003
0.96555000 0.00271628
0.96560000 0.00271253
0.96565000 0.00270877
0.96570000 0.00270502
0.96575000 0.00270126
0.96580000 0.00269751
0.96585000 0.00269375
0.96590000 0.00268999
0.96595000 0.00268623
0.96600000 0.00268247
0.96605000 0.00267871
0.96610000 0.00267495
0.96615000 0.00267118
0.96620000 0.00266742
0.96625000 0.00266365
0.96630000 0.00265988
0.96635000 0.00265612
0.96640000 0.00265235
0.96645000 0.00264857
0.96650000 0.00264480
0.96655000 0.00264103
0.96660000 0.00263725
0.96665000 0.00263348
0.96670000 0.00262970
0.96675000 0.00262592
0.96680000 0.00262214
0.96685000 0.00261836
0.96690000 0.00261458
0.96695000 0.00261080
0.96700000 0.00260701
0.96705000 0.00260323
0.96710000 0.00259944
0.96715000 0.00259565
0.96720000 0.00259187
0.96725000 0.00258808
0.96730000 0.00258428
0.96735000 0.00258049
0.96740000 0.00257670
0.96745000 0.00257290
0.96750000 0.00256911
0.96755000 0.00256531
0.96760000 0.00256151
0.96765000 0.00255771
0.96770000 0.00255391
0.96775000 0.00255011
0.96780000 0.00254631
0.96785000 0.00254250
0.96790000 0.00253870
0.96795000 0.00253489
0.96800000 0.00253108
0.96805000 0.00252727
0.96810000 0.00252346
0.96815000 0.00251965
0.96820000 0.00251584
0.96825000 0.00251203
0.96830000 0.00250821
0.96835000 0.00250440
0.96840000 0.00250058
0.96845000 0.00249676
0.96850000 0.00249294
0.96855000 0.00248912
0.96860000 0.00248530
0.96865000 0.00248147
0.96870000 0.00247765
0.96875000 0.00247382
0.96880000 0.00247000
0.96885000 0.00246617
0.96890000 0.00246234
0.96895000 0.00245851
0.96900000 0.00245468
0.96905000 0.00245085
0.96910000 0.00244701
0.96915000 0.00244318
0.96920000 0.00243934
0.96925000 0.00243550
0.96930000 0.00243166
0.96935000 0.00242782
0.96940000 0.00242398
0.96945000 0.00242014
0.96950000 0.00241630
0.96955000 0.00241245
0.96960000 0.00240861
0.96965000 0.00240476
0.96970000 0.00240091
0.96975000 0.00239706
0.96980000 0.00239321
0.96985000 0.00238936
0.96990000 0.00238550
0.96995000 0.00238165
0.97000000 0.00237779
0.97005000 0.00237394
0.97010000 0.00237008
0.97015000 0.00236622
0.97020000 0.00236236
0.97025000 0.00235850
0.97030000 0.00235464
0.97035000 0.00235077
0.97040000 0.00234691
0.97045000 0.00234304
0.97050000 0.00233917
0.97055000 0.00233530
0.97060000 0.00233143
0.97065000 0.00232756
0.97070000 0.00232369
0.97075000 0.00231982
0.97080000 0.00231594
0.97085000 0.00231206
0.97090000 0.00230819
0.97095000 0.00230431
0.97100000 0.00230043
0.97105000 0.00229655
0.97110000 0.00229267
0.97115000 0.00228878
0.97120000 0.00228490
0.97125000 0.00228101
0.97130000 0.00227712
0.97135000 0.00227324
0.97140000 0.00226935
0.97145000 0.00226546
0.97150000 0.00226156
0.97155000 0.00225767
0.97160000 0.00225378
0.97165000 0.00224988
0.97170000 0.00224598
0.97175000 0.00224209
0.97180000 0.00223819
0.97185000 0.00223429
0.97190000 0.00223038
0.97195000 0.00222648
0.97200000 0.00222258
0.97205000 0.00221867
0.97210000 0.00221477
0.97215000 0.00221086
0.97220000 0.00220695
0.97225000 0.00220304
0.97230000 0.00219913
0.97235000 0.00219521
0.97240000 0.00219130
0.97245000 0.00218739
0.97250000 0.00218347
0.97255000 0.00217955
0.97260000 0.00217563
0.97265000 0.00217171
0.97270000 0.00216779
0.97275000 0.00216387
0.97280000 0.00215994
0.97285000 0.00215602
0.97290000 0.00215209
0.97295000 0.00214817
0.97300000 0.00214424
0.97305000 0.00214031
0.97310000 0.00213638
0.97315000 0.00213244
0.97320000 0.00212851
0.97325000 0.00212458
0.97330000 0.00212064
0.97335000 0.00211670
0.97340000 0.00211276
0.97345000 0.00210882
0.97350000 0.00210488
0.97355000 0.00210094
0.97360000 0.00209700
0.97365000 0.00209305
0.97370000 0.00208911
0.97375000 0.00208516
0.97380000 0.00208121
0.97385000 0.00207726
0.97390000 0.00207331
0.97395000 0.00206936
0.97400000 0.00206540
0.97405000 0.00206145
0.97410000 0.00205749
0.97415000 0.00205354
0.97420000 0.00204958
0.97425000 0.00204562
0.97430000 0.00204166
0.97435000 0.00203770
0.97440000 0.00203373
0.97445000 0.00202977
0.97450000 0.00202580
0.97455000 0.00202184
0.97460000 0.00201787
0.97465000 0.00201390
0.97470000 0.00200993
0.97475000 0.00200595
0.97480000 0.00200198
0.97485000 0.00199801
0.97490000 0.00199403
0.97495000 0.00199005
0.97500000 0.00198608
0.97505000 0.00198210
0.97510000 0.00197812
0.97515000 0.00197413
0.97520000 0.00197015
0.97525000 0.00196617
0.97530000 0.00196218
0.97535000 0.00195819
0.97540000 0.00195420
0.97545000 0.00195021
0.97550000 0.00194622
0.97555000 0.00194223
0.97560000 0.00193824
0.97565000 0.00193424
0.97570000 0.00193025
0.97575000 0.00192625
0.97580000 0.00192225
0.97585000 0.00191825
0.97590000 0.00191425
0.97595000 0.00191025
0.97600000 0.00190625
0.97605000 0.00190224
0.97610000 0.00189824
0.97615000 0.00189423
0.97620000 0.00189022
0.97625000 0.00188621
0.97630000 0.00188220
0.97635000 0.00187819
0.97640000 0.00187417
0.97645000 0.00187016
0.97650000 0.00186614
0.97655000 0.00186213
0.97660000 0.00185811
0.97665000 0.00185409
0.97670000 0.00185007
0.97675000 0.00184604
0.97680000 0.00184202
0.97685000 0.00183800
0.97690000 0.00183397
0.97695000 0.00182994
0.97700000 0.00182591
0.97705000 0.00182188
0.97710000 0.00181785
0.97715000 0.00181382
0.97720000 0.00180979
0.97725000 0.00180575
0.97730000 0.00180172
0.97735000 0.00179768
0.97740000 0.00179364
0.97745000 0.00178960
0.97750000 0.00178556
0.97755000 0.00178152
0.97760000 0.00177747
0.97765000 0.00177343
0.97770000 0.00176938
0.97775000 0.00176533
0.97780000 0.00176128
0.97785000 0.00175723
0.97790000 0.00175318
0.97795000 0.00174913
0.97800000 0.00174507
0.97805000 0.00174102
0.97810000 0.00173696
0.97815000 0.00173290
0.97820000 0.00172884
0.97825000 0.00172478
0.97830000 0.00172072
0.97835000 0.00171666
0.97840000 0.00171260
0.97845000 0.00170853
0.97850000 0.00170446
0.97855000 0.00170039
0.97860000 0.00169632
0.97865000 0.00169225
0.97870000 0.00168818
0.97875000 0.00168411
0.97880000 0.00168003
0.97885000 0.00167596
0.97890000 0.00167188
0.97895000 0.00166780
0.97900000 0.00166372
0.97905000 0.00165964
0.97910000 0.00165556
0.97915000 0.00165148
0.97920000 0.00164739
0.97925000 0.00164330
0.97930000 0.00163922
0.97935000 0.00163513
0.97940000 0.00163104
0.97945000 0.00162695
0.97950000 0.00162285
0.97955000 0.00161876
0.97960000 0.00161467
0.97965000 0.00161057
0.97970000 0.00160647
0.97975000 0.00160237
0.97980000 0.00159827
0.97985000 0.00159417
0.97990000 0.00159007
0.97995000 0.00158596
0.98000000 0.00158186
0.98005000 0.00157775
0.98010000 0.00157364
0.98015000 0.00156953
0.98020000 0.00156542
0.98025000 0.00156131
0.98030000 0.00155720
0.98035000 0.00155308
0.98040000 0.00154896
0.98045000 0.00154485
0.98050000 0.00154073
0.98055000 0.00153661
0.98060000 0.00153249
0.98065000 0.00152837
0.98070000 0.00152424
0.98075000 0.00152012
0.98080000 0.00151599
0.98085000 0.00151186
0.98090000 0.00150773
0.98095000 0.00150360
0.98100000 0.00149947
0.98105000 0.00149534
0.98110000 0.00149120
0.98115000 0.00148707
0.98120000 0.00148293
0.98125000 0.00147879
0.98130000 0.00147465
0.98135000 0.00147051
0.98140000 0.00146637
0.98145000 0.00146223
0.98150000 0.00145808
0.98155000 0.00145394
0.98160000 0.00144979
0.98165000 0.00144564
0.98170000 0.00144149
0.98175000 0.00143734
0.98180000 0.00143319
0.98185000 0.00142903
0.98190000 0.00142488
0.98195000 0.00142072
0.98200000 0.00141656
0.98205000 0.00141240
0.98210000 0.00140824
0.98215000 0.00140408
0.98220000 0.00139992
0.98225000 0.00139575
0.98230000 0.00139159
0.98235000 0.00138742
0.98240000 0.00138325
0.98245000 0.00137908
0.98250000 0.00137491
0.98255000 0.00137074
0.98260000 0.00136657
0.98265000 0.00136239
0.98270000 0.00135821
0.98275000 0.00135404
0.98280000 0.00134986
0.98285000 0.00134568
0.98290000 0.00134150
0.98295000 0.00133731
0.98300000 0.00133313
0.98305000 0.00132894
0.98310000 0.00132476
0.98315000 0.00132057
0.98320000 0.00131638
0.98325000 0.00131219
0.98330000 0.00130799
0.98335000 0.00130380
0.98340000 0.00129961
0.98345000 0.00129541
0.98350000 0.00129121
0.98355000 0.00128701
0.98360000 0.00128281
0.98365000 0.00127861
0.98370000 0.00127441
0.98375000 0.00127020
0.98380000 0.00126600
0.98385000 0.00126179
0.98390000 0.00125758
0.98395000 0.00125337
0.98400000 0.00124916
0.98405000 0.00124495
0.98410000 0.00124074
0.98415000 0.00123652
0.98420000 0.00123231
0.98425000 0.00122809
0.98430000 0.00122387
0.98435000 0.00121965
0.98440000 0.00121543
0.98445000 0.00121120
0.98450000 0.00120698
0.98455000 0.00120275
0.98460000 0.00119853
0.98465000 0.00119430
0.98470000 0.00119007
0.98475000 0.00118584
0.98480000 0.00118161
0.98485000 0.00117737
0.98490000 0.00117314
0.98495000 0.00116890
0.98500000 0.00116466
0.98505000 0.00116042
0.98510000 0.00115618
0.98515000 0.00115194
0.98520000 0.00114770
0.98525000 0.00114345
0.98530000 0.00113921
0.98535000 0.00113496
0.98540000 0.00113071
0.98545000 0.00112646
0.98550000 0.00112221
0.98555000 0.00111796
0.98560000 0.00111371
0.98565000 0.00110945
0.98570000 0.00110519
0.98575000 0.00110094
0.98580000 0.00109668
0.98585000 0.00109242
0.98590000 0.00108815
0.98595000 0.00108389
0.98600000 0.00107962
0.98605000 0.00107536
0.98610000 0.00107109
0.98615000 0.00106682
0.98620000 0.00106255
0.98625000 0.00105828
0.98630000 0.00105401
0.98635000 0.00104973
0.98640000 0.00104546
0.98645000 0.00104118
0.98650000 0.00103690
0.98655000 0.00103262
0.98660000 0.00102834
0.98665000 0.00102406
0.98670000 0.00101977
0.98675000 0.00101549
0.98680000 0.00101120
0.98685000 0.00100692
0.98690000 0.00100263
0.98695000 0.00099834
0.98700000 0.00099404
0.98705000 0.00098975
0.98710000 0.00098546
0.98715000 0.00098116
0.98720000 0.00097686
0.98725000 0.00097256
0.98730000 0.00096826
0.98735000 0.00096396
0.98740000 0.00095966
0.98745000 0.00095535
0.98750000 0.00095105
0.98755000 0.00094674
0.98760000 0.00094243
0.98765000 0.00093812
0.98770000 0.00093381
0.98775000 0.00092950
0.98780000 0.00092518
0.98785000 0.00092087
0.98790000 0.00091655
0.98795000 0.00091223
0.98800000 0.00090791
0.98805000 0.00090359
0.98810000 0.00089927
0.98815000 0.00089495
0.98820000 0.00089062
0.98825000 0.00088630
0.98830000 0.00088197
0.98835000 0.00087764
0.98840000 0.00087331
0.98845000 0.00086898
0.98850000 0.00086464
0.98855000 0.00086031
0.98860000 0.00085597
0.98865000 0.00085164
0.98870000 0.00084730
0.98875000 0.00084296
0.98880000 0.00083862
0.98885000 0.00083427
0.98890000 0.00082993
0.98895000 0.00082558
0.98900000 0.00082124
0.98905000 0.00081689
0.98910000 0.00081254
0.98915000 0.00080819
0.98920000 0.00080383
0.98925000 0.00079948
0.98930000 0.00079512
0.98935000 0.00079077
0.98940000 0.00078641
0.98945000 0.00078205
0.98950000 0.00077769
0.98955000 0.00077333
0.98960000 0.00076896
0.98965000 0.00076460
0.98970000 0.00076023
0.98975000 0.00075586
0.98980000 0.00075149
0.98985000 0.00074712
0.98990000 0.00074275
0.98995000 0.00073838
0.99000000 0.00073400
0.99005000 0.00072962
0.99010000 0.00072525
0.99015000 0.00072087
0.99020000 0.00071649
0.99025000 0.00071211
0.99030000 0.00070772
0.99035000 0.00070334
0.99040000 0.00069895
0.99045000 0.00069456
0.99050000 0.00069017
0.99055000 0.00068578
0.99060000 0.00068139
0.99065000 0.00067700
0.99070000 0.00067260
0.99075000 0.00066821
0.99080000 0.00066381
0.99085000 0.00065941
0.99090000 0.00065501
0.99095000 0.00065061
0.99100000 0.00064621
0.99105000 0.00064180
0.99110000 0.00063740
0.99115000 0.00063299
0.99120000 0.00062858
0.99125000 0.00062417
0.99130000 0.00061976
0.99135000 0.00061535
0.99140000 0.00061093
0.99145000 0.00060652
0.99150000 0.00060210
0.99155000 0.00059768
0.99160000 0.00059326
0.99165000 0.00058884
0.99170000 0.00058442
0.99175000 0.00057999
0.99180000 0.00057557
0.99185000 0.00057114
0.99190000 0.00056671
0.99195000 0.00056228
0.99200000 0.00055785
0.99205000 0.00055342
0.99210000 0.00054898
0.99215000 0.00054455
0.99220000 0.00054011
0.99225000 0.00053567
0.99230000 0.00053123
0.99235000 0.00052679
0.99240000 0.00052235
0.99245000 0.00051790
0.99250000 0.00051346
0.99255000 0.00050901
0.99260000 0.00050456
0.99265000 0.00050011
0.99270000 0.00049566
0.99275000 0.00049121
0.99280000 0.00048675
0.99285000 0.00048230
0.99290000 0.00047784
0.99295000 0.00047338
0.99300000 0.00046892
0.99305000 0.00046446
0.99310000 0.00046000
0.99315000 0.00045554
0.99320000 0.00045107
0.99325000 0.00044660
0.99330000 0.00044213
0.99335000 0.00043766
0.99340000 0.00043319
0.99345000 0.00042872
0.99350000 0.00042425
0.99355000 0.00041977
0.99360000 0.00041529
0.99365000 0.00041082
0.99370000 0.00040634
0.99375000 0.00040185
0.99380000 0.00039737
0.99385000 0.00039289
0.99390000 0.00038840
0.99395000 0.00038391
0.99400000 0.00037943
0.99405000 0.00037494
0.99410000 0.00037044
0.99415000 0.00036595
0.99420000 0.00036146
0.99425000 0.00035696
0.99430000 0.00035246
0.99435000 0.00034797
0.99440000 0.00034347
0.99445000 0.00033896
0.99450000 0.00033446
0.99455000 0.00032996
0.99460000 0.00032545
0.99465000 0.00032094
0.99470000 0.00031643
0.99475000 0.00031192
0.99480000 0.00030741
0.99485000 0.00030290
0.99490000 0.00029838
0.99495000 0.00029387
0.99500000 0.00028935
0.99505000 0.00028483
0.99510000 0.00028031
0.99515000 0.00027579
0.99520000 0.00027127
0.99525000 0.00026674
0.99530000 0.00026222
0.99535000 0.00025769
0.99540000 0.00025316
0.99545000 0.00024863
0.99550000 0.00024410
0.99555000 0.00023956
0.99560000 0.00023503
0.99565000 0.00023049
0.99570000 0.00022595
0.99575000 0.00022141
0.99580000 0.00021687
0.99585000 0.00021233
0.99590000 0.00020779
0.99595000 0.00020324
0.99600000 0.00019870
0.99605000 0.00019415
0.99610000 0.00018960
0.99615000 0.00018505
0.99620000 0.00018049
0.99625000 0.00017594
0.99630000 0.00017138
0.99635000 0.00016683
0.99640000 0.00016227
0.99645000 0.00015771
0.99650000 0.00015315
0.99655000 0.00014859
0.99660000 0.00014402
0.99665000 0.00013946
0.99670000 0.00013489
0.99675000 0.00013032
0.99680000 0.00012575
0.99685000 0.00012118
0.99690000 0.00011660
0.99695000 0.00011203
0.99700000 0.00010745
0.99705000 0.00010288
0.99710000 0.00009830
0.99715000 0.00009372
0.99720000 0.00008914
0.99725000 0.00008455
0.99730000 0.00007997
0.99735000 0.00007538
0.99740000 0.00007079
0.99745000 0.00006620
0.99750000 0.00006161
0.99755000 0.00005702
0.99760000 0.00005243
0.99765000 0.00004783
0.99770000 0.00004323
0.99775000 0.00003864
0.99780000 0.00003404
0.99785000 0.00002944
0.99790000 0.00002483
0.99795000 0.00002023
0.99800000 0.00001562
0.99805000 0.00001102
0.99810000 0.00000641
0.99815000 0.00000180
0.99820000 -0.00000281
0.99825000 -0.00000743
0.99830000 -0.00001204
0.99835000 -0.00001666
0.99840000 -0.00002128
0.99845000 -0.00002589
0.99850000 -0.00003052
0.99855000 -0.00003514
0.99860000 -0.00003976
0.99865000 -0.00004439
0.99870000 -0.00004901
0.99875000 -0.00005364
0.99880000 -0.00005827
0.99885000 -0.00006290
0.99890000 -0.00006753
0.99895000 -0.00007217
0.99900000 -0.00007680
0.99905000 -0.00008144
0.99910000 -0.00008608
0.99915000 -0.00009072
0.99920000 -0.00009536
0.99925000 -0.00010000
0.99930000 -0.00010465
0.99935000 -0.00010929
0.99940000 -0.00011394
0.99945000 -0.00011859
0.99950000 -0.00012324
0.99955000 -0.00012789
0.99960000 -0.00013255
0.99965000 -0.00013720
0.99970000 -0.00014186
0.99975000 -0.00014652
0.99980000 -0.00015117
0.99985000 -0.00015584
0.99990000 -0.00016050
0.99995000 -0.00016516
1.00000000 -0.00016983
