X Z
1.00000000 0.00004102
0.99995000 0.00004996
0.99990000 0.00005890
0.99985000 0.00006785
0.99980000 0.00007679
0.99975000 0.00008574
0.99970000 0.00009468
0.99965000 0.00010363
0.99960000 0.00011258
0.99955000 0.00012153
0.99950000 0.00013048
0.99945000 0.00013943
0.99940000 0.00014839
0.99935000 0.00015734
0.99930000 0.00016629
0.99925000 0.00017524
0.99920000 0.00018419
0.99915000 0.00019315
0.99910000 0.00020210
0.99905000 0.00021106
0.99900000 0.00022002
0.99895000 0.00022898
0.99890000 0.00023794
0.99885000 0.00024690
0.99880000 0.00025586
0.99875000 0.00026483
0.99870000 0.00027379
0.99865000 0.00028276
0.99860000 0.00029172
0.99855000 0.00030069
0.99850000 0.00030966
0.99845000 0.00031863
0.99840000 0.00032760
0.99835000 0.00033658
0.99830000 0.00034555
0.99825000 0.00035452
0.99820000 0.00036350
0.99815000 0.00037248
0.99810000 0.00038146
0.99805000 0.00039044
0.99800000 0.00039942
0.99795000 0.00040840
0.99790000 0.00041738
0.99785000 0.00042637
0.99780000 0.00043535
0.99775000 0.00044434
0.99770000 0.00045333
0.99765000 0.00046231
0.99760000 0.00047130
0.99755000 0.00048028
0.99750000 0.00048927
0.99745000 0.00049825
0.99740000 0.00050724
0.99735000 0.00051623
0.99730000 0.00052522
0.99725000 0.00053421
0.99720000 0.00054320
0.99715000 0.00055220
0.99710000 0.00056119
0.99705000 0.00057019
0.99700000 0.00057919
0.99695000 0.00058819
0.99690000 0.00059718
0.99685000 0.00060619
0.99680000 0.00061519
0.99675000 0.00062419
0.99670000 0.00063320
0.99665000 0.00064220
0.99660000 0.00065121
0.99655000 0.00066022
0.99650000 0.00066923
0.99645000 0.00067824
0.99640000 0.00068725
0.99635000 0.00069626
0.99630000 0.00070528
0.99625000 0.00071429
0.99620000 0.00072331
0.99615000 0.00073233
0.99610000 0.00074134
0.99605000 0.00075036
0.99600000 0.00075939
0.99595000 0.00076841
0.99590000 0.00077743
0.99585000 0.00078646
0.99580000 0.00079548
0.99575000 0.00080451
0.99570000 0.00081354
0.99565000 0.00082257
0.99560000 0.00083160
0.99555000 0.00084063
0.99550000 0.00084967
0.99545000 0.00085870
0.99540000 0.00086774
0.99535000 0.00087678
0.99530000 0.00088581
0.99525000 0.00089485
0.99520000 0.00090389
0.99515000 0.00091294
0.99510000 0.00092198
0.99505000 0.00093102
0.99500000 0.00094007
0.99495000 0.00094912
0.99490000 0.00095817
0.99485000 0.00096722
0.99480000 0.00097627
0.99475000 0.00098532
0.99470000 0.00099436
0.99465000 0.00100340
0.99460000 0.00101245
0.99455000 0.00102149
0.99450000 0.00103054
0.99445000 0.00103959
0.99440000 0.00104864
0.99435000 0.00105769
0.99430000 0.00106674
0.99425000 0.00107580
0.99420000 0.00108485
0.99415000 0.00109391
0.99410000 0.00110297
0.99405000 0.00111202
0.99400000 0.00112108
0.99395000 0.00113015
0.99390000 0.00113921
0.99385000 0.00114827
0.99380000 0.00115734
0.99375000 0.00116640
0.99370000 0.00117547
0.99365000 0.00118454
0.99360000 0.00119361
0.99355000 0.00120268
0.99350000 0.00121176
0.99345000 0.00122083
0.99340000 0.00122991
0.99335000 0.00123898
0.99330000 0.00124806
0.99325000 0.00125714
0.99320000 0.00126622
0.99315000 0.00127530
0.99310000 0.00128438
0.99305000 0.00129347
0.99300000 0.00130256
0.99295000 0.00131164
0.99290000 0.00132073
0.99285000 0.00132982
0.99280000 0.00133891
0.99275000 0.00134800
0.99270000 0.00135710
0.99265000 0.00136619
0.99260000 0.00137529
0.99255000 0.00138438
0.99250000 0.00139348
0.99245000 0.00140258
0.99240000 0.00141168
0.99235000 0.00142079
0.99230000 0.00142989
0.99225000 0.00143900
0.99220000 0.00144810
0.99215000 0.00145721
0.99210000 0.00146632
0.99205000 0.00147543
0.99200000 0.00148454
0.99195000 0.00149365
0.99190000 0.00150277
0.99185000 0.00151188
0.99180000 0.00152100
0.99175000 0.00153012
0.99170000 0.00153924
0.99165000 0.00154836
0.99160000 0.00155748
0.99155000 0.00156660
0.99150000 0.00157573
0.99145000 0.00158485
0.99140000 0.00159398
0.99135000 0.00160311
0.99130000 0.00161224
0.99125000 0.00162137
0.99120000 0.00163050
0.99115000 0.00163964
0.99110000 0.00164877
0.99105000 0.00165791
0.99100000 0.00166705
0.99095000 0.00167618
0.99090000 0.00168532
0.99085000 0.00169447
0.99080000 0.00170361
0.99075000 0.00171275
0.99070000 0.00172190
0.99065000 0.00173104
0.99060000 0.00174017
0.99055000 0.00174931
0.99050000 0.00175845
0.99045000 0.00176759
0.99040000 0.00177673
0.99035000 0.00178587
0.99030000 0.00179502
0.99025000 0.00180416
0.99020000 0.00181331
0.99015000 0.00182246
0.99010000 0.00183161
0.99005000 0.00184076
0.99000000 0.00184991
0.98995000 0.00185907
0.98990000 0.00186822
0.98985000 0.00187738
0.98980000 0.00188654
0.98975000 0.00189570
0.98970000 0.00190486
0.98965000 0.00191402
0.98960000 0.00192319
0.98955000 0.00193235
0.98950000 0.00194152
0.98945000 0.00195069
0.98940000 0.00195986
0.98935000 0.00196903
0.98930000 0.00197820
0.98925000 0.00198737
0.98920000 0.00199655
0.98915000 0.00200572
0.98910000 0.00201490
0.98905000 0.00202408
0.98900000 0.00203326
0.98895000 0.00204244
0.98890000 0.00205162
0.98885000 0.00206081
0.98880000 0.00207000
0.98875000 0.00207918
0.98870000 0.00208837
0.98865000 0.00209756
0.98860000 0.00210675
0.98855000 0.00211594
0.98850000 0.00212514
0.98845000 0.00213433
0.98840000 0.00214353
0.98835000 0.00215273
0.98830000 0.00216193
0.98825000 0.00217113
0.98820000 0.00218033
0.98815000 0.00218954
0.98810000 0.00219874
0.98805000 0.00220795
0.98800000 0.00221715
0.98795000 0.00222636
0.98790000 0.00223557
0.98785000 0.00224479
0.98780000 0.00225400
0.98775000 0.00226321
0.98770000 0.00227243
0.98765000 0.00228165
0.98760000 0.00229086
0.98755000 0.00230008
0.98750000 0.00230931
0.98745000 0.00231853
0.98740000 0.00232775
0.98735000 0.00233698
0.98730000 0.00234620
0.98725000 0.00235543
0.98720000 0.00236466
0.98715000 0.00237389
0.98710000 0.00238312
0.98705000 0.00239236
0.98700000 0.00240159
0.98695000 0.00241083
0.98690000 0.00242006
0.98685000 0.00242930
0.98680000 0.00243854
0.98675000 0.00244778
0.98670000 0.00245703
0.98665000 0.00246627
0.98660000 0.00247552
0.98655000 0.00248476
0.98650000 0.00249401
0.98645000 0.00250326
0.98640000 0.00251251
0.98635000 0.00252176
0.98630000 0.00253102
0.98625000 0.00254027
0.98620000 0.00254953
0.98615000 0.00255878
0.98610000 0.00256804
0.98605000 0.00257730
0.98600000 0.00258656
0.98595000 0.00259583
0.98590000 0.00260509
0.98585000 0.00261436
0.98580000 0.00262362
0.98575000 0.00263289
0.98570000 0.00264216
0.98565000 0.00265143
0.98560000 0.00266070
0.98555000 0.00266997
0.98550000 0.00267925
0.98545000 0.00268852
0.98540000 0.00269779
0.98535000 0.00270706
0.98530000 0.00271634
0.98525000 0.00272561
0.98520000 0.00273489
0.98515000 0.00274416
0.98510000 0.00275344
0.98505000 0.00276272
0.98500000 0.00277201
0.98495000 0.00278129
0.98490000 0.00279058
0.98485000 0.00279986
0.98480000 0.00280915
0.98475000 0.00281844
0.98470000 0.00282773
0.98465000 0.00283702
0.98460000 0.00284632
0.98455000 0.00285561
0.98450000 0.00286491
0.98445000 0.00287421
0.98440000 0.00288351
0.98435000 0.00289281
0.98430000 0.00290211
0.98425000 0.00291142
0.98420000 0.00292072
0.98415000 0.00293003
0.98410000 0.00293934
0.98405000 0.00294865
0.98400000 0.00295796
0.98395000 0.00296727
0.98390000 0.00297659
0.98385000 0.00298590
0.98380000 0.00299522
0.98375000 0.00300454
0.98370000 0.00301386
0.98365000 0.00302318
0.98360000 0.00303250
0.98355000 0.00304183
0.98350000 0.00305115
0.98345000 0.00306048
0.98340000 0.00306981
0.98335000 0.00307914
0.98330000 0.00308847
0.98325000 0.00309780
0.98320000 0.00310714
0.98315000 0.00311647
0.98310000 0.00312581
0.98305000 0.00313515
0.98300000 0.00314449
0.98295000 0.00315383
0.98290000 0.00316317
0.98285000 0.00317251
0.98280000 0.00318186
0.98275000 0.00319121
0.98270000 0.00320056
0.98265000 0.00320990
0.98260000 0.00321926
0.98255000 0.00322861
0.98250000 0.00323796
0.98245000 0.00324732
0.98240000 0.00325667
0.98235000 0.00326603
0.98230000 0.00327539
0.98225000 0.00328475
0.98220000 0.00329411
0.98215000 0.00330348
0.98210000 0.00331284
0.98205000 0.00332221
0.98200000 0.00333158
0.98195000 0.00334095
0.98190000 0.00335032
0.98185000 0.00335969
0.98180000 0.00336906
0.98175000 0.00337844
0.98170000 0.00338781
0.98165000 0.00339719
0.98160000 0.00340657
0.98155000 0.00341595
0.98150000 0.00342533
0.98145000 0.00343471
0.98140000 0.00344409
0.98135000 0.00345348
0.98130000 0.00346287
0.98125000 0.00347225
0.98120000 0.00348164
0.98115000 0.00349103
0.98110000 0.00350043
0.98105000 0.00350982
0.98100000 0.00351921
0.98095000 0.00352861
0.98090000 0.00353801
0.98085000 0.00354740
0.98080000 0.00355680
0.98075000 0.00356620
0.98070000 0.00357561
0.98065000 0.00358501
0.98060000 0.00359442
0.98055000 0.00360382
0.98050000 0.00361323
0.98045000 0.00362264
0.98040000 0.00363205
0.98035000 0.00364146
0.98030000 0.00365087
0.98025000 0.00366028
0.98020000 0.00366970
0.98015000 0.00367912
0.98010000 0.00368853
0.98005000 0.00369795
0.98000000 0.00370737
0.97995000 0.00371679
0.97990000 0.00372622
0.97985000 0.00373564
0.97980000 0.00374506
0.97975000 0.00375449
0.97970000 0.00376392
0.97965000 0.00377335
0.97960000 0.00378278
0.97955000 0.00379221
0.97950000 0.00380164
0.97945000 0.00381107
0.97940000 0.00382051
0.97935000 0.00382994
0.97930000 0.00383938
0.97925000 0.00384882
0.97920000 0.00385826
0.97915000 0.00386770
0.97910000 0.00387715
0.97905000 0.00388660
0.97900000 0.00389606
0.97895000 0.00390551
0.97890000 0.00391497
0.97885000 0.00392443
0.97880000 0.00393389
0.97875000 0.00394336
0.97870000 0.00395282
0.97865000 0.00396229
0.97860000 0.00397176
0.97855000 0.00398123
0.97850000 0.00399070
0.97845000 0.00400017
0.97840000 0.00400964
0.97835000 0.00401912
0.97830000 0.00402860
0.97825000 0.00403807
0.97820000 0.00404755
0.97815000 0.00405704
0.97810000 0.00406652
0.97805000 0.00407600
0.97800000 0.00408549
0.97795000 0.00409498
0.97790000 0.00410446
0.97785000 0.00411395
0.97780000 0.00412345
0.97775000 0.00413294
0.97770000 0.00414243
0.97765000 0.00415193
0.97760000 0.00416143
0.97755000 0.00417093
0.97750000 0.00418043
0.97745000 0.00418993
0.97740000 0.00419943
0.97735000 0.00420894
0.97730000 0.00421844
0.97725000 0.00422795
0.97720000 0.00423746
0.97715000 0.00424697
0.97710000 0.00425648
0.97705000 0.00426600
0.97700000 0.00427551
0.97695000 0.00428503
0.97690000 0.00429454
0.97685000 0.00430406
0.97680000 0.00431358
0.97675000 0.00432311
0.97670000 0.00433263
0.97665000 0.00434215
0.97660000 0.00435168
0.97655000 0.00436121
0.97650000 0.00437074
0.97645000 0.00438027
0.97640000 0.00438980
0.97635000 0.00439933
0.97630000 0.00440887
0.97625000 0.00441840
0.97620000 0.00442794
0.97615000 0.00443748
0.97610000 0.00444702
0.97605000 0.00445656
0.97600000 0.00446610
0.97595000 0.00447564
0.97590000 0.00448519
0.97585000 0.00449474
0.97580000 0.00450428
0.97575000 0.00451383
0.97570000 0.00452338
0.97565000 0.00453293
0.97560000 0.00454249
0.97555000 0.00455204
0.97550000 0.00456160
0.97545000 0.00457115
0.97540000 0.00458071
0.97535000 0.00459027
0.97530000 0.00459983
0.97525000 0.00460940
0.97520000 0.00461896
0.97515000 0.00462852
0.97510000 0.00463809
0.97505000 0.00464766
0.97500000 0.00465723
0.97495000 0.00466680
0.97490000 0.00467637
0.97485000 0.00468594
0.97480000 0.00469551
0.97475000 0.00470509
0.97470000 0.00471466
0.97465000 0.00472424
0.97460000 0.00473382
0.97455000 0.00474340
0.97450000 0.00475298
0.97445000 0.00476256
0.97440000 0.00477215
0.97435000 0.00478173
0.97430000 0.00479132
0.97425000 0.00480090
0.97420000 0.00481049
0.97415000 0.00482008
0.97410000 0.00482967
0.97405000 0.00483926
0.97400000 0.00484886
0.97395000 0.00485845
0.97390000 0.00486804
0.97385000 0.00487764
0.97380000 0.00488724
0.97375000 0.00489684
0.97370000 0.00490644
0.97365000 0.00491604
0.97360000 0.00492564
0.97355000 0.00493524
0.97350000 0.00494485
0.97345000 0.00495445
0.97340000 0.00496406
0.97335000 0.00497367
0.97330000 0.00498328
0.97325000 0.00499288
0.97320000 0.00500250
0.97315000 0.00501211
0.97310000 0.00502172
0.97305000 0.00503133
0.97300000 0.00504095
0.97295000 0.00505057
0.97290000 0.00506018
0.97285000 0.00506980
0.97280000 0.00507942
0.97275000 0.00508904
0.97270000 0.00509866
0.97265000 0.00510829
0.97260000 0.00511791
0.97255000 0.00512753
0.97250000 0.00513716
0.97245000 0.00514679
0.97240000 0.00515641
0.97235000 0.00516604
0.97230000 0.00517567
0.97225000 0.00518530
0.97220000 0.00519493
0.97215000 0.00520456
0.97210000 0.00521420
0.97205000 0.00522383
0.97200000 0.00523347
0.97195000 0.00524310
0.97190000 0.00525274
0.97185000 0.00526238
0.97180000 0.00527202
0.97175000 0.00528166
0.97170000 0.00529130
0.97165000 0.00530095
0.97160000 0.00531064
0.97155000 0.00532034
0.97150000 0.00533003
0.97145000 0.00533973
0.97140000 0.00534943
0.97135000 0.00535913
0.97130000 0.00536883
0.97125000 0.00537854
0.97120000 0.00538824
0.97115000 0.00539795
0.97110000 0.00540766
0.97105000 0.00541737
0.97100000 0.00542708
0.97095000 0.00543680
0.97090000 0.00544651
0.97085000 0.00545623
0.97080000 0.00546594
0.97075000 0.00547566
0.97070000 0.00548538
0.97065000 0.00549510
0.97060000 0.00550483
0.97055000 0.00551455
0.97050000 0.00552428
0.97045000 0.00553401
0.97040000 0.00554373
0.97035000 0.00555346
0.97030000 0.00556320
0.97025000 0.00557293
0.97020000 0.00558266
0.97015000 0.00559240
0.97010000 0.00560214
0.97005000 0.00561188
0.97000000 0.00562162
0.96995000 0.00563136
0.96990000 0.00564110
0.96985000 0.00565084
0.96980000 0.00566059
0.96975000 0.00567034
0.96970000 0.00568008
0.96965000 0.00568983
0.96960000 0.00569958
0.96955000 0.00570934
0.96950000 0.00571909
0.96945000 0.00572884
0.96940000 0.00573860
0.96935000 0.00574836
0.96930000 0.00575812
0.96925000 0.00576788
0.96920000 0.00577764
0.96915000 0.00578740
0.96910000 0.00579716
0.96905000 0.00580693
0.96900000 0.00581670
0.96895000 0.00582646
0.96890000 0.00583623
0.96885000 0.00584600
0.96880000 0.00585577
0.96875000 0.00586555
0.96870000 0.00587532
0.96865000 0.00588509
0.96860000 0.00589487
0.96855000 0.00590465
0.96850000 0.00591443
0.96845000 0.00592421
0.96840000 0.00593399
0.96835000 0.00594377
0.96830000 0.00595355
0.96825000 0.00596334
0.96820000 0.00597312
0.96815000 0.00598291
0.96810000 0.00599270
0.96805000 0.00600249
0.96800000 0.00601228
0.96795000 0.00602207
0.96790000 0.00603186
0.96785000 0.00604166
0.96780000 0.00605145
0.96775000 0.00606125
0.96770000 0.00607104
0.96765000 0.00608084
0.96760000 0.00609064
0.96755000 0.00610044
0.96750000 0.00611024
0.96745000 0.00612005
0.96740000 0.00612985
0.96735000 0.00613965
0.96730000 0.00614946
0.96725000 0.00615927
0.96720000 0.00616907
0.96715000 0.00617888
0.96710000 0.00618869
0.96705000 0.00619850
0.96700000 0.00620832
0.96695000 0.00621813
0.96690000 0.00622794
0.96685000 0.00623776
0.96680000 0.00624757
0.96675000 0.00625739
0.96670000 0.00626721
0.96665000 0.00627703
0.96660000 0.00628685
0.96655000 0.00629667
0.96650000 0.00630649
0.96645000 0.00631631
0.96640000 0.00632613
0.96635000 0.00633596
0.96630000 0.00634578
0.96625000 0.00635561
0.96620000 0.00636544
0.96615000 0.00637527
0.96610000 0.00638509
0.96605000 0.00639492
0.96600000 0.00640475
0.96595000 0.00641459
0.96590000 0.00642442
0.96585000 0.00643425
0.96580000 0.00644409
0.96575000 0.00645392
0.96570000 0.00646376
0.96565000 0.00647359
0.96560000 0.00648343
0.96555000 0.00649327
0.96550000 0.00650311
0.96545000 0.00651295
0.96540000 0.00652279
0.96535000 0.00653263
0.96530000 0.00654247
0.96525000 0.00655231
0.96520000 0.00656216
0.96515000 0.00657200
0.96510000 0.00658185
0.96505000 0.00659169
0.96500000 0.00660154
0.96495000 0.00661139
0.96490000 0.00662123
0.96485000 0.00663108
0.96480000 0.00664093
0.96475000 0.00665078
0.96470000 0.00666063
0.96465000 0.00667048
0.96460000 0.00668033
0.96455000 0.00669019
0.96450000 0.00670004
0.96445000 0.00670989
0.96440000 0.00671975
0.96435000 0.00672960
0.96430000 0.00673946
0.96425000 0.00674931
0.96420000 0.00675917
0.96415000 0.00676903
0.96410000 0.00677889
0.96405000 0.00678874
0.96400000 0.00679860
0.96395000 0.00680846
0.96390000 0.00681832
0.96385000 0.00682818
0.96380000 0.00683804
0.96375000 0.00684791
0.96370000 0.00685777
0.96365000 0.00686763
0.96360000 0.00687749
0.96355000 0.00688736
0.96350000 0.00689722
0.96345000 0.00690708
0.96340000 0.00691695
0.96335000 0.00692681
0.96330000 0.00693668
0.96325000 0.00694655
0.96320000 0.00695641
0.96315000 0.00696628
0.96310000 0.00697615
0.96305000 0.00698611
0.96300000 0.00699611
0.96295000 0.00700611
0.96290000 0.00701611
0.96285000 0.00702611
0.96280000 0.00703611
0.96275000 0.00704612
0.96270000 0.00705612
0.96265000 0.00706613
0.96260000 0.00707614
0.96255000 0.00708615
0.96250000 0.00709616
0.96245000 0.00710617
0.96240000 0.00711619
0.96235000 0.00712620
0.96230000 0.00713622
0.96225000 0.00714624
0.96220000 0.00715626
0.96215000 0.00716628
0.96210000 0.00717630
0.96205000 0.00718632
0.96200000 0.00719634
0.96195000 0.00720637
0.96190000 0.00721639
0.96185000 0.00722642
0.96180000 0.00723645
0.96175000 0.00724648
0.96170000 0.00725651
0.96165000 0.00726654
0.96160000 0.00727658
0.96155000 0.00728661
0.96150000 0.00729665
0.96145000 0.00730668
0.96140000 0.00731672
0.96135000 0.00732676
0.96130000 0.00733680
0.96125000 0.00734684
0.96120000 0.00735689
0.96115000 0.00736693
0.96110000 0.00737697
0.96105000 0.00738702
0.96100000 0.00739707
0.96095000 0.00740711
0.96090000 0.00741716
0.96085000 0.00742721
0.96080000 0.00743726
0.96075000 0.00744732
0.96070000 0.00745737
0.96065000 0.00746742
0.96060000 0.00747748
0.96055000 0.00748754
0.96050000 0.00749759
0.96045000 0.00750765
0.96040000 0.00751771
0.96035000 0.00752777
0.96030000 0.00753783
0.96025000 0.00754789
0.96020000 0.00755796
0.96015000 0.00756802
0.96010000 0.00757809
0.96005000 0.00758815
0.96000000 0.00759822
0.95995000 0.00760829
0.95990000 0.00761835
0.95985000 0.00762842
0.95980000 0.00763849
0.95975000 0.00764856
0.95970000 0.00765864
0.95965000 0.00766871
0.95960000 0.00767878
0.95955000 0.00768886
0.95950000 0.00769893
0.95945000 0.00770901
0.95940000 0.00771909
0.95935000 0.00772916
0.95930000 0.00773924
0.95925000 0.00774932
0.95920000 0.00775940
0.95915000 0.00776948
0.95910000 0.00777957
0.95905000 0.00778965
0.95900000 0.00779973
0.95895000 0.00780982
0.95890000 0.00781990
0.95885000 0.00782999
0.95880000 0.00784007
0.95875000 0.00785016
0.95870000 0.00786025
0.95865000 0.00787033
0.95860000 0.00788042
0.95855000 0.00789051
0.95850000 0.00790060
0.95845000 0.00791069
0.95840000 0.00792078
0.95835000 0.00793088
0.95830000 0.00794097
0.95825000 0.00795106
0.95820000 0.00796116
0.95815000 0.00797125
0.95810000 0.00798135
0.95805000 0.00799144
0.95800000 0.00800154
0.95795000 0.00801163
0.95790000 0.00802173
0.95785000 0.00803183
0.95780000 0.00804193
0.95775000 0.00805203
0.95770000 0.00806212
0.95765000 0.00807222
0.95760000 0.00808232
0.95755000 0.00809242
0.95750000 0.00810253
0.95745000 0.00811263
0.95740000 0.00812273
0.95735000 0.00813283
0.95730000 0.00814293
0.95725000 0.00815304
0.95720000 0.00816314
0.95715000 0.00817325
0.95710000 0.00818335
0.95705000 0.00819345
0.95700000 0.00820356
0.95695000 0.00821366
0.95690000 0.00822377
0.95685000 0.00823388
0.95680000 0.00824398
0.95675000 0.00825409
0.95670000 0.00826420
0.95665000 0.00827430
0.95660000 0.00828441
0.95655000 0.00829452
0.95650000 0.00830463
0.95645000 0.00831473
0.95640000 0.00832484
0.95635000 0.00833495
0.95630000 0.00834506
0.95625000 0.00835517
0.95620000 0.00836528
0.95615000 0.00837539
0.95610000 0.00838550
0.95605000 0.00839561
0.95600000 0.00840572
0.95595000 0.00841583
0.95590000 0.00842594
0.95585000 0.00843605
0.95580000 0.00844616
0.95575000 0.00845627
0.95570000 0.00846638
0.95565000 0.00847649
0.95560000 0.00848660
0.95555000 0.00849671
0.95550000 0.00850682
0.95545000 0.00851693
0.95540000 0.00852704
0.95535000 0.00853715
0.95530000 0.00854726
0.95525000 0.00855737
0.95520000 0.00856748
0.95515000 0.00857759
0.95510000 0.00858770
0.95505000 0.00859781
0.95500000 0.00860792
0.95495000 0.00861803
0.95490000 0.00862814
0.95485000 0.00863825
0.95480000 0.00864836
0.95475000 0.00865847
0.95470000 0.00866858
0.95465000 0.00867869
0.95460000 0.00868880
0.95455000 0.00869891
0.95450000 0.00870901
0.95445000 0.00871912
0.95440000 0.00872923
0.95435000 0.00873934
0.95430000 0.00874944
0.95425000 0.00875955
0.95420000 0.00876966
0.95415000 0.00877976
0.95410000 0.00878987
0.95405000 0.00879998
0.95400000 0.00881008
0.95395000 0.00882019
0.95390000 0.00883029
0.95385000 0.00884040
0.95380000 0.00885050
0.95375000 0.00886060
0.95370000 0.00887071
0.95365000 0.00888081
0.95360000 0.00889091
0.95355000 0.00890101
0.95350000 0.00891112
0.95345000 0.00892122
0.95340000 0.00893152
0.95335000 0.00894189
0.95330000 0.00895226
0.95325000 0.00896264
0.95320000 0.00897301
0.95315000 0.00898339
0.95310000 0.00899377
0.95305000 0.00900415
0.95300000 0.00901453
0.95295000 0.00902491
0.95290000 0.00903529
0.95285000 0.00904567
0.95280000 0.00905605
0.95275000 0.00906644
0.95270000 0.00907682
0.95265000 0.00908721
0.95260000 0.00909759
0.95255000 0.00910798
0.95250000 0.00911837
0.95245000 0.00912876
0.95240000 0.00913915
0.95235000 0.00914954
0.95230000 0.00915993
0.95225000 0.00917033
0.95220000 0.00918072
0.95215000 0.00919111
0.95210000 0.00920151
0.95205000 0.00921190
0.95200000 0.00922230
0.95195000 0.00923270
0.95190000 0.00924310
0.95185000 0.00925350
0.95180000 0.00926390
0.95175000 0.00927430
0.95170000 0.00928470
0.95165000 0.00929510
0.95160000 0.00930550
0.95155000 0.00931590
0.95150000 0.00932631
0.95145000 0.00933671
0.95140000 0.00934712
0.95135000 0.00935752
0.95130000 0.00936793
0.95125000 0.00937834
0.95120000 0.00938874
0.95115000 0.00939915
0.95110000 0.00940956
0.95105000 0.00941997
0.95100000 0.00943038
0.95095000 0.00944079
0.95090000 0.00945120
0.95085000 0.00946161
0.95080000 0.00947203
0.95075000 0.00948244
0.95070000 0.00949285
0.95065000 0.00950327
0.95060000 0.00951368
0.95055000 0.00952409
0.95050000 0.00953451
0.95045000 0.00954492
0.95040000 0.00955534
0.95035000 0.00956576
0.95030000 0.00957617
0.95025000 0.00958659
0.95020000 0.00959701
0.95015000 0.00960743
0.95010000 0.00961784
0.95005000 0.00962826
0.95000000 0.00963868
0.94995000 0.00964910
0.94990000 0.00965952
0.94985000 0.00966994
0.94980000 0.00968036
0.94975000 0.00969078
0.94970000 0.00970120
0.94965000 0.00971162
0.94960000 0.00972204
0.94955000 0.00973246
0.94950000 0.00974289
0.94945000 0.00975331
0.94940000 0.00976373
0.94935000 0.00977415
0.94930000 0.00978457
0.94925000 0.00979500
0.94920000 0.00980542
0.94915000 0.00981584
0.94910000 0.00982626
0.94905000 0.00983669
0.94900000 0.00984711
0.94895000 0.00985753
0.94890000 0.00986796
0.94885000 0.00987838
0.94880000 0.00988880
0.94875000 0.00989923
0.94870000 0.00990965
0.94865000 0.00992007
0.94860000 0.00993050
0.94855000 0.00994092
0.94850000 0.00995134
0.94845000 0.00996177
0.94840000 0.00997219
0.94835000 0.00998261
0.94830000 0.00999304
0.94825000 0.01000346
0.94820000 0.01001388
0.94815000 0.01002431
0.94810000 0.01003473
0.94805000 0.01004515
0.94800000 0.01005557
0.94795000 0.01006599
0.94790000 0.01007642
0.94785000 0.01008684
0.94780000 0.01009726
0.94775000 0.01010768
0.94770000 0.01011810
0.94765000 0.01012852
0.94760000 0.01013894
0.94755000 0.01014936
0.94750000 0.01015978
0.94745000 0.01017020
0.94740000 0.01018062
0.94735000 0.01019104
0.94730000 0.01020146
0.94725000 0.01021188
0.94720000 0.01022230
0.94715000 0.01023271
0.94710000 0.01024313
0.94705000 0.01025355
0.94700000 0.01026396
0.94695000 0.01027438
0.94690000 0.01028480
0.94685000 0.01029521
0.94680000 0.01030563
0.94675000 0.01031604
0.94670000 0.01032645
0.94665000 0.01033687
0.94660000 0.01034728
0.94655000 0.01035769
0.94650000 0.01036810
0.94645000 0.01037851
0.94640000 0.01038892
0.94635000 0.01039933
0.94630000 0.01040974
0.94625000 0.01042015
0.94620000 0.01043056
0.94615000 0.01044096
0.94610000 0.01045137
0.94605000 0.01046177
0.94600000 0.01047218
0.94595000 0.01048258
0.94590000 0.01049299
0.94585000 0.01050339
0.94580000 0.01051379
0.94575000 0.01052419
0.94570000 0.01053459
0.94565000 0.01054499
0.94560000 0.01055539
0.94555000 0.01056579
0.94550000 0.01057618
0.94545000 0.01058658
0.94540000 0.01059698
0.94535000 0.01060737
0.94530000 0.01061776
0.94525000 0.01062816
0.94520000 0.01063855
0.94515000 0.01064894
0.94510000 0.01065933
0.94505000 0.01066972
0.94500000 0.01068010
0.94495000 0.01069049
0.94490000 0.01070087
0.94485000 0.01071126
0.94480000 0.01072164
0.94475000 0.01073202
0.94470000 0.01074240
0.94465000 0.01075278
0.94460000 0.01076316
0.94455000 0.01077354
0.94450000 0.01078392
0.94445000 0.01079429
0.94440000 0.01080467
0.94435000 0.01081504
0.94430000 0.01082541
0.94425000 0.01083578
0.94420000 0.01084615
0.94415000 0.01085652
0.94410000 0.01086689
0.94405000 0.01087725
0.94400000 0.01088761
0.94395000 0.01089798
0.94390000 0.01090834
0.94385000 0.01091870
0.94380000 0.01092906
0.94375000 0.01093941
0.94370000 0.01094977
0.94365000 0.01096012
0.94360000 0.01097048
0.94355000 0.01098083
0.94350000 0.01099118
0.94345000 0.01100153
0.94340000 0.01101187
0.94335000 0.01102222
0.94330000 0.01103256
0.94325000 0.01104290
0.94320000 0.01105324
0.94315000 0.01106358
0.94310000 0.01107392
0.94305000 0.01108426
0.94300000 0.01109459
0.94295000 0.01110492
0.94290000 0.01111525
0.94285000 0.01112558
0.94280000 0.01113591
0.94275000 0.01114623
0.94270000 0.01115684
0.94265000 0.01116766
0.94260000 0.01117848
0.94255000 0.01118930
0.94250000 0.01120012
0.94245000 0.01121094
0.94240000 0.01122176
0.94235000 0.01123258
0.94230000 0.01124341
0.94225000 0.01125423
0.94220000 0.01126505
0.94215000 0.01127588
0.94210000 0.01128670
0.94205000 0.01129752
0.94200000 0.01130835
0.94195000 0.01131917
0.94190000 0.01133000
0.94185000 0.01134082
0.94180000 0.01135165
0.94175000 0.01136248
0.94170000 0.01137330
0.94165000 0.01138413
0.94160000 0.01139495
0.94155000 0.01140578
0.94150000 0.01141661
0.94145000 0.01142743
0.94140000 0.01143826
0.94135000 0.01144909
0.94130000 0.01145991
0.94125000 0.01147074
0.94120000 0.01148157
0.94115000 0.01149240
0.94110000 0.01150322
0.94105000 0.01151405
0.94100000 0.01152488
0.94095000 0.01153571
0.94090000 0.01154653
0.94085000 0.01155736
0.94080000 0.01156819
0.94075000 0.01157901
0.94070000 0.01158984
0.94065000 0.01160067
0.94060000 0.01161150
0.94055000 0.01162232
0.94050000 0.01163315
0.94045000 0.01164398
0.94040000 0.01165480
0.94035000 0.01166563
0.94030000 0.01167645
0.94025000 0.01168728
0.94020000 0.01169811
0.94015000 0.01170893
0.94010000 0.01171976
0.94005000 0.01173058
0.94000000 0.01174141
0.93995000 0.01175223
0.93990000 0.01176305
0.93985000 0.01177388
0.93980000 0.01178470
0.93975000 0.01179552
0.93970000 0.01180635
0.93965000 0.01181717
0.93960000 0.01182799
0.93955000 0.01183881
0.93950000 0.01184963
0.93945000 0.01186045
0.93940000 0.01187127
0.93935000 0.01188209
0.93930000 0.01189291
0.93925000 0.01190373
0.93920000 0.01191455
0.93915000 0.01192537
0.93910000 0.01193618
0.93905000 0.01194700
0.93900000 0.01195782
0.93895000 0.01196863
0.93890000 0.01197945
0.93885000 0.01199026
0.93880000 0.01200107
0.93875000 0.01201189
0.93870000 0.01202270
0.93865000 0.01203351
0.93860000 0.01204432
0.93855000 0.01205513
0.93850000 0.01206594
0.93845000 0.01207675
0.93840000 0.01208756
0.93835000 0.01209836
0.93830000 0.01210917
0.93825000 0.01211997
0.93820000 0.01213078
0.93815000 0.01214158
0.93810000 0.01215238
0.93805000 0.01216319
0.93800000 0.01217399
0.93795000 0.01218479
0.93790000 0.01219559
0.93785000 0.01220639
0.93780000 0.01221718
0.93775000 0.01222798
0.93770000 0.01223877
0.93765000 0.01224957
0.93760000 0.01226036
0.93755000 0.01227115
0.93750000 0.01228195
0.93745000 0.01229274
0.93740000 0.01230353
0.93735000 0.01231431
0.93730000 0.01232510
0.93725000 0.01233589
0.93720000 0.01234667
0.93715000 0.01235745
0.93710000 0.01236824
0.93705000 0.01237902
0.93700000 0.01238980
0.93695000 0.01240058
0.93690000 0.01241135
0.93685000 0.01242213
0.93680000 0.01243290
0.93675000 0.01244368
0.93670000 0.01245445
0.93665000 0.01246522
0.93660000 0.01247599
0.93655000 0.01248676
0.93650000 0.01249752
0.93645000 0.01250829
0.93640000 0.01251905
0.93635000 0.01252981
0.93630000 0.01254058
0.93625000 0.01255133
0.93620000 0.01256209
0.93615000 0.01257285
0.93610000 0.01258360
0.93605000 0.01259436
0.93600000 0.01260511
0.93595000 0.01261586
0.93590000 0.01262661
0.93585000 0.01263735
0.93580000 0.01264810
0.93575000 0.01265884
0.93570000 0.01266959
0.93565000 0.01268033
0.93560000 0.01269106
0.93555000 0.01270180
0.93550000 0.01271254
0.93545000 0.01272327
0.93540000 0.01273400
0.93535000 0.01274473
0.93530000 0.01275546
0.93525000 0.01276618
0.93520000 0.01277691
0.93515000 0.01278763
0.93510000 0.01279835
0.93505000 0.01280907
0.93500000 0.01281979
0.93495000 0.01283050
0.93490000 0.01284121
0.93485000 0.01285192
0.93480000 0.01286263
0.93475000 0.01287334
0.93470000 0.01288404
0.93465000 0.01289475
0.93460000 0.01290545
0.93455000 0.01291614
0.93450000 0.01292684
0.93445000 0.01293754
0.93440000 0.01294823
0.93435000 0.01295892
0.93430000 0.01296960
0.93425000 0.01298029
0.93420000 0.01299097
0.93415000 0.01300165
0.93410000 0.01301233
0.93405000 0.01302301
0.93400000 0.01303368
0.93395000 0.01304435
0.93390000 0.01305502
0.93385000 0.01306569
0.93380000 0.01307636
0.93375000 0.01308702
0.93370000 0.01309768
0.93365000 0.01310833
0.93360000 0.01311899
0.93355000 0.01312964
0.93350000 0.01314029
0.93345000 0.01315094
0.93340000 0.01316158
0.93335000 0.01317223
0.93330000 0.01318287
0.93325000 0.01319350
0.93320000 0.01320414
0.93315000 0.01321477
0.93310000 0.01322540
0.93305000 0.01323603
0.93300000 0.01324665
0.93295000 0.01325727
0.93290000 0.01326789
0.93285000 0.01327850
0.93280000 0.01328912
0.93275000 0.01329973
0.93270000 0.01331033
0.93265000 0.01332094
0.93260000 0.01333154
0.93255000 0.01334214
0.93250000 0.01335273
0.93245000 0.01336333
0.93240000 0.01337392
0.93235000 0.01338450
0.93230000 0.01339509
0.93225000 0.01340567
0.93220000 0.01341625
0.93215000 0.01342682
0.93210000 0.01343739
0.93205000 0.01344796
0.93200000 0.01345853
0.93195000 0.01346909
0.93190000 0.01347965
0.93185000 0.01349021
0.93180000 0.01350076
0.93175000 0.01351131
0.93170000 0.01352185
0.93165000 0.01353240
0.93160000 0.01354294
0.93155000 0.01355347
0.93150000 0.01356401
0.93145000 0.01357454
0.93140000 0.01358506
0.93135000 0.01359559
0.93130000 0.01360611
0.93125000 0.01361662
0.93120000 0.01362714
0.93115000 0.01363765
0.93110000 0.01364815
0.93105000 0.01365866
0.93100000 0.01366915
0.93095000 0.01368025
0.93090000 0.01369161
0.93085000 0.01370297
0.93080000 0.01371432
0.93075000 0.01372568
0.93070000 0.01373704
0.93065000 0.01374839
0.93060000 0.01375975
0.93055000 0.01377110
0.93050000 0.01378245
0.93045000 0.01379381
0.93040000 0.01380516
0.93035000 0.01381651
0.93030000 0.01382786
0.93025000 0.01383921
0.93020000 0.01385056
0.93015000 0.01386191
0.93010000 0.01387326
0.93005000 0.01388461
0.93000000 0.01389595
0.92995000 0.01390730
0.92990000 0.01391865
0.92985000 0.01392999
0.92980000 0.01394133
0.92975000 0.01395268
0.92970000 0.01396402
0.92965000 0.01397536
0.92960000 0.01398670
0.92955000 0.01399804
0.92950000 0.01400938
0.92945000 0.01402072
0.92940000 0.01403205
0.92935000 0.01404339
0.92930000 0.01405473
0.92925000 0.01406606
0.92920000 0.01407739
0.92915000 0.01408872
0.92910000 0.01410005
0.92905000 0.01411138
0.92900000 0.01412271
0.92895000 0.01413404
0.92890000 0.01414537
0.92885000 0.01415669
0.92880000 0.01416802
0.92875000 0.01417934
0.92870000 0.01419066
0.92865000 0.01420198
0.92860000 0.01421330
0.92855000 0.01422462
0.92850000 0.01423594
0.92845000 0.01424725
0.92840000 0.01425857
0.92835000 0.01426988
0.92830000 0.01428119
0.92825000 0.01429250
0.92820000 0.01430381
0.92815000 0.01431512
0.92810000 0.01432642
0.92805000 0.01433773
0.92800000 0.01434903
0.92795000 0.01436033
0.92790000 0.01437163
0.92785000 0.01438293
0.92780000 0.01439423
0.92775000 0.01440552
0.92770000 0.01441682
0.92765000 0.01442811
0.92760000 0.01443940
0.92755000 0.01445069
0.92750000 0.01446198
0.92745000 0.01447326
0.92740000 0.01448455
0.92735000 0.01449583
0.92730000 0.01450711
0.92725000 0.01451839
0.92720000 0.01452967
0.92715000 0.01454094
0.92710000 0.01455222
0.92705000 0.01456349
0.92700000 0.01457476
0.92695000 0.01458603
0.92690000 0.01459729
0.92685000 0.01460856
0.92680000 0.01461982
0.92675000 0.01463108
0.92670000 0.01464234
0.92665000 0.01465359
0.92660000 0.01466485
0.92655000 0.01467610
0.92650000 0.01468735
0.92645000 0.01469860
0.92640000 0.01470985
0.92635000 0.01472109
0.92630000 0.01473233
0.92625000 0.01474357
0.92620000 0.01475481
0.92615000 0.01476605
0.92610000 0.01477728
0.92605000 0.01478851
0.92600000 0.01479974
0.92595000 0.01481097
0.92590000 0.01482219
0.92585000 0.01483342
0.92580000 0.01484464
0.92575000 0.01485585
0.92570000 0.01486707
0.92565000 0.01487828
0.92560000 0.01488949
0.92555000 0.01490070
0.92550000 0.01491191
0.92545000 0.01492311
0.92540000 0.01493431
0.92535000 0.01494551
0.92530000 0.01495670
0.92525000 0.01496790
0.92520000 0.01497909
0.92515000 0.01499028
0.92510000 0.01500146
0.92505000 0.01501264
0.92500000 0.01502382
0.92495000 0.01503500
0.92490000 0.01504618
0.92485000 0.01505735
0.92480000 0.01506852
0.92475000 0.01507968
0.92470000 0.01509085
0.92465000 0.01510201
0.92460000 0.01511317
0.92455000 0.01512432
0.92450000 0.01513547
0.92445000 0.01514662
0.92440000 0.01515777
0.92435000 0.01516891
0.92430000 0.01518006
0.92425000 0.01519119
0.92420000 0.01520233
0.92415000 0.01521346
0.92410000 0.01522459
0.92405000 0.01523571
0.92400000 0.01524684
0.92395000 0.01525796
0.92390000 0.01526907
0.92385000 0.01528019
0.92380000 0.01529130
0.92375000 0.01530240
0.92370000 0.01531351
0.92365000 0.01532461
0.92360000 0.01533571
0.92355000 0.01534680
0.92350000 0.01535789
0.92345000 0.01536898
0.92340000 0.01538006
0.92335000 0.01539114
0.92330000 0.01540222
0.92325000 0.01541329
0.92320000 0.01542436
0.92315000 0.01543543
0.92310000 0.01544649
0.92305000 0.01545756
0.92300000 0.01546861
0.92295000 0.01547966
0.92290000 0.01549071
0.92285000 0.01550176
0.92280000 0.01551280
0.92275000 0.01552384
0.92270000 0.01553488
0.92265000 0.01554591
0.92260000 0.01555693
0.92255000 0.01556796
0.92250000 0.01557898
0.92245000 0.01558999
0.92240000 0.01560101
0.92235000 0.01561202
0.92230000 0.01562302
0.92225000 0.01563402
0.92220000 0.01564502
0.92215000 0.01565601
0.92210000 0.01566700
0.92205000 0.01567799
0.92200000 0.01568897
0.92195000 0.01569994
0.92190000 0.01571092
0.92185000 0.01572189
0.92180000 0.01573285
0.92175000 0.01574381
0.92170000 0.01575477
0.92165000 0.01576572
0.92160000 0.01577667
0.92155000 0.01578762
0.92150000 0.01579856
0.92145000 0.01580949
0.92140000 0.01582042
0.92135000 0.01583135
0.92130000 0.01584227
0.92125000 0.01585319
0.92120000 0.01586411
0.92115000 0.01587502
0.92110000 0.01588592
0.92105000 0.01589682
0.92100000 0.01590772
0.92095000 0.01591861
0.92090000 0.01592950
0.92085000 0.01594038
0.92080000 0.01595126
0.92075000 0.01596213
0.92070000 0.01597300
0.92065000 0.01598387
0.92060000 0.01599473
0.92055000 0.01600558
0.92050000 0.01601644
0.92045000 0.01602728
0.92040000 0.01603812
0.92035000 0.01604896
0.92030000 0.01605979
0.92025000 0.01607062
0.92020000 0.01608144
0.92015000 0.01609226
0.92010000 0.01610307
0.92005000 0.01611388
0.92000000 0.01612468
0.91995000 0.01613548
0.91990000 0.01614627
0.91985000 0.01615705
0.91980000 0.01616784
0.91975000 0.01617861
0.91970000 0.01618939
0.91965000 0.01620015
0.91960000 0.01621091
0.91955000 0.01622167
0.91950000 0.01623242
0.91945000 0.01624317
0.91940000 0.01625391
0.91935000 0.01626465
0.91930000 0.01627538
0.91925000 0.01628610
0.91920000 0.01629682
0.91915000 0.01630753
0.91910000 0.01631824
0.91905000 0.01632895
0.91900000 0.01633964
0.91895000 0.01635034
0.91890000 0.01636102
0.91885000 0.01637171
0.91880000 0.01638238
0.91875000 0.01639305
0.91870000 0.01640372
0.91865000 0.01641438
0.91860000 0.01642503
0.91855000 0.01643568
0.91850000 0.01644632
0.91845000 0.01645695
0.91840000 0.01646758
0.91835000 0.01647821
0.91830000 0.01648883
0.91825000 0.01649944
0.91820000 0.01651102
0.91815000 0.01652300
0.91810000 0.01653499
0.91805000 0.01654697
0.91800000 0.01655895
0.91795000 0.01657093
0.91790000 0.01658291
0.91785000 0.01659488
0.91780000 0.01660686
0.91775000 0.01661883
0.91770000 0.01663080
0.91765000 0.01664277
0.91760000 0.01665473
0.91755000 0.01666670
0.91750000 0.01667866
0.91745000 0.01669062
0.91740000 0.01670258
0.91735000 0.01671453
0.91730000 0.01672649
0.91725000 0.01673844
0.91720000 0.01675039
0.91715000 0.01676233
0.91710000 0.01677428
0.91705000 0.01678622
0.91700000 0.01679816
0.91695000 0.01681010
0.91690000 0.01682204
0.91685000 0.01683397
0.91680000 0.01684590
0.91675000 0.01685783
0.91670000 0.01686976
0.91665000 0.01688169
0.91660000 0.01689361
0.91655000 0.01690553
0.91650000 0.01691745
0.91645000 0.01692936
0.91640000 0.01694127
0.91635000 0.01695318
0.91630000 0.01696509
0.91625000 0.01697700
0.91620000 0.01698890
0.91615000 0.01700080
0.91610000 0.01701270
0.91605000 0.01702459
0.91600000 0.01703648
0.91595000 0.01704837
0.91590000 0.01706026
0.91585000 0.01707214
0.91580000 0.01708402
0.91575000 0.01709590
0.91570000 0.01710778
0.91565000 0.01711965
0.91560000 0.01713152
0.91555000 0.01714339
0.91550000 0.01715525
0.91545000 0.01716711
0.91540000 0.01717897
0.91535000 0.01719083
0.91530000 0.01720268
0.91525000 0.01721453
0.91520000 0.01722638
0.91515000 0.01723822
0.91510000 0.01725006
0.91505000 0.01726190
0.91500000 0.01727373
0.91495000 0.01728556
0.91490000 0.01729739
0.91485000 0.01730921
0.91480000 0.01732104
0.91475000 0.01733285
0.91470000 0.01734467
0.91465000 0.01735648
0.91460000 0.01736829
0.91455000 0.01738009
0.91450000 0.01739190
0.91445000 0.01740369
0.91440000 0.01741549
0.91435000 0.01742728
0.91430000 0.01743907
0.91425000 0.01745085
0.91420000 0.01746264
0.91415000 0.01747441
0.91410000 0.01748619
0.91405000 0.01749796
0.91400000 0.01750973
0.91395000 0.01752149
0.91390000 0.01753325
0.91385000 0.01754500
0.91380000 0.01755676
0.91375000 0.01756851
0.91370000 0.01758025
0.91365000 0.01759199
0.91360000 0.01760373
0.91355000 0.01761546
0.91350000 0.01762719
0.91345000 0.01763892
0.91340000 0.01765064
0.91335000 0.01766236
0.91330000 0.01767407
0.91325000 0.01768578
0.91320000 0.01769749
0.91315000 0.01770919
0.91310000 0.01772089
0.91305000 0.01773259
0.91300000 0.01774428
0.91295000 0.01775596
0.91290000 0.01776764
0.91285000 0.01777932
0.91280000 0.01779100
0.91275000 0.01780267
0.91270000 0.01781433
0.91265000 0.01782599
0.91260000 0.01783765
0.91255000 0.01784930
0.91250000 0.01786095
0.91245000 0.01787259
0.91240000 0.01788423
0.91235000 0.01789587
0.91230000 0.01790750
0.91225000 0.01791912
0.91220000 0.01793075
0.91215000 0.01794236
0.91210000 0.01795398
0.91205000 0.01796558
0.91200000 0.01797719
0.91195000 0.01798879
0.91190000 0.01800038
0.91185000 0.01801197
0.91180000 0.01802356
0.91175000 0.01803514
0.91170000 0.01804671
0.91165000 0.01805828
0.91160000 0.01806985
0.91155000 0.01808141
0.91150000 0.01809297
0.91145000 0.01810452
0.91140000 0.01811606
0.91135000 0.01812760
0.91130000 0.01813914
0.91125000 0.01815067
0.91120000 0.01816220
0.91115000 0.01817372
0.91110000 0.01818524
0.91105000 0.01819675
0.91100000 0.01820826
0.91095000 0.01821976
0.91090000 0.01823125
0.91085000 0.01824275
0.91080000 0.01825423
0.91075000 0.01826571
0.91070000 0.01827719
0.91065000 0.01828866
0.91060000 0.01830012
0.91055000 0.01831158
0.91050000 0.01832304
0.91045000 0.01833448
0.91040000 0.01834593
0.91035000 0.01835737
0.91030000 0.01836880
0.91025000 0.01838022
0.91020000 0.01839165
0.91015000 0.01840306
0.91010000 0.01841447
0.91005000 0.01842588
0.91000000 0.01843727
0.90995000 0.01844867
0.90990000 0.01846006
0.90985000 0.01847144
0.90980000 0.01848281
0.90975000 0.01849418
0.90970000 0.01850555
0.90965000 0.01851691
0.90960000 0.01852826
0.90955000 0.01853961
0.90950000 0.01855095
0.90945000 0.01856228
0.90940000 0.01857361
0.90935000 0.01858494
0.90930000 0.01859625
0.90925000 0.01860756
0.90920000 0.01861887
0.90915000 0.01863017
0.90910000 0.01864146
0.90905000 0.01865275
0.90900000 0.01866403
0.90895000 0.01867530
0.90890000 0.01868657
0.90885000 0.01869783
0.90880000 0.01870909
0.90875000 0.01872034
0.90870000 0.01873158
0.90865000 0.01874281
0.90860000 0.01875404
0.90855000 0.01876527
0.90850000 0.01877648
0.90845000 0.01878770
0.90840000 0.01879890
0.90835000 0.01881010
0.90830000 0.01882129
0.90825000 0.01883247
0.90820000 0.01884365
0.90815000 0.01885482
0.90810000 0.01886598
0.90805000 0.01887714
0.90800000 0.01888829
0.90795000 0.01889944
0.90790000 0.01891057
0.90785000 0.01892170
0.90780000 0.01893283
0.90775000 0.01894394
0.90770000 0.01895505
0.90765000 0.01896615
0.90760000 0.01897725
0.90755000 0.01898834
0.90750000 0.01899942
0.90745000 0.01901049
0.90740000 0.01902156
0.90735000 0.01903262
0.90730000 0.01904368
0.90725000 0.01905472
0.90720000 0.01906576
0.90715000 0.01907679
0.90710000 0.01908781
0.90705000 0.01909883
0.90700000 0.01910984
0.90695000 0.01912084
0.90690000 0.01913184
0.90685000 0.01914282
0.90680000 0.01915380
0.90675000 0.01916478
0.90670000 0.01917574
0.90665000 0.01918670
0.90660000 0.01919765
0.90655000 0.01920859
0.90650000 0.01921952
0.90645000 0.01923045
0.90640000 0.01924137
0.90635000 0.01925228
0.90630000 0.01926318
0.90625000 0.01927408
0.90620000 0.01928497
0.90615000 0.01929585
0.90610000 0.01930672
0.90605000 0.01931758
0.90600000 0.01932844
0.90595000 0.01933929
0.90590000 0.01935013
0.90585000 0.01936096
0.90580000 0.01937178
0.90575000 0.01938260
0.90570000 0.01939341
0.90565000 0.01940421
0.90560000 0.01941500
0.90555000 0.01942578
0.90550000 0.01943656
0.90545000 0.01944732
0.90540000 0.01945808
0.90535000 0.01946883
0.90530000 0.01947957
0.90525000 0.01949031
0.90520000 0.01950103
0.90515000 0.01951175
0.90510000 0.01952246
0.90505000 0.01953316
0.90500000 0.01954385
0.90495000 0.01955453
0.90490000 0.01956520
0.90485000 0.01957587
0.90480000 0.01958652
0.90475000 0.01959717
0.90470000 0.01960781
0.90465000 0.01961844
0.90460000 0.01962906
0.90455000 0.01963967
0.90450000 0.01965064
0.90445000 0.01966337
0.90440000 0.01967610
0.90435000 0.01968882
0.90430000 0.01970154
0.90425000 0.01971426
0.90420000 0.01972698
0.90415000 0.01973969
0.90410000 0.01975239
0.90405000 0.01976510
0.90400000 0.01977779
0.90395000 0.01979049
0.90390000 0.01980318
0.90385000 0.01981587
0.90380000 0.01982855
0.90375000 0.01984123
0.90370000 0.01985391
0.90365000 0.01986658
0.90360000 0.01987925
0.90355000 0.01989192
0.90350000 0.01990458
0.90345000 0.01991724
0.90340000 0.01992989
0.90335000 0.01994254
0.90330000 0.01995518
0.90325000 0.01996782
0.90320000 0.01998046
0.90315000 0.01999309
0.90310000 0.02000572
0.90305000 0.02001835
0.90300000 0.02003097
0.90295000 0.02004358
0.90290000 0.02005619
0.90285000 0.02006880
0.90280000 0.02008140
0.90275000 0.02009400
0.90270000 0.02010660
0.90265000 0.02011919
0.90260000 0.02013177
0.90255000 0.02014435
0.90250000 0.02015693
0.90245000 0.02016950
0.90240000 0.02018207
0.90235000 0.02019463
0.90230000 0.02020719
0.90225000 0.02021975
0.90220000 0.02023230
0.90215000 0.02024484
0.90210000 0.02025738
0.90205000 0.02026992
0.90200000 0.02028245
0.90195000 0.02029497
0.90190000 0.02030749
0.90185000 0.02032001
0.90180000 0.02033252
0.90175000 0.02034503
0.90170000 0.02035753
0.90165000 0.02037003
0.90160000 0.02038252
0.90155000 0.02039500
0.90150000 0.02040749
0.90145000 0.02041996
0.90140000 0.02043243
0.90135000 0.02044490
0.90130000 0.02045736
0.90125000 0.02046982
0.90120000 0.02048227
0.90115000 0.02049471
0.90110000 0.02050716
0.90105000 0.02051959
0.90100000 0.02053202
0.90095000 0.02054445
0.90090000 0.02055686
0.90085000 0.02056928
0.90080000 0.02058169
0.90075000 0.02059409
0.90070000 0.02060649
0.90065000 0.02061888
0.90060000 0.02063127
0.90055000 0.02064365
0.90050000 0.02065602
0.90045000 0.02066839
0.90040000 0.02068076
0.90035000 0.02069312
0.90030000 0.02070547
0.90025000 0.02071782
0.90020000 0.02073016
0.90015000 0.02074249
0.90010000 0.02075482
0.90005000 0.02076715
0.90000000 0.02077946
0.89995000 0.02079178
0.89990000 0.02080408
0.89985000 0.02081638
0.89980000 0.02082868
0.89975000 0.02084097
0.89970000 0.02085325
0.89965000 0.02086552
0.89960000 0.02087779
0.89955000 0.02089006
0.89950000 0.02090232
0.89945000 0.02091457
0.89940000 0.02092681
0.89935000 0.02093905
0.89930000 0.02095129
0.89925000 0.02096351
0.89920000 0.02097573
0.89915000 0.02098795
0.89910000 0.02100015
0.89905000 0.02101236
0.89900000 0.02102455
0.89895000 0.02103674
0.89890000 0.02104892
0.89885000 0.02106109
0.89880000 0.02107326
0.89875000 0.02108542
0.89870000 0.02109758
0.89865000 0.02110973
0.89860000 0.02112187
0.89855000 0.02113401
0.89850000 0.02114613
0.89845000 0.02115826
0.89840000 0.02117037
0.89835000 0.02118248
0.89830000 0.02119458
0.89825000 0.02120667
0.89820000 0.02121876
0.89815000 0.02123084
0.89810000 0.02124292
0.89805000 0.02125498
0.89800000 0.02126704
0.89795000 0.02127909
0.89790000 0.02129114
0.89785000 0.02130318
0.89780000 0.02131521
0.89775000 0.02132723
0.89770000 0.02133925
0.89765000 0.02135125
0.89760000 0.02136326
0.89755000 0.02137525
0.89750000 0.02138724
0.89745000 0.02139922
0.89740000 0.02141119
0.89735000 0.02142315
0.89730000 0.02143511
0.89725000 0.02144706
0.89720000 0.02145900
0.89715000 0.02147094
0.89710000 0.02148286
0.89705000 0.02149478
0.89700000 0.02150670
0.89695000 0.02151860
0.89690000 0.02153050
0.89685000 0.02154238
0.89680000 0.02155426
0.89675000 0.02156614
0.89670000 0.02157800
0.89665000 0.02158986
0.89660000 0.02160171
0.89655000 0.02161355
0.89650000 0.02162538
0.89645000 0.02163721
0.89640000 0.02164902
0.89635000 0.02166083
0.89630000 0.02167263
0.89625000 0.02168443
0.89620000 0.02169621
0.89615000 0.02170799
0.89610000 0.02171976
0.89605000 0.02173152
0.89600000 0.02174327
0.89595000 0.02175501
0.89590000 0.02176674
0.89585000 0.02177847
0.89580000 0.02179019
0.89575000 0.02180190
0.89570000 0.02181360
0.89565000 0.02182529
0.89560000 0.02183698
0.89555000 0.02184865
0.89550000 0.02186032
0.89545000 0.02187197
0.89540000 0.02188362
0.89535000 0.02189526
0.89530000 0.02190690
0.89525000 0.02191852
0.89520000 0.02193013
0.89515000 0.02194174
0.89510000 0.02195333
0.89505000 0.02196492
0.89500000 0.02197650
0.89495000 0.02198807
0.89490000 0.02199963
0.89485000 0.02201118
0.89480000 0.02202272
0.89475000 0.02203426
0.89470000 0.02204578
0.89465000 0.02205730
0.89460000 0.02206880
0.89455000 0.02208030
0.89450000 0.02209178
0.89445000 0.02210326
0.89440000 0.02211473
0.89435000 0.02212619
0.89430000 0.02213764
0.89425000 0.02214908
0.89420000 0.02216051
0.89415000 0.02217193
0.89410000 0.02218334
0.89405000 0.02219474
0.89400000 0.02220613
0.89395000 0.02221752
0.89390000 0.02222889
0.89385000 0.02224025
0.89380000 0.02225161
0.89375000 0.02226295
0.89370000 0.02227428
0.89365000 0.02228561
0.89360000 0.02229692
0.89355000 0.02230822
0.89350000 0.02231952
0.89345000 0.02233080
0.89340000 0.02234208
0.89335000 0.02235334
0.89330000 0.02236459
0.89325000 0.02237584
0.89320000 0.02238707
0.89315000 0.02239829
0.89310000 0.02240951
0.89305000 0.02242071
0.89300000 0.02243190
0.89295000 0.02244308
0.89290000 0.02245426
0.89285000 0.02246542
0.89280000 0.02247657
0.89275000 0.02248771
0.89270000 0.02249884
0.89265000 0.02250996
0.89260000 0.02252107
0.89255000 0.02253216
0.89250000 0.02254325
0.89245000 0.02255433
0.89240000 0.02256539
0.89235000 0.02257645
0.89230000 0.02258749
0.89225000 0.02259853
0.89220000 0.02260955
0.89215000 0.02262056
0.89210000 0.02263156
0.89205000 0.02264255
0.89200000 0.02265353
0.89195000 0.02266450
0.89190000 0.02267546
0.89185000 0.02268640
0.89180000 0.02269733
0.89175000 0.02270826
0.89170000 0.02271917
0.89165000 0.02273007
0.89160000 0.02274096
0.89155000 0.02275184
0.89150000 0.02276270
0.89145000 0.02277356
0.89140000 0.02278440
0.89135000 0.02279524
0.89130000 0.02280606
0.89125000 0.02281687
0.89120000 0.02282766
0.89115000 0.02283845
0.89110000 0.02284923
0.89105000 0.02285999
0.89100000 0.02287074
0.89095000 0.02288148
0.89090000 0.02289221
0.89085000 0.02290292
0.89080000 0.02291362
0.89075000 0.02292432
0.89070000 0.02293500
0.89065000 0.02294566
0.89060000 0.02295632
0.89055000 0.02296696
0.89050000 0.02297760
0.89045000 0.02298822
0.89040000 0.02299882
0.89035000 0.02300942
0.89030000 0.02302000
0.89025000 0.02303057
0.89020000 0.02304113
0.89015000 0.02305168
0.89010000 0.02306221
0.89005000 0.02307273
0.89000000 0.02308324
0.88995000 0.02309374
0.88990000 0.02310422
0.88985000 0.02311469
0.88980000 0.02312749
0.88975000 0.02314109
0.88970000 0.02315468
0.88965000 0.02316826
0.88960000 0.02318184
0.88955000 0.02319542
0.88950000 0.02320898
0.88945000 0.02322254
0.88940000 0.02323610
0.88935000 0.02324965
0.88930000 0.02326319
0.88925000 0.02327673
0.88920000 0.02329026
0.88915000 0.02330379
0.88910000 0.02331731
0.88905000 0.02333082
0.88900000 0.02334432
0.88895000 0.02335783
0.88890000 0.02337132
0.88885000 0.02338481
0.88880000 0.02339829
0.88875000 0.02341176
0.88870000 0.02342523
0.88865000 0.02343869
0.88860000 0.02345215
0.88855000 0.02346560
0.88850000 0.02347904
0.88845000 0.02349248
0.88840000 0.02350591
0.88835000 0.02351933
0.88830000 0.02353275
0.88825000 0.02354616
0.88820000 0.02355956
0.88815000 0.02357296
0.88810000 0.02358635
0.88805000 0.02359973
0.88800000 0.02361310
0.88795000 0.02362647
0.88790000 0.02363983
0.88785000 0.02365319
0.88780000 0.02366654
0.88775000 0.02367988
0.88770000 0.02369321
0.88765000 0.02370654
0.88760000 0.02371986
0.88755000 0.02373317
0.88750000 0.02374648
0.88745000 0.02375978
0.88740000 0.02377307
0.88735000 0.02378635
0.88730000 0.02379963
0.88725000 0.02381290
0.88720000 0.02382616
0.88715000 0.02383941
0.88710000 0.02385266
0.88705000 0.02386590
0.88700000 0.02387913
0.88695000 0.02389236
0.88690000 0.02390557
0.88685000 0.02391878
0.88680000 0.02393198
0.88675000 0.02394518
0.88670000 0.02395836
0.88665000 0.02397154
0.88660000 0.02398471
0.88655000 0.02399788
0.88650000 0.02401103
0.88645000 0.02402418
0.88640000 0.02403732
0.88635000 0.02405045
0.88630000 0.02406357
0.88625000 0.02407669
0.88620000 0.02408980
0.88615000 0.02410290
0.88610000 0.02411599
0.88605000 0.02412907
0.88600000 0.02414215
0.88595000 0.02415522
0.88590000 0.02416827
0.88585000 0.02418132
0.88580000 0.02419437
0.88575000 0.02420740
0.88570000 0.02422043
0.88565000 0.02423344
0.88560000 0.02424645
0.88555000 0.02425945
0.88550000 0.02427245
0.88545000 0.02428543
0.88540000 0.02429840
0.88535000 0.02431137
0.88530000 0.02432433
0.88525000 0.02433728
0.88520000 0.02435022
0.88515000 0.02436315
0.88510000 0.02437607
0.88505000 0.02438899
0.88500000 0.02440189
0.88495000 0.02441479
0.88490000 0.02442767
0.88485000 0.02444055
0.88480000 0.02445342
0.88475000 0.02446628
0.88470000 0.02447913
0.88465000 0.02449198
0.88460000 0.02450481
0.88455000 0.02451763
0.88450000 0.02453045
0.88445000 0.02454325
0.88440000 0.02455605
0.88435000 0.02456884
0.88430000 0.02458162
0.88425000 0.02459439
0.88420000 0.02460714
0.88415000 0.02461989
0.88410000 0.02463263
0.88405000 0.02464537
0.88400000 0.02465809
0.88395000 0.02467080
0.88390000 0.02468350
0.88385000 0.02469619
0.88380000 0.02470888
0.88375000 0.02472155
0.88370000 0.02473421
0.88365000 0.02474687
0.88360000 0.02475951
0.88355000 0.02477215
0.88350000 0.02478477
0.88345000 0.02479738
0.88340000 0.02480999
0.88335000 0.02482258
0.88330000 0.02483517
0.88325000 0.02484774
0.88320000 0.02486031
0.88315000 0.02487286
0.88310000 0.02488540
0.88305000 0.02489794
0.88300000 0.02491046
0.88295000 0.02492297
0.88290000 0.02493548
0.88285000 0.02494797
0.88280000 0.02496045
0.88275000 0.02497292
0.88270000 0.02498539
0.88265000 0.02499784
0.88260000 0.02501028
0.88255000 0.02502271
0.88250000 0.02503513
0.88245000 0.02504754
0.88240000 0.02505993
0.88235000 0.02507232
0.88230000 0.02508470
0.88225000 0.02509706
0.88220000 0.02510942
0.88215000 0.02512176
0.88210000 0.02513410
0.88205000 0.02514642
0.88200000 0.02515873
0.88195000 0.02517103
0.88190000 0.02518332
0.88185000 0.02519560
0.88180000 0.02520786
0.88175000 0.02522012
0.88170000 0.02523237
0.88165000 0.02524460
0.88160000 0.02525682
0.88155000 0.02526903
0.88150000 0.02528123
0.88145000 0.02529342
0.88140000 0.02530560
0.88135000 0.02531776
0.88130000 0.02532992
0.88125000 0.02534206
0.88120000 0.02535419
0.88115000 0.02536631
0.88110000 0.02537842
0.88105000 0.02539052
0.88100000 0.02540260
0.88095000 0.02541467
0.88090000 0.02542674
0.88085000 0.02543879
0.88080000 0.02545082
0.88075000 0.02546285
0.88070000 0.02547486
0.88065000 0.02548686
0.88060000 0.02549885
0.88055000 0.02551083
0.88050000 0.02552280
0.88045000 0.02553475
0.88040000 0.02554669
0.88035000 0.02555862
0.88030000 0.02557054
0.88025000 0.02558244
0.88020000 0.02559434
0.88015000 0.02560622
0.88010000 0.02561808
0.88005000 0.02562994
0.88000000 0.02564178
0.87995000 0.02565361
0.87990000 0.02566543
0.87985000 0.02567724
0.87980000 0.02568903
0.87975000 0.02570081
0.87970000 0.02571258
0.87965000 0.02572433
0.87960000 0.02573607
0.87955000 0.02574780
0.87950000 0.02575952
0.87945000 0.02577122
0.87940000 0.02578291
0.87935000 0.02579459
0.87930000 0.02580626
0.87925000 0.02581791
0.87920000 0.02582955
0.87915000 0.02584117
0.87910000 0.02585278
0.87905000 0.02586438
0.87900000 0.02587597
0.87895000 0.02588754
0.87890000 0.02589910
0.87885000 0.02591065
0.87880000 0.02592218
0.87875000 0.02593370
0.87870000 0.02594520
0.87865000 0.02595670
0.87860000 0.02596818
0.87855000 0.02597964
0.87850000 0.02599109
0.87845000 0.02600253
0.87840000 0.02601395
0.87835000 0.02602537
0.87830000 0.02603676
0.87825000 0.02604815
0.87820000 0.02605951
0.87815000 0.02607087
0.87810000 0.02608221
0.87805000 0.02609354
0.87800000 0.02610485
0.87795000 0.02611615
0.87790000 0.02612744
0.87785000 0.02613871
0.87780000 0.02614996
0.87775000 0.02616121
0.87770000 0.02617244
0.87765000 0.02618365
0.87760000 0.02619485
0.87755000 0.02620604
0.87750000 0.02621721
0.87745000 0.02622836
0.87740000 0.02623951
0.87735000 0.02625063
0.87730000 0.02626175
0.87725000 0.02627285
0.87720000 0.02628393
0.87715000 0.02629500
0.87710000 0.02630605
0.87705000 0.02631709
0.87700000 0.02632812
0.87695000 0.02633913
0.87690000 0.02635012
0.87685000 0.02636110
0.87680000 0.02637207
0.87675000 0.02638302
0.87670000 0.02639395
0.87665000 0.02640487
0.87660000 0.02641578
0.87655000 0.02642667
0.87650000 0.02643754
0.87645000 0.02644840
0.87640000 0.02645925
0.87635000 0.02647008
0.87630000 0.02648089
0.87625000 0.02649169
0.87620000 0.02650247
0.87615000 0.02651324
0.87610000 0.02652399
0.87605000 0.02653472
0.87600000 0.02654545
0.87595000 0.02655615
0.87590000 0.02656684
0.87585000 0.02657751
0.87580000 0.02658817
0.87575000 0.02659881
0.87570000 0.02660944
0.87565000 0.02662005
0.87560000 0.02663064
0.87555000 0.02664122
0.87550000 0.02665178
0.87545000 0.02666233
0.87540000 0.02667285
0.87535000 0.02668337
0.87530000 0.02669387
0.87525000 0.02670435
0.87520000 0.02671481
0.87515000 0.02672526
0.87510000 0.02673569
0.87505000 0.02674611
0.87500000 0.02675651
0.87495000 0.02676689
0.87490000 0.02677725
0.87485000 0.02678760
0.87480000 0.02679794
0.87475000 0.02680825
0.87470000 0.02681855
0.87465000 0.02682884
0.87460000 0.02683910
0.87455000 0.02684935
0.87450000 0.02685958
0.87445000 0.02686980
0.87440000 0.02688000
0.87435000 0.02689018
0.87430000 0.02690034
0.87425000 0.02691097
0.87420000 0.02692561
0.87415000 0.02694023
0.87410000 0.02695485
0.87405000 0.02696946
0.87400000 0.02698406
0.87395000 0.02699865
0.87390000 0.02701323
0.87385000 0.02702780
0.87380000 0.02704236
0.87375000 0.02705692
0.87370000 0.02707146
0.87365000 0.02708600
0.87360000 0.02710053
0.87355000 0.02711504
0.87350000 0.02712955
0.87345000 0.02714405
0.87340000 0.02715854
0.87335000 0.02717303
0.87330000 0.02718750
0.87325000 0.02720196
0.87320000 0.02721641
0.87315000 0.02723086
0.87310000 0.02724529
0.87305000 0.02725972
0.87300000 0.02727413
0.87295000 0.02728854
0.87290000 0.02730294
0.87285000 0.02731732
0.87280000 0.02733170
0.87275000 0.02734607
0.87270000 0.02736043
0.87265000 0.02737478
0.87260000 0.02738911
0.87255000 0.02740344
0.87250000 0.02741776
0.87245000 0.02743207
0.87240000 0.02744637
0.87235000 0.02746066
0.87230000 0.02747494
0.87225000 0.02748921
0.87220000 0.02750347
0.87215000 0.02751771
0.87210000 0.02753195
0.87205000 0.02754618
0.87200000 0.02756040
0.87195000 0.02757461
0.87190000 0.02758881
0.87185000 0.02760299
0.87180000 0.02761717
0.87175000 0.02763134
0.87170000 0.02764549
0.87165000 0.02765964
0.87160000 0.02767377
0.87155000 0.02768790
0.87150000 0.02770201
0.87145000 0.02771611
0.87140000 0.02773020
0.87135000 0.02774429
0.87130000 0.02775836
0.87125000 0.02777242
0.87120000 0.02778647
0.87115000 0.02780051
0.87110000 0.02781453
0.87105000 0.02782855
0.87100000 0.02784255
0.87095000 0.02785655
0.87090000 0.02787053
0.87085000 0.02788450
0.87080000 0.02789847
0.87075000 0.02791242
0.87070000 0.02792635
0.87065000 0.02794028
0.87060000 0.02795420
0.87055000 0.02796810
0.87050000 0.02798200
0.87045000 0.02799588
0.87040000 0.02800975
0.87035000 0.02802361
0.87030000 0.02803746
0.87025000 0.02805129
0.87020000 0.02806512
0.87015000 0.02807893
0.87010000 0.02809273
0.87005000 0.02810652
0.87000000 0.02812030
0.86995000 0.02813406
0.86990000 0.02814782
0.86985000 0.02816156
0.86980000 0.02817529
0.86975000 0.02818901
0.86970000 0.02820271
0.86965000 0.02821641
0.86960000 0.02823009
0.86955000 0.02824376
0.86950000 0.02825742
0.86945000 0.02827106
0.86940000 0.02828470
0.86935000 0.02829832
0.86930000 0.02831193
0.86925000 0.02832552
0.86920000 0.02833911
0.86915000 0.02835268
0.86910000 0.02836624
0.86905000 0.02837978
0.86900000 0.02839332
0.86895000 0.02840684
0.86890000 0.02842035
0.86885000 0.02843384
0.86880000 0.02844733
0.86875000 0.02846080
0.86870000 0.02847426
0.86865000 0.02848770
0.86860000 0.02850113
0.86855000 0.02851455
0.86850000 0.02852796
0.86845000 0.02854135
0.86840000 0.02855473
0.86835000 0.02856810
0.86830000 0.02858145
0.86825000 0.02859480
0.86820000 0.02860812
0.86815000 0.02862144
0.86810000 0.02863474
0.86805000 0.02864803
0.86800000 0.02866130
0.86795000 0.02867456
0.86790000 0.02868781
0.86785000 0.02870105
0.86780000 0.02871427
0.86775000 0.02872747
0.86770000 0.02874067
0.86765000 0.02875385
0.86760000 0.02876701
0.86755000 0.02878017
0.86750000 0.02879331
0.86745000 0.02880643
0.86740000 0.02881954
0.86735000 0.02883264
0.86730000 0.02884572
0.86725000 0.02885879
0.86720000 0.02887185
0.86715000 0.02888489
0.86710000 0.02889792
0.86705000 0.02891093
0.86700000 0.02892393
0.86695000 0.02893692
0.86690000 0.02894989
0.86685000 0.02896284
0.86680000 0.02897578
0.86675000 0.02898871
0.86670000 0.02900163
0.86665000 0.02901452
0.86660000 0.02902741
0.86655000 0.02904028
0.86650000 0.02905313
0.86645000 0.02906597
0.86640000 0.02907880
0.86635000 0.02909161
0.86630000 0.02910441
0.86625000 0.02911719
0.86620000 0.02912996
0.86615000 0.02914271
0.86610000 0.02915545
0.86605000 0.02916817
0.86600000 0.02918088
0.86595000 0.02919357
0.86590000 0.02920624
0.86585000 0.02921891
0.86580000 0.02923155
0.86575000 0.02924418
0.86570000 0.02925680
0.86565000 0.02926940
0.86560000 0.02928199
0.86555000 0.02929456
0.86550000 0.02930711
0.86545000 0.02931965
0.86540000 0.02933218
0.86535000 0.02934468
0.86530000 0.02935718
0.86525000 0.02936965
0.86520000 0.02938212
0.86515000 0.02939456
0.86510000 0.02940699
0.86505000 0.02941941
0.86500000 0.02943180
0.86495000 0.02944419
0.86490000 0.02945655
0.86485000 0.02946890
0.86480000 0.02948124
0.86475000 0.02949356
0.86470000 0.02950586
0.86465000 0.02951814
0.86460000 0.02953041
0.86455000 0.02954267
0.86450000 0.02955491
0.86445000 0.02956713
0.86440000 0.02957933
0.86435000 0.02959152
0.86430000 0.02960369
0.86425000 0.02961585
0.86420000 0.02962799
0.86415000 0.02964011
0.86410000 0.02965221
0.86405000 0.02966430
0.86400000 0.02967638
0.86395000 0.02968843
0.86390000 0.02970047
0.86385000 0.02971249
0.86380000 0.02972450
0.86375000 0.02973649
0.86370000 0.02974846
0.86365000 0.02976041
0.86360000 0.02977235
0.86355000 0.02978427
0.86350000 0.02979617
0.86345000 0.02980806
0.86340000 0.02981992
0.86335000 0.02983178
0.86330000 0.02984361
0.86325000 0.02985543
0.86320000 0.02986723
0.86315000 0.02987901
0.86310000 0.02989077
0.86305000 0.02990252
0.86300000 0.02991425
0.86295000 0.02992596
0.86290000 0.02993765
0.86285000 0.02994933
0.86280000 0.02996099
0.86275000 0.02997263
0.86270000 0.02998425
0.86265000 0.02999585
0.86260000 0.03000744
0.86255000 0.03001901
0.86250000 0.03003056
0.86245000 0.03004209
0.86240000 0.03005361
0.86235000 0.03006510
0.86230000 0.03007658
0.86225000 0.03008804
0.86220000 0.03009948
0.86215000 0.03011091
0.86210000 0.03012231
0.86205000 0.03013370
0.86200000 0.03014506
0.86195000 0.03015641
0.86190000 0.03016775
0.86185000 0.03017906
0.86180000 0.03019035
0.86175000 0.03020163
0.86170000 0.03021288
0.86165000 0.03022412
0.86160000 0.03023534
0.86155000 0.03024654
0.86150000 0.03025772
0.86145000 0.03026888
0.86140000 0.03028002
0.86135000 0.03029115
0.86130000 0.03030225
0.86125000 0.03031334
0.86120000 0.03032440
0.86115000 0.03033545
0.86110000 0.03034648
0.86105000 0.03035748
0.86100000 0.03036847
0.86095000 0.03037944
0.86090000 0.03039039
0.86085000 0.03040132
0.86080000 0.03041223
0.86075000 0.03042312
0.86070000 0.03043400
0.86065000 0.03044485
0.86060000 0.03045568
0.86055000 0.03046649
0.86050000 0.03047728
0.86045000 0.03048806
0.86040000 0.03049881
0.86035000 0.03050954
0.86030000 0.03052025
0.86025000 0.03053095
0.86020000 0.03054162
0.86015000 0.03055227
0.86010000 0.03056290
0.86005000 0.03057352
0.86000000 0.03058411
0.85995000 0.03059468
0.85990000 0.03060523
0.85985000 0.03061576
0.85980000 0.03062627
0.85975000 0.03063676
0.85970000 0.03064723
0.85965000 0.03065767
0.85960000 0.03066810
0.85955000 0.03067851
0.85950000 0.03068889
0.85945000 0.03069926
0.85940000 0.03070960
0.85935000 0.03071993
0.85930000 0.03073023
0.85925000 0.03074051
0.85920000 0.03075077
0.85915000 0.03076101
0.85910000 0.03077123
0.85905000 0.03078142
0.85900000 0.03079160
0.85895000 0.03080175
0.85890000 0.03081188
0.85885000 0.03082200
0.85880000 0.03083209
0.85875000 0.03084215
0.85870000 0.03085220
0.85865000 0.03086223
0.85860000 0.03087223
0.85855000 0.03088221
0.85850000 0.03089217
0.85845000 0.03090211
0.85840000 0.03091203
0.85835000 0.03092192
0.85830000 0.03093179
0.85825000 0.03094164
0.85820000 0.03095147
0.85815000 0.03096128
0.85810000 0.03097107
0.85805000 0.03098083
0.85800000 0.03099057
0.85795000 0.03100029
0.85790000 0.03100998
0.85785000 0.03101966
0.85780000 0.03102931
0.85775000 0.03104510
0.85770000 0.03106094
0.85765000 0.03107677
0.85760000 0.03109259
0.85755000 0.03110840
0.85750000 0.03112419
0.85745000 0.03113997
0.85740000 0.03115574
0.85735000 0.03117150
0.85730000 0.03118724
0.85725000 0.03120297
0.85720000 0.03121869
0.85715000 0.03123440
0.85710000 0.03125009
0.85705000 0.03126577
0.85700000 0.03128144
0.85695000 0.03129709
0.85690000 0.03131273
0.85685000 0.03132836
0.85680000 0.03134398
0.85675000 0.03135958
0.85670000 0.03137517
0.85665000 0.03139074
0.85660000 0.03140631
0.85655000 0.03142186
0.85650000 0.03143739
0.85645000 0.03145292
0.85640000 0.03146843
0.85635000 0.03148392
0.85630000 0.03149940
0.85625000 0.03151487
0.85620000 0.03153033
0.85615000 0.03154577
0.85610000 0.03156120
0.85605000 0.03157662
0.85600000 0.03159202
0.85595000 0.03160740
0.85590000 0.03162278
0.85585000 0.03163814
0.85580000 0.03165349
0.85575000 0.03166882
0.85570000 0.03168414
0.85565000 0.03169944
0.85560000 0.03171473
0.85555000 0.03173001
0.85550000 0.03174527
0.85545000 0.03176052
0.85540000 0.03177575
0.85535000 0.03179097
0.85530000 0.03180618
0.85525000 0.03182137
0.85520000 0.03183654
0.85515000 0.03185171
0.85510000 0.03186685
0.85505000 0.03188199
0.85500000 0.03189711
0.85495000 0.03191221
0.85490000 0.03192730
0.85485000 0.03194237
0.85480000 0.03195743
0.85475000 0.03197248
0.85470000 0.03198751
0.85465000 0.03200252
0.85460000 0.03201753
0.85455000 0.03203251
0.85450000 0.03204748
0.85445000 0.03206244
0.85440000 0.03207738
0.85435000 0.03209230
0.85430000 0.03210722
0.85425000 0.03212211
0.85420000 0.03213699
0.85415000 0.03215186
0.85410000 0.03216671
0.85405000 0.03218154
0.85400000 0.03219636
0.85395000 0.03221116
0.85390000 0.03222595
0.85385000 0.03224072
0.85380000 0.03225548
0.85375000 0.03227022
0.85370000 0.03228494
0.85365000 0.03229965
0.85360000 0.03231435
0.85355000 0.03232903
0.85350000 0.03234369
0.85345000 0.03235833
0.85340000 0.03237296
0.85335000 0.03238758
0.85330000 0.03240218
0.85325000 0.03241676
0.85320000 0.03243133
0.85315000 0.03244588
0.85310000 0.03246041
0.85305000 0.03247493
0.85300000 0.03248943
0.85295000 0.03250391
0.85290000 0.03251838
0.85285000 0.03253283
0.85280000 0.03254727
0.85275000 0.03256169
0.85270000 0.03257609
0.85265000 0.03259048
0.85260000 0.03260484
0.85255000 0.03261920
0.85250000 0.03263353
0.85245000 0.03264785
0.85240000 0.03266215
0.85235000 0.03267644
0.85230000 0.03269071
0.85225000 0.03270496
0.85220000 0.03271919
0.85215000 0.03273341
0.85210000 0.03274761
0.85205000 0.03276179
0.85200000 0.03277596
0.85195000 0.03279011
0.85190000 0.03280424
0.85185000 0.03281835
0.85180000 0.03283245
0.85175000 0.03284653
0.85170000 0.03286059
0.85165000 0.03287463
0.85160000 0.03288866
0.85155000 0.03290267
0.85150000 0.03291666
0.85145000 0.03293063
0.85140000 0.03294459
0.85135000 0.03295853
0.85130000 0.03297245
0.85125000 0.03298635
0.85120000 0.03300024
0.85115000 0.03301410
0.85110000 0.03302795
0.85105000 0.03304178
0.85100000 0.03305559
0.85095000 0.03306939
0.85090000 0.03308316
0.85085000 0.03309692
0.85080000 0.03311066
0.85075000 0.03312438
0.85070000 0.03313808
0.85065000 0.03315177
0.85060000 0.03316543
0.85055000 0.03317908
0.85050000 0.03319271
0.85045000 0.03320632
0.85040000 0.03321991
0.85035000 0.03323348
0.85030000 0.03324704
0.85025000 0.03326057
0.85020000 0.03327409
0.85015000 0.03328759
0.85010000 0.03330106
0.85005000 0.03331452
0.85000000 0.03332796
0.84995000 0.03334138
0.84990000 0.03335479
0.84985000 0.03336817
0.84980000 0.03338153
0.84975000 0.03339488
0.84970000 0.03340820
0.84965000 0.03342151
0.84960000 0.03343479
0.84955000 0.03344806
0.84950000 0.03346131
0.84945000 0.03347454
0.84940000 0.03348774
0.84935000 0.03350093
0.84930000 0.03351410
0.84925000 0.03352725
0.84920000 0.03354038
0.84915000 0.03355349
0.84910000 0.03356658
0.84905000 0.03357965
0.84900000 0.03359270
0.84895000 0.03360573
0.84890000 0.03361874
0.84885000 0.03363173
0.84880000 0.03364469
0.84875000 0.03365764
0.84870000 0.03367057
0.84865000 0.03368348
0.84860000 0.03369637
0.84855000 0.03370924
0.84850000 0.03372208
0.84845000 0.03373491
0.84840000 0.03374772
0.84835000 0.03376050
0.84830000 0.03377327
0.84825000 0.03378601
0.84820000 0.03379873
0.84815000 0.03381144
0.84810000 0.03382412
0.84805000 0.03383678
0.84800000 0.03384942
0.84795000 0.03386204
0.84790000 0.03387463
0.84785000 0.03388721
0.84780000 0.03389977
0.84775000 0.03391230
0.84770000 0.03392481
0.84765000 0.03393731
0.84760000 0.03394978
0.84755000 0.03396222
0.84750000 0.03397465
0.84745000 0.03398706
0.84740000 0.03399944
0.84735000 0.03401181
0.84730000 0.03402415
0.84725000 0.03403647
0.84720000 0.03404877
0.84715000 0.03406104
0.84710000 0.03407330
0.84705000 0.03408553
0.84700000 0.03409774
0.84695000 0.03410993
0.84690000 0.03412209
0.84685000 0.03413424
0.84680000 0.03414636
0.84675000 0.03415846
0.84670000 0.03417054
0.84665000 0.03418260
0.84660000 0.03419463
0.84655000 0.03420664
0.84650000 0.03421863
0.84645000 0.03423060
0.84640000 0.03424254
0.84635000 0.03425446
0.84630000 0.03426636
0.84625000 0.03427824
0.84620000 0.03429009
0.84615000 0.03430192
0.84610000 0.03431373
0.84605000 0.03432551
0.84600000 0.03433727
0.84595000 0.03434901
0.84590000 0.03436073
0.84585000 0.03437242
0.84580000 0.03438409
0.84575000 0.03439574
0.84570000 0.03440736
0.84565000 0.03441896
0.84560000 0.03443054
0.84555000 0.03444209
0.84550000 0.03445362
0.84545000 0.03446513
0.84540000 0.03447661
0.84535000 0.03448807
0.84530000 0.03449951
0.84525000 0.03451092
0.84520000 0.03452231
0.84515000 0.03453367
0.84510000 0.03454501
0.84505000 0.03455633
0.84500000 0.03456762
0.84495000 0.03457889
0.84490000 0.03459014
0.84485000 0.03460136
0.84480000 0.03461256
0.84475000 0.03462373
0.84470000 0.03463488
0.84465000 0.03464600
0.84460000 0.03465710
0.84455000 0.03466818
0.84450000 0.03467923
0.84445000 0.03469026
0.84440000 0.03470126
0.84435000 0.03471224
0.84430000 0.03472319
0.84425000 0.03473412
0.84420000 0.03474502
0.84415000 0.03475590
0.84410000 0.03476676
0.84405000 0.03477759
0.84400000 0.03478839
0.84395000 0.03479917
0.84390000 0.03480993
0.84385000 0.03482065
0.84380000 0.03483136
0.84375000 0.03484204
0.84370000 0.03485269
0.84365000 0.03486332
0.84360000 0.03487392
0.84355000 0.03488450
0.84350000 0.03489505
0.84345000 0.03490558
0.84340000 0.03491608
0.84335000 0.03492656
0.84330000 0.03493701
0.84325000 0.03494743
0.84320000 0.03495783
0.84315000 0.03496820
0.84310000 0.03497855
0.84305000 0.03498887
0.84300000 0.03499917
0.84295000 0.03500944
0.84290000 0.03501968
0.84285000 0.03502990
0.84280000 0.03504009
0.84275000 0.03505025
0.84270000 0.03506039
0.84265000 0.03507050
0.84260000 0.03508059
0.84255000 0.03509065
0.84250000 0.03510068
0.84245000 0.03511068
0.84240000 0.03512066
0.84235000 0.03513062
0.84230000 0.03514054
0.84225000 0.03515044
0.84220000 0.03516032
0.84215000 0.03517016
0.84210000 0.03517998
0.84205000 0.03518977
0.84200000 0.03519954
0.84195000 0.03520927
0.84190000 0.03521899
0.84185000 0.03522867
0.84180000 0.03523833
0.84175000 0.03524795
0.84170000 0.03525756
0.84165000 0.03526713
0.84160000 0.03527668
0.84155000 0.03528620
0.84150000 0.03529569
0.84145000 0.03530515
0.84140000 0.03531459
0.84135000 0.03532400
0.84130000 0.03533338
0.84125000 0.03534273
0.84120000 0.03535206
0.84115000 0.03536136
0.84110000 0.03537063
0.84105000 0.03537987
0.84100000 0.03538908
0.84095000 0.03539827
0.84090000 0.03540743
0.84085000 0.03541656
0.84080000 0.03542566
0.84075000 0.03543473
0.84070000 0.03544377
0.84065000 0.03545279
0.84060000 0.03546178
0.84055000 0.03547073
0.84050000 0.03548099
0.84045000 0.03549827
0.84040000 0.03551554
0.84035000 0.03553279
0.84030000 0.03555002
0.84025000 0.03556723
0.84020000 0.03558443
0.84015000 0.03560162
0.84010000 0.03561878
0.84005000 0.03563593
0.84000000 0.03565306
0.83995000 0.03567017
0.83990000 0.03568727
0.83985000 0.03570435
0.83980000 0.03572141
0.83975000 0.03573846
0.83970000 0.03575548
0.83965000 0.03577249
0.83960000 0.03578949
0.83955000 0.03580646
0.83950000 0.03582342
0.83945000 0.03584036
0.83940000 0.03585728
0.83935000 0.03587419
0.83930000 0.03589107
0.83925000 0.03590794
0.83920000 0.03592479
0.83915000 0.03594163
0.83910000 0.03595844
0.83905000 0.03597524
0.83900000 0.03599202
0.83895000 0.03600878
0.83890000 0.03602553
0.83885000 0.03604225
0.83880000 0.03605896
0.83875000 0.03607565
0.83870000 0.03609232
0.83865000 0.03610897
0.83860000 0.03612560
0.83855000 0.03614222
0.83850000 0.03615882
0.83845000 0.03617539
0.83840000 0.03619195
0.83835000 0.03620850
0.83830000 0.03622502
0.83825000 0.03624152
0.83820000 0.03625801
0.83815000 0.03627447
0.83810000 0.03629092
0.83805000 0.03630735
0.83800000 0.03632376
0.83795000 0.03634015
0.83790000 0.03635652
0.83785000 0.03637287
0.83780000 0.03638920
0.83775000 0.03640552
0.83770000 0.03642181
0.83765000 0.03643809
0.83760000 0.03645434
0.83755000 0.03647058
0.83750000 0.03648680
0.83745000 0.03650299
0.83740000 0.03651917
0.83735000 0.03653533
0.83730000 0.03655147
0.83725000 0.03656759
0.83720000 0.03658369
0.83715000 0.03659977
0.83710000 0.03661583
0.83705000 0.03663186
0.83700000 0.03664788
0.83695000 0.03666388
0.83690000 0.03667986
0.83685000 0.03669582
0.83680000 0.03671176
0.83675000 0.03672768
0.83670000 0.03674358
0.83665000 0.03675946
0.83660000 0.03677532
0.83655000 0.03679116
0.83650000 0.03680697
0.83645000 0.03682277
0.83640000 0.03683855
0.83635000 0.03685430
0.83630000 0.03687004
0.83625000 0.03688575
0.83620000 0.03690145
0.83615000 0.03691712
0.83610000 0.03693277
0.83605000 0.03694840
0.83600000 0.03696401
0.83595000 0.03697960
0.83590000 0.03699517
0.83585000 0.03701072
0.83580000 0.03702624
0.83575000 0.03704175
0.83570000 0.03705723
0.83565000 0.03707269
0.83560000 0.03708813
0.83555000 0.03710355
0.83550000 0.03711895
0.83545000 0.03713433
0.83540000 0.03714968
0.83535000 0.03716502
0.83530000 0.03718033
0.83525000 0.03719562
0.83520000 0.03721089
0.83515000 0.03722614
0.83510000 0.03724136
0.83505000 0.03725656
0.83500000 0.03727174
0.83495000 0.03728690
0.83490000 0.03730204
0.83485000 0.03731716
0.83480000 0.03733225
0.83475000 0.03734732
0.83470000 0.03736237
0.83465000 0.03737739
0.83460000 0.03739240
0.83455000 0.03740738
0.83450000 0.03742234
0.83445000 0.03743727
0.83440000 0.03745219
0.83435000 0.03746708
0.83430000 0.03748195
0.83425000 0.03749679
0.83420000 0.03751162
0.83415000 0.03752642
0.83410000 0.03754119
0.83405000 0.03755595
0.83400000 0.03757068
0.83395000 0.03758539
0.83390000 0.03760007
0.83385000 0.03761474
0.83380000 0.03762938
0.83375000 0.03764399
0.83370000 0.03765858
0.83365000 0.03767315
0.83360000 0.03768770
0.83355000 0.03770222
0.83350000 0.03771672
0.83345000 0.03773120
0.83340000 0.03774565
0.83335000 0.03776008
0.83330000 0.03777448
0.83325000 0.03778886
0.83320000 0.03780322
0.83315000 0.03781755
0.83310000 0.03783186
0.83305000 0.03784615
0.83300000 0.03786041
0.83295000 0.03787465
0.83290000 0.03788886
0.83285000 0.03790305
0.83280000 0.03791722
0.83275000 0.03793136
0.83270000 0.03794547
0.83265000 0.03795957
0.83260000 0.03797363
0.83255000 0.03798768
0.83250000 0.03800170
0.83245000 0.03801569
0.83240000 0.03802966
0.83235000 0.03804361
0.83230000 0.03805753
0.83225000 0.03807142
0.83220000 0.03808529
0.83215000 0.03809914
0.83210000 0.03811296
0.83205000 0.03812676
0.83200000 0.03814053
0.83195000 0.03815427
0.83190000 0.03816799
0.83185000 0.03818169
0.83180000 0.03819536
0.83175000 0.03820900
0.83170000 0.03822262
0.83165000 0.03823622
0.83160000 0.03824979
0.83155000 0.03826333
0.83150000 0.03827685
0.83145000 0.03829034
0.83140000 0.03830381
0.83135000 0.03831725
0.83130000 0.03833066
0.83125000 0.03834405
0.83120000 0.03835741
0.83115000 0.03837075
0.83110000 0.03838406
0.83105000 0.03839735
0.83100000 0.03841061
0.83095000 0.03842384
0.83090000 0.03843705
0.83085000 0.03845023
0.83080000 0.03846338
0.83075000 0.03847651
0.83070000 0.03848961
0.83065000 0.03850269
0.83060000 0.03851573
0.83055000 0.03852876
0.83050000 0.03854175
0.83045000 0.03855472
0.83040000 0.03856766
0.83035000 0.03858058
0.83030000 0.03859346
0.83025000 0.03860633
0.83020000 0.03861916
0.83015000 0.03863197
0.83010000 0.03864475
0.83005000 0.03865750
0.83000000 0.03867023
0.82995000 0.03868293
0.82990000 0.03869560
0.82985000 0.03870824
0.82980000 0.03872086
0.82975000 0.03873345
0.82970000 0.03874601
0.82965000 0.03875854
0.82960000 0.03877105
0.82955000 0.03878353
0.82950000 0.03879598
0.82945000 0.03880841
0.82940000 0.03882080
0.82935000 0.03883317
0.82930000 0.03884551
0.82925000 0.03885782
0.82920000 0.03887011
0.82915000 0.03888236
0.82910000 0.03889459
0.82905000 0.03890679
0.82900000 0.03891896
0.82895000 0.03893110
0.82890000 0.03894322
0.82885000 0.03895530
0.82880000 0.03896736
0.82875000 0.03897939
0.82870000 0.03899139
0.82865000 0.03900336
0.82860000 0.03901531
0.82855000 0.03902722
0.82850000 0.03903911
0.82845000 0.03905096
0.82840000 0.03906279
0.82835000 0.03907459
0.82830000 0.03908636
0.82825000 0.03909810
0.82820000 0.03910981
0.82815000 0.03912150
0.82810000 0.03913315
0.82805000 0.03914477
0.82800000 0.03915637
0.82795000 0.03916794
0.82790000 0.03917947
0.82785000 0.03919098
0.82780000 0.03920245
0.82775000 0.03921390
0.82770000 0.03922532
0.82765000 0.03923671
0.82760000 0.03924806
0.82755000 0.03925939
0.82750000 0.03927069
0.82745000 0.03928196
0.82740000 0.03929320
0.82735000 0.03930441
0.82730000 0.03931558
0.82725000 0.03932673
0.82720000 0.03933785
0.82715000 0.03934894
0.82710000 0.03935999
0.82705000 0.03937102
0.82700000 0.03938202
0.82695000 0.03939298
0.82690000 0.03940392
0.82685000 0.03941482
0.82680000 0.03942569
0.82675000 0.03943654
0.82670000 0.03944735
0.82665000 0.03945813
0.82660000 0.03946888
0.82655000 0.03947960
0.82650000 0.03949029
0.82645000 0.03950094
0.82640000 0.03951157
0.82635000 0.03952217
0.82630000 0.03953273
0.82625000 0.03954326
0.82620000 0.03955376
0.82615000 0.03956423
0.82610000 0.03957467
0.82605000 0.03958508
0.82600000 0.03959545
0.82595000 0.03960579
0.82590000 0.03961611
0.82585000 0.03962639
0.82580000 0.03963663
0.82575000 0.03964685
0.82570000 0.03965703
0.82565000 0.03966719
0.82560000 0.03967731
0.82555000 0.03968739
0.82550000 0.03969745
0.82545000 0.03970747
0.82540000 0.03971746
0.82535000 0.03972742
0.82530000 0.03973735
0.82525000 0.03974724
0.82520000 0.03975710
0.82515000 0.03976693
0.82510000 0.03977673
0.82505000 0.03978649
0.82500000 0.03979622
0.82495000 0.03980592
0.82490000 0.03981559
0.82485000 0.03982522
0.82480000 0.03983482
0.82475000 0.03984439
0.82470000 0.03985392
0.82465000 0.03986342
0.82460000 0.03987289
0.82455000 0.03988232
0.82450000 0.03989172
0.82445000 0.03990109
0.82440000 0.03991042
0.82435000 0.03991972
0.82430000 0.03992899
0.82425000 0.03993822
0.82420000 0.03994742
0.82415000 0.03995659
0.82410000 0.03996572
0.82405000 0.03997482
0.82400000 0.03998388
0.82395000 0.03999291
0.82390000 0.04000191
0.82385000 0.04001087
0.82380000 0.04001980
0.82375000 0.04002869
0.82370000 0.04003755
0.82365000 0.04004638
0.82360000 0.04005517
0.82355000 0.04006392
0.82350000 0.04007264
0.82345000 0.04008133
0.82340000 0.04008998
0.82335000 0.04009860
0.82330000 0.04010719
0.82325000 0.04011574
0.82320000 0.04012425
0.82315000 0.04013273
0.82310000 0.04014117
0.82305000 0.04014958
0.82300000 0.04015796
0.82295000 0.04016629
0.82290000 0.04017460
0.82285000 0.04018287
0.82280000 0.04019110
0.82275000 0.04019930
0.82270000 0.04020746
0.82265000 0.04021559
0.82260000 0.04022368
0.82255000 0.04023173
0.82250000 0.04023975
0.82245000 0.04024774
0.82240000 0.04026033
0.82235000 0.04027924
0.82230000 0.04029813
0.82225000 0.04031700
0.82220000 0.04033585
0.82215000 0.04035468
0.82210000 0.04037348
0.82205000 0.04039227
0.82200000 0.04041102
0.82195000 0.04042976
0.82190000 0.04044848
0.82185000 0.04046717
0.82180000 0.04048584
0.82175000 0.04050448
0.82170000 0.04052311
0.82165000 0.04054171
0.82160000 0.04056029
0.82155000 0.04057884
0.82150000 0.04059738
0.82145000 0.04061589
0.82140000 0.04063437
0.82135000 0.04065284
0.82130000 0.04067128
0.82125000 0.04068970
0.82120000 0.04070809
0.82115000 0.04072646
0.82110000 0.04074481
0.82105000 0.04076313
0.82100000 0.04078143
0.82095000 0.04079971
0.82090000 0.04081796
0.82085000 0.04083619
0.82080000 0.04085440
0.82075000 0.04087258
0.82070000 0.04089074
0.82065000 0.04090888
0.82060000 0.04092699
0.82055000 0.04094508
0.82050000 0.04096314
0.82045000 0.04098118
0.82040000 0.04099920
0.82035000 0.04101719
0.82030000 0.04103515
0.82025000 0.04105310
0.82020000 0.04107102
0.82015000 0.04108891
0.82010000 0.04110678
0.82005000 0.04112463
0.82000000 0.04114245
0.81995000 0.04116024
0.81990000 0.04117801
0.81985000 0.04119576
0.81980000 0.04121348
0.81975000 0.04123118
0.81970000 0.04124885
0.81965000 0.04126650
0.81960000 0.04128413
0.81955000 0.04130172
0.81950000 0.04131930
0.81945000 0.04133684
0.81940000 0.04135437
0.81935000 0.04137186
0.81930000 0.04138934
0.81925000 0.04140678
0.81920000 0.04142420
0.81915000 0.04144160
0.81910000 0.04145897
0.81905000 0.04147632
0.81900000 0.04149364
0.81895000 0.04151093
0.81890000 0.04152820
0.81885000 0.04154544
0.81880000 0.04156266
0.81875000 0.04157985
0.81870000 0.04159701
0.81865000 0.04161415
0.81860000 0.04163126
0.81855000 0.04164835
0.81850000 0.04166541
0.81845000 0.04168245
0.81840000 0.04169946
0.81835000 0.04171644
0.81830000 0.04173339
0.81825000 0.04175032
0.81820000 0.04176722
0.81815000 0.04178410
0.81810000 0.04180095
0.81805000 0.04181777
0.81800000 0.04183457
0.81795000 0.04185134
0.81790000 0.04186808
0.81785000 0.04188480
0.81780000 0.04190149
0.81775000 0.04191815
0.81770000 0.04193478
0.81765000 0.04195139
0.81760000 0.04196797
0.81755000 0.04198453
0.81750000 0.04200105
0.81745000 0.04201755
0.81740000 0.04203402
0.81735000 0.04205047
0.81730000 0.04206689
0.81725000 0.04208327
0.81720000 0.04209964
0.81715000 0.04211597
0.81710000 0.04213228
0.81705000 0.04214856
0.81700000 0.04216481
0.81695000 0.04218103
0.81690000 0.04219723
0.81685000 0.04221339
0.81680000 0.04222953
0.81675000 0.04224564
0.81670000 0.04226173
0.81665000 0.04227778
0.81660000 0.04229381
0.81655000 0.04230981
0.81650000 0.04232578
0.81645000 0.04234172
0.81640000 0.04235763
0.81635000 0.04237352
0.81630000 0.04238937
0.81625000 0.04240520
0.81620000 0.04242100
0.81615000 0.04243677
0.81610000 0.04245251
0.81605000 0.04246822
0.81600000 0.04248390
0.81595000 0.04249956
0.81590000 0.04251518
0.81585000 0.04253078
0.81580000 0.04254635
0.81575000 0.04256189
0.81570000 0.04257739
0.81565000 0.04259287
0.81560000 0.04260832
0.81555000 0.04262374
0.81550000 0.04263914
0.81545000 0.04265450
0.81540000 0.04266983
0.81535000 0.04268513
0.81530000 0.04270040
0.81525000 0.04271565
0.81520000 0.04273086
0.81515000 0.04274604
0.81510000 0.04276120
0.81505000 0.04277632
0.81500000 0.04279141
0.81495000 0.04280648
0.81490000 0.04282151
0.81485000 0.04283651
0.81480000 0.04285148
0.81475000 0.04286643
0.81470000 0.04288134
0.81465000 0.04289622
0.81460000 0.04291107
0.81455000 0.04292589
0.81450000 0.04294068
0.81445000 0.04295544
0.81440000 0.04297016
0.81435000 0.04298486
0.81430000 0.04299953
0.81425000 0.04301416
0.81420000 0.04302877
0.81415000 0.04304334
0.81410000 0.04305788
0.81405000 0.04307240
0.81400000 0.04308688
0.81395000 0.04310132
0.81390000 0.04311574
0.81385000 0.04313013
0.81380000 0.04314448
0.81375000 0.04315881
0.81370000 0.04317310
0.81365000 0.04318736
0.81360000 0.04320159
0.81355000 0.04321578
0.81350000 0.04322995
0.81345000 0.04324408
0.81340000 0.04325818
0.81335000 0.04327225
0.81330000 0.04328629
0.81325000 0.04330029
0.81320000 0.04331427
0.81315000 0.04332821
0.81310000 0.04334211
0.81305000 0.04335599
0.81300000 0.04336983
0.81295000 0.04338365
0.81290000 0.04339742
0.81285000 0.04341117
0.81280000 0.04342488
0.81275000 0.04343857
0.81270000 0.04345221
0.81265000 0.04346583
0.81260000 0.04347941
0.81255000 0.04349296
0.81250000 0.04350648
0.81245000 0.04351996
0.81240000 0.04353341
0.81235000 0.04354683
0.81230000 0.04356022
0.81225000 0.04357357
0.81220000 0.04358689
0.81215000 0.04360017
0.81210000 0.04361342
0.81205000 0.04362664
0.81200000 0.04363982
0.81195000 0.04365297
0.81190000 0.04366609
0.81185000 0.04367917
0.81180000 0.04369222
0.81175000 0.04370524
0.81170000 0.04371822
0.81165000 0.04373117
0.81160000 0.04374408
0.81155000 0.04375696
0.81150000 0.04376981
0.81145000 0.04378262
0.81140000 0.04379540
0.81135000 0.04380814
0.81130000 0.04382085
0.81125000 0.04383352
0.81120000 0.04384616
0.81115000 0.04385876
0.81110000 0.04387133
0.81105000 0.04388387
0.81100000 0.04389637
0.81095000 0.04390884
0.81090000 0.04392127
0.81085000 0.04393366
0.81080000 0.04394603
0.81075000 0.04395835
0.81070000 0.04397064
0.81065000 0.04398290
0.81060000 0.04399512
0.81055000 0.04400731
0.81050000 0.04401946
0.81045000 0.04403157
0.81040000 0.04404365
0.81035000 0.04405569
0.81030000 0.04406770
0.81025000 0.04407968
0.81020000 0.04409161
0.81015000 0.04410351
0.81010000 0.04411538
0.81005000 0.04412721
0.81000000 0.04413900
0.80995000 0.04415076
0.80990000 0.04416248
0.80985000 0.04417417
0.80980000 0.04418582
0.80975000 0.04419743
0.80970000 0.04420901
0.80965000 0.04422055
0.80960000 0.04423205
0.80955000 0.04424352
0.80950000 0.04425495
0.80945000 0.04426634
0.80940000 0.04427770
0.80935000 0.04428902
0.80930000 0.04430031
0.80925000 0.04431156
0.80920000 0.04432277
0.80915000 0.04433394
0.80910000 0.04434508
0.80905000 0.04435618
0.80900000 0.04436724
0.80895000 0.04437826
0.80890000 0.04438925
0.80885000 0.04440020
0.80880000 0.04441111
0.80875000 0.04442199
0.80870000 0.04443283
0.80865000 0.04444363
0.80860000 0.04445439
0.80855000 0.04446512
0.80850000 0.04447580
0.80845000 0.04448645
0.80840000 0.04449707
0.80835000 0.04450764
0.80830000 0.04451818
0.80825000 0.04452867
0.80820000 0.04453913
0.80815000 0.04454955
0.80810000 0.04455994
0.80805000 0.04457028
0.80800000 0.04458059
0.80795000 0.04459086
0.80790000 0.04460109
0.80785000 0.04461128
0.80780000 0.04462143
0.80775000 0.04463154
0.80770000 0.04464162
0.80765000 0.04465166
0.80760000 0.04466165
0.80755000 0.04467161
0.80750000 0.04468153
0.80745000 0.04469141
0.80740000 0.04470125
0.80735000 0.04471105
0.80730000 0.04472082
0.80725000 0.04473054
0.80720000 0.04474023
0.80715000 0.04474987
0.80710000 0.04475948
0.80705000 0.04476904
0.80700000 0.04477857
0.80695000 0.04478805
0.80690000 0.04479750
0.80685000 0.04480691
0.80680000 0.04481627
0.80675000 0.04482560
0.80670000 0.04483489
0.80665000 0.04484414
0.80660000 0.04485334
0.80655000 0.04486251
0.80650000 0.04487164
0.80645000 0.04488072
0.80640000 0.04488977
0.80635000 0.04489877
0.80630000 0.04490774
0.80625000 0.04491666
0.80620000 0.04492555
0.80615000 0.04493439
0.80610000 0.04494319
0.80605000 0.04495195
0.80600000 0.04496067
0.80595000 0.04496935
0.80590000 0.04497799
0.80585000 0.04498659
0.80580000 0.04499515
0.80575000 0.04500366
0.80570000 0.04501214
0.80565000 0.04502057
0.80560000 0.04502896
0.80555000 0.04503731
0.80550000 0.04504562
0.80545000 0.04505389
0.80540000 0.04506211
0.80535000 0.04507030
0.80530000 0.04507844
0.80525000 0.04508654
0.80520000 0.04509460
0.80515000 0.04510261
0.80510000 0.04511059
0.80505000 0.04511852
0.80500000 0.04512641
0.80495000 0.04513426
0.80490000 0.04514206
0.80485000 0.04514983
0.80480000 0.04515755
0.80475000 0.04516523
0.80470000 0.04517286
0.80465000 0.04518046
0.80460000 0.04518801
0.80455000 0.04519552
0.80450000 0.04520298
0.80445000 0.04521040
0.80440000 0.04521778
0.80435000 0.04522512
0.80430000 0.04523241
0.80425000 0.04523966
0.80420000 0.04524687
0.80415000 0.04525404
0.80410000 0.04526116
0.80405000 0.04526824
0.80400000 0.04527527
0.80395000 0.04528226
0.80390000 0.04528921
0.80385000 0.04529611
0.80380000 0.04530297
0.80375000 0.04530979
0.80370000 0.04531656
0.80365000 0.04532329
0.80360000 0.04532997
0.80355000 0.04534554
0.80350000 0.04536640
0.80345000 0.04538723
0.80340000 0.04540803
0.80335000 0.04542881
0.80330000 0.04544956
0.80325000 0.04547028
0.80320000 0.04549097
0.80315000 0.04551163
0.80310000 0.04553226
0.80305000 0.04555287
0.80300000 0.04557344
0.80295000 0.04559399
0.80290000 0.04561451
0.80285000 0.04563499
0.80280000 0.04565545
0.80275000 0.04567588
0.80270000 0.04569628
0.80265000 0.04571666
0.80260000 0.04573700
0.80255000 0.04575731
0.80250000 0.04577759
0.80245000 0.04579785
0.80240000 0.04581807
0.80235000 0.04583827
0.80230000 0.04585843
0.80225000 0.04587857
0.80220000 0.04589867
0.80215000 0.04591875
0.80210000 0.04593879
0.80205000 0.04595881
0.80200000 0.04597879
0.80195000 0.04599875
0.80190000 0.04601867
0.80185000 0.04603857
0.80180000 0.04605843
0.80175000 0.04607827
0.80170000 0.04609807
0.80165000 0.04611784
0.80160000 0.04613759
0.80155000 0.04615730
0.80150000 0.04617698
0.80145000 0.04619663
0.80140000 0.04621625
0.80135000 0.04623584
0.80130000 0.04625540
0.80125000 0.04627493
0.80120000 0.04629442
0.80115000 0.04631389
0.80110000 0.04633332
0.80105000 0.04635273
0.80100000 0.04637210
0.80095000 0.04639144
0.80090000 0.04641075
0.80085000 0.04643003
0.80080000 0.04644927
0.80075000 0.04646849
0.80070000 0.04648767
0.80065000 0.04650682
0.80060000 0.04652594
0.80055000 0.04654503
0.80050000 0.04656409
0.80045000 0.04658311
0.80040000 0.04660210
0.80035000 0.04662107
0.80030000 0.04663999
0.80025000 0.04665889
0.80020000 0.04667775
0.80015000 0.04669659
0.80010000 0.04671539
0.80005000 0.04673415
0.80000000 0.04675289
0.79995000 0.04677159
0.79990000 0.04679026
0.79985000 0.04680890
0.79980000 0.04682750
0.79975000 0.04684607
0.79970000 0.04686461
0.79965000 0.04688312
0.79960000 0.04690159
0.79955000 0.04692003
0.79950000 0.04693844
0.79945000 0.04695681
0.79940000 0.04697515
0.79935000 0.04699346
0.79930000 0.04701174
0.79925000 0.04702998
0.79920000 0.04704819
0.79915000 0.04706636
0.79910000 0.04708450
0.79905000 0.04710261
0.79900000 0.04712068
0.79895000 0.04713872
0.79890000 0.04715673
0.79885000 0.04717470
0.79880000 0.04719264
0.79875000 0.04721054
0.79870000 0.04722841
0.79865000 0.04724625
0.79860000 0.04726405
0.79855000 0.04728182
0.79850000 0.04729955
0.79845000 0.04731725
0.79840000 0.04733492
0.79835000 0.04735255
0.79830000 0.04737015
0.79825000 0.04738771
0.79820000 0.04740524
0.79815000 0.04742273
0.79810000 0.04744019
0.79805000 0.04745761
0.79800000 0.04747500
0.79795000 0.04749235
0.79790000 0.04750967
0.79785000 0.04752695
0.79780000 0.04754420
0.79775000 0.04756141
0.79770000 0.04757859
0.79765000 0.04759573
0.79760000 0.04761284
0.79755000 0.04762991
0.79750000 0.04764695
0.79745000 0.04766395
0.79740000 0.04768091
0.79735000 0.04769784
0.79730000 0.04771474
0.79725000 0.04773160
0.79720000 0.04774842
0.79715000 0.04776520
0.79710000 0.04778196
0.79705000 0.04779867
0.79700000 0.04781535
0.79695000 0.04783199
0.79690000 0.04784860
0.79685000 0.04786517
0.79680000 0.04788170
0.79675000 0.04789820
0.79670000 0.04791466
0.79665000 0.04793108
0.79660000 0.04794747
0.79655000 0.04796382
0.79650000 0.04798013
0.79645000 0.04799641
0.79640000 0.04801265
0.79635000 0.04802885
0.79630000 0.04804502
0.79625000 0.04806115
0.79620000 0.04807724
0.79615000 0.04809330
0.79610000 0.04810931
0.79605000 0.04812530
0.79600000 0.04814124
0.79595000 0.04815715
0.79590000 0.04817301
0.79585000 0.04818885
0.79580000 0.04820464
0.79575000 0.04822039
0.79570000 0.04823611
0.79565000 0.04825179
0.79560000 0.04826744
0.79555000 0.04828304
0.79550000 0.04829861
0.79545000 0.04831414
0.79540000 0.04832963
0.79535000 0.04834508
0.79530000 0.04836049
0.79525000 0.04837587
0.79520000 0.04839121
0.79515000 0.04840651
0.79510000 0.04842177
0.79505000 0.04843699
0.79500000 0.04845217
0.79495000 0.04846732
0.79490000 0.04848243
0.79485000 0.04849749
0.79480000 0.04851252
0.79475000 0.04852751
0.79470000 0.04854246
0.79465000 0.04855738
0.79460000 0.04857225
0.79455000 0.04858708
0.79450000 0.04860188
0.79445000 0.04861663
0.79440000 0.04863135
0.79435000 0.04864603
0.79430000 0.04866066
0.79425000 0.04867526
0.79420000 0.04868982
0.79415000 0.04870434
0.79410000 0.04871881
0.79405000 0.04873325
0.79400000 0.04874765
0.79395000 0.04876201
0.79390000 0.04877633
0.79385000 0.04879061
0.79380000 0.04880485
0.79375000 0.04881905
0.79370000 0.04883321
0.79365000 0.04884732
0.79360000 0.04886140
0.79355000 0.04887544
0.79350000 0.04888944
0.79345000 0.04890339
0.79340000 0.04891731
0.79335000 0.04893118
0.79330000 0.04894502
0.79325000 0.04895881
0.79320000 0.04897256
0.79315000 0.04898627
0.79310000 0.04899995
0.79305000 0.04901357
0.79300000 0.04902716
0.79295000 0.04904071
0.79290000 0.04905422
0.79285000 0.04906768
0.79280000 0.04908110
0.79275000 0.04909449
0.79270000 0.04910783
0.79265000 0.04912113
0.79260000 0.04913438
0.79255000 0.04914760
0.79250000 0.04916077
0.79245000 0.04917390
0.79240000 0.04918699
0.79235000 0.04920004
0.79230000 0.04921305
0.79225000 0.04922601
0.79220000 0.04923893
0.79215000 0.04925181
0.79210000 0.04926465
0.79205000 0.04927744
0.79200000 0.04929020
0.79195000 0.04930291
0.79190000 0.04931557
0.79185000 0.04932820
0.79180000 0.04934078
0.79175000 0.04935332
0.79170000 0.04936582
0.79165000 0.04937827
0.79160000 0.04939068
0.79155000 0.04940305
0.79150000 0.04941537
0.79145000 0.04942765
0.79140000 0.04943989
0.79135000 0.04945209
0.79130000 0.04946424
0.79125000 0.04947635
0.79120000 0.04948841
0.79115000 0.04950043
0.79110000 0.04951241
0.79105000 0.04952435
0.79100000 0.04953624
0.79095000 0.04954808
0.79090000 0.04955989
0.79085000 0.04957164
0.79080000 0.04958336
0.79075000 0.04959503
0.79070000 0.04960666
0.79065000 0.04961824
0.79060000 0.04962978
0.79055000 0.04964127
0.79050000 0.04965272
0.79045000 0.04966412
0.79040000 0.04967549
0.79035000 0.04968680
0.79030000 0.04969807
0.79025000 0.04970930
0.79020000 0.04972048
0.79015000 0.04973162
0.79010000 0.04974271
0.79005000 0.04975376
0.79000000 0.04976476
0.78995000 0.04977572
0.78990000 0.04978663
0.78985000 0.04979749
0.78980000 0.04980832
0.78975000 0.04981909
0.78970000 0.04982982
0.78965000 0.04984051
0.78960000 0.04985115
0.78955000 0.04986174
0.78950000 0.04987229
0.78945000 0.04988279
0.78940000 0.04989325
0.78935000 0.04990366
0.78930000 0.04991402
0.78925000 0.04992434
0.78920000 0.04993461
0.78915000 0.04994484
0.78910000 0.04995502
0.78905000 0.04996515
0.78900000 0.04997524
0.78895000 0.04998528
0.78890000 0.04999527
0.78885000 0.05000522
0.78880000 0.05001512
0.78875000 0.05002498
0.78870000 0.05003479
0.78865000 0.05004455
0.78860000 0.05005426
0.78855000 0.05006393
0.78850000 0.05007355
0.78845000 0.05008312
0.78840000 0.05009265
0.78835000 0.05010213
0.78830000 0.05011156
0.78825000 0.05012094
0.78820000 0.05013028
0.78815000 0.05013957
0.78810000 0.05014881
0.78805000 0.05015800
0.78800000 0.05016715
0.78795000 0.05017625
0.78790000 0.05018530
0.78785000 0.05019430
0.78780000 0.05020325
0.78775000 0.05021216
0.78770000 0.05022102
0.78765000 0.05022983
0.78760000 0.05023859
0.78755000 0.05024730
0.78750000 0.05025597
0.78745000 0.05026459
0.78740000 0.05027315
0.78735000 0.05028167
0.78730000 0.05029014
0.78725000 0.05029857
0.78720000 0.05030694
0.78715000 0.05031527
0.78710000 0.05032354
0.78705000 0.05033177
0.78700000 0.05033995
0.78695000 0.05034807
0.78690000 0.05035615
0.78685000 0.05036418
0.78680000 0.05037217
0.78675000 0.05038010
0.78670000 0.05038798
0.78665000 0.05039581
0.78660000 0.05040359
0.78655000 0.05041133
0.78650000 0.05041901
0.78645000 0.05042665
0.78640000 0.05043423
0.78635000 0.05044176
0.78630000 0.05044925
0.78625000 0.05045668
0.78620000 0.05046406
0.78615000 0.05047140
0.78610000 0.05047868
0.78605000 0.05048591
0.78600000 0.05049310
0.78595000 0.05050023
0.78590000 0.05050731
0.78585000 0.05051434
0.78580000 0.05052132
0.78575000 0.05052825
0.78570000 0.05053513
0.78565000 0.05054196
0.78560000 0.05054873
0.78555000 0.05055546
0.78550000 0.05056213
0.78545000 0.05056876
0.78540000 0.05057533
0.78535000 0.05058185
0.78530000 0.05058832
0.78525000 0.05059474
0.78520000 0.05060110
0.78515000 0.05060742
0.78510000 0.05061368
0.78505000 0.05061989
0.78500000 0.05062605
0.78495000 0.05063216
0.78490000 0.05063822
0.78485000 0.05064422
0.78480000 0.05065017
0.78475000 0.05065607
0.78470000 0.05066192
0.78465000 0.05066772
0.78460000 0.05067346
0.78455000 0.05067915
0.78450000 0.05068479
0.78445000 0.05069037
0.78440000 0.05069591
0.78435000 0.05070139
0.78430000 0.05070682
0.78425000 0.05071219
0.78420000 0.05071751
0.78415000 0.05072278
0.78410000 0.05072800
0.78405000 0.05073316
0.78400000 0.05074989
0.78395000 0.05077291
0.78390000 0.05079588
0.78385000 0.05081882
0.78380000 0.05084173
0.78375000 0.05086459
0.78370000 0.05088742
0.78365000 0.05091022
0.78360000 0.05093298
0.78355000 0.05095570
0.78350000 0.05097839
0.78345000 0.05100104
0.78340000 0.05102365
0.78335000 0.05104623
0.78330000 0.05106877
0.78325000 0.05109127
0.78320000 0.05111374
0.78315000 0.05113617
0.78310000 0.05115856
0.78305000 0.05118092
0.78300000 0.05120324
0.78295000 0.05122552
0.78290000 0.05124777
0.78285000 0.05126998
0.78280000 0.05129215
0.78275000 0.05131428
0.78270000 0.05133638
0.78265000 0.05135844
0.78260000 0.05138046
0.78255000 0.05140244
0.78250000 0.05142439
0.78245000 0.05144630
0.78240000 0.05146817
0.78235000 0.05149000
0.78230000 0.05151179
0.78225000 0.05153355
0.78220000 0.05155527
0.78215000 0.05157695
0.78210000 0.05159859
0.78205000 0.05162020
0.78200000 0.05164176
0.78195000 0.05166329
0.78190000 0.05168478
0.78185000 0.05170623
0.78180000 0.05172764
0.78175000 0.05174902
0.78170000 0.05177035
0.78165000 0.05179165
0.78160000 0.05181291
0.78155000 0.05183412
0.78150000 0.05185530
0.78145000 0.05187645
0.78140000 0.05189755
0.78135000 0.05191861
0.78130000 0.05193963
0.78125000 0.05196062
0.78120000 0.05198156
0.78115000 0.05200247
0.78110000 0.05202333
0.78105000 0.05204416
0.78100000 0.05206495
0.78095000 0.05208569
0.78090000 0.05210640
0.78085000 0.05212707
0.78080000 0.05214770
0.78075000 0.05216829
0.78070000 0.05218883
0.78065000 0.05220934
0.78060000 0.05222981
0.78055000 0.05225024
0.78050000 0.05227063
0.78045000 0.05229097
0.78040000 0.05231128
0.78035000 0.05233155
0.78030000 0.05235177
0.78025000 0.05237196
0.78020000 0.05239210
0.78015000 0.05241221
0.78010000 0.05243227
0.78005000 0.05245229
0.78000000 0.05247227
0.77995000 0.05249222
0.77990000 0.05251212
0.77985000 0.05253197
0.77980000 0.05255179
0.77975000 0.05257157
0.77970000 0.05259130
0.77965000 0.05261100
0.77960000 0.05263065
0.77955000 0.05265026
0.77950000 0.05266983
0.77945000 0.05268936
0.77940000 0.05270884
0.77935000 0.05272829
0.77930000 0.05274769
0.77925000 0.05276705
0.77920000 0.05278637
0.77915000 0.05280565
0.77910000 0.05282488
0.77905000 0.05284407
0.77900000 0.05286322
0.77895000 0.05288233
0.77890000 0.05290140
0.77885000 0.05292042
0.77880000 0.05293940
0.77875000 0.05295834
0.77870000 0.05297723
0.77865000 0.05299609
0.77860000 0.05301490
0.77855000 0.05303367
0.77850000 0.05305239
0.77845000 0.05307107
0.77840000 0.05308971
0.77835000 0.05310831
0.77830000 0.05312686
0.77825000 0.05314537
0.77820000 0.05316383
0.77815000 0.05318226
0.77810000 0.05320064
0.77805000 0.05321897
0.77800000 0.05323726
0.77795000 0.05325551
0.77790000 0.05327372
0.77785000 0.05329188
0.77780000 0.05331000
0.77775000 0.05332807
0.77770000 0.05334610
0.77765000 0.05336409
0.77760000 0.05338203
0.77755000 0.05339993
0.77750000 0.05341778
0.77745000 0.05343559
0.77740000 0.05345335
0.77735000 0.05347107
0.77730000 0.05348875
0.77725000 0.05350638
0.77720000 0.05352397
0.77715000 0.05354151
0.77710000 0.05355901
0.77705000 0.05357646
0.77700000 0.05359387
0.77695000 0.05361123
0.77690000 0.05362855
0.77685000 0.05364582
0.77680000 0.05366305
0.77675000 0.05368023
0.77670000 0.05369737
0.77665000 0.05371446
0.77660000 0.05373150
0.77655000 0.05374850
0.77650000 0.05376546
0.77645000 0.05378237
0.77640000 0.05379923
0.77635000 0.05381605
0.77630000 0.05383282
0.77625000 0.05384955
0.77620000 0.05386623
0.77615000 0.05388287
0.77610000 0.05389945
0.77605000 0.05391600
0.77600000 0.05393249
0.77595000 0.05394894
0.77590000 0.05396535
0.77585000 0.05398170
0.77580000 0.05399801
0.77575000 0.05401428
0.77570000 0.05403049
0.77565000 0.05404666
0.77560000 0.05406279
0.77555000 0.05407887
0.77550000 0.05409490
0.77545000 0.05411088
0.77540000 0.05412682
0.77535000 0.05414270
0.77530000 0.05415855
0.77525000 0.05417434
0.77520000 0.05419009
0.77515000 0.05420579
0.77510000 0.05422144
0.77505000 0.05423704
0.77500000 0.05425260
0.77495000 0.05426811
0.77490000 0.05428357
0.77485000 0.05429899
0.77480000 0.05431435
0.77475000 0.05432967
0.77470000 0.05434494
0.77465000 0.05436017
0.77460000 0.05437534
0.77455000 0.05439047
0.77450000 0.05440554
0.77445000 0.05442057
0.77440000 0.05443555
0.77435000 0.05445049
0.77430000 0.05446537
0.77425000 0.05448021
0.77420000 0.05449499
0.77415000 0.05450973
0.77410000 0.05452442
0.77405000 0.05453906
0.77400000 0.05455365
0.77395000 0.05456819
0.77390000 0.05458269
0.77385000 0.05459713
0.77380000 0.05461152
0.77375000 0.05462587
0.77370000 0.05464017
0.77365000 0.05465441
0.77360000 0.05466861
0.77355000 0.05468276
0.77350000 0.05469685
0.77345000 0.05471090
0.77340000 0.05472490
0.77335000 0.05473885
0.77330000 0.05475275
0.77325000 0.05476660
0.77320000 0.05478039
0.77315000 0.05479414
0.77310000 0.05480784
0.77305000 0.05482149
0.77300000 0.05483509
0.77295000 0.05484863
0.77290000 0.05486213
0.77285000 0.05487558
0.77280000 0.05488897
0.77275000 0.05490232
0.77270000 0.05491561
0.77265000 0.05492885
0.77260000 0.05494205
0.77255000 0.05495519
0.77250000 0.05496828
0.77245000 0.05498132
0.77240000 0.05499430
0.77235000 0.05500724
0.77230000 0.05502013
0.77225000 0.05503296
0.77220000 0.05504574
0.77215000 0.05505847
0.77210000 0.05507115
0.77205000 0.05508378
0.77200000 0.05509636
0.77195000 0.05510888
0.77190000 0.05512135
0.77185000 0.05513377
0.77180000 0.05514614
0.77175000 0.05515846
0.77170000 0.05517072
0.77165000 0.05518294
0.77160000 0.05519509
0.77155000 0.05520720
0.77150000 0.05521926
0.77145000 0.05523126
0.77140000 0.05524321
0.77135000 0.05525511
0.77130000 0.05526695
0.77125000 0.05527874
0.77120000 0.05529048
0.77115000 0.05530217
0.77110000 0.05531380
0.77105000 0.05532538
0.77100000 0.05533690
0.77095000 0.05534838
0.77090000 0.05535980
0.77085000 0.05537116
0.77080000 0.05538248
0.77075000 0.05539374
0.77070000 0.05540494
0.77065000 0.05541610
0.77060000 0.05542720
0.77055000 0.05543824
0.77050000 0.05544923
0.77045000 0.05546017
0.77040000 0.05547105
0.77035000 0.05548188
0.77030000 0.05549266
0.77025000 0.05550338
0.77020000 0.05551404
0.77015000 0.05552466
0.77010000 0.05553521
0.77005000 0.05554572
0.77000000 0.05555617
0.76995000 0.05556656
0.76990000 0.05557690
0.76985000 0.05558718
0.76980000 0.05559741
0.76975000 0.05560759
0.76970000 0.05561771
0.76965000 0.05562777
0.76960000 0.05563778
0.76955000 0.05564774
0.76950000 0.05565764
0.76945000 0.05566748
0.76940000 0.05567727
0.76935000 0.05568700
0.76930000 0.05569668
0.76925000 0.05570630
0.76920000 0.05571587
0.76915000 0.05572538
0.76910000 0.05573483
0.76905000 0.05574423
0.76900000 0.05575357
0.76895000 0.05576286
0.76890000 0.05577209
0.76885000 0.05578127
0.76880000 0.05579038
0.76875000 0.05579944
0.76870000 0.05580845
0.76865000 0.05581740
0.76860000 0.05582629
0.76855000 0.05583513
0.76850000 0.05584391
0.76845000 0.05585263
0.76840000 0.05586129
0.76835000 0.05586990
0.76830000 0.05587845
0.76825000 0.05588695
0.76820000 0.05589538
0.76815000 0.05590376
0.76810000 0.05591209
0.76805000 0.05592035
0.76800000 0.05592856
0.76795000 0.05593671
0.76790000 0.05594480
0.76785000 0.05595284
0.76780000 0.05596081
0.76775000 0.05596873
0.76770000 0.05597660
0.76765000 0.05598440
0.76760000 0.05599215
0.76755000 0.05599983
0.76750000 0.05600746
0.76745000 0.05601503
0.76740000 0.05602255
0.76735000 0.05603000
0.76730000 0.05603740
0.76725000 0.05604474
0.76720000 0.05605202
0.76715000 0.05605924
0.76710000 0.05606640
0.76705000 0.05607350
0.76700000 0.05608054
0.76695000 0.05608753
0.76690000 0.05609446
0.76685000 0.05610132
0.76680000 0.05610813
0.76675000 0.05611488
0.76670000 0.05612157
0.76665000 0.05612820
0.76660000 0.05613477
0.76655000 0.05614128
0.76650000 0.05614773
0.76645000 0.05615412
0.76640000 0.05616046
0.76635000 0.05616673
0.76630000 0.05617294
0.76625000 0.05617909
0.76620000 0.05618519
0.76615000 0.05619122
0.76610000 0.05619719
0.76605000 0.05620310
0.76600000 0.05620895
0.76595000 0.05621474
0.76590000 0.05622048
0.76585000 0.05622615
0.76580000 0.05623175
0.76575000 0.05623730
0.76570000 0.05624279
0.76565000 0.05624822
0.76560000 0.05625358
0.76555000 0.05625889
0.76550000 0.05626413
0.76545000 0.05626932
0.76540000 0.05627444
0.76535000 0.05627950
0.76530000 0.05628450
0.76525000 0.05628944
0.76520000 0.05629431
0.76515000 0.05629913
0.76510000 0.05630388
0.76505000 0.05630857
0.76500000 0.05631320
0.76495000 0.05631777
0.76490000 0.05632227
0.76485000 0.05632672
0.76480000 0.05633110
0.76475000 0.05633542
0.76470000 0.05633968
0.76465000 0.05634387
0.76460000 0.05634800
0.76455000 0.05635207
0.76450000 0.05635608
0.76445000 0.05636003
0.76440000 0.05636391
0.76435000 0.05636773
0.76430000 0.05637149
0.76425000 0.05637518
0.76420000 0.05637881
0.76415000 0.05638238
0.76410000 0.05638588
0.76405000 0.05638932
0.76400000 0.05639270
0.76395000 0.05639602
0.76390000 0.05639927
0.76385000 0.05640246
0.76380000 0.05641461
0.76375000 0.05644004
0.76370000 0.05646542
0.76365000 0.05649076
0.76360000 0.05651606
0.76355000 0.05654131
0.76350000 0.05656651
0.76345000 0.05659167
0.76340000 0.05661679
0.76335000 0.05664186
0.76330000 0.05666689
0.76325000 0.05669187
0.76320000 0.05671680
0.76315000 0.05674169
0.76310000 0.05676653
0.76305000 0.05679133
0.76300000 0.05681609
0.76295000 0.05684079
0.76290000 0.05686545
0.76285000 0.05689007
0.76280000 0.05691464
0.76275000 0.05693917
0.76270000 0.05696364
0.76265000 0.05698808
0.76260000 0.05701246
0.76255000 0.05703680
0.76250000 0.05706110
0.76245000 0.05708535
0.76240000 0.05710955
0.76235000 0.05713370
0.76230000 0.05715781
0.76225000 0.05718187
0.76220000 0.05720589
0.76215000 0.05722986
0.76210000 0.05725378
0.76205000 0.05727765
0.76200000 0.05730148
0.76195000 0.05732526
0.76190000 0.05734900
0.76185000 0.05737268
0.76180000 0.05739632
0.76175000 0.05741992
0.76170000 0.05744346
0.76165000 0.05746696
0.76160000 0.05749041
0.76155000 0.05751381
0.76150000 0.05753717
0.76145000 0.05756048
0.76140000 0.05758374
0.76135000 0.05760695
0.76130000 0.05763011
0.76125000 0.05765323
0.76120000 0.05767630
0.76115000 0.05769932
0.76110000 0.05772229
0.76105000 0.05774521
0.76100000 0.05776809
0.76095000 0.05779091
0.76090000 0.05781369
0.76085000 0.05783642
0.76080000 0.05785910
0.76075000 0.05788174
0.76070000 0.05790432
0.76065000 0.05792686
0.76060000 0.05794934
0.76055000 0.05797178
0.76050000 0.05799417
0.76045000 0.05801651
0.76040000 0.05803880
0.76035000 0.05806104
0.76030000 0.05808323
0.76025000 0.05810537
0.76020000 0.05812746
0.76015000 0.05814951
0.76010000 0.05817150
0.76005000 0.05819345
0.76000000 0.05821534
0.75995000 0.05823718
0.75990000 0.05825898
0.75985000 0.05828072
0.75980000 0.05830242
0.75975000 0.05832406
0.75970000 0.05834566
0.75965000 0.05836720
0.75960000 0.05838870
0.75955000 0.05841014
0.75950000 0.05843153
0.75945000 0.05845288
0.75940000 0.05847417
0.75935000 0.05849541
0.75930000 0.05851660
0.75925000 0.05853774
0.75920000 0.05855883
0.75915000 0.05857987
0.75910000 0.05860086
0.75905000 0.05862179
0.75900000 0.05864268
0.75895000 0.05866351
0.75890000 0.05868429
0.75885000 0.05870503
0.75880000 0.05872571
0.75875000 0.05874633
0.75870000 0.05876691
0.75865000 0.05878744
0.75860000 0.05880791
0.75855000 0.05882833
0.75850000 0.05884870
0.75845000 0.05886902
0.75840000 0.05888929
0.75835000 0.05890950
0.75830000 0.05892966
0.75825000 0.05894977
0.75820000 0.05896983
0.75815000 0.05898983
0.75810000 0.05900978
0.75805000 0.05902968
0.75800000 0.05904953
0.75795000 0.05906933
0.75790000 0.05908907
0.75785000 0.05910876
0.75780000 0.05912839
0.75775000 0.05914798
0.75770000 0.05916751
0.75765000 0.05918699
0.75760000 0.05920641
0.75755000 0.05922578
0.75750000 0.05924510
0.75745000 0.05926436
0.75740000 0.05928358
0.75735000 0.05930273
0.75730000 0.05932184
0.75725000 0.05934089
0.75720000 0.05935988
0.75715000 0.05937883
0.75710000 0.05939772
0.75705000 0.05941655
0.75700000 0.05943533
0.75695000 0.05945406
0.75690000 0.05947273
0.75685000 0.05949135
0.75680000 0.05950991
0.75675000 0.05952842
0.75670000 0.05954688
0.75665000 0.05956528
0.75660000 0.05958363
0.75655000 0.05960192
0.75650000 0.05962016
0.75645000 0.05963834
0.75640000 0.05965646
0.75635000 0.05967454
0.75630000 0.05969255
0.75625000 0.05971052
0.75620000 0.05972842
0.75615000 0.05974628
0.75610000 0.05976407
0.75605000 0.05978181
0.75600000 0.05979950
0.75595000 0.05981713
0.75590000 0.05983470
0.75585000 0.05985222
0.75580000 0.05986969
0.75575000 0.05988709
0.75570000 0.05990444
0.75565000 0.05992174
0.75560000 0.05993898
0.75555000 0.05995616
0.75550000 0.05997329
0.75545000 0.05999036
0.75540000 0.06000738
0.75535000 0.06002433
0.75530000 0.06004124
0.75525000 0.06005808
0.75520000 0.06007487
0.75515000 0.06009160
0.75510000 0.06010828
0.75505000 0.06012489
0.75500000 0.06014146
0.75495000 0.06015796
0.75490000 0.06017441
0.75485000 0.06019080
0.75480000 0.06020713
0.75475000 0.06022341
0.75470000 0.06023962
0.75465000 0.06025578
0.75460000 0.06027189
0.75455000 0.06028793
0.75450000 0.06030392
0.75445000 0.06031985
0.75440000 0.06033572
0.75435000 0.06035154
0.75430000 0.06036730
0.75425000 0.06038300
0.75420000 0.06039864
0.75415000 0.06041422
0.75410000 0.06042974
0.75405000 0.06044521
0.75400000 0.06046062
0.75395000 0.06047597
0.75390000 0.06049126
0.75385000 0.06050649
0.75380000 0.06052166
0.75375000 0.06053678
0.75370000 0.06055183
0.75365000 0.06056683
0.75360000 0.06058177
0.75355000 0.06059665
0.75350000 0.06061147
0.75345000 0.06062623
0.75340000 0.06064093
0.75335000 0.06065557
0.75330000 0.06067015
0.75325000 0.06068467
0.75320000 0.06069914
0.75315000 0.06071354
0.75310000 0.06072789
0.75305000 0.06074217
0.75300000 0.06075639
0.75295000 0.06077056
0.75290000 0.06078466
0.75285000 0.06079871
0.75280000 0.06081269
0.75275000 0.06082662
0.75270000 0.06084048
0.75265000 0.06085428
0.75260000 0.06086803
0.75255000 0.06088171
0.75250000 0.06089533
0.75245000 0.06090889
0.75240000 0.06092239
0.75235000 0.06093583
0.75230000 0.06094921
0.75225000 0.06096253
0.75220000 0.06097579
0.75215000 0.06098898
0.75210000 0.06100211
0.75205000 0.06101519
0.75200000 0.06102820
0.75195000 0.06104115
0.75190000 0.06105404
0.75185000 0.06106687
0.75180000 0.06107963
0.75175000 0.06109234
0.75170000 0.06110498
0.75165000 0.06111756
0.75160000 0.06113008
0.75155000 0.06114253
0.75150000 0.06115493
0.75145000 0.06116726
0.75140000 0.06117953
0.75135000 0.06119173
0.75130000 0.06120388
0.75125000 0.06121596
0.75120000 0.06122798
0.75115000 0.06123994
0.75110000 0.06125183
0.75105000 0.06126367
0.75100000 0.06127543
0.75095000 0.06128714
0.75090000 0.06129878
0.75085000 0.06131036
0.75080000 0.06132188
0.75075000 0.06133333
0.75070000 0.06134473
0.75065000 0.06135605
0.75060000 0.06136732
0.75055000 0.06137852
0.75050000 0.06138965
0.75045000 0.06140072
0.75040000 0.06141173
0.75035000 0.06142268
0.75030000 0.06143356
0.75025000 0.06144438
0.75020000 0.06145513
0.75015000 0.06146582
0.75010000 0.06147645
0.75005000 0.06148701
0.75000000 0.06149750
0.74995000 0.06150793
0.74990000 0.06151830
0.74985000 0.06152860
0.74980000 0.06153884
0.74975000 0.06154902
0.74970000 0.06155912
0.74965000 0.06156917
0.74960000 0.06157915
0.74955000 0.06158906
0.74950000 0.06159891
0.74945000 0.06160869
0.74940000 0.06161841
0.74935000 0.06162806
0.74930000 0.06163765
0.74925000 0.06164717
0.74920000 0.06165663
0.74915000 0.06166602
0.74910000 0.06167535
0.74905000 0.06168461
0.74900000 0.06169380
0.74895000 0.06170293
0.74890000 0.06171199
0.74885000 0.06172098
0.74880000 0.06172991
0.74875000 0.06173878
0.74870000 0.06174757
0.74865000 0.06175630
0.74860000 0.06176497
0.74855000 0.06177356
0.74850000 0.06178209
0.74845000 0.06179056
0.74840000 0.06179895
0.74835000 0.06180729
0.74830000 0.06181555
0.74825000 0.06182374
0.74820000 0.06183187
0.74815000 0.06183994
0.74810000 0.06184793
0.74805000 0.06185586
0.74800000 0.06186372
0.74795000 0.06187151
0.74790000 0.06187924
0.74785000 0.06188689
0.74780000 0.06189448
0.74775000 0.06190201
0.74770000 0.06190946
0.74765000 0.06191685
0.74760000 0.06192416
0.74755000 0.06193141
0.74750000 0.06193860
0.74745000 0.06194571
0.74740000 0.06195276
0.74735000 0.06195973
0.74730000 0.06196664
0.74725000 0.06197348
0.74720000 0.06198025
0.74715000 0.06198696
0.74710000 0.06199359
0.74705000 0.06200016
0.74700000 0.06200665
0.74695000 0.06201308
0.74690000 0.06201944
0.74685000 0.06202573
0.74680000 0.06203195
0.74675000 0.06203810
0.74670000 0.06204418
0.74665000 0.06205019
0.74660000 0.06205613
0.74655000 0.06206200
0.74650000 0.06206781
0.74645000 0.06207354
0.74640000 0.06207920
0.74635000 0.06208480
0.74630000 0.06209032
0.74625000 0.06209577
0.74620000 0.06210116
0.74615000 0.06210647
0.74610000 0.06211171
0.74605000 0.06211688
0.74600000 0.06212198
0.74595000 0.06212702
0.74590000 0.06213198
0.74585000 0.06213687
0.74580000 0.06214168
0.74575000 0.06214643
0.74570000 0.06215111
0.74565000 0.06215572
0.74560000 0.06216025
0.74555000 0.06216472
0.74550000 0.06216911
0.74545000 0.06217343
0.74540000 0.06217768
0.74535000 0.06218186
0.74530000 0.06218597
0.74525000 0.06219000
0.74520000 0.06219396
0.74515000 0.06219786
0.74510000 0.06220168
0.74505000 0.06220542
0.74500000 0.06220910
0.74495000 0.06221270
0.74490000 0.06221624
0.74485000 0.06221970
0.74480000 0.06222308
0.74475000 0.06222640
0.74470000 0.06222964
0.74465000 0.06223281
0.74460000 0.06223591
0.74455000 0.06223893
0.74450000 0.06224188
0.74445000 0.06224476
0.74440000 0.06224757
0.74435000 0.06225030
0.74430000 0.06225296
0.74425000 0.06225555
0.74420000 0.06225806
0.74415000 0.06226050
0.74410000 0.06226287
0.74405000 0.06226516
0.74400000 0.06226738
0.74395000 0.06226952
0.74390000 0.06227160
0.74385000 0.06227359
0.74380000 0.06227552
0.74375000 0.06227737
0.74370000 0.06227915
0.74365000 0.06228085
0.74360000 0.06228248
0.74355000 0.06228403
0.74350000 0.06228551
0.74345000 0.06228691
0.74340000 0.06228824
0.74335000 0.06228950
0.74330000 0.06229068
0.74325000 0.06229179
0.74320000 0.06229282
0.74315000 0.06229378
0.74310000 0.06229466
0.74305000 0.06229546
0.74300000 0.06229620
0.74295000 0.06231979
0.74290000 0.06234789
0.74285000 0.06237593
0.74280000 0.06240393
0.74275000 0.06243186
0.74270000 0.06245974
0.74265000 0.06248757
0.74260000 0.06251534
0.74255000 0.06254306
0.74250000 0.06257072
0.74245000 0.06259833
0.74240000 0.06262588
0.74235000 0.06265337
0.74230000 0.06268081
0.74225000 0.06270820
0.74220000 0.06273553
0.74215000 0.06276280
0.74210000 0.06279002
0.74205000 0.06281718
0.74200000 0.06284428
0.74195000 0.06287133
0.74190000 0.06289833
0.74185000 0.06292527
0.74180000 0.06295215
0.74175000 0.06297897
0.74170000 0.06300574
0.74165000 0.06303245
0.74160000 0.06305911
0.74155000 0.06308571
0.74150000 0.06311225
0.74145000 0.06313874
0.74140000 0.06316517
0.74135000 0.06319154
0.74130000 0.06321786
0.74125000 0.06324411
0.74120000 0.06327032
0.74115000 0.06329646
0.74110000 0.06332255
0.74105000 0.06334858
0.74100000 0.06337455
0.74095000 0.06340046
0.74090000 0.06342632
0.74085000 0.06345212
0.74080000 0.06347786
0.74075000 0.06350355
0.74070000 0.06352917
0.74065000 0.06355474
0.74060000 0.06358025
0.74055000 0.06360571
0.74050000 0.06363110
0.74045000 0.06365644
0.74040000 0.06368171
0.74035000 0.06370693
0.74030000 0.06373209
0.74025000 0.06375720
0.74020000 0.06378224
0.74015000 0.06380723
0.74010000 0.06383215
0.74005000 0.06385702
0.74000000 0.06388183
0.73995000 0.06390658
0.73990000 0.06393127
0.73985000 0.06395590
0.73980000 0.06398048
0.73975000 0.06400499
0.73970000 0.06402944
0.73965000 0.06405384
0.73960000 0.06407817
0.73955000 0.06410245
0.73950000 0.06412666
0.73945000 0.06415082
0.73940000 0.06417492
0.73935000 0.06419895
0.73930000 0.06422293
0.73925000 0.06424685
0.73920000 0.06427070
0.73915000 0.06429450
0.73910000 0.06431823
0.73905000 0.06434191
0.73900000 0.06436553
0.73895000 0.06438908
0.73890000 0.06441258
0.73885000 0.06443601
0.73880000 0.06445938
0.73875000 0.06448269
0.73870000 0.06450595
0.73865000 0.06452914
0.73860000 0.06455227
0.73855000 0.06457533
0.73850000 0.06459834
0.73845000 0.06462129
0.73840000 0.06464417
0.73835000 0.06466699
0.73830000 0.06468976
0.73825000 0.06471246
0.73820000 0.06473510
0.73815000 0.06475767
0.73810000 0.06478019
0.73805000 0.06480264
0.73800000 0.06482503
0.73795000 0.06484736
0.73790000 0.06486963
0.73785000 0.06489183
0.73780000 0.06491398
0.73775000 0.06493606
0.73770000 0.06495808
0.73765000 0.06498003
0.73760000 0.06500193
0.73755000 0.06502376
0.73750000 0.06504553
0.73745000 0.06506723
0.73740000 0.06508887
0.73735000 0.06511045
0.73730000 0.06513197
0.73725000 0.06515342
0.73720000 0.06517481
0.73715000 0.06519614
0.73710000 0.06521740
0.73705000 0.06523860
0.73700000 0.06525974
0.73695000 0.06528082
0.73690000 0.06530183
0.73685000 0.06532277
0.73680000 0.06534365
0.73675000 0.06536447
0.73670000 0.06538523
0.73665000 0.06540592
0.73660000 0.06542655
0.73655000 0.06544711
0.73650000 0.06546761
0.73645000 0.06548804
0.73640000 0.06550841
0.73635000 0.06552872
0.73630000 0.06554896
0.73625000 0.06556913
0.73620000 0.06558924
0.73615000 0.06560929
0.73610000 0.06562927
0.73605000 0.06564919
0.73600000 0.06566904
0.73595000 0.06568883
0.73590000 0.06570855
0.73585000 0.06572821
0.73580000 0.06574780
0.73575000 0.06576733
0.73570000 0.06578679
0.73565000 0.06580618
0.73560000 0.06582551
0.73555000 0.06584477
0.73550000 0.06586397
0.73545000 0.06588310
0.73540000 0.06590217
0.73535000 0.06592117
0.73530000 0.06594011
0.73525000 0.06595897
0.73520000 0.06597778
0.73515000 0.06599651
0.73510000 0.06601518
0.73505000 0.06603378
0.73500000 0.06605232
0.73495000 0.06607079
0.73490000 0.06608919
0.73485000 0.06610753
0.73480000 0.06612580
0.73475000 0.06614400
0.73470000 0.06616213
0.73465000 0.06618020
0.73460000 0.06619820
0.73455000 0.06621614
0.73450000 0.06623401
0.73445000 0.06625180
0.73440000 0.06626954
0.73435000 0.06628720
0.73430000 0.06630480
0.73425000 0.06632233
0.73420000 0.06633979
0.73415000 0.06635718
0.73410000 0.06637451
0.73405000 0.06639176
0.73400000 0.06640895
0.73395000 0.06642607
0.73390000 0.06644313
0.73385000 0.06646011
0.73380000 0.06647703
0.73375000 0.06649388
0.73370000 0.06651066
0.73365000 0.06652737
0.73360000 0.06654401
0.73355000 0.06656058
0.73350000 0.06657709
0.73345000 0.06659352
0.73340000 0.06660989
0.73335000 0.06662618
0.73330000 0.06664241
0.73325000 0.06665857
0.73320000 0.06667466
0.73315000 0.06669068
0.73310000 0.06670663
0.73305000 0.06672251
0.73300000 0.06673832
0.73295000 0.06675407
0.73290000 0.06676974
0.73285000 0.06678534
0.73280000 0.06680087
0.73275000 0.06681633
0.73270000 0.06683173
0.73265000 0.06684705
0.73260000 0.06686230
0.73255000 0.06687748
0.73250000 0.06689259
0.73245000 0.06690763
0.73240000 0.06692260
0.73235000 0.06693750
0.73230000 0.06695233
0.73225000 0.06696708
0.73220000 0.06698177
0.73215000 0.06699639
0.73210000 0.06701093
0.73205000 0.06702540
0.73200000 0.06703981
0.73195000 0.06705414
0.73190000 0.06706840
0.73185000 0.06708258
0.73180000 0.06709670
0.73175000 0.06711074
0.73170000 0.06712472
0.73165000 0.06713862
0.73160000 0.06715245
0.73155000 0.06716621
0.73150000 0.06717989
0.73145000 0.06719351
0.73140000 0.06720705
0.73135000 0.06722052
0.73130000 0.06723391
0.73125000 0.06724724
0.73120000 0.06726049
0.73115000 0.06727367
0.73110000 0.06728678
0.73105000 0.06729981
0.73100000 0.06731277
0.73095000 0.06732566
0.73090000 0.06733847
0.73085000 0.06735122
0.73080000 0.06736389
0.73075000 0.06737648
0.73070000 0.06738900
0.73065000 0.06740145
0.73060000 0.06741383
0.73055000 0.06742613
0.73050000 0.06743836
0.73045000 0.06745052
0.73040000 0.06746260
0.73035000 0.06747461
0.73030000 0.06748654
0.73025000 0.06749840
0.73020000 0.06751019
0.73015000 0.06752190
0.73010000 0.06753354
0.73005000 0.06754510
0.73000000 0.06755659
0.72995000 0.06756800
0.72990000 0.06757934
0.72985000 0.06759061
0.72980000 0.06760180
0.72975000 0.06761291
0.72970000 0.06762395
0.72965000 0.06763492
0.72960000 0.06764581
0.72955000 0.06765663
0.72950000 0.06766737
0.72945000 0.06767803
0.72940000 0.06768862
0.72935000 0.06769914
0.72930000 0.06770958
0.72925000 0.06771994
0.72920000 0.06773023
0.72915000 0.06774044
0.72910000 0.06775058
0.72905000 0.06776064
0.72900000 0.06777062
0.72895000 0.06778053
0.72890000 0.06779036
0.72885000 0.06780012
0.72880000 0.06780980
0.72875000 0.06781940
0.72870000 0.06782893
0.72865000 0.06783838
0.72860000 0.06784775
0.72855000 0.06785705
0.72850000 0.06786627
0.72845000 0.06787541
0.72840000 0.06788448
0.72835000 0.06789347
0.72830000 0.06790238
0.72825000 0.06791122
0.72820000 0.06791998
0.72815000 0.06792866
0.72810000 0.06793726
0.72805000 0.06794579
0.72800000 0.06795423
0.72795000 0.06796261
0.72790000 0.06797090
0.72785000 0.06797911
0.72780000 0.06798725
0.72775000 0.06799531
0.72770000 0.06800329
0.72765000 0.06801119
0.72760000 0.06801902
0.72755000 0.06802677
0.72750000 0.06803443
0.72745000 0.06804202
0.72740000 0.06804953
0.72735000 0.06805697
0.72730000 0.06806432
0.72725000 0.06807160
0.72720000 0.06807879
0.72715000 0.06808591
0.72710000 0.06809295
0.72705000 0.06809991
0.72700000 0.06810679
0.72695000 0.06811359
0.72690000 0.06812031
0.72685000 0.06812695
0.72680000 0.06813351
0.72675000 0.06814000
0.72670000 0.06814640
0.72665000 0.06815272
0.72660000 0.06815897
0.72655000 0.06816513
0.72650000 0.06817121
0.72645000 0.06817722
0.72640000 0.06818314
0.72635000 0.06818898
0.72630000 0.06819475
0.72625000 0.06820043
0.72620000 0.06820603
0.72615000 0.06821155
0.72610000 0.06821700
0.72605000 0.06822236
0.72600000 0.06822763
0.72595000 0.06823283
0.72590000 0.06823795
0.72585000 0.06824299
0.72580000 0.06824794
0.72575000 0.06825282
0.72570000 0.06825761
0.72565000 0.06826232
0.72560000 0.06826695
0.72555000 0.06827150
0.72550000 0.06827597
0.72545000 0.06828035
0.72540000 0.06828466
0.72535000 0.06828888
0.72530000 0.06829302
0.72525000 0.06829708
0.72520000 0.06830105
0.72515000 0.06830494
0.72510000 0.06830876
0.72505000 0.06831248
0.72500000 0.06831613
0.72495000 0.06831970
0.72490000 0.06832318
0.72485000 0.06832658
0.72480000 0.06832989
0.72475000 0.06833312
0.72470000 0.06833627
0.72465000 0.06833934
0.72460000 0.06834233
0.72455000 0.06834523
0.72450000 0.06834804
0.72445000 0.06835078
0.72440000 0.06835343
0.72435000 0.06835600
0.72430000 0.06835848
0.72425000 0.06836088
0.72420000 0.06836320
0.72415000 0.06836543
0.72410000 0.06836758
0.72405000 0.06836965
0.72400000 0.06837163
0.72395000 0.06837352
0.72390000 0.06837534
0.72385000 0.06837706
0.72380000 0.06837871
0.72375000 0.06838027
0.72370000 0.06838174
0.72365000 0.06838313
0.72360000 0.06838444
0.72355000 0.06838566
0.72350000 0.06838679
0.72345000 0.06838785
0.72340000 0.06838881
0.72335000 0.06838969
0.72330000 0.06839049
0.72325000 0.06839120
0.72320000 0.06839182
0.72315000 0.06839236
0.72310000 0.06839282
0.72305000 0.06839319
0.72300000 0.06839347
0.72295000 0.06839367
0.72290000 0.06839378
0.72285000 0.06839380
0.72280000 0.06839374
0.72275000 0.06839359
0.72270000 0.06839336
0.72265000 0.06839304
0.72260000 0.06839264
0.72255000 0.06839214
0.72250000 0.06839156
0.72245000 0.06839090
0.72240000 0.06839015
0.72235000 0.06838931
0.72230000 0.06838838
0.72225000 0.06838737
0.72220000 0.06838627
0.72215000 0.06838508
0.72210000 0.06838381
0.72205000 0.06838245
0.72200000 0.06838100
0.72195000 0.06837947
0.72190000 0.06837784
0.72185000 0.06837613
0.72180000 0.06837433
0.72175000 0.06837245
0.72170000 0.06837047
0.72165000 0.06836841
0.72160000 0.06836626
0.72155000 0.06839453
0.72150000 0.06842553
0.72145000 0.06845647
0.72140000 0.06848733
0.72135000 0.06851814
0.72130000 0.06854887
0.72125000 0.06857954
0.72120000 0.06861014
0.72115000 0.06864068
0.72110000 0.06867115
0.72105000 0.06870155
0.72100000 0.06873189
0.72095000 0.06876215
0.72090000 0.06879236
0.72085000 0.06882249
0.72080000 0.06885256
0.72075000 0.06888256
0.72070000 0.06891249
0.72065000 0.06894236
0.72060000 0.06897215
0.72055000 0.06900188
0.72050000 0.06903155
0.72045000 0.06906114
0.72040000 0.06909067
0.72035000 0.06912013
0.72030000 0.06914952
0.72025000 0.06917884
0.72020000 0.06920809
0.72015000 0.06923728
0.72010000 0.06926640
0.72005000 0.06929545
0.72000000 0.06932443
0.71995000 0.06935334
0.71990000 0.06938219
0.71985000 0.06941096
0.71980000 0.06943967
0.71975000 0.06946831
0.71970000 0.06949687
0.71965000 0.06952537
0.71960000 0.06955381
0.71955000 0.06958217
0.71950000 0.06961046
0.71945000 0.06963868
0.71940000 0.06966683
0.71935000 0.06969492
0.71930000 0.06972293
0.71925000 0.06975088
0.71920000 0.06977875
0.71915000 0.06980656
0.71910000 0.06983429
0.71905000 0.06986196
0.71900000 0.06988955
0.71895000 0.06991708
0.71890000 0.06994453
0.71885000 0.06997192
0.71880000 0.06999923
0.71875000 0.07002648
0.71870000 0.07005365
0.71865000 0.07008075
0.71860000 0.07010778
0.71855000 0.07013474
0.71850000 0.07016163
0.71845000 0.07018845
0.71840000 0.07021520
0.71835000 0.07024188
0.71830000 0.07026848
0.71825000 0.07029502
0.71820000 0.07032148
0.71815000 0.07034787
0.71810000 0.07037419
0.71805000 0.07040044
0.71800000 0.07042662
0.71795000 0.07045273
0.71790000 0.07047876
0.71785000 0.07050472
0.71780000 0.07053061
0.71775000 0.07055643
0.71770000 0.07058217
0.71765000 0.07060785
0.71760000 0.07063345
0.71755000 0.07065898
0.71750000 0.07068443
0.71745000 0.07070982
0.71740000 0.07073513
0.71735000 0.07076037
0.71730000 0.07078553
0.71725000 0.07081062
0.71720000 0.07083564
0.71715000 0.07086059
0.71710000 0.07088546
0.71705000 0.07091026
0.71700000 0.07093499
0.71695000 0.07095964
0.71690000 0.07098422
0.71685000 0.07100873
0.71680000 0.07103316
0.71675000 0.07105752
0.71670000 0.07108181
0.71665000 0.07110602
0.71660000 0.07113016
0.71655000 0.07115422
0.71650000 0.07117821
0.71645000 0.07120213
0.71640000 0.07122597
0.71635000 0.07124974
0.71630000 0.07127343
0.71625000 0.07129705
0.71620000 0.07132059
0.71615000 0.07134406
0.71610000 0.07136745
0.71605000 0.07139077
0.71600000 0.07141402
0.71595000 0.07143719
0.71590000 0.07146028
0.71585000 0.07148330
0.71580000 0.07150625
0.71575000 0.07152911
0.71570000 0.07155191
0.71565000 0.07157463
0.71560000 0.07159727
0.71555000 0.07161984
0.71550000 0.07164233
0.71545000 0.07166474
0.71540000 0.07168708
0.71535000 0.07170935
0.71530000 0.07173153
0.71525000 0.07175364
0.71520000 0.07177568
0.71515000 0.07179764
0.71510000 0.07181952
0.71505000 0.07184133
0.71500000 0.07186306
0.71495000 0.07188471
0.71490000 0.07190629
0.71485000 0.07192779
0.71480000 0.07194921
0.71475000 0.07197056
0.71470000 0.07199182
0.71465000 0.07201302
0.71460000 0.07203413
0.71455000 0.07205517
0.71450000 0.07207613
0.71445000 0.07209701
0.71440000 0.07211782
0.71435000 0.07213854
0.71430000 0.07215919
0.71425000 0.07217977
0.71420000 0.07220026
0.71415000 0.07222068
0.71410000 0.07224102
0.71405000 0.07226128
0.71400000 0.07228146
0.71395000 0.07230156
0.71390000 0.07232159
0.71385000 0.07234154
0.71380000 0.07236141
0.71375000 0.07238120
0.71370000 0.07240091
0.71365000 0.07242054
0.71360000 0.07244010
0.71355000 0.07245957
0.71350000 0.07247897
0.71345000 0.07249829
0.71340000 0.07251752
0.71335000 0.07253668
0.71330000 0.07255576
0.71325000 0.07257476
0.71320000 0.07259368
0.71315000 0.07261253
0.71310000 0.07263129
0.71305000 0.07264997
0.71300000 0.07266857
0.71295000 0.07268709
0.71290000 0.07270554
0.71285000 0.07272390
0.71280000 0.07274218
0.71275000 0.07276038
0.71270000 0.07277851
0.71265000 0.07279655
0.71260000 0.07281451
0.71255000 0.07283239
0.71250000 0.07285019
0.71245000 0.07286791
0.71240000 0.07288555
0.71235000 0.07290311
0.71230000 0.07292058
0.71225000 0.07293798
0.71220000 0.07295529
0.71215000 0.07297253
0.71210000 0.07298968
0.71205000 0.07300675
0.71200000 0.07302374
0.71195000 0.07304065
0.71190000 0.07305747
0.71185000 0.07307422
0.71180000 0.07309088
0.71175000 0.07310746
0.71170000 0.07312396
0.71165000 0.07314038
0.71160000 0.07315671
0.71155000 0.07317297
0.71150000 0.07318914
0.71145000 0.07320523
0.71140000 0.07322123
0.71135000 0.07323716
0.71130000 0.07325300
0.71125000 0.07326876
0.71120000 0.07328443
0.71115000 0.07330002
0.71110000 0.07331553
0.71105000 0.07333096
0.71100000 0.07334630
0.71095000 0.07336156
0.71090000 0.07337674
0.71085000 0.07339184
0.71080000 0.07340685
0.71075000 0.07342177
0.71070000 0.07343662
0.71065000 0.07345138
0.71060000 0.07346605
0.71055000 0.07348065
0.71050000 0.07349515
0.71045000 0.07350958
0.71040000 0.07352392
0.71035000 0.07353817
0.71030000 0.07355235
0.71025000 0.07356643
0.71020000 0.07358044
0.71015000 0.07359436
0.71010000 0.07360819
0.71005000 0.07362194
0.71000000 0.07363561
0.70995000 0.07364919
0.70990000 0.07366268
0.70985000 0.07367609
0.70980000 0.07368942
0.70975000 0.07370266
0.70970000 0.07371581
0.70965000 0.07372888
0.70960000 0.07374186
0.70955000 0.07375476
0.70950000 0.07376758
0.70945000 0.07378030
0.70940000 0.07379294
0.70935000 0.07380550
0.70930000 0.07381797
0.70925000 0.07383035
0.70920000 0.07384265
0.70915000 0.07385486
0.70910000 0.07386699
0.70905000 0.07387903
0.70900000 0.07389098
0.70895000 0.07390285
0.70890000 0.07391463
0.70885000 0.07392632
0.70880000 0.07393793
0.70875000 0.07394945
0.70870000 0.07396088
0.70865000 0.07397222
0.70860000 0.07398348
0.70855000 0.07399465
0.70850000 0.07400574
0.70845000 0.07401674
0.70840000 0.07402765
0.70835000 0.07403847
0.70830000 0.07404920
0.70825000 0.07405985
0.70820000 0.07407041
0.70815000 0.07408088
0.70810000 0.07409126
0.70805000 0.07410156
0.70800000 0.07411177
0.70795000 0.07412188
0.70790000 0.07413192
0.70785000 0.07414186
0.70780000 0.07415171
0.70775000 0.07416148
0.70770000 0.07417116
0.70765000 0.07418074
0.70760000 0.07419024
0.70755000 0.07419966
0.70750000 0.07420898
0.70745000 0.07421821
0.70740000 0.07422735
0.70735000 0.07423641
0.70730000 0.07424538
0.70725000 0.07425425
0.70720000 0.07426304
0.70715000 0.07427174
0.70710000 0.07428034
0.70705000 0.07428886
0.70700000 0.07429729
0.70695000 0.07430563
0.70690000 0.07431388
0.70685000 0.07432204
0.70680000 0.07433011
0.70675000 0.07433808
0.70670000 0.07434597
0.70665000 0.07435377
0.70660000 0.07436148
0.70655000 0.07436909
0.70650000 0.07437662
0.70645000 0.07438406
0.70640000 0.07439140
0.70635000 0.07439866
0.70630000 0.07440582
0.70625000 0.07441289
0.70620000 0.07441987
0.70615000 0.07442676
0.70610000 0.07443356
0.70605000 0.07444027
0.70600000 0.07444689
0.70595000 0.07445341
0.70590000 0.07445984
0.70585000 0.07446618
0.70580000 0.07447243
0.70575000 0.07447859
0.70570000 0.07448466
0.70565000 0.07449063
0.70560000 0.07449651
0.70555000 0.07450230
0.70550000 0.07450800
0.70545000 0.07451360
0.70540000 0.07451912
0.70535000 0.07452454
0.70530000 0.07452986
0.70525000 0.07453510
0.70520000 0.07454024
0.70515000 0.07454529
0.70510000 0.07455024
0.70505000 0.07455511
0.70500000 0.07455988
0.70495000 0.07456455
0.70490000 0.07456914
0.70485000 0.07457363
0.70480000 0.07457802
0.70475000 0.07458233
0.70470000 0.07458654
0.70465000 0.07459065
0.70460000 0.07459467
0.70455000 0.07459860
0.70450000 0.07460244
0.70445000 0.07460618
0.70440000 0.07460982
0.70435000 0.07461337
0.70430000 0.07461683
0.70425000 0.07462019
0.70420000 0.07462346
0.70415000 0.07462664
0.70410000 0.07462972
0.70405000 0.07463270
0.70400000 0.07463559
0.70395000 0.07463839
0.70390000 0.07464109
0.70385000 0.07464369
0.70380000 0.07464620
0.70375000 0.07464862
0.70370000 0.07465094
0.70365000 0.07465316
0.70360000 0.07465529
0.70355000 0.07465732
0.70350000 0.07465926
0.70345000 0.07466110
0.70340000 0.07466284
0.70335000 0.07466449
0.70330000 0.07466605
0.70325000 0.07466751
0.70320000 0.07466887
0.70315000 0.07467013
0.70310000 0.07467130
0.70305000 0.07467237
0.70300000 0.07467335
0.70295000 0.07467423
0.70290000 0.07467501
0.70285000 0.07467570
0.70280000 0.07467629
0.70275000 0.07467678
0.70270000 0.07467717
0.70265000 0.07467747
0.70260000 0.07467767
0.70255000 0.07467778
0.70250000 0.07467778
0.70245000 0.07467769
0.70240000 0.07467750
0.70235000 0.07467722
0.70230000 0.07467683
0.70225000 0.07467635
0.70220000 0.07467577
0.70215000 0.07467509
0.70210000 0.07467432
0.70205000 0.07467344
0.70200000 0.07467247
0.70195000 0.07467140
0.70190000 0.07467023
0.70185000 0.07466897
0.70180000 0.07466760
0.70175000 0.07466614
0.70170000 0.07466457
0.70165000 0.07466291
0.70160000 0.07466115
0.70155000 0.07465929
0.70150000 0.07465733
0.70145000 0.07465527
0.70140000 0.07465312
0.70135000 0.07465086
0.70130000 0.07464851
0.70125000 0.07464605
0.70120000 0.07464350
0.70115000 0.07464084
0.70110000 0.07463809
0.70105000 0.07463523
0.70100000 0.07463228
0.70095000 0.07462922
0.70090000 0.07462607
0.70085000 0.07462282
0.70080000 0.07461946
0.70075000 0.07461601
0.70070000 0.07461245
0.70065000 0.07460879
0.70060000 0.07460504
0.70055000 0.07460118
0.70050000 0.07459722
0.70045000 0.07459316
0.70040000 0.07458900
0.70035000 0.07458474
0.70030000 0.07458038
0.70025000 0.07457592
0.70020000 0.07457135
0.70015000 0.07456669
0.70010000 0.07456192
0.70005000 0.07455705
0.70000000 0.07455208
0.69995000 0.07454701
0.69990000 0.07454183
0.69985000 0.07453656
0.69980000 0.07453118
0.69975000 0.07452570
0.69970000 0.07452012
0.69965000 0.07454024
0.69960000 0.07457443
0.69955000 0.07460854
0.69950000 0.07464256
0.69945000 0.07467651
0.69940000 0.07471038
0.69935000 0.07474417
0.69930000 0.07477788
0.69925000 0.07481151
0.69920000 0.07484506
0.69915000 0.07487853
0.69910000 0.07491192
0.69905000 0.07494523
0.69900000 0.07497845
0.69895000 0.07501160
0.69890000 0.07504467
0.69885000 0.07507766
0.69880000 0.07511057
0.69875000 0.07514340
0.69870000 0.07517614
0.69865000 0.07520881
0.69860000 0.07524139
0.69855000 0.07527390
0.69850000 0.07530632
0.69845000 0.07533866
0.69840000 0.07537092
0.69835000 0.07540310
0.69830000 0.07543520
0.69825000 0.07546722
0.69820000 0.07549916
0.69815000 0.07553101
0.69810000 0.07556278
0.69805000 0.07559447
0.69800000 0.07562608
0.69795000 0.07565761
0.69790000 0.07568905
0.69785000 0.07572042
0.69780000 0.07575170
0.69775000 0.07578290
0.69770000 0.07581401
0.69765000 0.07584504
0.69760000 0.07587600
0.69755000 0.07590686
0.69750000 0.07593765
0.69745000 0.07596835
0.69740000 0.07599897
0.69735000 0.07602951
0.69730000 0.07605997
0.69725000 0.07609034
0.69720000 0.07612062
0.69715000 0.07615083
0.69710000 0.07618095
0.69705000 0.07621099
0.69700000 0.07624094
0.69695000 0.07627081
0.69690000 0.07630060
0.69685000 0.07633031
0.69680000 0.07635993
0.69675000 0.07638946
0.69670000 0.07641891
0.69665000 0.07644828
0.69660000 0.07647756
0.69655000 0.07650676
0.69650000 0.07653588
0.69645000 0.07656491
0.69640000 0.07659385
0.69635000 0.07662272
0.69630000 0.07665149
0.69625000 0.07668018
0.69620000 0.07670879
0.69615000 0.07673731
0.69610000 0.07676575
0.69605000 0.07679410
0.69600000 0.07682237
0.69595000 0.07685055
0.69590000 0.07687865
0.69585000 0.07690666
0.69580000 0.07693458
0.69575000 0.07696242
0.69570000 0.07699017
0.69565000 0.07701784
0.69560000 0.07704542
0.69555000 0.07707292
0.69550000 0.07710033
0.69545000 0.07712765
0.69540000 0.07715489
0.69535000 0.07718204
0.69530000 0.07720911
0.69525000 0.07723609
0.69520000 0.07726298
0.69515000 0.07728978
0.69510000 0.07731650
0.69505000 0.07734314
0.69500000 0.07736968
0.69495000 0.07739614
0.69490000 0.07742251
0.69485000 0.07744879
0.69480000 0.07747499
0.69475000 0.07750110
0.69470000 0.07752712
0.69465000 0.07755305
0.69460000 0.07757890
0.69455000 0.07760466
0.69450000 0.07763033
0.69445000 0.07765592
0.69440000 0.07768141
0.69435000 0.07770682
0.69430000 0.07773214
0.69425000 0.07775737
0.69420000 0.07778251
0.69415000 0.07780757
0.69410000 0.07783253
0.69405000 0.07785741
0.69400000 0.07788220
0.69395000 0.07790690
0.69390000 0.07793151
0.69385000 0.07795604
0.69380000 0.07798047
0.69375000 0.07800482
0.69370000 0.07802907
0.69365000 0.07805324
0.69360000 0.07807732
0.69355000 0.07810130
0.69350000 0.07812520
0.69345000 0.07814901
0.69340000 0.07817273
0.69335000 0.07819636
0.69330000 0.07821990
0.69325000 0.07824335
0.69320000 0.07826671
0.69315000 0.07828998
0.69310000 0.07831316
0.69305000 0.07833625
0.69300000 0.07835925
0.69295000 0.07838216
0.69290000 0.07840498
0.69285000 0.07842771
0.69280000 0.07845035
0.69275000 0.07847289
0.69270000 0.07849535
0.69265000 0.07851772
0.69260000 0.07853999
0.69255000 0.07856217
0.69250000 0.07858426
0.69245000 0.07860627
0.69240000 0.07862817
0.69235000 0.07864999
0.69230000 0.07867172
0.69225000 0.07869335
0.69220000 0.07871490
0.69215000 0.07873635
0.69210000 0.07875771
0.69205000 0.07877898
0.69200000 0.07880015
0.69195000 0.07882124
0.69190000 0.07884223
0.69185000 0.07886313
0.69180000 0.07888393
0.69175000 0.07890465
0.69170000 0.07892527
0.69165000 0.07894580
0.69160000 0.07896624
0.69155000 0.07898658
0.69150000 0.07900683
0.69145000 0.07902699
0.69140000 0.07904706
0.69135000 0.07906703
0.69130000 0.07908691
0.69125000 0.07910669
0.69120000 0.07912638
0.69115000 0.07914598
0.69110000 0.07916549
0.69105000 0.07918490
0.69100000 0.07920422
0.69095000 0.07922344
0.69090000 0.07924257
0.69085000 0.07926161
0.69080000 0.07928055
0.69075000 0.07929940
0.69070000 0.07931815
0.69065000 0.07933681
0.69060000 0.07935537
0.69055000 0.07937384
0.69050000 0.07939222
0.69045000 0.07941050
0.69040000 0.07942869
0.69035000 0.07944678
0.69030000 0.07946478
0.69025000 0.07948268
0.69020000 0.07950048
0.69015000 0.07951820
0.69010000 0.07953581
0.69005000 0.07955333
0.69000000 0.07957076
0.68995000 0.07958809
0.68990000 0.07960532
0.68985000 0.07962246
0.68980000 0.07963950
0.68975000 0.07965645
0.68970000 0.07967330
0.68965000 0.07969006
0.68960000 0.07970672
0.68955000 0.07972328
0.68950000 0.07973974
0.68945000 0.07975611
0.68940000 0.07977239
0.68935000 0.07978856
0.68930000 0.07980464
0.68925000 0.07982063
0.68920000 0.07983651
0.68915000 0.07985230
0.68910000 0.07986800
0.68905000 0.07988359
0.68900000 0.07989909
0.68895000 0.07991449
0.68890000 0.07992980
0.68885000 0.07994500
0.68880000 0.07996011
0.68875000 0.07997512
0.68870000 0.07999004
0.68865000 0.08000485
0.68860000 0.08001957
0.68855000 0.08003419
0.68850000 0.08004871
0.68845000 0.08006314
0.68840000 0.08007746
0.68835000 0.08009169
0.68830000 0.08010582
0.68825000 0.08011985
0.68820000 0.08013378
0.68815000 0.08014761
0.68810000 0.08016135
0.68805000 0.08017499
0.68800000 0.08018852
0.68795000 0.08020196
0.68790000 0.08021530
0.68785000 0.08022854
0.68780000 0.08024168
0.68775000 0.08025472
0.68770000 0.08026766
0.68765000 0.08028051
0.68760000 0.08029325
0.68755000 0.08030589
0.68750000 0.08031844
0.68745000 0.08033088
0.68740000 0.08034322
0.68735000 0.08035547
0.68730000 0.08036761
0.68725000 0.08037965
0.68720000 0.08039160
0.68715000 0.08040344
0.68710000 0.08041518
0.68705000 0.08042682
0.68700000 0.08043836
0.68695000 0.08044980
0.68690000 0.08046114
0.68685000 0.08047238
0.68680000 0.08048352
0.68675000 0.08049456
0.68670000 0.08050549
0.68665000 0.08051632
0.68660000 0.08052706
0.68655000 0.08053769
0.68650000 0.08054822
0.68645000 0.08055865
0.68640000 0.08056897
0.68635000 0.08057920
0.68630000 0.08058932
0.68625000 0.08059934
0.68620000 0.08060926
0.68615000 0.08061908
0.68610000 0.08062879
0.68605000 0.08063841
0.68600000 0.08064792
0.68595000 0.08065732
0.68590000 0.08066663
0.68585000 0.08067583
0.68580000 0.08068493
0.68575000 0.08069393
0.68570000 0.08070282
0.68565000 0.08071161
0.68560000 0.08072030
0.68555000 0.08072889
0.68550000 0.08073737
0.68545000 0.08074575
0.68540000 0.08075402
0.68535000 0.08076219
0.68530000 0.08077026
0.68525000 0.08077823
0.68520000 0.08078609
0.68515000 0.08079384
0.68510000 0.08080150
0.68505000 0.08080904
0.68500000 0.08081649
0.68495000 0.08082383
0.68490000 0.08083107
0.68485000 0.08083820
0.68480000 0.08084522
0.68475000 0.08085215
0.68470000 0.08085897
0.68465000 0.08086568
0.68460000 0.08087229
0.68455000 0.08087879
0.68450000 0.08088519
0.68445000 0.08089148
0.68440000 0.08089767
0.68435000 0.08090376
0.68430000 0.08090973
0.68425000 0.08091561
0.68420000 0.08092137
0.68415000 0.08092703
0.68410000 0.08093259
0.68405000 0.08093804
0.68400000 0.08094338
0.68395000 0.08094862
0.68390000 0.08095375
0.68385000 0.08095878
0.68380000 0.08096370
0.68375000 0.08096851
0.68370000 0.08097322
0.68365000 0.08097782
0.68360000 0.08098231
0.68355000 0.08098670
0.68350000 0.08099098
0.68345000 0.08099516
0.68340000 0.08099922
0.68335000 0.08100318
0.68330000 0.08100704
0.68325000 0.08101078
0.68320000 0.08101442
0.68315000 0.08101795
0.68310000 0.08102137
0.68305000 0.08102469
0.68300000 0.08102790
0.68295000 0.08103100
0.68290000 0.08103399
0.68285000 0.08103688
0.68280000 0.08103965
0.68275000 0.08104232
0.68270000 0.08104488
0.68265000 0.08104734
0.68260000 0.08104968
0.68255000 0.08105192
0.68250000 0.08105405
0.68245000 0.08105606
0.68240000 0.08105797
0.68235000 0.08105978
0.68230000 0.08106147
0.68225000 0.08106305
0.68220000 0.08106453
0.68215000 0.08106589
0.68210000 0.08106715
0.68205000 0.08106830
0.68200000 0.08106933
0.68195000 0.08107026
0.68190000 0.08107108
0.68185000 0.08107179
0.68180000 0.08107239
0.68175000 0.08107288
0.68170000 0.08107326
0.68165000 0.08107353
0.68160000 0.08107369
0.68155000 0.08107374
0.68150000 0.08107368
0.68145000 0.08107351
0.68140000 0.08107323
0.68135000 0.08107283
0.68130000 0.08107233
0.68125000 0.08107172
0.68120000 0.08107099
0.68115000 0.08107016
0.68110000 0.08106921
0.68105000 0.08106816
0.68100000 0.08106699
0.68095000 0.08106571
0.68090000 0.08106432
0.68085000 0.08106282
0.68080000 0.08106120
0.68075000 0.08105948
0.68070000 0.08105764
0.68065000 0.08105569
0.68060000 0.08105363
0.68055000 0.08105146
0.68050000 0.08104918
0.68045000 0.08104678
0.68040000 0.08104427
0.68035000 0.08104165
0.68030000 0.08103892
0.68025000 0.08103607
0.68020000 0.08103312
0.68015000 0.08103005
0.68010000 0.08102686
0.68005000 0.08102357
0.68000000 0.08102016
0.67995000 0.08101664
0.67990000 0.08101300
0.67985000 0.08100925
0.67980000 0.08100539
0.67975000 0.08100142
0.67970000 0.08099733
0.67965000 0.08099313
0.67960000 0.08098881
0.67955000 0.08098438
0.67950000 0.08097984
0.67945000 0.08097518
0.67940000 0.08097041
0.67935000 0.08096553
0.67930000 0.08096053
0.67925000 0.08095542
0.67920000 0.08095019
0.67915000 0.08094485
0.67910000 0.08093939
0.67905000 0.08093382
0.67900000 0.08092814
0.67895000 0.08092233
0.67890000 0.08091642
0.67885000 0.08091039
0.67880000 0.08090425
0.67875000 0.08089799
0.67870000 0.08089161
0.67865000 0.08088512
0.67860000 0.08087851
0.67855000 0.08087179
0.67850000 0.08086496
0.67845000 0.08085800
0.67840000 0.08085094
0.67835000 0.08084375
0.67830000 0.08083645
0.67825000 0.08082904
0.67820000 0.08082150
0.67815000 0.08081386
0.67810000 0.08080609
0.67805000 0.08079821
0.67800000 0.08079021
0.67795000 0.08078210
0.67790000 0.08077387
0.67785000 0.08076552
0.67780000 0.08075706
0.67775000 0.08074848
0.67770000 0.08073978
0.67765000 0.08073097
0.67760000 0.08072204
0.67755000 0.08071299
0.67750000 0.08070382
0.67745000 0.08069454
0.67740000 0.08068514
0.67735000 0.08067562
0.67730000 0.08066834
0.67725000 0.08070586
0.67720000 0.08074329
0.67715000 0.08078062
0.67710000 0.08081786
0.67705000 0.08085500
0.67700000 0.08089205
0.67695000 0.08092900
0.67690000 0.08096586
0.67685000 0.08100263
0.67680000 0.08103930
0.67675000 0.08107587
0.67670000 0.08111235
0.67665000 0.08114874
0.67660000 0.08118503
0.67655000 0.08122122
0.67650000 0.08125732
0.67645000 0.08129333
0.67640000 0.08132924
0.67635000 0.08136505
0.67630000 0.08140077
0.67625000 0.08143639
0.67620000 0.08147192
0.67615000 0.08150735
0.67610000 0.08154269
0.67605000 0.08157793
0.67600000 0.08161307
0.67595000 0.08164812
0.67590000 0.08168307
0.67585000 0.08171792
0.67580000 0.08175268
0.67575000 0.08178734
0.67570000 0.08182191
0.67565000 0.08185637
0.67560000 0.08189075
0.67555000 0.08192502
0.67550000 0.08195920
0.67545000 0.08199328
0.67540000 0.08202726
0.67535000 0.08206115
0.67530000 0.08209494
0.67525000 0.08212863
0.67520000 0.08216222
0.67515000 0.08219572
0.67510000 0.08222912
0.67505000 0.08226242
0.67500000 0.08229562
0.67495000 0.08232873
0.67490000 0.08236174
0.67485000 0.08239464
0.67480000 0.08242746
0.67475000 0.08246017
0.67470000 0.08249278
0.67465000 0.08252530
0.67460000 0.08255772
0.67455000 0.08259003
0.67450000 0.08262225
0.67445000 0.08265437
0.67440000 0.08268640
0.67435000 0.08271832
0.67430000 0.08275014
0.67425000 0.08278187
0.67420000 0.08281350
0.67415000 0.08284502
0.67410000 0.08287645
0.67405000 0.08290778
0.67400000 0.08293900
0.67395000 0.08297013
0.67390000 0.08300116
0.67385000 0.08303209
0.67380000 0.08306292
0.67375000 0.08309365
0.67370000 0.08312428
0.67365000 0.08315480
0.67360000 0.08318523
0.67355000 0.08321556
0.67350000 0.08324579
0.67345000 0.08327591
0.67340000 0.08330594
0.67335000 0.08333586
0.67330000 0.08336569
0.67325000 0.08339541
0.67320000 0.08342503
0.67315000 0.08345455
0.67310000 0.08348397
0.67305000 0.08351329
0.67300000 0.08354251
0.67295000 0.08357163
0.67290000 0.08360064
0.67285000 0.08362955
0.67280000 0.08365836
0.67275000 0.08368707
0.67270000 0.08371568
0.67265000 0.08374419
0.67260000 0.08377259
0.67255000 0.08380089
0.67250000 0.08382909
0.67245000 0.08385719
0.67240000 0.08388518
0.67235000 0.08391307
0.67230000 0.08394086
0.67225000 0.08396855
0.67220000 0.08399613
0.67215000 0.08402361
0.67210000 0.08405099
0.67205000 0.08407826
0.67200000 0.08410544
0.67195000 0.08413250
0.67190000 0.08415947
0.67185000 0.08418633
0.67180000 0.08421309
0.67175000 0.08423974
0.67170000 0.08426629
0.67165000 0.08429274
0.67160000 0.08431909
0.67155000 0.08434532
0.67150000 0.08437146
0.67145000 0.08439749
0.67140000 0.08442342
0.67135000 0.08444924
0.67130000 0.08447496
0.67125000 0.08450057
0.67120000 0.08452608
0.67115000 0.08455149
0.67110000 0.08457679
0.67105000 0.08460198
0.67100000 0.08462707
0.67095000 0.08465206
0.67090000 0.08467694
0.67085000 0.08470171
0.67080000 0.08472638
0.67075000 0.08475095
0.67070000 0.08477541
0.67065000 0.08479976
0.67060000 0.08482401
0.67055000 0.08484815
0.67050000 0.08487219
0.67045000 0.08489612
0.67040000 0.08491994
0.67035000 0.08494366
0.67030000 0.08496727
0.67025000 0.08499078
0.67020000 0.08501418
0.67015000 0.08503747
0.67010000 0.08506066
0.67005000 0.08508374
0.67000000 0.08510671
0.66995000 0.08512958
0.66990000 0.08515234
0.66985000 0.08517499
0.66980000 0.08519754
0.66975000 0.08521998
0.66970000 0.08524231
0.66965000 0.08526454
0.66960000 0.08528665
0.66955000 0.08530866
0.66950000 0.08533056
0.66945000 0.08535236
0.66940000 0.08537404
0.66935000 0.08539562
0.66930000 0.08541709
0.66925000 0.08543846
0.66920000 0.08545971
0.66915000 0.08548086
0.66910000 0.08550190
0.66905000 0.08552283
0.66900000 0.08554365
0.66895000 0.08556436
0.66890000 0.08558497
0.66885000 0.08560546
0.66880000 0.08562585
0.66875000 0.08564613
0.66870000 0.08566629
0.66865000 0.08568635
0.66860000 0.08570630
0.66855000 0.08572615
0.66850000 0.08574588
0.66845000 0.08576550
0.66840000 0.08578501
0.66835000 0.08580442
0.66830000 0.08582371
0.66825000 0.08584290
0.66820000 0.08586197
0.66815000 0.08588093
0.66810000 0.08589979
0.66805000 0.08591853
0.66800000 0.08593716
0.66795000 0.08595569
0.66790000 0.08597410
0.66785000 0.08599240
0.66780000 0.08601060
0.66775000 0.08602868
0.66770000 0.08604665
0.66765000 0.08606451
0.66760000 0.08608225
0.66755000 0.08609989
0.66750000 0.08611742
0.66745000 0.08613483
0.66740000 0.08615214
0.66735000 0.08616933
0.66730000 0.08618641
0.66725000 0.08620338
0.66720000 0.08622024
0.66715000 0.08623698
0.66710000 0.08625362
0.66705000 0.08627014
0.66700000 0.08628655
0.66695000 0.08630285
0.66690000 0.08631903
0.66685000 0.08633511
0.66680000 0.08635107
0.66675000 0.08636692
0.66670000 0.08638265
0.66665000 0.08639828
0.66660000 0.08641379
0.66655000 0.08642919
0.66650000 0.08644447
0.66645000 0.08645964
0.66640000 0.08647470
0.66635000 0.08648965
0.66630000 0.08650448
0.66625000 0.08651920
0.66620000 0.08653381
0.66615000 0.08654830
0.66610000 0.08656268
0.66605000 0.08657694
0.66600000 0.08659109
0.66595000 0.08660513
0.66590000 0.08661905
0.66585000 0.08663286
0.66580000 0.08664656
0.66575000 0.08666014
0.66570000 0.08667360
0.66565000 0.08668696
0.66560000 0.08670019
0.66555000 0.08671332
0.66550000 0.08672632
0.66545000 0.08673922
0.66540000 0.08675200
0.66535000 0.08676466
0.66530000 0.08677721
0.66525000 0.08678964
0.66520000 0.08680196
0.66515000 0.08681416
0.66510000 0.08682625
0.66505000 0.08683822
0.66500000 0.08685008
0.66495000 0.08686182
0.66490000 0.08687344
0.66485000 0.08688495
0.66480000 0.08689634
0.66475000 0.08690762
0.66470000 0.08691878
0.66465000 0.08692982
0.66460000 0.08694075
0.66455000 0.08695156
0.66450000 0.08696226
0.66445000 0.08697284
0.66440000 0.08698330
0.66435000 0.08699364
0.66430000 0.08700387
0.66425000 0.08701398
0.66420000 0.08702398
0.66415000 0.08703385
0.66410000 0.08704361
0.66405000 0.08705326
0.66400000 0.08706278
0.66395000 0.08707219
0.66390000 0.08708148
0.66385000 0.08709065
0.66380000 0.08709971
0.66375000 0.08710864
0.66370000 0.08711746
0.66365000 0.08712616
0.66360000 0.08713475
0.66355000 0.08714321
0.66350000 0.08715156
0.66345000 0.08715979
0.66340000 0.08716790
0.66335000 0.08717589
0.66330000 0.08718376
0.66325000 0.08719151
0.66320000 0.08719915
0.66315000 0.08720666
0.66310000 0.08721406
0.66305000 0.08722134
0.66300000 0.08722850
0.66295000 0.08723554
0.66290000 0.08724246
0.66285000 0.08724926
0.66280000 0.08725594
0.66275000 0.08726250
0.66270000 0.08726894
0.66265000 0.08727526
0.66260000 0.08728146
0.66255000 0.08728754
0.66250000 0.08729351
0.66245000 0.08729935
0.66240000 0.08730507
0.66235000 0.08731067
0.66230000 0.08731615
0.66225000 0.08732151
0.66220000 0.08732675
0.66215000 0.08733187
0.66210000 0.08733687
0.66205000 0.08734174
0.66200000 0.08734650
0.66195000 0.08735113
0.66190000 0.08735565
0.66185000 0.08736004
0.66180000 0.08736431
0.66175000 0.08736846
0.66170000 0.08737249
0.66165000 0.08737639
0.66160000 0.08738018
0.66155000 0.08738384
0.66150000 0.08738738
0.66145000 0.08739080
0.66140000 0.08739410
0.66135000 0.08739727
0.66130000 0.08740033
0.66125000 0.08740326
0.66120000 0.08740607
0.66115000 0.08740875
0.66110000 0.08741131
0.66105000 0.08741375
0.66100000 0.08741607
0.66095000 0.08741826
0.66090000 0.08742034
0.66085000 0.08742228
0.66080000 0.08742411
0.66075000 0.08742581
0.66070000 0.08742739
0.66065000 0.08742885
0.66060000 0.08743018
0.66055000 0.08743139
0.66050000 0.08743247
0.66045000 0.08743343
0.66040000 0.08743427
0.66035000 0.08743498
0.66030000 0.08743557
0.66025000 0.08743603
0.66020000 0.08743637
0.66015000 0.08743659
0.66010000 0.08743668
0.66005000 0.08743665
0.66000000 0.08743649
0.65995000 0.08743621
0.65990000 0.08743580
0.65985000 0.08743527
0.65980000 0.08743461
0.65975000 0.08743383
0.65970000 0.08743293
0.65965000 0.08743189
0.65960000 0.08743074
0.65955000 0.08742945
0.65950000 0.08742804
0.65945000 0.08742651
0.65940000 0.08742485
0.65935000 0.08742307
0.65930000 0.08742115
0.65925000 0.08741912
0.65920000 0.08741695
0.65915000 0.08741467
0.65910000 0.08741225
0.65905000 0.08740971
0.65900000 0.08740704
0.65895000 0.08740425
0.65890000 0.08740132
0.65885000 0.08739828
0.65880000 0.08739510
0.65875000 0.08739180
0.65870000 0.08738837
0.65865000 0.08738482
0.65860000 0.08738113
0.65855000 0.08737732
0.65850000 0.08737339
0.65845000 0.08736932
0.65840000 0.08736513
0.65835000 0.08736081
0.65830000 0.08735636
0.65825000 0.08735179
0.65820000 0.08734709
0.65815000 0.08734225
0.65810000 0.08733730
0.65805000 0.08733221
0.65800000 0.08732699
0.65795000 0.08732165
0.65790000 0.08731618
0.65785000 0.08731058
0.65780000 0.08730485
0.65775000 0.08729899
0.65770000 0.08729301
0.65765000 0.08728689
0.65760000 0.08728065
0.65755000 0.08727427
0.65750000 0.08726777
0.65745000 0.08726114
0.65740000 0.08725438
0.65735000 0.08724749
0.65730000 0.08724047
0.65725000 0.08723332
0.65720000 0.08722604
0.65715000 0.08721864
0.65710000 0.08721110
0.65705000 0.08720343
0.65700000 0.08719563
0.65695000 0.08718770
0.65690000 0.08717964
0.65685000 0.08717146
0.65680000 0.08716314
0.65675000 0.08715469
0.65670000 0.08714611
0.65665000 0.08713740
0.65660000 0.08712856
0.65655000 0.08711958
0.65650000 0.08711048
0.65645000 0.08710125
0.65640000 0.08709188
0.65635000 0.08708238
0.65630000 0.08707276
0.65625000 0.08706300
0.65620000 0.08705311
0.65615000 0.08704308
0.65610000 0.08703293
0.65605000 0.08702264
0.65600000 0.08701223
0.65595000 0.08700168
0.65590000 0.08699100
0.65585000 0.08698018
0.65580000 0.08696924
0.65575000 0.08695816
0.65570000 0.08694695
0.65565000 0.08693561
0.65560000 0.08692413
0.65555000 0.08691252
0.65550000 0.08690078
0.65545000 0.08688891
0.65540000 0.08687690
0.65535000 0.08686477
0.65530000 0.08685249
0.65525000 0.08684009
0.65520000 0.08682755
0.65515000 0.08681488
0.65510000 0.08680207
0.65505000 0.08678913
0.65500000 0.08677606
0.65495000 0.08676285
0.65490000 0.08674951
0.65485000 0.08673604
0.65480000 0.08672243
0.65475000 0.08670869
0.65470000 0.08669481
0.65465000 0.08668080
0.65460000 0.08666665
0.65455000 0.08665238
0.65450000 0.08664741
0.65445000 0.08668846
0.65440000 0.08672939
0.65435000 0.08677021
0.65430000 0.08681093
0.65425000 0.08685153
0.65420000 0.08689202
0.65415000 0.08693240
0.65410000 0.08697267
0.65405000 0.08701283
0.65400000 0.08705288
0.65395000 0.08709282
0.65390000 0.08713264
0.65385000 0.08717236
0.65380000 0.08721196
0.65375000 0.08725145
0.65370000 0.08729083
0.65365000 0.08733009
0.65360000 0.08736925
0.65355000 0.08740829
0.65350000 0.08744722
0.65345000 0.08748604
0.65340000 0.08752475
0.65335000 0.08756334
0.65330000 0.08760182
0.65325000 0.08764019
0.65320000 0.08767844
0.65315000 0.08771659
0.65310000 0.08775462
0.65305000 0.08779254
0.65300000 0.08783034
0.65295000 0.08786803
0.65290000 0.08790561
0.65285000 0.08794307
0.65280000 0.08798043
0.65275000 0.08801766
0.65270000 0.08805479
0.65265000 0.08809180
0.65260000 0.08812869
0.65255000 0.08816548
0.65250000 0.08820215
0.65245000 0.08823870
0.65240000 0.08827514
0.65235000 0.08831147
0.65230000 0.08834768
0.65225000 0.08838378
0.65220000 0.08841976
0.65215000 0.08845563
0.65210000 0.08849139
0.65205000 0.08852703
0.65200000 0.08856255
0.65195000 0.08859796
0.65190000 0.08863326
0.65185000 0.08866843
0.65180000 0.08870350
0.65175000 0.08873845
0.65170000 0.08877328
0.65165000 0.08880800
0.65160000 0.08884260
0.65155000 0.08887709
0.65150000 0.08891146
0.65145000 0.08894572
0.65140000 0.08897986
0.65135000 0.08901388
0.65130000 0.08904779
0.65125000 0.08908158
0.65120000 0.08911525
0.65115000 0.08914881
0.65110000 0.08918225
0.65105000 0.08921558
0.65100000 0.08924879
0.65095000 0.08928188
0.65090000 0.08931485
0.65085000 0.08934771
0.65080000 0.08938045
0.65075000 0.08941308
0.65070000 0.08944558
0.65065000 0.08947797
0.65060000 0.08951024
0.65055000 0.08954240
0.65050000 0.08957444
0.65045000 0.08960635
0.65040000 0.08963816
0.65035000 0.08966984
0.65030000 0.08970141
0.65025000 0.08973285
0.65020000 0.08976418
0.65015000 0.08979539
0.65010000 0.08982649
0.65005000 0.08985746
0.65000000 0.08988832
0.64995000 0.08991906
0.64990000 0.08994967
0.64985000 0.08998018
0.64980000 0.09001056
0.64975000 0.09004082
0.64970000 0.09007096
0.64965000 0.09010099
0.64960000 0.09013089
0.64955000 0.09016068
0.64950000 0.09019034
0.64945000 0.09021989
0.64940000 0.09024932
0.64935000 0.09027863
0.64930000 0.09030781
0.64925000 0.09033688
0.64920000 0.09036583
0.64915000 0.09039466
0.64910000 0.09042336
0.64905000 0.09045195
0.64900000 0.09048042
0.64895000 0.09050877
0.64890000 0.09053699
0.64885000 0.09056510
0.64880000 0.09059308
0.64875000 0.09062095
0.64870000 0.09064869
0.64865000 0.09067631
0.64860000 0.09070382
0.64855000 0.09073120
0.64850000 0.09075846
0.64845000 0.09078559
0.64840000 0.09081261
0.64835000 0.09083951
0.64830000 0.09086628
0.64825000 0.09089293
0.64820000 0.09091946
0.64815000 0.09094587
0.64810000 0.09097216
0.64805000 0.09099832
0.64800000 0.09102436
0.64795000 0.09105028
0.64790000 0.09107608
0.64785000 0.09110175
0.64780000 0.09112731
0.64775000 0.09115274
0.64770000 0.09117804
0.64765000 0.09120323
0.64760000 0.09122829
0.64755000 0.09125323
0.64750000 0.09127804
0.64745000 0.09130274
0.64740000 0.09132731
0.64735000 0.09135175
0.64730000 0.09137607
0.64725000 0.09140027
0.64720000 0.09142435
0.64715000 0.09144830
0.64710000 0.09147213
0.64705000 0.09149583
0.64700000 0.09151941
0.64695000 0.09154287
0.64690000 0.09156620
0.64685000 0.09158941
0.64680000 0.09161249
0.64675000 0.09163545
0.64670000 0.09165829
0.64665000 0.09168100
0.64660000 0.09170358
0.64655000 0.09172604
0.64650000 0.09174838
0.64645000 0.09177059
0.64640000 0.09179267
0.64635000 0.09181463
0.64630000 0.09183647
0.64625000 0.09185818
0.64620000 0.09187976
0.64615000 0.09190122
0.64610000 0.09192256
0.64605000 0.09194376
0.64600000 0.09196485
0.64595000 0.09198580
0.64590000 0.09200663
0.64585000 0.09202734
0.64580000 0.09204791
0.64575000 0.09206836
0.64570000 0.09208869
0.64565000 0.09210889
0.64560000 0.09212896
0.64555000 0.09214891
0.64550000 0.09216873
0.64545000 0.09218842
0.64540000 0.09220798
0.64535000 0.09222742
0.64530000 0.09224673
0.64525000 0.09226592
0.64520000 0.09228497
0.64515000 0.09230390
0.64510000 0.09232271
0.64505000 0.09234138
0.64500000 0.09235993
0.64495000 0.09237835
0.64490000 0.09239664
0.64485000 0.09241480
0.64480000 0.09243284
0.64475000 0.09245074
0.64470000 0.09246852
0.64465000 0.09248618
0.64460000 0.09250370
0.64455000 0.09252109
0.64450000 0.09253836
0.64445000 0.09255550
0.64440000 0.09257250
0.64435000 0.09258938
0.64430000 0.09260613
0.64425000 0.09262276
0.64420000 0.09263925
0.64415000 0.09265561
0.64410000 0.09267185
0.64405000 0.09268795
0.64400000 0.09270393
0.64395000 0.09271977
0.64390000 0.09273549
0.64385000 0.09275108
0.64380000 0.09276653
0.64375000 0.09278186
0.64370000 0.09279706
0.64365000 0.09281212
0.64360000 0.09282706
0.64355000 0.09284187
0.64350000 0.09285654
0.64345000 0.09287109
0.64340000 0.09288550
0.64335000 0.09289979
0.64330000 0.09291394
0.64325000 0.09292796
0.64320000 0.09294186
0.64315000 0.09295562
0.64310000 0.09296925
0.64305000 0.09298275
0.64300000 0.09299611
0.64295000 0.09300935
0.64290000 0.09302245
0.64285000 0.09303543
0.64280000 0.09304827
0.64275000 0.09306098
0.64270000 0.09307356
0.64265000 0.09308600
0.64260000 0.09309832
0.64255000 0.09311050
0.64250000 0.09312255
0.64245000 0.09313447
0.64240000 0.09314625
0.64235000 0.09315790
0.64230000 0.09316942
0.64225000 0.09318081
0.64220000 0.09319207
0.64215000 0.09320319
0.64210000 0.09321418
0.64205000 0.09322503
0.64200000 0.09323576
0.64195000 0.09324634
0.64190000 0.09325680
0.64185000 0.09326712
0.64180000 0.09327731
0.64175000 0.09328737
0.64170000 0.09329729
0.64165000 0.09330708
0.64160000 0.09331674
0.64155000 0.09332626
0.64150000 0.09333564
0.64145000 0.09334490
0.64140000 0.09335401
0.64135000 0.09336300
0.64130000 0.09337185
0.64125000 0.09338056
0.64120000 0.09338914
0.64115000 0.09339759
0.64110000 0.09340590
0.64105000 0.09341408
0.64100000 0.09342212
0.64095000 0.09343003
0.64090000 0.09343780
0.64085000 0.09344543
0.64080000 0.09345293
0.64075000 0.09346030
0.64070000 0.09346753
0.64065000 0.09347462
0.64060000 0.09348158
0.64055000 0.09348841
0.64050000 0.09349509
0.64045000 0.09350164
0.64040000 0.09350806
0.64035000 0.09351434
0.64030000 0.09352048
0.64025000 0.09352649
0.64020000 0.09353236
0.64015000 0.09353809
0.64010000 0.09354369
0.64005000 0.09354915
0.64000000 0.09355447
0.63995000 0.09355966
0.63990000 0.09356471
0.63985000 0.09356962
0.63980000 0.09357440
0.63975000 0.09357904
0.63970000 0.09358354
0.63965000 0.09358790
0.63960000 0.09359213
0.63955000 0.09359621
0.63950000 0.09360017
0.63945000 0.09360398
0.63940000 0.09360765
0.63935000 0.09361119
0.63930000 0.09361459
0.63925000 0.09361785
0.63920000 0.09362097
0.63915000 0.09362396
0.63910000 0.09362681
0.63905000 0.09362951
0.63900000 0.09363208
0.63895000 0.09363451
0.63890000 0.09363680
0.63885000 0.09363896
0.63880000 0.09364097
0.63875000 0.09364285
0.63870000 0.09364458
0.63865000 0.09364618
0.63860000 0.09364763
0.63855000 0.09364895
0.63850000 0.09365013
0.63845000 0.09365117
0.63840000 0.09365207
0.63835000 0.09365283
0.63830000 0.09365344
0.63825000 0.09365392
0.63820000 0.09365426
0.63815000 0.09365446
0.63810000 0.09365452
0.63805000 0.09365444
0.63800000 0.09365422
0.63795000 0.09365385
0.63790000 0.09365335
0.63785000 0.09365271
0.63780000 0.09365192
0.63775000 0.09365100
0.63770000 0.09364993
0.63765000 0.09364872
0.63760000 0.09364737
0.63755000 0.09364588
0.63750000 0.09364425
0.63745000 0.09364248
0.63740000 0.09364056
0.63735000 0.09363851
0.63730000 0.09363631
0.63725000 0.09363397
0.63720000 0.09363149
0.63715000 0.09362886
0.63710000 0.09362610
0.63705000 0.09362319
0.63700000 0.09362014
0.63695000 0.09361695
0.63690000 0.09361361
0.63685000 0.09361014
0.63680000 0.09360652
0.63675000 0.09360275
0.63670000 0.09359885
0.63665000 0.09359480
0.63660000 0.09359061
0.63655000 0.09358627
0.63650000 0.09358179
0.63645000 0.09357717
0.63640000 0.09357241
0.63635000 0.09356750
0.63630000 0.09356245
0.63625000 0.09355726
0.63620000 0.09355192
0.63615000 0.09354643
0.63610000 0.09354081
0.63605000 0.09353504
0.63600000 0.09352912
0.63595000 0.09352306
0.63590000 0.09351686
0.63585000 0.09351051
0.63580000 0.09350402
0.63575000 0.09349738
0.63570000 0.09349060
0.63565000 0.09348368
0.63560000 0.09347661
0.63555000 0.09346939
0.63550000 0.09346203
0.63545000 0.09345452
0.63540000 0.09344687
0.63535000 0.09343908
0.63530000 0.09343114
0.63525000 0.09342305
0.63520000 0.09341482
0.63515000 0.09340644
0.63510000 0.09339791
0.63505000 0.09338924
0.63500000 0.09338043
0.63495000 0.09337147
0.63490000 0.09336236
0.63485000 0.09335310
0.63480000 0.09334370
0.63475000 0.09333416
0.63470000 0.09332446
0.63465000 0.09331462
0.63460000 0.09330464
0.63455000 0.09329450
0.63450000 0.09328422
0.63445000 0.09327380
0.63440000 0.09326322
0.63435000 0.09325250
0.63430000 0.09324163
0.63425000 0.09323062
0.63420000 0.09321945
0.63415000 0.09320814
0.63410000 0.09319669
0.63405000 0.09318508
0.63400000 0.09317333
0.63395000 0.09316142
0.63390000 0.09314938
0.63385000 0.09313718
0.63380000 0.09312483
0.63375000 0.09311234
0.63370000 0.09309970
0.63365000 0.09308691
0.63360000 0.09307397
0.63355000 0.09306088
0.63350000 0.09304764
0.63345000 0.09303426
0.63340000 0.09302072
0.63335000 0.09300704
0.63330000 0.09299321
0.63325000 0.09297923
0.63320000 0.09296510
0.63315000 0.09295082
0.63310000 0.09293639
0.63305000 0.09292181
0.63300000 0.09290708
0.63295000 0.09289220
0.63290000 0.09287718
0.63285000 0.09286200
0.63280000 0.09284667
0.63275000 0.09283119
0.63270000 0.09281557
0.63265000 0.09279979
0.63260000 0.09278386
0.63255000 0.09276778
0.63250000 0.09275155
0.63245000 0.09273517
0.63240000 0.09271864
0.63235000 0.09270196
0.63230000 0.09268513
0.63225000 0.09266815
0.63220000 0.09265101
0.63215000 0.09263373
0.63210000 0.09261629
0.63205000 0.09259870
0.63200000 0.09258096
0.63195000 0.09256307
0.63190000 0.09254503
0.63185000 0.09252684
0.63180000 0.09250849
0.63175000 0.09248999
0.63170000 0.09247134
0.63165000 0.09245254
0.63160000 0.09243359
0.63155000 0.09241448
0.63150000 0.09239522
0.63145000 0.09237581
0.63140000 0.09235625
0.63135000 0.09234132
0.63130000 0.09238613
0.63125000 0.09243081
0.63120000 0.09247537
0.63115000 0.09251979
0.63110000 0.09256409
0.63105000 0.09260826
0.63100000 0.09265230
0.63095000 0.09269621
0.63090000 0.09273999
0.63085000 0.09278364
0.63080000 0.09282716
0.63075000 0.09287055
0.63070000 0.09291381
0.63065000 0.09295694
0.63060000 0.09299995
0.63055000 0.09304282
0.63050000 0.09308556
0.63045000 0.09312817
0.63040000 0.09317065
0.63035000 0.09321300
0.63030000 0.09325522
0.63025000 0.09329731
0.63020000 0.09333927
0.63015000 0.09338110
0.63010000 0.09342280
0.63005000 0.09346436
0.63000000 0.09350580
0.62995000 0.09354710
0.62990000 0.09358828
0.62985000 0.09362932
0.62980000 0.09367023
0.62975000 0.09371101
0.62970000 0.09375165
0.62965000 0.09379217
0.62960000 0.09383255
0.62955000 0.09387280
0.62950000 0.09391292
0.62945000 0.09395291
0.62940000 0.09399277
0.62935000 0.09403249
0.62930000 0.09407208
0.62925000 0.09411154
0.62920000 0.09415087
0.62915000 0.09419006
0.62910000 0.09422912
0.62905000 0.09426805
0.62900000 0.09430684
0.62895000 0.09434550
0.62890000 0.09438403
0.62885000 0.09442243
0.62880000 0.09446069
0.62875000 0.09449882
0.62870000 0.09453681
0.62865000 0.09457467
0.62860000 0.09461240
0.62855000 0.09465000
0.62850000 0.09468746
0.62845000 0.09472478
0.62840000 0.09476198
0.62835000 0.09479903
0.62830000 0.09483596
0.62825000 0.09487275
0.62820000 0.09490940
0.62815000 0.09494592
0.62810000 0.09498231
0.62805000 0.09501856
0.62800000 0.09505468
0.62795000 0.09509066
0.62790000 0.09512651
0.62785000 0.09516222
0.62780000 0.09519780
0.62775000 0.09523324
0.62770000 0.09526855
0.62765000 0.09530372
0.62760000 0.09533875
0.62755000 0.09537365
0.62750000 0.09540842
0.62745000 0.09544304
0.62740000 0.09547754
0.62735000 0.09551189
0.62730000 0.09554611
0.62725000 0.09558020
0.62720000 0.09561414
0.62715000 0.09564796
0.62710000 0.09568163
0.62705000 0.09571517
0.62700000 0.09574857
0.62695000 0.09578184
0.62690000 0.09581497
0.62685000 0.09584796
0.62680000 0.09588081
0.62675000 0.09591353
0.62670000 0.09594611
0.62665000 0.09597855
0.62660000 0.09601086
0.62655000 0.09604303
0.62650000 0.09607506
0.62645000 0.09610695
0.62640000 0.09613871
0.62635000 0.09617032
0.62630000 0.09620180
0.62625000 0.09623314
0.62620000 0.09626435
0.62615000 0.09629541
0.62610000 0.09632634
0.62605000 0.09635713
0.62600000 0.09638778
0.62595000 0.09641829
0.62590000 0.09644866
0.62585000 0.09647890
0.62580000 0.09650899
0.62575000 0.09653895
0.62570000 0.09656876
0.62565000 0.09659844
0.62560000 0.09662798
0.62555000 0.09665738
0.62550000 0.09668664
0.62545000 0.09671576
0.62540000 0.09674474
0.62535000 0.09677358
0.62530000 0.09680228
0.62525000 0.09683085
0.62520000 0.09685927
0.62515000 0.09688755
0.62510000 0.09691569
0.62505000 0.09694369
0.62500000 0.09697155
0.62495000 0.09699927
0.62490000 0.09702685
0.62485000 0.09705429
0.62480000 0.09708159
0.62475000 0.09710875
0.62470000 0.09713577
0.62465000 0.09716264
0.62460000 0.09718938
0.62455000 0.09721597
0.62450000 0.09724242
0.62445000 0.09726873
0.62440000 0.09729490
0.62435000 0.09732093
0.62430000 0.09734682
0.62425000 0.09737256
0.62420000 0.09739817
0.62415000 0.09742363
0.62410000 0.09744895
0.62405000 0.09747412
0.62400000 0.09749916
0.62395000 0.09752405
0.62390000 0.09754880
0.62385000 0.09757341
0.62380000 0.09759787
0.62375000 0.09762219
0.62370000 0.09764637
0.62365000 0.09767041
0.62360000 0.09769431
0.62355000 0.09771806
0.62350000 0.09774166
0.62345000 0.09776513
0.62340000 0.09778845
0.62335000 0.09781163
0.62330000 0.09783466
0.62325000 0.09785755
0.62320000 0.09788030
0.62315000 0.09790290
0.62310000 0.09792536
0.62305000 0.09794768
0.62300000 0.09796985
0.62295000 0.09799188
0.62290000 0.09801376
0.62285000 0.09803550
0.62280000 0.09805709
0.62275000 0.09807854
0.62270000 0.09809985
0.62265000 0.09812101
0.62260000 0.09814202
0.62255000 0.09816289
0.62250000 0.09818362
0.62245000 0.09820420
0.62240000 0.09822464
0.62235000 0.09824493
0.62230000 0.09826507
0.62225000 0.09828507
0.62220000 0.09830493
0.62215000 0.09832463
0.62210000 0.09834420
0.62205000 0.09836361
0.62200000 0.09838288
0.62195000 0.09840201
0.62190000 0.09842099
0.62185000 0.09843982
0.62180000 0.09845851
0.62175000 0.09847705
0.62170000 0.09849544
0.62165000 0.09851369
0.62160000 0.09853179
0.62155000 0.09854974
0.62150000 0.09856755
0.62145000 0.09858521
0.62140000 0.09860272
0.62135000 0.09862009
0.62130000 0.09863731
0.62125000 0.09865438
0.62120000 0.09867130
0.62115000 0.09868808
0.62110000 0.09870471
0.62105000 0.09872119
0.62100000 0.09873753
0.62095000 0.09875371
0.62090000 0.09876975
0.62085000 0.09878564
0.62080000 0.09880138
0.62075000 0.09881697
0.62070000 0.09883242
0.62065000 0.09884772
0.62060000 0.09886287
0.62055000 0.09887787
0.62050000 0.09889272
0.62045000 0.09890742
0.62040000 0.09892197
0.62035000 0.09893638
0.62030000 0.09895063
0.62025000 0.09896474
0.62020000 0.09897870
0.62015000 0.09899250
0.62010000 0.09900616
0.62005000 0.09901967
0.62000000 0.09903303
0.61995000 0.09904624
0.61990000 0.09905930
0.61985000 0.09907221
0.61980000 0.09908497
0.61975000 0.09909758
0.61970000 0.09911004
0.61965000 0.09912235
0.61960000 0.09913451
0.61955000 0.09914652
0.61950000 0.09915838
0.61945000 0.09917008
0.61940000 0.09918164
0.61935000 0.09919305
0.61930000 0.09920430
0.61925000 0.09921541
0.61920000 0.09922636
0.61915000 0.09923716
0.61910000 0.09924781
0.61905000 0.09925831
0.61900000 0.09926866
0.61895000 0.09927886
0.61890000 0.09928890
0.61885000 0.09929879
0.61880000 0.09930853
0.61875000 0.09931812
0.61870000 0.09932756
0.61865000 0.09933685
0.61860000 0.09934598
0.61855000 0.09935496
0.61850000 0.09936379
0.61845000 0.09937247
0.61840000 0.09938099
0.61835000 0.09938936
0.61830000 0.09939758
0.61825000 0.09940564
0.61820000 0.09941355
0.61815000 0.09942131
0.61810000 0.09942892
0.61805000 0.09943637
0.61800000 0.09944367
0.61795000 0.09945082
0.61790000 0.09945781
0.61785000 0.09946465
0.61780000 0.09947134
0.61775000 0.09947787
0.61770000 0.09948425
0.61765000 0.09949047
0.61760000 0.09949654
0.61755000 0.09950246
0.61750000 0.09950822
0.61745000 0.09951383
0.61740000 0.09951928
0.61735000 0.09952458
0.61730000 0.09952972
0.61725000 0.09953471
0.61720000 0.09953954
0.61715000 0.09954422
0.61710000 0.09954875
0.61705000 0.09955312
0.61700000 0.09955733
0.61695000 0.09956139
0.61690000 0.09956530
0.61685000 0.09956904
0.61680000 0.09957264
0.61675000 0.09957607
0.61670000 0.09957936
0.61665000 0.09958248
0.61660000 0.09958545
0.61655000 0.09958827
0.61650000 0.09959092
0.61645000 0.09959343
0.61640000 0.09959577
0.61635000 0.09959796
0.61630000 0.09959999
0.61625000 0.09960187
0.61620000 0.09960359
0.61615000 0.09960515
0.61610000 0.09960656
0.61605000 0.09960781
0.61600000 0.09960890
0.61595000 0.09960983
0.61590000 0.09961061
0.61585000 0.09961123
0.61580000 0.09961170
0.61575000 0.09961200
0.61570000 0.09961215
0.61565000 0.09961214
0.61560000 0.09961198
0.61555000 0.09961165
0.61550000 0.09961117
0.61545000 0.09961053
0.61540000 0.09960973
0.61535000 0.09960877
0.61530000 0.09960766
0.61525000 0.09960638
0.61520000 0.09960495
0.61515000 0.09960336
0.61510000 0.09960161
0.61505000 0.09959970
0.61500000 0.09959764
0.61495000 0.09959541
0.61490000 0.09959303
0.61485000 0.09959048
0.61480000 0.09958778
0.61475000 0.09958492
0.61470000 0.09958190
0.61465000 0.09957872
0.61460000 0.09957537
0.61455000 0.09957187
0.61450000 0.09956821
0.61445000 0.09956439
0.61440000 0.09956042
0.61435000 0.09955628
0.61430000 0.09955198
0.61425000 0.09954752
0.61420000 0.09954289
0.61415000 0.09953811
0.61410000 0.09953317
0.61405000 0.09952807
0.61400000 0.09952281
0.61395000 0.09951739
0.61390000 0.09951180
0.61385000 0.09950606
0.61380000 0.09950015
0.61375000 0.09949408
0.61370000 0.09948785
0.61365000 0.09948147
0.61360000 0.09947491
0.61355000 0.09946820
0.61350000 0.09946133
0.61345000 0.09945429
0.61340000 0.09944709
0.61335000 0.09943973
0.61330000 0.09943221
0.61325000 0.09942453
0.61320000 0.09941668
0.61315000 0.09940868
0.61310000 0.09940051
0.61305000 0.09939217
0.61300000 0.09938368
0.61295000 0.09937502
0.61290000 0.09936620
0.61285000 0.09935722
0.61280000 0.09934807
0.61275000 0.09933876
0.61270000 0.09932929
0.61265000 0.09931966
0.61260000 0.09930986
0.61255000 0.09929990
0.61250000 0.09928977
0.61245000 0.09927948
0.61240000 0.09926903
0.61235000 0.09925841
0.61230000 0.09924763
0.61225000 0.09923669
0.61220000 0.09922558
0.61215000 0.09921431
0.61210000 0.09920288
0.61205000 0.09919128
0.61200000 0.09917951
0.61195000 0.09916758
0.61190000 0.09915549
0.61185000 0.09914323
0.61180000 0.09913081
0.61175000 0.09911822
0.61170000 0.09910547
0.61165000 0.09909255
0.61160000 0.09907947
0.61155000 0.09906622
0.61150000 0.09905281
0.61145000 0.09903923
0.61140000 0.09902549
0.61135000 0.09901158
0.61130000 0.09899751
0.61125000 0.09898326
0.61120000 0.09896886
0.61115000 0.09895429
0.61110000 0.09893955
0.61105000 0.09892464
0.61100000 0.09890957
0.61095000 0.09889434
0.61090000 0.09887894
0.61085000 0.09886337
0.61080000 0.09884763
0.61075000 0.09883173
0.61070000 0.09881566
0.61065000 0.09879942
0.61060000 0.09878302
0.61055000 0.09876645
0.61050000 0.09874971
0.61045000 0.09873281
0.61040000 0.09871574
0.61035000 0.09869850
0.61030000 0.09868109
0.61025000 0.09866352
0.61020000 0.09864578
0.61015000 0.09862787
0.61010000 0.09860979
0.61005000 0.09859155
0.61000000 0.09857313
0.60995000 0.09855455
0.60990000 0.09853580
0.60985000 0.09851689
0.60980000 0.09849780
0.60975000 0.09847855
0.60970000 0.09845912
0.60965000 0.09843953
0.60960000 0.09841977
0.60955000 0.09839984
0.60950000 0.09837975
0.60945000 0.09835948
0.60940000 0.09833904
0.60935000 0.09831844
0.60930000 0.09829766
0.60925000 0.09827672
0.60920000 0.09825561
0.60915000 0.09823433
0.60910000 0.09821287
0.60905000 0.09819125
0.60900000 0.09816946
0.60895000 0.09814750
0.60890000 0.09812537
0.60885000 0.09810306
0.60880000 0.09808059
0.60875000 0.09805795
0.60870000 0.09803514
0.60865000 0.09801215
0.60860000 0.09798900
0.60855000 0.09796568
0.60850000 0.09794218
0.60845000 0.09791851
0.60840000 0.09789468
0.60835000 0.09787067
0.60830000 0.09784649
0.60825000 0.09782214
0.60820000 0.09779762
0.60815000 0.09777293
0.60810000 0.09774806
0.60805000 0.09772303
0.60800000 0.09769782
0.60795000 0.09767244
0.60790000 0.09764689
0.60785000 0.09768393
0.60780000 0.09773259
0.60775000 0.09778111
0.60770000 0.09782948
0.60765000 0.09787770
0.60760000 0.09792577
0.60755000 0.09797369
0.60750000 0.09802146
0.60745000 0.09806908
0.60740000 0.09811655
0.60735000 0.09816387
0.60730000 0.09821105
0.60725000 0.09825807
0.60720000 0.09830494
0.60715000 0.09835167
0.60710000 0.09839824
0.60705000 0.09844466
0.60700000 0.09849094
0.60695000 0.09853706
0.60690000 0.09858303
0.60685000 0.09862885
0.60680000 0.09867452
0.60675000 0.09872004
0.60670000 0.09876541
0.60665000 0.09881063
0.60660000 0.09885570
0.60655000 0.09890062
0.60650000 0.09894538
0.60645000 0.09899000
0.60640000 0.09903446
0.60635000 0.09907877
0.60630000 0.09912293
0.60625000 0.09916694
0.60620000 0.09921080
0.60615000 0.09925450
0.60610000 0.09929806
0.60605000 0.09934146
0.60600000 0.09938470
0.60595000 0.09942780
0.60590000 0.09947075
0.60585000 0.09951354
0.60580000 0.09955618
0.60575000 0.09959866
0.60570000 0.09964100
0.60565000 0.09968318
0.60560000 0.09972521
0.60555000 0.09976708
0.60550000 0.09980881
0.60545000 0.09985038
0.60540000 0.09989179
0.60535000 0.09993306
0.60530000 0.09997417
0.60525000 0.10001512
0.60520000 0.10005592
0.60515000 0.10009657
0.60510000 0.10013707
0.60505000 0.10017741
0.60500000 0.10021760
0.60495000 0.10025763
0.60490000 0.10029751
0.60485000 0.10033723
0.60480000 0.10037680
0.60475000 0.10041622
0.60470000 0.10045548
0.60465000 0.10049459
0.60460000 0.10053354
0.60455000 0.10057234
0.60450000 0.10061098
0.60445000 0.10064947
0.60440000 0.10068780
0.60435000 0.10072598
0.60430000 0.10076400
0.60425000 0.10080186
0.60420000 0.10083958
0.60415000 0.10087713
0.60410000 0.10091453
0.60405000 0.10095178
0.60400000 0.10098886
0.60395000 0.10102580
0.60390000 0.10106257
0.60385000 0.10109919
0.60380000 0.10113566
0.60375000 0.10117196
0.60370000 0.10120811
0.60365000 0.10124411
0.60360000 0.10127995
0.60355000 0.10131563
0.60350000 0.10135115
0.60345000 0.10138652
0.60340000 0.10142173
0.60335000 0.10145679
0.60330000 0.10149168
0.60325000 0.10152642
0.60320000 0.10156101
0.60315000 0.10159543
0.60310000 0.10162970
0.60305000 0.10166381
0.60300000 0.10169776
0.60295000 0.10173155
0.60290000 0.10176519
0.60285000 0.10179867
0.60280000 0.10183199
0.60275000 0.10186515
0.60270000 0.10189815
0.60265000 0.10193100
0.60260000 0.10196369
0.60255000 0.10199621
0.60250000 0.10202858
0.60245000 0.10206080
0.60240000 0.10209285
0.60235000 0.10212474
0.60230000 0.10215648
0.60225000 0.10218805
0.60220000 0.10221947
0.60215000 0.10225072
0.60210000 0.10228182
0.60205000 0.10231276
0.60200000 0.10234354
0.60195000 0.10237416
0.60190000 0.10240462
0.60185000 0.10243491
0.60180000 0.10246505
0.60175000 0.10249503
0.60170000 0.10252485
0.60165000 0.10255451
0.60160000 0.10258401
0.60155000 0.10261335
0.60150000 0.10264253
0.60145000 0.10267154
0.60140000 0.10270040
0.60135000 0.10272910
0.60130000 0.10275763
0.60125000 0.10278600
0.60120000 0.10281422
0.60115000 0.10284227
0.60110000 0.10287016
0.60105000 0.10289789
0.60100000 0.10292546
0.60095000 0.10295286
0.60090000 0.10298011
0.60085000 0.10300719
0.60080000 0.10303411
0.60075000 0.10306087
0.60070000 0.10308747
0.60065000 0.10311390
0.60060000 0.10314018
0.60055000 0.10316629
0.60050000 0.10319223
0.60045000 0.10321802
0.60040000 0.10324364
0.60035000 0.10326911
0.60030000 0.10329440
0.60025000 0.10331954
0.60020000 0.10334451
0.60015000 0.10336932
0.60010000 0.10339397
0.60005000 0.10341845
0.60000000 0.10344277
0.59995000 0.10346693
0.59990000 0.10349092
0.59985000 0.10351475
0.59980000 0.10353841
0.59975000 0.10356192
0.59970000 0.10358526
0.59965000 0.10360843
0.59960000 0.10363144
0.59955000 0.10365429
0.59950000 0.10367697
0.59945000 0.10369949
0.59940000 0.10372184
0.59935000 0.10374403
0.59930000 0.10376605
0.59925000 0.10378791
0.59920000 0.10380961
0.59915000 0.10383114
0.59910000 0.10385250
0.59905000 0.10387370
0.59900000 0.10389474
0.59895000 0.10391561
0.59890000 0.10393631
0.59885000 0.10395685
0.59880000 0.10397723
0.59875000 0.10399743
0.59870000 0.10401748
0.59865000 0.10403735
0.59860000 0.10405706
0.59855000 0.10407661
0.59850000 0.10409599
0.59845000 0.10411520
0.59840000 0.10413425
0.59835000 0.10415313
0.59830000 0.10417184
0.59825000 0.10419039
0.59820000 0.10420877
0.59815000 0.10422698
0.59810000 0.10424503
0.59805000 0.10426291
0.59800000 0.10428062
0.59795000 0.10429817
0.59790000 0.10431555
0.59785000 0.10433276
0.59780000 0.10434980
0.59775000 0.10436668
0.59770000 0.10438339
0.59765000 0.10439993
0.59760000 0.10441630
0.59755000 0.10443251
0.59750000 0.10444855
0.59745000 0.10446442
0.59740000 0.10448012
0.59735000 0.10449566
0.59730000 0.10451102
0.59725000 0.10452622
0.59720000 0.10454125
0.59715000 0.10455611
0.59710000 0.10457080
0.59705000 0.10458532
0.59700000 0.10459968
0.59695000 0.10461386
0.59690000 0.10462788
0.59685000 0.10464173
0.59680000 0.10465541
0.59675000 0.10466891
0.59670000 0.10468225
0.59665000 0.10469542
0.59660000 0.10470842
0.59655000 0.10472126
0.59650000 0.10473392
0.59645000 0.10474641
0.59640000 0.10475873
0.59635000 0.10477088
0.59630000 0.10478286
0.59625000 0.10479467
0.59620000 0.10480631
0.59615000 0.10481778
0.59610000 0.10482908
0.59605000 0.10484021
0.59600000 0.10485117
0.59595000 0.10486196
0.59590000 0.10487258
0.59585000 0.10488302
0.59580000 0.10489330
0.59575000 0.10490340
0.59570000 0.10491334
0.59565000 0.10492310
0.59560000 0.10493269
0.59555000 0.10494211
0.59550000 0.10495135
0.59545000 0.10496043
0.59540000 0.10496933
0.59535000 0.10497807
0.59530000 0.10498663
0.59525000 0.10499501
0.59520000 0.10500323
0.59515000 0.10501127
0.59510000 0.10501914
0.59505000 0.10502684
0.59500000 0.10503437
0.59495000 0.10504172
0.59490000 0.10504890
0.59485000 0.10505591
0.59480000 0.10506275
0.59475000 0.10506941
0.59470000 0.10507590
0.59465000 0.10508222
0.59460000 0.10508836
0.59455000 0.10509433
0.59450000 0.10510013
0.59445000 0.10510575
0.59440000 0.10511120
0.59435000 0.10511647
0.59430000 0.10512158
0.59425000 0.10512650
0.59420000 0.10513126
0.59415000 0.10513584
0.59410000 0.10514024
0.59405000 0.10514448
0.59400000 0.10514853
0.59395000 0.10515242
0.59390000 0.10515612
0.59385000 0.10515966
0.59380000 0.10516302
0.59375000 0.10516620
0.59370000 0.10516921
0.59365000 0.10517205
0.59360000 0.10517471
0.59355000 0.10517719
0.59350000 0.10517950
0.59345000 0.10518163
0.59340000 0.10518359
0.59335000 0.10518537
0.59330000 0.10518698
0.59325000 0.10518841
0.59320000 0.10518967
0.59315000 0.10519075
0.59310000 0.10519165
0.59305000 0.10519238
0.59300000 0.10519293
0.59295000 0.10519331
0.59290000 0.10519351
0.59285000 0.10519353
0.59280000 0.10519337
0.59275000 0.10519304
0.59270000 0.10519254
0.59265000 0.10519185
0.59260000 0.10519099
0.59255000 0.10518995
0.59250000 0.10518874
0.59245000 0.10518735
0.59240000 0.10518578
0.59235000 0.10518403
0.59230000 0.10518211
0.59225000 0.10518001
0.59220000 0.10517773
0.59215000 0.10517527
0.59210000 0.10517264
0.59205000 0.10516982
0.59200000 0.10516683
0.59195000 0.10516366
0.59190000 0.10516032
0.59185000 0.10515679
0.59180000 0.10515309
0.59175000 0.10514921
0.59170000 0.10514515
0.59165000 0.10514091
0.59160000 0.10513649
0.59155000 0.10513189
0.59150000 0.10512712
0.59145000 0.10512216
0.59140000 0.10511703
0.59135000 0.10511172
0.59130000 0.10510623
0.59125000 0.10510056
0.59120000 0.10509471
0.59115000 0.10508868
0.59110000 0.10508247
0.59105000 0.10507608
0.59100000 0.10506951
0.59095000 0.10506276
0.59090000 0.10505583
0.59085000 0.10504872
0.59080000 0.10504143
0.59075000 0.10503396
0.59070000 0.10502631
0.59065000 0.10501848
0.59060000 0.10501047
0.59055000 0.10500228
0.59050000 0.10499391
0.59045000 0.10498536
0.59040000 0.10497662
0.59035000 0.10496771
0.59030000 0.10495861
0.59025000 0.10494933
0.59020000 0.10493988
0.59015000 0.10493024
0.59010000 0.10492042
0.59005000 0.10491041
0.59000000 0.10490023
0.58995000 0.10488986
0.58990000 0.10487932
0.58985000 0.10486859
0.58980000 0.10485768
0.58975000 0.10484658
0.58970000 0.10483531
0.58965000 0.10482385
0.58960000 0.10481221
0.58955000 0.10480039
0.58950000 0.10478838
0.58945000 0.10477619
0.58940000 0.10476382
0.58935000 0.10475127
0.58930000 0.10473853
0.58925000 0.10472562
0.58920000 0.10471251
0.58915000 0.10469923
0.58910000 0.10468576
0.58905000 0.10467211
0.58900000 0.10465827
0.58895000 0.10464425
0.58890000 0.10463005
0.58885000 0.10461567
0.58880000 0.10460110
0.58875000 0.10458634
0.58870000 0.10457141
0.58865000 0.10455628
0.58860000 0.10454098
0.58855000 0.10452549
0.58850000 0.10450981
0.58845000 0.10449395
0.58840000 0.10447791
0.58835000 0.10446168
0.58830000 0.10444527
0.58825000 0.10442867
0.58820000 0.10441189
0.58815000 0.10439493
0.58810000 0.10437777
0.58805000 0.10436044
0.58800000 0.10434291
0.58795000 0.10432521
0.58790000 0.10430731
0.58785000 0.10428923
0.58780000 0.10427097
0.58775000 0.10425252
0.58770000 0.10423388
0.58765000 0.10421506
0.58760000 0.10419606
0.58755000 0.10417686
0.58750000 0.10415748
0.58745000 0.10413792
0.58740000 0.10411816
0.58735000 0.10409823
0.58730000 0.10407810
0.58725000 0.10405779
0.58720000 0.10403729
0.58715000 0.10401661
0.58710000 0.10399573
0.58705000 0.10397468
0.58700000 0.10395343
0.58695000 0.10393200
0.58690000 0.10391038
0.58685000 0.10388857
0.58680000 0.10386657
0.58675000 0.10384439
0.58670000 0.10382202
0.58665000 0.10379947
0.58660000 0.10377672
0.58655000 0.10375379
0.58650000 0.10373067
0.58645000 0.10370736
0.58640000 0.10368386
0.58635000 0.10366018
0.58630000 0.10363630
0.58625000 0.10361224
0.58620000 0.10358799
0.58615000 0.10356355
0.58610000 0.10353892
0.58605000 0.10351411
0.58600000 0.10348910
0.58595000 0.10346391
0.58590000 0.10343853
0.58585000 0.10341295
0.58580000 0.10338719
0.58575000 0.10336124
0.58570000 0.10333510
0.58565000 0.10330877
0.58560000 0.10328225
0.58555000 0.10325555
0.58550000 0.10322865
0.58545000 0.10320156
0.58540000 0.10317428
0.58535000 0.10314681
0.58530000 0.10311916
0.58525000 0.10309131
0.58520000 0.10306327
0.58515000 0.10303504
0.58510000 0.10300662
0.58505000 0.10297801
0.58500000 0.10294921
0.58495000 0.10292022
0.58490000 0.10289104
0.58485000 0.10286167
0.58480000 0.10283211
0.58475000 0.10280235
0.58470000 0.10277241
0.58465000 0.10274227
0.58460000 0.10271194
0.58455000 0.10268142
0.58450000 0.10265071
0.58445000 0.10261981
0.58440000 0.10258871
0.58435000 0.10255743
0.58430000 0.10252595
0.58425000 0.10249428
0.58420000 0.10246242
0.58415000 0.10247907
0.58410000 0.10253198
0.58405000 0.10258472
0.58400000 0.10263730
0.58395000 0.10268970
0.58390000 0.10274193
0.58385000 0.10279399
0.58380000 0.10284588
0.58375000 0.10289760
0.58370000 0.10294914
0.58365000 0.10300052
0.58360000 0.10305172
0.58355000 0.10310276
0.58350000 0.10315362
0.58345000 0.10320431
0.58340000 0.10325483
0.58335000 0.10330517
0.58330000 0.10335535
0.58325000 0.10340535
0.58320000 0.10345518
0.58315000 0.10350484
0.58310000 0.10355433
0.58305000 0.10360364
0.58300000 0.10365278
0.58295000 0.10370175
0.58290000 0.10375055
0.58285000 0.10379917
0.58280000 0.10384762
0.58275000 0.10389590
0.58270000 0.10394400
0.58265000 0.10399193
0.58260000 0.10403969
0.58255000 0.10408728
0.58250000 0.10413469
0.58245000 0.10418193
0.58240000 0.10422899
0.58235000 0.10427588
0.58230000 0.10432260
0.58225000 0.10436914
0.58220000 0.10441551
0.58215000 0.10446171
0.58210000 0.10450773
0.58205000 0.10455358
0.58200000 0.10459925
0.58195000 0.10464475
0.58190000 0.10469007
0.58185000 0.10473522
0.58180000 0.10478020
0.58175000 0.10482500
0.58170000 0.10486962
0.58165000 0.10491407
0.58160000 0.10495835
0.58155000 0.10500245
0.58150000 0.10504637
0.58145000 0.10509012
0.58140000 0.10513369
0.58135000 0.10517709
0.58130000 0.10522032
0.58125000 0.10526336
0.58120000 0.10530623
0.58115000 0.10534893
0.58110000 0.10539145
0.58105000 0.10543379
0.58100000 0.10547596
0.58095000 0.10551795
0.58090000 0.10555977
0.58085000 0.10560140
0.58080000 0.10564287
0.58075000 0.10568415
0.58070000 0.10572526
0.58065000 0.10576619
0.58060000 0.10580695
0.58055000 0.10584752
0.58050000 0.10588792
0.58045000 0.10592815
0.58040000 0.10596819
0.58035000 0.10600806
0.58030000 0.10604775
0.58025000 0.10608727
0.58020000 0.10612660
0.58015000 0.10616576
0.58010000 0.10620474
0.58005000 0.10624355
0.58000000 0.10628217
0.57995000 0.10632062
0.57990000 0.10635889
0.57985000 0.10639698
0.57980000 0.10643489
0.57975000 0.10647262
0.57970000 0.10651018
0.57965000 0.10654755
0.57960000 0.10658475
0.57955000 0.10662177
0.57950000 0.10665861
0.57945000 0.10669527
0.57940000 0.10673175
0.57935000 0.10676805
0.57930000 0.10680418
0.57925000 0.10684012
0.57920000 0.10687589
0.57915000 0.10691147
0.57910000 0.10694688
0.57905000 0.10698210
0.57900000 0.10701715
0.57895000 0.10705201
0.57890000 0.10708670
0.57885000 0.10712120
0.57880000 0.10715553
0.57875000 0.10718967
0.57870000 0.10722364
0.57865000 0.10725742
0.57860000 0.10729103
0.57855000 0.10732445
0.57850000 0.10735769
0.57845000 0.10739075
0.57840000 0.10742363
0.57835000 0.10745633
0.57830000 0.10748885
0.57825000 0.10752119
0.57820000 0.10755334
0.57815000 0.10758532
0.57810000 0.10761711
0.57805000 0.10764872
0.57800000 0.10768015
0.57795000 0.10771140
0.57790000 0.10774247
0.57785000 0.10777335
0.57780000 0.10780405
0.57775000 0.10783457
0.57770000 0.10786491
0.57765000 0.10789507
0.57760000 0.10792504
0.57755000 0.10795483
0.57750000 0.10798444
0.57745000 0.10801386
0.57740000 0.10804311
0.57735000 0.10807217
0.57730000 0.10810104
0.57725000 0.10812974
0.57720000 0.10815825
0.57715000 0.10818657
0.57710000 0.10821472
0.57705000 0.10824268
0.57700000 0.10827046
0.57695000 0.10829805
0.57690000 0.10832546
0.57685000 0.10835269
0.57680000 0.10837973
0.57675000 0.10840659
0.57670000 0.10843326
0.57665000 0.10845975
0.57660000 0.10848606
0.57655000 0.10851218
0.57650000 0.10853812
0.57645000 0.10856387
0.57640000 0.10858944
0.57635000 0.10861482
0.57630000 0.10864002
0.57625000 0.10866503
0.57620000 0.10868986
0.57615000 0.10871451
0.57610000 0.10873896
0.57605000 0.10876324
0.57600000 0.10878733
0.57595000 0.10881123
0.57590000 0.10883495
0.57585000 0.10885848
0.57580000 0.10888182
0.57575000 0.10890498
0.57570000 0.10892796
0.57565000 0.10895075
0.57560000 0.10897335
0.57555000 0.10899577
0.57550000 0.10901800
0.57545000 0.10904004
0.57540000 0.10906190
0.57535000 0.10908357
0.57530000 0.10910505
0.57525000 0.10912635
0.57520000 0.10914746
0.57515000 0.10916839
0.57510000 0.10918912
0.57505000 0.10920967
0.57500000 0.10923004
0.57495000 0.10925021
0.57490000 0.10927020
0.57485000 0.10929000
0.57480000 0.10930961
0.57475000 0.10932904
0.57470000 0.10934828
0.57465000 0.10936733
0.57460000 0.10938619
0.57455000 0.10940487
0.57450000 0.10942335
0.57445000 0.10944165
0.57440000 0.10945976
0.57435000 0.10947768
0.57430000 0.10949542
0.57425000 0.10951296
0.57420000 0.10953032
0.57415000 0.10954749
0.57410000 0.10956447
0.57405000 0.10958126
0.57400000 0.10959786
0.57395000 0.10961427
0.57390000 0.10963049
0.57385000 0.10964653
0.57380000 0.10966237
0.57375000 0.10967803
0.57370000 0.10969349
0.57365000 0.10970877
0.57360000 0.10972386
0.57355000 0.10973875
0.57350000 0.10975346
0.57345000 0.10976798
0.57340000 0.10978231
0.57335000 0.10979644
0.57330000 0.10981039
0.57325000 0.10982415
0.57320000 0.10983771
0.57315000 0.10985109
0.57310000 0.10986427
0.57305000 0.10987727
0.57300000 0.10989007
0.57295000 0.10990268
0.57290000 0.10991511
0.57285000 0.10992734
0.57280000 0.10993938
0.57275000 0.10995123
0.57270000 0.10996288
0.57265000 0.10997435
0.57260000 0.10998563
0.57255000 0.10999671
0.57250000 0.11000760
0.57245000 0.11001830
0.57240000 0.11002881
0.57235000 0.11003912
0.57230000 0.11004925
0.57225000 0.11005918
0.57220000 0.11006892
0.57215000 0.11007847
0.57210000 0.11008782
0.57205000 0.11009699
0.57200000 0.11010596
0.57195000 0.11011473
0.57190000 0.11012332
0.57185000 0.11013171
0.57180000 0.11013991
0.57175000 0.11014792
0.57170000 0.11015573
0.57165000 0.11016335
0.57160000 0.11017078
0.57155000 0.11017801
0.57150000 0.11018505
0.57145000 0.11019190
0.57140000 0.11019855
0.57135000 0.11020501
0.57130000 0.11021127
0.57125000 0.11021734
0.57120000 0.11022322
0.57115000 0.11022891
0.57110000 0.11023440
0.57105000 0.11023969
0.57100000 0.11024479
0.57095000 0.11024970
0.57090000 0.11025441
0.57085000 0.11025893
0.57080000 0.11026325
0.57075000 0.11026738
0.57070000 0.11027131
0.57065000 0.11027505
0.57060000 0.11027859
0.57055000 0.11028194
0.57050000 0.11028509
0.57045000 0.11028805
0.57040000 0.11029081
0.57035000 0.11029338
0.57030000 0.11029575
0.57025000 0.11029793
0.57020000 0.11029990
0.57015000 0.11030169
0.57010000 0.11030328
0.57005000 0.11030467
0.57000000 0.11030586
0.56995000 0.11030686
0.56990000 0.11030767
0.56985000 0.11030827
0.56980000 0.11030868
0.56975000 0.11030890
0.56970000 0.11030892
0.56965000 0.11030874
0.56960000 0.11030836
0.56955000 0.11030779
0.56950000 0.11030702
0.56945000 0.11030605
0.56940000 0.11030489
0.56935000 0.11030352
0.56930000 0.11030196
0.56925000 0.11030021
0.56920000 0.11029825
0.56915000 0.11029610
0.56910000 0.11029375
0.56905000 0.11029121
0.56900000 0.11028846
0.56895000 0.11028552
0.56890000 0.11028238
0.56885000 0.11027904
0.56880000 0.11027550
0.56875000 0.11027177
0.56870000 0.11026783
0.56865000 0.11026370
0.56860000 0.11025937
0.56855000 0.11025484
0.56850000 0.11025011
0.56845000 0.11024518
0.56840000 0.11024006
0.56835000 0.11023473
0.56830000 0.11022921
0.56825000 0.11022348
0.56820000 0.11021756
0.56815000 0.11021144
0.56810000 0.11020512
0.56805000 0.11019860
0.56800000 0.11019187
0.56795000 0.11018495
0.56790000 0.11017783
0.56785000 0.11017051
0.56780000 0.11016299
0.56775000 0.11015527
0.56770000 0.11014735
0.56765000 0.11013923
0.56760000 0.11013091
0.56755000 0.11012239
0.56750000 0.11011367
0.56745000 0.11010474
0.56740000 0.11009562
0.56735000 0.11008630
0.56730000 0.11007677
0.56725000 0.11006704
0.56720000 0.11005712
0.56715000 0.11004699
0.56710000 0.11003666
0.56705000 0.11002613
0.56700000 0.11001540
0.56695000 0.11000446
0.56690000 0.10999333
0.56685000 0.10998199
0.56680000 0.10997045
0.56675000 0.10995871
0.56670000 0.10994677
0.56665000 0.10993462
0.56660000 0.10992228
0.56655000 0.10990973
0.56650000 0.10989698
0.56645000 0.10988402
0.56640000 0.10987087
0.56635000 0.10985751
0.56630000 0.10984395
0.56625000 0.10983018
0.56620000 0.10981622
0.56615000 0.10980205
0.56610000 0.10978768
0.56605000 0.10977310
0.56600000 0.10975832
0.56595000 0.10974334
0.56590000 0.10972815
0.56585000 0.10971277
0.56580000 0.10969717
0.56575000 0.10968138
0.56570000 0.10966538
0.56565000 0.10964917
0.56560000 0.10963277
0.56555000 0.10961616
0.56550000 0.10959934
0.56545000 0.10958232
0.56540000 0.10956510
0.56535000 0.10954767
0.56530000 0.10953004
0.56525000 0.10951220
0.56520000 0.10949416
0.56515000 0.10947592
0.56510000 0.10945747
0.56505000 0.10943881
0.56500000 0.10941995
0.56495000 0.10940089
0.56490000 0.10938162
0.56485000 0.10936214
0.56480000 0.10934246
0.56475000 0.10932257
0.56470000 0.10930248
0.56465000 0.10928219
0.56460000 0.10926168
0.56455000 0.10924097
0.56450000 0.10922006
0.56445000 0.10919894
0.56440000 0.10917762
0.56435000 0.10915608
0.56430000 0.10913435
0.56425000 0.10911240
0.56420000 0.10909025
0.56415000 0.10906789
0.56410000 0.10904533
0.56405000 0.10902256
0.56400000 0.10899959
0.56395000 0.10897640
0.56390000 0.10895301
0.56385000 0.10892942
0.56380000 0.10890561
0.56375000 0.10888160
0.56370000 0.10885738
0.56365000 0.10883296
0.56360000 0.10880832
0.56355000 0.10878348
0.56350000 0.10875844
0.56345000 0.10873318
0.56340000 0.10870772
0.56335000 0.10868205
0.56330000 0.10865617
0.56325000 0.10863008
0.56320000 0.10860379
0.56315000 0.10857729
0.56310000 0.10855058
0.56305000 0.10852366
0.56300000 0.10849653
0.56295000 0.10846920
0.56290000 0.10844165
0.56285000 0.10841390
0.56280000 0.10838594
0.56275000 0.10835777
0.56270000 0.10832939
0.56265000 0.10830080
0.56260000 0.10827200
0.56255000 0.10824299
0.56250000 0.10821378
0.56245000 0.10818435
0.56240000 0.10815472
0.56235000 0.10812488
0.56230000 0.10809482
0.56225000 0.10806456
0.56220000 0.10803409
0.56215000 0.10800340
0.56210000 0.10797251
0.56205000 0.10794141
0.56200000 0.10791010
0.56195000 0.10787857
0.56190000 0.10784684
0.56185000 0.10781490
0.56180000 0.10778274
0.56175000 0.10775038
0.56170000 0.10771780
0.56165000 0.10768502
0.56160000 0.10765202
0.56155000 0.10761881
0.56150000 0.10758540
0.56145000 0.10755177
0.56140000 0.10751793
0.56135000 0.10748387
0.56130000 0.10744961
0.56125000 0.10741514
0.56120000 0.10738045
0.56115000 0.10734555
0.56110000 0.10731045
0.56105000 0.10727512
0.56100000 0.10723959
0.56095000 0.10720385
0.56090000 0.10716789
0.56085000 0.10713172
0.56080000 0.10709534
0.56075000 0.10705875
0.56070000 0.10702194
0.56065000 0.10698493
0.56060000 0.10694770
0.56055000 0.10691026
0.56050000 0.10687260
0.56045000 0.10683473
0.56040000 0.10679665
0.56035000 0.10675836
0.56030000 0.10671985
0.56025000 0.10671632
0.56020000 0.10677355
0.56015000 0.10683059
0.56010000 0.10688743
0.56005000 0.10694408
0.56000000 0.10700054
0.55995000 0.10705680
0.55990000 0.10711286
0.55985000 0.10716874
0.55980000 0.10722441
0.55975000 0.10727990
0.55970000 0.10733518
0.55965000 0.10739028
0.55960000 0.10744518
0.55955000 0.10749988
0.55950000 0.10755439
0.55945000 0.10760871
0.55940000 0.10766282
0.55935000 0.10771675
0.55930000 0.10777048
0.55925000 0.10782401
0.55920000 0.10787735
0.55915000 0.10793049
0.55910000 0.10798344
0.55905000 0.10803619
0.55900000 0.10808874
0.55895000 0.10814110
0.55890000 0.10819326
0.55885000 0.10824523
0.55880000 0.10829700
0.55875000 0.10834857
0.55870000 0.10839995
0.55865000 0.10845113
0.55860000 0.10850211
0.55855000 0.10855290
0.55850000 0.10860349
0.55845000 0.10865389
0.55840000 0.10870408
0.55835000 0.10875408
0.55830000 0.10880389
0.55825000 0.10885349
0.55820000 0.10890290
0.55815000 0.10895211
0.55810000 0.10900113
0.55805000 0.10904994
0.55800000 0.10909856
0.55795000 0.10914698
0.55790000 0.10919520
0.55785000 0.10924323
0.55780000 0.10929106
0.55775000 0.10933868
0.55770000 0.10938611
0.55765000 0.10943335
0.55760000 0.10948038
0.55755000 0.10952722
0.55750000 0.10957385
0.55745000 0.10962029
0.55740000 0.10966653
0.55735000 0.10971257
0.55730000 0.10975841
0.55725000 0.10980405
0.55720000 0.10984950
0.55715000 0.10989474
0.55710000 0.10993979
0.55705000 0.10998463
0.55700000 0.11002928
0.55695000 0.11007373
0.55690000 0.11011797
0.55685000 0.11016202
0.55680000 0.11020587
0.55675000 0.11024952
0.55670000 0.11029296
0.55665000 0.11033621
0.55660000 0.11037926
0.55655000 0.11042210
0.55650000 0.11046475
0.55645000 0.11050720
0.55640000 0.11054944
0.55635000 0.11059149
0.55630000 0.11063333
0.55625000 0.11067498
0.55620000 0.11071642
0.55615000 0.11075766
0.55610000 0.11079870
0.55605000 0.11083954
0.55600000 0.11088018
0.55595000 0.11092062
0.55590000 0.11096085
0.55585000 0.11100089
0.55580000 0.11104072
0.55575000 0.11108035
0.55570000 0.11111978
0.55565000 0.11115901
0.55560000 0.11119803
0.55555000 0.11123686
0.55550000 0.11127548
0.55545000 0.11131390
0.55540000 0.11135211
0.55535000 0.11139013
0.55530000 0.11142794
0.55525000 0.11146555
0.55520000 0.11150296
0.55515000 0.11154016
0.55510000 0.11157716
0.55505000 0.11161396
0.55500000 0.11165055
0.55495000 0.11168695
0.55490000 0.11172314
0.55485000 0.11175912
0.55480000 0.11179490
0.55475000 0.11183048
0.55470000 0.11186586
0.55465000 0.11190103
0.55460000 0.11193600
0.55455000 0.11197076
0.55450000 0.11200532
0.55445000 0.11203968
0.55440000 0.11207383
0.55435000 0.11210778
0.55430000 0.11214152
0.55425000 0.11217506
0.55420000 0.11220840
0.55415000 0.11224153
0.55410000 0.11227445
0.55405000 0.11230718
0.55400000 0.11233969
0.55395000 0.11237200
0.55390000 0.11240411
0.55385000 0.11243601
0.55380000 0.11246771
0.55375000 0.11249920
0.55370000 0.11253049
0.55365000 0.11256157
0.55360000 0.11259244
0.55355000 0.11262311
0.55350000 0.11265358
0.55345000 0.11268383
0.55340000 0.11271389
0.55335000 0.11274373
0.55330000 0.11277337
0.55325000 0.11280281
0.55320000 0.11283204
0.55315000 0.11286106
0.55310000 0.11288988
0.55305000 0.11291848
0.55300000 0.11294689
0.55295000 0.11297508
0.55290000 0.11300307
0.55285000 0.11303086
0.55280000 0.11305843
0.55275000 0.11308580
0.55270000 0.11311296
0.55265000 0.11313992
0.55260000 0.11316667
0.55255000 0.11319321
0.55250000 0.11321954
0.55245000 0.11324566
0.55240000 0.11327158
0.55235000 0.11329729
0.55230000 0.11332279
0.55225000 0.11334809
0.55220000 0.11337317
0.55215000 0.11339805
0.55210000 0.11342272
0.55205000 0.11344719
0.55200000 0.11347144
0.55195000 0.11349549
0.55190000 0.11351932
0.55185000 0.11354295
0.55180000 0.11356637
0.55175000 0.11358958
0.55170000 0.11361259
0.55165000 0.11363538
0.55160000 0.11365797
0.55155000 0.11368034
0.55150000 0.11370251
0.55145000 0.11372446
0.55140000 0.11374621
0.55135000 0.11376775
0.55130000 0.11378908
0.55125000 0.11381020
0.55120000 0.11383111
0.55115000 0.11385181
0.55110000 0.11387230
0.55105000 0.11389258
0.55100000 0.11391265
0.55095000 0.11393251
0.55090000 0.11395216
0.55085000 0.11397160
0.55080000 0.11399083
0.55075000 0.11400985
0.55070000 0.11402866
0.55065000 0.11404726
0.55060000 0.11406565
0.55055000 0.11408382
0.55050000 0.11410179
0.55045000 0.11411954
0.55040000 0.11413709
0.55035000 0.11415442
0.55030000 0.11417154
0.55025000 0.11418845
0.55020000 0.11420515
0.55015000 0.11422164
0.55010000 0.11423791
0.55005000 0.11425398
0.55000000 0.11426983
0.54995000 0.11428547
0.54990000 0.11430090
0.54985000 0.11431611
0.54980000 0.11433112
0.54975000 0.11434591
0.54970000 0.11436049
0.54965000 0.11437486
0.54960000 0.11438901
0.54955000 0.11440296
0.54950000 0.11441669
0.54945000 0.11443020
0.54940000 0.11444351
0.54935000 0.11445660
0.54930000 0.11446948
0.54925000 0.11448215
0.54920000 0.11449460
0.54915000 0.11450684
0.54910000 0.11451887
0.54905000 0.11453068
0.54900000 0.11454228
0.54895000 0.11455366
0.54890000 0.11456484
0.54885000 0.11457580
0.54880000 0.11458654
0.54875000 0.11459707
0.54870000 0.11460739
0.54865000 0.11461749
0.54860000 0.11462738
0.54855000 0.11463706
0.54850000 0.11464652
0.54845000 0.11465576
0.54840000 0.11466479
0.54835000 0.11467361
0.54830000 0.11468221
0.54825000 0.11469060
0.54820000 0.11469877
0.54815000 0.11470673
0.54810000 0.11471448
0.54805000 0.11472200
0.54800000 0.11472932
0.54795000 0.11473641
0.54790000 0.11474330
0.54785000 0.11474996
0.54780000 0.11475641
0.54775000 0.11476265
0.54770000 0.11476867
0.54765000 0.11477447
0.54760000 0.11478006
0.54755000 0.11478543
0.54750000 0.11479059
0.54745000 0.11479553
0.54740000 0.11480026
0.54735000 0.11480476
0.54730000 0.11480906
0.54725000 0.11481313
0.54720000 0.11481699
0.54715000 0.11482063
0.54710000 0.11482406
0.54705000 0.11482726
0.54700000 0.11483026
0.54695000 0.11483303
0.54690000 0.11483559
0.54685000 0.11483793
0.54680000 0.11484005
0.54675000 0.11484196
0.54670000 0.11484365
0.54665000 0.11484512
0.54660000 0.11484637
0.54655000 0.11484741
0.54650000 0.11484823
0.54645000 0.11484883
0.54640000 0.11484921
0.54635000 0.11484938
0.54630000 0.11484932
0.54625000 0.11484905
0.54620000 0.11484856
0.54615000 0.11484786
0.54610000 0.11484693
0.54605000 0.11484578
0.54600000 0.11484442
0.54595000 0.11484284
0.54590000 0.11484104
0.54585000 0.11483902
0.54580000 0.11483678
0.54575000 0.11483432
0.54570000 0.11483165
0.54565000 0.11482875
0.54560000 0.11482564
0.54555000 0.11482230
0.54550000 0.11481875
0.54545000 0.11481498
0.54540000 0.11481099
0.54535000 0.11480678
0.54530000 0.11480234
0.54525000 0.11479769
0.54520000 0.11479282
0.54515000 0.11478773
0.54510000 0.11478242
0.54505000 0.11477689
0.54500000 0.11477114
0.54495000 0.11476516
0.54490000 0.11475897
0.54485000 0.11475256
0.54480000 0.11474592
0.54475000 0.11473907
0.54470000 0.11473200
0.54465000 0.11472470
0.54460000 0.11471718
0.54455000 0.11470945
0.54450000 0.11470149
0.54445000 0.11469331
0.54440000 0.11468491
0.54435000 0.11467628
0.54430000 0.11466744
0.54425000 0.11465838
0.54420000 0.11464909
0.54415000 0.11463958
0.54410000 0.11462985
0.54405000 0.11461990
0.54400000 0.11460973
0.54395000 0.11459933
0.54390000 0.11458871
0.54385000 0.11457787
0.54380000 0.11456681
0.54375000 0.11455553
0.54370000 0.11454402
0.54365000 0.11453229
0.54360000 0.11452034
0.54355000 0.11450816
0.54350000 0.11449577
0.54345000 0.11448315
0.54340000 0.11447030
0.54335000 0.11445724
0.54330000 0.11444395
0.54325000 0.11443044
0.54320000 0.11441670
0.54315000 0.11440274
0.54310000 0.11438856
0.54305000 0.11437415
0.54300000 0.11435953
0.54295000 0.11434467
0.54290000 0.11432960
0.54285000 0.11431430
0.54280000 0.11429877
0.54275000 0.11428302
0.54270000 0.11426705
0.54265000 0.11425086
0.54260000 0.11423444
0.54255000 0.11421779
0.54250000 0.11420092
0.54245000 0.11418383
0.54240000 0.11416651
0.54235000 0.11414897
0.54230000 0.11413120
0.54225000 0.11411321
0.54220000 0.11409499
0.54215000 0.11407655
0.54210000 0.11405788
0.54205000 0.11403899
0.54200000 0.11401987
0.54195000 0.11400053
0.54190000 0.11398096
0.54185000 0.11396117
0.54180000 0.11394115
0.54175000 0.11392090
0.54170000 0.11390043
0.54165000 0.11387974
0.54160000 0.11385881
0.54155000 0.11383767
0.54150000 0.11381629
0.54145000 0.11379469
0.54140000 0.11377287
0.54135000 0.11375081
0.54130000 0.11372853
0.54125000 0.11370603
0.54120000 0.11368330
0.54115000 0.11366034
0.54110000 0.11363715
0.54105000 0.11361374
0.54100000 0.11359010
0.54095000 0.11356624
0.54090000 0.11354214
0.54085000 0.11351782
0.54080000 0.11349328
0.54075000 0.11346850
0.54070000 0.11344350
0.54065000 0.11341827
0.54060000 0.11339282
0.54055000 0.11336713
0.54050000 0.11334122
0.54045000 0.11331508
0.54040000 0.11328871
0.54035000 0.11326212
0.54030000 0.11323530
0.54025000 0.11320825
0.54020000 0.11318097
0.54015000 0.11315346
0.54010000 0.11312572
0.54005000 0.11309776
0.54000000 0.11306957
0.53995000 0.11304114
0.53990000 0.11301250
0.53985000 0.11298362
0.53980000 0.11295451
0.53975000 0.11292517
0.53970000 0.11289561
0.53965000 0.11286581
0.53960000 0.11283579
0.53955000 0.11280554
0.53950000 0.11277506
0.53945000 0.11274434
0.53940000 0.11271340
0.53935000 0.11268223
0.53930000 0.11265083
0.53925000 0.11261920
0.53920000 0.11258735
0.53915000 0.11255526
0.53910000 0.11252294
0.53905000 0.11249039
0.53900000 0.11245761
0.53895000 0.11242460
0.53890000 0.11239136
0.53885000 0.11235789
0.53880000 0.11232419
0.53875000 0.11229026
0.53870000 0.11225610
0.53865000 0.11222171
0.53860000 0.11218708
0.53855000 0.11215223
0.53850000 0.11211715
0.53845000 0.11208183
0.53840000 0.11204628
0.53835000 0.11201051
0.53830000 0.11197450
0.53825000 0.11193826
0.53820000 0.11190179
0.53815000 0.11186508
0.53810000 0.11182815
0.53805000 0.11179098
0.53800000 0.11175359
0.53795000 0.11171596
0.53790000 0.11167810
0.53785000 0.11164000
0.53780000 0.11160168
0.53775000 0.11156312
0.53770000 0.11152433
0.53765000 0.11148531
0.53760000 0.11144605
0.53755000 0.11140657
0.53750000 0.11136685
0.53745000 0.11132690
0.53740000 0.11128671
0.53735000 0.11124630
0.53730000 0.11120565
0.53725000 0.11116476
0.53720000 0.11112365
0.53715000 0.11108230
0.53710000 0.11104072
0.53705000 0.11099890
0.53700000 0.11095685
0.53695000 0.11091457
0.53690000 0.11087206
0.53685000 0.11082931
0.53680000 0.11078633
0.53675000 0.11074311
0.53670000 0.11069966
0.53665000 0.11065598
0.53660000 0.11061206
0.53655000 0.11056791
0.53650000 0.11052352
0.53645000 0.11047890
0.53640000 0.11043405
0.53635000 0.11038896
0.53630000 0.11034364
0.53625000 0.11029808
0.53620000 0.11028980
0.53615000 0.11035157
0.53610000 0.11041312
0.53605000 0.11047445
0.53600000 0.11053556
0.53595000 0.11059645
0.53590000 0.11065713
0.53585000 0.11071759
0.53580000 0.11077782
0.53575000 0.11083784
0.53570000 0.11089764
0.53565000 0.11095722
0.53560000 0.11101658
0.53555000 0.11107572
0.53550000 0.11113464
0.53545000 0.11119335
0.53540000 0.11125183
0.53535000 0.11131009
0.53530000 0.11136813
0.53525000 0.11142596
0.53520000 0.11148356
0.53515000 0.11154094
0.53510000 0.11159810
0.53505000 0.11165505
0.53500000 0.11171177
0.53495000 0.11176827
0.53490000 0.11182455
0.53485000 0.11188061
0.53480000 0.11193645
0.53475000 0.11199207
0.53470000 0.11204747
0.53465000 0.11210264
0.53460000 0.11215760
0.53455000 0.11221234
0.53450000 0.11226685
0.53445000 0.11232114
0.53440000 0.11237521
0.53435000 0.11242906
0.53430000 0.11248269
0.53425000 0.11253610
0.53420000 0.11258928
0.53415000 0.11264225
0.53410000 0.11269499
0.53405000 0.11274751
0.53400000 0.11279980
0.53395000 0.11285188
0.53390000 0.11290373
0.53385000 0.11295536
0.53380000 0.11300677
0.53375000 0.11305796
0.53370000 0.11310892
0.53365000 0.11315966
0.53360000 0.11321018
0.53355000 0.11326047
0.53350000 0.11331055
0.53345000 0.11336040
0.53340000 0.11341002
0.53335000 0.11345943
0.53330000 0.11350861
0.53325000 0.11355756
0.53320000 0.11360629
0.53315000 0.11365480
0.53310000 0.11370309
0.53305000 0.11375115
0.53300000 0.11379899
0.53295000 0.11384661
0.53290000 0.11389400
0.53285000 0.11394117
0.53280000 0.11398811
0.53275000 0.11403483
0.53270000 0.11408132
0.53265000 0.11412759
0.53260000 0.11417364
0.53255000 0.11421946
0.53250000 0.11426506
0.53245000 0.11431043
0.53240000 0.11435558
0.53235000 0.11440050
0.53230000 0.11444520
0.53225000 0.11448967
0.53220000 0.11453392
0.53215000 0.11457794
0.53210000 0.11462174
0.53205000 0.11466531
0.53200000 0.11470866
0.53195000 0.11475178
0.53190000 0.11479468
0.53185000 0.11483735
0.53180000 0.11487979
0.53175000 0.11492201
0.53170000 0.11496401
0.53165000 0.11500577
0.53160000 0.11504731
0.53155000 0.11508863
0.53150000 0.11512972
0.53145000 0.11517058
0.53140000 0.11521121
0.53135000 0.11525162
0.53130000 0.11529181
0.53125000 0.11533176
0.53120000 0.11537149
0.53115000 0.11541100
0.53110000 0.11545027
0.53105000 0.11548932
0.53100000 0.11552814
0.53095000 0.11556674
0.53090000 0.11560510
0.53085000 0.11564324
0.53080000 0.11568116
0.53075000 0.11571884
0.53070000 0.11575630
0.53065000 0.11579353
0.53060000 0.11583053
0.53055000 0.11586731
0.53050000 0.11590385
0.53045000 0.11594017
0.53040000 0.11597626
0.53035000 0.11601213
0.53030000 0.11604776
0.53025000 0.11608317
0.53020000 0.11611835
0.53015000 0.11615329
0.53010000 0.11618802
0.53005000 0.11622251
0.53000000 0.11625677
0.52995000 0.11629081
0.52990000 0.11632461
0.52985000 0.11635819
0.52980000 0.11639154
0.52975000 0.11642466
0.52970000 0.11645755
0.52965000 0.11649021
0.52960000 0.11652264
0.52955000 0.11655484
0.52950000 0.11658681
0.52945000 0.11661855
0.52940000 0.11665007
0.52935000 0.11668135
0.52930000 0.11671240
0.52925000 0.11674323
0.52920000 0.11677382
0.52915000 0.11680418
0.52910000 0.11683432
0.52905000 0.11686422
0.52900000 0.11689389
0.52895000 0.11692333
0.52890000 0.11695254
0.52885000 0.11698152
0.52880000 0.11701028
0.52875000 0.11703879
0.52870000 0.11706708
0.52865000 0.11709514
0.52860000 0.11712297
0.52855000 0.11715056
0.52850000 0.11717793
0.52845000 0.11720506
0.52840000 0.11723196
0.52835000 0.11725864
0.52830000 0.11728507
0.52825000 0.11731128
0.52820000 0.11733726
0.52815000 0.11736300
0.52810000 0.11738852
0.52805000 0.11741380
0.52800000 0.11743884
0.52795000 0.11746366
0.52790000 0.11748825
0.52785000 0.11751260
0.52780000 0.11753672
0.52775000 0.11756061
0.52770000 0.11758426
0.52765000 0.11760768
0.52760000 0.11763088
0.52755000 0.11765383
0.52750000 0.11767656
0.52745000 0.11769905
0.52740000 0.11772131
0.52735000 0.11774333
0.52730000 0.11776513
0.52725000 0.11778669
0.52720000 0.11780801
0.52715000 0.11782911
0.52710000 0.11784997
0.52705000 0.11787059
0.52700000 0.11789099
0.52695000 0.11791114
0.52690000 0.11793107
0.52685000 0.11795076
0.52680000 0.11797022
0.52675000 0.11798944
0.52670000 0.11800843
0.52665000 0.11802719
0.52660000 0.11804571
0.52655000 0.11806400
0.52650000 0.11808205
0.52645000 0.11809987
0.52640000 0.11811745
0.52635000 0.11813480
0.52630000 0.11815191
0.52625000 0.11816879
0.52620000 0.11818544
0.52615000 0.11820185
0.52610000 0.11821802
0.52605000 0.11823396
0.52600000 0.11824967
0.52595000 0.11826514
0.52590000 0.11828037
0.52585000 0.11829537
0.52580000 0.11831013
0.52575000 0.11832466
0.52570000 0.11833895
0.52565000 0.11835301
0.52560000 0.11836683
0.52555000 0.11838041
0.52550000 0.11839376
0.52545000 0.11840687
0.52540000 0.11841975
0.52535000 0.11843239
0.52530000 0.11844479
0.52525000 0.11845696
0.52520000 0.11846889
0.52515000 0.11848059
0.52510000 0.11849205
0.52505000 0.11850327
0.52500000 0.11851425
0.52495000 0.11852500
0.52490000 0.11853551
0.52485000 0.11854578
0.52480000 0.11855582
0.52475000 0.11856562
0.52470000 0.11857518
0.52465000 0.11858451
0.52460000 0.11859359
0.52455000 0.11860244
0.52450000 0.11861106
0.52445000 0.11861943
0.52440000 0.11862757
0.52435000 0.11863547
0.52430000 0.11864313
0.52425000 0.11865055
0.52420000 0.11865774
0.52415000 0.11866469
0.52410000 0.11867140
0.52405000 0.11867787
0.52400000 0.11868410
0.52395000 0.11869010
0.52390000 0.11869585
0.52385000 0.11870137
0.52380000 0.11870665
0.52375000 0.11871169
0.52370000 0.11871649
0.52365000 0.11872105
0.52360000 0.11872537
0.52355000 0.11872946
0.52350000 0.11873330
0.52345000 0.11873691
0.52340000 0.11874028
0.52335000 0.11874340
0.52330000 0.11874629
0.52325000 0.11874894
0.52320000 0.11875135
0.52315000 0.11875352
0.52310000 0.11875545
0.52305000 0.11875714
0.52300000 0.11875859
0.52295000 0.11875980
0.52290000 0.11876077
0.52285000 0.11876150
0.52280000 0.11876199
0.52275000 0.11876224
0.52270000 0.11876225
0.52265000 0.11876201
0.52260000 0.11876154
0.52255000 0.11876083
0.52250000 0.11875988
0.52245000 0.11875868
0.52240000 0.11875725
0.52235000 0.11875557
0.52230000 0.11875365
0.52225000 0.11875150
0.52220000 0.11874910
0.52215000 0.11874646
0.52210000 0.11874357
0.52205000 0.11874045
0.52200000 0.11873709
0.52195000 0.11873348
0.52190000 0.11872963
0.52185000 0.11872554
0.52180000 0.11872121
0.52175000 0.11871664
0.52170000 0.11871183
0.52165000 0.11870677
0.52160000 0.11870147
0.52155000 0.11869593
0.52150000 0.11869015
0.52145000 0.11868412
0.52140000 0.11867785
0.52135000 0.11867134
0.52130000 0.11866459
0.52125000 0.11865760
0.52120000 0.11865036
0.52115000 0.11864288
0.52110000 0.11863515
0.52105000 0.11862719
0.52100000 0.11861898
0.52095000 0.11861053
0.52090000 0.11860183
0.52085000 0.11859289
0.52080000 0.11858371
0.52075000 0.11857428
0.52070000 0.11856461
0.52065000 0.11855470
0.52060000 0.11854455
0.52055000 0.11853415
0.52050000 0.11852350
0.52045000 0.11851262
0.52040000 0.11850148
0.52035000 0.11849011
0.52030000 0.11847849
0.52025000 0.11846663
0.52020000 0.11845452
0.52015000 0.11844217
0.52010000 0.11842957
0.52005000 0.11841673
0.52000000 0.11840365
0.51995000 0.11839032
0.51990000 0.11837674
0.51985000 0.11836292
0.51980000 0.11834886
0.51975000 0.11833455
0.51970000 0.11832000
0.51965000 0.11830520
0.51960000 0.11829015
0.51955000 0.11827486
0.51950000 0.11825933
0.51945000 0.11824355
0.51940000 0.11822753
0.51935000 0.11821125
0.51930000 0.11819474
0.51925000 0.11817798
0.51920000 0.11816097
0.51915000 0.11814372
0.51910000 0.11812622
0.51905000 0.11810847
0.51900000 0.11809048
0.51895000 0.11807224
0.51890000 0.11805376
0.51885000 0.11803503
0.51880000 0.11801605
0.51875000 0.11799683
0.51870000 0.11797736
0.51865000 0.11795765
0.51860000 0.11793769
0.51855000 0.11791748
0.51850000 0.11789702
0.51845000 0.11787632
0.51840000 0.11785537
0.51835000 0.11783417
0.51830000 0.11781273
0.51825000 0.11779104
0.51820000 0.11776910
0.51815000 0.11774692
0.51810000 0.11772449
0.51805000 0.11770181
0.51800000 0.11767888
0.51795000 0.11765570
0.51790000 0.11763228
0.51785000 0.11760861
0.51780000 0.11758469
0.51775000 0.11756053
0.51770000 0.11753611
0.51765000 0.11751145
0.51760000 0.11748654
0.51755000 0.11746138
0.51750000 0.11743598
0.51745000 0.11741032
0.51740000 0.11738442
0.51735000 0.11735827
0.51730000 0.11733187
0.51725000 0.11730522
0.51720000 0.11727832
0.51715000 0.11725117
0.51710000 0.11722378
0.51705000 0.11719614
0.51700000 0.11716824
0.51695000 0.11714010
0.51690000 0.11711171
0.51685000 0.11708307
0.51680000 0.11705418
0.51675000 0.11702504
0.51670000 0.11699565
0.51665000 0.11696601
0.51660000 0.11693612
0.51655000 0.11690599
0.51650000 0.11687560
0.51645000 0.11684496
0.51640000 0.11681408
0.51635000 0.11678294
0.51630000 0.11675155
0.51625000 0.11671991
0.51620000 0.11668803
0.51615000 0.11665589
0.51610000 0.11662350
0.51605000 0.11659086
0.51600000 0.11655798
0.51595000 0.11652484
0.51590000 0.11649145
0.51585000 0.11645781
0.51580000 0.11642392
0.51575000 0.11638977
0.51570000 0.11635538
0.51565000 0.11632074
0.51560000 0.11628584
0.51555000 0.11625070
0.51550000 0.11621530
0.51545000 0.11617965
0.51540000 0.11614375
0.51535000 0.11610760
0.51530000 0.11607120
0.51525000 0.11603454
0.51520000 0.11599763
0.51515000 0.11596048
0.51510000 0.11592307
0.51505000 0.11588541
0.51500000 0.11584749
0.51495000 0.11580933
0.51490000 0.11577091
0.51485000 0.11573224
0.51480000 0.11569332
0.51475000 0.11565414
0.51470000 0.11561472
0.51465000 0.11557504
0.51460000 0.11553511
0.51455000 0.11549492
0.51450000 0.11545449
0.51445000 0.11541380
0.51440000 0.11537286
0.51435000 0.11533166
0.51430000 0.11529021
0.51425000 0.11524851
0.51420000 0.11520656
0.51415000 0.11516435
0.51410000 0.11512189
0.51405000 0.11507918
0.51400000 0.11503621
0.51395000 0.11499299
0.51390000 0.11494951
0.51385000 0.11490579
0.51380000 0.11486181
0.51375000 0.11481757
0.51370000 0.11477308
0.51365000 0.11472834
0.51360000 0.11468334
0.51355000 0.11463809
0.51350000 0.11459259
0.51345000 0.11454683
0.51340000 0.11450082
0.51335000 0.11445455
0.51330000 0.11440803
0.51325000 0.11436125
0.51320000 0.11431422
0.51315000 0.11426693
0.51310000 0.11421939
0.51305000 0.11417160
0.51300000 0.11412355
0.51295000 0.11407524
0.51290000 0.11402669
0.51285000 0.11397787
0.51280000 0.11392880
0.51275000 0.11387948
0.51270000 0.11382990
0.51265000 0.11378006
0.51260000 0.11372997
0.51255000 0.11367963
0.51250000 0.11362902
0.51245000 0.11357817
0.51240000 0.11352705
0.51235000 0.11347569
0.51230000 0.11342406
0.51225000 0.11337218
0.51220000 0.11332005
0.51215000 0.11326765
0.51210000 0.11321501
0.51205000 0.11323832
0.51200000 0.11330465
0.51195000 0.11337073
0.51190000 0.11343656
0.51185000 0.11350215
0.51180000 0.11356749
0.51175000 0.11363259
0.51170000 0.11369745
0.51165000 0.11376206
0.51160000 0.11382643
0.51155000 0.11389055
0.51150000 0.11395443
0.51145000 0.11401806
0.51140000 0.11408144
0.51135000 0.11414458
0.51130000 0.11420748
0.51125000 0.11427013
0.51120000 0.11433253
0.51115000 0.11439469
0.51110000 0.11445661
0.51105000 0.11451828
0.51100000 0.11457970
0.51095000 0.11464087
0.51090000 0.11470181
0.51085000 0.11476249
0.51080000 0.11482293
0.51075000 0.11488312
0.51070000 0.11494307
0.51065000 0.11500277
0.51060000 0.11506222
0.51055000 0.11512143
0.51050000 0.11518039
0.51045000 0.11523910
0.51040000 0.11529757
0.51035000 0.11535579
0.51030000 0.11541376
0.51025000 0.11547149
0.51020000 0.11552897
0.51015000 0.11558620
0.51010000 0.11564319
0.51005000 0.11569993
0.51000000 0.11575642
0.50995000 0.11581266
0.50990000 0.11586866
0.50985000 0.11592441
0.50980000 0.11597991
0.50975000 0.11603516
0.50970000 0.11609017
0.50965000 0.11614493
0.50960000 0.11619944
0.50955000 0.11625370
0.50950000 0.11630771
0.50945000 0.11636148
0.50940000 0.11641500
0.50935000 0.11646827
0.50930000 0.11652129
0.50925000 0.11657406
0.50920000 0.11662658
0.50915000 0.11667886
0.50910000 0.11673089
0.50905000 0.11678267
0.50900000 0.11683419
0.50895000 0.11688548
0.50890000 0.11693651
0.50885000 0.11698729
0.50880000 0.11703782
0.50875000 0.11708811
0.50870000 0.11713814
0.50865000 0.11718793
0.50860000 0.11723746
0.50855000 0.11728675
0.50850000 0.11733579
0.50845000 0.11738458
0.50840000 0.11743311
0.50835000 0.11748140
0.50830000 0.11752944
0.50825000 0.11757723
0.50820000 0.11762477
0.50815000 0.11767205
0.50810000 0.11771909
0.50805000 0.11776588
0.50800000 0.11781242
0.50795000 0.11785870
0.50790000 0.11790474
0.50785000 0.11795053
0.50780000 0.11799606
0.50775000 0.11804135
0.50770000 0.11808638
0.50765000 0.11813116
0.50760000 0.11817570
0.50755000 0.11821998
0.50750000 0.11826401
0.50745000 0.11830779
0.50740000 0.11835131
0.50735000 0.11839459
0.50730000 0.11843762
0.50725000 0.11848039
0.50720000 0.11852291
0.50715000 0.11856518
0.50710000 0.11860720
0.50705000 0.11864897
0.50700000 0.11869048
0.50695000 0.11873175
0.50690000 0.11877276
0.50685000 0.11881352
0.50680000 0.11885403
0.50675000 0.11889428
0.50670000 0.11893428
0.50665000 0.11897403
0.50660000 0.11901353
0.50655000 0.11905278
0.50650000 0.11909177
0.50645000 0.11913051
0.50640000 0.11916900
0.50635000 0.11920723
0.50630000 0.11924522
0.50625000 0.11928295
0.50620000 0.11932042
0.50615000 0.11935764
0.50610000 0.11939461
0.50605000 0.11943133
0.50600000 0.11946780
0.50595000 0.11950401
0.50590000 0.11953996
0.50585000 0.11957567
0.50580000 0.11961111
0.50575000 0.11964631
0.50570000 0.11968125
0.50565000 0.11971594
0.50560000 0.11975038
0.50555000 0.11978456
0.50550000 0.11981848
0.50545000 0.11985216
0.50540000 0.11988557
0.50535000 0.11991874
0.50530000 0.11995165
0.50525000 0.11998430
0.50520000 0.12001670
0.50515000 0.12004885
0.50510000 0.12008074
0.50505000 0.12011238
0.50500000 0.12014376
0.50495000 0.12017489
0.50490000 0.12020576
0.50485000 0.12023638
0.50480000 0.12026674
0.50475000 0.12029685
0.50470000 0.12032670
0.50465000 0.12035630
0.50460000 0.12038564
0.50455000 0.12041473
0.50450000 0.12044356
0.50445000 0.12047213
0.50440000 0.12050045
0.50435000 0.12052851
0.50430000 0.12055632
0.50425000 0.12058388
0.50420000 0.12061117
0.50415000 0.12063821
0.50410000 0.12066500
0.50405000 0.12069152
0.50400000 0.12071780
0.50395000 0.12074381
0.50390000 0.12076957
0.50385000 0.12079507
0.50380000 0.12082032
0.50375000 0.12084531
0.50370000 0.12087004
0.50365000 0.12089452
0.50360000 0.12091874
0.50355000 0.12094270
0.50350000 0.12096641
0.50345000 0.12098986
0.50340000 0.12101305
0.50335000 0.12103598
0.50330000 0.12105866
0.50325000 0.12108108
0.50320000 0.12110324
0.50315000 0.12112515
0.50310000 0.12114680
0.50305000 0.12116819
0.50300000 0.12118932
0.50295000 0.12121019
0.50290000 0.12123081
0.50285000 0.12125117
0.50280000 0.12127127
0.50275000 0.12129112
0.50270000 0.12131070
0.50265000 0.12133003
0.50260000 0.12134910
0.50255000 0.12136791
0.50250000 0.12138646
0.50245000 0.12140475
0.50240000 0.12142279
0.50235000 0.12144057
0.50230000 0.12145808
0.50225000 0.12147534
0.50220000 0.12149234
0.50215000 0.12150909
0.50210000 0.12152557
0.50205000 0.12154179
0.50200000 0.12155776
0.50195000 0.12157346
0.50190000 0.12158891
0.50185000 0.12160410
0.50180000 0.12161903
0.50175000 0.12163369
0.50170000 0.12164810
0.50165000 0.12166225
0.50160000 0.12167614
0.50155000 0.12168977
0.50150000 0.12170314
0.50145000 0.12171625
0.50140000 0.12172910
0.50135000 0.12174169
0.50130000 0.12175402
0.50125000 0.12176610
0.50120000 0.12177791
0.50115000 0.12178946
0.50110000 0.12180075
0.50105000 0.12181177
0.50100000 0.12182254
0.50095000 0.12183305
0.50090000 0.12184330
0.50085000 0.12185329
0.50080000 0.12186301
0.50075000 0.12187248
0.50070000 0.12188168
0.50065000 0.12189063
0.50060000 0.12189931
0.50055000 0.12190773
0.50050000 0.12191589
0.50045000 0.12192379
0.50040000 0.12193143
0.50035000 0.12193880
0.50030000 0.12194592
0.50025000 0.12195277
0.50020000 0.12195936
0.50015000 0.12196569
0.50010000 0.12197176
0.50005000 0.12197757
0.50000000 0.12198311
0.49995000 0.12198840
0.49990000 0.12199342
0.49985000 0.12199818
0.49980000 0.12200267
0.49975000 0.12200691
0.49970000 0.12201088
0.49965000 0.12201459
0.49960000 0.12201804
0.49955000 0.12202122
0.49950000 0.12202415
0.49945000 0.12202681
0.49940000 0.12202920
0.49935000 0.12203134
0.49930000 0.12203321
0.49925000 0.12203482
0.49920000 0.12203616
0.49915000 0.12203725
0.49910000 0.12203807
0.49905000 0.12203862
0.49900000 0.12203892
0.49895000 0.12203895
0.49890000 0.12203871
0.49885000 0.12203822
0.49880000 0.12203746
0.49875000 0.12203643
0.49870000 0.12203515
0.49865000 0.12203359
0.49860000 0.12203178
0.49855000 0.12202970
0.49850000 0.12202736
0.49845000 0.12202475
0.49840000 0.12202188
0.49835000 0.12201875
0.49830000 0.12201535
0.49825000 0.12201168
0.49820000 0.12200776
0.49815000 0.12200356
0.49810000 0.12199911
0.49805000 0.12199439
0.49800000 0.12198940
0.49795000 0.12198415
0.49790000 0.12197864
0.49785000 0.12197286
0.49780000 0.12196681
0.49775000 0.12196050
0.49770000 0.12195393
0.49765000 0.12194709
0.49760000 0.12193998
0.49755000 0.12193261
0.49750000 0.12192498
0.49745000 0.12191708
0.49740000 0.12190891
0.49735000 0.12190048
0.49730000 0.12189178
0.49725000 0.12188282
0.49720000 0.12187359
0.49715000 0.12186410
0.49710000 0.12185434
0.49705000 0.12184431
0.49700000 0.12183402
0.49695000 0.12182347
0.49690000 0.12181264
0.49685000 0.12180155
0.49680000 0.12179020
0.49675000 0.12177857
0.49670000 0.12176669
0.49665000 0.12175453
0.49660000 0.12174211
0.49655000 0.12172942
0.49650000 0.12171647
0.49645000 0.12170325
0.49640000 0.12168976
0.49635000 0.12167600
0.49630000 0.12166198
0.49625000 0.12164769
0.49620000 0.12163314
0.49615000 0.12161832
0.49610000 0.12160323
0.49605000 0.12158787
0.49600000 0.12157225
0.49595000 0.12155636
0.49590000 0.12154020
0.49585000 0.12152377
0.49580000 0.12150708
0.49575000 0.12149012
0.49570000 0.12147289
0.49565000 0.12145539
0.49560000 0.12143763
0.49555000 0.12141959
0.49550000 0.12140129
0.49545000 0.12138273
0.49540000 0.12136389
0.49535000 0.12134479
0.49530000 0.12132541
0.49525000 0.12130577
0.49520000 0.12128586
0.49515000 0.12126569
0.49510000 0.12124524
0.49505000 0.12122453
0.49500000 0.12120354
0.49495000 0.12118229
0.49490000 0.12116077
0.49485000 0.12113898
0.49480000 0.12111693
0.49475000 0.12109460
0.49470000 0.12107200
0.49465000 0.12104914
0.49460000 0.12102600
0.49455000 0.12100260
0.49450000 0.12097893
0.49445000 0.12095499
0.49440000 0.12093078
0.49435000 0.12090630
0.49430000 0.12088155
0.49425000 0.12085653
0.49420000 0.12083124
0.49415000 0.12080568
0.49410000 0.12077985
0.49405000 0.12075376
0.49400000 0.12072739
0.49395000 0.12070075
0.49390000 0.12067384
0.49385000 0.12064667
0.49380000 0.12061922
0.49375000 0.12059150
0.49370000 0.12056351
0.49365000 0.12053525
0.49360000 0.12050672
0.49355000 0.12047792
0.49350000 0.12044886
0.49345000 0.12041951
0.49340000 0.12038990
0.49335000 0.12036002
0.49330000 0.12032987
0.49325000 0.12029945
0.49320000 0.12026875
0.49315000 0.12023779
0.49310000 0.12020655
0.49305000 0.12017504
0.49300000 0.12014327
0.49295000 0.12011122
0.49290000 0.12007890
0.49285000 0.12004630
0.49280000 0.12001344
0.49275000 0.11998030
0.49270000 0.11994690
0.49265000 0.11991322
0.49260000 0.11987927
0.49255000 0.11984505
0.49250000 0.11981056
0.49245000 0.11977579
0.49240000 0.11974075
0.49235000 0.11970545
0.49230000 0.11966986
0.49225000 0.11963401
0.49220000 0.11959789
0.49215000 0.11956149
0.49210000 0.11952482
0.49205000 0.11948788
0.49200000 0.11945066
0.49195000 0.11941318
0.49190000 0.11937542
0.49185000 0.11933739
0.49180000 0.11929908
0.49175000 0.11926050
0.49170000 0.11922165
0.49165000 0.11918253
0.49160000 0.11914314
0.49155000 0.11910347
0.49150000 0.11906353
0.49145000 0.11902331
0.49140000 0.11898282
0.49135000 0.11894206
0.49130000 0.11890103
0.49125000 0.11885972
0.49120000 0.11881814
0.49115000 0.11877628
0.49110000 0.11873416
0.49105000 0.11869175
0.49100000 0.11864908
0.49095000 0.11860613
0.49090000 0.11856291
0.49085000 0.11851941
0.49080000 0.11847564
0.49075000 0.11843160
0.49070000 0.11838728
0.49065000 0.11834269
0.49060000 0.11829782
0.49055000 0.11825268
0.49050000 0.11820726
0.49045000 0.11816157
0.49040000 0.11811561
0.49035000 0.11806937
0.49030000 0.11802286
0.49025000 0.11797607
0.49020000 0.11792901
0.49015000 0.11788167
0.49010000 0.11783406
0.49005000 0.11778618
0.49000000 0.11773802
0.48995000 0.11768958
0.48990000 0.11764087
0.48985000 0.11759188
0.48980000 0.11754262
0.48975000 0.11749309
0.48970000 0.11744327
0.48965000 0.11739319
0.48960000 0.11734283
0.48955000 0.11729219
0.48950000 0.11724128
0.48945000 0.11719009
0.48940000 0.11713862
0.48935000 0.11708688
0.48930000 0.11703487
0.48925000 0.11698258
0.48920000 0.11693001
0.48915000 0.11687717
0.48910000 0.11682405
0.48905000 0.11677065
0.48900000 0.11671698
0.48895000 0.11666303
0.48890000 0.11660881
0.48885000 0.11655431
0.48880000 0.11649954
0.48875000 0.11644448
0.48870000 0.11638916
0.48865000 0.11633355
0.48860000 0.11627767
0.48855000 0.11622151
0.48850000 0.11616507
0.48845000 0.11610836
0.48840000 0.11605137
0.48835000 0.11599411
0.48830000 0.11593657
0.48825000 0.11587875
0.48820000 0.11582065
0.48815000 0.11576228
0.48810000 0.11570363
0.48805000 0.11564470
0.48800000 0.11558549
0.48795000 0.11552601
0.48790000 0.11551368
0.48785000 0.11558466
0.48780000 0.11565538
0.48775000 0.11572582
0.48770000 0.11579599
0.48765000 0.11586589
0.48760000 0.11593552
0.48755000 0.11600487
0.48750000 0.11607396
0.48745000 0.11614277
0.48740000 0.11621132
0.48735000 0.11627959
0.48730000 0.11634759
0.48725000 0.11641532
0.48720000 0.11648278
0.48715000 0.11654996
0.48710000 0.11661688
0.48705000 0.11668352
0.48700000 0.11674989
0.48695000 0.11681599
0.48690000 0.11688182
0.48685000 0.11694737
0.48680000 0.11701265
0.48675000 0.11707766
0.48670000 0.11714240
0.48665000 0.11720687
0.48660000 0.11727106
0.48655000 0.11733498
0.48650000 0.11739863
0.48645000 0.11746201
0.48640000 0.11752511
0.48635000 0.11758794
0.48630000 0.11765050
0.48625000 0.11771278
0.48620000 0.11777480
0.48615000 0.11783653
0.48610000 0.11789800
0.48605000 0.11795919
0.48600000 0.11802011
0.48595000 0.11808076
0.48590000 0.11814113
0.48585000 0.11820123
0.48580000 0.11826106
0.48575000 0.11832061
0.48570000 0.11837989
0.48565000 0.11843890
0.48560000 0.11849763
0.48555000 0.11855609
0.48550000 0.11861427
0.48545000 0.11867218
0.48540000 0.11872982
0.48535000 0.11878718
0.48530000 0.11884427
0.48525000 0.11890108
0.48520000 0.11895762
0.48515000 0.11901389
0.48510000 0.11906988
0.48505000 0.11912560
0.48500000 0.11918104
0.48495000 0.11923621
0.48490000 0.11929110
0.48485000 0.11934572
0.48480000 0.11940006
0.48475000 0.11945413
0.48470000 0.11950793
0.48465000 0.11956144
0.48460000 0.11961469
0.48455000 0.11966766
0.48450000 0.11972035
0.48445000 0.11977277
0.48440000 0.11982491
0.48435000 0.11987678
0.48430000 0.11992838
0.48425000 0.11997969
0.48420000 0.12003074
0.48415000 0.12008150
0.48410000 0.12013199
0.48405000 0.12018221
0.48400000 0.12023215
0.48395000 0.12028181
0.48390000 0.12033120
0.48385000 0.12038031
0.48380000 0.12042914
0.48375000 0.12047770
0.48370000 0.12052599
0.48365000 0.12057399
0.48360000 0.12062173
0.48355000 0.12066918
0.48350000 0.12071636
0.48345000 0.12076326
0.48340000 0.12080988
0.48335000 0.12085623
0.48330000 0.12090231
0.48325000 0.12094810
0.48320000 0.12099362
0.48315000 0.12103886
0.48310000 0.12108382
0.48305000 0.12112851
0.48300000 0.12117292
0.48295000 0.12121706
0.48290000 0.12126091
0.48285000 0.12130449
0.48280000 0.12134779
0.48275000 0.12139082
0.48270000 0.12143357
0.48265000 0.12147603
0.48260000 0.12151823
0.48255000 0.12156014
0.48250000 0.12160178
0.48245000 0.12164314
0.48240000 0.12168422
0.48235000 0.12172502
0.48230000 0.12176555
0.48225000 0.12180579
0.48220000 0.12184576
0.48215000 0.12188545
0.48210000 0.12192487
0.48205000 0.12196400
0.48200000 0.12200286
0.48195000 0.12204144
0.48190000 0.12207974
0.48185000 0.12211776
0.48180000 0.12215550
0.48175000 0.12219297
0.48170000 0.12223015
0.48165000 0.12226706
0.48160000 0.12230369
0.48155000 0.12234004
0.48150000 0.12237611
0.48145000 0.12241190
0.48140000 0.12244741
0.48135000 0.12248264
0.48130000 0.12251760
0.48125000 0.12255227
0.48120000 0.12258667
0.48115000 0.12262078
0.48110000 0.12265462
0.48105000 0.12268818
0.48100000 0.12272146
0.48095000 0.12275445
0.48090000 0.12278717
0.48085000 0.12281961
0.48080000 0.12285177
0.48075000 0.12288365
0.48070000 0.12291525
0.48065000 0.12294657
0.48060000 0.12297761
0.48055000 0.12300837
0.48050000 0.12303885
0.48045000 0.12306905
0.48040000 0.12309897
0.48035000 0.12312860
0.48030000 0.12315796
0.48025000 0.12318704
0.48020000 0.12321584
0.48015000 0.12324435
0.48010000 0.12327259
0.48005000 0.12330054
0.48000000 0.12332822
0.47995000 0.12335561
0.47990000 0.12338273
0.47985000 0.12340956
0.47980000 0.12343611
0.47975000 0.12346238
0.47970000 0.12348837
0.47965000 0.12351408
0.47960000 0.12353950
0.47955000 0.12356465
0.47950000 0.12358951
0.47945000 0.12361409
0.47940000 0.12363839
0.47935000 0.12366241
0.47930000 0.12368615
0.47925000 0.12370961
0.47920000 0.12373278
0.47915000 0.12375568
0.47910000 0.12377829
0.47905000 0.12380062
0.47900000 0.12382266
0.47895000 0.12384443
0.47890000 0.12386591
0.47885000 0.12388711
0.47880000 0.12390803
0.47875000 0.12392867
0.47870000 0.12394902
0.47865000 0.12396909
0.47860000 0.12398888
0.47855000 0.12400839
0.47850000 0.12402761
0.47845000 0.12404656
0.47840000 0.12406522
0.47835000 0.12408359
0.47830000 0.12410169
0.47825000 0.12411950
0.47820000 0.12413702
0.47815000 0.12415427
0.47810000 0.12417123
0.47805000 0.12418791
0.47800000 0.12420431
0.47795000 0.12422042
0.47790000 0.12423625
0.47785000 0.12425180
0.47780000 0.12426706
0.47775000 0.12428204
0.47770000 0.12429673
0.47765000 0.12431115
0.47760000 0.12432528
0.47755000 0.12433912
0.47750000 0.12435268
0.47745000 0.12436596
0.47740000 0.12437895
0.47735000 0.12439166
0.47730000 0.12440409
0.47725000 0.12441623
0.47720000 0.12442809
0.47715000 0.12443967
0.47710000 0.12445095
0.47705000 0.12446196
0.47700000 0.12447268
0.47695000 0.12448312
0.47690000 0.12449327
0.47685000 0.12450314
0.47680000 0.12451272
0.47675000 0.12452202
0.47670000 0.12453104
0.47665000 0.12453977
0.47660000 0.12454821
0.47655000 0.12455637
0.47650000 0.12456425
0.47645000 0.12457184
0.47640000 0.12457914
0.47635000 0.12458616
0.47630000 0.12459290
0.47625000 0.12459935
0.47620000 0.12460552
0.47615000 0.12461139
0.47610000 0.12461699
0.47605000 0.12462230
0.47600000 0.12462732
0.47595000 0.12463206
0.47590000 0.12463651
0.47585000 0.12464068
0.47580000 0.12464456
0.47575000 0.12464816
0.47570000 0.12465147
0.47565000 0.12465449
0.47560000 0.12465723
0.47555000 0.12465968
0.47550000 0.12466185
0.47545000 0.12466373
0.47540000 0.12466532
0.47535000 0.12466663
0.47530000 0.12466765
0.47525000 0.12466839
0.47520000 0.12466884
0.47515000 0.12466900
0.47510000 0.12466888
0.47505000 0.12466847
0.47500000 0.12466777
0.47495000 0.12466679
0.47490000 0.12466552
0.47485000 0.12466396
0.47480000 0.12466212
0.47475000 0.12465999
0.47470000 0.12465757
0.47465000 0.12465487
0.47460000 0.12465188
0.47455000 0.12464860
0.47450000 0.12464503
0.47445000 0.12464118
0.47440000 0.12463704
0.47435000 0.12463262
0.47430000 0.12462790
0.47425000 0.12462290
0.47420000 0.12461761
0.47415000 0.12461203
0.47410000 0.12460617
0.47405000 0.12460002
0.47400000 0.12459358
0.47395000 0.12458685
0.47390000 0.12457984
0.47385000 0.12457254
0.47380000 0.12456495
0.47375000 0.12455707
0.47370000 0.12454890
0.47365000 0.12454045
0.47360000 0.12453171
0.47355000 0.12452267
0.47350000 0.12451336
0.47345000 0.12450375
0.47340000 0.12449385
0.47335000 0.12448367
0.47330000 0.12447320
0.47325000 0.12446244
0.47320000 0.12445139
0.47315000 0.12444005
0.47310000 0.12442843
0.47305000 0.12441651
0.47300000 0.12440431
0.47295000 0.12439181
0.47290000 0.12437903
0.47285000 0.12436596
0.47280000 0.12435260
0.47275000 0.12433896
0.47270000 0.12432502
0.47265000 0.12431079
0.47260000 0.12429628
0.47255000 0.12428147
0.47250000 0.12426638
0.47245000 0.12425099
0.47240000 0.12423532
0.47235000 0.12421936
0.47230000 0.12420311
0.47225000 0.12418657
0.47220000 0.12416974
0.47215000 0.12415262
0.47210000 0.12413521
0.47205000 0.12411751
0.47200000 0.12409952
0.47195000 0.12408124
0.47190000 0.12406267
0.47185000 0.12404381
0.47180000 0.12402466
0.47175000 0.12400522
0.47170000 0.12398549
0.47165000 0.12396547
0.47160000 0.12394516
0.47155000 0.12392456
0.47150000 0.12390367
0.47145000 0.12388249
0.47140000 0.12386102
0.47135000 0.12383925
0.47130000 0.12381720
0.47125000 0.12379486
0.47120000 0.12377223
0.47115000 0.12374930
0.47110000 0.12372609
0.47105000 0.12370258
0.47100000 0.12367878
0.47095000 0.12365470
0.47090000 0.12363032
0.47085000 0.12360565
0.47080000 0.12358069
0.47075000 0.12355543
0.47070000 0.12352989
0.47065000 0.12350406
0.47060000 0.12347793
0.47055000 0.12345151
0.47050000 0.12342481
0.47045000 0.12339781
0.47040000 0.12337052
0.47035000 0.12334293
0.47030000 0.12331506
0.47025000 0.12328689
0.47020000 0.12325844
0.47015000 0.12322969
0.47010000 0.12320065
0.47005000 0.12317131
0.47000000 0.12314169
0.46995000 0.12311177
0.46990000 0.12308156
0.46985000 0.12305106
0.46980000 0.12302027
0.46975000 0.12298918
0.46970000 0.12295781
0.46965000 0.12292614
0.46960000 0.12289418
0.46955000 0.12286192
0.46950000 0.12282937
0.46945000 0.12279654
0.46940000 0.12276340
0.46935000 0.12272998
0.46930000 0.12269626
0.46925000 0.12266226
0.46920000 0.12262795
0.46915000 0.12259336
0.46910000 0.12255847
0.46905000 0.12252329
0.46900000 0.12248782
0.46895000 0.12245205
0.46890000 0.12241599
0.46885000 0.12237964
0.46880000 0.12234300
0.46875000 0.12230606
0.46870000 0.12226883
0.46865000 0.12223130
0.46860000 0.12219348
0.46855000 0.12215537
0.46850000 0.12211697
0.46845000 0.12207827
0.46840000 0.12203928
0.46835000 0.12199999
0.46830000 0.12196041
0.46825000 0.12192054
0.46820000 0.12188037
0.46815000 0.12183991
0.46810000 0.12179916
0.46805000 0.12175811
0.46800000 0.12171677
0.46795000 0.12167514
0.46790000 0.12163321
0.46785000 0.12159098
0.46780000 0.12154847
0.46775000 0.12150566
0.46770000 0.12146255
0.46765000 0.12141915
0.46760000 0.12137546
0.46755000 0.12133147
0.46750000 0.12128718
0.46745000 0.12124261
0.46740000 0.12119774
0.46735000 0.12115257
0.46730000 0.12110711
0.46725000 0.12106135
0.46720000 0.12101530
0.46715000 0.12096896
0.46710000 0.12092232
0.46705000 0.12087538
0.46700000 0.12082815
0.46695000 0.12078063
0.46690000 0.12073281
0.46685000 0.12068470
0.46680000 0.12063629
0.46675000 0.12058758
0.46670000 0.12053858
0.46665000 0.12048929
0.46660000 0.12043970
0.46655000 0.12038981
0.46650000 0.12033963
0.46645000 0.12028916
0.46640000 0.12023839
0.46635000 0.12018732
0.46630000 0.12013596
0.46625000 0.12008430
0.46620000 0.12003235
0.46615000 0.11998010
0.46610000 0.11992755
0.46605000 0.11987471
0.46600000 0.11982158
0.46595000 0.11976814
0.46590000 0.11971442
0.46585000 0.11966039
0.46580000 0.11960607
0.46575000 0.11955145
0.46570000 0.11949654
0.46565000 0.11944133
0.46560000 0.11938583
0.46555000 0.11933003
0.46550000 0.11927393
0.46545000 0.11921754
0.46540000 0.11916085
0.46535000 0.11910386
0.46530000 0.11904658
0.46525000 0.11898900
0.46520000 0.11893113
0.46515000 0.11887295
0.46510000 0.11881448
0.46505000 0.11875572
0.46500000 0.11869666
0.46495000 0.11863730
0.46490000 0.11857764
0.46485000 0.11851769
0.46480000 0.11845744
0.46475000 0.11839689
0.46470000 0.11833605
0.46465000 0.11827491
0.46460000 0.11821347
0.46455000 0.11815174
0.46450000 0.11808970
0.46445000 0.11802737
0.46440000 0.11796475
0.46435000 0.11790182
0.46430000 0.11783860
0.46425000 0.11777508
0.46420000 0.11771127
0.46415000 0.11764715
0.46410000 0.11758274
0.46405000 0.11751803
0.46400000 0.11745303
0.46395000 0.11738772
0.46390000 0.11732212
0.46385000 0.11725622
0.46380000 0.11719002
0.46375000 0.11721621
0.46370000 0.11729156
0.46365000 0.11736661
0.46360000 0.11744137
0.46355000 0.11751582
0.46350000 0.11758998
0.46345000 0.11766385
0.46340000 0.11773741
0.46335000 0.11781068
0.46330000 0.11788365
0.46325000 0.11795632
0.46320000 0.11802869
0.46315000 0.11810076
0.46310000 0.11817254
0.46305000 0.11824402
0.46300000 0.11831520
0.46295000 0.11838608
0.46290000 0.11845666
0.46285000 0.11852695
0.46280000 0.11859693
0.46275000 0.11866662
0.46270000 0.11873601
0.46265000 0.11880510
0.46260000 0.11887389
0.46255000 0.11894238
0.46250000 0.11901057
0.46245000 0.11907847
0.46240000 0.11914606
0.46235000 0.11921336
0.46230000 0.11928036
0.46225000 0.11934706
0.46220000 0.11941346
0.46215000 0.11947956
0.46210000 0.11954536
0.46205000 0.11961086
0.46200000 0.11967606
0.46195000 0.11974097
0.46190000 0.11980557
0.46185000 0.11986987
0.46180000 0.11993388
0.46175000 0.11999758
0.46170000 0.12006099
0.46165000 0.12012410
0.46160000 0.12018690
0.46155000 0.12024941
0.46150000 0.12031161
0.46145000 0.12037352
0.46140000 0.12043513
0.46135000 0.12049643
0.46130000 0.12055744
0.46125000 0.12061814
0.46120000 0.12067855
0.46115000 0.12073866
0.46110000 0.12079846
0.46105000 0.12085797
0.46100000 0.12091717
0.46095000 0.12097608
0.46090000 0.12103468
0.46085000 0.12109298
0.46080000 0.12115099
0.46075000 0.12120869
0.46070000 0.12126609
0.46065000 0.12132319
0.46060000 0.12137999
0.46055000 0.12143649
0.46050000 0.12149269
0.46045000 0.12154859
0.46040000 0.12160418
0.46035000 0.12165948
0.46030000 0.12171447
0.46025000 0.12176917
0.46020000 0.12182356
0.46015000 0.12187765
0.46010000 0.12193144
0.46005000 0.12198493
0.46000000 0.12203812
0.45995000 0.12209100
0.45990000 0.12214359
0.45985000 0.12219587
0.45980000 0.12224785
0.45975000 0.12229953
0.45970000 0.12235091
0.45965000 0.12240198
0.45960000 0.12245276
0.45955000 0.12250323
0.45950000 0.12255340
0.45945000 0.12260327
0.45940000 0.12265284
0.45935000 0.12270210
0.45930000 0.12275106
0.45925000 0.12279972
0.45920000 0.12284808
0.45915000 0.12289614
0.45910000 0.12294389
0.45905000 0.12299135
0.45900000 0.12303849
0.45895000 0.12308534
0.45890000 0.12313189
0.45885000 0.12317813
0.45880000 0.12322407
0.45875000 0.12326970
0.45870000 0.12331504
0.45865000 0.12336007
0.45860000 0.12340480
0.45855000 0.12344923
0.45850000 0.12349335
0.45845000 0.12353717
0.45840000 0.12358069
0.45835000 0.12362390
0.45830000 0.12366681
0.45825000 0.12370942
0.45820000 0.12375173
0.45815000 0.12379373
0.45810000 0.12383543
0.45805000 0.12387682
0.45800000 0.12391792
0.45795000 0.12395871
0.45790000 0.12399919
0.45785000 0.12403937
0.45780000 0.12407925
0.45775000 0.12411883
0.45770000 0.12415810
0.45765000 0.12419707
0.45760000 0.12423573
0.45755000 0.12427409
0.45750000 0.12431215
0.45745000 0.12434990
0.45740000 0.12438735
0.45735000 0.12442450
0.45730000 0.12446134
0.45725000 0.12449788
0.45720000 0.12453411
0.45715000 0.12457004
0.45710000 0.12460566
0.45705000 0.12464098
0.45700000 0.12467600
0.45695000 0.12471071
0.45690000 0.12474512
0.45685000 0.12477922
0.45680000 0.12481302
0.45675000 0.12484652
0.45670000 0.12487971
0.45665000 0.12491259
0.45660000 0.12494518
0.45655000 0.12497745
0.45650000 0.12500942
0.45645000 0.12504109
0.45640000 0.12507245
0.45635000 0.12510351
0.45630000 0.12513426
0.45625000 0.12516471
0.45620000 0.12519485
0.45615000 0.12522469
0.45610000 0.12525422
0.45605000 0.12528345
0.45600000 0.12531237
0.45595000 0.12534099
0.45590000 0.12536930
0.45585000 0.12539731
0.45580000 0.12542501
0.45575000 0.12545240
0.45570000 0.12547949
0.45565000 0.12550628
0.45560000 0.12553276
0.45555000 0.12555893
0.45550000 0.12558480
0.45545000 0.12561036
0.45540000 0.12563562
0.45535000 0.12566057
0.45530000 0.12568521
0.45525000 0.12570955
0.45520000 0.12573359
0.45515000 0.12575731
0.45510000 0.12578074
0.45505000 0.12580385
0.45500000 0.12582666
0.45495000 0.12584916
0.45490000 0.12587136
0.45485000 0.12589325
0.45480000 0.12591484
0.45475000 0.12593612
0.45470000 0.12595709
0.45465000 0.12597776
0.45460000 0.12599811
0.45455000 0.12601817
0.45450000 0.12603791
0.45445000 0.12605735
0.45440000 0.12607649
0.45435000 0.12609532
0.45430000 0.12611384
0.45425000 0.12613205
0.45420000 0.12614996
0.45415000 0.12616756
0.45410000 0.12618485
0.45405000 0.12620184
0.45400000 0.12621851
0.45395000 0.12623489
0.45390000 0.12625095
0.45385000 0.12626671
0.45380000 0.12628216
0.45375000 0.12629731
0.45370000 0.12631214
0.45365000 0.12632667
0.45360000 0.12634090
0.45355000 0.12635481
0.45350000 0.12636842
0.45345000 0.12638172
0.45340000 0.12639471
0.45335000 0.12640740
0.45330000 0.12641977
0.45325000 0.12643184
0.45320000 0.12644361
0.45315000 0.12645506
0.45310000 0.12646621
0.45305000 0.12647705
0.45300000 0.12648758
0.45295000 0.12649781
0.45290000 0.12650772
0.45285000 0.12651733
0.45280000 0.12652663
0.45275000 0.12653562
0.45270000 0.12654431
0.45265000 0.12655268
0.45260000 0.12656075
0.45255000 0.12656851
0.45250000 0.12657596
0.45245000 0.12658311
0.45240000 0.12658994
0.45235000 0.12659647
0.45230000 0.12660269
0.45225000 0.12660860
0.45220000 0.12661420
0.45215000 0.12661949
0.45210000 0.12662448
0.45205000 0.12662915
0.45200000 0.12663352
0.45195000 0.12663758
0.45190000 0.12664133
0.45185000 0.12664477
0.45180000 0.12664790
0.45175000 0.12665073
0.45170000 0.12665324
0.45165000 0.12665545
0.45160000 0.12665735
0.45155000 0.12665894
0.45150000 0.12666021
0.45145000 0.12666118
0.45140000 0.12666185
0.45135000 0.12666220
0.45130000 0.12666224
0.45125000 0.12666197
0.45120000 0.12666140
0.45115000 0.12666051
0.45110000 0.12665932
0.45105000 0.12665781
0.45100000 0.12665600
0.45095000 0.12665388
0.45090000 0.12665145
0.45085000 0.12664871
0.45080000 0.12664565
0.45075000 0.12664229
0.45070000 0.12663862
0.45065000 0.12663464
0.45060000 0.12663035
0.45055000 0.12662575
0.45050000 0.12662084
0.45045000 0.12661562
0.45040000 0.12661009
0.45035000 0.12660426
0.45030000 0.12659811
0.45025000 0.12659165
0.45020000 0.12658488
0.45015000 0.12657780
0.45010000 0.12657041
0.45005000 0.12656271
0.45000000 0.12655470
0.44995000 0.12654638
0.44990000 0.12653775
0.44985000 0.12652881
0.44980000 0.12651956
0.44975000 0.12651000
0.44970000 0.12650012
0.44965000 0.12648994
0.44960000 0.12647945
0.44955000 0.12646865
0.44950000 0.12645753
0.44945000 0.12644611
0.44940000 0.12643437
0.44935000 0.12642233
0.44930000 0.12640997
0.44925000 0.12639730
0.44920000 0.12638432
0.44915000 0.12637103
0.44910000 0.12635743
0.44905000 0.12634352
0.44900000 0.12632930
0.44895000 0.12631477
0.44890000 0.12629992
0.44885000 0.12628477
0.44880000 0.12626930
0.44875000 0.12625352
0.44870000 0.12623744
0.44865000 0.12622104
0.44860000 0.12620432
0.44855000 0.12618730
0.44850000 0.12616997
0.44845000 0.12615232
0.44840000 0.12613437
0.44835000 0.12611610
0.44830000 0.12609752
0.44825000 0.12607863
0.44820000 0.12605942
0.44815000 0.12603991
0.44810000 0.12602008
0.44805000 0.12599995
0.44800000 0.12597950
0.44795000 0.12595874
0.44790000 0.12593766
0.44785000 0.12591628
0.44780000 0.12589458
0.44775000 0.12587257
0.44770000 0.12585025
0.44765000 0.12582762
0.44760000 0.12580468
0.44755000 0.12578142
0.44750000 0.12575785
0.44745000 0.12573397
0.44740000 0.12570978
0.44735000 0.12568527
0.44730000 0.12566046
0.44725000 0.12563533
0.44720000 0.12560989
0.44715000 0.12558413
0.44710000 0.12555806
0.44705000 0.12553169
0.44700000 0.12550499
0.44695000 0.12547799
0.44690000 0.12545067
0.44685000 0.12542305
0.44680000 0.12539510
0.44675000 0.12536685
0.44670000 0.12533828
0.44665000 0.12530940
0.44660000 0.12528021
0.44655000 0.12525071
0.44650000 0.12522089
0.44645000 0.12519076
0.44640000 0.12516032
0.44635000 0.12512956
0.44630000 0.12509849
0.44625000 0.12506711
0.44620000 0.12503541
0.44615000 0.12500340
0.44610000 0.12497108
0.44605000 0.12493845
0.44600000 0.12490550
0.44595000 0.12487224
0.44590000 0.12483867
0.44585000 0.12480478
0.44580000 0.12477058
0.44575000 0.12473607
0.44570000 0.12470124
0.44565000 0.12466610
0.44560000 0.12463065
0.44555000 0.12459488
0.44550000 0.12455880
0.44545000 0.12452240
0.44540000 0.12448570
0.44535000 0.12444867
0.44530000 0.12441134
0.44525000 0.12437369
0.44520000 0.12433573
0.44515000 0.12429745
0.44510000 0.12425886
0.44505000 0.12421996
0.44500000 0.12418074
0.44495000 0.12414121
0.44490000 0.12410136
0.44485000 0.12406121
0.44480000 0.12402073
0.44475000 0.12397995
0.44470000 0.12393884
0.44465000 0.12389743
0.44460000 0.12385570
0.44455000 0.12381366
0.44450000 0.12377130
0.44445000 0.12372863
0.44440000 0.12368564
0.44435000 0.12364234
0.44430000 0.12359873
0.44425000 0.12355480
0.44420000 0.12351056
0.44415000 0.12346600
0.44410000 0.12342113
0.44405000 0.12337594
0.44400000 0.12333044
0.44395000 0.12328463
0.44390000 0.12323850
0.44385000 0.12319205
0.44380000 0.12314529
0.44375000 0.12309822
0.44370000 0.12305083
0.44365000 0.12300313
0.44360000 0.12295511
0.44355000 0.12290678
0.44350000 0.12285813
0.44345000 0.12280917
0.44340000 0.12275989
0.44335000 0.12271030
0.44330000 0.12266039
0.44325000 0.12261017
0.44320000 0.12255964
0.44315000 0.12250879
0.44310000 0.12245762
0.44305000 0.12240614
0.44300000 0.12235434
0.44295000 0.12230223
0.44290000 0.12224980
0.44285000 0.12219706
0.44280000 0.12214400
0.44275000 0.12209063
0.44270000 0.12203694
0.44265000 0.12198294
0.44260000 0.12192862
0.44255000 0.12187398
0.44250000 0.12181903
0.44245000 0.12176377
0.44240000 0.12170819
0.44235000 0.12165229
0.44230000 0.12159608
0.44225000 0.12153956
0.44220000 0.12148271
0.44215000 0.12142555
0.44210000 0.12136808
0.44205000 0.12131029
0.44200000 0.12125219
0.44195000 0.12119376
0.44190000 0.12113503
0.44185000 0.12107598
0.44180000 0.12101661
0.44175000 0.12095692
0.44170000 0.12089692
0.44165000 0.12083661
0.44160000 0.12077597
0.44155000 0.12071503
0.44150000 0.12065376
0.44145000 0.12059218
0.44140000 0.12053029
0.44135000 0.12046807
0.44130000 0.12040554
0.44125000 0.12034270
0.44120000 0.12027954
0.44115000 0.12021606
0.44110000 0.12015227
0.44105000 0.12008816
0.44100000 0.12002373
0.44095000 0.11995899
0.44090000 0.11989393
0.44085000 0.11982856
0.44080000 0.11976287
0.44075000 0.11969686
0.44070000 0.11963053
0.44065000 0.11956389
0.44060000 0.11949694
0.44055000 0.11942966
0.44050000 0.11936207
0.44045000 0.11929417
0.44040000 0.11922594
0.44035000 0.11915740
0.44030000 0.11908854
0.44025000 0.11901937
0.44020000 0.11894988
0.44015000 0.11888007
0.44010000 0.11880995
0.44005000 0.11873951
0.44000000 0.11866875
0.43995000 0.11859768
0.43990000 0.11852628
0.43985000 0.11845458
0.43980000 0.11838255
0.43975000 0.11831021
0.43970000 0.11833419
0.43965000 0.11841364
0.43960000 0.11849277
0.43955000 0.11857157
0.43950000 0.11865005
0.43945000 0.11872820
0.43940000 0.11880603
0.43935000 0.11888354
0.43930000 0.11896072
0.43925000 0.11903757
0.43920000 0.11911410
0.43915000 0.11919031
0.43910000 0.11926619
0.43905000 0.11934175
0.43900000 0.11941699
0.43895000 0.11949190
0.43890000 0.11956648
0.43885000 0.11964074
0.43880000 0.11971467
0.43875000 0.11978828
0.43870000 0.11986157
0.43865000 0.11993453
0.43860000 0.12000716
0.43855000 0.12007948
0.43850000 0.12015146
0.43845000 0.12022312
0.43840000 0.12029446
0.43835000 0.12036547
0.43830000 0.12043615
0.43825000 0.12050651
0.43820000 0.12057655
0.43815000 0.12064626
0.43810000 0.12071564
0.43805000 0.12078470
0.43800000 0.12085344
0.43795000 0.12092185
0.43790000 0.12098993
0.43785000 0.12105769
0.43780000 0.12112512
0.43775000 0.12119223
0.43770000 0.12125901
0.43765000 0.12132546
0.43760000 0.12139159
0.43755000 0.12145740
0.43750000 0.12152288
0.43745000 0.12158803
0.43740000 0.12165286
0.43735000 0.12171736
0.43730000 0.12178154
0.43725000 0.12184539
0.43720000 0.12190892
0.43715000 0.12197211
0.43710000 0.12203499
0.43705000 0.12209753
0.43700000 0.12215976
0.43695000 0.12222165
0.43690000 0.12228322
0.43685000 0.12234446
0.43680000 0.12240538
0.43675000 0.12246597
0.43670000 0.12252624
0.43665000 0.12258617
0.43660000 0.12264579
0.43655000 0.12270507
0.43650000 0.12276403
0.43645000 0.12282267
0.43640000 0.12288097
0.43635000 0.12293895
0.43630000 0.12299661
0.43625000 0.12305394
0.43620000 0.12311094
0.43615000 0.12316761
0.43610000 0.12322396
0.43605000 0.12327998
0.43600000 0.12333568
0.43595000 0.12339105
0.43590000 0.12344609
0.43585000 0.12350081
0.43580000 0.12355519
0.43575000 0.12360926
0.43570000 0.12366299
0.43565000 0.12371640
0.43560000 0.12376948
0.43555000 0.12382224
0.43550000 0.12387466
0.43545000 0.12392676
0.43540000 0.12397854
0.43535000 0.12402998
0.43530000 0.12408110
0.43525000 0.12413190
0.43520000 0.12418236
0.43515000 0.12423250
0.43510000 0.12428231
0.43505000 0.12433180
0.43500000 0.12438095
0.43495000 0.12442978
0.43490000 0.12447828
0.43485000 0.12452646
0.43480000 0.12457431
0.43475000 0.12462183
0.43470000 0.12466902
0.43465000 0.12471589
0.43460000 0.12476242
0.43455000 0.12480864
0.43450000 0.12485452
0.43445000 0.12490007
0.43440000 0.12494530
0.43435000 0.12499020
0.43430000 0.12503477
0.43425000 0.12507902
0.43420000 0.12512294
0.43415000 0.12516653
0.43410000 0.12520979
0.43405000 0.12525272
0.43400000 0.12529533
0.43395000 0.12533761
0.43390000 0.12537956
0.43385000 0.12542118
0.43380000 0.12546248
0.43375000 0.12550344
0.43370000 0.12554408
0.43365000 0.12558439
0.43360000 0.12562438
0.43355000 0.12566403
0.43350000 0.12570336
0.43345000 0.12574236
0.43340000 0.12578103
0.43335000 0.12581937
0.43330000 0.12585738
0.43325000 0.12589507
0.43320000 0.12593243
0.43315000 0.12596946
0.43310000 0.12600616
0.43305000 0.12604253
0.43300000 0.12607857
0.43295000 0.12611429
0.43290000 0.12614968
0.43285000 0.12618474
0.43280000 0.12621947
0.43275000 0.12625387
0.43270000 0.12628794
0.43265000 0.12632169
0.43260000 0.12635510
0.43255000 0.12638819
0.43250000 0.12642095
0.43245000 0.12645338
0.43240000 0.12648548
0.43235000 0.12651725
0.43230000 0.12654870
0.43225000 0.12657981
0.43220000 0.12661060
0.43215000 0.12664106
0.43210000 0.12667119
0.43205000 0.12670099
0.43200000 0.12673046
0.43195000 0.12675960
0.43190000 0.12678841
0.43185000 0.12681690
0.43180000 0.12684505
0.43175000 0.12687288
0.43170000 0.12690037
0.43165000 0.12692754
0.43160000 0.12695438
0.43155000 0.12698089
0.43150000 0.12700707
0.43145000 0.12703292
0.43140000 0.12705844
0.43135000 0.12708364
0.43130000 0.12710850
0.43125000 0.12713303
0.43120000 0.12715724
0.43115000 0.12718111
0.43110000 0.12720466
0.43105000 0.12722788
0.43100000 0.12725076
0.43095000 0.12727332
0.43090000 0.12729555
0.43085000 0.12731745
0.43080000 0.12733902
0.43075000 0.12736026
0.43070000 0.12738117
0.43065000 0.12740175
0.43060000 0.12742200
0.43055000 0.12744192
0.43050000 0.12746151
0.43045000 0.12748077
0.43040000 0.12749970
0.43035000 0.12751831
0.43030000 0.12753658
0.43025000 0.12755452
0.43020000 0.12757213
0.43015000 0.12758942
0.43010000 0.12760637
0.43005000 0.12762299
0.43000000 0.12763928
0.42995000 0.12765525
0.42990000 0.12767088
0.42985000 0.12768618
0.42980000 0.12770116
0.42975000 0.12771580
0.42970000 0.12773011
0.42965000 0.12774410
0.42960000 0.12775775
0.42955000 0.12777107
0.42950000 0.12778406
0.42945000 0.12779673
0.42940000 0.12780906
0.42935000 0.12782106
0.42930000 0.12783273
0.42925000 0.12784407
0.42920000 0.12785508
0.42915000 0.12786576
0.42910000 0.12787611
0.42905000 0.12788613
0.42900000 0.12789582
0.42895000 0.12790518
0.42890000 0.12791421
0.42885000 0.12792291
0.42880000 0.12793128
0.42875000 0.12793931
0.42870000 0.12794702
0.42865000 0.12795439
0.42860000 0.12796144
0.42855000 0.12796815
0.42850000 0.12797454
0.42845000 0.12798059
0.42840000 0.12798631
0.42835000 0.12799171
0.42830000 0.12799677
0.42825000 0.12800150
0.42820000 0.12800590
0.42815000 0.12800997
0.42810000 0.12801370
0.42805000 0.12801711
0.42800000 0.12802019
0.42795000 0.12802293
0.42790000 0.12802535
0.42785000 0.12802743
0.42780000 0.12802918
0.42775000 0.12803061
0.42770000 0.12803170
0.42765000 0.12803246
0.42760000 0.12803288
0.42755000 0.12803298
0.42750000 0.12803275
0.42745000 0.12803218
0.42740000 0.12803129
0.42735000 0.12803006
0.42730000 0.12802850
0.42725000 0.12802662
0.42720000 0.12802439
0.42715000 0.12802184
0.42710000 0.12801896
0.42705000 0.12801575
0.42700000 0.12801220
0.42695000 0.12800832
0.42690000 0.12800412
0.42685000 0.12799958
0.42680000 0.12799471
0.42675000 0.12798950
0.42670000 0.12798397
0.42665000 0.12797811
0.42660000 0.12797191
0.42655000 0.12796538
0.42650000 0.12795852
0.42645000 0.12795133
0.42640000 0.12794381
0.42635000 0.12793596
0.42630000 0.12792777
0.42625000 0.12791925
0.42620000 0.12791040
0.42615000 0.12790122
0.42610000 0.12789171
0.42605000 0.12788187
0.42600000 0.12787169
0.42595000 0.12786119
0.42590000 0.12785035
0.42585000 0.12783918
0.42580000 0.12782768
0.42575000 0.12781584
0.42570000 0.12780368
0.42565000 0.12779118
0.42560000 0.12777835
0.42555000 0.12776519
0.42550000 0.12775169
0.42545000 0.12773787
0.42540000 0.12772371
0.42535000 0.12770922
0.42530000 0.12769440
0.42525000 0.12767925
0.42520000 0.12766377
0.42515000 0.12764795
0.42510000 0.12763180
0.42505000 0.12761532
0.42500000 0.12759851
0.42495000 0.12758136
0.42490000 0.12756388
0.42485000 0.12754608
0.42480000 0.12752793
0.42475000 0.12750946
0.42470000 0.12749065
0.42465000 0.12747152
0.42460000 0.12745205
0.42455000 0.12743224
0.42450000 0.12741211
0.42445000 0.12739164
0.42440000 0.12737084
0.42435000 0.12734971
0.42430000 0.12732825
0.42425000 0.12730645
0.42420000 0.12728433
0.42415000 0.12726186
0.42410000 0.12723907
0.42405000 0.12721595
0.42400000 0.12719249
0.42395000 0.12716870
0.42390000 0.12714458
0.42385000 0.12712012
0.42380000 0.12709533
0.42375000 0.12707021
0.42370000 0.12704476
0.42365000 0.12701897
0.42360000 0.12699286
0.42355000 0.12696641
0.42350000 0.12693962
0.42345000 0.12691251
0.42340000 0.12688506
0.42335000 0.12685728
0.42330000 0.12682917
0.42325000 0.12680072
0.42320000 0.12677194
0.42315000 0.12674283
0.42310000 0.12671339
0.42305000 0.12668361
0.42300000 0.12665350
0.42295000 0.12662306
0.42290000 0.12659228
0.42285000 0.12656117
0.42280000 0.12652973
0.42275000 0.12649796
0.42270000 0.12646585
0.42265000 0.12643342
0.42260000 0.12640064
0.42255000 0.12636754
0.42250000 0.12633410
0.42245000 0.12630033
0.42240000 0.12626623
0.42235000 0.12623179
0.42230000 0.12619702
0.42225000 0.12616192
0.42220000 0.12612648
0.42215000 0.12609071
0.42210000 0.12605461
0.42205000 0.12601818
0.42200000 0.12598141
0.42195000 0.12594431
0.42190000 0.12590688
0.42185000 0.12586911
0.42180000 0.12583101
0.42175000 0.12579258
0.42170000 0.12575381
0.42165000 0.12571471
0.42160000 0.12567528
0.42155000 0.12563551
0.42150000 0.12559542
0.42145000 0.12555498
0.42140000 0.12551422
0.42135000 0.12547312
0.42130000 0.12543169
0.42125000 0.12538992
0.42120000 0.12534783
0.42115000 0.12530539
0.42110000 0.12526263
0.42105000 0.12521953
0.42100000 0.12517610
0.42095000 0.12513234
0.42090000 0.12508824
0.42085000 0.12504381
0.42080000 0.12499904
0.42075000 0.12495394
0.42070000 0.12490851
0.42065000 0.12486275
0.42060000 0.12481665
0.42055000 0.12477022
0.42050000 0.12472345
0.42045000 0.12467635
0.42040000 0.12462892
0.42035000 0.12458116
0.42030000 0.12453306
0.42025000 0.12448463
0.42020000 0.12443586
0.42015000 0.12438676
0.42010000 0.12433733
0.42005000 0.12428756
0.42000000 0.12423746
0.41995000 0.12418703
0.41990000 0.12413626
0.41985000 0.12408516
0.41980000 0.12403372
0.41975000 0.12398195
0.41970000 0.12392985
0.41965000 0.12387742
0.41960000 0.12382465
0.41955000 0.12377155
0.41950000 0.12371811
0.41945000 0.12366434
0.41940000 0.12361023
0.41935000 0.12355580
0.41930000 0.12350103
0.41925000 0.12344592
0.41920000 0.12339048
0.41915000 0.12333471
0.41910000 0.12327860
0.41905000 0.12322216
0.41900000 0.12316539
0.41895000 0.12310828
0.41890000 0.12305084
0.41885000 0.12299306
0.41880000 0.12293495
0.41875000 0.12287651
0.41870000 0.12281773
0.41865000 0.12275862
0.41860000 0.12269918
0.41855000 0.12263940
0.41850000 0.12257929
0.41845000 0.12251884
0.41840000 0.12245806
0.41835000 0.12239694
0.41830000 0.12233550
0.41825000 0.12227371
0.41820000 0.12221160
0.41815000 0.12214915
0.41810000 0.12208636
0.41805000 0.12202324
0.41800000 0.12195979
0.41795000 0.12189601
0.41790000 0.12183189
0.41785000 0.12176743
0.41780000 0.12170264
0.41775000 0.12163752
0.41770000 0.12157206
0.41765000 0.12150627
0.41760000 0.12144015
0.41755000 0.12137369
0.41750000 0.12130690
0.41745000 0.12123977
0.41740000 0.12117231
0.41735000 0.12110452
0.41730000 0.12103639
0.41725000 0.12096792
0.41720000 0.12089913
0.41715000 0.12082999
0.41710000 0.12076053
0.41705000 0.12069073
0.41700000 0.12062060
0.41695000 0.12055013
0.41690000 0.12047932
0.41685000 0.12040819
0.41680000 0.12033672
0.41675000 0.12026491
0.41670000 0.12019277
0.41665000 0.12012030
0.41660000 0.12004749
0.41655000 0.11997435
0.41650000 0.11990087
0.41645000 0.11982706
0.41640000 0.11975292
0.41635000 0.11967844
0.41630000 0.11960363
0.41625000 0.11952848
0.41620000 0.11945300
0.41615000 0.11937718
0.41610000 0.11930103
0.41605000 0.11922454
0.41600000 0.11914772
0.41595000 0.11907057
0.41590000 0.11899308
0.41585000 0.11891526
0.41580000 0.11890663
0.41575000 0.11898981
0.41570000 0.11907264
0.41565000 0.11915512
0.41560000 0.11923725
0.41555000 0.11931903
0.41550000 0.11940046
0.41545000 0.11948154
0.41540000 0.11956227
0.41535000 0.11964265
0.41530000 0.11972268
0.41525000 0.11980236
0.41520000 0.11988169
0.41515000 0.11996066
0.41510000 0.12003929
0.41505000 0.12011757
0.41500000 0.12019550
0.41495000 0.12027308
0.41490000 0.12035031
0.41485000 0.12042719
0.41480000 0.12050372
0.41475000 0.12057990
0.41470000 0.12065573
0.41465000 0.12073120
0.41460000 0.12080633
0.41455000 0.12088111
0.41450000 0.12095554
0.41445000 0.12102961
0.41440000 0.12110334
0.41435000 0.12117672
0.41430000 0.12124974
0.41425000 0.12132242
0.41420000 0.12139475
0.41415000 0.12146672
0.41410000 0.12153835
0.41405000 0.12160962
0.41400000 0.12168055
0.41395000 0.12175112
0.41390000 0.12182134
0.41385000 0.12189122
0.41380000 0.12196074
0.41375000 0.12202991
0.41370000 0.12209873
0.41365000 0.12216720
0.41360000 0.12223533
0.41355000 0.12230310
0.41350000 0.12237052
0.41345000 0.12243759
0.41340000 0.12250430
0.41335000 0.12257067
0.41330000 0.12263669
0.41325000 0.12270236
0.41320000 0.12276767
0.41315000 0.12283264
0.41310000 0.12289726
0.41305000 0.12296152
0.41300000 0.12302544
0.41295000 0.12308900
0.41290000 0.12315221
0.41285000 0.12321508
0.41280000 0.12327759
0.41275000 0.12333975
0.41270000 0.12340156
0.41265000 0.12346302
0.41260000 0.12352413
0.41255000 0.12358489
0.41250000 0.12364530
0.41245000 0.12370535
0.41240000 0.12376506
0.41235000 0.12382442
0.41230000 0.12388342
0.41225000 0.12394208
0.41220000 0.12400038
0.41215000 0.12405833
0.41210000 0.12411593
0.41205000 0.12417319
0.41200000 0.12423009
0.41195000 0.12428664
0.41190000 0.12434283
0.41185000 0.12439868
0.41180000 0.12445418
0.41175000 0.12450933
0.41170000 0.12456412
0.41165000 0.12461857
0.41160000 0.12467266
0.41155000 0.12472640
0.41150000 0.12477979
0.41145000 0.12483283
0.41140000 0.12488552
0.41135000 0.12493786
0.41130000 0.12498985
0.41125000 0.12504149
0.41120000 0.12509278
0.41115000 0.12514371
0.41110000 0.12519430
0.41105000 0.12524453
0.41100000 0.12529441
0.41095000 0.12534394
0.41090000 0.12539312
0.41085000 0.12544195
0.41080000 0.12549043
0.41075000 0.12553856
0.41070000 0.12558634
0.41065000 0.12563376
0.41060000 0.12568084
0.41055000 0.12572756
0.41050000 0.12577393
0.41045000 0.12581995
0.41040000 0.12586562
0.41035000 0.12591094
0.41030000 0.12595591
0.41025000 0.12600053
0.41020000 0.12604479
0.41015000 0.12608871
0.41010000 0.12613227
0.41005000 0.12617549
0.41000000 0.12621835
0.40995000 0.12626086
0.40990000 0.12630302
0.40985000 0.12634482
0.40980000 0.12638628
0.40975000 0.12642739
0.40970000 0.12646814
0.40965000 0.12650855
0.40960000 0.12654860
0.40955000 0.12658830
0.40950000 0.12662765
0.40945000 0.12666665
0.40940000 0.12670529
0.40935000 0.12674359
0.40930000 0.12678154
0.40925000 0.12681913
0.40920000 0.12685637
0.40915000 0.12689326
0.40910000 0.12692980
0.40905000 0.12696599
0.40900000 0.12700183
0.40895000 0.12703732
0.40890000 0.12707245
0.40885000 0.12710724
0.40880000 0.12714167
0.40875000 0.12717575
0.40870000 0.12720948
0.40865000 0.12724286
0.40860000 0.12727589
0.40855000 0.12730856
0.40850000 0.12734089
0.40845000 0.12737286
0.40840000 0.12740448
0.40835000 0.12743575
0.40830000 0.12746667
0.40825000 0.12749724
0.40820000 0.12752746
0.40815000 0.12755732
0.40810000 0.12758684
0.40805000 0.12761600
0.40800000 0.12764481
0.40795000 0.12767327
0.40790000 0.12770138
0.40785000 0.12772914
0.40780000 0.12775654
0.40775000 0.12778360
0.40770000 0.12781030
0.40765000 0.12783666
0.40760000 0.12786266
0.40755000 0.12788831
0.40750000 0.12791360
0.40745000 0.12793855
0.40740000 0.12796314
0.40735000 0.12798739
0.40730000 0.12801128
0.40725000 0.12803482
0.40720000 0.12805801
0.40715000 0.12808085
0.40710000 0.12810334
0.40705000 0.12812547
0.40700000 0.12814725
0.40695000 0.12816869
0.40690000 0.12818977
0.40685000 0.12821050
0.40680000 0.12823088
0.40675000 0.12825090
0.40670000 0.12827058
0.40665000 0.12828990
0.40660000 0.12830887
0.40655000 0.12832750
0.40650000 0.12834576
0.40645000 0.12836368
0.40640000 0.12838125
0.40635000 0.12839846
0.40630000 0.12841533
0.40625000 0.12843184
0.40620000 0.12844800
0.40615000 0.12846381
0.40610000 0.12847927
0.40605000 0.12849438
0.40600000 0.12850913
0.40595000 0.12852353
0.40590000 0.12853759
0.40585000 0.12855129
0.40580000 0.12856464
0.40575000 0.12857763
0.40570000 0.12859028
0.40565000 0.12860257
0.40560000 0.12861452
0.40555000 0.12862611
0.40550000 0.12863735
0.40545000 0.12864824
0.40540000 0.12865877
0.40535000 0.12866896
0.40530000 0.12867879
0.40525000 0.12868828
0.40520000 0.12869741
0.40515000 0.12870619
0.40510000 0.12871462
0.40505000 0.12872269
0.40500000 0.12873042
0.40495000 0.12873779
0.40490000 0.12874482
0.40485000 0.12875149
0.40480000 0.12875781
0.40475000 0.12876377
0.40470000 0.12876939
0.40465000 0.12877466
0.40460000 0.12877957
0.40455000 0.12878413
0.40450000 0.12878834
0.40445000 0.12879220
0.40440000 0.12879571
0.40435000 0.12879887
0.40430000 0.12880167
0.40425000 0.12880412
0.40420000 0.12880623
0.40415000 0.12880798
0.40410000 0.12880937
0.40405000 0.12881042
0.40400000 0.12881112
0.40395000 0.12881146
0.40390000 0.12881145
0.40385000 0.12881110
0.40380000 0.12881039
0.40375000 0.12880932
0.40370000 0.12880791
0.40365000 0.12880615
0.40360000 0.12880403
0.40355000 0.12880156
0.40350000 0.12879874
0.40345000 0.12879557
0.40340000 0.12879205
0.40335000 0.12878818
0.40330000 0.12878395
0.40325000 0.12877938
0.40320000 0.12877445
0.40315000 0.12876917
0.40310000 0.12876354
0.40305000 0.12875756
0.40300000 0.12875123
0.40295000 0.12874454
0.40290000 0.12873750
0.40285000 0.12873012
0.40280000 0.12872238
0.40275000 0.12871429
0.40270000 0.12870585
0.40265000 0.12869705
0.40260000 0.12868791
0.40255000 0.12867841
0.40250000 0.12866856
0.40245000 0.12865836
0.40240000 0.12864781
0.40235000 0.12863691
0.40230000 0.12862566
0.40225000 0.12861405
0.40220000 0.12860210
0.40215000 0.12858979
0.40210000 0.12857713
0.40205000 0.12856412
0.40200000 0.12855076
0.40195000 0.12853705
0.40190000 0.12852298
0.40185000 0.12850857
0.40180000 0.12849380
0.40175000 0.12847868
0.40170000 0.12846321
0.40165000 0.12844739
0.40160000 0.12843122
0.40155000 0.12841469
0.40150000 0.12839782
0.40145000 0.12838059
0.40140000 0.12836301
0.40135000 0.12834508
0.40130000 0.12832680
0.40125000 0.12830817
0.40120000 0.12828919
0.40115000 0.12826985
0.40110000 0.12825017
0.40105000 0.12823013
0.40100000 0.12820974
0.40095000 0.12818900
0.40090000 0.12816791
0.40085000 0.12814647
0.40080000 0.12812468
0.40075000 0.12810253
0.40070000 0.12808003
0.40065000 0.12805719
0.40060000 0.12803399
0.40055000 0.12801044
0.40050000 0.12798654
0.40045000 0.12796229
0.40040000 0.12793768
0.40035000 0.12791273
0.40030000 0.12788742
0.40025000 0.12786176
0.40020000 0.12783576
0.40015000 0.12780940
0.40010000 0.12778269
0.40005000 0.12775562
0.40000000 0.12772821
0.39995000 0.12770045
0.39990000 0.12767233
0.39985000 0.12764386
0.39980000 0.12761505
0.39975000 0.12758588
0.39970000 0.12755636
0.39965000 0.12752649
0.39960000 0.12749626
0.39955000 0.12746569
0.39950000 0.12743477
0.39945000 0.12740349
0.39940000 0.12737186
0.39935000 0.12733988
0.39930000 0.12730756
0.39925000 0.12727488
0.39920000 0.12724184
0.39915000 0.12720846
0.39910000 0.12717473
0.39905000 0.12714064
0.39900000 0.12710621
0.39895000 0.12707142
0.39890000 0.12703629
0.39885000 0.12700080
0.39880000 0.12696496
0.39875000 0.12692877
0.39870000 0.12689223
0.39865000 0.12685533
0.39860000 0.12681809
0.39855000 0.12678050
0.39850000 0.12674255
0.39845000 0.12670425
0.39840000 0.12666561
0.39835000 0.12662661
0.39830000 0.12658726
0.39825000 0.12654756
0.39820000 0.12650751
0.39815000 0.12646711
0.39810000 0.12642635
0.39805000 0.12638525
0.39800000 0.12634380
0.39795000 0.12630199
0.39790000 0.12625983
0.39785000 0.12621733
0.39780000 0.12617447
0.39775000 0.12613126
0.39770000 0.12608770
0.39765000 0.12604379
0.39760000 0.12599953
0.39755000 0.12595492
0.39750000 0.12590996
0.39745000 0.12586464
0.39740000 0.12581898
0.39735000 0.12577296
0.39730000 0.12572660
0.39725000 0.12567988
0.39720000 0.12563281
0.39715000 0.12558540
0.39710000 0.12553763
0.39705000 0.12548951
0.39700000 0.12544104
0.39695000 0.12539222
0.39690000 0.12534305
0.39685000 0.12529352
0.39680000 0.12524365
0.39675000 0.12519343
0.39670000 0.12514286
0.39665000 0.12509193
0.39660000 0.12504066
0.39655000 0.12498903
0.39650000 0.12493705
0.39645000 0.12488473
0.39640000 0.12483205
0.39635000 0.12477902
0.39630000 0.12472564
0.39625000 0.12467192
0.39620000 0.12461784
0.39615000 0.12456341
0.39610000 0.12450863
0.39605000 0.12445349
0.39600000 0.12439801
0.39595000 0.12434218
0.39590000 0.12428600
0.39585000 0.12422947
0.39580000 0.12417258
0.39575000 0.12411535
0.39570000 0.12405777
0.39565000 0.12399983
0.39560000 0.12394155
0.39555000 0.12388291
0.39550000 0.12382393
0.39545000 0.12376459
0.39540000 0.12370491
0.39535000 0.12364487
0.39530000 0.12358448
0.39525000 0.12352375
0.39520000 0.12346266
0.39515000 0.12340122
0.39510000 0.12333944
0.39505000 0.12327730
0.39500000 0.12321481
0.39495000 0.12315197
0.39490000 0.12308878
0.39485000 0.12302525
0.39480000 0.12296136
0.39475000 0.12289712
0.39470000 0.12283253
0.39465000 0.12276759
0.39460000 0.12270230
0.39455000 0.12263666
0.39450000 0.12257067
0.39445000 0.12250433
0.39440000 0.12243765
0.39435000 0.12237061
0.39430000 0.12230322
0.39425000 0.12223548
0.39420000 0.12216739
0.39415000 0.12209895
0.39410000 0.12203016
0.39405000 0.12196102
0.39400000 0.12189153
0.39395000 0.12182169
0.39390000 0.12175150
0.39385000 0.12168096
0.39380000 0.12161007
0.39375000 0.12153884
0.39370000 0.12146725
0.39365000 0.12139531
0.39360000 0.12132302
0.39355000 0.12125038
0.39350000 0.12117739
0.39345000 0.12110406
0.39340000 0.12103037
0.39335000 0.12095633
0.39330000 0.12088195
0.39325000 0.12080721
0.39320000 0.12073212
0.39315000 0.12065669
0.39310000 0.12058090
0.39305000 0.12050477
0.39300000 0.12042828
0.39295000 0.12035145
0.39290000 0.12027426
0.39285000 0.12019673
0.39280000 0.12011885
0.39275000 0.12004061
0.39270000 0.11996203
0.39265000 0.11988310
0.39260000 0.11980382
0.39255000 0.11972419
0.39250000 0.11964421
0.39245000 0.11956388
0.39240000 0.11948320
0.39235000 0.11940217
0.39230000 0.11932079
0.39225000 0.11923906
0.39220000 0.11915699
0.39215000 0.11907456
0.39210000 0.11901856
0.39205000 0.11910484
0.39200000 0.11919076
0.39195000 0.11927630
0.39190000 0.11936147
0.39185000 0.11944626
0.39180000 0.11953068
0.39175000 0.11961472
0.39170000 0.11969839
0.39165000 0.11978168
0.39160000 0.11986460
0.39155000 0.11994715
0.39150000 0.12002932
0.39145000 0.12011112
0.39140000 0.12019255
0.39135000 0.12027360
0.39130000 0.12035428
0.39125000 0.12043458
0.39120000 0.12051451
0.39115000 0.12059406
0.39110000 0.12067324
0.39105000 0.12075205
0.39100000 0.12083048
0.39095000 0.12090854
0.39090000 0.12098623
0.39085000 0.12106354
0.39080000 0.12114047
0.39075000 0.12121704
0.39070000 0.12129322
0.39065000 0.12136904
0.39060000 0.12144448
0.39055000 0.12151955
0.39050000 0.12159424
0.39045000 0.12166856
0.39040000 0.12174251
0.39035000 0.12181608
0.39030000 0.12188928
0.39025000 0.12196210
0.39020000 0.12203455
0.39015000 0.12210663
0.39010000 0.12217833
0.39005000 0.12224966
0.39000000 0.12232062
0.38995000 0.12239120
0.38990000 0.12246141
0.38985000 0.12253124
0.38980000 0.12260070
0.38975000 0.12266979
0.38970000 0.12273850
0.38965000 0.12280684
0.38960000 0.12287481
0.38955000 0.12294240
0.38950000 0.12300962
0.38945000 0.12307647
0.38940000 0.12314294
0.38935000 0.12320904
0.38930000 0.12327476
0.38925000 0.12334012
0.38920000 0.12340509
0.38915000 0.12346970
0.38910000 0.12353393
0.38905000 0.12359779
0.38900000 0.12366127
0.38895000 0.12372438
0.38890000 0.12378712
0.38885000 0.12384948
0.38880000 0.12391147
0.38875000 0.12397309
0.38870000 0.12403434
0.38865000 0.12409521
0.38860000 0.12415570
0.38855000 0.12421583
0.38850000 0.12427558
0.38845000 0.12433496
0.38840000 0.12439396
0.38835000 0.12445259
0.38830000 0.12451085
0.38825000 0.12456873
0.38820000 0.12462625
0.38815000 0.12468338
0.38810000 0.12474015
0.38805000 0.12479654
0.38800000 0.12485256
0.38795000 0.12490821
0.38790000 0.12496348
0.38785000 0.12501838
0.38780000 0.12507290
0.38775000 0.12512706
0.38770000 0.12518084
0.38765000 0.12523425
0.38760000 0.12528728
0.38755000 0.12533994
0.38750000 0.12539223
0.38745000 0.12544415
0.38740000 0.12549569
0.38735000 0.12554686
0.38730000 0.12559765
0.38725000 0.12564808
0.38720000 0.12569813
0.38715000 0.12574781
0.38710000 0.12579711
0.38705000 0.12584605
0.38700000 0.12589461
0.38695000 0.12594279
0.38690000 0.12599061
0.38685000 0.12603805
0.38680000 0.12608512
0.38675000 0.12613182
0.38670000 0.12617814
0.38665000 0.12622409
0.38660000 0.12626967
0.38655000 0.12631487
0.38650000 0.12635971
0.38645000 0.12640417
0.38640000 0.12644826
0.38635000 0.12649197
0.38630000 0.12653532
0.38625000 0.12657829
0.38620000 0.12662088
0.38615000 0.12666311
0.38610000 0.12670496
0.38605000 0.12674644
0.38600000 0.12678755
0.38595000 0.12682829
0.38590000 0.12686865
0.38585000 0.12690864
0.38580000 0.12694826
0.38575000 0.12698751
0.38570000 0.12702638
0.38565000 0.12706488
0.38560000 0.12710301
0.38555000 0.12714077
0.38550000 0.12717816
0.38545000 0.12721517
0.38540000 0.12725181
0.38535000 0.12728808
0.38530000 0.12732398
0.38525000 0.12735950
0.38520000 0.12739465
0.38515000 0.12742943
0.38510000 0.12746384
0.38505000 0.12749788
0.38500000 0.12753154
0.38495000 0.12756483
0.38490000 0.12759776
0.38485000 0.12763030
0.38480000 0.12766248
0.38475000 0.12769428
0.38470000 0.12772572
0.38465000 0.12775678
0.38460000 0.12778747
0.38455000 0.12781778
0.38450000 0.12784773
0.38445000 0.12787730
0.38440000 0.12790651
0.38435000 0.12793534
0.38430000 0.12796379
0.38425000 0.12799188
0.38420000 0.12801960
0.38415000 0.12804694
0.38410000 0.12807391
0.38405000 0.12810051
0.38400000 0.12812674
0.38395000 0.12815260
0.38390000 0.12817808
0.38385000 0.12820320
0.38380000 0.12822794
0.38375000 0.12825231
0.38370000 0.12827631
0.38365000 0.12829994
0.38360000 0.12832319
0.38355000 0.12834608
0.38350000 0.12836859
0.38345000 0.12839074
0.38340000 0.12841251
0.38335000 0.12843391
0.38330000 0.12845494
0.38325000 0.12847559
0.38320000 0.12849588
0.38315000 0.12851580
0.38310000 0.12853534
0.38305000 0.12855451
0.38300000 0.12857331
0.38295000 0.12859174
0.38290000 0.12860980
0.38285000 0.12862749
0.38280000 0.12864481
0.38275000 0.12866176
0.38270000 0.12867833
0.38265000 0.12869454
0.38260000 0.12871037
0.38255000 0.12872583
0.38250000 0.12874092
0.38245000 0.12875564
0.38240000 0.12876999
0.38235000 0.12878397
0.38230000 0.12879758
0.38225000 0.12881082
0.38220000 0.12882369
0.38215000 0.12883618
0.38210000 0.12884831
0.38205000 0.12886006
0.38200000 0.12887145
0.38195000 0.12888246
0.38190000 0.12889310
0.38185000 0.12890338
0.38180000 0.12891328
0.38175000 0.12892281
0.38170000 0.12893197
0.38165000 0.12894076
0.38160000 0.12894918
0.38155000 0.12895723
0.38150000 0.12896491
0.38145000 0.12897222
0.38140000 0.12897916
0.38135000 0.12898572
0.38130000 0.12899192
0.38125000 0.12899775
0.38120000 0.12900321
0.38115000 0.12900829
0.38110000 0.12901301
0.38105000 0.12901736
0.38100000 0.12902133
0.38095000 0.12902494
0.38090000 0.12902818
0.38085000 0.12903104
0.38080000 0.12903354
0.38075000 0.12903567
0.38070000 0.12903742
0.38065000 0.12903881
0.38060000 0.12903982
0.38055000 0.12904047
0.38050000 0.12904075
0.38045000 0.12904066
0.38040000 0.12904019
0.38035000 0.12903936
0.38030000 0.12903816
0.38025000 0.12903658
0.38020000 0.12903464
0.38015000 0.12903233
0.38010000 0.12902965
0.38005000 0.12902660
0.38000000 0.12902318
0.37995000 0.12901939
0.37990000 0.12901523
0.37985000 0.12901070
0.37980000 0.12900580
0.37975000 0.12900053
0.37970000 0.12899490
0.37965000 0.12898889
0.37960000 0.12898251
0.37955000 0.12897577
0.37950000 0.12896865
0.37945000 0.12896117
0.37940000 0.12895331
0.37935000 0.12894509
0.37930000 0.12893650
0.37925000 0.12892754
0.37920000 0.12891821
0.37915000 0.12890851
0.37910000 0.12889844
0.37905000 0.12888800
0.37900000 0.12887720
0.37895000 0.12886602
0.37890000 0.12885448
0.37885000 0.12884256
0.37880000 0.12883028
0.37875000 0.12881763
0.37870000 0.12880461
0.37865000 0.12879122
0.37860000 0.12877746
0.37855000 0.12876334
0.37850000 0.12874884
0.37845000 0.12873398
0.37840000 0.12871874
0.37835000 0.12870314
0.37830000 0.12868717
0.37825000 0.12867083
0.37820000 0.12865413
0.37815000 0.12863705
0.37810000 0.12861961
0.37805000 0.12860179
0.37800000 0.12858361
0.37795000 0.12856506
0.37790000 0.12854615
0.37785000 0.12852686
0.37780000 0.12850721
0.37775000 0.12848718
0.37770000 0.12846679
0.37765000 0.12844603
0.37760000 0.12842491
0.37755000 0.12840341
0.37750000 0.12838155
0.37745000 0.12835932
0.37740000 0.12833672
0.37735000 0.12831375
0.37730000 0.12829041
0.37725000 0.12826671
0.37720000 0.12824264
0.37715000 0.12821820
0.37710000 0.12819339
0.37705000 0.12816821
0.37700000 0.12814267
0.37695000 0.12811676
0.37690000 0.12809048
0.37685000 0.12806383
0.37680000 0.12803682
0.37675000 0.12800944
0.37670000 0.12798169
0.37665000 0.12795357
0.37660000 0.12792509
0.37655000 0.12789624
0.37650000 0.12786702
0.37645000 0.12783743
0.37640000 0.12780747
0.37635000 0.12777715
0.37630000 0.12774646
0.37625000 0.12771541
0.37620000 0.12768398
0.37615000 0.12765219
0.37610000 0.12762003
0.37605000 0.12758751
0.37600000 0.12755462
0.37595000 0.12752136
0.37590000 0.12748773
0.37585000 0.12745374
0.37580000 0.12741937
0.37575000 0.12738465
0.37570000 0.12734955
0.37565000 0.12731409
0.37560000 0.12727826
0.37555000 0.12724207
0.37550000 0.12720550
0.37545000 0.12716857
0.37540000 0.12713128
0.37535000 0.12709362
0.37530000 0.12705559
0.37525000 0.12701719
0.37520000 0.12697843
0.37515000 0.12693930
0.37510000 0.12689980
0.37505000 0.12685994
0.37500000 0.12681971
0.37495000 0.12677912
0.37490000 0.12673815
0.37485000 0.12669683
0.37480000 0.12665513
0.37475000 0.12661307
0.37470000 0.12657064
0.37465000 0.12652785
0.37460000 0.12648469
0.37455000 0.12644117
0.37450000 0.12639727
0.37445000 0.12635302
0.37440000 0.12630839
0.37435000 0.12626340
0.37430000 0.12621805
0.37425000 0.12617233
0.37420000 0.12612624
0.37415000 0.12607978
0.37410000 0.12603296
0.37405000 0.12598578
0.37400000 0.12593823
0.37395000 0.12589031
0.37390000 0.12584203
0.37385000 0.12579338
0.37380000 0.12574437
0.37375000 0.12569499
0.37370000 0.12564524
0.37365000 0.12559513
0.37360000 0.12554466
0.37355000 0.12549381
0.37350000 0.12544261
0.37345000 0.12539104
0.37340000 0.12533910
0.37335000 0.12528680
0.37330000 0.12523413
0.37325000 0.12518109
0.37320000 0.12512770
0.37315000 0.12507393
0.37310000 0.12501980
0.37305000 0.12496531
0.37300000 0.12491045
0.37295000 0.12485523
0.37290000 0.12479964
0.37285000 0.12474368
0.37280000 0.12468736
0.37275000 0.12463068
0.37270000 0.12457363
0.37265000 0.12451622
0.37260000 0.12445844
0.37255000 0.12440030
0.37250000 0.12434179
0.37245000 0.12428292
0.37240000 0.12422368
0.37235000 0.12416408
0.37230000 0.12410412
0.37225000 0.12404379
0.37220000 0.12398309
0.37215000 0.12392203
0.37210000 0.12386061
0.37205000 0.12379882
0.37200000 0.12373667
0.37195000 0.12367416
0.37190000 0.12361128
0.37185000 0.12354803
0.37180000 0.12348442
0.37175000 0.12342045
0.37170000 0.12335611
0.37165000 0.12329141
0.37160000 0.12322635
0.37155000 0.12316092
0.37150000 0.12309513
0.37145000 0.12302897
0.37140000 0.12296245
0.37135000 0.12289557
0.37130000 0.12282832
0.37125000 0.12276071
0.37120000 0.12269274
0.37115000 0.12262440
0.37110000 0.12255570
0.37105000 0.12248663
0.37100000 0.12241720
0.37095000 0.12234741
0.37090000 0.12227725
0.37085000 0.12220673
0.37080000 0.12213585
0.37075000 0.12206461
0.37070000 0.12199300
0.37065000 0.12192102
0.37060000 0.12184869
0.37055000 0.12177599
0.37050000 0.12170293
0.37045000 0.12162950
0.37040000 0.12155572
0.37035000 0.12148157
0.37030000 0.12140705
0.37025000 0.12133218
0.37020000 0.12125694
0.37015000 0.12118134
0.37010000 0.12110537
0.37005000 0.12102904
0.37000000 0.12095235
0.36995000 0.12087530
0.36990000 0.12079789
0.36985000 0.12072011
0.36980000 0.12064197
0.36975000 0.12056347
0.36970000 0.12048460
0.36965000 0.12040537
0.36960000 0.12032578
0.36955000 0.12024583
0.36950000 0.12016552
0.36945000 0.12008484
0.36940000 0.12000380
0.36935000 0.11992240
0.36930000 0.11984064
0.36925000 0.11975851
0.36920000 0.11967603
0.36915000 0.11959318
0.36910000 0.11950997
0.36905000 0.11942639
0.36900000 0.11934246
0.36895000 0.11925816
0.36890000 0.11917351
0.36885000 0.11908849
0.36880000 0.11900310
0.36875000 0.11891736
0.36870000 0.11883126
0.36865000 0.11874479
0.36860000 0.11882023
0.36855000 0.11890824
0.36850000 0.11899585
0.36845000 0.11908307
0.36840000 0.11916989
0.36835000 0.11925631
0.36830000 0.11934234
0.36825000 0.11942797
0.36820000 0.11951321
0.36815000 0.11959805
0.36810000 0.11968249
0.36805000 0.11976654
0.36800000 0.11985019
0.36795000 0.11993345
0.36790000 0.12001631
0.36785000 0.12009877
0.36780000 0.12018084
0.36775000 0.12026252
0.36770000 0.12034379
0.36765000 0.12042467
0.36760000 0.12050516
0.36755000 0.12058525
0.36750000 0.12066494
0.36745000 0.12074424
0.36740000 0.12082315
0.36735000 0.12090166
0.36730000 0.12097977
0.36725000 0.12105749
0.36720000 0.12113481
0.36715000 0.12121173
0.36710000 0.12128827
0.36705000 0.12136440
0.36700000 0.12144014
0.36695000 0.12151549
0.36690000 0.12159044
0.36685000 0.12166500
0.36680000 0.12173916
0.36675000 0.12181293
0.36670000 0.12188630
0.36665000 0.12195927
0.36660000 0.12203186
0.36655000 0.12210404
0.36650000 0.12217583
0.36645000 0.12224723
0.36640000 0.12231824
0.36635000 0.12238884
0.36630000 0.12245906
0.36625000 0.12252888
0.36620000 0.12259830
0.36615000 0.12266733
0.36610000 0.12273597
0.36605000 0.12280421
0.36600000 0.12287206
0.36595000 0.12293951
0.36590000 0.12300657
0.36585000 0.12307324
0.36580000 0.12313951
0.36575000 0.12320538
0.36570000 0.12327087
0.36565000 0.12333596
0.36560000 0.12340065
0.36555000 0.12346495
0.36550000 0.12352886
0.36545000 0.12359237
0.36540000 0.12365549
0.36535000 0.12371822
0.36530000 0.12378055
0.36525000 0.12384249
0.36520000 0.12390403
0.36515000 0.12396518
0.36510000 0.12402594
0.36505000 0.12408631
0.36500000 0.12414628
0.36495000 0.12420586
0.36490000 0.12426504
0.36485000 0.12432383
0.36480000 0.12438223
0.36475000 0.12444024
0.36470000 0.12449785
0.36465000 0.12455507
0.36460000 0.12461189
0.36455000 0.12466832
0.36450000 0.12472436
0.36445000 0.12478001
0.36440000 0.12483526
0.36435000 0.12489013
0.36430000 0.12494459
0.36425000 0.12499867
0.36420000 0.12505235
0.36415000 0.12510564
0.36410000 0.12515854
0.36405000 0.12521105
0.36400000 0.12526316
0.36395000 0.12531488
0.36390000 0.12536621
0.36385000 0.12541714
0.36380000 0.12546769
0.36375000 0.12551784
0.36370000 0.12556760
0.36365000 0.12561696
0.36360000 0.12566594
0.36355000 0.12571452
0.36350000 0.12576271
0.36345000 0.12581051
0.36340000 0.12585791
0.36335000 0.12590493
0.36330000 0.12595155
0.36325000 0.12599778
0.36320000 0.12604362
0.36315000 0.12608907
0.36310000 0.12613413
0.36305000 0.12617879
0.36300000 0.12622306
0.36295000 0.12626694
0.36290000 0.12631043
0.36285000 0.12635353
0.36280000 0.12639624
0.36275000 0.12643856
0.36270000 0.12648048
0.36265000 0.12652201
0.36260000 0.12656316
0.36255000 0.12660391
0.36250000 0.12664427
0.36245000 0.12668424
0.36240000 0.12672381
0.36235000 0.12676300
0.36230000 0.12680180
0.36225000 0.12684020
0.36220000 0.12687822
0.36215000 0.12691584
0.36210000 0.12695307
0.36205000 0.12698992
0.36200000 0.12702637
0.36195000 0.12706243
0.36190000 0.12709810
0.36185000 0.12713338
0.36180000 0.12716827
0.36175000 0.12720277
0.36170000 0.12723688
0.36165000 0.12727060
0.36160000 0.12730393
0.36155000 0.12733687
0.36150000 0.12736942
0.36145000 0.12740158
0.36140000 0.12743334
0.36135000 0.12746472
0.36130000 0.12749571
0.36125000 0.12752631
0.36120000 0.12755652
0.36115000 0.12758634
0.36110000 0.12761577
0.36105000 0.12764481
0.36100000 0.12767346
0.36095000 0.12770172
0.36090000 0.12772960
0.36085000 0.12775708
0.36080000 0.12778417
0.36075000 0.12781087
0.36070000 0.12783719
0.36065000 0.12786311
0.36060000 0.12788865
0.36055000 0.12791380
0.36050000 0.12793855
0.36045000 0.12796292
0.36040000 0.12798690
0.36035000 0.12801049
0.36030000 0.12803370
0.36025000 0.12805651
0.36020000 0.12807893
0.36015000 0.12810097
0.36010000 0.12812262
0.36005000 0.12814387
0.36000000 0.12816474
0.35995000 0.12818523
0.35990000 0.12820532
0.35985000 0.12822502
0.35980000 0.12824434
0.35975000 0.12826327
0.35970000 0.12828181
0.35965000 0.12829996
0.35960000 0.12831772
0.35955000 0.12833510
0.35950000 0.12835209
0.35945000 0.12836868
0.35940000 0.12838490
0.35935000 0.12840072
0.35930000 0.12841615
0.35925000 0.12843120
0.35920000 0.12844586
0.35915000 0.12846014
0.35910000 0.12847402
0.35905000 0.12848752
0.35900000 0.12850063
0.35895000 0.12851335
0.35890000 0.12852568
0.35885000 0.12853763
0.35880000 0.12854919
0.35875000 0.12856037
0.35870000 0.12857115
0.35865000 0.12858155
0.35860000 0.12859156
0.35855000 0.12860119
0.35850000 0.12861043
0.35845000 0.12861928
0.35840000 0.12862774
0.35835000 0.12863582
0.35830000 0.12864351
0.35825000 0.12865081
0.35820000 0.12865773
0.35815000 0.12866426
0.35810000 0.12867040
0.35805000 0.12867616
0.35800000 0.12868153
0.35795000 0.12868652
0.35790000 0.12869112
0.35785000 0.12869533
0.35780000 0.12869915
0.35775000 0.12870259
0.35770000 0.12870565
0.35765000 0.12870832
0.35760000 0.12871060
0.35755000 0.12871249
0.35750000 0.12871400
0.35745000 0.12871513
0.35740000 0.12871587
0.35735000 0.12871622
0.35730000 0.12871619
0.35725000 0.12871577
0.35720000 0.12871496
0.35715000 0.12871378
0.35710000 0.12871220
0.35705000 0.12871024
0.35700000 0.12870789
0.35695000 0.12870516
0.35690000 0.12870205
0.35685000 0.12869855
0.35680000 0.12869466
0.35675000 0.12869039
0.35670000 0.12868573
0.35665000 0.12868069
0.35660000 0.12867527
0.35655000 0.12866946
0.35650000 0.12866326
0.35645000 0.12865668
0.35640000 0.12864972
0.35635000 0.12864237
0.35630000 0.12863463
0.35625000 0.12862652
0.35620000 0.12861801
0.35615000 0.12860913
0.35610000 0.12859985
0.35605000 0.12859020
0.35600000 0.12858016
0.35595000 0.12856974
0.35590000 0.12855893
0.35585000 0.12854774
0.35580000 0.12853616
0.35575000 0.12852420
0.35570000 0.12851186
0.35565000 0.12849913
0.35560000 0.12848602
0.35555000 0.12847253
0.35550000 0.12845865
0.35545000 0.12844439
0.35540000 0.12842974
0.35535000 0.12841471
0.35530000 0.12839930
0.35525000 0.12838351
0.35520000 0.12836733
0.35515000 0.12835077
0.35510000 0.12833382
0.35505000 0.12831650
0.35500000 0.12829878
0.35495000 0.12828069
0.35490000 0.12826222
0.35485000 0.12824336
0.35480000 0.12822411
0.35475000 0.12820449
0.35470000 0.12818448
0.35465000 0.12816409
0.35460000 0.12814332
0.35455000 0.12812217
0.35450000 0.12810063
0.35445000 0.12807871
0.35440000 0.12805641
0.35435000 0.12803372
0.35430000 0.12801066
0.35425000 0.12798721
0.35420000 0.12796338
0.35415000 0.12793917
0.35410000 0.12791457
0.35405000 0.12788960
0.35400000 0.12786424
0.35395000 0.12783850
0.35390000 0.12781238
0.35385000 0.12778588
0.35380000 0.12775899
0.35375000 0.12773173
0.35370000 0.12770408
0.35365000 0.12767605
0.35360000 0.12764764
0.35355000 0.12761885
0.35350000 0.12758968
0.35345000 0.12756012
0.35340000 0.12753019
0.35335000 0.12749987
0.35330000 0.12746918
0.35325000 0.12743810
0.35320000 0.12740664
0.35315000 0.12737480
0.35310000 0.12734258
0.35305000 0.12730998
0.35300000 0.12727700
0.35295000 0.12724364
0.35290000 0.12720990
0.35285000 0.12717578
0.35280000 0.12714128
0.35275000 0.12710639
0.35270000 0.12707113
0.35265000 0.12703549
0.35260000 0.12699947
0.35255000 0.12696306
0.35250000 0.12692628
0.35245000 0.12688912
0.35240000 0.12685158
0.35235000 0.12681365
0.35230000 0.12677535
0.35225000 0.12673667
0.35220000 0.12669761
0.35215000 0.12665817
0.35210000 0.12661835
0.35205000 0.12657815
0.35200000 0.12653757
0.35195000 0.12649661
0.35190000 0.12645528
0.35185000 0.12641356
0.35180000 0.12637146
0.35175000 0.12632899
0.35170000 0.12628614
0.35165000 0.12624290
0.35160000 0.12619929
0.35155000 0.12615530
0.35150000 0.12611094
0.35145000 0.12606619
0.35140000 0.12602106
0.35135000 0.12597556
0.35130000 0.12592968
0.35125000 0.12588342
0.35120000 0.12583678
0.35115000 0.12578976
0.35110000 0.12574237
0.35105000 0.12569459
0.35100000 0.12564644
0.35095000 0.12559791
0.35090000 0.12554901
0.35085000 0.12549972
0.35080000 0.12545006
0.35075000 0.12540002
0.35070000 0.12534960
0.35065000 0.12529880
0.35060000 0.12524763
0.35055000 0.12519608
0.35050000 0.12514415
0.35045000 0.12509185
0.35040000 0.12503917
0.35035000 0.12498611
0.35030000 0.12493267
0.35025000 0.12487886
0.35020000 0.12482467
0.35015000 0.12477010
0.35010000 0.12471515
0.35005000 0.12465983
0.35000000 0.12460414
0.34995000 0.12454806
0.34990000 0.12449161
0.34985000 0.12443478
0.34980000 0.12437758
0.34975000 0.12432000
0.34970000 0.12426204
0.34965000 0.12420371
0.34960000 0.12414500
0.34955000 0.12408592
0.34950000 0.12402645
0.34945000 0.12396662
0.34940000 0.12390640
0.34935000 0.12384582
0.34930000 0.12378485
0.34925000 0.12372351
0.34920000 0.12366179
0.34915000 0.12359970
0.34910000 0.12353724
0.34905000 0.12347439
0.34900000 0.12341118
0.34895000 0.12334758
0.34890000 0.12328362
0.34885000 0.12321927
0.34880000 0.12315455
0.34875000 0.12308946
0.34870000 0.12302399
0.34865000 0.12295815
0.34860000 0.12289193
0.34855000 0.12282534
0.34850000 0.12275837
0.34845000 0.12269103
0.34840000 0.12262331
0.34835000 0.12255522
0.34830000 0.12248675
0.34825000 0.12241791
0.34820000 0.12234870
0.34815000 0.12227911
0.34810000 0.12220915
0.34805000 0.12213881
0.34800000 0.12206810
0.34795000 0.12199702
0.34790000 0.12192556
0.34785000 0.12185373
0.34780000 0.12178152
0.34775000 0.12170894
0.34770000 0.12163599
0.34765000 0.12156266
0.34760000 0.12148897
0.34755000 0.12141489
0.34750000 0.12134045
0.34745000 0.12126563
0.34740000 0.12119043
0.34735000 0.12111487
0.34730000 0.12103893
0.34725000 0.12096262
0.34720000 0.12088593
0.34715000 0.12080887
0.34710000 0.12073144
0.34705000 0.12065364
0.34700000 0.12057547
0.34695000 0.12049692
0.34690000 0.12041800
0.34685000 0.12033871
0.34680000 0.12025904
0.34675000 0.12017900
0.34670000 0.12009859
0.34665000 0.12001781
0.34660000 0.11993666
0.34655000 0.11985513
0.34650000 0.11977324
0.34645000 0.11969097
0.34640000 0.11960833
0.34635000 0.11952531
0.34630000 0.11944193
0.34625000 0.11935817
0.34620000 0.11927405
0.34615000 0.11918955
0.34610000 0.11910468
0.34605000 0.11901944
0.34600000 0.11893383
0.34595000 0.11884784
0.34590000 0.11876149
0.34585000 0.11867476
0.34580000 0.11858767
0.34575000 0.11850020
0.34570000 0.11841237
0.34565000 0.11832416
0.34560000 0.11823558
0.34555000 0.11814663
0.34550000 0.11805731
0.34545000 0.11811639
0.34540000 0.11820552
0.34535000 0.11829424
0.34530000 0.11838254
0.34525000 0.11847042
0.34520000 0.11855789
0.34515000 0.11864495
0.34510000 0.11873159
0.34505000 0.11881781
0.34500000 0.11890362
0.34495000 0.11898901
0.34490000 0.11907399
0.34485000 0.11915855
0.34480000 0.11924270
0.34475000 0.11932644
0.34470000 0.11940975
0.34465000 0.11949266
0.34460000 0.11957515
0.34455000 0.11965722
0.34450000 0.11973888
0.34445000 0.11982012
0.34440000 0.11990095
0.34435000 0.11998137
0.34430000 0.12006137
0.34425000 0.12014096
0.34420000 0.12022013
0.34415000 0.12029889
0.34410000 0.12037724
0.34405000 0.12045517
0.34400000 0.12053268
0.34395000 0.12060979
0.34390000 0.12068648
0.34385000 0.12076275
0.34380000 0.12083862
0.34375000 0.12091406
0.34370000 0.12098910
0.34365000 0.12106372
0.34360000 0.12113793
0.34355000 0.12121173
0.34350000 0.12128511
0.34345000 0.12135808
0.34340000 0.12143064
0.34335000 0.12150278
0.34330000 0.12157451
0.34325000 0.12164583
0.34320000 0.12171674
0.34315000 0.12178723
0.34310000 0.12185731
0.34305000 0.12192698
0.34300000 0.12199623
0.34295000 0.12206508
0.34290000 0.12213351
0.34285000 0.12220153
0.34280000 0.12226913
0.34275000 0.12233633
0.34270000 0.12240311
0.34265000 0.12246948
0.34260000 0.12253544
0.34255000 0.12260099
0.34250000 0.12266612
0.34245000 0.12273085
0.34240000 0.12279516
0.34235000 0.12285906
0.34230000 0.12292255
0.34225000 0.12298563
0.34220000 0.12304830
0.34215000 0.12311056
0.34210000 0.12317240
0.34205000 0.12323384
0.34200000 0.12329486
0.34195000 0.12335548
0.34190000 0.12341568
0.34185000 0.12347547
0.34180000 0.12353485
0.34175000 0.12359382
0.34170000 0.12365238
0.34165000 0.12371053
0.34160000 0.12376827
0.34155000 0.12382560
0.34150000 0.12388252
0.34145000 0.12393903
0.34140000 0.12399513
0.34135000 0.12405082
0.34130000 0.12410610
0.34125000 0.12416098
0.34120000 0.12421544
0.34115000 0.12426949
0.34110000 0.12432313
0.34105000 0.12437636
0.34100000 0.12442919
0.34095000 0.12448160
0.34090000 0.12453361
0.34085000 0.12458520
0.34080000 0.12463639
0.34075000 0.12468717
0.34070000 0.12473754
0.34065000 0.12478750
0.34060000 0.12483705
0.34055000 0.12488619
0.34050000 0.12493493
0.34045000 0.12498325
0.34040000 0.12503117
0.34035000 0.12507868
0.34030000 0.12512578
0.34025000 0.12517248
0.34020000 0.12521876
0.34015000 0.12526464
0.34010000 0.12531011
0.34005000 0.12535517
0.34000000 0.12539982
0.33995000 0.12544407
0.33990000 0.12548791
0.33985000 0.12553134
0.33980000 0.12557437
0.33975000 0.12561698
0.33970000 0.12565919
0.33965000 0.12570099
0.33960000 0.12574239
0.33955000 0.12578338
0.33950000 0.12582396
0.33945000 0.12586413
0.33940000 0.12590390
0.33935000 0.12594326
0.33930000 0.12598222
0.33925000 0.12602076
0.33920000 0.12605891
0.33915000 0.12609664
0.33910000 0.12613397
0.33905000 0.12617089
0.33900000 0.12620741
0.33895000 0.12624352
0.33890000 0.12627923
0.33885000 0.12631452
0.33880000 0.12634942
0.33875000 0.12638391
0.33870000 0.12641799
0.33865000 0.12645166
0.33860000 0.12648493
0.33855000 0.12651780
0.33850000 0.12655026
0.33845000 0.12658231
0.33840000 0.12661396
0.33835000 0.12664521
0.33830000 0.12667605
0.33825000 0.12670648
0.33820000 0.12673651
0.33815000 0.12676614
0.33810000 0.12679536
0.33805000 0.12682418
0.33800000 0.12685259
0.33795000 0.12688060
0.33790000 0.12690820
0.33785000 0.12693540
0.33780000 0.12696219
0.33775000 0.12698858
0.33770000 0.12701457
0.33765000 0.12704015
0.33760000 0.12706533
0.33755000 0.12709011
0.33750000 0.12711448
0.33745000 0.12713845
0.33740000 0.12716201
0.33735000 0.12718517
0.33730000 0.12720793
0.33725000 0.12723029
0.33720000 0.12725224
0.33715000 0.12727379
0.33710000 0.12729493
0.33705000 0.12731568
0.33700000 0.12733602
0.33695000 0.12735595
0.33690000 0.12737549
0.33685000 0.12739462
0.33680000 0.12741335
0.33675000 0.12743168
0.33670000 0.12744960
0.33665000 0.12746713
0.33660000 0.12748425
0.33655000 0.12750097
0.33650000 0.12751728
0.33645000 0.12753320
0.33640000 0.12754871
0.33635000 0.12756382
0.33630000 0.12757853
0.33625000 0.12759284
0.33620000 0.12760675
0.33615000 0.12762025
0.33610000 0.12763336
0.33605000 0.12764606
0.33600000 0.12765836
0.33595000 0.12767026
0.33590000 0.12768176
0.33585000 0.12769286
0.33580000 0.12770356
0.33575000 0.12771386
0.33570000 0.12772376
0.33565000 0.12773325
0.33560000 0.12774235
0.33555000 0.12775105
0.33550000 0.12775934
0.33545000 0.12776724
0.33540000 0.12777473
0.33535000 0.12778183
0.33530000 0.12778852
0.33525000 0.12779482
0.33520000 0.12780072
0.33515000 0.12780621
0.33510000 0.12781131
0.33505000 0.12781601
0.33500000 0.12782031
0.33495000 0.12782420
0.33490000 0.12782770
0.33485000 0.12783080
0.33480000 0.12783351
0.33475000 0.12783581
0.33470000 0.12783771
0.33465000 0.12783922
0.33460000 0.12784032
0.33455000 0.12784103
0.33450000 0.12784134
0.33445000 0.12784125
0.33440000 0.12784076
0.33435000 0.12783988
0.33430000 0.12783859
0.33425000 0.12783691
0.33420000 0.12783483
0.33415000 0.12783236
0.33410000 0.12782948
0.33405000 0.12782621
0.33400000 0.12782254
0.33395000 0.12781847
0.33390000 0.12781400
0.33385000 0.12780914
0.33380000 0.12780388
0.33375000 0.12779822
0.33370000 0.12779217
0.33365000 0.12778571
0.33360000 0.12777887
0.33355000 0.12777162
0.33350000 0.12776398
0.33345000 0.12775594
0.33340000 0.12774750
0.33335000 0.12773867
0.33330000 0.12772944
0.33325000 0.12771982
0.33320000 0.12770980
0.33315000 0.12769938
0.33310000 0.12768857
0.33305000 0.12767736
0.33300000 0.12766576
0.33295000 0.12765376
0.33290000 0.12764136
0.33285000 0.12762857
0.33280000 0.12761538
0.33275000 0.12760180
0.33270000 0.12758782
0.33265000 0.12757345
0.33260000 0.12755868
0.33255000 0.12754352
0.33250000 0.12752796
0.33245000 0.12751201
0.33240000 0.12749566
0.33235000 0.12747892
0.33230000 0.12746178
0.33225000 0.12744425
0.33220000 0.12742633
0.33215000 0.12740801
0.33210000 0.12738929
0.33205000 0.12737019
0.33200000 0.12735068
0.33195000 0.12733079
0.33190000 0.12731050
0.33185000 0.12728982
0.33180000 0.12726874
0.33175000 0.12724727
0.33170000 0.12722540
0.33165000 0.12720315
0.33160000 0.12718049
0.33155000 0.12715745
0.33150000 0.12713401
0.33145000 0.12711018
0.33140000 0.12708596
0.33135000 0.12706134
0.33130000 0.12703634
0.33125000 0.12701093
0.33120000 0.12698514
0.33115000 0.12695895
0.33110000 0.12693238
0.33105000 0.12690541
0.33100000 0.12687804
0.33095000 0.12685029
0.33090000 0.12682214
0.33085000 0.12679360
0.33080000 0.12676467
0.33075000 0.12673535
0.33070000 0.12670563
0.33065000 0.12667553
0.33060000 0.12664503
0.33055000 0.12661414
0.33050000 0.12658286
0.33045000 0.12655119
0.33040000 0.12651913
0.33035000 0.12648668
0.33030000 0.12645383
0.33025000 0.12642060
0.33020000 0.12638697
0.33015000 0.12635296
0.33010000 0.12631855
0.33005000 0.12628375
0.33000000 0.12624857
0.32995000 0.12621299
0.32990000 0.12617702
0.32985000 0.12614067
0.32980000 0.12610392
0.32975000 0.12606678
0.32970000 0.12602925
0.32965000 0.12599134
0.32960000 0.12595303
0.32955000 0.12591434
0.32950000 0.12587525
0.32945000 0.12583578
0.32940000 0.12579591
0.32935000 0.12575566
0.32930000 0.12571502
0.32925000 0.12567399
0.32920000 0.12563257
0.32915000 0.12559076
0.32910000 0.12554857
0.32905000 0.12550598
0.32900000 0.12546301
0.32895000 0.12541965
0.32890000 0.12537590
0.32885000 0.12533176
0.32880000 0.12528724
0.32875000 0.12524232
0.32870000 0.12519702
0.32865000 0.12515133
0.32860000 0.12510525
0.32855000 0.12505879
0.32850000 0.12501194
0.32845000 0.12496470
0.32840000 0.12491707
0.32835000 0.12486906
0.32830000 0.12482066
0.32825000 0.12477187
0.32820000 0.12472269
0.32815000 0.12467313
0.32810000 0.12462318
0.32805000 0.12457285
0.32800000 0.12452213
0.32795000 0.12447102
0.32790000 0.12441953
0.32785000 0.12436765
0.32780000 0.12431538
0.32775000 0.12426273
0.32770000 0.12420969
0.32765000 0.12415627
0.32760000 0.12410246
0.32755000 0.12404826
0.32750000 0.12399368
0.32745000 0.12393872
0.32740000 0.12388337
0.32735000 0.12382763
0.32730000 0.12377151
0.32725000 0.12371500
0.32720000 0.12365811
0.32715000 0.12360083
0.32710000 0.12354317
0.32705000 0.12348513
0.32700000 0.12342670
0.32695000 0.12336788
0.32690000 0.12330868
0.32685000 0.12324910
0.32680000 0.12318913
0.32675000 0.12312878
0.32670000 0.12306804
0.32665000 0.12300693
0.32660000 0.12294542
0.32655000 0.12288354
0.32650000 0.12282127
0.32645000 0.12275861
0.32640000 0.12269558
0.32635000 0.12263216
0.32630000 0.12256835
0.32625000 0.12250417
0.32620000 0.12243960
0.32615000 0.12237465
0.32610000 0.12230931
0.32605000 0.12224359
0.32600000 0.12217749
0.32595000 0.12211101
0.32590000 0.12204415
0.32585000 0.12197690
0.32580000 0.12190927
0.32575000 0.12184126
0.32570000 0.12177287
0.32565000 0.12170409
0.32560000 0.12163493
0.32555000 0.12156540
0.32550000 0.12149548
0.32545000 0.12142518
0.32540000 0.12135449
0.32535000 0.12128343
0.32530000 0.12121198
0.32525000 0.12114016
0.32520000 0.12106795
0.32515000 0.12099536
0.32510000 0.12092239
0.32505000 0.12084905
0.32500000 0.12077532
0.32495000 0.12070121
0.32490000 0.12062672
0.32485000 0.12055185
0.32480000 0.12047659
0.32475000 0.12040096
0.32470000 0.12032495
0.32465000 0.12024856
0.32460000 0.12017179
0.32455000 0.12009464
0.32450000 0.12001711
0.32445000 0.11993920
0.32440000 0.11986092
0.32435000 0.11978225
0.32430000 0.11970320
0.32425000 0.11962378
0.32420000 0.11954397
0.32415000 0.11946379
0.32410000 0.11938323
0.32405000 0.11930229
0.32400000 0.11922097
0.32395000 0.11913927
0.32390000 0.11905720
0.32385000 0.11897474
0.32380000 0.11889191
0.32375000 0.11880870
0.32370000 0.11872511
0.32365000 0.11864115
0.32360000 0.11855681
0.32355000 0.11847209
0.32350000 0.11838699
0.32345000 0.11830151
0.32340000 0.11821566
0.32335000 0.11812943
0.32330000 0.11804282
0.32325000 0.11795584
0.32320000 0.11786848
0.32315000 0.11778074
0.32310000 0.11769263
0.32305000 0.11760414
0.32300000 0.11751527
0.32295000 0.11742603
0.32290000 0.11733641
0.32285000 0.11724641
0.32280000 0.11715604
0.32275000 0.11706529
0.32270000 0.11697417
0.32265000 0.11705502
0.32260000 0.11714412
0.32255000 0.11723279
0.32250000 0.11732103
0.32245000 0.11740884
0.32240000 0.11749621
0.32235000 0.11758316
0.32230000 0.11766967
0.32225000 0.11775575
0.32220000 0.11784140
0.32215000 0.11792662
0.32210000 0.11801141
0.32205000 0.11809577
0.32200000 0.11817969
0.32195000 0.11826319
0.32190000 0.11834625
0.32185000 0.11842888
0.32180000 0.11851109
0.32175000 0.11859286
0.32170000 0.11867420
0.32165000 0.11875512
0.32160000 0.11883560
0.32155000 0.11891565
0.32150000 0.11899527
0.32145000 0.11907447
0.32140000 0.11915323
0.32135000 0.11923156
0.32130000 0.11930947
0.32125000 0.11938694
0.32120000 0.11946399
0.32115000 0.11954061
0.32110000 0.11961679
0.32105000 0.11969255
0.32100000 0.11976788
0.32095000 0.11984279
0.32090000 0.11991726
0.32085000 0.11999130
0.32080000 0.12006492
0.32075000 0.12013811
0.32070000 0.12021087
0.32065000 0.12028320
0.32060000 0.12035511
0.32055000 0.12042658
0.32050000 0.12049763
0.32045000 0.12056825
0.32040000 0.12063845
0.32035000 0.12070822
0.32030000 0.12077756
0.32025000 0.12084647
0.32020000 0.12091495
0.32015000 0.12098301
0.32010000 0.12105064
0.32005000 0.12111785
0.32000000 0.12118463
0.31995000 0.12125098
0.31990000 0.12131691
0.31985000 0.12138241
0.31980000 0.12144748
0.31975000 0.12151213
0.31970000 0.12157635
0.31965000 0.12164015
0.31960000 0.12170352
0.31955000 0.12176647
0.31950000 0.12182899
0.31945000 0.12189108
0.31940000 0.12195275
0.31935000 0.12201399
0.31930000 0.12207481
0.31925000 0.12213521
0.31920000 0.12219518
0.31915000 0.12225472
0.31910000 0.12231384
0.31905000 0.12237254
0.31900000 0.12243081
0.31895000 0.12248866
0.31890000 0.12254609
0.31885000 0.12260309
0.31880000 0.12265966
0.31875000 0.12271581
0.31870000 0.12277154
0.31865000 0.12282685
0.31860000 0.12288173
0.31855000 0.12293619
0.31850000 0.12299022
0.31845000 0.12304384
0.31840000 0.12309703
0.31835000 0.12314979
0.31830000 0.12320214
0.31825000 0.12325406
0.31820000 0.12330556
0.31815000 0.12335663
0.31810000 0.12340729
0.31805000 0.12345752
0.31800000 0.12350733
0.31795000 0.12355672
0.31790000 0.12360568
0.31785000 0.12365423
0.31780000 0.12370235
0.31775000 0.12375005
0.31770000 0.12379733
0.31765000 0.12384419
0.31760000 0.12389063
0.31755000 0.12393665
0.31750000 0.12398225
0.31745000 0.12402742
0.31740000 0.12407218
0.31735000 0.12411651
0.31730000 0.12416042
0.31725000 0.12420392
0.31720000 0.12424699
0.31715000 0.12428964
0.31710000 0.12433188
0.31705000 0.12437369
0.31700000 0.12441508
0.31695000 0.12445606
0.31690000 0.12449661
0.31685000 0.12453675
0.31680000 0.12457646
0.31675000 0.12461576
0.31670000 0.12465464
0.31665000 0.12469310
0.31660000 0.12473114
0.31655000 0.12476876
0.31650000 0.12480596
0.31645000 0.12484275
0.31640000 0.12487911
0.31635000 0.12491506
0.31630000 0.12495059
0.31625000 0.12498570
0.31620000 0.12502039
0.31615000 0.12505467
0.31610000 0.12508853
0.31605000 0.12512197
0.31600000 0.12515499
0.31595000 0.12518760
0.31590000 0.12521979
0.31585000 0.12525156
0.31580000 0.12528292
0.31575000 0.12531385
0.31570000 0.12534437
0.31565000 0.12537448
0.31560000 0.12540417
0.31555000 0.12543344
0.31550000 0.12546230
0.31545000 0.12549074
0.31540000 0.12551876
0.31535000 0.12554637
0.31530000 0.12557356
0.31525000 0.12560034
0.31520000 0.12562670
0.31515000 0.12565264
0.31510000 0.12567817
0.31505000 0.12570329
0.31500000 0.12572799
0.31495000 0.12575227
0.31490000 0.12577614
0.31485000 0.12579960
0.31480000 0.12582264
0.31475000 0.12584526
0.31470000 0.12586748
0.31465000 0.12588927
0.31460000 0.12591066
0.31455000 0.12593163
0.31450000 0.12595218
0.31445000 0.12597232
0.31440000 0.12599205
0.31435000 0.12601137
0.31430000 0.12603027
0.31425000 0.12604876
0.31420000 0.12606683
0.31415000 0.12608449
0.31410000 0.12610174
0.31405000 0.12611858
0.31400000 0.12613500
0.31395000 0.12615101
0.31390000 0.12616661
0.31385000 0.12618180
0.31380000 0.12619657
0.31375000 0.12621093
0.31370000 0.12622488
0.31365000 0.12623842
0.31360000 0.12625155
0.31355000 0.12626426
0.31350000 0.12627656
0.31345000 0.12628846
0.31340000 0.12629994
0.31335000 0.12631100
0.31330000 0.12632166
0.31325000 0.12633191
0.31320000 0.12634175
0.31315000 0.12635117
0.31310000 0.12636019
0.31305000 0.12636879
0.31300000 0.12637699
0.31295000 0.12638477
0.31290000 0.12639215
0.31285000 0.12639911
0.31280000 0.12640567
0.31275000 0.12641181
0.31270000 0.12641755
0.31265000 0.12642287
0.31260000 0.12642779
0.31255000 0.12643230
0.31250000 0.12643640
0.31245000 0.12644009
0.31240000 0.12644337
0.31235000 0.12644624
0.31230000 0.12644870
0.31225000 0.12645076
0.31220000 0.12645241
0.31215000 0.12645364
0.31210000 0.12645447
0.31205000 0.12645490
0.31200000 0.12645491
0.31195000 0.12645452
0.31190000 0.12645372
0.31185000 0.12645251
0.31180000 0.12645089
0.31175000 0.12644887
0.31170000 0.12644644
0.31165000 0.12644360
0.31160000 0.12644036
0.31155000 0.12643671
0.31150000 0.12643265
0.31145000 0.12642819
0.31140000 0.12642332
0.31135000 0.12641804
0.31130000 0.12641236
0.31125000 0.12640627
0.31120000 0.12639977
0.31115000 0.12639287
0.31110000 0.12638557
0.31105000 0.12637786
0.31100000 0.12636974
0.31095000 0.12636122
0.31090000 0.12635229
0.31085000 0.12634296
0.31080000 0.12633322
0.31075000 0.12632308
0.31070000 0.12631253
0.31065000 0.12630158
0.31060000 0.12629023
0.31055000 0.12627847
0.31050000 0.12626630
0.31045000 0.12625373
0.31040000 0.12624076
0.31035000 0.12622739
0.31030000 0.12621361
0.31025000 0.12619942
0.31020000 0.12618484
0.31015000 0.12616985
0.31010000 0.12615445
0.31005000 0.12613866
0.31000000 0.12612246
0.30995000 0.12610586
0.30990000 0.12608885
0.30985000 0.12607145
0.30980000 0.12605364
0.30975000 0.12603543
0.30970000 0.12601681
0.30965000 0.12599780
0.30960000 0.12597838
0.30955000 0.12595856
0.30950000 0.12593834
0.30945000 0.12591772
0.30940000 0.12589669
0.30935000 0.12587527
0.30930000 0.12585344
0.30925000 0.12583121
0.30920000 0.12580858
0.30915000 0.12578555
0.30910000 0.12576213
0.30905000 0.12573829
0.30900000 0.12571406
0.30895000 0.12568943
0.30890000 0.12566440
0.30885000 0.12563897
0.30880000 0.12561314
0.30875000 0.12558691
0.30870000 0.12556028
0.30865000 0.12553325
0.30860000 0.12550582
0.30855000 0.12547799
0.30850000 0.12544976
0.30845000 0.12542113
0.30840000 0.12539211
0.30835000 0.12536268
0.30830000 0.12533286
0.30825000 0.12530264
0.30820000 0.12527202
0.30815000 0.12524100
0.30810000 0.12520959
0.30805000 0.12517777
0.30800000 0.12514556
0.30795000 0.12511295
0.30790000 0.12507994
0.30785000 0.12504654
0.30780000 0.12501273
0.30775000 0.12497853
0.30770000 0.12494394
0.30765000 0.12490894
0.30760000 0.12487355
0.30755000 0.12483777
0.30750000 0.12480158
0.30745000 0.12476500
0.30740000 0.12472803
0.30735000 0.12469065
0.30730000 0.12465288
0.30725000 0.12461472
0.30720000 0.12457616
0.30715000 0.12453720
0.30710000 0.12449785
0.30705000 0.12445810
0.30700000 0.12441796
0.30695000 0.12437742
0.30690000 0.12433649
0.30685000 0.12429516
0.30680000 0.12425344
0.30675000 0.12421132
0.30670000 0.12416881
0.30665000 0.12412590
0.30660000 0.12408260
0.30655000 0.12403891
0.30650000 0.12399482
0.30645000 0.12395034
0.30640000 0.12390546
0.30635000 0.12386019
0.30630000 0.12381453
0.30625000 0.12376847
0.30620000 0.12372202
0.30615000 0.12367518
0.30610000 0.12362795
0.30605000 0.12358032
0.30600000 0.12353230
0.30595000 0.12348388
0.30590000 0.12343507
0.30585000 0.12338588
0.30580000 0.12333629
0.30575000 0.12328630
0.30570000 0.12323593
0.30565000 0.12318516
0.30560000 0.12313400
0.30555000 0.12308245
0.30550000 0.12303051
0.30545000 0.12297818
0.30540000 0.12292546
0.30535000 0.12287234
0.30530000 0.12281884
0.30525000 0.12276494
0.30520000 0.12271065
0.30515000 0.12265598
0.30510000 0.12260091
0.30505000 0.12254545
0.30500000 0.12248960
0.30495000 0.12243336
0.30490000 0.12237674
0.30485000 0.12231972
0.30480000 0.12226231
0.30475000 0.12220452
0.30470000 0.12214633
0.30465000 0.12208776
0.30460000 0.12202879
0.30455000 0.12196944
0.30450000 0.12190970
0.30445000 0.12184957
0.30440000 0.12178905
0.30435000 0.12172814
0.30430000 0.12166685
0.30425000 0.12160516
0.30420000 0.12154309
0.30415000 0.12148063
0.30410000 0.12141779
0.30405000 0.12135455
0.30400000 0.12129093
0.30395000 0.12122692
0.30390000 0.12116252
0.30385000 0.12109774
0.30380000 0.12103257
0.30375000 0.12096701
0.30370000 0.12090107
0.30365000 0.12083474
0.30360000 0.12076802
0.30355000 0.12070092
0.30350000 0.12063343
0.30345000 0.12056556
0.30340000 0.12049730
0.30335000 0.12042865
0.30330000 0.12035962
0.30325000 0.12029020
0.30320000 0.12022040
0.30315000 0.12015021
0.30310000 0.12007964
0.30305000 0.12000868
0.30300000 0.11993734
0.30295000 0.11986561
0.30290000 0.11979350
0.30285000 0.11972100
0.30280000 0.11964812
0.30275000 0.11957486
0.30270000 0.11950121
0.30265000 0.11942718
0.30260000 0.11935276
0.30255000 0.11927796
0.30250000 0.11920278
0.30245000 0.11912721
0.30240000 0.11905127
0.30235000 0.11897493
0.30230000 0.11889822
0.30225000 0.11882112
0.30220000 0.11874364
0.30215000 0.11866578
0.30210000 0.11858753
0.30205000 0.11850891
0.30200000 0.11842990
0.30195000 0.11835050
0.30190000 0.11827073
0.30185000 0.11819058
0.30180000 0.11811004
0.30175000 0.11802912
0.30170000 0.11794782
0.30165000 0.11786614
0.30160000 0.11778408
0.30155000 0.11770164
0.30150000 0.11761882
0.30145000 0.11753562
0.30140000 0.11745203
0.30135000 0.11736807
0.30130000 0.11728372
0.30125000 0.11719900
0.30120000 0.11711390
0.30115000 0.11702841
0.30110000 0.11694255
0.30105000 0.11685631
0.30100000 0.11676969
0.30095000 0.11668268
0.30090000 0.11659530
0.30085000 0.11650754
0.30080000 0.11641941
0.30075000 0.11633089
0.30070000 0.11624200
0.30065000 0.11615272
0.30060000 0.11606307
0.30055000 0.11597304
0.30050000 0.11588263
0.30045000 0.11579185
0.30040000 0.11570068
0.30035000 0.11560914
0.30030000 0.11558114
0.30025000 0.11566934
0.30020000 0.11575709
0.30015000 0.11584440
0.30010000 0.11593127
0.30005000 0.11601769
0.30000000 0.11610366
0.29995000 0.11618920
0.29990000 0.11627429
0.29985000 0.11635893
0.29980000 0.11644313
0.29975000 0.11652689
0.29970000 0.11661020
0.29965000 0.11669308
0.29960000 0.11677550
0.29955000 0.11685749
0.29950000 0.11693903
0.29945000 0.11702013
0.29940000 0.11710079
0.29935000 0.11718101
0.29930000 0.11726078
0.29925000 0.11734011
0.29920000 0.11741900
0.29915000 0.11749745
0.29910000 0.11757545
0.29905000 0.11765302
0.29900000 0.11773014
0.29895000 0.11780682
0.29890000 0.11788307
0.29885000 0.11795887
0.29880000 0.11803423
0.29875000 0.11810914
0.29870000 0.11818362
0.29865000 0.11825766
0.29860000 0.11833126
0.29855000 0.11840442
0.29850000 0.11847714
0.29845000 0.11854942
0.29840000 0.11862126
0.29835000 0.11869266
0.29830000 0.11876362
0.29825000 0.11883414
0.29820000 0.11890422
0.29815000 0.11897387
0.29810000 0.11904307
0.29805000 0.11911184
0.29800000 0.11918017
0.29795000 0.11924806
0.29790000 0.11931551
0.29785000 0.11938253
0.29780000 0.11944910
0.29775000 0.11951524
0.29770000 0.11958094
0.29765000 0.11964621
0.29760000 0.11971104
0.29755000 0.11977543
0.29750000 0.11983938
0.29745000 0.11990290
0.29740000 0.11996598
0.29735000 0.12002862
0.29730000 0.12009083
0.29725000 0.12015260
0.29720000 0.12021394
0.29715000 0.12027484
0.29710000 0.12033530
0.29705000 0.12039533
0.29700000 0.12045492
0.29695000 0.12051408
0.29690000 0.12057280
0.29685000 0.12063109
0.29680000 0.12068895
0.29675000 0.12074637
0.29670000 0.12080335
0.29665000 0.12085990
0.29660000 0.12091602
0.29655000 0.12097170
0.29650000 0.12102695
0.29645000 0.12108176
0.29640000 0.12113614
0.29635000 0.12119009
0.29630000 0.12124360
0.29625000 0.12129669
0.29620000 0.12134933
0.29615000 0.12140155
0.29610000 0.12145333
0.29605000 0.12150468
0.29600000 0.12155560
0.29595000 0.12160609
0.29590000 0.12165614
0.29585000 0.12170576
0.29580000 0.12175495
0.29575000 0.12180371
0.29570000 0.12185204
0.29565000 0.12189993
0.29560000 0.12194740
0.29555000 0.12199443
0.29550000 0.12204104
0.29545000 0.12208721
0.29540000 0.12213295
0.29535000 0.12217826
0.29530000 0.12222314
0.29525000 0.12226759
0.29520000 0.12231161
0.29515000 0.12235521
0.29510000 0.12239837
0.29505000 0.12244110
0.29500000 0.12248340
0.29495000 0.12252528
0.29490000 0.12256672
0.29485000 0.12260774
0.29480000 0.12264832
0.29475000 0.12268848
0.29470000 0.12272821
0.29465000 0.12276752
0.29460000 0.12280639
0.29455000 0.12284484
0.29450000 0.12288285
0.29445000 0.12292044
0.29440000 0.12295761
0.29435000 0.12299434
0.29430000 0.12303065
0.29425000 0.12306653
0.29420000 0.12310199
0.29415000 0.12313702
0.29410000 0.12317162
0.29405000 0.12320579
0.29400000 0.12323954
0.29395000 0.12327287
0.29390000 0.12330576
0.29385000 0.12333823
0.29380000 0.12337028
0.29375000 0.12340190
0.29370000 0.12343309
0.29365000 0.12346386
0.29360000 0.12349421
0.29355000 0.12352413
0.29350000 0.12355362
0.29345000 0.12358269
0.29340000 0.12361134
0.29335000 0.12363956
0.29330000 0.12366736
0.29325000 0.12369473
0.29320000 0.12372168
0.29315000 0.12374821
0.29310000 0.12377431
0.29305000 0.12379999
0.29300000 0.12382524
0.29295000 0.12385008
0.29290000 0.12387449
0.29285000 0.12389848
0.29280000 0.12392204
0.29275000 0.12394518
0.29270000 0.12396790
0.29265000 0.12399020
0.29260000 0.12401208
0.29255000 0.12403353
0.29250000 0.12405457
0.29245000 0.12407518
0.29240000 0.12409537
0.29235000 0.12411514
0.29230000 0.12413448
0.29225000 0.12415341
0.29220000 0.12417192
0.29215000 0.12419000
0.29210000 0.12420767
0.29205000 0.12422492
0.29200000 0.12424174
0.29195000 0.12425815
0.29190000 0.12427413
0.29185000 0.12428970
0.29180000 0.12430484
0.29175000 0.12431957
0.29170000 0.12433388
0.29165000 0.12434777
0.29160000 0.12436124
0.29155000 0.12437429
0.29150000 0.12438692
0.29145000 0.12439914
0.29140000 0.12441094
0.29135000 0.12442232
0.29130000 0.12443328
0.29125000 0.12444382
0.29120000 0.12445395
0.29115000 0.12446365
0.29110000 0.12447294
0.29105000 0.12448182
0.29100000 0.12449028
0.29095000 0.12449832
0.29090000 0.12450594
0.29085000 0.12451315
0.29080000 0.12451994
0.29075000 0.12452631
0.29070000 0.12453227
0.29065000 0.12453781
0.29060000 0.12454294
0.29055000 0.12454765
0.29050000 0.12455195
0.29045000 0.12455583
0.29040000 0.12455930
0.29035000 0.12456235
0.29030000 0.12456498
0.29025000 0.12456721
0.29020000 0.12456901
0.29015000 0.12457041
0.29010000 0.12457139
0.29005000 0.12457195
0.29000000 0.12457210
0.28995000 0.12457184
0.28990000 0.12457117
0.28985000 0.12457008
0.28980000 0.12456857
0.28975000 0.12456666
0.28970000 0.12456433
0.28965000 0.12456159
0.28960000 0.12455844
0.28955000 0.12455487
0.28950000 0.12455090
0.28945000 0.12454651
0.28940000 0.12454170
0.28935000 0.12453649
0.28930000 0.12453087
0.28925000 0.12452483
0.28920000 0.12451838
0.28915000 0.12451153
0.28910000 0.12450426
0.28905000 0.12449658
0.28900000 0.12448849
0.28895000 0.12447999
0.28890000 0.12447107
0.28885000 0.12446175
0.28880000 0.12445202
0.28875000 0.12444188
0.28870000 0.12443133
0.28865000 0.12442037
0.28860000 0.12440900
0.28855000 0.12439722
0.28850000 0.12438503
0.28845000 0.12437244
0.28840000 0.12435943
0.28835000 0.12434602
0.28830000 0.12433220
0.28825000 0.12431797
0.28820000 0.12430333
0.28815000 0.12428828
0.28810000 0.12427283
0.28805000 0.12425697
0.28800000 0.12424070
0.28795000 0.12422402
0.28790000 0.12420694
0.28785000 0.12418945
0.28780000 0.12417156
0.28775000 0.12415325
0.28770000 0.12413454
0.28765000 0.12411543
0.28760000 0.12409590
0.28755000 0.12407598
0.28750000 0.12405564
0.28745000 0.12403490
0.28740000 0.12401376
0.28735000 0.12399221
0.28730000 0.12397026
0.28725000 0.12394790
0.28720000 0.12392513
0.28715000 0.12390196
0.28710000 0.12387839
0.28705000 0.12385441
0.28700000 0.12383003
0.28695000 0.12380524
0.28690000 0.12378005
0.28685000 0.12375446
0.28680000 0.12372846
0.28675000 0.12370206
0.28670000 0.12367526
0.28665000 0.12364805
0.28660000 0.12362044
0.28655000 0.12359243
0.28650000 0.12356401
0.28645000 0.12353520
0.28640000 0.12350598
0.28635000 0.12347635
0.28630000 0.12344633
0.28625000 0.12341591
0.28620000 0.12338508
0.28615000 0.12335385
0.28610000 0.12332222
0.28605000 0.12329019
0.28600000 0.12325776
0.28595000 0.12322493
0.28590000 0.12319170
0.28585000 0.12315807
0.28580000 0.12312403
0.28575000 0.12308960
0.28570000 0.12305477
0.28565000 0.12301953
0.28560000 0.12298390
0.28555000 0.12294787
0.28550000 0.12291144
0.28545000 0.12287461
0.28540000 0.12283738
0.28535000 0.12279975
0.28530000 0.12276173
0.28525000 0.12272330
0.28520000 0.12268448
0.28515000 0.12264526
0.28510000 0.12260564
0.28505000 0.12256562
0.28500000 0.12252521
0.28495000 0.12248440
0.28490000 0.12244319
0.28485000 0.12240158
0.28480000 0.12235958
0.28475000 0.12231718
0.28470000 0.12227438
0.28465000 0.12223119
0.28460000 0.12218760
0.28455000 0.12214361
0.28450000 0.12209923
0.28445000 0.12205446
0.28440000 0.12200928
0.28435000 0.12196371
0.28430000 0.12191775
0.28425000 0.12187139
0.28420000 0.12182464
0.28415000 0.12177749
0.28410000 0.12172995
0.28405000 0.12168201
0.28400000 0.12163368
0.28395000 0.12158495
0.28390000 0.12153583
0.28385000 0.12148632
0.28380000 0.12143641
0.28375000 0.12138611
0.28370000 0.12133542
0.28365000 0.12128433
0.28360000 0.12123285
0.28355000 0.12118098
0.28350000 0.12112871
0.28345000 0.12107605
0.28340000 0.12102300
0.28335000 0.12096956
0.28330000 0.12091572
0.28325000 0.12086150
0.28320000 0.12080688
0.28315000 0.12075187
0.28310000 0.12069647
0.28305000 0.12064068
0.28300000 0.12058450
0.28295000 0.12052792
0.28290000 0.12047096
0.28285000 0.12041360
0.28280000 0.12035586
0.28275000 0.12029772
0.28270000 0.12023920
0.28265000 0.12018028
0.28260000 0.12012098
0.28255000 0.12006128
0.28250000 0.12000120
0.28245000 0.11994073
0.28240000 0.11987987
0.28235000 0.11981862
0.28230000 0.11975698
0.28225000 0.11969495
0.28220000 0.11963253
0.28215000 0.11956973
0.28210000 0.11950654
0.28205000 0.11944296
0.28200000 0.11937899
0.28195000 0.11931464
0.28190000 0.11924990
0.28185000 0.11918477
0.28180000 0.11911925
0.28175000 0.11905335
0.28170000 0.11898706
0.28165000 0.11892038
0.28160000 0.11885332
0.28155000 0.11878587
0.28150000 0.11871804
0.28145000 0.11864982
0.28140000 0.11858121
0.28135000 0.11851222
0.28130000 0.11844285
0.28125000 0.11837309
0.28120000 0.11830294
0.28115000 0.11823241
0.28110000 0.11816149
0.28105000 0.11809019
0.28100000 0.11801851
0.28095000 0.11794644
0.28090000 0.11787399
0.28085000 0.11780116
0.28080000 0.11772794
0.28075000 0.11765433
0.28070000 0.11758035
0.28065000 0.11750598
0.28060000 0.11743123
0.28055000 0.11735609
0.28050000 0.11728058
0.28045000 0.11720468
0.28040000 0.11712839
0.28035000 0.11705173
0.28030000 0.11697469
0.28025000 0.11689726
0.28020000 0.11681945
0.28015000 0.11674126
0.28010000 0.11666269
0.28005000 0.11658374
0.28000000 0.11650440
0.27995000 0.11642469
0.27990000 0.11634460
0.27985000 0.11626412
0.27980000 0.11618327
0.27975000 0.11610203
0.27970000 0.11602042
0.27965000 0.11593842
0.27960000 0.11585605
0.27955000 0.11577330
0.27950000 0.11569016
0.27945000 0.11560665
0.27940000 0.11552276
0.27935000 0.11543850
0.27930000 0.11535385
0.27925000 0.11526882
0.27920000 0.11518342
0.27915000 0.11509764
0.27910000 0.11501148
0.27905000 0.11492494
0.27900000 0.11483803
0.27895000 0.11475074
0.27890000 0.11466307
0.27885000 0.11457503
0.27880000 0.11448660
0.27875000 0.11439781
0.27870000 0.11430863
0.27865000 0.11421908
0.27860000 0.11412915
0.27855000 0.11403885
0.27850000 0.11394817
0.27845000 0.11385712
0.27840000 0.11378062
0.27835000 0.11386656
0.27830000 0.11395205
0.27825000 0.11403709
0.27820000 0.11412167
0.27815000 0.11420580
0.27810000 0.11428947
0.27805000 0.11437269
0.27800000 0.11445546
0.27795000 0.11453778
0.27790000 0.11461965
0.27785000 0.11470106
0.27780000 0.11478203
0.27775000 0.11486254
0.27770000 0.11494260
0.27765000 0.11502221
0.27760000 0.11510136
0.27755000 0.11518007
0.27750000 0.11525833
0.27745000 0.11533613
0.27740000 0.11541349
0.27735000 0.11549040
0.27730000 0.11556685
0.27725000 0.11564286
0.27720000 0.11571841
0.27715000 0.11579352
0.27710000 0.11586818
0.27705000 0.11594239
0.27700000 0.11601615
0.27695000 0.11608947
0.27690000 0.11616233
0.27685000 0.11623475
0.27680000 0.11630671
0.27675000 0.11637824
0.27670000 0.11644931
0.27665000 0.11651993
0.27660000 0.11659011
0.27655000 0.11665984
0.27650000 0.11672913
0.27645000 0.11679797
0.27640000 0.11686636
0.27635000 0.11693430
0.27630000 0.11700180
0.27625000 0.11706886
0.27620000 0.11713547
0.27615000 0.11720163
0.27610000 0.11726734
0.27605000 0.11733262
0.27600000 0.11739744
0.27595000 0.11746183
0.27590000 0.11752576
0.27585000 0.11758926
0.27580000 0.11765231
0.27575000 0.11771491
0.27570000 0.11777707
0.27565000 0.11783879
0.27560000 0.11790007
0.27555000 0.11796090
0.27550000 0.11802128
0.27545000 0.11808123
0.27540000 0.11814073
0.27535000 0.11819979
0.27530000 0.11825841
0.27525000 0.11831659
0.27520000 0.11837432
0.27515000 0.11843161
0.27510000 0.11848846
0.27505000 0.11854487
0.27500000 0.11860084
0.27495000 0.11865637
0.27490000 0.11871145
0.27485000 0.11876610
0.27480000 0.11882030
0.27475000 0.11887407
0.27470000 0.11892739
0.27465000 0.11898028
0.27460000 0.11903273
0.27455000 0.11908473
0.27450000 0.11913630
0.27445000 0.11918743
0.27440000 0.11923812
0.27435000 0.11928837
0.27430000 0.11933818
0.27425000 0.11938755
0.27420000 0.11943649
0.27415000 0.11948499
0.27410000 0.11953304
0.27405000 0.11958067
0.27400000 0.11962785
0.27395000 0.11967460
0.27390000 0.11972091
0.27385000 0.11976678
0.27380000 0.11981222
0.27375000 0.11985722
0.27370000 0.11990179
0.27365000 0.11994592
0.27360000 0.11998961
0.27355000 0.12003287
0.27350000 0.12007569
0.27345000 0.12011808
0.27340000 0.12016003
0.27335000 0.12020154
0.27330000 0.12024263
0.27325000 0.12028327
0.27320000 0.12032349
0.27315000 0.12036327
0.27310000 0.12040261
0.27305000 0.12044152
0.27300000 0.12048000
0.27295000 0.12051805
0.27290000 0.12055566
0.27285000 0.12059284
0.27280000 0.12062958
0.27275000 0.12066590
0.27270000 0.12070178
0.27265000 0.12073722
0.27260000 0.12077224
0.27255000 0.12080683
0.27250000 0.12084098
0.27245000 0.12087470
0.27240000 0.12090799
0.27235000 0.12094085
0.27230000 0.12097328
0.27225000 0.12100528
0.27220000 0.12103685
0.27215000 0.12106798
0.27210000 0.12109869
0.27205000 0.12112897
0.27200000 0.12115882
0.27195000 0.12118823
0.27190000 0.12121722
0.27185000 0.12124578
0.27180000 0.12127391
0.27175000 0.12130162
0.27170000 0.12132889
0.27165000 0.12135574
0.27160000 0.12138215
0.27155000 0.12140814
0.27150000 0.12143370
0.27145000 0.12145884
0.27140000 0.12148354
0.27135000 0.12150782
0.27130000 0.12153168
0.27125000 0.12155510
0.27120000 0.12157810
0.27115000 0.12160067
0.27110000 0.12162282
0.27105000 0.12164454
0.27100000 0.12166583
0.27095000 0.12168670
0.27090000 0.12170715
0.27085000 0.12172716
0.27080000 0.12174676
0.27075000 0.12176593
0.27070000 0.12178467
0.27065000 0.12180299
0.27060000 0.12182088
0.27055000 0.12183836
0.27050000 0.12185540
0.27045000 0.12187203
0.27040000 0.12188823
0.27035000 0.12190400
0.27030000 0.12191936
0.27025000 0.12193429
0.27020000 0.12194879
0.27015000 0.12196288
0.27010000 0.12197654
0.27005000 0.12198978
0.27000000 0.12200260
0.26995000 0.12201500
0.26990000 0.12202697
0.26985000 0.12203853
0.26980000 0.12204966
0.26975000 0.12206037
0.26970000 0.12207067
0.26965000 0.12208054
0.26960000 0.12208999
0.26955000 0.12209902
0.26950000 0.12210763
0.26945000 0.12211582
0.26940000 0.12212359
0.26935000 0.12213094
0.26930000 0.12213787
0.26925000 0.12214439
0.26920000 0.12215048
0.26915000 0.12215616
0.26910000 0.12216141
0.26905000 0.12216625
0.26900000 0.12217067
0.26895000 0.12217468
0.26890000 0.12217826
0.26885000 0.12218143
0.26880000 0.12218418
0.26875000 0.12218652
0.26870000 0.12218843
0.26865000 0.12218993
0.26860000 0.12219102
0.26855000 0.12219169
0.26850000 0.12219194
0.26845000 0.12219177
0.26840000 0.12219119
0.26835000 0.12219020
0.26830000 0.12218879
0.26825000 0.12218696
0.26820000 0.12218472
0.26815000 0.12218207
0.26810000 0.12217900
0.26805000 0.12217551
0.26800000 0.12217162
0.26795000 0.12216730
0.26790000 0.12216258
0.26785000 0.12215744
0.26780000 0.12215189
0.26775000 0.12214592
0.26770000 0.12213954
0.26765000 0.12213275
0.26760000 0.12212555
0.26755000 0.12211793
0.26750000 0.12210990
0.26745000 0.12210146
0.26740000 0.12209261
0.26735000 0.12208335
0.26730000 0.12207367
0.26725000 0.12206359
0.26720000 0.12205309
0.26715000 0.12204218
0.26710000 0.12203086
0.26705000 0.12201913
0.26700000 0.12200700
0.26695000 0.12199445
0.26690000 0.12198149
0.26685000 0.12196812
0.26680000 0.12195434
0.26675000 0.12194016
0.26670000 0.12192556
0.26665000 0.12191056
0.26660000 0.12189515
0.26655000 0.12187932
0.26650000 0.12186309
0.26645000 0.12184646
0.26640000 0.12182941
0.26635000 0.12181196
0.26630000 0.12179410
0.26625000 0.12177583
0.26620000 0.12175716
0.26615000 0.12173808
0.26610000 0.12171859
0.26605000 0.12169870
0.26600000 0.12167840
0.26595000 0.12165769
0.26590000 0.12163658
0.26585000 0.12161506
0.26580000 0.12159314
0.26575000 0.12157081
0.26570000 0.12154808
0.26565000 0.12152494
0.26560000 0.12150140
0.26555000 0.12147745
0.26550000 0.12145310
0.26545000 0.12142835
0.26540000 0.12140319
0.26535000 0.12137763
0.26530000 0.12135166
0.26525000 0.12132529
0.26520000 0.12129852
0.26515000 0.12127134
0.26510000 0.12124377
0.26505000 0.12121579
0.26500000 0.12118741
0.26495000 0.12115862
0.26490000 0.12112944
0.26485000 0.12109985
0.26480000 0.12106986
0.26475000 0.12103947
0.26470000 0.12100868
0.26465000 0.12097749
0.26460000 0.12094590
0.26455000 0.12091391
0.26450000 0.12088151
0.26445000 0.12084872
0.26440000 0.12081553
0.26435000 0.12078194
0.26430000 0.12074795
0.26425000 0.12071355
0.26420000 0.12067877
0.26415000 0.12064358
0.26410000 0.12060799
0.26405000 0.12057200
0.26400000 0.12053562
0.26395000 0.12049884
0.26390000 0.12046166
0.26385000 0.12042408
0.26380000 0.12038611
0.26375000 0.12034774
0.26370000 0.12030897
0.26365000 0.12026981
0.26360000 0.12023024
0.26355000 0.12019029
0.26350000 0.12014993
0.26345000 0.12010918
0.26340000 0.12006804
0.26335000 0.12002650
0.26330000 0.11998456
0.26325000 0.11994223
0.26320000 0.11989950
0.26315000 0.11985638
0.26310000 0.11981286
0.26305000 0.11976895
0.26300000 0.11972465
0.26295000 0.11967995
0.26290000 0.11963486
0.26285000 0.11958937
0.26280000 0.11954349
0.26275000 0.11949722
0.26270000 0.11945055
0.26265000 0.11940350
0.26260000 0.11935604
0.26255000 0.11930820
0.26250000 0.11925997
0.26245000 0.11921134
0.26240000 0.11916232
0.26235000 0.11911291
0.26230000 0.11906311
0.26225000 0.11901292
0.26220000 0.11896233
0.26215000 0.11891136
0.26210000 0.11886000
0.26205000 0.11880824
0.26200000 0.11875610
0.26195000 0.11870356
0.26190000 0.11865064
0.26185000 0.11859732
0.26180000 0.11854362
0.26175000 0.11848953
0.26170000 0.11843504
0.26165000 0.11838017
0.26160000 0.11832492
0.26155000 0.11826927
0.26150000 0.11821323
0.26145000 0.11815681
0.26140000 0.11810000
0.26135000 0.11804280
0.26130000 0.11798522
0.26125000 0.11792725
0.26120000 0.11786889
0.26115000 0.11781014
0.26110000 0.11775101
0.26105000 0.11769149
0.26100000 0.11763159
0.26095000 0.11757130
0.26090000 0.11751062
0.26085000 0.11744956
0.26080000 0.11738811
0.26075000 0.11732628
0.26070000 0.11726407
0.26065000 0.11720147
0.26060000 0.11713848
0.26055000 0.11707511
0.26050000 0.11701136
0.26045000 0.11694722
0.26040000 0.11688270
0.26035000 0.11681780
0.26030000 0.11675251
0.26025000 0.11668684
0.26020000 0.11662079
0.26015000 0.11655435
0.26010000 0.11648753
0.26005000 0.11642033
0.26000000 0.11635275
0.25995000 0.11628479
0.25990000 0.11621644
0.25985000 0.11614772
0.25980000 0.11607861
0.25975000 0.11600912
0.25970000 0.11593925
0.25965000 0.11586900
0.25960000 0.11579837
0.25955000 0.11572736
0.25950000 0.11565597
0.25945000 0.11558420
0.25940000 0.11551206
0.25935000 0.11543953
0.25930000 0.11536662
0.25925000 0.11529333
0.25920000 0.11521967
0.25915000 0.11514563
0.25910000 0.11507120
0.25905000 0.11499641
0.25900000 0.11492123
0.25895000 0.11484567
0.25890000 0.11476974
0.25885000 0.11469343
0.25880000 0.11461674
0.25875000 0.11453968
0.25870000 0.11446224
0.25865000 0.11438443
0.25860000 0.11430623
0.25855000 0.11422766
0.25850000 0.11414872
0.25845000 0.11406940
0.25840000 0.11398971
0.25835000 0.11390963
0.25830000 0.11382919
0.25825000 0.11374837
0.25820000 0.11366718
0.25815000 0.11358561
0.25810000 0.11350366
0.25805000 0.11342135
0.25800000 0.11333866
0.25795000 0.11325559
0.25790000 0.11317216
0.25785000 0.11308835
0.25780000 0.11300416
0.25775000 0.11291961
0.25770000 0.11283468
0.25765000 0.11274938
0.25760000 0.11266371
0.25755000 0.11257766
0.25750000 0.11249124
0.25745000 0.11240446
0.25740000 0.11231730
0.25735000 0.11222977
0.25730000 0.11214187
0.25725000 0.11205360
0.25720000 0.11196496
0.25715000 0.11187595
0.25710000 0.11178656
0.25705000 0.11169681
0.25700000 0.11163542
0.25695000 0.11171791
0.25690000 0.11179995
0.25685000 0.11188152
0.25680000 0.11196264
0.25675000 0.11204330
0.25670000 0.11212351
0.25665000 0.11220326
0.25660000 0.11228255
0.25655000 0.11236138
0.25650000 0.11243976
0.25645000 0.11251768
0.25640000 0.11259515
0.25635000 0.11267216
0.25630000 0.11274871
0.25625000 0.11282481
0.25620000 0.11290046
0.25615000 0.11297565
0.25610000 0.11305038
0.25605000 0.11312467
0.25600000 0.11319849
0.25595000 0.11327187
0.25590000 0.11334479
0.25585000 0.11341725
0.25580000 0.11348926
0.25575000 0.11356082
0.25570000 0.11363193
0.25565000 0.11370259
0.25560000 0.11377279
0.25555000 0.11384254
0.25550000 0.11391184
0.25545000 0.11398068
0.25540000 0.11404908
0.25535000 0.11411702
0.25530000 0.11418452
0.25525000 0.11425156
0.25520000 0.11431815
0.25515000 0.11438430
0.25510000 0.11444999
0.25505000 0.11451523
0.25500000 0.11458002
0.25495000 0.11464437
0.25490000 0.11470826
0.25485000 0.11477171
0.25480000 0.11483471
0.25475000 0.11489726
0.25470000 0.11495936
0.25465000 0.11502101
0.25460000 0.11508221
0.25455000 0.11514297
0.25450000 0.11520328
0.25445000 0.11526315
0.25440000 0.11532256
0.25435000 0.11538153
0.25430000 0.11544006
0.25425000 0.11549814
0.25420000 0.11555577
0.25415000 0.11561295
0.25410000 0.11566970
0.25405000 0.11572599
0.25400000 0.11578184
0.25395000 0.11583725
0.25390000 0.11589221
0.25385000 0.11594673
0.25380000 0.11600080
0.25375000 0.11605443
0.25370000 0.11610762
0.25365000 0.11616036
0.25360000 0.11621266
0.25355000 0.11626452
0.25350000 0.11631593
0.25345000 0.11636690
0.25340000 0.11641743
0.25335000 0.11646752
0.25330000 0.11651717
0.25325000 0.11656637
0.25320000 0.11661514
0.25315000 0.11666346
0.25310000 0.11671134
0.25305000 0.11675878
0.25300000 0.11680578
0.25295000 0.11685235
0.25290000 0.11689847
0.25285000 0.11694415
0.25280000 0.11698939
0.25275000 0.11703419
0.25270000 0.11707856
0.25265000 0.11712248
0.25260000 0.11716597
0.25255000 0.11720902
0.25250000 0.11725163
0.25245000 0.11729380
0.25240000 0.11733554
0.25235000 0.11737684
0.25230000 0.11741770
0.25225000 0.11745812
0.25220000 0.11749811
0.25215000 0.11753766
0.25210000 0.11757678
0.25205000 0.11761545
0.25200000 0.11765370
0.25195000 0.11769151
0.25190000 0.11772888
0.25185000 0.11776582
0.25180000 0.11780232
0.25175000 0.11783839
0.25170000 0.11787402
0.25165000 0.11790922
0.25160000 0.11794399
0.25155000 0.11797832
0.25150000 0.11801222
0.25145000 0.11804569
0.25140000 0.11807872
0.25135000 0.11811132
0.25130000 0.11814349
0.25125000 0.11817523
0.25120000 0.11820653
0.25115000 0.11823740
0.25110000 0.11826784
0.25105000 0.11829785
0.25100000 0.11832743
0.25095000 0.11835658
0.25090000 0.11838530
0.25085000 0.11841358
0.25080000 0.11844144
0.25075000 0.11846887
0.25070000 0.11849587
0.25065000 0.11852243
0.25060000 0.11854857
0.25055000 0.11857428
0.25050000 0.11859956
0.25045000 0.11862442
0.25040000 0.11864884
0.25035000 0.11867284
0.25030000 0.11869641
0.25025000 0.11871955
0.25020000 0.11874226
0.25015000 0.11876455
0.25010000 0.11878641
0.25005000 0.11880784
0.25000000 0.11882885
0.24995000 0.11884943
0.24990000 0.11886958
0.24985000 0.11888931
0.24980000 0.11890862
0.24975000 0.11892750
0.24970000 0.11894595
0.24965000 0.11896398
0.24960000 0.11898158
0.24955000 0.11899876
0.24950000 0.11901552
0.24945000 0.11903185
0.24940000 0.11904776
0.24935000 0.11906324
0.24930000 0.11907831
0.24925000 0.11909295
0.24920000 0.11910716
0.24915000 0.11912096
0.24910000 0.11913433
0.24905000 0.11914728
0.24900000 0.11915981
0.24895000 0.11917192
0.24890000 0.11918360
0.24885000 0.11919487
0.24880000 0.11920571
0.24875000 0.11921613
0.24870000 0.11922614
0.24865000 0.11923572
0.24860000 0.11924488
0.24855000 0.11925363
0.24850000 0.11926195
0.24845000 0.11926986
0.24840000 0.11927734
0.24835000 0.11928441
0.24830000 0.11929106
0.24825000 0.11929729
0.24820000 0.11930311
0.24815000 0.11930850
0.24810000 0.11931348
0.24805000 0.11931804
0.24800000 0.11932219
0.24795000 0.11932591
0.24790000 0.11932922
0.24785000 0.11933212
0.24780000 0.11933460
0.24775000 0.11933666
0.24770000 0.11933830
0.24765000 0.11933954
0.24760000 0.11934035
0.24755000 0.11934075
0.24750000 0.11934074
0.24745000 0.11934031
0.24740000 0.11933947
0.24735000 0.11933822
0.24730000 0.11933655
0.24725000 0.11933446
0.24720000 0.11933197
0.24715000 0.11932906
0.24710000 0.11932574
0.24705000 0.11932200
0.24700000 0.11931786
0.24695000 0.11931330
0.24690000 0.11930833
0.24685000 0.11930294
0.24680000 0.11929715
0.24675000 0.11929095
0.24670000 0.11928433
0.24665000 0.11927730
0.24660000 0.11926987
0.24655000 0.11926202
0.24650000 0.11925377
0.24645000 0.11924510
0.24640000 0.11923602
0.24635000 0.11922654
0.24630000 0.11921664
0.24625000 0.11920634
0.24620000 0.11919563
0.24615000 0.11918451
0.24610000 0.11917298
0.24605000 0.11916105
0.24600000 0.11914870
0.24595000 0.11913595
0.24590000 0.11912280
0.24585000 0.11910923
0.24580000 0.11909526
0.24575000 0.11908088
0.24570000 0.11906610
0.24565000 0.11905091
0.24560000 0.11903532
0.24555000 0.11901932
0.24550000 0.11900291
0.24545000 0.11898610
0.24540000 0.11896888
0.24535000 0.11895127
0.24530000 0.11893324
0.24525000 0.11891481
0.24520000 0.11889598
0.24515000 0.11887675
0.24510000 0.11885711
0.24505000 0.11883707
0.24500000 0.11881662
0.24495000 0.11879577
0.24490000 0.11877452
0.24485000 0.11875287
0.24480000 0.11873082
0.24475000 0.11870836
0.24470000 0.11868551
0.24465000 0.11866225
0.24460000 0.11863859
0.24455000 0.11861453
0.24450000 0.11859007
0.24445000 0.11856521
0.24440000 0.11853995
0.24435000 0.11851429
0.24430000 0.11848823
0.24425000 0.11846177
0.24420000 0.11843492
0.24415000 0.11840766
0.24410000 0.11838001
0.24405000 0.11835195
0.24400000 0.11832350
0.24395000 0.11829465
0.24390000 0.11826540
0.24385000 0.11823576
0.24380000 0.11820572
0.24375000 0.11817528
0.24370000 0.11814445
0.24365000 0.11811322
0.24360000 0.11808159
0.24355000 0.11804957
0.24350000 0.11801715
0.24345000 0.11798433
0.24340000 0.11795112
0.24335000 0.11791752
0.24330000 0.11788352
0.24325000 0.11784912
0.24320000 0.11781434
0.24315000 0.11777915
0.24310000 0.11774358
0.24305000 0.11770761
0.24300000 0.11767125
0.24295000 0.11763449
0.24290000 0.11759734
0.24285000 0.11755980
0.24280000 0.11752187
0.24275000 0.11748354
0.24270000 0.11744482
0.24265000 0.11740571
0.24260000 0.11736621
0.24255000 0.11732632
0.24250000 0.11728604
0.24245000 0.11724537
0.24240000 0.11720430
0.24235000 0.11716285
0.24230000 0.11712100
0.24225000 0.11707877
0.24220000 0.11703615
0.24215000 0.11699314
0.24210000 0.11694973
0.24205000 0.11690594
0.24200000 0.11686176
0.24195000 0.11681720
0.24190000 0.11677224
0.24185000 0.11672690
0.24180000 0.11668117
0.24175000 0.11663505
0.24170000 0.11658855
0.24165000 0.11654166
0.24160000 0.11649438
0.24155000 0.11644671
0.24150000 0.11639866
0.24145000 0.11635023
0.24140000 0.11630140
0.24135000 0.11625220
0.24130000 0.11620260
0.24125000 0.11615262
0.24120000 0.11610226
0.24115000 0.11605152
0.24110000 0.11600038
0.24105000 0.11594887
0.24100000 0.11589697
0.24095000 0.11584469
0.24090000 0.11579202
0.24085000 0.11573897
0.24080000 0.11568554
0.24075000 0.11563173
0.24070000 0.11557753
0.24065000 0.11552295
0.24060000 0.11546799
0.24055000 0.11541265
0.24050000 0.11535693
0.24045000 0.11530083
0.24040000 0.11524434
0.24035000 0.11518748
0.24030000 0.11513023
0.24025000 0.11507260
0.24020000 0.11501460
0.24015000 0.11495621
0.24010000 0.11489745
0.24005000 0.11483830
0.24000000 0.11477878
0.23995000 0.11471888
0.23990000 0.11465860
0.23985000 0.11459794
0.23980000 0.11453691
0.23975000 0.11447549
0.23970000 0.11441370
0.23965000 0.11435153
0.23960000 0.11428899
0.23955000 0.11422607
0.23950000 0.11416277
0.23945000 0.11409909
0.23940000 0.11403504
0.23935000 0.11397061
0.23930000 0.11390581
0.23925000 0.11384063
0.23920000 0.11377508
0.23915000 0.11370915
0.23910000 0.11364285
0.23905000 0.11357618
0.23900000 0.11350912
0.23895000 0.11344170
0.23890000 0.11337390
0.23885000 0.11330573
0.23880000 0.11323719
0.23875000 0.11316827
0.23870000 0.11309898
0.23865000 0.11302932
0.23860000 0.11295928
0.23855000 0.11288888
0.23850000 0.11281810
0.23845000 0.11274695
0.23840000 0.11267543
0.23835000 0.11260354
0.23830000 0.11253127
0.23825000 0.11245864
0.23820000 0.11238564
0.23815000 0.11231226
0.23810000 0.11223852
0.23805000 0.11216441
0.23800000 0.11208993
0.23795000 0.11201508
0.23790000 0.11193986
0.23785000 0.11186427
0.23780000 0.11178831
0.23775000 0.11171199
0.23770000 0.11163530
0.23765000 0.11155824
0.23760000 0.11148081
0.23755000 0.11140302
0.23750000 0.11132486
0.23745000 0.11124633
0.23740000 0.11116744
0.23735000 0.11108818
0.23730000 0.11100855
0.23725000 0.11092856
0.23720000 0.11084820
0.23715000 0.11076748
0.23710000 0.11068640
0.23705000 0.11060494
0.23700000 0.11052313
0.23695000 0.11044095
0.23690000 0.11035841
0.23685000 0.11027550
0.23680000 0.11019223
0.23675000 0.11010859
0.23670000 0.11002460
0.23665000 0.10994024
0.23660000 0.10985552
0.23655000 0.10977043
0.23650000 0.10968498
0.23645000 0.10959918
0.23640000 0.10951301
0.23635000 0.10942648
0.23630000 0.10933958
0.23625000 0.10925233
0.23620000 0.10916472
0.23615000 0.10917612
0.23610000 0.10925387
0.23605000 0.10933117
0.23600000 0.10940801
0.23595000 0.10948440
0.23590000 0.10956032
0.23585000 0.10963579
0.23580000 0.10971080
0.23575000 0.10978535
0.23570000 0.10985944
0.23565000 0.10993308
0.23560000 0.11000627
0.23555000 0.11007899
0.23550000 0.11015126
0.23545000 0.11022308
0.23540000 0.11029444
0.23535000 0.11036535
0.23530000 0.11043580
0.23525000 0.11050579
0.23520000 0.11057534
0.23515000 0.11064443
0.23510000 0.11071306
0.23505000 0.11078124
0.23500000 0.11084897
0.23495000 0.11091625
0.23490000 0.11098307
0.23485000 0.11104944
0.23480000 0.11111536
0.23475000 0.11118083
0.23470000 0.11124585
0.23465000 0.11131042
0.23460000 0.11137453
0.23455000 0.11143819
0.23450000 0.11150141
0.23445000 0.11156417
0.23440000 0.11162649
0.23435000 0.11168835
0.23430000 0.11174977
0.23425000 0.11181073
0.23420000 0.11187125
0.23415000 0.11193132
0.23410000 0.11199094
0.23405000 0.11205012
0.23400000 0.11210884
0.23395000 0.11216712
0.23390000 0.11222495
0.23385000 0.11228234
0.23380000 0.11233928
0.23375000 0.11239577
0.23370000 0.11245182
0.23365000 0.11250742
0.23360000 0.11256257
0.23355000 0.11261728
0.23350000 0.11267155
0.23345000 0.11272537
0.23340000 0.11277875
0.23335000 0.11283168
0.23330000 0.11288417
0.23325000 0.11293621
0.23320000 0.11298782
0.23315000 0.11303898
0.23310000 0.11308969
0.23305000 0.11313997
0.23300000 0.11318980
0.23295000 0.11323919
0.23290000 0.11328814
0.23285000 0.11333665
0.23280000 0.11338471
0.23275000 0.11343234
0.23270000 0.11347952
0.23265000 0.11352627
0.23260000 0.11357257
0.23255000 0.11361844
0.23250000 0.11366386
0.23245000 0.11370885
0.23240000 0.11375340
0.23235000 0.11379751
0.23230000 0.11384118
0.23225000 0.11388441
0.23220000 0.11392721
0.23215000 0.11396957
0.23210000 0.11401149
0.23205000 0.11405297
0.23200000 0.11409402
0.23195000 0.11413463
0.23190000 0.11417480
0.23185000 0.11421454
0.23180000 0.11425385
0.23175000 0.11429271
0.23170000 0.11433115
0.23165000 0.11436914
0.23160000 0.11440671
0.23155000 0.11444384
0.23150000 0.11448053
0.23145000 0.11451679
0.23140000 0.11455262
0.23135000 0.11458802
0.23130000 0.11462298
0.23125000 0.11465751
0.23120000 0.11469161
0.23115000 0.11472527
0.23110000 0.11475851
0.23105000 0.11479131
0.23100000 0.11482368
0.23095000 0.11485562
0.23090000 0.11488713
0.23085000 0.11491821
0.23080000 0.11494886
0.23075000 0.11497908
0.23070000 0.11500887
0.23065000 0.11503823
0.23060000 0.11506716
0.23055000 0.11509566
0.23050000 0.11512374
0.23045000 0.11515138
0.23040000 0.11517860
0.23035000 0.11520539
0.23030000 0.11523175
0.23025000 0.11525769
0.23020000 0.11528320
0.23015000 0.11530828
0.23010000 0.11533294
0.23005000 0.11535717
0.23000000 0.11538097
0.22995000 0.11540435
0.22990000 0.11542731
0.22985000 0.11544983
0.22980000 0.11547194
0.22975000 0.11549362
0.22970000 0.11551488
0.22965000 0.11553571
0.22960000 0.11555612
0.22955000 0.11557610
0.22950000 0.11559566
0.22945000 0.11561480
0.22940000 0.11563352
0.22935000 0.11565182
0.22930000 0.11566969
0.22925000 0.11568714
0.22920000 0.11570417
0.22915000 0.11572078
0.22910000 0.11573697
0.22905000 0.11575274
0.22900000 0.11576808
0.22895000 0.11578301
0.22890000 0.11579752
0.22885000 0.11581161
0.22880000 0.11582528
0.22875000 0.11583853
0.22870000 0.11585136
0.22865000 0.11586377
0.22860000 0.11587577
0.22855000 0.11588735
0.22850000 0.11589851
0.22845000 0.11590925
0.22840000 0.11591957
0.22835000 0.11592948
0.22830000 0.11593898
0.22825000 0.11594805
0.22820000 0.11595671
0.22815000 0.11596496
0.22810000 0.11597279
0.22805000 0.11598020
0.22800000 0.11598720
0.22795000 0.11599379
0.22790000 0.11599996
0.22785000 0.11600572
0.22780000 0.11601106
0.22775000 0.11601599
0.22770000 0.11602051
0.22765000 0.11602462
0.22760000 0.11602831
0.22755000 0.11603159
0.22750000 0.11603446
0.22745000 0.11603691
0.22740000 0.11603896
0.22735000 0.11604059
0.22730000 0.11604181
0.22725000 0.11604262
0.22720000 0.11604303
0.22715000 0.11604302
0.22710000 0.11604260
0.22705000 0.11604177
0.22700000 0.11604053
0.22695000 0.11603889
0.22690000 0.11603683
0.22685000 0.11603437
0.22680000 0.11603150
0.22675000 0.11602822
0.22670000 0.11602453
0.22665000 0.11602044
0.22660000 0.11601594
0.22655000 0.11601103
0.22650000 0.11600571
0.22645000 0.11599999
0.22640000 0.11599386
0.22635000 0.11598733
0.22630000 0.11598039
0.22625000 0.11597305
0.22620000 0.11596530
0.22615000 0.11595715
0.22610000 0.11594859
0.22605000 0.11593963
0.22600000 0.11593027
0.22595000 0.11592050
0.22590000 0.11591033
0.22585000 0.11589975
0.22580000 0.11588878
0.22575000 0.11587740
0.22570000 0.11586562
0.22565000 0.11585343
0.22560000 0.11584085
0.22555000 0.11582786
0.22550000 0.11581448
0.22545000 0.11580069
0.22540000 0.11578650
0.22535000 0.11577191
0.22530000 0.11575692
0.22525000 0.11574154
0.22520000 0.11572575
0.22515000 0.11570956
0.22510000 0.11569298
0.22505000 0.11567599
0.22500000 0.11565861
0.22495000 0.11564083
0.22490000 0.11562266
0.22485000 0.11560408
0.22480000 0.11558511
0.22475000 0.11556574
0.22470000 0.11554597
0.22465000 0.11552581
0.22460000 0.11550525
0.22455000 0.11548430
0.22450000 0.11546295
0.22445000 0.11544121
0.22440000 0.11541907
0.22435000 0.11539654
0.22430000 0.11537361
0.22425000 0.11535028
0.22420000 0.11532657
0.22415000 0.11530246
0.22410000 0.11527796
0.22405000 0.11525306
0.22400000 0.11522777
0.22395000 0.11520209
0.22390000 0.11517602
0.22385000 0.11514955
0.22380000 0.11512270
0.22375000 0.11509545
0.22370000 0.11506781
0.22365000 0.11503978
0.22360000 0.11501136
0.22355000 0.11498255
0.22350000 0.11495335
0.22345000 0.11492376
0.22340000 0.11489378
0.22335000 0.11486341
0.22330000 0.11483265
0.22325000 0.11480150
0.22320000 0.11476997
0.22315000 0.11473805
0.22310000 0.11470574
0.22305000 0.11467304
0.22300000 0.11463995
0.22295000 0.11460648
0.22290000 0.11457262
0.22285000 0.11453838
0.22280000 0.11450375
0.22275000 0.11446873
0.22270000 0.11443333
0.22265000 0.11439754
0.22260000 0.11436137
0.22255000 0.11432481
0.22250000 0.11428787
0.22245000 0.11425054
0.22240000 0.11421284
0.22235000 0.11417474
0.22230000 0.11413627
0.22225000 0.11409741
0.22220000 0.11405816
0.22215000 0.11401854
0.22210000 0.11397853
0.22205000 0.11393814
0.22200000 0.11389737
0.22195000 0.11385622
0.22190000 0.11381469
0.22185000 0.11377277
0.22180000 0.11373048
0.22175000 0.11368780
0.22170000 0.11364475
0.22165000 0.11360132
0.22160000 0.11355750
0.22155000 0.11351331
0.22150000 0.11346874
0.22145000 0.11342379
0.22140000 0.11337846
0.22135000 0.11333275
0.22130000 0.11328667
0.22125000 0.11324020
0.22120000 0.11319337
0.22115000 0.11314615
0.22110000 0.11309856
0.22105000 0.11305059
0.22100000 0.11300224
0.22095000 0.11295352
0.22090000 0.11290442
0.22085000 0.11285495
0.22080000 0.11280510
0.22075000 0.11275488
0.22070000 0.11270429
0.22065000 0.11265332
0.22060000 0.11260197
0.22055000 0.11255025
0.22050000 0.11249816
0.22045000 0.11244570
0.22040000 0.11239286
0.22035000 0.11233965
0.22030000 0.11228607
0.22025000 0.11223212
0.22020000 0.11217779
0.22015000 0.11212309
0.22010000 0.11206803
0.22005000 0.11201259
0.22000000 0.11195678
0.21995000 0.11190060
0.21990000 0.11184405
0.21985000 0.11178713
0.21980000 0.11172984
0.21975000 0.11167218
0.21970000 0.11161416
0.21965000 0.11155576
0.21960000 0.11149700
0.21955000 0.11143787
0.21950000 0.11137837
0.21945000 0.11131850
0.21940000 0.11125826
0.21935000 0.11119766
0.21930000 0.11113670
0.21925000 0.11107536
0.21920000 0.11101366
0.21915000 0.11095159
0.21910000 0.11088916
0.21905000 0.11082637
0.21900000 0.11076320
0.21895000 0.11069968
0.21890000 0.11063578
0.21885000 0.11057153
0.21880000 0.11050691
0.21875000 0.11044193
0.21870000 0.11037658
0.21865000 0.11031087
0.21860000 0.11024480
0.21855000 0.11017836
0.21850000 0.11011157
0.21845000 0.11004441
0.21840000 0.10997689
0.21835000 0.10990901
0.21830000 0.10984076
0.21825000 0.10977216
0.21820000 0.10970320
0.21815000 0.10963387
0.21810000 0.10956419
0.21805000 0.10949414
0.21800000 0.10942374
0.21795000 0.10935298
0.21790000 0.10928185
0.21785000 0.10921037
0.21780000 0.10913853
0.21775000 0.10906634
0.21770000 0.10899378
0.21765000 0.10892087
0.21760000 0.10884760
0.21755000 0.10877398
0.21750000 0.10869999
0.21745000 0.10862565
0.21740000 0.10855096
0.21735000 0.10847591
0.21730000 0.10840050
0.21725000 0.10832474
0.21720000 0.10824862
0.21715000 0.10817215
0.21710000 0.10809532
0.21705000 0.10801814
0.21700000 0.10794061
0.21695000 0.10786272
0.21690000 0.10778448
0.21685000 0.10770589
0.21680000 0.10762694
0.21675000 0.10754764
0.21670000 0.10746799
0.21665000 0.10738799
0.21660000 0.10730763
0.21655000 0.10722692
0.21650000 0.10714587
0.21645000 0.10706446
0.21640000 0.10698270
0.21635000 0.10690059
0.21630000 0.10681813
0.21625000 0.10673532
0.21620000 0.10665216
0.21615000 0.10656866
0.21610000 0.10648480
0.21605000 0.10640060
0.21600000 0.10631604
0.21595000 0.10628665
0.21590000 0.10635903
0.21585000 0.10643095
0.21580000 0.10650241
0.21575000 0.10657342
0.21570000 0.10664397
0.21565000 0.10671407
0.21560000 0.10678372
0.21555000 0.10685291
0.21550000 0.10692165
0.21545000 0.10698994
0.21540000 0.10705778
0.21535000 0.10712516
0.21530000 0.10719209
0.21525000 0.10725857
0.21520000 0.10732459
0.21515000 0.10739017
0.21510000 0.10745529
0.21505000 0.10751997
0.21500000 0.10758419
0.21495000 0.10764797
0.21490000 0.10771129
0.21485000 0.10777417
0.21480000 0.10783660
0.21475000 0.10789857
0.21470000 0.10796010
0.21465000 0.10802119
0.21460000 0.10808182
0.21455000 0.10814201
0.21450000 0.10820175
0.21445000 0.10826104
0.21440000 0.10831989
0.21435000 0.10837829
0.21430000 0.10843625
0.21425000 0.10849376
0.21420000 0.10855083
0.21415000 0.10860745
0.21410000 0.10866362
0.21405000 0.10871936
0.21400000 0.10877464
0.21395000 0.10882949
0.21390000 0.10888389
0.21385000 0.10893785
0.21380000 0.10899137
0.21375000 0.10904444
0.21370000 0.10909707
0.21365000 0.10914926
0.21360000 0.10920101
0.21355000 0.10925232
0.21350000 0.10930319
0.21345000 0.10935362
0.21340000 0.10940360
0.21335000 0.10945315
0.21330000 0.10950226
0.21325000 0.10955093
0.21320000 0.10959916
0.21315000 0.10964695
0.21310000 0.10969430
0.21305000 0.10974122
0.21300000 0.10978770
0.21295000 0.10983374
0.21290000 0.10987934
0.21285000 0.10992451
0.21280000 0.10996924
0.21275000 0.11001354
0.21270000 0.11005740
0.21265000 0.11010082
0.21260000 0.11014381
0.21255000 0.11018637
0.21250000 0.11022849
0.21245000 0.11027017
0.21240000 0.11031143
0.21235000 0.11035225
0.21230000 0.11039263
0.21225000 0.11043259
0.21220000 0.11047211
0.21215000 0.11051120
0.21210000 0.11054985
0.21205000 0.11058808
0.21200000 0.11062587
0.21195000 0.11066324
0.21190000 0.11070017
0.21185000 0.11073667
0.21180000 0.11077275
0.21175000 0.11080839
0.21170000 0.11084360
0.21165000 0.11087839
0.21160000 0.11091274
0.21155000 0.11094667
0.21150000 0.11098017
0.21145000 0.11101324
0.21140000 0.11104589
0.21135000 0.11107810
0.21130000 0.11110989
0.21125000 0.11114126
0.21120000 0.11117220
0.21115000 0.11120271
0.21110000 0.11123279
0.21105000 0.11126246
0.21100000 0.11129169
0.21095000 0.11132050
0.21090000 0.11134889
0.21085000 0.11137685
0.21080000 0.11140439
0.21075000 0.11143151
0.21070000 0.11145820
0.21065000 0.11148447
0.21060000 0.11151032
0.21055000 0.11153575
0.21050000 0.11156075
0.21045000 0.11158534
0.21040000 0.11160950
0.21035000 0.11163324
0.21030000 0.11165656
0.21025000 0.11167946
0.21020000 0.11170194
0.21015000 0.11172400
0.21010000 0.11174565
0.21005000 0.11176687
0.21000000 0.11178767
0.20995000 0.11180806
0.20990000 0.11182803
0.20985000 0.11184758
0.20980000 0.11186671
0.20975000 0.11188543
0.20970000 0.11190373
0.20965000 0.11192161
0.20960000 0.11193908
0.20955000 0.11195613
0.20950000 0.11197276
0.20945000 0.11198898
0.20940000 0.11200479
0.20935000 0.11202018
0.20930000 0.11203516
0.20925000 0.11204972
0.20920000 0.11206387
0.20915000 0.11207761
0.20910000 0.11209093
0.20905000 0.11210384
0.20900000 0.11211634
0.20895000 0.11212842
0.20890000 0.11214010
0.20885000 0.11215136
0.20880000 0.11216221
0.20875000 0.11217266
0.20870000 0.11218269
0.20865000 0.11219231
0.20860000 0.11220152
0.20855000 0.11221032
0.20850000 0.11221871
0.20845000 0.11222670
0.20840000 0.11223427
0.20835000 0.11224144
0.20830000 0.11224820
0.20825000 0.11225455
0.20820000 0.11226050
0.20815000 0.11226603
0.20810000 0.11227116
0.20805000 0.11227589
0.20800000 0.11228021
0.20795000 0.11228412
0.20790000 0.11228763
0.20785000 0.11229073
0.20780000 0.11229343
0.20775000 0.11229572
0.20770000 0.11229761
0.20765000 0.11229910
0.20760000 0.11230018
0.20755000 0.11230086
0.20750000 0.11230113
0.20745000 0.11230101
0.20740000 0.11230048
0.20735000 0.11229955
0.20730000 0.11229821
0.20725000 0.11229648
0.20720000 0.11229434
0.20715000 0.11229181
0.20710000 0.11228887
0.20705000 0.11228554
0.20700000 0.11228180
0.20695000 0.11227767
0.20690000 0.11227313
0.20685000 0.11226820
0.20680000 0.11226287
0.20675000 0.11225714
0.20670000 0.11225101
0.20665000 0.11224449
0.20660000 0.11223757
0.20655000 0.11223025
0.20650000 0.11222253
0.20645000 0.11221442
0.20640000 0.11220592
0.20635000 0.11219701
0.20630000 0.11218772
0.20625000 0.11217802
0.20620000 0.11216793
0.20615000 0.11215745
0.20610000 0.11214658
0.20605000 0.11213531
0.20600000 0.11212364
0.20595000 0.11211159
0.20590000 0.11209914
0.20585000 0.11208630
0.20580000 0.11207306
0.20575000 0.11205944
0.20570000 0.11204542
0.20565000 0.11203101
0.20560000 0.11201621
0.20555000 0.11200102
0.20550000 0.11198544
0.20545000 0.11196947
0.20540000 0.11195311
0.20535000 0.11193637
0.20530000 0.11191923
0.20525000 0.11190170
0.20520000 0.11188379
0.20515000 0.11186548
0.20510000 0.11184679
0.20505000 0.11182772
0.20500000 0.11180825
0.20495000 0.11178840
0.20490000 0.11176816
0.20485000 0.11174754
0.20480000 0.11172653
0.20475000 0.11170513
0.20470000 0.11168335
0.20465000 0.11166118
0.20460000 0.11163863
0.20455000 0.11161570
0.20450000 0.11159238
0.20445000 0.11156868
0.20440000 0.11154459
0.20435000 0.11152012
0.20430000 0.11149527
0.20425000 0.11147004
0.20420000 0.11144442
0.20415000 0.11141842
0.20410000 0.11139204
0.20405000 0.11136528
0.20400000 0.11133814
0.20395000 0.11131062
0.20390000 0.11128272
0.20385000 0.11125444
0.20380000 0.11122578
0.20375000 0.11119674
0.20370000 0.11116732
0.20365000 0.11113752
0.20360000 0.11110734
0.20355000 0.11107679
0.20350000 0.11104586
0.20345000 0.11101455
0.20340000 0.11098286
0.20335000 0.11095080
0.20330000 0.11091836
0.20325000 0.11088555
0.20320000 0.11085235
0.20315000 0.11081879
0.20310000 0.11078485
0.20305000 0.11075053
0.20300000 0.11071584
0.20295000 0.11068077
0.20290000 0.11064534
0.20285000 0.11060952
0.20280000 0.11057334
0.20275000 0.11053678
0.20270000 0.11049985
0.20265000 0.11046254
0.20260000 0.11042487
0.20255000 0.11038682
0.20250000 0.11034840
0.20245000 0.11030961
0.20240000 0.11027045
0.20235000 0.11023092
0.20230000 0.11019102
0.20225000 0.11015075
0.20220000 0.11011011
0.20215000 0.11006910
0.20210000 0.11002772
0.20205000 0.10998597
0.20200000 0.10994386
0.20195000 0.10990138
0.20190000 0.10985852
0.20185000 0.10981531
0.20180000 0.10977172
0.20175000 0.10972777
0.20170000 0.10968345
0.20165000 0.10963877
0.20160000 0.10959372
0.20155000 0.10954831
0.20150000 0.10950253
0.20145000 0.10945638
0.20140000 0.10940987
0.20135000 0.10936300
0.20130000 0.10931576
0.20125000 0.10926816
0.20120000 0.10922020
0.20115000 0.10917187
0.20110000 0.10912318
0.20105000 0.10907413
0.20100000 0.10902472
0.20095000 0.10897494
0.20090000 0.10892481
0.20085000 0.10887431
0.20080000 0.10882345
0.20075000 0.10877223
0.20070000 0.10872065
0.20065000 0.10866872
0.20060000 0.10861642
0.20055000 0.10856376
0.20050000 0.10851075
0.20045000 0.10845737
0.20040000 0.10840364
0.20035000 0.10834955
0.20030000 0.10829510
0.20025000 0.10824030
0.20020000 0.10818514
0.20015000 0.10812962
0.20010000 0.10807375
0.20005000 0.10801752
0.20000000 0.10796093
0.19995000 0.10790399
0.19990000 0.10784669
0.19985000 0.10778904
0.19980000 0.10773104
0.19975000 0.10767268
0.19970000 0.10761397
0.19965000 0.10755490
0.19960000 0.10749548
0.19955000 0.10743571
0.19950000 0.10737558
0.19945000 0.10731511
0.19940000 0.10725428
0.19935000 0.10719310
0.19930000 0.10713157
0.19925000 0.10706968
0.19920000 0.10700745
0.19915000 0.10694487
0.19910000 0.10688193
0.19905000 0.10681865
0.19900000 0.10675502
0.19895000 0.10669104
0.19890000 0.10662671
0.19885000 0.10656203
0.19880000 0.10649700
0.19875000 0.10643163
0.19870000 0.10636590
0.19865000 0.10629983
0.19860000 0.10623342
0.19855000 0.10616666
0.19850000 0.10609955
0.19845000 0.10603209
0.19840000 0.10596429
0.19835000 0.10589615
0.19830000 0.10582766
0.19825000 0.10575882
0.19820000 0.10568964
0.19815000 0.10562012
0.19810000 0.10555025
0.19805000 0.10548004
0.19800000 0.10540949
0.19795000 0.10533859
0.19790000 0.10526735
0.19785000 0.10519577
0.19780000 0.10512385
0.19775000 0.10505159
0.19770000 0.10497898
0.19765000 0.10490604
0.19760000 0.10483275
0.19755000 0.10475912
0.19750000 0.10468515
0.19745000 0.10461085
0.19740000 0.10453620
0.19735000 0.10446122
0.19730000 0.10438589
0.19725000 0.10431023
0.19720000 0.10423423
0.19715000 0.10415790
0.19710000 0.10408122
0.19705000 0.10400421
0.19700000 0.10392686
0.19695000 0.10384917
0.19690000 0.10377115
0.19685000 0.10369280
0.19680000 0.10361410
0.19675000 0.10353507
0.19670000 0.10345571
0.19665000 0.10337601
0.19660000 0.10329598
0.19655000 0.10321562
0.19650000 0.10313492
0.19645000 0.10305388
0.19640000 0.10302785
0.19635000 0.10309401
0.19630000 0.10315972
0.19625000 0.10322498
0.19620000 0.10328979
0.19615000 0.10335416
0.19610000 0.10341808
0.19605000 0.10348155
0.19600000 0.10354457
0.19595000 0.10360715
0.19590000 0.10366929
0.19585000 0.10373098
0.19580000 0.10379222
0.19575000 0.10385302
0.19570000 0.10391337
0.19565000 0.10397328
0.19560000 0.10403275
0.19555000 0.10409177
0.19550000 0.10415035
0.19545000 0.10420849
0.19540000 0.10426619
0.19535000 0.10432344
0.19530000 0.10438026
0.19525000 0.10443663
0.19520000 0.10449256
0.19515000 0.10454805
0.19510000 0.10460310
0.19505000 0.10465771
0.19500000 0.10471188
0.19495000 0.10476561
0.19490000 0.10481891
0.19485000 0.10487176
0.19480000 0.10492418
0.19475000 0.10497616
0.19470000 0.10502770
0.19465000 0.10507881
0.19460000 0.10512948
0.19455000 0.10517971
0.19450000 0.10522951
0.19445000 0.10527887
0.19440000 0.10532780
0.19435000 0.10537629
0.19430000 0.10542435
0.19425000 0.10547197
0.19420000 0.10551916
0.19415000 0.10556592
0.19410000 0.10561225
0.19405000 0.10565814
0.19400000 0.10570360
0.19395000 0.10574863
0.19390000 0.10579323
0.19385000 0.10583739
0.19380000 0.10588113
0.19375000 0.10592443
0.19370000 0.10596731
0.19365000 0.10600975
0.19360000 0.10605177
0.19355000 0.10609335
0.19350000 0.10613451
0.19345000 0.10617524
0.19340000 0.10621555
0.19335000 0.10625542
0.19330000 0.10629487
0.19325000 0.10633389
0.19320000 0.10637248
0.19315000 0.10641065
0.19310000 0.10644840
0.19305000 0.10648571
0.19300000 0.10652261
0.19295000 0.10655907
0.19290000 0.10659512
0.19285000 0.10663074
0.19280000 0.10666593
0.19275000 0.10670071
0.19270000 0.10673506
0.19265000 0.10676898
0.19260000 0.10680249
0.19255000 0.10683557
0.19250000 0.10686823
0.19245000 0.10690048
0.19240000 0.10693230
0.19235000 0.10696370
0.19230000 0.10699468
0.19225000 0.10702524
0.19220000 0.10705538
0.19215000 0.10708510
0.19210000 0.10711441
0.19205000 0.10714329
0.19200000 0.10717176
0.19195000 0.10719981
0.19190000 0.10722744
0.19185000 0.10725466
0.19180000 0.10728146
0.19175000 0.10730784
0.19170000 0.10733381
0.19165000 0.10735937
0.19160000 0.10738450
0.19155000 0.10740923
0.19150000 0.10743354
0.19145000 0.10745743
0.19140000 0.10748091
0.19135000 0.10750398
0.19130000 0.10752664
0.19125000 0.10754888
0.19120000 0.10757071
0.19115000 0.10759213
0.19110000 0.10761314
0.19105000 0.10763374
0.19100000 0.10765393
0.19095000 0.10767370
0.19090000 0.10769307
0.19085000 0.10771202
0.19080000 0.10773057
0.19075000 0.10774871
0.19070000 0.10776644
0.19065000 0.10778376
0.19060000 0.10780067
0.19055000 0.10781718
0.19050000 0.10783328
0.19045000 0.10784897
0.19040000 0.10786426
0.19035000 0.10787914
0.19030000 0.10789361
0.19025000 0.10790768
0.19020000 0.10792134
0.19015000 0.10793460
0.19010000 0.10794746
0.19005000 0.10795991
0.19000000 0.10797196
0.18995000 0.10798360
0.18990000 0.10799484
0.18985000 0.10800568
0.18980000 0.10801612
0.18975000 0.10802615
0.18970000 0.10803579
0.18965000 0.10804502
0.18960000 0.10805385
0.18955000 0.10806228
0.18950000 0.10807032
0.18945000 0.10807795
0.18940000 0.10808518
0.18935000 0.10809201
0.18930000 0.10809845
0.18925000 0.10810449
0.18920000 0.10811012
0.18915000 0.10811537
0.18910000 0.10812021
0.18905000 0.10812466
0.18900000 0.10812871
0.18895000 0.10813236
0.18890000 0.10813562
0.18885000 0.10813849
0.18880000 0.10814096
0.18875000 0.10814303
0.18870000 0.10814471
0.18865000 0.10814600
0.18860000 0.10814689
0.18855000 0.10814739
0.18850000 0.10814749
0.18845000 0.10814721
0.18840000 0.10814653
0.18835000 0.10814546
0.18830000 0.10814400
0.18825000 0.10814214
0.18820000 0.10813990
0.18815000 0.10813727
0.18810000 0.10813424
0.18805000 0.10813083
0.18800000 0.10812703
0.18795000 0.10812283
0.18790000 0.10811825
0.18785000 0.10811329
0.18780000 0.10810793
0.18775000 0.10810218
0.18770000 0.10809605
0.18765000 0.10808953
0.18760000 0.10808263
0.18755000 0.10807534
0.18750000 0.10806766
0.18745000 0.10805960
0.18740000 0.10805115
0.18735000 0.10804232
0.18730000 0.10803310
0.18725000 0.10802350
0.18720000 0.10801352
0.18715000 0.10800315
0.18710000 0.10799240
0.18705000 0.10798127
0.18700000 0.10796975
0.18695000 0.10795786
0.18690000 0.10794558
0.18685000 0.10793292
0.18680000 0.10791988
0.18675000 0.10790646
0.18670000 0.10789266
0.18665000 0.10787848
0.18660000 0.10786391
0.18655000 0.10784898
0.18650000 0.10783366
0.18645000 0.10781796
0.18640000 0.10780189
0.18635000 0.10778544
0.18630000 0.10776861
0.18625000 0.10775140
0.18620000 0.10773382
0.18615000 0.10771586
0.18610000 0.10769752
0.18605000 0.10767881
0.18600000 0.10765973
0.18595000 0.10764027
0.18590000 0.10762043
0.18585000 0.10760022
0.18580000 0.10757964
0.18575000 0.10755869
0.18570000 0.10753736
0.18565000 0.10751566
0.18560000 0.10749358
0.18555000 0.10747114
0.18550000 0.10744832
0.18545000 0.10742513
0.18540000 0.10740157
0.18535000 0.10737764
0.18530000 0.10735334
0.18525000 0.10732867
0.18520000 0.10730363
0.18515000 0.10727822
0.18510000 0.10725244
0.18505000 0.10722630
0.18500000 0.10719978
0.18495000 0.10717290
0.18490000 0.10714565
0.18485000 0.10711803
0.18480000 0.10709005
0.18475000 0.10706170
0.18470000 0.10703299
0.18465000 0.10700391
0.18460000 0.10697446
0.18455000 0.10694465
0.18450000 0.10691447
0.18445000 0.10688393
0.18440000 0.10685303
0.18435000 0.10682176
0.18430000 0.10679013
0.18425000 0.10675814
0.18420000 0.10672578
0.18415000 0.10669307
0.18410000 0.10665999
0.18405000 0.10662655
0.18400000 0.10659274
0.18395000 0.10655858
0.18390000 0.10652406
0.18385000 0.10648918
0.18380000 0.10645393
0.18375000 0.10641833
0.18370000 0.10638237
0.18365000 0.10634605
0.18360000 0.10630938
0.18355000 0.10627234
0.18350000 0.10623495
0.18345000 0.10619720
0.18340000 0.10615909
0.18335000 0.10612063
0.18330000 0.10608181
0.18325000 0.10604264
0.18320000 0.10600311
0.18315000 0.10596322
0.18310000 0.10592298
0.18305000 0.10588239
0.18300000 0.10584144
0.18295000 0.10580014
0.18290000 0.10575848
0.18285000 0.10571647
0.18280000 0.10567411
0.18275000 0.10563140
0.18270000 0.10558834
0.18265000 0.10554492
0.18260000 0.10550115
0.18255000 0.10545703
0.18250000 0.10541257
0.18245000 0.10536775
0.18240000 0.10532258
0.18235000 0.10527706
0.18230000 0.10523119
0.18225000 0.10518498
0.18220000 0.10513841
0.18215000 0.10509150
0.18210000 0.10504424
0.18205000 0.10499663
0.18200000 0.10494868
0.18195000 0.10490038
0.18190000 0.10485173
0.18185000 0.10480274
0.18180000 0.10475340
0.18175000 0.10470372
0.18170000 0.10465369
0.18165000 0.10460332
0.18160000 0.10455260
0.18155000 0.10450154
0.18150000 0.10445014
0.18145000 0.10439839
0.18140000 0.10434630
0.18135000 0.10429387
0.18130000 0.10424109
0.18125000 0.10418798
0.18120000 0.10413452
0.18115000 0.10408072
0.18110000 0.10402658
0.18105000 0.10397210
0.18100000 0.10391728
0.18095000 0.10386213
0.18090000 0.10380663
0.18085000 0.10375079
0.18080000 0.10369462
0.18075000 0.10363810
0.18070000 0.10358125
0.18065000 0.10352406
0.18060000 0.10346654
0.18055000 0.10340867
0.18050000 0.10335047
0.18045000 0.10329194
0.18040000 0.10323307
0.18035000 0.10317386
0.18030000 0.10311432
0.18025000 0.10305444
0.18020000 0.10299423
0.18015000 0.10293369
0.18010000 0.10287281
0.18005000 0.10281160
0.18000000 0.10275006
0.17995000 0.10268818
0.17990000 0.10262597
0.17985000 0.10256343
0.17980000 0.10250056
0.17975000 0.10243735
0.17970000 0.10237382
0.17965000 0.10230995
0.17960000 0.10224576
0.17955000 0.10218123
0.17950000 0.10211638
0.17945000 0.10205120
0.17940000 0.10198568
0.17935000 0.10191984
0.17930000 0.10185368
0.17925000 0.10178718
0.17920000 0.10172036
0.17915000 0.10165321
0.17910000 0.10158573
0.17905000 0.10151792
0.17900000 0.10144980
0.17895000 0.10138134
0.17890000 0.10131256
0.17885000 0.10124346
0.17880000 0.10117403
0.17875000 0.10110427
0.17870000 0.10103419
0.17865000 0.10096379
0.17860000 0.10089307
0.17855000 0.10082202
0.17850000 0.10075065
0.17845000 0.10067896
0.17840000 0.10060695
0.17835000 0.10053461
0.17830000 0.10046196
0.17825000 0.10038898
0.17820000 0.10031568
0.17815000 0.10024207
0.17810000 0.10016813
0.17805000 0.10009387
0.17800000 0.10001930
0.17795000 0.09994441
0.17790000 0.09986919
0.17785000 0.09979366
0.17780000 0.09971782
0.17775000 0.09964165
0.17770000 0.09956517
0.17765000 0.09948837
0.17760000 0.09941126
0.17755000 0.09941299
0.17750000 0.09947211
0.17745000 0.09953078
0.17740000 0.09958902
0.17735000 0.09964682
0.17730000 0.09970418
0.17725000 0.09976111
0.17720000 0.09981759
0.17715000 0.09987365
0.17710000 0.09992926
0.17705000 0.09998445
0.17700000 0.10003919
0.17695000 0.10009351
0.17690000 0.10014738
0.17685000 0.10020083
0.17680000 0.10025384
0.17675000 0.10030642
0.17670000 0.10035857
0.17665000 0.10041028
0.17660000 0.10046156
0.17655000 0.10051241
0.17650000 0.10056283
0.17645000 0.10061282
0.17640000 0.10066238
0.17635000 0.10071151
0.17630000 0.10076021
0.17625000 0.10080849
0.17620000 0.10085633
0.17615000 0.10090375
0.17610000 0.10095073
0.17605000 0.10099729
0.17600000 0.10104343
0.17595000 0.10108914
0.17590000 0.10113442
0.17585000 0.10117927
0.17580000 0.10122370
0.17575000 0.10126771
0.17570000 0.10131129
0.17565000 0.10135445
0.17560000 0.10139718
0.17555000 0.10143949
0.17550000 0.10148138
0.17545000 0.10152285
0.17540000 0.10156389
0.17535000 0.10160451
0.17530000 0.10164471
0.17525000 0.10168449
0.17520000 0.10172385
0.17515000 0.10176279
0.17510000 0.10180131
0.17505000 0.10183941
0.17500000 0.10187710
0.17495000 0.10191436
0.17490000 0.10195120
0.17485000 0.10198763
0.17480000 0.10202364
0.17475000 0.10205924
0.17470000 0.10209442
0.17465000 0.10212918
0.17460000 0.10216352
0.17455000 0.10219746
0.17450000 0.10223097
0.17445000 0.10226407
0.17440000 0.10229676
0.17435000 0.10232904
0.17430000 0.10236090
0.17425000 0.10239235
0.17420000 0.10242338
0.17415000 0.10245401
0.17410000 0.10248422
0.17405000 0.10251402
0.17400000 0.10254341
0.17395000 0.10257240
0.17390000 0.10260097
0.17385000 0.10262913
0.17380000 0.10265688
0.17375000 0.10268422
0.17370000 0.10271116
0.17365000 0.10273768
0.17360000 0.10276380
0.17355000 0.10278952
0.17350000 0.10281482
0.17345000 0.10283972
0.17340000 0.10286422
0.17335000 0.10288830
0.17330000 0.10291199
0.17325000 0.10293526
0.17320000 0.10295814
0.17315000 0.10298061
0.17310000 0.10300267
0.17305000 0.10302434
0.17300000 0.10304560
0.17295000 0.10306645
0.17290000 0.10308691
0.17285000 0.10310696
0.17280000 0.10312662
0.17275000 0.10314587
0.17270000 0.10316472
0.17265000 0.10318317
0.17260000 0.10320123
0.17255000 0.10321888
0.17250000 0.10323614
0.17245000 0.10325299
0.17240000 0.10326945
0.17235000 0.10328551
0.17230000 0.10330118
0.17225000 0.10331644
0.17220000 0.10333131
0.17215000 0.10334579
0.17210000 0.10335987
0.17205000 0.10337355
0.17200000 0.10338684
0.17195000 0.10339973
0.17190000 0.10341224
0.17185000 0.10342434
0.17180000 0.10343606
0.17175000 0.10344738
0.17170000 0.10345831
0.17165000 0.10346884
0.17160000 0.10347899
0.17155000 0.10348874
0.17150000 0.10349811
0.17145000 0.10350708
0.17140000 0.10351566
0.17135000 0.10352386
0.17130000 0.10353166
0.17125000 0.10353908
0.17120000 0.10354610
0.17115000 0.10355274
0.17110000 0.10355899
0.17105000 0.10356486
0.17100000 0.10357034
0.17095000 0.10357543
0.17090000 0.10358013
0.17085000 0.10358445
0.17080000 0.10358838
0.17075000 0.10359193
0.17070000 0.10359510
0.17065000 0.10359788
0.17060000 0.10360028
0.17055000 0.10360229
0.17050000 0.10360392
0.17045000 0.10360517
0.17040000 0.10360604
0.17035000 0.10360652
0.17030000 0.10360663
0.17025000 0.10360635
0.17020000 0.10360569
0.17015000 0.10360465
0.17010000 0.10360324
0.17005000 0.10360144
0.17000000 0.10359926
0.16995000 0.10359671
0.16990000 0.10359378
0.16985000 0.10359047
0.16980000 0.10358678
0.16975000 0.10358272
0.16970000 0.10357828
0.16965000 0.10357346
0.16960000 0.10356827
0.16955000 0.10356270
0.16950000 0.10355676
0.16945000 0.10355044
0.16940000 0.10354375
0.16935000 0.10353668
0.16930000 0.10352924
0.16925000 0.10352143
0.16920000 0.10351325
0.16915000 0.10350469
0.16910000 0.10349576
0.16905000 0.10348647
0.16900000 0.10347680
0.16895000 0.10346675
0.16890000 0.10345634
0.16885000 0.10344556
0.16880000 0.10343441
0.16875000 0.10342289
0.16870000 0.10341100
0.16865000 0.10339875
0.16860000 0.10338612
0.16855000 0.10337313
0.16850000 0.10335977
0.16845000 0.10334605
0.16840000 0.10333196
0.16835000 0.10331750
0.16830000 0.10330268
0.16825000 0.10328749
0.16820000 0.10327194
0.16815000 0.10325602
0.16810000 0.10323974
0.16805000 0.10322310
0.16800000 0.10320609
0.16795000 0.10318872
0.16790000 0.10317099
0.16785000 0.10315289
0.16780000 0.10313444
0.16775000 0.10311562
0.16770000 0.10309644
0.16765000 0.10307691
0.16760000 0.10305701
0.16755000 0.10303675
0.16750000 0.10301613
0.16745000 0.10299516
0.16740000 0.10297382
0.16735000 0.10295213
0.16730000 0.10293008
0.16725000 0.10290768
0.16720000 0.10288491
0.16715000 0.10286179
0.16710000 0.10283832
0.16705000 0.10281449
0.16700000 0.10279030
0.16695000 0.10276576
0.16690000 0.10274086
0.16685000 0.10271561
0.16680000 0.10269001
0.16675000 0.10266405
0.16670000 0.10263774
0.16665000 0.10261108
0.16660000 0.10258406
0.16655000 0.10255670
0.16650000 0.10252898
0.16645000 0.10250091
0.16640000 0.10247249
0.16635000 0.10244372
0.16630000 0.10241460
0.16625000 0.10238513
0.16620000 0.10235531
0.16615000 0.10232515
0.16610000 0.10229463
0.16605000 0.10226377
0.16600000 0.10223256
0.16595000 0.10220100
0.16590000 0.10216910
0.16585000 0.10213685
0.16580000 0.10210426
0.16575000 0.10207131
0.16570000 0.10203803
0.16565000 0.10200440
0.16560000 0.10197042
0.16555000 0.10193610
0.16550000 0.10190144
0.16545000 0.10186644
0.16540000 0.10183109
0.16535000 0.10179540
0.16530000 0.10175936
0.16525000 0.10172299
0.16520000 0.10168627
0.16515000 0.10164922
0.16510000 0.10161182
0.16505000 0.10157408
0.16500000 0.10153601
0.16495000 0.10149759
0.16490000 0.10145884
0.16485000 0.10141974
0.16480000 0.10138031
0.16475000 0.10134054
0.16470000 0.10130044
0.16465000 0.10126000
0.16460000 0.10121922
0.16455000 0.10117810
0.16450000 0.10113665
0.16445000 0.10109486
0.16440000 0.10105274
0.16435000 0.10101028
0.16430000 0.10096749
0.16425000 0.10092437
0.16420000 0.10088091
0.16415000 0.10083712
0.16410000 0.10079300
0.16405000 0.10074854
0.16400000 0.10070376
0.16395000 0.10065864
0.16390000 0.10061319
0.16385000 0.10056741
0.16380000 0.10052129
0.16375000 0.10047485
0.16370000 0.10042808
0.16365000 0.10038098
0.16360000 0.10033356
0.16355000 0.10028580
0.16350000 0.10023771
0.16345000 0.10018930
0.16340000 0.10014056
0.16335000 0.10009150
0.16330000 0.10004210
0.16325000 0.09999238
0.16320000 0.09994234
0.16315000 0.09989197
0.16310000 0.09984128
0.16305000 0.09979026
0.16300000 0.09973891
0.16295000 0.09968725
0.16290000 0.09963526
0.16285000 0.09958294
0.16280000 0.09953031
0.16275000 0.09947735
0.16270000 0.09942407
0.16265000 0.09937047
0.16260000 0.09931655
0.16255000 0.09926230
0.16250000 0.09920774
0.16245000 0.09915286
0.16240000 0.09909766
0.16235000 0.09904213
0.16230000 0.09898629
0.16225000 0.09893013
0.16220000 0.09887366
0.16215000 0.09881686
0.16210000 0.09875975
0.16205000 0.09870233
0.16200000 0.09864458
0.16195000 0.09858652
0.16190000 0.09852814
0.16185000 0.09846945
0.16180000 0.09841045
0.16175000 0.09835113
0.16170000 0.09829149
0.16165000 0.09823154
0.16160000 0.09817128
0.16155000 0.09811071
0.16150000 0.09804982
0.16145000 0.09798862
0.16140000 0.09792711
0.16135000 0.09786529
0.16130000 0.09780315
0.16125000 0.09774071
0.16120000 0.09767795
0.16115000 0.09761489
0.16110000 0.09755152
0.16105000 0.09748783
0.16100000 0.09742384
0.16095000 0.09735954
0.16090000 0.09729494
0.16085000 0.09723002
0.16080000 0.09716480
0.16075000 0.09709927
0.16070000 0.09703343
0.16065000 0.09696729
0.16060000 0.09690084
0.16055000 0.09683409
0.16050000 0.09676703
0.16045000 0.09669967
0.16040000 0.09663201
0.16035000 0.09656404
0.16030000 0.09649576
0.16025000 0.09642719
0.16020000 0.09635831
0.16015000 0.09628913
0.16010000 0.09621964
0.16005000 0.09614986
0.16000000 0.09607978
0.15995000 0.09600939
0.15990000 0.09593870
0.15985000 0.09586772
0.15980000 0.09579643
0.15975000 0.09572485
0.15970000 0.09565296
0.15965000 0.09558078
0.15960000 0.09550830
0.15955000 0.09543553
0.15950000 0.09536245
0.15945000 0.09539463
0.15940000 0.09544620
0.15935000 0.09549735
0.15930000 0.09554807
0.15925000 0.09559836
0.15920000 0.09564823
0.15915000 0.09569768
0.15910000 0.09574670
0.15905000 0.09579530
0.15900000 0.09584348
0.15895000 0.09589123
0.15890000 0.09593857
0.15885000 0.09598548
0.15880000 0.09603197
0.15875000 0.09607804
0.15870000 0.09612369
0.15865000 0.09616893
0.15860000 0.09621374
0.15855000 0.09625814
0.15850000 0.09630211
0.15845000 0.09634567
0.15840000 0.09638882
0.15835000 0.09643154
0.15830000 0.09647385
0.15825000 0.09651574
0.15820000 0.09655722
0.15815000 0.09659829
0.15810000 0.09663894
0.15805000 0.09667917
0.15800000 0.09671899
0.15795000 0.09675840
0.15790000 0.09679740
0.15785000 0.09683598
0.15780000 0.09687415
0.15775000 0.09691191
0.15770000 0.09694926
0.15765000 0.09698620
0.15760000 0.09702273
0.15755000 0.09705885
0.15750000 0.09709456
0.15745000 0.09712987
0.15740000 0.09716476
0.15735000 0.09719925
0.15730000 0.09723333
0.15725000 0.09726700
0.15720000 0.09730026
0.15715000 0.09733312
0.15710000 0.09736558
0.15705000 0.09739763
0.15700000 0.09742927
0.15695000 0.09746051
0.15690000 0.09749135
0.15685000 0.09752178
0.15680000 0.09755182
0.15675000 0.09758144
0.15670000 0.09761067
0.15665000 0.09763950
0.15660000 0.09766792
0.15655000 0.09769594
0.15650000 0.09772357
0.15645000 0.09775079
0.15640000 0.09777762
0.15635000 0.09780404
0.15630000 0.09783007
0.15625000 0.09785570
0.15620000 0.09788093
0.15615000 0.09790577
0.15610000 0.09793020
0.15605000 0.09795425
0.15600000 0.09797789
0.15595000 0.09800114
0.15590000 0.09802400
0.15585000 0.09804646
0.15580000 0.09806853
0.15575000 0.09809021
0.15570000 0.09811149
0.15565000 0.09813238
0.15560000 0.09815287
0.15555000 0.09817298
0.15550000 0.09819269
0.15545000 0.09821202
0.15540000 0.09823095
0.15535000 0.09824949
0.15530000 0.09826765
0.15525000 0.09828541
0.15520000 0.09830279
0.15515000 0.09831977
0.15510000 0.09833637
0.15505000 0.09835259
0.15500000 0.09836841
0.15495000 0.09838385
0.15490000 0.09839890
0.15485000 0.09841357
0.15480000 0.09842786
0.15475000 0.09844175
0.15470000 0.09845527
0.15465000 0.09846840
0.15460000 0.09848115
0.15455000 0.09849351
0.15450000 0.09850549
0.15445000 0.09851709
0.15440000 0.09852831
0.15435000 0.09853915
0.15430000 0.09854960
0.15425000 0.09855968
0.15420000 0.09856938
0.15415000 0.09857869
0.15410000 0.09858763
0.15405000 0.09859619
0.15400000 0.09860437
0.15395000 0.09861218
0.15390000 0.09861960
0.15385000 0.09862665
0.15380000 0.09863333
0.15375000 0.09863963
0.15370000 0.09864555
0.15365000 0.09865110
0.15360000 0.09865627
0.15355000 0.09866107
0.15350000 0.09866550
0.15345000 0.09866955
0.15340000 0.09867323
0.15335000 0.09867654
0.15330000 0.09867947
0.15325000 0.09868204
0.15320000 0.09868423
0.15315000 0.09868605
0.15310000 0.09868751
0.15305000 0.09868859
0.15300000 0.09868930
0.15295000 0.09868965
0.15290000 0.09868962
0.15285000 0.09868923
0.15280000 0.09868847
0.15275000 0.09868735
0.15270000 0.09868586
0.15265000 0.09868400
0.15260000 0.09868177
0.15255000 0.09867918
0.15250000 0.09867623
0.15245000 0.09867291
0.15240000 0.09866923
0.15235000 0.09866518
0.15230000 0.09866077
0.15225000 0.09865600
0.15220000 0.09865086
0.15215000 0.09864537
0.15210000 0.09863951
0.15205000 0.09863329
0.15200000 0.09862671
0.15195000 0.09861977
0.15190000 0.09861247
0.15185000 0.09860482
0.15180000 0.09859680
0.15175000 0.09858842
0.15170000 0.09857969
0.15165000 0.09857060
0.15160000 0.09856115
0.15155000 0.09855135
0.15150000 0.09854119
0.15145000 0.09853067
0.15140000 0.09851980
0.15135000 0.09850858
0.15130000 0.09849700
0.15125000 0.09848506
0.15120000 0.09847277
0.15115000 0.09846013
0.15110000 0.09844714
0.15105000 0.09843379
0.15100000 0.09842010
0.15095000 0.09840605
0.15090000 0.09839165
0.15085000 0.09837690
0.15080000 0.09836180
0.15075000 0.09834635
0.15070000 0.09833055
0.15065000 0.09831440
0.15060000 0.09829790
0.15055000 0.09828106
0.15050000 0.09826387
0.15045000 0.09824633
0.15040000 0.09822844
0.15035000 0.09821021
0.15030000 0.09819163
0.15025000 0.09817271
0.15020000 0.09815344
0.15015000 0.09813383
0.15010000 0.09811387
0.15005000 0.09809357
0.15000000 0.09807293
0.14995000 0.09805195
0.14990000 0.09803062
0.14985000 0.09800895
0.14980000 0.09798694
0.14975000 0.09796459
0.14970000 0.09794189
0.14965000 0.09791886
0.14960000 0.09789549
0.14955000 0.09787178
0.14950000 0.09784773
0.14945000 0.09782334
0.14940000 0.09779861
0.14935000 0.09777355
0.14930000 0.09774814
0.14925000 0.09772241
0.14920000 0.09769633
0.14915000 0.09766992
0.14910000 0.09764318
0.14905000 0.09761610
0.14900000 0.09758868
0.14895000 0.09756093
0.14890000 0.09753285
0.14885000 0.09750443
0.14880000 0.09747568
0.14875000 0.09744660
0.14870000 0.09741719
0.14865000 0.09738744
0.14860000 0.09735737
0.14855000 0.09732696
0.14850000 0.09729622
0.14845000 0.09726516
0.14840000 0.09723376
0.14835000 0.09720204
0.14830000 0.09716998
0.14825000 0.09713760
0.14820000 0.09710489
0.14815000 0.09707186
0.14810000 0.09703849
0.14805000 0.09700480
0.14800000 0.09697079
0.14795000 0.09693645
0.14790000 0.09690178
0.14785000 0.09686679
0.14780000 0.09683147
0.14775000 0.09679583
0.14770000 0.09675987
0.14765000 0.09672359
0.14760000 0.09668698
0.14755000 0.09665005
0.14750000 0.09661280
0.14745000 0.09657522
0.14740000 0.09653733
0.14735000 0.09649912
0.14730000 0.09646058
0.14725000 0.09642173
0.14720000 0.09638255
0.14715000 0.09634306
0.14710000 0.09630325
0.14705000 0.09626313
0.14700000 0.09622268
0.14695000 0.09618192
0.14690000 0.09614084
0.14685000 0.09609944
0.14680000 0.09605773
0.14675000 0.09601571
0.14670000 0.09597337
0.14665000 0.09593071
0.14660000 0.09588774
0.14655000 0.09584446
0.14650000 0.09580086
0.14645000 0.09575695
0.14640000 0.09571273
0.14635000 0.09566820
0.14630000 0.09562336
0.14625000 0.09557820
0.14620000 0.09553273
0.14615000 0.09548696
0.14610000 0.09544087
0.14605000 0.09539447
0.14600000 0.09534777
0.14595000 0.09530076
0.14590000 0.09525344
0.14585000 0.09520581
0.14580000 0.09515787
0.14575000 0.09510963
0.14570000 0.09506108
0.14565000 0.09501222
0.14560000 0.09496306
0.14555000 0.09491360
0.14550000 0.09486383
0.14545000 0.09481375
0.14540000 0.09476337
0.14535000 0.09471269
0.14530000 0.09466170
0.14525000 0.09461042
0.14520000 0.09455883
0.14515000 0.09450693
0.14510000 0.09445474
0.14505000 0.09440225
0.14500000 0.09434945
0.14495000 0.09429636
0.14490000 0.09424296
0.14485000 0.09418927
0.14480000 0.09413528
0.14475000 0.09408098
0.14470000 0.09402640
0.14465000 0.09397151
0.14460000 0.09391633
0.14455000 0.09386085
0.14450000 0.09380507
0.14445000 0.09374900
0.14440000 0.09369263
0.14435000 0.09363597
0.14430000 0.09357901
0.14425000 0.09352176
0.14420000 0.09346421
0.14415000 0.09340637
0.14410000 0.09334824
0.14405000 0.09328982
0.14400000 0.09323110
0.14395000 0.09317209
0.14390000 0.09311279
0.14385000 0.09305320
0.14380000 0.09299332
0.14375000 0.09293315
0.14370000 0.09287269
0.14365000 0.09281194
0.14360000 0.09275090
0.14355000 0.09268958
0.14350000 0.09262796
0.14345000 0.09256606
0.14340000 0.09250387
0.14335000 0.09244140
0.14330000 0.09237863
0.14325000 0.09231559
0.14320000 0.09225225
0.14315000 0.09218864
0.14310000 0.09212473
0.14305000 0.09206055
0.14300000 0.09199608
0.14295000 0.09193132
0.14290000 0.09186629
0.14285000 0.09180097
0.14280000 0.09173537
0.14275000 0.09166948
0.14270000 0.09160332
0.14265000 0.09153687
0.14260000 0.09147015
0.14255000 0.09140314
0.14250000 0.09133586
0.14245000 0.09126829
0.14240000 0.09120045
0.14235000 0.09113233
0.14230000 0.09106393
0.14225000 0.09099525
0.14220000 0.09092744
0.14215000 0.09097164
0.14210000 0.09101544
0.14205000 0.09105883
0.14200000 0.09110180
0.14195000 0.09114437
0.14190000 0.09118653
0.14185000 0.09122828
0.14180000 0.09126962
0.14175000 0.09131055
0.14170000 0.09135108
0.14165000 0.09139120
0.14160000 0.09143091
0.14155000 0.09147022
0.14150000 0.09150912
0.14145000 0.09154761
0.14140000 0.09158571
0.14135000 0.09162340
0.14130000 0.09166068
0.14125000 0.09169756
0.14120000 0.09173405
0.14115000 0.09177012
0.14110000 0.09180580
0.14105000 0.09184108
0.14100000 0.09187595
0.14095000 0.09191043
0.14090000 0.09194451
0.14085000 0.09197819
0.14080000 0.09201147
0.14075000 0.09204435
0.14070000 0.09207684
0.14065000 0.09210892
0.14060000 0.09214062
0.14055000 0.09217191
0.14050000 0.09220281
0.14045000 0.09223332
0.14040000 0.09226343
0.14035000 0.09229315
0.14030000 0.09232247
0.14025000 0.09235140
0.14020000 0.09237994
0.14015000 0.09240809
0.14010000 0.09243585
0.14005000 0.09246321
0.14000000 0.09249018
0.13995000 0.09251677
0.13990000 0.09254296
0.13985000 0.09256877
0.13980000 0.09259419
0.13975000 0.09261922
0.13970000 0.09264386
0.13965000 0.09266812
0.13960000 0.09269198
0.13955000 0.09271547
0.13950000 0.09273856
0.13945000 0.09276128
0.13940000 0.09278360
0.13935000 0.09280555
0.13930000 0.09282711
0.13925000 0.09284828
0.13920000 0.09286908
0.13915000 0.09288949
0.13910000 0.09290952
0.13905000 0.09292917
0.13900000 0.09294844
0.13895000 0.09296733
0.13890000 0.09298584
0.13885000 0.09300397
0.13880000 0.09302172
0.13875000 0.09303909
0.13870000 0.09305609
0.13865000 0.09307271
0.13860000 0.09308895
0.13855000 0.09310481
0.13850000 0.09312030
0.13845000 0.09313542
0.13840000 0.09315016
0.13835000 0.09316452
0.13830000 0.09317851
0.13825000 0.09319213
0.13820000 0.09320538
0.13815000 0.09321825
0.13810000 0.09323075
0.13805000 0.09324288
0.13800000 0.09325464
0.13795000 0.09326603
0.13790000 0.09327705
0.13785000 0.09328770
0.13780000 0.09329798
0.13775000 0.09330789
0.13770000 0.09331744
0.13765000 0.09332661
0.13760000 0.09333542
0.13755000 0.09334386
0.13750000 0.09335194
0.13745000 0.09335965
0.13740000 0.09336700
0.13735000 0.09337398
0.13730000 0.09338060
0.13725000 0.09338685
0.13720000 0.09339274
0.13715000 0.09339827
0.13710000 0.09340344
0.13705000 0.09340824
0.13700000 0.09341269
0.13695000 0.09341677
0.13690000 0.09342049
0.13685000 0.09342386
0.13680000 0.09342686
0.13675000 0.09342950
0.13670000 0.09343179
0.13665000 0.09343372
0.13660000 0.09343529
0.13655000 0.09343651
0.13650000 0.09343736
0.13645000 0.09343787
0.13640000 0.09343801
0.13635000 0.09343780
0.13630000 0.09343724
0.13625000 0.09343633
0.13620000 0.09343506
0.13615000 0.09343343
0.13610000 0.09343146
0.13605000 0.09342913
0.13600000 0.09342645
0.13595000 0.09342342
0.13590000 0.09342004
0.13585000 0.09341631
0.13580000 0.09341223
0.13575000 0.09340780
0.13570000 0.09340302
0.13565000 0.09339789
0.13560000 0.09339242
0.13555000 0.09338660
0.13550000 0.09338043
0.13545000 0.09337392
0.13540000 0.09336706
0.13535000 0.09335985
0.13530000 0.09335230
0.13525000 0.09334441
0.13520000 0.09333617
0.13515000 0.09332758
0.13510000 0.09331866
0.13505000 0.09330939
0.13500000 0.09329978
0.13495000 0.09328983
0.13490000 0.09327954
0.13485000 0.09326891
0.13480000 0.09325793
0.13475000 0.09324662
0.13470000 0.09323497
0.13465000 0.09322298
0.13460000 0.09321065
0.13455000 0.09319799
0.13450000 0.09318498
0.13445000 0.09317164
0.13440000 0.09315797
0.13435000 0.09314395
0.13430000 0.09312961
0.13425000 0.09311492
0.13420000 0.09309991
0.13415000 0.09308456
0.13410000 0.09306887
0.13405000 0.09305286
0.13400000 0.09303651
0.13395000 0.09301983
0.13390000 0.09300281
0.13385000 0.09298547
0.13380000 0.09296779
0.13375000 0.09294979
0.13370000 0.09293145
0.13365000 0.09291279
0.13360000 0.09289380
0.13355000 0.09287448
0.13350000 0.09285483
0.13345000 0.09283486
0.13340000 0.09281455
0.13335000 0.09279392
0.13330000 0.09277297
0.13325000 0.09275169
0.13320000 0.09273009
0.13315000 0.09270816
0.13310000 0.09268590
0.13305000 0.09266333
0.13300000 0.09264043
0.13295000 0.09261720
0.13290000 0.09259366
0.13285000 0.09256979
0.13280000 0.09254561
0.13275000 0.09252110
0.13270000 0.09249627
0.13265000 0.09247112
0.13260000 0.09244566
0.13255000 0.09241987
0.13250000 0.09239377
0.13245000 0.09236734
0.13240000 0.09234060
0.13235000 0.09231355
0.13230000 0.09228618
0.13225000 0.09225849
0.13220000 0.09223048
0.13215000 0.09220216
0.13210000 0.09217353
0.13205000 0.09214458
0.13200000 0.09211532
0.13195000 0.09208574
0.13190000 0.09205586
0.13185000 0.09202566
0.13180000 0.09199515
0.13175000 0.09196432
0.13170000 0.09193319
0.13165000 0.09190174
0.13160000 0.09186999
0.13155000 0.09183793
0.13150000 0.09180556
0.13145000 0.09177287
0.13140000 0.09173989
0.13135000 0.09170659
0.13130000 0.09167298
0.13125000 0.09163907
0.13120000 0.09160486
0.13115000 0.09157034
0.13110000 0.09153551
0.13105000 0.09150038
0.13100000 0.09146494
0.13095000 0.09142920
0.13090000 0.09139315
0.13085000 0.09135681
0.13080000 0.09132016
0.13075000 0.09128321
0.13070000 0.09124596
0.13065000 0.09120840
0.13060000 0.09117055
0.13055000 0.09113239
0.13050000 0.09109394
0.13045000 0.09105518
0.13040000 0.09101613
0.13035000 0.09097678
0.13030000 0.09093713
0.13025000 0.09089719
0.13020000 0.09085694
0.13015000 0.09081641
0.13010000 0.09077557
0.13005000 0.09073444
0.13000000 0.09069301
0.12995000 0.09065129
0.12990000 0.09060928
0.12985000 0.09056697
0.12980000 0.09052437
0.12975000 0.09048148
0.12970000 0.09043829
0.12965000 0.09039481
0.12960000 0.09035104
0.12955000 0.09030698
0.12950000 0.09026263
0.12945000 0.09021799
0.12940000 0.09017306
0.12935000 0.09012784
0.12930000 0.09008233
0.12925000 0.09003654
0.12920000 0.08999045
0.12915000 0.08994408
0.12910000 0.08989742
0.12905000 0.08985048
0.12900000 0.08980325
0.12895000 0.08975574
0.12890000 0.08970793
0.12885000 0.08965985
0.12880000 0.08961148
0.12875000 0.08956283
0.12870000 0.08951389
0.12865000 0.08946468
0.12860000 0.08941517
0.12855000 0.08936539
0.12850000 0.08931533
0.12845000 0.08926499
0.12840000 0.08921436
0.12835000 0.08916346
0.12830000 0.08911227
0.12825000 0.08906081
0.12820000 0.08900907
0.12815000 0.08895705
0.12810000 0.08890475
0.12805000 0.08885218
0.12800000 0.08879933
0.12795000 0.08874620
0.12790000 0.08869280
0.12785000 0.08863912
0.12780000 0.08858517
0.12775000 0.08853094
0.12770000 0.08847644
0.12765000 0.08842166
0.12760000 0.08836661
0.12755000 0.08831129
0.12750000 0.08825570
0.12745000 0.08819983
0.12740000 0.08814370
0.12735000 0.08808729
0.12730000 0.08803061
0.12725000 0.08797367
0.12720000 0.08791645
0.12715000 0.08785897
0.12710000 0.08780121
0.12705000 0.08774319
0.12700000 0.08768490
0.12695000 0.08762634
0.12690000 0.08756752
0.12685000 0.08750843
0.12680000 0.08744907
0.12675000 0.08738945
0.12670000 0.08732957
0.12665000 0.08726942
0.12660000 0.08720900
0.12655000 0.08714832
0.12650000 0.08708738
0.12645000 0.08702618
0.12640000 0.08696471
0.12635000 0.08690299
0.12630000 0.08684100
0.12625000 0.08677875
0.12620000 0.08671624
0.12615000 0.08665347
0.12610000 0.08659044
0.12605000 0.08652715
0.12600000 0.08646360
0.12595000 0.08639979
0.12590000 0.08633573
0.12585000 0.08627141
0.12580000 0.08620683
0.12575000 0.08614200
0.12570000 0.08616736
0.12565000 0.08620329
0.12560000 0.08623882
0.12555000 0.08627396
0.12550000 0.08630871
0.12545000 0.08634306
0.12540000 0.08637702
0.12535000 0.08641059
0.12530000 0.08644377
0.12525000 0.08647655
0.12520000 0.08650895
0.12515000 0.08654096
0.12510000 0.08657258
0.12505000 0.08660381
0.12500000 0.08663466
0.12495000 0.08666511
0.12490000 0.08669518
0.12485000 0.08672487
0.12480000 0.08675417
0.12475000 0.08678308
0.12470000 0.08681161
0.12465000 0.08683976
0.12460000 0.08686752
0.12455000 0.08689490
0.12450000 0.08692189
0.12445000 0.08694851
0.12440000 0.08697474
0.12435000 0.08700060
0.12430000 0.08702607
0.12425000 0.08705116
0.12420000 0.08707588
0.12415000 0.08710021
0.12410000 0.08712417
0.12405000 0.08714775
0.12400000 0.08717096
0.12395000 0.08719379
0.12390000 0.08721624
0.12385000 0.08723831
0.12380000 0.08726002
0.12375000 0.08728134
0.12370000 0.08730230
0.12365000 0.08732288
0.12360000 0.08734309
0.12355000 0.08736293
0.12350000 0.08738239
0.12345000 0.08740149
0.12340000 0.08742021
0.12335000 0.08743856
0.12330000 0.08745655
0.12325000 0.08747417
0.12320000 0.08749141
0.12315000 0.08750829
0.12310000 0.08752481
0.12305000 0.08754095
0.12300000 0.08755673
0.12295000 0.08757215
0.12290000 0.08758720
0.12285000 0.08760188
0.12280000 0.08761620
0.12275000 0.08763016
0.12270000 0.08764376
0.12265000 0.08765699
0.12260000 0.08766986
0.12255000 0.08768237
0.12250000 0.08769452
0.12245000 0.08770631
0.12240000 0.08771774
0.12235000 0.08772881
0.12230000 0.08773952
0.12225000 0.08774987
0.12220000 0.08775987
0.12215000 0.08776951
0.12210000 0.08777879
0.12205000 0.08778772
0.12200000 0.08779629
0.12195000 0.08780451
0.12190000 0.08781237
0.12185000 0.08781988
0.12180000 0.08782703
0.12175000 0.08783383
0.12170000 0.08784028
0.12165000 0.08784638
0.12160000 0.08785213
0.12155000 0.08785753
0.12150000 0.08786257
0.12145000 0.08786727
0.12140000 0.08787162
0.12135000 0.08787562
0.12130000 0.08787927
0.12125000 0.08788257
0.12120000 0.08788553
0.12115000 0.08788814
0.12110000 0.08789041
0.12105000 0.08789233
0.12100000 0.08789390
0.12095000 0.08789513
0.12090000 0.08789602
0.12085000 0.08789656
0.12080000 0.08789676
0.12075000 0.08789662
0.12070000 0.08789614
0.12065000 0.08789532
0.12060000 0.08789415
0.12055000 0.08789265
0.12050000 0.08789080
0.12045000 0.08788862
0.12040000 0.08788610
0.12035000 0.08788324
0.12030000 0.08788004
0.12025000 0.08787651
0.12020000 0.08787264
0.12015000 0.08786844
0.12010000 0.08786389
0.12005000 0.08785902
0.12000000 0.08785381
0.11995000 0.08784826
0.11990000 0.08784239
0.11985000 0.08783618
0.11980000 0.08782964
0.11975000 0.08782276
0.11970000 0.08781556
0.11965000 0.08780802
0.11960000 0.08780016
0.11955000 0.08779196
0.11950000 0.08778344
0.11945000 0.08777459
0.11940000 0.08776541
0.11935000 0.08775590
0.11930000 0.08774606
0.11925000 0.08773590
0.11920000 0.08772541
0.11915000 0.08771460
0.11910000 0.08770346
0.11905000 0.08769200
0.11900000 0.08768022
0.11895000 0.08766811
0.11890000 0.08765568
0.11885000 0.08764292
0.11880000 0.08762985
0.11875000 0.08761645
0.11870000 0.08760273
0.11865000 0.08758869
0.11860000 0.08757434
0.11855000 0.08755966
0.11850000 0.08754467
0.11845000 0.08752935
0.11840000 0.08751372
0.11835000 0.08749777
0.11830000 0.08748151
0.11825000 0.08746493
0.11820000 0.08744803
0.11815000 0.08743082
0.11810000 0.08741329
0.11805000 0.08739545
0.11800000 0.08737730
0.11795000 0.08735884
0.11790000 0.08734006
0.11785000 0.08732097
0.11780000 0.08730156
0.11775000 0.08728185
0.11770000 0.08726183
0.11765000 0.08724150
0.11760000 0.08722085
0.11755000 0.08719990
0.11750000 0.08717864
0.11745000 0.08715708
0.11740000 0.08713520
0.11735000 0.08711302
0.11730000 0.08709053
0.11725000 0.08706774
0.11720000 0.08704464
0.11715000 0.08702124
0.11710000 0.08699753
0.11705000 0.08697352
0.11700000 0.08694920
0.11695000 0.08692459
0.11690000 0.08689967
0.11685000 0.08687445
0.11680000 0.08684892
0.11675000 0.08682310
0.11670000 0.08679698
0.11665000 0.08677056
0.11660000 0.08674383
0.11655000 0.08671681
0.11650000 0.08668949
0.11645000 0.08666188
0.11640000 0.08663397
0.11635000 0.08660576
0.11630000 0.08657725
0.11625000 0.08654845
0.11620000 0.08651935
0.11615000 0.08648996
0.11610000 0.08646028
0.11605000 0.08643030
0.11600000 0.08640003
0.11595000 0.08636946
0.11590000 0.08633861
0.11585000 0.08630746
0.11580000 0.08627602
0.11575000 0.08624430
0.11570000 0.08621228
0.11565000 0.08617997
0.11560000 0.08614737
0.11555000 0.08611449
0.11550000 0.08608131
0.11545000 0.08604785
0.11540000 0.08601410
0.11535000 0.08598007
0.11530000 0.08594575
0.11525000 0.08591114
0.11520000 0.08587625
0.11515000 0.08584108
0.11510000 0.08580562
0.11505000 0.08576988
0.11500000 0.08573385
0.11495000 0.08569755
0.11490000 0.08566096
0.11485000 0.08562408
0.11480000 0.08558693
0.11475000 0.08554950
0.11470000 0.08551179
0.11465000 0.08547380
0.11460000 0.08543553
0.11455000 0.08539698
0.11450000 0.08535815
0.11445000 0.08531905
0.11440000 0.08527967
0.11435000 0.08524001
0.11430000 0.08520008
0.11425000 0.08515987
0.11420000 0.08511939
0.11415000 0.08507863
0.11410000 0.08503760
0.11405000 0.08499629
0.11400000 0.08495472
0.11395000 0.08491287
0.11390000 0.08487074
0.11385000 0.08482835
0.11380000 0.08478569
0.11375000 0.08474275
0.11370000 0.08469955
0.11365000 0.08465607
0.11360000 0.08461233
0.11355000 0.08456832
0.11350000 0.08452404
0.11345000 0.08447949
0.11340000 0.08443468
0.11335000 0.08438960
0.11330000 0.08434426
0.11325000 0.08429864
0.11320000 0.08425277
0.11315000 0.08420663
0.11310000 0.08416022
0.11305000 0.08411356
0.11300000 0.08406663
0.11295000 0.08401943
0.11290000 0.08397198
0.11285000 0.08392426
0.11280000 0.08387628
0.11275000 0.08382805
0.11270000 0.08377955
0.11265000 0.08373079
0.11260000 0.08368177
0.11255000 0.08363250
0.11250000 0.08358297
0.11245000 0.08353318
0.11240000 0.08348313
0.11235000 0.08343282
0.11230000 0.08338226
0.11225000 0.08333145
0.11220000 0.08328038
0.11215000 0.08322905
0.11210000 0.08317747
0.11205000 0.08312564
0.11200000 0.08307356
0.11195000 0.08302122
0.11190000 0.08296863
0.11185000 0.08291578
0.11180000 0.08286269
0.11175000 0.08280935
0.11170000 0.08275575
0.11165000 0.08270191
0.11160000 0.08264782
0.11155000 0.08259348
0.11150000 0.08253889
0.11145000 0.08248405
0.11140000 0.08242896
0.11135000 0.08237363
0.11130000 0.08231805
0.11125000 0.08226223
0.11120000 0.08220616
0.11115000 0.08214985
0.11110000 0.08209329
0.11105000 0.08203649
0.11100000 0.08197945
0.11095000 0.08192216
0.11090000 0.08186463
0.11085000 0.08180686
0.11080000 0.08174884
0.11075000 0.08169059
0.11070000 0.08163210
0.11065000 0.08157336
0.11060000 0.08151439
0.11055000 0.08145518
0.11050000 0.08139572
0.11045000 0.08133604
0.11040000 0.08127611
0.11035000 0.08121595
0.11030000 0.08115555
0.11025000 0.08109491
0.11020000 0.08103404
0.11015000 0.08099590
0.11010000 0.08102418
0.11005000 0.08105209
0.11000000 0.08107962
0.10995000 0.08110677
0.10990000 0.08113355
0.10985000 0.08115996
0.10980000 0.08118599
0.10975000 0.08121164
0.10970000 0.08123693
0.10965000 0.08126184
0.10960000 0.08128638
0.10955000 0.08131054
0.10950000 0.08133434
0.10945000 0.08135777
0.10940000 0.08138083
0.10935000 0.08140352
0.10930000 0.08142584
0.10925000 0.08144779
0.10920000 0.08146938
0.10915000 0.08149060
0.10910000 0.08151145
0.10905000 0.08153194
0.10900000 0.08155206
0.10895000 0.08157182
0.10890000 0.08159122
0.10885000 0.08161025
0.10880000 0.08162892
0.10875000 0.08164723
0.10870000 0.08166518
0.10865000 0.08168277
0.10860000 0.08170000
0.10855000 0.08171687
0.10850000 0.08173338
0.10845000 0.08174953
0.10840000 0.08176532
0.10835000 0.08178076
0.10830000 0.08179584
0.10825000 0.08181057
0.10820000 0.08182494
0.10815000 0.08183895
0.10810000 0.08185261
0.10805000 0.08186592
0.10800000 0.08187888
0.10795000 0.08189148
0.10790000 0.08190373
0.10785000 0.08191563
0.10780000 0.08192718
0.10775000 0.08193838
0.10770000 0.08194923
0.10765000 0.08195973
0.10760000 0.08196989
0.10755000 0.08197969
0.10750000 0.08198915
0.10745000 0.08199826
0.10740000 0.08200703
0.10735000 0.08201545
0.10730000 0.08202353
0.10725000 0.08203126
0.10720000 0.08203865
0.10715000 0.08204570
0.10710000 0.08205241
0.10705000 0.08205877
0.10700000 0.08206479
0.10695000 0.08207047
0.10690000 0.08207581
0.10685000 0.08208082
0.10680000 0.08208548
0.10675000 0.08208980
0.10670000 0.08209379
0.10665000 0.08209744
0.10660000 0.08210076
0.10655000 0.08210373
0.10650000 0.08210638
0.10645000 0.08210869
0.10640000 0.08211066
0.10635000 0.08211230
0.10630000 0.08211361
0.10625000 0.08211458
0.10620000 0.08211523
0.10615000 0.08211554
0.10610000 0.08211552
0.10605000 0.08211517
0.10600000 0.08211449
0.10595000 0.08211349
0.10590000 0.08211215
0.10585000 0.08211049
0.10580000 0.08210850
0.10575000 0.08210618
0.10570000 0.08210354
0.10565000 0.08210057
0.10560000 0.08209727
0.10555000 0.08209366
0.10550000 0.08208972
0.10545000 0.08208545
0.10540000 0.08208086
0.10535000 0.08207595
0.10530000 0.08207072
0.10525000 0.08206517
0.10520000 0.08205930
0.10515000 0.08205311
0.10510000 0.08204660
0.10505000 0.08203977
0.10500000 0.08203262
0.10495000 0.08202516
0.10490000 0.08201738
0.10485000 0.08200928
0.10480000 0.08200087
0.10475000 0.08199214
0.10470000 0.08198309
0.10465000 0.08197374
0.10460000 0.08196407
0.10455000 0.08195408
0.10450000 0.08194379
0.10445000 0.08193318
0.10440000 0.08192226
0.10435000 0.08191103
0.10430000 0.08189949
0.10425000 0.08188764
0.10420000 0.08187548
0.10415000 0.08186302
0.10410000 0.08185025
0.10405000 0.08183716
0.10400000 0.08182378
0.10395000 0.08181008
0.10390000 0.08179608
0.10385000 0.08178178
0.10380000 0.08176717
0.10375000 0.08175226
0.10370000 0.08173704
0.10365000 0.08172153
0.10360000 0.08170571
0.10355000 0.08168958
0.10350000 0.08167316
0.10345000 0.08165644
0.10340000 0.08163942
0.10335000 0.08162209
0.10330000 0.08160447
0.10325000 0.08158655
0.10320000 0.08156834
0.10315000 0.08154982
0.10310000 0.08153101
0.10305000 0.08151191
0.10300000 0.08149251
0.10295000 0.08147281
0.10290000 0.08145282
0.10285000 0.08143254
0.10280000 0.08141196
0.10275000 0.08139109
0.10270000 0.08136993
0.10265000 0.08134848
0.10260000 0.08132673
0.10255000 0.08130470
0.10250000 0.08128237
0.10245000 0.08125976
0.10240000 0.08123686
0.10235000 0.08121367
0.10230000 0.08119019
0.10225000 0.08116643
0.10220000 0.08114238
0.10215000 0.08111804
0.10210000 0.08109342
0.10205000 0.08106851
0.10200000 0.08104332
0.10195000 0.08101785
0.10190000 0.08099209
0.10185000 0.08096605
0.10180000 0.08093973
0.10175000 0.08091313
0.10170000 0.08088624
0.10165000 0.08085908
0.10160000 0.08083163
0.10155000 0.08080391
0.10150000 0.08077591
0.10145000 0.08074763
0.10140000 0.08071907
0.10135000 0.08069024
0.10130000 0.08066113
0.10125000 0.08063174
0.10120000 0.08060208
0.10115000 0.08057214
0.10110000 0.08054193
0.10105000 0.08051144
0.10100000 0.08048069
0.10095000 0.08044966
0.10090000 0.08041835
0.10085000 0.08038678
0.10080000 0.08035493
0.10075000 0.08032282
0.10070000 0.08029043
0.10065000 0.08025778
0.10060000 0.08022486
0.10055000 0.08019166
0.10050000 0.08015821
0.10045000 0.08012448
0.10040000 0.08009049
0.10035000 0.08005623
0.10030000 0.08002170
0.10025000 0.07998692
0.10020000 0.07995186
0.10015000 0.07991654
0.10010000 0.07988096
0.10005000 0.07984512
0.10000000 0.07980902
0.09995000 0.07977265
0.09990000 0.07973602
0.09985000 0.07969913
0.09980000 0.07966198
0.09975000 0.07962458
0.09970000 0.07958691
0.09965000 0.07954898
0.09960000 0.07951080
0.09955000 0.07947236
0.09950000 0.07943366
0.09945000 0.07939471
0.09940000 0.07935550
0.09935000 0.07931604
0.09930000 0.07927632
0.09925000 0.07923634
0.09920000 0.07919612
0.09915000 0.07915564
0.09910000 0.07911491
0.09905000 0.07907392
0.09900000 0.07903269
0.09895000 0.07899120
0.09890000 0.07894946
0.09885000 0.07890748
0.09880000 0.07886524
0.09875000 0.07882276
0.09870000 0.07878003
0.09865000 0.07873705
0.09860000 0.07869382
0.09855000 0.07865035
0.09850000 0.07860663
0.09845000 0.07856267
0.09840000 0.07851846
0.09835000 0.07847400
0.09830000 0.07842930
0.09825000 0.07838436
0.09820000 0.07833918
0.09815000 0.07829375
0.09810000 0.07824809
0.09805000 0.07820218
0.09800000 0.07815603
0.09795000 0.07810964
0.09790000 0.07806301
0.09785000 0.07801614
0.09780000 0.07796903
0.09775000 0.07792169
0.09770000 0.07787411
0.09765000 0.07782629
0.09760000 0.07777823
0.09755000 0.07772994
0.09750000 0.07768142
0.09745000 0.07763266
0.09740000 0.07758366
0.09735000 0.07753443
0.09730000 0.07748497
0.09725000 0.07743527
0.09720000 0.07738535
0.09715000 0.07733519
0.09710000 0.07728480
0.09705000 0.07723418
0.09700000 0.07718333
0.09695000 0.07713225
0.09690000 0.07708094
0.09685000 0.07702940
0.09680000 0.07697763
0.09675000 0.07692564
0.09670000 0.07687342
0.09665000 0.07682098
0.09660000 0.07676830
0.09655000 0.07671541
0.09650000 0.07666229
0.09645000 0.07660894
0.09640000 0.07655537
0.09635000 0.07650158
0.09630000 0.07644756
0.09625000 0.07639332
0.09620000 0.07633886
0.09615000 0.07628418
0.09610000 0.07622928
0.09605000 0.07617416
0.09600000 0.07611882
0.09595000 0.07606326
0.09590000 0.07600748
0.09585000 0.07595149
0.09580000 0.07589527
0.09575000 0.07583884
0.09570000 0.07578220
0.09565000 0.07572533
0.09560000 0.07566826
0.09555000 0.07561096
0.09550000 0.07555346
0.09545000 0.07556068
0.09540000 0.07558086
0.09535000 0.07560068
0.09530000 0.07562014
0.09525000 0.07563925
0.09520000 0.07565800
0.09515000 0.07567639
0.09510000 0.07569442
0.09505000 0.07571211
0.09500000 0.07572943
0.09495000 0.07574641
0.09490000 0.07576303
0.09485000 0.07577929
0.09480000 0.07579521
0.09475000 0.07581077
0.09470000 0.07582599
0.09465000 0.07584085
0.09460000 0.07585537
0.09455000 0.07586954
0.09450000 0.07588336
0.09445000 0.07589683
0.09440000 0.07590996
0.09435000 0.07592274
0.09430000 0.07593517
0.09425000 0.07594726
0.09420000 0.07595901
0.09415000 0.07597042
0.09410000 0.07598148
0.09405000 0.07599220
0.09400000 0.07600257
0.09395000 0.07601261
0.09390000 0.07602231
0.09385000 0.07603167
0.09380000 0.07604069
0.09375000 0.07604937
0.09370000 0.07605771
0.09365000 0.07606572
0.09360000 0.07607339
0.09355000 0.07608073
0.09350000 0.07608773
0.09345000 0.07609440
0.09340000 0.07610073
0.09335000 0.07610673
0.09330000 0.07611240
0.09325000 0.07611774
0.09320000 0.07612274
0.09315000 0.07612742
0.09310000 0.07613176
0.09305000 0.07613578
0.09300000 0.07613947
0.09295000 0.07614283
0.09290000 0.07614586
0.09285000 0.07614857
0.09280000 0.07615095
0.09275000 0.07615301
0.09270000 0.07615474
0.09265000 0.07615615
0.09260000 0.07615723
0.09255000 0.07615799
0.09250000 0.07615843
0.09245000 0.07615855
0.09240000 0.07615835
0.09235000 0.07615783
0.09230000 0.07615699
0.09225000 0.07615583
0.09220000 0.07615435
0.09215000 0.07615255
0.09210000 0.07615044
0.09205000 0.07614801
0.09200000 0.07614527
0.09195000 0.07614221
0.09190000 0.07613883
0.09185000 0.07613514
0.09180000 0.07613114
0.09175000 0.07612683
0.09170000 0.07612221
0.09165000 0.07611727
0.09160000 0.07611202
0.09155000 0.07610646
0.09150000 0.07610060
0.09145000 0.07609442
0.09140000 0.07608794
0.09135000 0.07608115
0.09130000 0.07607405
0.09125000 0.07606665
0.09120000 0.07605894
0.09115000 0.07605093
0.09110000 0.07604261
0.09105000 0.07603399
0.09100000 0.07602506
0.09095000 0.07601584
0.09090000 0.07600631
0.09085000 0.07599648
0.09080000 0.07598635
0.09075000 0.07597592
0.09070000 0.07596519
0.09065000 0.07595416
0.09060000 0.07594283
0.09055000 0.07593121
0.09050000 0.07591929
0.09045000 0.07590707
0.09040000 0.07589456
0.09035000 0.07588175
0.09030000 0.07586865
0.09025000 0.07585525
0.09020000 0.07584156
0.09015000 0.07582758
0.09010000 0.07581331
0.09005000 0.07579875
0.09000000 0.07578389
0.08995000 0.07576875
0.08990000 0.07575332
0.08985000 0.07573759
0.08980000 0.07572158
0.08975000 0.07570528
0.08970000 0.07568870
0.08965000 0.07567183
0.08960000 0.07565467
0.08955000 0.07563723
0.08950000 0.07561950
0.08945000 0.07560149
0.08940000 0.07558320
0.08935000 0.07556462
0.08930000 0.07554577
0.08925000 0.07552663
0.08920000 0.07550721
0.08915000 0.07548751
0.08910000 0.07546753
0.08905000 0.07544727
0.08900000 0.07542673
0.08895000 0.07540592
0.08890000 0.07538483
0.08885000 0.07536346
0.08880000 0.07534182
0.08875000 0.07531990
0.08870000 0.07529771
0.08865000 0.07527524
0.08860000 0.07525250
0.08855000 0.07522948
0.08850000 0.07520620
0.08845000 0.07518264
0.08840000 0.07515881
0.08835000 0.07513471
0.08830000 0.07511035
0.08825000 0.07508571
0.08820000 0.07506080
0.08815000 0.07503563
0.08810000 0.07501019
0.08805000 0.07498448
0.08800000 0.07495850
0.08795000 0.07493226
0.08790000 0.07490576
0.08785000 0.07487899
0.08780000 0.07485196
0.08775000 0.07482466
0.08770000 0.07479710
0.08765000 0.07476928
0.08760000 0.07474120
0.08755000 0.07471286
0.08750000 0.07468426
0.08745000 0.07465540
0.08740000 0.07462628
0.08735000 0.07459690
0.08730000 0.07456726
0.08725000 0.07453737
0.08720000 0.07450722
0.08715000 0.07447681
0.08710000 0.07444615
0.08705000 0.07441523
0.08700000 0.07438406
0.08695000 0.07435264
0.08690000 0.07432096
0.08685000 0.07428903
0.08680000 0.07425685
0.08675000 0.07422442
0.08670000 0.07419174
0.08665000 0.07415881
0.08660000 0.07412563
0.08655000 0.07409220
0.08650000 0.07405852
0.08645000 0.07402459
0.08640000 0.07399042
0.08635000 0.07395600
0.08630000 0.07392133
0.08625000 0.07388642
0.08620000 0.07385127
0.08615000 0.07381587
0.08610000 0.07378023
0.08605000 0.07374434
0.08600000 0.07370821
0.08595000 0.07367184
0.08590000 0.07363523
0.08585000 0.07359838
0.08580000 0.07356129
0.08575000 0.07352396
0.08570000 0.07348639
0.08565000 0.07344859
0.08560000 0.07341054
0.08555000 0.07337226
0.08550000 0.07333374
0.08545000 0.07329499
0.08540000 0.07325600
0.08535000 0.07321678
0.08530000 0.07317732
0.08525000 0.07313763
0.08520000 0.07309771
0.08515000 0.07305755
0.08510000 0.07301716
0.08505000 0.07297654
0.08500000 0.07293570
0.08495000 0.07289462
0.08490000 0.07285331
0.08485000 0.07281177
0.08480000 0.07277000
0.08475000 0.07272801
0.08470000 0.07268579
0.08465000 0.07264335
0.08460000 0.07260067
0.08455000 0.07255777
0.08450000 0.07251465
0.08445000 0.07247131
0.08440000 0.07242774
0.08435000 0.07238394
0.08430000 0.07233993
0.08425000 0.07229569
0.08420000 0.07225123
0.08415000 0.07220655
0.08410000 0.07216165
0.08405000 0.07211653
0.08400000 0.07207120
0.08395000 0.07202564
0.08390000 0.07197986
0.08385000 0.07193387
0.08380000 0.07188767
0.08375000 0.07184124
0.08370000 0.07179460
0.08365000 0.07174775
0.08360000 0.07170068
0.08355000 0.07165340
0.08350000 0.07160590
0.08345000 0.07155819
0.08340000 0.07151027
0.08335000 0.07146214
0.08330000 0.07141380
0.08325000 0.07136524
0.08320000 0.07131648
0.08315000 0.07126751
0.08310000 0.07121833
0.08305000 0.07116894
0.08300000 0.07111934
0.08295000 0.07106954
0.08290000 0.07101953
0.08285000 0.07096931
0.08280000 0.07091889
0.08275000 0.07086826
0.08270000 0.07081743
0.08265000 0.07076640
0.08260000 0.07071516
0.08255000 0.07066372
0.08250000 0.07061208
0.08245000 0.07056024
0.08240000 0.07050820
0.08235000 0.07045595
0.08230000 0.07040351
0.08225000 0.07035087
0.08220000 0.07029803
0.08215000 0.07024499
0.08210000 0.07019176
0.08205000 0.07013832
0.08200000 0.07008470
0.08195000 0.07003087
0.08190000 0.06997685
0.08185000 0.06992264
0.08180000 0.06986823
0.08175000 0.06983376
0.08170000 0.06984641
0.08165000 0.06985872
0.08160000 0.06987069
0.08155000 0.06988233
0.08150000 0.06989362
0.08145000 0.06990457
0.08140000 0.06991519
0.08135000 0.06992546
0.08130000 0.06993541
0.08125000 0.06994501
0.08120000 0.06995428
0.08115000 0.06996322
0.08110000 0.06997182
0.08105000 0.06998009
0.08100000 0.06998803
0.08095000 0.06999563
0.08090000 0.07000291
0.08085000 0.07000985
0.08080000 0.07001647
0.08075000 0.07002276
0.08070000 0.07002872
0.08065000 0.07003435
0.08060000 0.07003965
0.08055000 0.07004463
0.08050000 0.07004929
0.08045000 0.07005362
0.08040000 0.07005763
0.08035000 0.07006131
0.08030000 0.07006467
0.08025000 0.07006771
0.08020000 0.07007043
0.08015000 0.07007283
0.08010000 0.07007491
0.08005000 0.07007667
0.08000000 0.07007812
0.07995000 0.07007924
0.07990000 0.07008005
0.07985000 0.07008055
0.07980000 0.07008073
0.07975000 0.07008059
0.07970000 0.07008014
0.07965000 0.07007938
0.07960000 0.07007831
0.07955000 0.07007692
0.07950000 0.07007522
0.07945000 0.07007322
0.07940000 0.07007090
0.07935000 0.07006828
0.07930000 0.07006534
0.07925000 0.07006210
0.07920000 0.07005856
0.07915000 0.07005470
0.07910000 0.07005054
0.07905000 0.07004608
0.07900000 0.07004131
0.07895000 0.07003624
0.07890000 0.07003087
0.07885000 0.07002520
0.07880000 0.07001922
0.07875000 0.07001295
0.07870000 0.07000637
0.07865000 0.06999950
0.07860000 0.06999233
0.07855000 0.06998486
0.07850000 0.06997709
0.07845000 0.06996903
0.07840000 0.06996067
0.07835000 0.06995202
0.07830000 0.06994307
0.07825000 0.06993383
0.07820000 0.06992429
0.07815000 0.06991447
0.07810000 0.06990435
0.07805000 0.06989394
0.07800000 0.06988325
0.07795000 0.06987226
0.07790000 0.06986098
0.07785000 0.06984942
0.07780000 0.06983757
0.07775000 0.06982543
0.07770000 0.06981301
0.07765000 0.06980030
0.07760000 0.06978731
0.07755000 0.06977404
0.07750000 0.06976048
0.07745000 0.06974663
0.07740000 0.06973251
0.07735000 0.06971811
0.07730000 0.06970342
0.07725000 0.06968846
0.07720000 0.06967321
0.07715000 0.06965769
0.07710000 0.06964189
0.07705000 0.06962582
0.07700000 0.06960946
0.07695000 0.06959284
0.07690000 0.06957593
0.07685000 0.06955876
0.07680000 0.06954131
0.07675000 0.06952358
0.07670000 0.06950559
0.07665000 0.06948732
0.07660000 0.06946878
0.07655000 0.06944997
0.07650000 0.06943089
0.07645000 0.06941155
0.07640000 0.06939193
0.07635000 0.06937205
0.07630000 0.06935190
0.07625000 0.06933149
0.07620000 0.06931081
0.07615000 0.06928986
0.07610000 0.06926865
0.07605000 0.06924718
0.07600000 0.06922544
0.07595000 0.06920345
0.07590000 0.06918119
0.07585000 0.06915867
0.07580000 0.06913589
0.07575000 0.06911285
0.07570000 0.06908955
0.07565000 0.06906599
0.07560000 0.06904218
0.07555000 0.06901811
0.07550000 0.06899378
0.07545000 0.06896920
0.07540000 0.06894436
0.07535000 0.06891927
0.07530000 0.06889393
0.07525000 0.06886833
0.07520000 0.06884248
0.07515000 0.06881638
0.07510000 0.06879003
0.07505000 0.06876343
0.07500000 0.06873658
0.07495000 0.06870948
0.07490000 0.06868213
0.07485000 0.06865454
0.07480000 0.06862669
0.07475000 0.06859861
0.07470000 0.06857027
0.07465000 0.06854169
0.07460000 0.06851287
0.07455000 0.06848380
0.07450000 0.06845450
0.07445000 0.06842494
0.07440000 0.06839515
0.07435000 0.06836512
0.07430000 0.06833484
0.07425000 0.06830433
0.07420000 0.06827358
0.07415000 0.06824259
0.07410000 0.06821136
0.07405000 0.06817989
0.07400000 0.06814819
0.07395000 0.06811625
0.07390000 0.06808408
0.07385000 0.06805167
0.07380000 0.06801903
0.07375000 0.06798616
0.07370000 0.06795305
0.07365000 0.06791972
0.07360000 0.06788615
0.07355000 0.06785235
0.07350000 0.06781832
0.07345000 0.06778406
0.07340000 0.06774957
0.07335000 0.06771486
0.07330000 0.06767991
0.07325000 0.06764474
0.07320000 0.06760935
0.07315000 0.06757373
0.07310000 0.06753788
0.07305000 0.06750182
0.07300000 0.06746552
0.07295000 0.06742901
0.07290000 0.06739227
0.07285000 0.06735531
0.07280000 0.06731813
0.07275000 0.06728073
0.07270000 0.06724311
0.07265000 0.06720527
0.07260000 0.06716722
0.07255000 0.06712894
0.07250000 0.06709045
0.07245000 0.06705174
0.07240000 0.06701282
0.07235000 0.06697368
0.07230000 0.06693433
0.07225000 0.06689476
0.07220000 0.06685498
0.07215000 0.06681499
0.07210000 0.06677479
0.07205000 0.06673437
0.07200000 0.06669374
0.07195000 0.06665291
0.07190000 0.06661186
0.07185000 0.06657061
0.07180000 0.06652914
0.07175000 0.06648747
0.07170000 0.06644560
0.07165000 0.06640351
0.07160000 0.06636122
0.07155000 0.06631873
0.07150000 0.06627603
0.07145000 0.06623313
0.07140000 0.06619002
0.07135000 0.06614671
0.07130000 0.06610320
0.07125000 0.06605949
0.07120000 0.06601558
0.07115000 0.06597147
0.07110000 0.06592716
0.07105000 0.06588265
0.07100000 0.06583794
0.07095000 0.06579304
0.07090000 0.06574793
0.07085000 0.06570264
0.07080000 0.06565714
0.07075000 0.06561145
0.07070000 0.06556557
0.07065000 0.06551949
0.07060000 0.06547322
0.07055000 0.06542676
0.07050000 0.06538010
0.07045000 0.06533326
0.07040000 0.06528622
0.07035000 0.06523899
0.07030000 0.06519158
0.07025000 0.06514397
0.07020000 0.06509618
0.07015000 0.06504820
0.07010000 0.06500003
0.07005000 0.06495167
0.07000000 0.06490313
0.06995000 0.06485441
0.06990000 0.06480550
0.06985000 0.06475641
0.06980000 0.06470713
0.06975000 0.06465767
0.06970000 0.06460803
0.06965000 0.06455820
0.06960000 0.06450820
0.06955000 0.06445801
0.06950000 0.06440765
0.06945000 0.06435711
0.06940000 0.06430638
0.06935000 0.06425548
0.06930000 0.06420441
0.06925000 0.06415315
0.06920000 0.06410172
0.06915000 0.06405012
0.06910000 0.06399834
0.06905000 0.06394639
0.06900000 0.06391171
0.06895000 0.06391671
0.06890000 0.06392139
0.06885000 0.06392574
0.06880000 0.06392978
0.06875000 0.06393349
0.06870000 0.06393687
0.06865000 0.06393994
0.06860000 0.06394269
0.06855000 0.06394512
0.06850000 0.06394723
0.06845000 0.06394902
0.06840000 0.06395050
0.06835000 0.06395166
0.06830000 0.06395250
0.06825000 0.06395304
0.06820000 0.06395325
0.06815000 0.06395316
0.06810000 0.06395276
0.06805000 0.06395204
0.06800000 0.06395101
0.06795000 0.06394967
0.06790000 0.06394803
0.06785000 0.06394608
0.06780000 0.06394382
0.06775000 0.06394125
0.06770000 0.06393838
0.06765000 0.06393520
0.06760000 0.06393172
0.06755000 0.06392794
0.06750000 0.06392385
0.06745000 0.06391947
0.06740000 0.06391478
0.06735000 0.06390979
0.06730000 0.06390450
0.06725000 0.06389892
0.06720000 0.06389304
0.06715000 0.06388686
0.06710000 0.06388038
0.06705000 0.06387361
0.06700000 0.06386655
0.06695000 0.06385919
0.06690000 0.06385153
0.06685000 0.06384359
0.06680000 0.06383535
0.06675000 0.06382683
0.06670000 0.06381801
0.06665000 0.06380891
0.06660000 0.06379951
0.06655000 0.06378983
0.06650000 0.06377987
0.06645000 0.06376961
0.06640000 0.06375907
0.06635000 0.06374825
0.06630000 0.06373715
0.06625000 0.06372576
0.06620000 0.06371408
0.06615000 0.06370213
0.06610000 0.06368990
0.06605000 0.06367739
0.06600000 0.06366459
0.06595000 0.06365152
0.06590000 0.06363817
0.06585000 0.06362455
0.06580000 0.06361065
0.06575000 0.06359647
0.06570000 0.06358202
0.06565000 0.06356730
0.06560000 0.06355230
0.06555000 0.06353703
0.06550000 0.06352149
0.06545000 0.06350568
0.06540000 0.06348960
0.06535000 0.06347325
0.06530000 0.06345663
0.06525000 0.06343975
0.06520000 0.06342260
0.06515000 0.06340518
0.06510000 0.06338749
0.06505000 0.06336955
0.06500000 0.06335133
0.06495000 0.06333286
0.06490000 0.06331412
0.06485000 0.06329512
0.06480000 0.06327586
0.06475000 0.06325634
0.06470000 0.06323656
0.06465000 0.06321652
0.06460000 0.06319623
0.06455000 0.06317567
0.06450000 0.06315487
0.06445000 0.06313380
0.06440000 0.06311248
0.06435000 0.06309091
0.06430000 0.06306908
0.06425000 0.06304700
0.06420000 0.06302467
0.06415000 0.06300209
0.06410000 0.06297925
0.06405000 0.06295617
0.06400000 0.06293284
0.06395000 0.06290926
0.06390000 0.06288544
0.06385000 0.06286136
0.06380000 0.06283704
0.06375000 0.06281248
0.06370000 0.06278767
0.06365000 0.06276262
0.06360000 0.06273732
0.06355000 0.06271178
0.06350000 0.06268601
0.06345000 0.06265999
0.06340000 0.06263373
0.06335000 0.06260723
0.06330000 0.06258049
0.06325000 0.06255351
0.06320000 0.06252630
0.06315000 0.06249885
0.06310000 0.06247117
0.06305000 0.06244325
0.06300000 0.06241509
0.06295000 0.06238671
0.06290000 0.06235809
0.06285000 0.06232924
0.06280000 0.06230015
0.06275000 0.06227084
0.06270000 0.06224130
0.06265000 0.06221152
0.06260000 0.06218152
0.06255000 0.06215129
0.06250000 0.06212084
0.06245000 0.06209016
0.06240000 0.06205925
0.06235000 0.06202812
0.06230000 0.06199676
0.06225000 0.06196518
0.06220000 0.06193338
0.06215000 0.06190136
0.06210000 0.06186911
0.06205000 0.06183665
0.06200000 0.06180396
0.06195000 0.06177106
0.06190000 0.06173794
0.06185000 0.06170460
0.06180000 0.06167104
0.06175000 0.06163727
0.06170000 0.06160328
0.06165000 0.06156908
0.06160000 0.06153466
0.06155000 0.06150003
0.06150000 0.06146519
0.06145000 0.06143013
0.06140000 0.06139487
0.06135000 0.06135939
0.06130000 0.06132371
0.06125000 0.06128781
0.06120000 0.06125171
0.06115000 0.06121540
0.06110000 0.06117888
0.06105000 0.06114215
0.06100000 0.06110522
0.06095000 0.06106809
0.06090000 0.06103075
0.06085000 0.06099321
0.06080000 0.06095546
0.06075000 0.06091752
0.06070000 0.06087937
0.06065000 0.06084102
0.06060000 0.06080247
0.06055000 0.06076372
0.06050000 0.06072478
0.06045000 0.06068563
0.06040000 0.06064629
0.06035000 0.06060675
0.06030000 0.06056702
0.06025000 0.06052709
0.06020000 0.06048697
0.06015000 0.06044665
0.06010000 0.06040614
0.06005000 0.06036544
0.06000000 0.06032455
0.05995000 0.06028346
0.05990000 0.06024219
0.05985000 0.06020072
0.05980000 0.06015907
0.05975000 0.06011723
0.05970000 0.06007520
0.05965000 0.06003299
0.05960000 0.05999058
0.05955000 0.05994800
0.05950000 0.05990523
0.05945000 0.05986227
0.05940000 0.05981913
0.05935000 0.05977581
0.05930000 0.05973231
0.05925000 0.05968862
0.05920000 0.05964476
0.05915000 0.05960071
0.05910000 0.05955649
0.05905000 0.05951209
0.05900000 0.05946750
0.05895000 0.05942275
0.05890000 0.05937781
0.05885000 0.05933270
0.05880000 0.05928741
0.05875000 0.05924195
0.05870000 0.05919632
0.05865000 0.05915051
0.05860000 0.05910453
0.05855000 0.05905838
0.05850000 0.05901206
0.05845000 0.05896557
0.05840000 0.05891890
0.05835000 0.05887207
0.05830000 0.05882507
0.05825000 0.05877790
0.05820000 0.05873057
0.05815000 0.05868307
0.05810000 0.05863540
0.05805000 0.05858757
0.05800000 0.05853957
0.05795000 0.05849141
0.05790000 0.05844308
0.05785000 0.05839460
0.05780000 0.05834595
0.05775000 0.05829714
0.05770000 0.05824817
0.05765000 0.05819904
0.05760000 0.05814975
0.05755000 0.05810030
0.05750000 0.05805070
0.05745000 0.05800094
0.05740000 0.05795102
0.05735000 0.05790094
0.05730000 0.05785071
0.05725000 0.05782146
0.05720000 0.05781884
0.05715000 0.05781591
0.05710000 0.05781267
0.05705000 0.05780913
0.05700000 0.05780528
0.05695000 0.05780112
0.05690000 0.05779666
0.05685000 0.05779190
0.05680000 0.05778683
0.05675000 0.05778147
0.05670000 0.05777580
0.05665000 0.05776983
0.05660000 0.05776356
0.05655000 0.05775700
0.05650000 0.05775014
0.05645000 0.05774298
0.05640000 0.05773553
0.05635000 0.05772778
0.05630000 0.05771974
0.05625000 0.05771140
0.05620000 0.05770278
0.05615000 0.05769386
0.05610000 0.05768465
0.05605000 0.05767516
0.05600000 0.05766537
0.05595000 0.05765530
0.05590000 0.05764494
0.05585000 0.05763430
0.05580000 0.05762337
0.05575000 0.05761216
0.05570000 0.05760067
0.05565000 0.05758889
0.05560000 0.05757683
0.05555000 0.05756449
0.05550000 0.05755187
0.05545000 0.05753898
0.05540000 0.05752580
0.05535000 0.05751235
0.05530000 0.05749862
0.05525000 0.05748462
0.05520000 0.05747034
0.05515000 0.05745579
0.05510000 0.05744097
0.05505000 0.05742587
0.05500000 0.05741051
0.05495000 0.05739487
0.05490000 0.05737897
0.05485000 0.05736280
0.05480000 0.05734636
0.05475000 0.05732965
0.05470000 0.05731268
0.05465000 0.05729544
0.05460000 0.05727794
0.05455000 0.05726018
0.05450000 0.05724215
0.05445000 0.05722387
0.05440000 0.05720532
0.05435000 0.05718651
0.05430000 0.05716744
0.05425000 0.05714812
0.05420000 0.05712854
0.05415000 0.05710870
0.05410000 0.05708861
0.05405000 0.05706826
0.05400000 0.05704766
0.05395000 0.05702681
0.05390000 0.05700570
0.05385000 0.05698435
0.05380000 0.05696274
0.05375000 0.05694088
0.05370000 0.05691878
0.05365000 0.05689642
0.05360000 0.05687382
0.05355000 0.05685098
0.05350000 0.05682789
0.05345000 0.05680455
0.05340000 0.05678097
0.05335000 0.05675715
0.05330000 0.05673309
0.05325000 0.05670878
0.05320000 0.05668424
0.05315000 0.05665945
0.05310000 0.05663443
0.05305000 0.05660917
0.05300000 0.05658367
0.05295000 0.05655794
0.05290000 0.05653197
0.05285000 0.05650576
0.05280000 0.05647933
0.05275000 0.05645266
0.05270000 0.05642575
0.05265000 0.05639862
0.05260000 0.05637126
0.05255000 0.05634367
0.05250000 0.05631585
0.05245000 0.05628780
0.05240000 0.05625952
0.05235000 0.05623102
0.05230000 0.05620229
0.05225000 0.05617334
0.05220000 0.05614416
0.05215000 0.05611476
0.05210000 0.05608514
0.05205000 0.05605530
0.05200000 0.05602524
0.05195000 0.05599496
0.05190000 0.05596445
0.05185000 0.05593374
0.05180000 0.05590280
0.05175000 0.05587165
0.05170000 0.05584028
0.05165000 0.05580869
0.05160000 0.05577690
0.05155000 0.05574489
0.05150000 0.05571266
0.05145000 0.05568023
0.05140000 0.05564759
0.05135000 0.05561473
0.05130000 0.05558167
0.05125000 0.05554839
0.05120000 0.05551491
0.05115000 0.05548123
0.05110000 0.05544733
0.05105000 0.05541324
0.05100000 0.05537893
0.05095000 0.05534443
0.05090000 0.05530972
0.05085000 0.05527481
0.05080000 0.05523970
0.05075000 0.05520438
0.05070000 0.05516887
0.05065000 0.05513316
0.05060000 0.05509725
0.05055000 0.05506115
0.05050000 0.05502484
0.05045000 0.05498835
0.05040000 0.05495165
0.05035000 0.05491477
0.05030000 0.05487769
0.05025000 0.05484041
0.05020000 0.05480295
0.05015000 0.05476529
0.05010000 0.05472745
0.05005000 0.05468941
0.05000000 0.05465119
0.04995000 0.05461278
0.04990000 0.05457418
0.04985000 0.05453539
0.04980000 0.05449642
0.04975000 0.05445727
0.04970000 0.05441793
0.04965000 0.05437841
0.04960000 0.05433870
0.04955000 0.05429882
0.04950000 0.05425875
0.04945000 0.05421850
0.04940000 0.05417808
0.04935000 0.05413747
0.04930000 0.05409669
0.04925000 0.05405573
0.04920000 0.05401459
0.04915000 0.05397328
0.04910000 0.05393180
0.04905000 0.05389014
0.04900000 0.05384830
0.04895000 0.05380630
0.04890000 0.05376412
0.04885000 0.05372177
0.04880000 0.05367925
0.04875000 0.05363657
0.04870000 0.05359371
0.04865000 0.05355069
0.04860000 0.05350749
0.04855000 0.05346414
0.04850000 0.05342061
0.04845000 0.05337693
0.04840000 0.05333307
0.04835000 0.05328906
0.04830000 0.05324488
0.04825000 0.05320054
0.04820000 0.05315604
0.04815000 0.05311138
0.04810000 0.05306656
0.04805000 0.05302158
0.04800000 0.05297644
0.04795000 0.05293115
0.04790000 0.05288569
0.04785000 0.05284009
0.04780000 0.05279432
0.04775000 0.05274841
0.04770000 0.05270234
0.04765000 0.05265611
0.04760000 0.05260974
0.04755000 0.05256321
0.04750000 0.05251653
0.04745000 0.05246971
0.04740000 0.05242273
0.04735000 0.05237560
0.04730000 0.05232833
0.04725000 0.05228091
0.04720000 0.05223334
0.04715000 0.05218563
0.04710000 0.05213778
0.04705000 0.05208978
0.04700000 0.05204163
0.04695000 0.05199335
0.04690000 0.05194492
0.04685000 0.05189635
0.04680000 0.05184764
0.04675000 0.05179879
0.04670000 0.05174980
0.04665000 0.05170067
0.04660000 0.05165141
0.04655000 0.05161208
0.04650000 0.05160180
0.04645000 0.05159121
0.04640000 0.05158034
0.04635000 0.05156917
0.04630000 0.05155771
0.04625000 0.05154596
0.04620000 0.05153392
0.04615000 0.05152159
0.04610000 0.05150897
0.04605000 0.05149607
0.04600000 0.05148288
0.04595000 0.05146940
0.04590000 0.05145565
0.04585000 0.05144161
0.04580000 0.05142728
0.04575000 0.05141268
0.04570000 0.05139780
0.04565000 0.05138264
0.04560000 0.05136720
0.04555000 0.05135148
0.04550000 0.05133549
0.04545000 0.05131922
0.04540000 0.05130268
0.04535000 0.05128587
0.04530000 0.05126879
0.04525000 0.05125143
0.04520000 0.05123381
0.04515000 0.05121591
0.04510000 0.05119775
0.04505000 0.05117933
0.04500000 0.05116063
0.04495000 0.05114168
0.04490000 0.05112245
0.04485000 0.05110297
0.04480000 0.05108323
0.04475000 0.05106322
0.04470000 0.05104295
0.04465000 0.05102243
0.04460000 0.05100165
0.04455000 0.05098061
0.04450000 0.05095931
0.04445000 0.05093776
0.04440000 0.05091596
0.04435000 0.05089390
0.04430000 0.05087159
0.04425000 0.05084904
0.04420000 0.05082623
0.04415000 0.05080317
0.04410000 0.05077986
0.04405000 0.05075631
0.04400000 0.05073251
0.04395000 0.05070847
0.04390000 0.05068418
0.04385000 0.05065965
0.04380000 0.05063488
0.04375000 0.05060986
0.04370000 0.05058461
0.04365000 0.05055911
0.04360000 0.05053338
0.04355000 0.05050741
0.04350000 0.05048121
0.04345000 0.05045476
0.04340000 0.05042809
0.04335000 0.05040118
0.04330000 0.05037404
0.04325000 0.05034666
0.04320000 0.05031906
0.04315000 0.05029123
0.04310000 0.05026317
0.04305000 0.05023487
0.04300000 0.05020636
0.04295000 0.05017762
0.04290000 0.05014865
0.04285000 0.05011946
0.04280000 0.05009004
0.04275000 0.05006040
0.04270000 0.05003055
0.04265000 0.05000047
0.04260000 0.04997017
0.04255000 0.04993965
0.04250000 0.04990892
0.04245000 0.04987797
0.04240000 0.04984680
0.04235000 0.04981542
0.04230000 0.04978383
0.04225000 0.04975202
0.04220000 0.04972000
0.04215000 0.04968777
0.04210000 0.04965533
0.04205000 0.04962269
0.04200000 0.04958983
0.04195000 0.04955677
0.04190000 0.04952349
0.04185000 0.04949002
0.04180000 0.04945634
0.04175000 0.04942246
0.04170000 0.04938837
0.04165000 0.04935408
0.04160000 0.04931959
0.04155000 0.04928490
0.04150000 0.04925002
0.04145000 0.04921493
0.04140000 0.04917965
0.04135000 0.04914417
0.04130000 0.04910849
0.04125000 0.04907262
0.04120000 0.04903656
0.04115000 0.04900031
0.04110000 0.04896386
0.04105000 0.04892722
0.04100000 0.04889040
0.04095000 0.04885338
0.04090000 0.04881617
0.04085000 0.04877878
0.04080000 0.04874120
0.04075000 0.04870344
0.04070000 0.04866549
0.04065000 0.04862736
0.04060000 0.04858905
0.04055000 0.04855055
0.04050000 0.04851187
0.04045000 0.04847302
0.04040000 0.04843398
0.04035000 0.04839476
0.04030000 0.04835537
0.04025000 0.04831580
0.04020000 0.04827606
0.04015000 0.04823614
0.04010000 0.04819605
0.04005000 0.04815578
0.04000000 0.04811534
0.03995000 0.04807473
0.03990000 0.04803395
0.03985000 0.04799300
0.03980000 0.04795189
0.03975000 0.04791060
0.03970000 0.04786915
0.03965000 0.04782753
0.03960000 0.04778575
0.03955000 0.04774380
0.03950000 0.04770169
0.03945000 0.04765941
0.03940000 0.04761698
0.03935000 0.04757438
0.03930000 0.04753162
0.03925000 0.04748871
0.03920000 0.04744563
0.03915000 0.04740240
0.03910000 0.04735901
0.03905000 0.04731547
0.03900000 0.04727177
0.03895000 0.04722792
0.03890000 0.04718391
0.03885000 0.04713976
0.03880000 0.04709545
0.03875000 0.04705099
0.03870000 0.04700638
0.03865000 0.04696162
0.03860000 0.04691671
0.03855000 0.04687166
0.03850000 0.04682646
0.03845000 0.04678112
0.03840000 0.04673563
0.03835000 0.04668999
0.03830000 0.04664422
0.03825000 0.04659830
0.03820000 0.04655224
0.03815000 0.04650604
0.03810000 0.04645970
0.03805000 0.04641322
0.03800000 0.04636660
0.03795000 0.04631985
0.03790000 0.04627296
0.03785000 0.04622593
0.03780000 0.04617877
0.03775000 0.04613148
0.03770000 0.04608405
0.03765000 0.04603649
0.03760000 0.04598880
0.03755000 0.04594098
0.03750000 0.04589303
0.03745000 0.04584495
0.03740000 0.04579674
0.03735000 0.04574840
0.03730000 0.04569994
0.03725000 0.04565135
0.03720000 0.04560264
0.03715000 0.04555381
0.03710000 0.04550485
0.03705000 0.04545577
0.03700000 0.04540656
0.03695000 0.04535724
0.03690000 0.04531575
0.03685000 0.04529741
0.03680000 0.04527878
0.03675000 0.04525987
0.03670000 0.04524068
0.03665000 0.04522122
0.03660000 0.04520147
0.03655000 0.04518144
0.03650000 0.04516114
0.03645000 0.04514057
0.03640000 0.04511972
0.03635000 0.04509860
0.03630000 0.04507720
0.03625000 0.04505554
0.03620000 0.04503361
0.03615000 0.04501141
0.03610000 0.04498894
0.03605000 0.04496621
0.03600000 0.04494322
0.03595000 0.04491996
0.03590000 0.04489644
0.03585000 0.04487265
0.03580000 0.04484861
0.03575000 0.04482431
0.03570000 0.04479976
0.03565000 0.04477494
0.03560000 0.04474988
0.03555000 0.04472455
0.03550000 0.04469898
0.03545000 0.04467315
0.03540000 0.04464708
0.03535000 0.04462075
0.03530000 0.04459418
0.03525000 0.04456736
0.03520000 0.04454029
0.03515000 0.04451298
0.03510000 0.04448543
0.03505000 0.04445763
0.03500000 0.04442960
0.03495000 0.04440132
0.03490000 0.04437280
0.03485000 0.04434405
0.03480000 0.04431506
0.03475000 0.04428583
0.03470000 0.04425637
0.03465000 0.04422668
0.03460000 0.04419675
0.03455000 0.04416660
0.03450000 0.04413621
0.03445000 0.04410560
0.03440000 0.04407475
0.03435000 0.04404368
0.03430000 0.04401239
0.03425000 0.04398087
0.03420000 0.04394913
0.03415000 0.04391716
0.03410000 0.04388498
0.03405000 0.04385257
0.03400000 0.04381995
0.03395000 0.04378711
0.03390000 0.04375405
0.03385000 0.04372078
0.03380000 0.04368729
0.03375000 0.04365359
0.03370000 0.04361968
0.03365000 0.04358556
0.03360000 0.04355122
0.03355000 0.04351668
0.03350000 0.04348193
0.03345000 0.04344697
0.03340000 0.04341181
0.03335000 0.04337645
0.03330000 0.04334088
0.03325000 0.04330510
0.03320000 0.04326913
0.03315000 0.04323296
0.03310000 0.04319658
0.03305000 0.04316001
0.03300000 0.04312324
0.03295000 0.04308628
0.03290000 0.04304912
0.03285000 0.04301177
0.03280000 0.04297422
0.03275000 0.04293649
0.03270000 0.04289856
0.03265000 0.04286044
0.03260000 0.04282214
0.03255000 0.04278365
0.03250000 0.04274497
0.03245000 0.04270611
0.03240000 0.04266706
0.03235000 0.04262783
0.03230000 0.04258841
0.03225000 0.04254882
0.03220000 0.04250904
0.03215000 0.04246909
0.03210000 0.04242896
0.03205000 0.04238865
0.03200000 0.04234817
0.03195000 0.04230751
0.03190000 0.04226668
0.03185000 0.04222567
0.03180000 0.04218450
0.03175000 0.04214315
0.03170000 0.04210163
0.03165000 0.04205995
0.03160000 0.04201809
0.03155000 0.04197607
0.03150000 0.04193389
0.03145000 0.04189154
0.03140000 0.04184903
0.03135000 0.04180635
0.03130000 0.04176351
0.03125000 0.04172052
0.03120000 0.04167736
0.03115000 0.04163404
0.03110000 0.04159057
0.03105000 0.04154694
0.03100000 0.04150316
0.03095000 0.04145922
0.03090000 0.04141513
0.03085000 0.04137088
0.03080000 0.04132649
0.03075000 0.04128194
0.03070000 0.04123725
0.03065000 0.04119240
0.03060000 0.04114741
0.03055000 0.04110227
0.03050000 0.04105699
0.03045000 0.04101156
0.03040000 0.04096599
0.03035000 0.04092028
0.03030000 0.04087443
0.03025000 0.04082843
0.03020000 0.04078230
0.03015000 0.04073602
0.03010000 0.04068961
0.03005000 0.04064307
0.03000000 0.04059638
0.02995000 0.04054957
0.02990000 0.04050262
0.02985000 0.04045553
0.02980000 0.04040832
0.02975000 0.04036097
0.02970000 0.04031350
0.02965000 0.04026589
0.02960000 0.04021816
0.02955000 0.04017030
0.02950000 0.04012232
0.02945000 0.04007421
0.02940000 0.04002597
0.02935000 0.03997762
0.02930000 0.03992914
0.02925000 0.03988054
0.02920000 0.03983182
0.02915000 0.03978298
0.02910000 0.03973402
0.02905000 0.03968494
0.02900000 0.03963575
0.02895000 0.03958645
0.02890000 0.03953702
0.02885000 0.03948749
0.02880000 0.03943784
0.02875000 0.03938808
0.02870000 0.03933821
0.02865000 0.03928823
0.02860000 0.03923814
0.02855000 0.03918795
0.02850000 0.03913764
0.02845000 0.03908723
0.02840000 0.03903672
0.02835000 0.03898610
0.02830000 0.03895633
0.02825000 0.03892910
0.02820000 0.03890160
0.02815000 0.03887383
0.02810000 0.03884579
0.02805000 0.03881748
0.02800000 0.03878890
0.02795000 0.03876005
0.02790000 0.03873094
0.02785000 0.03870157
0.02780000 0.03867193
0.02775000 0.03864204
0.02770000 0.03861188
0.02765000 0.03858147
0.02760000 0.03855081
0.02755000 0.03851988
0.02750000 0.03848871
0.02745000 0.03845728
0.02740000 0.03842560
0.02735000 0.03839368
0.02730000 0.03836150
0.02725000 0.03832908
0.02720000 0.03829642
0.02715000 0.03826351
0.02710000 0.03823036
0.02705000 0.03819696
0.02700000 0.03816333
0.02695000 0.03812946
0.02690000 0.03809536
0.02685000 0.03806102
0.02680000 0.03802644
0.02675000 0.03799164
0.02670000 0.03795660
0.02665000 0.03792133
0.02660000 0.03788583
0.02655000 0.03785011
0.02650000 0.03781416
0.02645000 0.03777799
0.02640000 0.03774159
0.02635000 0.03770498
0.02630000 0.03766814
0.02625000 0.03763108
0.02620000 0.03759381
0.02615000 0.03755632
0.02610000 0.03751861
0.02605000 0.03748069
0.02600000 0.03744256
0.02595000 0.03740422
0.02590000 0.03736567
0.02585000 0.03732691
0.02580000 0.03728794
0.02575000 0.03724877
0.02570000 0.03720940
0.02565000 0.03716982
0.02560000 0.03713004
0.02555000 0.03709006
0.02550000 0.03704988
0.02545000 0.03700950
0.02540000 0.03696893
0.02535000 0.03692816
0.02530000 0.03688719
0.02525000 0.03684604
0.02520000 0.03680469
0.02515000 0.03676316
0.02510000 0.03672143
0.02505000 0.03667952
0.02500000 0.03663742
0.02495000 0.03659514
0.02490000 0.03655267
0.02485000 0.03651002
0.02480000 0.03646719
0.02475000 0.03642418
0.02470000 0.03638100
0.02465000 0.03633763
0.02460000 0.03629409
0.02455000 0.03625038
0.02450000 0.03620649
0.02445000 0.03616243
0.02440000 0.03611819
0.02435000 0.03607379
0.02430000 0.03602922
0.02425000 0.03598449
0.02420000 0.03593959
0.02415000 0.03589452
0.02410000 0.03584929
0.02405000 0.03580390
0.02400000 0.03575834
0.02395000 0.03571263
0.02390000 0.03566676
0.02385000 0.03562073
0.02380000 0.03557454
0.02375000 0.03552821
0.02370000 0.03548171
0.02365000 0.03543507
0.02360000 0.03538827
0.02355000 0.03534132
0.02350000 0.03529423
0.02345000 0.03524699
0.02340000 0.03519960
0.02335000 0.03515207
0.02330000 0.03510439
0.02325000 0.03505657
0.02320000 0.03500861
0.02315000 0.03496050
0.02310000 0.03491226
0.02305000 0.03486388
0.02300000 0.03481537
0.02295000 0.03476672
0.02290000 0.03471793
0.02285000 0.03466901
0.02280000 0.03461996
0.02275000 0.03457078
0.02270000 0.03452147
0.02265000 0.03447203
0.02260000 0.03442246
0.02255000 0.03437277
0.02250000 0.03432295
0.02245000 0.03427301
0.02240000 0.03422294
0.02235000 0.03417276
0.02230000 0.03412245
0.02225000 0.03407203
0.02220000 0.03402148
0.02215000 0.03397082
0.02210000 0.03392004
0.02205000 0.03386915
0.02200000 0.03381815
0.02195000 0.03376703
0.02190000 0.03371580
0.02185000 0.03366446
0.02180000 0.03361302
0.02175000 0.03356146
0.02170000 0.03350980
0.02165000 0.03345803
0.02160000 0.03340616
0.02155000 0.03335418
0.02150000 0.03330210
0.02145000 0.03324993
0.02140000 0.03319765
0.02135000 0.03314527
0.02130000 0.03309279
0.02125000 0.03304022
0.02120000 0.03298755
0.02115000 0.03293479
0.02110000 0.03288193
0.02105000 0.03282898
0.02100000 0.03277594
0.02095000 0.03272281
0.02090000 0.03266959
0.02085000 0.03262527
0.02080000 0.03258830
0.02075000 0.03255107
0.02070000 0.03251358
0.02065000 0.03247582
0.02060000 0.03243780
0.02055000 0.03239951
0.02050000 0.03236097
0.02045000 0.03232218
0.02040000 0.03228312
0.02035000 0.03224382
0.02030000 0.03220426
0.02025000 0.03216446
0.02020000 0.03212440
0.02015000 0.03208410
0.02010000 0.03204356
0.02005000 0.03200277
0.02000000 0.03196174
0.01995000 0.03192048
0.01990000 0.03187897
0.01985000 0.03183723
0.01980000 0.03179526
0.01975000 0.03175306
0.01970000 0.03171062
0.01965000 0.03166796
0.01960000 0.03162507
0.01955000 0.03158195
0.01950000 0.03153861
0.01945000 0.03149505
0.01940000 0.03145127
0.01935000 0.03140727
0.01930000 0.03136306
0.01925000 0.03131863
0.01920000 0.03127398
0.01915000 0.03122913
0.01910000 0.03118406
0.01905000 0.03113879
0.01900000 0.03109331
0.01895000 0.03104763
0.01890000 0.03100174
0.01885000 0.03095565
0.01880000 0.03090936
0.01875000 0.03086288
0.01870000 0.03081619
0.01865000 0.03076932
0.01860000 0.03072224
0.01855000 0.03067498
0.01850000 0.03062753
0.01845000 0.03057989
0.01840000 0.03053206
0.01835000 0.03048405
0.01830000 0.03043585
0.01825000 0.03038748
0.01820000 0.03033892
0.01815000 0.03029018
0.01810000 0.03024127
0.01805000 0.03019218
0.01800000 0.03014292
0.01795000 0.03009348
0.01790000 0.03004388
0.01785000 0.02999411
0.01780000 0.02994416
0.01775000 0.02989406
0.01770000 0.02984379
0.01765000 0.02979335
0.01760000 0.02974276
0.01755000 0.02969200
0.01750000 0.02964109
0.01745000 0.02959002
0.01740000 0.02953880
0.01735000 0.02948742
0.01730000 0.02943589
0.01725000 0.02938421
0.01720000 0.02933238
0.01715000 0.02928041
0.01710000 0.02922828
0.01705000 0.02917602
0.01700000 0.02912361
0.01695000 0.02907106
0.01690000 0.02901837
0.01685000 0.02896555
0.01680000 0.02891258
0.01675000 0.02885948
0.01670000 0.02880625
0.01665000 0.02875289
0.01660000 0.02869939
0.01655000 0.02864577
0.01650000 0.02859202
0.01645000 0.02853814
0.01640000 0.02848413
0.01635000 0.02843001
0.01630000 0.02837576
0.01625000 0.02832139
0.01620000 0.02826690
0.01615000 0.02821230
0.01610000 0.02815758
0.01605000 0.02810274
0.01600000 0.02804779
0.01595000 0.02799273
0.01590000 0.02793756
0.01585000 0.02788228
0.01580000 0.02782690
0.01575000 0.02777140
0.01570000 0.02771581
0.01565000 0.02766011
0.01560000 0.02760430
0.01555000 0.02754840
0.01550000 0.02749240
0.01545000 0.02743630
0.01540000 0.02738011
0.01535000 0.02732382
0.01530000 0.02726743
0.01525000 0.02721096
0.01520000 0.02715439
0.01515000 0.02709773
0.01510000 0.02704099
0.01505000 0.02698416
0.01500000 0.02692725
0.01495000 0.02687025
0.01490000 0.02681317
0.01485000 0.02675600
0.01480000 0.02669876
0.01475000 0.02664144
0.01470000 0.02658404
0.01465000 0.02652657
0.01460000 0.02646902
0.01455000 0.02641140
0.01450000 0.02635907
0.01445000 0.02631036
0.01440000 0.02626138
0.01435000 0.02621214
0.01430000 0.02616265
0.01425000 0.02611289
0.01420000 0.02606288
0.01415000 0.02601262
0.01410000 0.02596211
0.01405000 0.02591135
0.01400000 0.02586034
0.01395000 0.02580909
0.01390000 0.02575760
0.01385000 0.02570587
0.01380000 0.02565391
0.01375000 0.02560171
0.01370000 0.02554928
0.01365000 0.02549663
0.01360000 0.02544374
0.01355000 0.02539063
0.01350000 0.02533730
0.01345000 0.02528375
0.01340000 0.02522998
0.01335000 0.02517600
0.01330000 0.02512180
0.01325000 0.02506739
0.01320000 0.02501277
0.01315000 0.02495795
0.01310000 0.02490293
0.01305000 0.02484770
0.01300000 0.02479227
0.01295000 0.02473665
0.01290000 0.02468083
0.01285000 0.02462482
0.01280000 0.02456861
0.01275000 0.02451222
0.01270000 0.02445564
0.01265000 0.02439888
0.01260000 0.02434194
0.01255000 0.02428482
0.01250000 0.02422752
0.01245000 0.02417004
0.01240000 0.02411239
0.01235000 0.02405457
0.01230000 0.02399658
0.01225000 0.02393843
0.01220000 0.02388011
0.01215000 0.02382163
0.01210000 0.02376298
0.01205000 0.02370418
0.01200000 0.02364523
0.01195000 0.02358611
0.01190000 0.02352685
0.01185000 0.02346744
0.01180000 0.02340787
0.01175000 0.02334817
0.01170000 0.02328832
0.01165000 0.02322832
0.01160000 0.02316819
0.01155000 0.02310792
0.01150000 0.02304751
0.01145000 0.02298697
0.01140000 0.02292630
0.01135000 0.02286550
0.01130000 0.02280457
0.01125000 0.02274351
0.01120000 0.02268234
0.01115000 0.02262103
0.01110000 0.02255961
0.01105000 0.02249808
0.01100000 0.02243642
0.01095000 0.02237465
0.01090000 0.02231277
0.01085000 0.02225078
0.01080000 0.02218869
0.01075000 0.02212648
0.01070000 0.02206417
0.01065000 0.02200176
0.01060000 0.02193925
0.01055000 0.02187664
0.01050000 0.02181393
0.01045000 0.02175113
0.01040000 0.02168823
0.01035000 0.02162525
0.01030000 0.02156217
0.01025000 0.02149901
0.01020000 0.02143576
0.01015000 0.02137243
0.01010000 0.02130901
0.01005000 0.02124552
0.01000000 0.02118194
0.00995000 0.02111829
0.00990000 0.02105457
0.00985000 0.02099077
0.00980000 0.02092690
0.00975000 0.02086296
0.00970000 0.02079895
0.00965000 0.02073488
0.00960000 0.02067075
0.00955000 0.02060655
0.00950000 0.02054229
0.00945000 0.02047797
0.00940000 0.02041359
0.00935000 0.02034916
0.00930000 0.02028490
0.00925000 0.02022097
0.00920000 0.02015677
0.00915000 0.02009230
0.00910000 0.02002758
0.00905000 0.01996260
0.00900000 0.01989736
0.00895000 0.01983188
0.00890000 0.01976614
0.00885000 0.01970017
0.00880000 0.01963396
0.00875000 0.01956751
0.00870000 0.01950083
0.00865000 0.01943392
0.00860000 0.01936678
0.00855000 0.01929942
0.00850000 0.01923185
0.00845000 0.01916405
0.00840000 0.01909605
0.00835000 0.01902784
0.00830000 0.01895942
0.00825000 0.01889080
0.00820000 0.01882198
0.00815000 0.01875297
0.00810000 0.01868376
0.00805000 0.01861436
0.00800000 0.01854478
0.00795000 0.01847502
0.00790000 0.01840508
0.00785000 0.01833496
0.00780000 0.01826467
0.00775000 0.01819420
0.00770000 0.01812358
0.00765000 0.01805278
0.00760000 0.01798183
0.00755000 0.01791072
0.00750000 0.01783946
0.00745000 0.01776804
0.00740000 0.01769648
0.00735000 0.01762477
0.00730000 0.01755292
0.00725000 0.01748093
0.00720000 0.01740881
0.00715000 0.01733655
0.00710000 0.01726416
0.00705000 0.01719165
0.00700000 0.01711901
0.00695000 0.01704625
0.00690000 0.01697337
0.00685000 0.01690037
0.00680000 0.01682727
0.00675000 0.01675405
0.00670000 0.01668073
0.00665000 0.01660730
0.00660000 0.01653377
0.00655000 0.01646014
0.00650000 0.01638642
0.00645000 0.01631260
0.00640000 0.01623870
0.00635000 0.01616470
0.00630000 0.01609063
0.00625000 0.01601647
0.00620000 0.01594223
0.00615000 0.01586791
0.00610000 0.01579352
0.00605000 0.01571906
0.00600000 0.01564453
0.00595000 0.01556993
0.00590000 0.01549528
0.00585000 0.01542056
0.00580000 0.01534578
0.00575000 0.01527094
0.00570000 0.01519606
0.00565000 0.01512112
0.00560000 0.01504613
0.00555000 0.01497110
0.00550000 0.01489603
0.00545000 0.01482091
0.00540000 0.01474576
0.00535000 0.01467057
0.00530000 0.01459535
0.00525000 0.01452010
0.00520000 0.01443371
0.00515000 0.01434630
0.00510000 0.01425861
0.00505000 0.01417065
0.00500000 0.01408244
0.00495000 0.01399397
0.00490000 0.01390524
0.00485000 0.01381628
0.00480000 0.01372708
0.00475000 0.01363765
0.00470000 0.01354799
0.00465000 0.01345812
0.00460000 0.01336803
0.00455000 0.01327773
0.00450000 0.01318723
0.00445000 0.01309653
0.00440000 0.01300564
0.00435000 0.01291457
0.00430000 0.01282332
0.00425000 0.01273189
0.00420000 0.01264030
0.00415000 0.01254854
0.00410000 0.01245662
0.00405000 0.01236455
0.00400000 0.01227233
0.00395000 0.01217997
0.00390000 0.01208748
0.00385000 0.01199485
0.00380000 0.01190209
0.00375000 0.01180922
0.00370000 0.01171622
0.00365000 0.01162312
0.00360000 0.01152991
0.00355000 0.01143660
0.00350000 0.01134319
0.00345000 0.01124969
0.00340000 0.01115610
0.00335000 0.01106243
0.00330000 0.01096868
0.00325000 0.01087486
0.00320000 0.01078097
0.00315000 0.01068701
0.00310000 0.01059300
0.00305000 0.01049893
0.00300000 0.01040481
0.00295000 0.01031065
0.00290000 0.01021644
0.00285000 0.01012220
0.00280000 0.01002792
0.00275000 0.00993362
0.00270000 0.00983929
0.00265000 0.00974494
0.00260000 0.00965058
0.00255000 0.00955620
0.00250000 0.00946182
0.00245000 0.00936743
0.00240000 0.00927304
0.00235000 0.00917866
0.00230000 0.00905632
0.00225000 0.00892079
0.00220000 0.00878496
0.00215000 0.00864884
0.00210000 0.00851246
0.00205000 0.00837581
0.00200000 0.00823892
0.00195000 0.00810180
0.00190000 0.00796447
0.00185000 0.00782693
0.00180000 0.00768920
0.00175000 0.00755130
0.00170000 0.00741323
0.00165000 0.00727502
0.00160000 0.00713667
0.00155000 0.00699819
0.00150000 0.00685959
0.00145000 0.00672090
0.00140000 0.00658212
0.00135000 0.00644326
0.00130000 0.00630433
0.00125000 0.00616535
0.00120000 0.00602632
0.00115000 0.00588726
0.00110000 0.00574818
0.00105000 0.00560908
0.00100000 0.00546998
0.00095000 0.00533089
0.00090000 0.00519182
0.00085000 0.00505278
0.00080000 0.00491377
0.00075000 0.00477480
0.00070000 0.00463590
0.00065000 0.00449705
0.00060000 0.00435828
0.00055000 0.00406780
0.00050000 0.00370482
0.00045000 0.00334142
0.00040000 0.00297772
0.00035000 0.00261380
0.00030000 0.00224976
0.00025000 0.00188568
0.00020000 0.00152165
0.00015000 0.00115773
0.00010000 0.00079401
0.00005000 0.00043054
0.00000000 0.00006738
0.00005000 -0.00023918
0.00010000 -0.00054574
0.00015000 -0.00085239
0.00020000 -0.00115920
0.00025000 -0.00146623
0.00030000 -0.00177356
0.00035000 -0.00208125
0.00040000 -0.00238933
0.00045000 -0.00269788
0.00050000 -0.00300691
0.00055000 -0.00331648
0.00060000 -0.00355318
0.00065000 -0.00363549
0.00070000 -0.00371785
0.00075000 -0.00380027
0.00080000 -0.00388275
0.00085000 -0.00396531
0.00090000 -0.00404794
0.00095000 -0.00413065
0.00100000 -0.00421345
0.00105000 -0.00429634
0.00110000 -0.00437933
0.00115000 -0.00446242
0.00120000 -0.00454562
0.00125000 -0.00462893
0.00130000 -0.00471235
0.00135000 -0.00479589
0.00140000 -0.00487956
0.00145000 -0.00496335
0.00150000 -0.00504727
0.00155000 -0.00513132
0.00160000 -0.00521550
0.00165000 -0.00529983
0.00170000 -0.00538430
0.00175000 -0.00546891
0.00180000 -0.00555366
0.00185000 -0.00563856
0.00190000 -0.00572361
0.00195000 -0.00580881
0.00200000 -0.00589416
0.00205000 -0.00597967
0.00210000 -0.00606533
0.00215000 -0.00615114
0.00220000 -0.00623711
0.00225000 -0.00632324
0.00230000 -0.00640952
0.00235000 -0.00648093
0.00240000 -0.00651992
0.00245000 -0.00655897
0.00250000 -0.00659807
0.00255000 -0.00663723
0.00260000 -0.00667645
0.00265000 -0.00671572
0.00270000 -0.00675506
0.00275000 -0.00679446
0.00280000 -0.00683392
0.00285000 -0.00687344
0.00290000 -0.00691303
0.00295000 -0.00695268
0.00300000 -0.00699240
0.00305000 -0.00703219
0.00310000 -0.00707205
0.00315000 -0.00711197
0.00320000 -0.00715197
0.00325000 -0.00719203
0.00330000 -0.00723217
0.00335000 -0.00727238
0.00340000 -0.00731265
0.00345000 -0.00735301
0.00350000 -0.00739343
0.00355000 -0.00743393
0.00360000 -0.00747450
0.00365000 -0.00751515
0.00370000 -0.00755587
0.00375000 -0.00759666
0.00380000 -0.00763754
0.00385000 -0.00767848
0.00390000 -0.00771950
0.00395000 -0.00776060
0.00400000 -0.00780177
0.00405000 -0.00784302
0.00410000 -0.00788434
0.00415000 -0.00792574
0.00420000 -0.00796721
0.00425000 -0.00800876
0.00430000 -0.00805039
0.00435000 -0.00809209
0.00440000 -0.00813386
0.00445000 -0.00817571
0.00450000 -0.00821763
0.00455000 -0.00825962
0.00460000 -0.00830169
0.00465000 -0.00834383
0.00470000 -0.00838604
0.00475000 -0.00842832
0.00480000 -0.00847067
0.00485000 -0.00851310
0.00490000 -0.00855559
0.00495000 -0.00859815
0.00500000 -0.00864078
0.00505000 -0.00868348
0.00510000 -0.00872624
0.00515000 -0.00876907
0.00520000 -0.00881196
0.00525000 -0.00885355
0.00530000 -0.00887519
0.00535000 -0.00889688
0.00540000 -0.00891861
0.00545000 -0.00894039
0.00550000 -0.00896221
0.00555000 -0.00898409
0.00560000 -0.00900600
0.00565000 -0.00902797
0.00570000 -0.00904998
0.00575000 -0.00907204
0.00580000 -0.00909414
0.00585000 -0.00911629
0.00590000 -0.00913849
0.00595000 -0.00916074
0.00600000 -0.00918303
0.00605000 -0.00920537
0.00610000 -0.00922776
0.00615000 -0.00925019
0.00620000 -0.00927267
0.00625000 -0.00929520
0.00630000 -0.00931777
0.00635000 -0.00934040
0.00640000 -0.00936306
0.00645000 -0.00938578
0.00650000 -0.00940854
0.00655000 -0.00943135
0.00660000 -0.00945420
0.00665000 -0.00947710
0.00670000 -0.00950005
0.00675000 -0.00952304
0.00680000 -0.00954608
0.00685000 -0.00956916
0.00690000 -0.00959229
0.00695000 -0.00961546
0.00700000 -0.00963868
0.00705000 -0.00966194
0.00710000 -0.00968524
0.00715000 -0.00970859
0.00720000 -0.00973198
0.00725000 -0.00975541
0.00730000 -0.00977889
0.00735000 -0.00980241
0.00740000 -0.00982597
0.00745000 -0.00984957
0.00750000 -0.00987321
0.00755000 -0.00989689
0.00760000 -0.00992062
0.00765000 -0.00994438
0.00770000 -0.00996818
0.00775000 -0.00999202
0.00780000 -0.01001590
0.00785000 -0.01003981
0.00790000 -0.01006376
0.00795000 -0.01008775
0.00800000 -0.01011178
0.00805000 -0.01013584
0.00810000 -0.01015993
0.00815000 -0.01018406
0.00820000 -0.01020822
0.00825000 -0.01023241
0.00830000 -0.01025664
0.00835000 -0.01028089
0.00840000 -0.01030518
0.00845000 -0.01032950
0.00850000 -0.01035384
0.00855000 -0.01037822
0.00860000 -0.01040262
0.00865000 -0.01042705
0.00870000 -0.01045151
0.00875000 -0.01047599
0.00880000 -0.01050049
0.00885000 -0.01052502
0.00890000 -0.01054957
0.00895000 -0.01057414
0.00900000 -0.01059874
0.00905000 -0.01062335
0.00910000 -0.01064798
0.00915000 -0.01067264
0.00920000 -0.01069730
0.00925000 -0.01072199
0.00930000 -0.01074669
0.00935000 -0.01076316
0.00940000 -0.01077616
0.00945000 -0.01078920
0.00950000 -0.01080227
0.00955000 -0.01081537
0.00960000 -0.01082851
0.00965000 -0.01084168
0.00970000 -0.01085489
0.00975000 -0.01086813
0.00980000 -0.01088140
0.00985000 -0.01089470
0.00990000 -0.01090804
0.00995000 -0.01092141
0.01000000 -0.01093481
0.01005000 -0.01094824
0.01010000 -0.01096170
0.01015000 -0.01097520
0.01020000 -0.01098873
0.01025000 -0.01100229
0.01030000 -0.01101588
0.01035000 -0.01102949
0.01040000 -0.01104314
0.01045000 -0.01105682
0.01050000 -0.01107053
0.01055000 -0.01108427
0.01060000 -0.01109804
0.01065000 -0.01111183
0.01070000 -0.01112565
0.01075000 -0.01113951
0.01080000 -0.01115339
0.01085000 -0.01116729
0.01090000 -0.01118123
0.01095000 -0.01119519
0.01100000 -0.01120917
0.01105000 -0.01122318
0.01110000 -0.01123722
0.01115000 -0.01125128
0.01120000 -0.01126537
0.01125000 -0.01127948
0.01130000 -0.01129362
0.01135000 -0.01130777
0.01140000 -0.01132196
0.01145000 -0.01133616
0.01150000 -0.01135039
0.01155000 -0.01136463
0.01160000 -0.01137890
0.01165000 -0.01139319
0.01170000 -0.01140750
0.01175000 -0.01142183
0.01180000 -0.01143618
0.01185000 -0.01145055
0.01190000 -0.01146494
0.01195000 -0.01147934
0.01200000 -0.01149376
0.01205000 -0.01150820
0.01210000 -0.01152266
0.01215000 -0.01153713
0.01220000 -0.01155161
0.01225000 -0.01156611
0.01230000 -0.01158063
0.01235000 -0.01159516
0.01240000 -0.01160970
0.01245000 -0.01162425
0.01250000 -0.01163882
0.01255000 -0.01165339
0.01260000 -0.01166798
0.01265000 -0.01168258
0.01270000 -0.01169719
0.01275000 -0.01171180
0.01280000 -0.01172643
0.01285000 -0.01174106
0.01290000 -0.01175570
0.01295000 -0.01177034
0.01300000 -0.01178499
0.01305000 -0.01179965
0.01310000 -0.01181431
0.01315000 -0.01182897
0.01320000 -0.01184364
0.01325000 -0.01185830
0.01330000 -0.01187297
0.01335000 -0.01188765
0.01340000 -0.01190232
0.01345000 -0.01191699
0.01350000 -0.01193166
0.01355000 -0.01194632
0.01360000 -0.01196099
0.01365000 -0.01197565
0.01370000 -0.01199031
0.01375000 -0.01200496
0.01380000 -0.01201960
0.01385000 -0.01203424
0.01390000 -0.01204887
0.01395000 -0.01206350
0.01400000 -0.01207811
0.01405000 -0.01209271
0.01410000 -0.01210731
0.01415000 -0.01212189
0.01420000 -0.01213646
0.01425000 -0.01215102
0.01430000 -0.01216556
0.01435000 -0.01218009
0.01440000 -0.01219460
0.01445000 -0.01220910
0.01450000 -0.01222358
0.01455000 -0.01223547
0.01460000 -0.01224380
0.01465000 -0.01225215
0.01470000 -0.01226052
0.01475000 -0.01226891
0.01480000 -0.01227733
0.01485000 -0.01228576
0.01490000 -0.01229422
0.01495000 -0.01230270
0.01500000 -0.01231119
0.01505000 -0.01231971
0.01510000 -0.01232825
0.01515000 -0.01233680
0.01520000 -0.01234538
0.01525000 -0.01235397
0.01530000 -0.01236258
0.01535000 -0.01237121
0.01540000 -0.01237986
0.01545000 -0.01238853
0.01550000 -0.01239721
0.01555000 -0.01240590
0.01560000 -0.01241462
0.01565000 -0.01242335
0.01570000 -0.01243209
0.01575000 -0.01244085
0.01580000 -0.01244963
0.01585000 -0.01245842
0.01590000 -0.01246722
0.01595000 -0.01247604
0.01600000 -0.01248487
0.01605000 -0.01249371
0.01610000 -0.01250256
0.01615000 -0.01251143
0.01620000 -0.01252031
0.01625000 -0.01252920
0.01630000 -0.01253810
0.01635000 -0.01254701
0.01640000 -0.01255593
0.01645000 -0.01256486
0.01650000 -0.01257380
0.01655000 -0.01258275
0.01660000 -0.01259171
0.01665000 -0.01260067
0.01670000 -0.01260964
0.01675000 -0.01261862
0.01680000 -0.01262761
0.01685000 -0.01263660
0.01690000 -0.01264559
0.01695000 -0.01265459
0.01700000 -0.01266360
0.01705000 -0.01267261
0.01710000 -0.01268162
0.01715000 -0.01269064
0.01720000 -0.01269966
0.01725000 -0.01270868
0.01730000 -0.01271771
0.01735000 -0.01272673
0.01740000 -0.01273576
0.01745000 -0.01274478
0.01750000 -0.01275381
0.01755000 -0.01276283
0.01760000 -0.01277185
0.01765000 -0.01278088
0.01770000 -0.01278989
0.01775000 -0.01279891
0.01780000 -0.01280792
0.01785000 -0.01281693
0.01790000 -0.01282594
0.01795000 -0.01283494
0.01800000 -0.01284393
0.01805000 -0.01285292
0.01810000 -0.01286190
0.01815000 -0.01287087
0.01820000 -0.01287984
0.01825000 -0.01288879
0.01830000 -0.01289774
0.01835000 -0.01290668
0.01840000 -0.01291561
0.01845000 -0.01292453
0.01850000 -0.01293343
0.01855000 -0.01294233
0.01860000 -0.01295121
0.01865000 -0.01296008
0.01870000 -0.01296894
0.01875000 -0.01297778
0.01880000 -0.01298660
0.01885000 -0.01299541
0.01890000 -0.01300421
0.01895000 -0.01301299
0.01900000 -0.01302175
0.01905000 -0.01303049
0.01910000 -0.01303921
0.01915000 -0.01304792
0.01920000 -0.01305660
0.01925000 -0.01306527
0.01930000 -0.01307391
0.01935000 -0.01308253
0.01940000 -0.01309113
0.01945000 -0.01309970
0.01950000 -0.01310825
0.01955000 -0.01311678
0.01960000 -0.01312528
0.01965000 -0.01313376
0.01970000 -0.01314221
0.01975000 -0.01315063
0.01980000 -0.01315902
0.01985000 -0.01316738
0.01990000 -0.01317572
0.01995000 -0.01318402
0.02000000 -0.01319230
0.02005000 -0.01320054
0.02010000 -0.01320875
0.02015000 -0.01321693
0.02020000 -0.01322507
0.02025000 -0.01323318
0.02030000 -0.01324126
0.02035000 -0.01324929
0.02040000 -0.01325729
0.02045000 -0.01326526
0.02050000 -0.01327318
0.02055000 -0.01328107
0.02060000 -0.01328892
0.02065000 -0.01329672
0.02070000 -0.01330449
0.02075000 -0.01331221
0.02080000 -0.01331989
0.02085000 -0.01332753
0.02090000 -0.01333436
0.02095000 -0.01334029
0.02100000 -0.01334623
0.02105000 -0.01335218
0.02110000 -0.01335813
0.02115000 -0.01336410
0.02120000 -0.01337007
0.02125000 -0.01337606
0.02130000 -0.01338205
0.02135000 -0.01338804
0.02140000 -0.01339405
0.02145000 -0.01340006
0.02150000 -0.01340608
0.02155000 -0.01341210
0.02160000 -0.01341813
0.02165000 -0.01342416
0.02170000 -0.01343020
0.02175000 -0.01343625
0.02180000 -0.01344229
0.02185000 -0.01344835
0.02190000 -0.01345440
0.02195000 -0.01346046
0.02200000 -0.01346652
0.02205000 -0.01347258
0.02210000 -0.01347865
0.02215000 -0.01348471
0.02220000 -0.01349078
0.02225000 -0.01349684
0.02230000 -0.01350291
0.02235000 -0.01350898
0.02240000 -0.01351505
0.02245000 -0.01352111
0.02250000 -0.01352718
0.02255000 -0.01353324
0.02260000 -0.01353930
0.02265000 -0.01354536
0.02270000 -0.01355141
0.02275000 -0.01355746
0.02280000 -0.01356351
0.02285000 -0.01356955
0.02290000 -0.01357559
0.02295000 -0.01358162
0.02300000 -0.01358765
0.02305000 -0.01359367
0.02310000 -0.01359968
0.02315000 -0.01360569
0.02320000 -0.01361169
0.02325000 -0.01361768
0.02330000 -0.01362367
0.02335000 -0.01362964
0.02340000 -0.01363561
0.02345000 -0.01364156
0.02350000 -0.01364751
0.02355000 -0.01365344
0.02360000 -0.01365937
0.02365000 -0.01366528
0.02370000 -0.01367118
0.02375000 -0.01367707
0.02380000 -0.01368294
0.02385000 -0.01368881
0.02390000 -0.01369465
0.02395000 -0.01370049
0.02400000 -0.01370631
0.02405000 -0.01371211
0.02410000 -0.01371790
0.02415000 -0.01372367
0.02420000 -0.01372942
0.02425000 -0.01373516
0.02430000 -0.01374088
0.02435000 -0.01374658
0.02440000 -0.01375226
0.02445000 -0.01375793
0.02450000 -0.01376357
0.02455000 -0.01376919
0.02460000 -0.01377479
0.02465000 -0.01378037
0.02470000 -0.01378593
0.02475000 -0.01379147
0.02480000 -0.01379698
0.02485000 -0.01380247
0.02490000 -0.01380793
0.02495000 -0.01381337
0.02500000 -0.01381879
0.02505000 -0.01382418
0.02510000 -0.01382954
0.02515000 -0.01383488
0.02520000 -0.01384019
0.02525000 -0.01384547
0.02530000 -0.01385073
0.02535000 -0.01385595
0.02540000 -0.01386115
0.02545000 -0.01386631
0.02550000 -0.01387145
0.02555000 -0.01387655
0.02560000 -0.01388162
0.02565000 -0.01388666
0.02570000 -0.01389167
0.02575000 -0.01389664
0.02580000 -0.01390158
0.02585000 -0.01390649
0.02590000 -0.01391136
0.02595000 -0.01391619
0.02600000 -0.01392099
0.02605000 -0.01392575
0.02610000 -0.01393047
0.02615000 -0.01393516
0.02620000 -0.01393980
0.02625000 -0.01394441
0.02630000 -0.01394898
0.02635000 -0.01395350
0.02640000 -0.01395799
0.02645000 -0.01396243
0.02650000 -0.01396683
0.02655000 -0.01397119
0.02660000 -0.01397551
0.02665000 -0.01397978
0.02670000 -0.01398400
0.02675000 -0.01398818
0.02680000 -0.01399232
0.02685000 -0.01399641
0.02690000 -0.01400045
0.02695000 -0.01400444
0.02700000 -0.01400838
0.02705000 -0.01401228
0.02710000 -0.01401612
0.02715000 -0.01401992
0.02720000 -0.01402366
0.02725000 -0.01402735
0.02730000 -0.01403099
0.02735000 -0.01403458
0.02740000 -0.01403811
0.02745000 -0.01404159
0.02750000 -0.01404501
0.02755000 -0.01404838
0.02760000 -0.01405169
0.02765000 -0.01405494
0.02770000 -0.01405813
0.02775000 -0.01406127
0.02780000 -0.01406435
0.02785000 -0.01406737
0.02790000 -0.01407032
0.02795000 -0.01407322
0.02800000 -0.01407606
0.02805000 -0.01407883
0.02810000 -0.01408154
0.02815000 -0.01408418
0.02820000 -0.01408676
0.02825000 -0.01408928
0.02830000 -0.01409172
0.02835000 -0.01409442
0.02840000 -0.01409945
0.02845000 -0.01410447
0.02850000 -0.01410949
0.02855000 -0.01411450
0.02860000 -0.01411952
0.02865000 -0.01412452
0.02870000 -0.01412953
0.02875000 -0.01413452
0.02880000 -0.01413951
0.02885000 -0.01414450
0.02890000 -0.01414948
0.02895000 -0.01415445
0.02900000 -0.01415942
0.02905000 -0.01416437
0.02910000 -0.01416932
0.02915000 -0.01417427
0.02920000 -0.01417920
0.02925000 -0.01418412
0.02930000 -0.01418904
0.02935000 -0.01419394
0.02940000 -0.01419884
0.02945000 -0.01420372
0.02950000 -0.01420860
0.02955000 -0.01421346
0.02960000 -0.01421831
0.02965000 -0.01422315
0.02970000 -0.01422798
0.02975000 -0.01423279
0.02980000 -0.01423759
0.02985000 -0.01424238
0.02990000 -0.01424715
0.02995000 -0.01425191
0.03000000 -0.01425665
0.03005000 -0.01426138
0.03010000 -0.01426609
0.03015000 -0.01427078
0.03020000 -0.01427546
0.03025000 -0.01428012
0.03030000 -0.01428477
0.03035000 -0.01428940
0.03040000 -0.01429400
0.03045000 -0.01429859
0.03050000 -0.01430316
0.03055000 -0.01430772
0.03060000 -0.01431225
0.03065000 -0.01431676
0.03070000 -0.01432125
0.03075000 -0.01432572
0.03080000 -0.01433016
0.03085000 -0.01433459
0.03090000 -0.01433899
0.03095000 -0.01434337
0.03100000 -0.01434773
0.03105000 -0.01435206
0.03110000 -0.01435636
0.03115000 -0.01436065
0.03120000 -0.01436490
0.03125000 -0.01436914
0.03130000 -0.01437334
0.03135000 -0.01437752
0.03140000 -0.01438167
0.03145000 -0.01438580
0.03150000 -0.01438989
0.03155000 -0.01439396
0.03160000 -0.01439800
0.03165000 -0.01440201
0.03170000 -0.01440599
0.03175000 -0.01440994
0.03180000 -0.01441386
0.03185000 -0.01441775
0.03190000 -0.01442160
0.03195000 -0.01442543
0.03200000 -0.01442922
0.03205000 -0.01443298
0.03210000 -0.01443670
0.03215000 -0.01444039
0.03220000 -0.01444405
0.03225000 -0.01444767
0.03230000 -0.01445125
0.03235000 -0.01445480
0.03240000 -0.01445831
0.03245000 -0.01446179
0.03250000 -0.01446523
0.03255000 -0.01446863
0.03260000 -0.01447199
0.03265000 -0.01447531
0.03270000 -0.01447859
0.03275000 -0.01448183
0.03280000 -0.01448504
0.03285000 -0.01448820
0.03290000 -0.01449132
0.03295000 -0.01449439
0.03300000 -0.01449743
0.03305000 -0.01450042
0.03310000 -0.01450337
0.03315000 -0.01450627
0.03320000 -0.01450913
0.03325000 -0.01451195
0.03330000 -0.01451472
0.03335000 -0.01451744
0.03340000 -0.01452012
0.03345000 -0.01452275
0.03350000 -0.01452533
0.03355000 -0.01452786
0.03360000 -0.01453034
0.03365000 -0.01453278
0.03370000 -0.01453516
0.03375000 -0.01453750
0.03380000 -0.01453978
0.03385000 -0.01454201
0.03390000 -0.01454419
0.03395000 -0.01454632
0.03400000 -0.01454840
0.03405000 -0.01455042
0.03410000 -0.01455238
0.03415000 -0.01455429
0.03420000 -0.01455615
0.03425000 -0.01455795
0.03430000 -0.01455970
0.03435000 -0.01456138
0.03440000 -0.01456301
0.03445000 -0.01456458
0.03450000 -0.01456610
0.03455000 -0.01456755
0.03460000 -0.01456895
0.03465000 -0.01457028
0.03470000 -0.01457155
0.03475000 -0.01457276
0.03480000 -0.01457391
0.03485000 -0.01457500
0.03490000 -0.01457602
0.03495000 -0.01457698
0.03500000 -0.01457788
0.03505000 -0.01457871
0.03510000 -0.01457947
0.03515000 -0.01458017
0.03520000 -0.01458080
0.03525000 -0.01458137
0.03530000 -0.01458186
0.03535000 -0.01458229
0.03540000 -0.01458265
0.03545000 -0.01458294
0.03550000 -0.01458316
0.03555000 -0.01458331
0.03560000 -0.01458339
0.03565000 -0.01458339
0.03570000 -0.01458333
0.03575000 -0.01458318
0.03580000 -0.01458297
0.03585000 -0.01458268
0.03590000 -0.01458232
0.03595000 -0.01458188
0.03600000 -0.01458136
0.03605000 -0.01458077
0.03610000 -0.01458010
0.03615000 -0.01457935
0.03620000 -0.01457852
0.03625000 -0.01457762
0.03630000 -0.01457663
0.03635000 -0.01457556
0.03640000 -0.01457441
0.03645000 -0.01457318
0.03650000 -0.01457187
0.03655000 -0.01457047
0.03660000 -0.01456899
0.03665000 -0.01456743
0.03670000 -0.01456578
0.03675000 -0.01456404
0.03680000 -0.01456222
0.03685000 -0.01456032
0.03690000 -0.01455832
0.03695000 -0.01456170
0.03700000 -0.01456692
0.03705000 -0.01457211
0.03710000 -0.01457730
0.03715000 -0.01458246
0.03720000 -0.01458761
0.03725000 -0.01459273
0.03730000 -0.01459784
0.03735000 -0.01460293
0.03740000 -0.01460800
0.03745000 -0.01461305
0.03750000 -0.01461808
0.03755000 -0.01462309
0.03760000 -0.01462808
0.03765000 -0.01463305
0.03770000 -0.01463799
0.03775000 -0.01464291
0.03780000 -0.01464782
0.03785000 -0.01465269
0.03790000 -0.01465755
0.03795000 -0.01466238
0.03800000 -0.01466718
0.03805000 -0.01467197
0.03810000 -0.01467672
0.03815000 -0.01468146
0.03820000 -0.01468616
0.03825000 -0.01469084
0.03830000 -0.01469550
0.03835000 -0.01470012
0.03840000 -0.01470472
0.03845000 -0.01470930
0.03850000 -0.01471384
0.03855000 -0.01471836
0.03860000 -0.01472284
0.03865000 -0.01472730
0.03870000 -0.01473173
0.03875000 -0.01473613
0.03880000 -0.01474050
0.03885000 -0.01474483
0.03890000 -0.01474914
0.03895000 -0.01475341
0.03900000 -0.01475765
0.03905000 -0.01476186
0.03910000 -0.01476604
0.03915000 -0.01477018
0.03920000 -0.01477429
0.03925000 -0.01477837
0.03930000 -0.01478241
0.03935000 -0.01478641
0.03940000 -0.01479038
0.03945000 -0.01479432
0.03950000 -0.01479821
0.03955000 -0.01480207
0.03960000 -0.01480590
0.03965000 -0.01480968
0.03970000 -0.01481343
0.03975000 -0.01481714
0.03980000 -0.01482081
0.03985000 -0.01482445
0.03990000 -0.01482804
0.03995000 -0.01483159
0.04000000 -0.01483510
0.04005000 -0.01483857
0.04010000 -0.01484200
0.04015000 -0.01484539
0.04020000 -0.01484873
0.04025000 -0.01485203
0.04030000 -0.01485529
0.04035000 -0.01485851
0.04040000 -0.01486168
0.04045000 -0.01486480
0.04050000 -0.01486788
0.04055000 -0.01487092
0.04060000 -0.01487391
0.04065000 -0.01487685
0.04070000 -0.01487975
0.04075000 -0.01488260
0.04080000 -0.01488540
0.04085000 -0.01488815
0.04090000 -0.01489086
0.04095000 -0.01489351
0.04100000 -0.01489612
0.04105000 -0.01489868
0.04110000 -0.01490118
0.04115000 -0.01490364
0.04120000 -0.01490604
0.04125000 -0.01490839
0.04130000 -0.01491069
0.04135000 -0.01491294
0.04140000 -0.01491513
0.04145000 -0.01491727
0.04150000 -0.01491935
0.04155000 -0.01492138
0.04160000 -0.01492336
0.04165000 -0.01492528
0.04170000 -0.01492714
0.04175000 -0.01492895
0.04180000 -0.01493070
0.04185000 -0.01493239
0.04190000 -0.01493402
0.04195000 -0.01493560
0.04200000 -0.01493711
0.04205000 -0.01493857
0.04210000 -0.01493997
0.04215000 -0.01494130
0.04220000 -0.01494258
0.04225000 -0.01494379
0.04230000 -0.01494494
0.04235000 -0.01494603
0.04240000 -0.01494706
0.04245000 -0.01494802
0.04250000 -0.01494892
0.04255000 -0.01494976
0.04260000 -0.01495053
0.04265000 -0.01495123
0.04270000 -0.01495187
0.04275000 -0.01495244
0.04280000 -0.01495295
0.04285000 -0.01495339
0.04290000 -0.01495376
0.04295000 -0.01495406
0.04300000 -0.01495429
0.04305000 -0.01495445
0.04310000 -0.01495455
0.04315000 -0.01495457
0.04320000 -0.01495452
0.04325000 -0.01495440
0.04330000 -0.01495421
0.04335000 -0.01495394
0.04340000 -0.01495361
0.04345000 -0.01495320
0.04350000 -0.01495271
0.04355000 -0.01495215
0.04360000 -0.01495152
0.04365000 -0.01495081
0.04370000 -0.01495002
0.04375000 -0.01494916
0.04380000 -0.01494821
0.04385000 -0.01494720
0.04390000 -0.01494610
0.04395000 -0.01494492
0.04400000 -0.01494367
0.04405000 -0.01494233
0.04410000 -0.01494092
0.04415000 -0.01493942
0.04420000 -0.01493784
0.04425000 -0.01493619
0.04430000 -0.01493444
0.04435000 -0.01493262
0.04440000 -0.01493071
0.04445000 -0.01492872
0.04450000 -0.01492664
0.04455000 -0.01492447
0.04460000 -0.01492222
0.04465000 -0.01491989
0.04470000 -0.01491747
0.04475000 -0.01491496
0.04480000 -0.01491236
0.04485000 -0.01490967
0.04490000 -0.01490690
0.04495000 -0.01490403
0.04500000 -0.01490108
0.04505000 -0.01489803
0.04510000 -0.01489489
0.04515000 -0.01489166
0.04520000 -0.01488834
0.04525000 -0.01488492
0.04530000 -0.01488141
0.04535000 -0.01487781
0.04540000 -0.01487411
0.04545000 -0.01487032
0.04550000 -0.01486643
0.04555000 -0.01486244
0.04560000 -0.01485836
0.04565000 -0.01485418
0.04570000 -0.01484990
0.04575000 -0.01484553
0.04580000 -0.01484105
0.04585000 -0.01483647
0.04590000 -0.01483180
0.04595000 -0.01482702
0.04600000 -0.01482214
0.04605000 -0.01481716
0.04610000 -0.01481207
0.04615000 -0.01480688
0.04620000 -0.01480159
0.04625000 -0.01479619
0.04630000 -0.01479069
0.04635000 -0.01478509
0.04640000 -0.01477937
0.04645000 -0.01477355
0.04650000 -0.01476762
0.04655000 -0.01476159
0.04660000 -0.01476471
0.04665000 -0.01477098
0.04670000 -0.01477722
0.04675000 -0.01478343
0.04680000 -0.01478960
0.04685000 -0.01479574
0.04690000 -0.01480185
0.04695000 -0.01480793
0.04700000 -0.01481397
0.04705000 -0.01481998
0.04710000 -0.01482596
0.04715000 -0.01483190
0.04720000 -0.01483780
0.04725000 -0.01484367
0.04730000 -0.01484950
0.04735000 -0.01485530
0.04740000 -0.01486106
0.04745000 -0.01486678
0.04750000 -0.01487247
0.04755000 -0.01487812
0.04760000 -0.01488373
0.04765000 -0.01488930
0.04770000 -0.01489483
0.04775000 -0.01490032
0.04780000 -0.01490578
0.04785000 -0.01491119
0.04790000 -0.01491656
0.04795000 -0.01492190
0.04800000 -0.01492719
0.04805000 -0.01493244
0.04810000 -0.01493764
0.04815000 -0.01494281
0.04820000 -0.01494793
0.04825000 -0.01495301
0.04830000 -0.01495804
0.04835000 -0.01496304
0.04840000 -0.01496798
0.04845000 -0.01497288
0.04850000 -0.01497774
0.04855000 -0.01498255
0.04860000 -0.01498732
0.04865000 -0.01499204
0.04870000 -0.01499671
0.04875000 -0.01500133
0.04880000 -0.01500591
0.04885000 -0.01501044
0.04890000 -0.01501492
0.04895000 -0.01501935
0.04900000 -0.01502373
0.04905000 -0.01502807
0.04910000 -0.01503235
0.04915000 -0.01503658
0.04920000 -0.01504076
0.04925000 -0.01504490
0.04930000 -0.01504897
0.04935000 -0.01505300
0.04940000 -0.01505698
0.04945000 -0.01506090
0.04950000 -0.01506476
0.04955000 -0.01506858
0.04960000 -0.01507234
0.04965000 -0.01507604
0.04970000 -0.01507970
0.04975000 -0.01508329
0.04980000 -0.01508683
0.04985000 -0.01509031
0.04990000 -0.01509374
0.04995000 -0.01509711
0.05000000 -0.01510042
0.05005000 -0.01510367
0.05010000 -0.01510687
0.05015000 -0.01511001
0.05020000 -0.01511308
0.05025000 -0.01511610
0.05030000 -0.01511906
0.05035000 -0.01512195
0.05040000 -0.01512479
0.05045000 -0.01512757
0.05050000 -0.01513028
0.05055000 -0.01513293
0.05060000 -0.01513552
0.05065000 -0.01513804
0.05070000 -0.01514050
0.05075000 -0.01514290
0.05080000 -0.01514523
0.05085000 -0.01514750
0.05090000 -0.01514970
0.05095000 -0.01515184
0.05100000 -0.01515391
0.05105000 -0.01515591
0.05110000 -0.01515785
0.05115000 -0.01515972
0.05120000 -0.01516152
0.05125000 -0.01516326
0.05130000 -0.01516492
0.05135000 -0.01516651
0.05140000 -0.01516804
0.05145000 -0.01516949
0.05150000 -0.01517088
0.05155000 -0.01517219
0.05160000 -0.01517343
0.05165000 -0.01517460
0.05170000 -0.01517570
0.05175000 -0.01517672
0.05180000 -0.01517767
0.05185000 -0.01517855
0.05190000 -0.01517935
0.05195000 -0.01518008
0.05200000 -0.01518073
0.05205000 -0.01518131
0.05210000 -0.01518181
0.05215000 -0.01518224
0.05220000 -0.01518258
0.05225000 -0.01518285
0.05230000 -0.01518305
0.05235000 -0.01518316
0.05240000 -0.01518319
0.05245000 -0.01518315
0.05250000 -0.01518302
0.05255000 -0.01518282
0.05260000 -0.01518253
0.05265000 -0.01518216
0.05270000 -0.01518171
0.05275000 -0.01518118
0.05280000 -0.01518057
0.05285000 -0.01517987
0.05290000 -0.01517909
0.05295000 -0.01517823
0.05300000 -0.01517728
0.05305000 -0.01517624
0.05310000 -0.01517512
0.05315000 -0.01517392
0.05320000 -0.01517262
0.05325000 -0.01517124
0.05330000 -0.01516978
0.05335000 -0.01516822
0.05340000 -0.01516658
0.05345000 -0.01516485
0.05350000 -0.01516303
0.05355000 -0.01516111
0.05360000 -0.01515911
0.05365000 -0.01515702
0.05370000 -0.01515483
0.05375000 -0.01515256
0.05380000 -0.01515019
0.05385000 -0.01514773
0.05390000 -0.01514517
0.05395000 -0.01514253
0.05400000 -0.01513978
0.05405000 -0.01513695
0.05410000 -0.01513401
0.05415000 -0.01513099
0.05420000 -0.01512786
0.05425000 -0.01512464
0.05430000 -0.01512132
0.05435000 -0.01511790
0.05440000 -0.01511439
0.05445000 -0.01511077
0.05450000 -0.01510706
0.05455000 -0.01510325
0.05460000 -0.01509933
0.05465000 -0.01509532
0.05470000 -0.01509121
0.05475000 -0.01508699
0.05480000 -0.01508267
0.05485000 -0.01507825
0.05490000 -0.01507372
0.05495000 -0.01506909
0.05500000 -0.01506436
0.05505000 -0.01505952
0.05510000 -0.01505457
0.05515000 -0.01504952
0.05520000 -0.01504437
0.05525000 -0.01503910
0.05530000 -0.01503373
0.05535000 -0.01502825
0.05540000 -0.01502266
0.05545000 -0.01501697
0.05550000 -0.01501116
0.05555000 -0.01500524
0.05560000 -0.01499922
0.05565000 -0.01499308
0.05570000 -0.01498683
0.05575000 -0.01498047
0.05580000 -0.01497399
0.05585000 -0.01496740
0.05590000 -0.01496070
0.05595000 -0.01495389
0.05600000 -0.01494696
0.05605000 -0.01493991
0.05610000 -0.01493275
0.05615000 -0.01492547
0.05620000 -0.01491807
0.05625000 -0.01491056
0.05630000 -0.01490293
0.05635000 -0.01489518
0.05640000 -0.01488731
0.05645000 -0.01487932
0.05650000 -0.01487121
0.05655000 -0.01486298
0.05660000 -0.01485463
0.05665000 -0.01484616
0.05670000 -0.01483757
0.05675000 -0.01482885
0.05680000 -0.01482001
0.05685000 -0.01481104
0.05690000 -0.01480195
0.05695000 -0.01479274
0.05700000 -0.01478340
0.05705000 -0.01477393
0.05710000 -0.01476434
0.05715000 -0.01475462
0.05720000 -0.01474477
0.05725000 -0.01473479
0.05730000 -0.01473488
0.05735000 -0.01474293
0.05740000 -0.01475092
0.05745000 -0.01475887
0.05750000 -0.01476677
0.05755000 -0.01477462
0.05760000 -0.01478243
0.05765000 -0.01479018
0.05770000 -0.01479789
0.05775000 -0.01480555
0.05780000 -0.01481316
0.05785000 -0.01482071
0.05790000 -0.01482822
0.05795000 -0.01483568
0.05800000 -0.01484308
0.05805000 -0.01485044
0.05810000 -0.01485774
0.05815000 -0.01486499
0.05820000 -0.01487218
0.05825000 -0.01487933
0.05830000 -0.01488642
0.05835000 -0.01489345
0.05840000 -0.01490044
0.05845000 -0.01490736
0.05850000 -0.01491424
0.05855000 -0.01492106
0.05860000 -0.01492782
0.05865000 -0.01493452
0.05870000 -0.01494117
0.05875000 -0.01494776
0.05880000 -0.01495430
0.05885000 -0.01496078
0.05890000 -0.01496720
0.05895000 -0.01497356
0.05900000 -0.01497986
0.05905000 -0.01498611
0.05910000 -0.01499229
0.05915000 -0.01499841
0.05920000 -0.01500448
0.05925000 -0.01501048
0.05930000 -0.01501642
0.05935000 -0.01502230
0.05940000 -0.01502812
0.05945000 -0.01503388
0.05950000 -0.01503957
0.05955000 -0.01504521
0.05960000 -0.01505077
0.05965000 -0.01505628
0.05970000 -0.01506172
0.05975000 -0.01506709
0.05980000 -0.01507240
0.05985000 -0.01507765
0.05990000 -0.01508283
0.05995000 -0.01508794
0.06000000 -0.01509299
0.06005000 -0.01509797
0.06010000 -0.01510288
0.06015000 -0.01510772
0.06020000 -0.01511250
0.06025000 -0.01511721
0.06030000 -0.01512185
0.06035000 -0.01512642
0.06040000 -0.01513092
0.06045000 -0.01513534
0.06050000 -0.01513970
0.06055000 -0.01514399
0.06060000 -0.01514821
0.06065000 -0.01515235
0.06070000 -0.01515643
0.06075000 -0.01516043
0.06080000 -0.01516435
0.06085000 -0.01516821
0.06090000 -0.01517199
0.06095000 -0.01517569
0.06100000 -0.01517932
0.06105000 -0.01518288
0.06110000 -0.01518636
0.06115000 -0.01518977
0.06120000 -0.01519310
0.06125000 -0.01519635
0.06130000 -0.01519952
0.06135000 -0.01520262
0.06140000 -0.01520564
0.06145000 -0.01520858
0.06150000 -0.01521144
0.06155000 -0.01521423
0.06160000 -0.01521693
0.06165000 -0.01521955
0.06170000 -0.01522210
0.06175000 -0.01522456
0.06180000 -0.01522694
0.06185000 -0.01522924
0.06190000 -0.01523146
0.06195000 -0.01523359
0.06200000 -0.01523564
0.06205000 -0.01523761
0.06210000 -0.01523950
0.06215000 -0.01524130
0.06220000 -0.01524301
0.06225000 -0.01524464
0.06230000 -0.01524619
0.06235000 -0.01524765
0.06240000 -0.01524902
0.06245000 -0.01525030
0.06250000 -0.01525150
0.06255000 -0.01525261
0.06260000 -0.01525364
0.06265000 -0.01525457
0.06270000 -0.01525542
0.06275000 -0.01525617
0.06280000 -0.01525684
0.06285000 -0.01525741
0.06290000 -0.01525790
0.06295000 -0.01525829
0.06300000 -0.01525860
0.06305000 -0.01525881
0.06310000 -0.01525893
0.06315000 -0.01525895
0.06320000 -0.01525888
0.06325000 -0.01525872
0.06330000 -0.01525846
0.06335000 -0.01525811
0.06340000 -0.01525767
0.06345000 -0.01525713
0.06350000 -0.01525649
0.06355000 -0.01525576
0.06360000 -0.01525493
0.06365000 -0.01525400
0.06370000 -0.01525297
0.06375000 -0.01525185
0.06380000 -0.01525063
0.06385000 -0.01524930
0.06390000 -0.01524788
0.06395000 -0.01524636
0.06400000 -0.01524474
0.06405000 -0.01524302
0.06410000 -0.01524119
0.06415000 -0.01523927
0.06420000 -0.01523724
0.06425000 -0.01523511
0.06430000 -0.01523288
0.06435000 -0.01523054
0.06440000 -0.01522810
0.06445000 -0.01522555
0.06450000 -0.01522290
0.06455000 -0.01522015
0.06460000 -0.01521728
0.06465000 -0.01521432
0.06470000 -0.01521124
0.06475000 -0.01520806
0.06480000 -0.01520477
0.06485000 -0.01520137
0.06490000 -0.01519786
0.06495000 -0.01519425
0.06500000 -0.01519052
0.06505000 -0.01518668
0.06510000 -0.01518274
0.06515000 -0.01517868
0.06520000 -0.01517451
0.06525000 -0.01517023
0.06530000 -0.01516584
0.06535000 -0.01516133
0.06540000 -0.01515671
0.06545000 -0.01515198
0.06550000 -0.01514713
0.06555000 -0.01514217
0.06560000 -0.01513709
0.06565000 -0.01513190
0.06570000 -0.01512659
0.06575000 -0.01512117
0.06580000 -0.01511562
0.06585000 -0.01510996
0.06590000 -0.01510418
0.06595000 -0.01509829
0.06600000 -0.01509227
0.06605000 -0.01508614
0.06610000 -0.01507988
0.06615000 -0.01507351
0.06620000 -0.01506701
0.06625000 -0.01506039
0.06630000 -0.01505365
0.06635000 -0.01504679
0.06640000 -0.01503980
0.06645000 -0.01503270
0.06650000 -0.01502546
0.06655000 -0.01501811
0.06660000 -0.01501063
0.06665000 -0.01500302
0.06670000 -0.01499529
0.06675000 -0.01498743
0.06680000 -0.01497945
0.06685000 -0.01497133
0.06690000 -0.01496309
0.06695000 -0.01495472
0.06700000 -0.01494623
0.06705000 -0.01493760
0.06710000 -0.01492885
0.06715000 -0.01491996
0.06720000 -0.01491094
0.06725000 -0.01490180
0.06730000 -0.01489252
0.06735000 -0.01488311
0.06740000 -0.01487356
0.06745000 -0.01486389
0.06750000 -0.01485407
0.06755000 -0.01484413
0.06760000 -0.01483405
0.06765000 -0.01482384
0.06770000 -0.01481349
0.06775000 -0.01480300
0.06780000 -0.01479238
0.06785000 -0.01478162
0.06790000 -0.01477072
0.06795000 -0.01475968
0.06800000 -0.01474851
0.06805000 -0.01473720
0.06810000 -0.01472574
0.06815000 -0.01471415
0.06820000 -0.01470242
0.06825000 -0.01469054
0.06830000 -0.01467853
0.06835000 -0.01466637
0.06840000 -0.01465406
0.06845000 -0.01464162
0.06850000 -0.01462903
0.06855000 -0.01461630
0.06860000 -0.01460342
0.06865000 -0.01459040
0.06870000 -0.01457723
0.06875000 -0.01456392
0.06880000 -0.01455046
0.06885000 -0.01453685
0.06890000 -0.01452309
0.06895000 -0.01450919
0.06900000 -0.01449513
0.06905000 -0.01449809
0.06910000 -0.01450847
0.06915000 -0.01451879
0.06920000 -0.01452905
0.06925000 -0.01453924
0.06930000 -0.01454936
0.06935000 -0.01455942
0.06940000 -0.01456942
0.06945000 -0.01457935
0.06950000 -0.01458921
0.06955000 -0.01459901
0.06960000 -0.01460875
0.06965000 -0.01461841
0.06970000 -0.01462801
0.06975000 -0.01463754
0.06980000 -0.01464700
0.06985000 -0.01465640
0.06990000 -0.01466572
0.06995000 -0.01467498
0.07000000 -0.01468417
0.07005000 -0.01469329
0.07010000 -0.01470234
0.07015000 -0.01471131
0.07020000 -0.01472022
0.07025000 -0.01472906
0.07030000 -0.01473782
0.07035000 -0.01474651
0.07040000 -0.01475513
0.07045000 -0.01476368
0.07050000 -0.01477215
0.07055000 -0.01478055
0.07060000 -0.01478888
0.07065000 -0.01479713
0.07070000 -0.01480531
0.07075000 -0.01481341
0.07080000 -0.01482144
0.07085000 -0.01482940
0.07090000 -0.01483727
0.07095000 -0.01484507
0.07100000 -0.01485279
0.07105000 -0.01486044
0.07110000 -0.01486801
0.07115000 -0.01487550
0.07120000 -0.01488291
0.07125000 -0.01489025
0.07130000 -0.01489750
0.07135000 -0.01490468
0.07140000 -0.01491177
0.07145000 -0.01491879
0.07150000 -0.01492572
0.07155000 -0.01493258
0.07160000 -0.01493935
0.07165000 -0.01494604
0.07170000 -0.01495265
0.07175000 -0.01495918
0.07180000 -0.01496562
0.07185000 -0.01497198
0.07190000 -0.01497826
0.07195000 -0.01498445
0.07200000 -0.01499056
0.07205000 -0.01499658
0.07210000 -0.01500252
0.07215000 -0.01500837
0.07220000 -0.01501414
0.07225000 -0.01501982
0.07230000 -0.01502542
0.07235000 -0.01503092
0.07240000 -0.01503634
0.07245000 -0.01504168
0.07250000 -0.01504692
0.07255000 -0.01505207
0.07260000 -0.01505714
0.07265000 -0.01506212
0.07270000 -0.01506700
0.07275000 -0.01507180
0.07280000 -0.01507650
0.07285000 -0.01508112
0.07290000 -0.01508564
0.07295000 -0.01509007
0.07300000 -0.01509441
0.07305000 -0.01509866
0.07310000 -0.01510281
0.07315000 -0.01510688
0.07320000 -0.01511084
0.07325000 -0.01511471
0.07330000 -0.01511849
0.07335000 -0.01512218
0.07340000 -0.01512576
0.07345000 -0.01512926
0.07350000 -0.01513265
0.07355000 -0.01513595
0.07360000 -0.01513915
0.07365000 -0.01514226
0.07370000 -0.01514526
0.07375000 -0.01514817
0.07380000 -0.01515098
0.07385000 -0.01515370
0.07390000 -0.01515631
0.07395000 -0.01515882
0.07400000 -0.01516123
0.07405000 -0.01516354
0.07410000 -0.01516575
0.07415000 -0.01516786
0.07420000 -0.01516987
0.07425000 -0.01517177
0.07430000 -0.01517358
0.07435000 -0.01517528
0.07440000 -0.01517687
0.07445000 -0.01517836
0.07450000 -0.01517975
0.07455000 -0.01518103
0.07460000 -0.01518221
0.07465000 -0.01518328
0.07470000 -0.01518425
0.07475000 -0.01518511
0.07480000 -0.01518586
0.07485000 -0.01518651
0.07490000 -0.01518705
0.07495000 -0.01518748
0.07500000 -0.01518780
0.07505000 -0.01518801
0.07510000 -0.01518812
0.07515000 -0.01518811
0.07520000 -0.01518800
0.07525000 -0.01518777
0.07530000 -0.01518743
0.07535000 -0.01518698
0.07540000 -0.01518642
0.07545000 -0.01518575
0.07550000 -0.01518497
0.07555000 -0.01518407
0.07560000 -0.01518306
0.07565000 -0.01518193
0.07570000 -0.01518069
0.07575000 -0.01517934
0.07580000 -0.01517787
0.07585000 -0.01517628
0.07590000 -0.01517458
0.07595000 -0.01517276
0.07600000 -0.01517083
0.07605000 -0.01516878
0.07610000 -0.01516661
0.07615000 -0.01516432
0.07620000 -0.01516191
0.07625000 -0.01515939
0.07630000 -0.01515674
0.07635000 -0.01515398
0.07640000 -0.01515109
0.07645000 -0.01514809
0.07650000 -0.01514496
0.07655000 -0.01514171
0.07660000 -0.01513834
0.07665000 -0.01513485
0.07670000 -0.01513124
0.07675000 -0.01512750
0.07680000 -0.01512363
0.07685000 -0.01511965
0.07690000 -0.01511554
0.07695000 -0.01511130
0.07700000 -0.01510694
0.07705000 -0.01510245
0.07710000 -0.01509784
0.07715000 -0.01509310
0.07720000 -0.01508823
0.07725000 -0.01508323
0.07730000 -0.01507811
0.07735000 -0.01507286
0.07740000 -0.01506748
0.07745000 -0.01506196
0.07750000 -0.01505632
0.07755000 -0.01505055
0.07760000 -0.01504465
0.07765000 -0.01503862
0.07770000 -0.01503245
0.07775000 -0.01502616
0.07780000 -0.01501973
0.07785000 -0.01501317
0.07790000 -0.01500647
0.07795000 -0.01499964
0.07800000 -0.01499268
0.07805000 -0.01498558
0.07810000 -0.01497834
0.07815000 -0.01497098
0.07820000 -0.01496347
0.07825000 -0.01495583
0.07830000 -0.01494805
0.07835000 -0.01494013
0.07840000 -0.01493208
0.07845000 -0.01492388
0.07850000 -0.01491555
0.07855000 -0.01490708
0.07860000 -0.01489847
0.07865000 -0.01488972
0.07870000 -0.01488083
0.07875000 -0.01487180
0.07880000 -0.01486262
0.07885000 -0.01485331
0.07890000 -0.01484385
0.07895000 -0.01483425
0.07900000 -0.01482450
0.07905000 -0.01481461
0.07910000 -0.01480458
0.07915000 -0.01479440
0.07920000 -0.01478408
0.07925000 -0.01477361
0.07930000 -0.01476300
0.07935000 -0.01475224
0.07940000 -0.01474133
0.07945000 -0.01473027
0.07950000 -0.01471907
0.07955000 -0.01470772
0.07960000 -0.01469622
0.07965000 -0.01468457
0.07970000 -0.01467277
0.07975000 -0.01466081
0.07980000 -0.01464871
0.07985000 -0.01463646
0.07990000 -0.01462406
0.07995000 -0.01461150
0.08000000 -0.01459879
0.08005000 -0.01458593
0.08010000 -0.01457291
0.08015000 -0.01455974
0.08020000 -0.01454642
0.08025000 -0.01453294
0.08030000 -0.01451931
0.08035000 -0.01450552
0.08040000 -0.01449157
0.08045000 -0.01447747
0.08050000 -0.01446321
0.08055000 -0.01444879
0.08060000 -0.01443421
0.08065000 -0.01441948
0.08070000 -0.01440458
0.08075000 -0.01438953
0.08080000 -0.01437431
0.08085000 -0.01435894
0.08090000 -0.01434340
0.08095000 -0.01432770
0.08100000 -0.01431184
0.08105000 -0.01429582
0.08110000 -0.01427963
0.08115000 -0.01426328
0.08120000 -0.01424677
0.08125000 -0.01423009
0.08130000 -0.01421325
0.08135000 -0.01419624
0.08140000 -0.01417907
0.08145000 -0.01416173
0.08150000 -0.01414422
0.08155000 -0.01412654
0.08160000 -0.01410870
0.08165000 -0.01409069
0.08170000 -0.01407251
0.08175000 -0.01405416
0.08180000 -0.01405800
0.08185000 -0.01407124
0.08190000 -0.01408439
0.08195000 -0.01409747
0.08200000 -0.01411046
0.08205000 -0.01412337
0.08210000 -0.01413620
0.08215000 -0.01414895
0.08220000 -0.01416161
0.08225000 -0.01417420
0.08230000 -0.01418670
0.08235000 -0.01419911
0.08240000 -0.01421144
0.08245000 -0.01422369
0.08250000 -0.01423585
0.08255000 -0.01424793
0.08260000 -0.01425992
0.08265000 -0.01427183
0.08270000 -0.01428365
0.08275000 -0.01429539
0.08280000 -0.01430704
0.08285000 -0.01431860
0.08290000 -0.01433007
0.08295000 -0.01434145
0.08300000 -0.01435275
0.08305000 -0.01436396
0.08310000 -0.01437508
0.08315000 -0.01438611
0.08320000 -0.01439705
0.08325000 -0.01440790
0.08330000 -0.01441866
0.08335000 -0.01442933
0.08340000 -0.01443991
0.08345000 -0.01445040
0.08350000 -0.01446080
0.08355000 -0.01447110
0.08360000 -0.01448131
0.08365000 -0.01449143
0.08370000 -0.01450146
0.08375000 -0.01451139
0.08380000 -0.01452123
0.08385000 -0.01453097
0.08390000 -0.01454062
0.08395000 -0.01455017
0.08400000 -0.01455963
0.08405000 -0.01456899
0.08410000 -0.01457826
0.08415000 -0.01458743
0.08420000 -0.01459650
0.08425000 -0.01460548
0.08430000 -0.01461436
0.08435000 -0.01462314
0.08440000 -0.01463182
0.08445000 -0.01464041
0.08450000 -0.01464889
0.08455000 -0.01465728
0.08460000 -0.01466556
0.08465000 -0.01467375
0.08470000 -0.01468183
0.08475000 -0.01468981
0.08480000 -0.01469770
0.08485000 -0.01470548
0.08490000 -0.01471316
0.08495000 -0.01472073
0.08500000 -0.01472821
0.08505000 -0.01473558
0.08510000 -0.01474284
0.08515000 -0.01475001
0.08520000 -0.01475707
0.08525000 -0.01476402
0.08530000 -0.01477087
0.08535000 -0.01477761
0.08540000 -0.01478425
0.08545000 -0.01479079
0.08550000 -0.01479721
0.08555000 -0.01480353
0.08560000 -0.01480974
0.08565000 -0.01481584
0.08570000 -0.01482184
0.08575000 -0.01482773
0.08580000 -0.01483351
0.08585000 -0.01483918
0.08590000 -0.01484474
0.08595000 -0.01485019
0.08600000 -0.01485553
0.08605000 -0.01486076
0.08610000 -0.01486587
0.08615000 -0.01487088
0.08620000 -0.01487577
0.08625000 -0.01488056
0.08630000 -0.01488523
0.08635000 -0.01488978
0.08640000 -0.01489423
0.08645000 -0.01489856
0.08650000 -0.01490277
0.08655000 -0.01490688
0.08660000 -0.01491086
0.08665000 -0.01491473
0.08670000 -0.01491849
0.08675000 -0.01492213
0.08680000 -0.01492565
0.08685000 -0.01492906
0.08690000 -0.01493235
0.08695000 -0.01493552
0.08700000 -0.01493857
0.08705000 -0.01494151
0.08710000 -0.01494432
0.08715000 -0.01494702
0.08720000 -0.01494960
0.08725000 -0.01495206
0.08730000 -0.01495439
0.08735000 -0.01495661
0.08740000 -0.01495871
0.08745000 -0.01496068
0.08750000 -0.01496253
0.08755000 -0.01496426
0.08760000 -0.01496587
0.08765000 -0.01496735
0.08770000 -0.01496872
0.08775000 -0.01496995
0.08780000 -0.01497107
0.08785000 -0.01497205
0.08790000 -0.01497292
0.08795000 -0.01497365
0.08800000 -0.01497427
0.08805000 -0.01497475
0.08810000 -0.01497511
0.08815000 -0.01497534
0.08820000 -0.01497545
0.08825000 -0.01497542
0.08830000 -0.01497527
0.08835000 -0.01497499
0.08840000 -0.01497458
0.08845000 -0.01497404
0.08850000 -0.01497338
0.08855000 -0.01497258
0.08860000 -0.01497165
0.08865000 -0.01497059
0.08870000 -0.01496939
0.08875000 -0.01496807
0.08880000 -0.01496662
0.08885000 -0.01496503
0.08890000 -0.01496331
0.08895000 -0.01496145
0.08900000 -0.01495946
0.08905000 -0.01495734
0.08910000 -0.01495508
0.08915000 -0.01495269
0.08920000 -0.01495016
0.08925000 -0.01494750
0.08930000 -0.01494470
0.08935000 -0.01494176
0.08940000 -0.01493868
0.08945000 -0.01493547
0.08950000 -0.01493212
0.08955000 -0.01492864
0.08960000 -0.01492501
0.08965000 -0.01492124
0.08970000 -0.01491734
0.08975000 -0.01491329
0.08980000 -0.01490911
0.08985000 -0.01490478
0.08990000 -0.01490031
0.08995000 -0.01489570
0.09000000 -0.01489095
0.09005000 -0.01488606
0.09010000 -0.01488102
0.09015000 -0.01487584
0.09020000 -0.01487052
0.09025000 -0.01486505
0.09030000 -0.01485944
0.09035000 -0.01485368
0.09040000 -0.01484778
0.09045000 -0.01484173
0.09050000 -0.01483554
0.09055000 -0.01482920
0.09060000 -0.01482271
0.09065000 -0.01481608
0.09070000 -0.01480929
0.09075000 -0.01480236
0.09080000 -0.01479528
0.09085000 -0.01478805
0.09090000 -0.01478068
0.09095000 -0.01477315
0.09100000 -0.01476547
0.09105000 -0.01475764
0.09110000 -0.01474966
0.09115000 -0.01474153
0.09120000 -0.01473324
0.09125000 -0.01472481
0.09130000 -0.01471622
0.09135000 -0.01470747
0.09140000 -0.01469858
0.09145000 -0.01468953
0.09150000 -0.01468032
0.09155000 -0.01467096
0.09160000 -0.01466144
0.09165000 -0.01465177
0.09170000 -0.01464195
0.09175000 -0.01463196
0.09180000 -0.01462182
0.09185000 -0.01461152
0.09190000 -0.01460106
0.09195000 -0.01459045
0.09200000 -0.01457967
0.09205000 -0.01456874
0.09210000 -0.01455765
0.09215000 -0.01454639
0.09220000 -0.01453498
0.09225000 -0.01452340
0.09230000 -0.01451167
0.09235000 -0.01449977
0.09240000 -0.01448771
0.09245000 -0.01447548
0.09250000 -0.01446310
0.09255000 -0.01445055
0.09260000 -0.01443783
0.09265000 -0.01442496
0.09270000 -0.01441191
0.09275000 -0.01439870
0.09280000 -0.01438533
0.09285000 -0.01437179
0.09290000 -0.01435808
0.09295000 -0.01434421
0.09300000 -0.01433017
0.09305000 -0.01431596
0.09310000 -0.01430158
0.09315000 -0.01428703
0.09320000 -0.01427231
0.09325000 -0.01425743
0.09330000 -0.01424237
0.09335000 -0.01422715
0.09340000 -0.01421175
0.09345000 -0.01419618
0.09350000 -0.01418044
0.09355000 -0.01416453
0.09360000 -0.01414844
0.09365000 -0.01413218
0.09370000 -0.01411575
0.09375000 -0.01409914
0.09380000 -0.01408236
0.09385000 -0.01406541
0.09390000 -0.01404827
0.09395000 -0.01403097
0.09400000 -0.01401348
0.09405000 -0.01399582
0.09410000 -0.01397798
0.09415000 -0.01395997
0.09420000 -0.01394178
0.09425000 -0.01392340
0.09430000 -0.01390485
0.09435000 -0.01388612
0.09440000 -0.01386721
0.09445000 -0.01384812
0.09450000 -0.01382885
0.09455000 -0.01380940
0.09460000 -0.01378976
0.09465000 -0.01376995
0.09470000 -0.01374995
0.09475000 -0.01372977
0.09480000 -0.01370940
0.09485000 -0.01368885
0.09490000 -0.01366812
0.09495000 -0.01364720
0.09500000 -0.01362610
0.09505000 -0.01360481
0.09510000 -0.01358333
0.09515000 -0.01356167
0.09520000 -0.01353982
0.09525000 -0.01351778
0.09530000 -0.01349556
0.09535000 -0.01347315
0.09540000 -0.01345054
0.09545000 -0.01342775
0.09550000 -0.01341152
0.09555000 -0.01342808
0.09560000 -0.01344454
0.09565000 -0.01346090
0.09570000 -0.01347717
0.09575000 -0.01349333
0.09580000 -0.01350940
0.09585000 -0.01352536
0.09590000 -0.01354123
0.09595000 -0.01355700
0.09600000 -0.01357266
0.09605000 -0.01358822
0.09610000 -0.01360369
0.09615000 -0.01361905
0.09620000 -0.01363430
0.09625000 -0.01364946
0.09630000 -0.01366451
0.09635000 -0.01367946
0.09640000 -0.01369430
0.09645000 -0.01370905
0.09650000 -0.01372368
0.09655000 -0.01373821
0.09660000 -0.01375264
0.09665000 -0.01376696
0.09670000 -0.01378118
0.09675000 -0.01379529
0.09680000 -0.01380929
0.09685000 -0.01382319
0.09690000 -0.01383698
0.09695000 -0.01385066
0.09700000 -0.01386424
0.09705000 -0.01387771
0.09710000 -0.01389107
0.09715000 -0.01390432
0.09720000 -0.01391746
0.09725000 -0.01393049
0.09730000 -0.01394341
0.09735000 -0.01395622
0.09740000 -0.01396892
0.09745000 -0.01398151
0.09750000 -0.01399399
0.09755000 -0.01400636
0.09760000 -0.01401861
0.09765000 -0.01403075
0.09770000 -0.01404278
0.09775000 -0.01405470
0.09780000 -0.01406650
0.09785000 -0.01407819
0.09790000 -0.01408977
0.09795000 -0.01410123
0.09800000 -0.01411258
0.09805000 -0.01412381
0.09810000 -0.01413493
0.09815000 -0.01414593
0.09820000 -0.01415681
0.09825000 -0.01416758
0.09830000 -0.01417823
0.09835000 -0.01418877
0.09840000 -0.01419918
0.09845000 -0.01420948
0.09850000 -0.01421966
0.09855000 -0.01422972
0.09860000 -0.01423966
0.09865000 -0.01424949
0.09870000 -0.01425919
0.09875000 -0.01426877
0.09880000 -0.01427824
0.09885000 -0.01428758
0.09890000 -0.01429680
0.09895000 -0.01430590
0.09900000 -0.01431488
0.09905000 -0.01432373
0.09910000 -0.01433247
0.09915000 -0.01434108
0.09920000 -0.01434956
0.09925000 -0.01435793
0.09930000 -0.01436616
0.09935000 -0.01437428
0.09940000 -0.01438227
0.09945000 -0.01439013
0.09950000 -0.01439787
0.09955000 -0.01440549
0.09960000 -0.01441297
0.09965000 -0.01442033
0.09970000 -0.01442757
0.09975000 -0.01443467
0.09980000 -0.01444165
0.09985000 -0.01444850
0.09990000 -0.01445523
0.09995000 -0.01446182
0.10000000 -0.01446829
0.10005000 -0.01447462
0.10010000 -0.01448083
0.10015000 -0.01448690
0.10020000 -0.01449285
0.10025000 -0.01449866
0.10030000 -0.01450434
0.10035000 -0.01450989
0.10040000 -0.01451531
0.10045000 -0.01452060
0.10050000 -0.01452575
0.10055000 -0.01453077
0.10060000 -0.01453566
0.10065000 -0.01454041
0.10070000 -0.01454503
0.10075000 -0.01454952
0.10080000 -0.01455386
0.10085000 -0.01455808
0.10090000 -0.01456216
0.10095000 -0.01456610
0.10100000 -0.01456990
0.10105000 -0.01457357
0.10110000 -0.01457710
0.10115000 -0.01458050
0.10120000 -0.01458376
0.10125000 -0.01458687
0.10130000 -0.01458985
0.10135000 -0.01459269
0.10140000 -0.01459539
0.10145000 -0.01459795
0.10150000 -0.01460037
0.10155000 -0.01460265
0.10160000 -0.01460479
0.10165000 -0.01460679
0.10170000 -0.01460865
0.10175000 -0.01461036
0.10180000 -0.01461193
0.10185000 -0.01461336
0.10190000 -0.01461465
0.10195000 -0.01461579
0.10200000 -0.01461679
0.10205000 -0.01461764
0.10210000 -0.01461835
0.10215000 -0.01461891
0.10220000 -0.01461933
0.10225000 -0.01461960
0.10230000 -0.01461973
0.10235000 -0.01461971
0.10240000 -0.01461954
0.10245000 -0.01461923
0.10250000 -0.01461876
0.10255000 -0.01461815
0.10260000 -0.01461739
0.10265000 -0.01461649
0.10270000 -0.01461543
0.10275000 -0.01461422
0.10280000 -0.01461287
0.10285000 -0.01461136
0.10290000 -0.01460970
0.10295000 -0.01460789
0.10300000 -0.01460593
0.10305000 -0.01460382
0.10310000 -0.01460155
0.10315000 -0.01459913
0.10320000 -0.01459656
0.10325000 -0.01459384
0.10330000 -0.01459096
0.10335000 -0.01458793
0.10340000 -0.01458474
0.10345000 -0.01458140
0.10350000 -0.01457790
0.10355000 -0.01457425
0.10360000 -0.01457044
0.10365000 -0.01456647
0.10370000 -0.01456235
0.10375000 -0.01455807
0.10380000 -0.01455363
0.10385000 -0.01454903
0.10390000 -0.01454428
0.10395000 -0.01453936
0.10400000 -0.01453429
0.10405000 -0.01452906
0.10410000 -0.01452366
0.10415000 -0.01451811
0.10420000 -0.01451240
0.10425000 -0.01450652
0.10430000 -0.01450048
0.10435000 -0.01449428
0.10440000 -0.01448792
0.10445000 -0.01448140
0.10450000 -0.01447471
0.10455000 -0.01446786
0.10460000 -0.01446084
0.10465000 -0.01445366
0.10470000 -0.01444632
0.10475000 -0.01443881
0.10480000 -0.01443113
0.10485000 -0.01442329
0.10490000 -0.01441528
0.10495000 -0.01440711
0.10500000 -0.01439877
0.10505000 -0.01439026
0.10510000 -0.01438158
0.10515000 -0.01437273
0.10520000 -0.01436372
0.10525000 -0.01435454
0.10530000 -0.01434518
0.10535000 -0.01433566
0.10540000 -0.01432597
0.10545000 -0.01431610
0.10550000 -0.01430607
0.10555000 -0.01429586
0.10560000 -0.01428548
0.10565000 -0.01427493
0.10570000 -0.01426421
0.10575000 -0.01425331
0.10580000 -0.01424224
0.10585000 -0.01423099
0.10590000 -0.01421958
0.10595000 -0.01420798
0.10600000 -0.01419621
0.10605000 -0.01418427
0.10610000 -0.01417215
0.10615000 -0.01415985
0.10620000 -0.01414738
0.10625000 -0.01413473
0.10630000 -0.01412190
0.10635000 -0.01410889
0.10640000 -0.01409571
0.10645000 -0.01408235
0.10650000 -0.01406880
0.10655000 -0.01405508
0.10660000 -0.01404118
0.10665000 -0.01402710
0.10670000 -0.01401283
0.10675000 -0.01399839
0.10680000 -0.01398376
0.10685000 -0.01396895
0.10690000 -0.01395396
0.10695000 -0.01393879
0.10700000 -0.01392343
0.10705000 -0.01390789
0.10710000 -0.01389217
0.10715000 -0.01387626
0.10720000 -0.01386016
0.10725000 -0.01384389
0.10730000 -0.01382742
0.10735000 -0.01381077
0.10740000 -0.01379393
0.10745000 -0.01377691
0.10750000 -0.01375969
0.10755000 -0.01374229
0.10760000 -0.01372471
0.10765000 -0.01370693
0.10770000 -0.01368896
0.10775000 -0.01367081
0.10780000 -0.01365246
0.10785000 -0.01363393
0.10790000 -0.01361520
0.10795000 -0.01359629
0.10800000 -0.01357718
0.10805000 -0.01355788
0.10810000 -0.01353839
0.10815000 -0.01351870
0.10820000 -0.01349882
0.10825000 -0.01347875
0.10830000 -0.01345848
0.10835000 -0.01343802
0.10840000 -0.01341737
0.10845000 -0.01339652
0.10850000 -0.01337547
0.10855000 -0.01335423
0.10860000 -0.01333279
0.10865000 -0.01331115
0.10870000 -0.01328932
0.10875000 -0.01326729
0.10880000 -0.01324506
0.10885000 -0.01322263
0.10890000 -0.01320001
0.10895000 -0.01317718
0.10900000 -0.01315415
0.10905000 -0.01313093
0.10910000 -0.01310750
0.10915000 -0.01308387
0.10920000 -0.01306004
0.10925000 -0.01303601
0.10930000 -0.01301178
0.10935000 -0.01298734
0.10940000 -0.01296270
0.10945000 -0.01293786
0.10950000 -0.01291281
0.10955000 -0.01288756
0.10960000 -0.01286210
0.10965000 -0.01283644
0.10970000 -0.01281057
0.10975000 -0.01278449
0.10980000 -0.01275821
0.10985000 -0.01273172
0.10990000 -0.01270503
0.10995000 -0.01267812
0.11000000 -0.01265101
0.11005000 -0.01262369
0.11010000 -0.01259616
0.11015000 -0.01256842
0.11020000 -0.01257637
0.11025000 -0.01259655
0.11030000 -0.01261661
0.11035000 -0.01263655
0.11040000 -0.01265637
0.11045000 -0.01267608
0.11050000 -0.01269567
0.11055000 -0.01271514
0.11060000 -0.01273449
0.11065000 -0.01275372
0.11070000 -0.01277284
0.11075000 -0.01279183
0.11080000 -0.01281070
0.11085000 -0.01282946
0.11090000 -0.01284809
0.11095000 -0.01286660
0.11100000 -0.01288499
0.11105000 -0.01290326
0.11110000 -0.01292141
0.11115000 -0.01293943
0.11120000 -0.01295733
0.11125000 -0.01297511
0.11130000 -0.01299276
0.11135000 -0.01301030
0.11140000 -0.01302770
0.11145000 -0.01304499
0.11150000 -0.01306215
0.11155000 -0.01307918
0.11160000 -0.01309609
0.11165000 -0.01311287
0.11170000 -0.01312953
0.11175000 -0.01314606
0.11180000 -0.01316246
0.11185000 -0.01317874
0.11190000 -0.01319489
0.11195000 -0.01321091
0.11200000 -0.01322680
0.11205000 -0.01324257
0.11210000 -0.01325821
0.11215000 -0.01327371
0.11220000 -0.01328909
0.11225000 -0.01330434
0.11230000 -0.01331946
0.11235000 -0.01333445
0.11240000 -0.01334931
0.11245000 -0.01336404
0.11250000 -0.01337863
0.11255000 -0.01339310
0.11260000 -0.01340743
0.11265000 -0.01342163
0.11270000 -0.01343569
0.11275000 -0.01344963
0.11280000 -0.01346343
0.11285000 -0.01347710
0.11290000 -0.01349063
0.11295000 -0.01350403
0.11300000 -0.01351729
0.11305000 -0.01353042
0.11310000 -0.01354341
0.11315000 -0.01355627
0.11320000 -0.01356899
0.11325000 -0.01358158
0.11330000 -0.01359403
0.11335000 -0.01360634
0.11340000 -0.01361851
0.11345000 -0.01363055
0.11350000 -0.01364245
0.11355000 -0.01365421
0.11360000 -0.01366583
0.11365000 -0.01367731
0.11370000 -0.01368865
0.11375000 -0.01369985
0.11380000 -0.01371092
0.11385000 -0.01372184
0.11390000 -0.01373262
0.11395000 -0.01374326
0.11400000 -0.01375376
0.11405000 -0.01376411
0.11410000 -0.01377433
0.11415000 -0.01378440
0.11420000 -0.01379433
0.11425000 -0.01380411
0.11430000 -0.01381375
0.11435000 -0.01382325
0.11440000 -0.01383260
0.11445000 -0.01384181
0.11450000 -0.01385088
0.11455000 -0.01385979
0.11460000 -0.01386857
0.11465000 -0.01387719
0.11470000 -0.01388567
0.11475000 -0.01389401
0.11480000 -0.01390219
0.11485000 -0.01391023
0.11490000 -0.01391812
0.11495000 -0.01392587
0.11500000 -0.01393346
0.11505000 -0.01394091
0.11510000 -0.01394820
0.11515000 -0.01395535
0.11520000 -0.01396235
0.11525000 -0.01396919
0.11530000 -0.01397589
0.11535000 -0.01398244
0.11540000 -0.01398883
0.11545000 -0.01399507
0.11550000 -0.01400116
0.11555000 -0.01400710
0.11560000 -0.01401289
0.11565000 -0.01401852
0.11570000 -0.01402400
0.11575000 -0.01402933
0.11580000 -0.01403450
0.11585000 -0.01403951
0.11590000 -0.01404438
0.11595000 -0.01404908
0.11600000 -0.01405363
0.11605000 -0.01405803
0.11610000 -0.01406227
0.11615000 -0.01406635
0.11620000 -0.01407028
0.11625000 -0.01407405
0.11630000 -0.01407766
0.11635000 -0.01408111
0.11640000 -0.01408441
0.11645000 -0.01408754
0.11650000 -0.01409052
0.11655000 -0.01409334
0.11660000 -0.01409599
0.11665000 -0.01409849
0.11670000 -0.01410083
0.11675000 -0.01410300
0.11680000 -0.01410502
0.11685000 -0.01410687
0.11690000 -0.01410857
0.11695000 -0.01411009
0.11700000 -0.01411146
0.11705000 -0.01411267
0.11710000 -0.01411371
0.11715000 -0.01411458
0.11720000 -0.01411530
0.11725000 -0.01411584
0.11730000 -0.01411623
0.11735000 -0.01411645
0.11740000 -0.01411650
0.11745000 -0.01411639
0.11750000 -0.01411611
0.11755000 -0.01411566
0.11760000 -0.01411505
0.11765000 -0.01411427
0.11770000 -0.01411332
0.11775000 -0.01411220
0.11780000 -0.01411092
0.11785000 -0.01410947
0.11790000 -0.01410784
0.11795000 -0.01410605
0.11800000 -0.01410409
0.11805000 -0.01410196
0.11810000 -0.01409966
0.11815000 -0.01409719
0.11820000 -0.01409454
0.11825000 -0.01409173
0.11830000 -0.01408874
0.11835000 -0.01408558
0.11840000 -0.01408224
0.11845000 -0.01407874
0.11850000 -0.01407506
0.11855000 -0.01407120
0.11860000 -0.01406718
0.11865000 -0.01406297
0.11870000 -0.01405860
0.11875000 -0.01405404
0.11880000 -0.01404931
0.11885000 -0.01404441
0.11890000 -0.01403933
0.11895000 -0.01403407
0.11900000 -0.01402864
0.11905000 -0.01402302
0.11910000 -0.01401723
0.11915000 -0.01401127
0.11920000 -0.01400512
0.11925000 -0.01399879
0.11930000 -0.01399229
0.11935000 -0.01398560
0.11940000 -0.01397874
0.11945000 -0.01397169
0.11950000 -0.01396446
0.11955000 -0.01395706
0.11960000 -0.01394947
0.11965000 -0.01394169
0.11970000 -0.01393374
0.11975000 -0.01392560
0.11980000 -0.01391728
0.11985000 -0.01390878
0.11990000 -0.01390010
0.11995000 -0.01389122
0.12000000 -0.01388217
0.12005000 -0.01387293
0.12010000 -0.01386350
0.12015000 -0.01385389
0.12020000 -0.01384409
0.12025000 -0.01383411
0.12030000 -0.01382394
0.12035000 -0.01381358
0.12040000 -0.01380303
0.12045000 -0.01379230
0.12050000 -0.01378138
0.12055000 -0.01377027
0.12060000 -0.01375897
0.12065000 -0.01374748
0.12070000 -0.01373580
0.12075000 -0.01372393
0.12080000 -0.01371187
0.12085000 -0.01369962
0.12090000 -0.01368718
0.12095000 -0.01367455
0.12100000 -0.01366172
0.12105000 -0.01364870
0.12110000 -0.01363549
0.12115000 -0.01362209
0.12120000 -0.01360849
0.12125000 -0.01359470
0.12130000 -0.01358071
0.12135000 -0.01356653
0.12140000 -0.01355215
0.12145000 -0.01353758
0.12150000 -0.01352282
0.12155000 -0.01350785
0.12160000 -0.01349269
0.12165000 -0.01347734
0.12170000 -0.01346178
0.12175000 -0.01344603
0.12180000 -0.01343008
0.12185000 -0.01341393
0.12190000 -0.01339758
0.12195000 -0.01338103
0.12200000 -0.01336429
0.12205000 -0.01334734
0.12210000 -0.01333019
0.12215000 -0.01331285
0.12220000 -0.01329530
0.12225000 -0.01327754
0.12230000 -0.01325959
0.12235000 -0.01324144
0.12240000 -0.01322308
0.12245000 -0.01320452
0.12250000 -0.01318575
0.12255000 -0.01316678
0.12260000 -0.01314761
0.12265000 -0.01312823
0.12270000 -0.01310865
0.12275000 -0.01308886
0.12280000 -0.01306887
0.12285000 -0.01304867
0.12290000 -0.01302826
0.12295000 -0.01300765
0.12300000 -0.01298683
0.12305000 -0.01296580
0.12310000 -0.01294456
0.12315000 -0.01292312
0.12320000 -0.01290146
0.12325000 -0.01287960
0.12330000 -0.01285753
0.12335000 -0.01283524
0.12340000 -0.01281275
0.12345000 -0.01279004
0.12350000 -0.01276713
0.12355000 -0.01274400
0.12360000 -0.01272066
0.12365000 -0.01269711
0.12370000 -0.01267334
0.12375000 -0.01264936
0.12380000 -0.01262517
0.12385000 -0.01260077
0.12390000 -0.01257615
0.12395000 -0.01255131
0.12400000 -0.01252626
0.12405000 -0.01250100
0.12410000 -0.01247551
0.12415000 -0.01244982
0.12420000 -0.01242390
0.12425000 -0.01239777
0.12430000 -0.01237142
0.12435000 -0.01234485
0.12440000 -0.01231807
0.12445000 -0.01229106
0.12450000 -0.01226384
0.12455000 -0.01223640
0.12460000 -0.01220873
0.12465000 -0.01218085
0.12470000 -0.01215275
0.12475000 -0.01212442
0.12480000 -0.01209588
0.12485000 -0.01206711
0.12490000 -0.01203812
0.12495000 -0.01200891
0.12500000 -0.01197947
0.12505000 -0.01194981
0.12510000 -0.01191993
0.12515000 -0.01188982
0.12520000 -0.01185949
0.12525000 -0.01182893
0.12530000 -0.01179815
0.12535000 -0.01176714
0.12540000 -0.01173590
0.12545000 -0.01170444
0.12550000 -0.01167275
0.12555000 -0.01164084
0.12560000 -0.01160869
0.12565000 -0.01157632
0.12570000 -0.01154372
0.12575000 -0.01151707
0.12580000 -0.01154131
0.12585000 -0.01156541
0.12590000 -0.01158937
0.12595000 -0.01161320
0.12600000 -0.01163689
0.12605000 -0.01166045
0.12610000 -0.01168387
0.12615000 -0.01170715
0.12620000 -0.01173029
0.12625000 -0.01175330
0.12630000 -0.01177617
0.12635000 -0.01179890
0.12640000 -0.01182149
0.12645000 -0.01184394
0.12650000 -0.01186626
0.12655000 -0.01188843
0.12660000 -0.01191047
0.12665000 -0.01193236
0.12670000 -0.01195411
0.12675000 -0.01197572
0.12680000 -0.01199719
0.12685000 -0.01201852
0.12690000 -0.01203971
0.12695000 -0.01206076
0.12700000 -0.01208166
0.12705000 -0.01210242
0.12710000 -0.01212304
0.12715000 -0.01214351
0.12720000 -0.01216384
0.12725000 -0.01218402
0.12730000 -0.01220406
0.12735000 -0.01222396
0.12740000 -0.01224371
0.12745000 -0.01226332
0.12750000 -0.01228278
0.12755000 -0.01230209
0.12760000 -0.01232126
0.12765000 -0.01234028
0.12770000 -0.01235916
0.12775000 -0.01237788
0.12780000 -0.01239646
0.12785000 -0.01241490
0.12790000 -0.01243318
0.12795000 -0.01245131
0.12800000 -0.01246930
0.12805000 -0.01248714
0.12810000 -0.01250482
0.12815000 -0.01252236
0.12820000 -0.01253975
0.12825000 -0.01255699
0.12830000 -0.01257407
0.12835000 -0.01259101
0.12840000 -0.01260779
0.12845000 -0.01262442
0.12850000 -0.01264090
0.12855000 -0.01265723
0.12860000 -0.01267341
0.12865000 -0.01268943
0.12870000 -0.01270530
0.12875000 -0.01272101
0.12880000 -0.01273657
0.12885000 -0.01275198
0.12890000 -0.01276723
0.12895000 -0.01278233
0.12900000 -0.01279727
0.12905000 -0.01281205
0.12910000 -0.01282668
0.12915000 -0.01284116
0.12920000 -0.01285547
0.12925000 -0.01286963
0.12930000 -0.01288364
0.12935000 -0.01289748
0.12940000 -0.01291117
0.12945000 -0.01292470
0.12950000 -0.01293807
0.12955000 -0.01295128
0.12960000 -0.01296433
0.12965000 -0.01297723
0.12970000 -0.01298996
0.12975000 -0.01300253
0.12980000 -0.01301494
0.12985000 -0.01302719
0.12990000 -0.01303928
0.12995000 -0.01305121
0.13000000 -0.01306298
0.13005000 -0.01307459
0.13010000 -0.01308603
0.13015000 -0.01309731
0.13020000 -0.01310842
0.13025000 -0.01311938
0.13030000 -0.01313017
0.13035000 -0.01314079
0.13040000 -0.01315125
0.13045000 -0.01316155
0.13050000 -0.01317168
0.13055000 -0.01318164
0.13060000 -0.01319144
0.13065000 -0.01320107
0.13070000 -0.01321054
0.13075000 -0.01321984
0.13080000 -0.01322897
0.13085000 -0.01323794
0.13090000 -0.01324674
0.13095000 -0.01325537
0.13100000 -0.01326383
0.13105000 -0.01327212
0.13110000 -0.01328024
0.13115000 -0.01328820
0.13120000 -0.01329598
0.13125000 -0.01330360
0.13130000 -0.01331104
0.13135000 -0.01331831
0.13140000 -0.01332541
0.13145000 -0.01333234
0.13150000 -0.01333910
0.13155000 -0.01334569
0.13160000 -0.01335210
0.13165000 -0.01335835
0.13170000 -0.01336441
0.13175000 -0.01337031
0.13180000 -0.01337603
0.13185000 -0.01338158
0.13190000 -0.01338695
0.13195000 -0.01339215
0.13200000 -0.01339717
0.13205000 -0.01340202
0.13210000 -0.01340669
0.13215000 -0.01341118
0.13220000 -0.01341550
0.13225000 -0.01341965
0.13230000 -0.01342361
0.13235000 -0.01342740
0.13240000 -0.01343101
0.13245000 -0.01343444
0.13250000 -0.01343769
0.13255000 -0.01344077
0.13260000 -0.01344366
0.13265000 -0.01344638
0.13270000 -0.01344892
0.13275000 -0.01345127
0.13280000 -0.01345345
0.13285000 -0.01345544
0.13290000 -0.01345726
0.13295000 -0.01345889
0.13300000 -0.01346034
0.13305000 -0.01346161
0.13310000 -0.01346269
0.13315000 -0.01346359
0.13320000 -0.01346431
0.13325000 -0.01346485
0.13330000 -0.01346520
0.13335000 -0.01346537
0.13340000 -0.01346535
0.13345000 -0.01346515
0.13350000 -0.01346476
0.13355000 -0.01346419
0.13360000 -0.01346343
0.13365000 -0.01346249
0.13370000 -0.01346136
0.13375000 -0.01346004
0.13380000 -0.01345853
0.13385000 -0.01345684
0.13390000 -0.01345496
0.13395000 -0.01345289
0.13400000 -0.01345063
0.13405000 -0.01344819
0.13410000 -0.01344555
0.13415000 -0.01344272
0.13420000 -0.01343971
0.13425000 -0.01343650
0.13430000 -0.01343310
0.13435000 -0.01342952
0.13440000 -0.01342574
0.13445000 -0.01342177
0.13450000 -0.01341760
0.13455000 -0.01341325
0.13460000 -0.01340870
0.13465000 -0.01340396
0.13470000 -0.01339902
0.13475000 -0.01339389
0.13480000 -0.01338857
0.13485000 -0.01338305
0.13490000 -0.01337734
0.13495000 -0.01337143
0.13500000 -0.01336533
0.13505000 -0.01335903
0.13510000 -0.01335253
0.13515000 -0.01334584
0.13520000 -0.01333895
0.13525000 -0.01333187
0.13530000 -0.01332458
0.13535000 -0.01331710
0.13540000 -0.01330942
0.13545000 -0.01330154
0.13550000 -0.01329346
0.13555000 -0.01328519
0.13560000 -0.01327671
0.13565000 -0.01326803
0.13570000 -0.01325916
0.13575000 -0.01325008
0.13580000 -0.01324080
0.13585000 -0.01323132
0.13590000 -0.01322164
0.13595000 -0.01321175
0.13600000 -0.01320167
0.13605000 -0.01319138
0.13610000 -0.01318088
0.13615000 -0.01317019
0.13620000 -0.01315929
0.13625000 -0.01314818
0.13630000 -0.01313687
0.13635000 -0.01312536
0.13640000 -0.01311364
0.13645000 -0.01310171
0.13650000 -0.01308958
0.13655000 -0.01307724
0.13660000 -0.01306470
0.13665000 -0.01305195
0.13670000 -0.01303899
0.13675000 -0.01302582
0.13680000 -0.01301245
0.13685000 -0.01299887
0.13690000 -0.01298507
0.13695000 -0.01297107
0.13700000 -0.01295686
0.13705000 -0.01294244
0.13710000 -0.01292781
0.13715000 -0.01291297
0.13720000 -0.01289792
0.13725000 -0.01288265
0.13730000 -0.01286718
0.13735000 -0.01285149
0.13740000 -0.01283559
0.13745000 -0.01281948
0.13750000 -0.01280315
0.13755000 -0.01278661
0.13760000 -0.01276986
0.13765000 -0.01275289
0.13770000 -0.01273571
0.13775000 -0.01271832
0.13780000 -0.01270070
0.13785000 -0.01268288
0.13790000 -0.01266483
0.13795000 -0.01264657
0.13800000 -0.01262810
0.13805000 -0.01260941
0.13810000 -0.01259050
0.13815000 -0.01257137
0.13820000 -0.01255202
0.13825000 -0.01253246
0.13830000 -0.01251267
0.13835000 -0.01249267
0.13840000 -0.01247245
0.13845000 -0.01245201
0.13850000 -0.01243135
0.13855000 -0.01241046
0.13860000 -0.01238936
0.13865000 -0.01236804
0.13870000 -0.01234649
0.13875000 -0.01232472
0.13880000 -0.01230273
0.13885000 -0.01228052
0.13890000 -0.01225808
0.13895000 -0.01223542
0.13900000 -0.01221254
0.13905000 -0.01218943
0.13910000 -0.01216609
0.13915000 -0.01214254
0.13920000 -0.01211875
0.13925000 -0.01209475
0.13930000 -0.01207051
0.13935000 -0.01204605
0.13940000 -0.01202136
0.13945000 -0.01199645
0.13950000 -0.01197131
0.13955000 -0.01194594
0.13960000 -0.01192034
0.13965000 -0.01189451
0.13970000 -0.01186846
0.13975000 -0.01184217
0.13980000 -0.01181566
0.13985000 -0.01178891
0.13990000 -0.01176194
0.13995000 -0.01173473
0.14000000 -0.01170730
0.14005000 -0.01167963
0.14010000 -0.01165173
0.14015000 -0.01162360
0.14020000 -0.01159523
0.14025000 -0.01156664
0.14030000 -0.01153781
0.14035000 -0.01150874
0.14040000 -0.01147945
0.14045000 -0.01144991
0.14050000 -0.01142015
0.14055000 -0.01139014
0.14060000 -0.01135991
0.14065000 -0.01132943
0.14070000 -0.01129872
0.14075000 -0.01126778
0.14080000 -0.01123659
0.14085000 -0.01120517
0.14090000 -0.01117352
0.14095000 -0.01114162
0.14100000 -0.01110949
0.14105000 -0.01107711
0.14110000 -0.01104450
0.14115000 -0.01101165
0.14120000 -0.01097856
0.14125000 -0.01094522
0.14130000 -0.01091165
0.14135000 -0.01087784
0.14140000 -0.01084378
0.14145000 -0.01080949
0.14150000 -0.01077495
0.14155000 -0.01074017
0.14160000 -0.01070514
0.14165000 -0.01066988
0.14170000 -0.01063437
0.14175000 -0.01059861
0.14180000 -0.01056261
0.14185000 -0.01052637
0.14190000 -0.01048988
0.14195000 -0.01045315
0.14200000 -0.01041617
0.14205000 -0.01037894
0.14210000 -0.01034147
0.14215000 -0.01030375
0.14220000 -0.01026578
0.14225000 -0.01029363
0.14230000 -0.01032199
0.14235000 -0.01035020
0.14240000 -0.01037825
0.14245000 -0.01040615
0.14250000 -0.01043389
0.14255000 -0.01046147
0.14260000 -0.01048890
0.14265000 -0.01051618
0.14270000 -0.01054330
0.14275000 -0.01057026
0.14280000 -0.01059706
0.14285000 -0.01062371
0.14290000 -0.01065020
0.14295000 -0.01067654
0.14300000 -0.01070271
0.14305000 -0.01072873
0.14310000 -0.01075458
0.14315000 -0.01078028
0.14320000 -0.01080582
0.14325000 -0.01083120
0.14330000 -0.01085642
0.14335000 -0.01088148
0.14340000 -0.01090638
0.14345000 -0.01093112
0.14350000 -0.01095570
0.14355000 -0.01098011
0.14360000 -0.01100437
0.14365000 -0.01102846
0.14370000 -0.01105239
0.14375000 -0.01107616
0.14380000 -0.01109976
0.14385000 -0.01112321
0.14390000 -0.01114648
0.14395000 -0.01116960
0.14400000 -0.01119255
0.14405000 -0.01121533
0.14410000 -0.01123796
0.14415000 -0.01126041
0.14420000 -0.01128270
0.14425000 -0.01130483
0.14430000 -0.01132679
0.14435000 -0.01134858
0.14440000 -0.01137021
0.14445000 -0.01139167
0.14450000 -0.01141296
0.14455000 -0.01143409
0.14460000 -0.01145505
0.14465000 -0.01147584
0.14470000 -0.01149646
0.14475000 -0.01151691
0.14480000 -0.01153720
0.14485000 -0.01155731
0.14490000 -0.01157726
0.14495000 -0.01159703
0.14500000 -0.01161664
0.14505000 -0.01163607
0.14510000 -0.01165534
0.14515000 -0.01167443
0.14520000 -0.01169335
0.14525000 -0.01171210
0.14530000 -0.01173068
0.14535000 -0.01174909
0.14540000 -0.01176732
0.14545000 -0.01178538
0.14550000 -0.01180327
0.14555000 -0.01182098
0.14560000 -0.01183852
0.14565000 -0.01185589
0.14570000 -0.01187308
0.14575000 -0.01189010
0.14580000 -0.01190694
0.14585000 -0.01192361
0.14590000 -0.01194010
0.14595000 -0.01195641
0.14600000 -0.01197255
0.14605000 -0.01198851
0.14610000 -0.01200430
0.14615000 -0.01201991
0.14620000 -0.01203534
0.14625000 -0.01205059
0.14630000 -0.01206567
0.14635000 -0.01208056
0.14640000 -0.01209528
0.14645000 -0.01210982
0.14650000 -0.01212418
0.14655000 -0.01213836
0.14660000 -0.01215236
0.14665000 -0.01216618
0.14670000 -0.01217982
0.14675000 -0.01219327
0.14680000 -0.01220655
0.14685000 -0.01221965
0.14690000 -0.01223256
0.14695000 -0.01224529
0.14700000 -0.01225784
0.14705000 -0.01227021
0.14710000 -0.01228239
0.14715000 -0.01229439
0.14720000 -0.01230621
0.14725000 -0.01231784
0.14730000 -0.01232929
0.14735000 -0.01234055
0.14740000 -0.01235163
0.14745000 -0.01236252
0.14750000 -0.01237323
0.14755000 -0.01238375
0.14760000 -0.01239409
0.14765000 -0.01240424
0.14770000 -0.01241420
0.14775000 -0.01242397
0.14780000 -0.01243356
0.14785000 -0.01244296
0.14790000 -0.01245218
0.14795000 -0.01246120
0.14800000 -0.01247003
0.14805000 -0.01247868
0.14810000 -0.01248714
0.14815000 -0.01249541
0.14820000 -0.01250348
0.14825000 -0.01251137
0.14830000 -0.01251907
0.14835000 -0.01252657
0.14840000 -0.01253389
0.14845000 -0.01254101
0.14850000 -0.01254794
0.14855000 -0.01255468
0.14860000 -0.01256123
0.14865000 -0.01256758
0.14870000 -0.01257374
0.14875000 -0.01257971
0.14880000 -0.01258549
0.14885000 -0.01259107
0.14890000 -0.01259645
0.14895000 -0.01260164
0.14900000 -0.01260664
0.14905000 -0.01261144
0.14910000 -0.01261605
0.14915000 -0.01262046
0.14920000 -0.01262467
0.14925000 -0.01262869
0.14930000 -0.01263251
0.14935000 -0.01263613
0.14940000 -0.01263955
0.14945000 -0.01264278
0.14950000 -0.01264581
0.14955000 -0.01264864
0.14960000 -0.01265128
0.14965000 -0.01265371
0.14970000 -0.01265594
0.14975000 -0.01265798
0.14980000 -0.01265981
0.14985000 -0.01266144
0.14990000 -0.01266288
0.14995000 -0.01266411
0.15000000 -0.01266514
0.15005000 -0.01266597
0.15010000 -0.01266660
0.15015000 -0.01266702
0.15020000 -0.01266725
0.15025000 -0.01266727
0.15030000 -0.01266708
0.15035000 -0.01266670
0.15040000 -0.01266611
0.15045000 -0.01266531
0.15050000 -0.01266431
0.15055000 -0.01266311
0.15060000 -0.01266170
0.15065000 -0.01266008
0.15070000 -0.01265826
0.15075000 -0.01265624
0.15080000 -0.01265401
0.15085000 -0.01265157
0.15090000 -0.01264892
0.15095000 -0.01264607
0.15100000 -0.01264300
0.15105000 -0.01263974
0.15110000 -0.01263626
0.15115000 -0.01263257
0.15120000 -0.01262868
0.15125000 -0.01262457
0.15130000 -0.01262026
0.15135000 -0.01261573
0.15140000 -0.01261100
0.15145000 -0.01260605
0.15150000 -0.01260090
0.15155000 -0.01259553
0.15160000 -0.01258995
0.15165000 -0.01258416
0.15170000 -0.01257816
0.15175000 -0.01257194
0.15180000 -0.01256552
0.15185000 -0.01255888
0.15190000 -0.01255202
0.15195000 -0.01254495
0.15200000 -0.01253767
0.15205000 -0.01253017
0.15210000 -0.01252246
0.15215000 -0.01251454
0.15220000 -0.01250639
0.15225000 -0.01249804
0.15230000 -0.01248946
0.15235000 -0.01248067
0.15240000 -0.01247166
0.15245000 -0.01246244
0.15250000 -0.01245300
0.15255000 -0.01244334
0.15260000 -0.01243346
0.15265000 -0.01242337
0.15270000 -0.01241305
0.15275000 -0.01240252
0.15280000 -0.01239177
0.15285000 -0.01238080
0.15290000 -0.01236961
0.15295000 -0.01235819
0.15300000 -0.01234656
0.15305000 -0.01233471
0.15310000 -0.01232263
0.15315000 -0.01231034
0.15320000 -0.01229782
0.15325000 -0.01228508
0.15330000 -0.01227211
0.15335000 -0.01225893
0.15340000 -0.01224552
0.15345000 -0.01223188
0.15350000 -0.01221803
0.15355000 -0.01220395
0.15360000 -0.01218964
0.15365000 -0.01217511
0.15370000 -0.01216035
0.15375000 -0.01214537
0.15380000 -0.01213017
0.15385000 -0.01211473
0.15390000 -0.01209907
0.15395000 -0.01208319
0.15400000 -0.01206707
0.15405000 -0.01205073
0.15410000 -0.01203416
0.15415000 -0.01201737
0.15420000 -0.01200034
0.15425000 -0.01198309
0.15430000 -0.01196560
0.15435000 -0.01194789
0.15440000 -0.01192995
0.15445000 -0.01191177
0.15450000 -0.01189337
0.15455000 -0.01187474
0.15460000 -0.01185587
0.15465000 -0.01183677
0.15470000 -0.01181745
0.15475000 -0.01179788
0.15480000 -0.01177809
0.15485000 -0.01175807
0.15490000 -0.01173781
0.15495000 -0.01171731
0.15500000 -0.01169659
0.15505000 -0.01167563
0.15510000 -0.01165443
0.15515000 -0.01163300
0.15520000 -0.01161134
0.15525000 -0.01158944
0.15530000 -0.01156730
0.15535000 -0.01154493
0.15540000 -0.01152232
0.15545000 -0.01149948
0.15550000 -0.01147640
0.15555000 -0.01145308
0.15560000 -0.01142952
0.15565000 -0.01140572
0.15570000 -0.01138169
0.15575000 -0.01135742
0.15580000 -0.01133291
0.15585000 -0.01130815
0.15590000 -0.01128316
0.15595000 -0.01125793
0.15600000 -0.01123246
0.15605000 -0.01120675
0.15610000 -0.01118080
0.15615000 -0.01115460
0.15620000 -0.01112816
0.15625000 -0.01110149
0.15630000 -0.01107457
0.15635000 -0.01104740
0.15640000 -0.01101999
0.15645000 -0.01099234
0.15650000 -0.01096445
0.15655000 -0.01093631
0.15660000 -0.01090793
0.15665000 -0.01087930
0.15670000 -0.01085043
0.15675000 -0.01082131
0.15680000 -0.01079195
0.15685000 -0.01076234
0.15690000 -0.01073248
0.15695000 -0.01070238
0.15700000 -0.01067203
0.15705000 -0.01064143
0.15710000 -0.01061058
0.15715000 -0.01057949
0.15720000 -0.01054815
0.15725000 -0.01051656
0.15730000 -0.01048472
0.15735000 -0.01045263
0.15740000 -0.01042029
0.15745000 -0.01038770
0.15750000 -0.01035486
0.15755000 -0.01032177
0.15760000 -0.01028843
0.15765000 -0.01025483
0.15770000 -0.01022099
0.15775000 -0.01018689
0.15780000 -0.01015254
0.15785000 -0.01011793
0.15790000 -0.01008308
0.15795000 -0.01004797
0.15800000 -0.01001260
0.15805000 -0.00997699
0.15810000 -0.00994111
0.15815000 -0.00990499
0.15820000 -0.00986860
0.15825000 -0.00983196
0.15830000 -0.00979507
0.15835000 -0.00975792
0.15840000 -0.00972051
0.15845000 -0.00968285
0.15850000 -0.00964493
0.15855000 -0.00960675
0.15860000 -0.00956831
0.15865000 -0.00952961
0.15870000 -0.00949066
0.15875000 -0.00945145
0.15880000 -0.00941197
0.15885000 -0.00937224
0.15890000 -0.00933225
0.15895000 -0.00929200
0.15900000 -0.00925148
0.15905000 -0.00921071
0.15910000 -0.00916967
0.15915000 -0.00912838
0.15920000 -0.00908682
0.15925000 -0.00904499
0.15930000 -0.00900291
0.15935000 -0.00896056
0.15940000 -0.00891795
0.15945000 -0.00887508
0.15950000 -0.00884398
0.15955000 -0.00887688
0.15960000 -0.00890961
0.15965000 -0.00894217
0.15970000 -0.00897455
0.15975000 -0.00900676
0.15980000 -0.00903879
0.15985000 -0.00907065
0.15990000 -0.00910234
0.15995000 -0.00913385
0.16000000 -0.00916519
0.16005000 -0.00919636
0.16010000 -0.00922735
0.16015000 -0.00925816
0.16020000 -0.00928880
0.16025000 -0.00931926
0.16030000 -0.00934955
0.16035000 -0.00937966
0.16040000 -0.00940959
0.16045000 -0.00943934
0.16050000 -0.00946892
0.16055000 -0.00949832
0.16060000 -0.00952754
0.16065000 -0.00955659
0.16070000 -0.00958546
0.16075000 -0.00961414
0.16080000 -0.00964265
0.16085000 -0.00967098
0.16090000 -0.00969913
0.16095000 -0.00972710
0.16100000 -0.00975489
0.16105000 -0.00978250
0.16110000 -0.00980992
0.16115000 -0.00983717
0.16120000 -0.00986424
0.16125000 -0.00989112
0.16130000 -0.00991782
0.16135000 -0.00994434
0.16140000 -0.00997068
0.16145000 -0.00999684
0.16150000 -0.01002281
0.16155000 -0.01004860
0.16160000 -0.01007420
0.16165000 -0.01009962
0.16170000 -0.01012486
0.16175000 -0.01014991
0.16180000 -0.01017478
0.16185000 -0.01019947
0.16190000 -0.01022396
0.16195000 -0.01024828
0.16200000 -0.01027240
0.16205000 -0.01029634
0.16210000 -0.01032010
0.16215000 -0.01034366
0.16220000 -0.01036704
0.16225000 -0.01039024
0.16230000 -0.01041324
0.16235000 -0.01043606
0.16240000 -0.01045869
0.16245000 -0.01048113
0.16250000 -0.01050338
0.16255000 -0.01052545
0.16260000 -0.01054732
0.16265000 -0.01056901
0.16270000 -0.01059050
0.16275000 -0.01061181
0.16280000 -0.01063292
0.16285000 -0.01065384
0.16290000 -0.01067458
0.16295000 -0.01069512
0.16300000 -0.01071547
0.16305000 -0.01073563
0.16310000 -0.01075559
0.16315000 -0.01077537
0.16320000 -0.01079495
0.16325000 -0.01081434
0.16330000 -0.01083353
0.16335000 -0.01085253
0.16340000 -0.01087134
0.16345000 -0.01088995
0.16350000 -0.01090837
0.16355000 -0.01092659
0.16360000 -0.01094462
0.16365000 -0.01096246
0.16370000 -0.01098010
0.16375000 -0.01099754
0.16380000 -0.01101478
0.16385000 -0.01103183
0.16390000 -0.01104869
0.16395000 -0.01106534
0.16400000 -0.01108180
0.16405000 -0.01109806
0.16410000 -0.01111413
0.16415000 -0.01112999
0.16420000 -0.01114566
0.16425000 -0.01116113
0.16430000 -0.01117640
0.16435000 -0.01119147
0.16440000 -0.01120634
0.16445000 -0.01122101
0.16450000 -0.01123548
0.16455000 -0.01124974
0.16460000 -0.01126381
0.16465000 -0.01127768
0.16470000 -0.01129135
0.16475000 -0.01130481
0.16480000 -0.01131808
0.16485000 -0.01133114
0.16490000 -0.01134399
0.16495000 -0.01135665
0.16500000 -0.01136910
0.16505000 -0.01138135
0.16510000 -0.01139340
0.16515000 -0.01140524
0.16520000 -0.01141687
0.16525000 -0.01142831
0.16530000 -0.01143953
0.16535000 -0.01145056
0.16540000 -0.01146137
0.16545000 -0.01147199
0.16550000 -0.01148239
0.16555000 -0.01149259
0.16560000 -0.01150258
0.16565000 -0.01151237
0.16570000 -0.01152195
0.16575000 -0.01153132
0.16580000 -0.01154048
0.16585000 -0.01154944
0.16590000 -0.01155818
0.16595000 -0.01156672
0.16600000 -0.01157505
0.16605000 -0.01158317
0.16610000 -0.01159108
0.16615000 -0.01159879
0.16620000 -0.01160628
0.16625000 -0.01161356
0.16630000 -0.01162063
0.16635000 -0.01162749
0.16640000 -0.01163413
0.16645000 -0.01164057
0.16650000 -0.01164679
0.16655000 -0.01165281
0.16660000 -0.01165861
0.16665000 -0.01166419
0.16670000 -0.01166957
0.16675000 -0.01167473
0.16680000 -0.01167968
0.16685000 -0.01168441
0.16690000 -0.01168893
0.16695000 -0.01169323
0.16700000 -0.01169732
0.16705000 -0.01170120
0.16710000 -0.01170486
0.16715000 -0.01170830
0.16720000 -0.01171153
0.16725000 -0.01171454
0.16730000 -0.01171734
0.16735000 -0.01171991
0.16740000 -0.01172228
0.16745000 -0.01172442
0.16750000 -0.01172635
0.16755000 -0.01172805
0.16760000 -0.01172954
0.16765000 -0.01173081
0.16770000 -0.01173187
0.16775000 -0.01173270
0.16780000 -0.01173331
0.16785000 -0.01173371
0.16790000 -0.01173388
0.16795000 -0.01173383
0.16800000 -0.01173357
0.16805000 -0.01173308
0.16810000 -0.01173237
0.16815000 -0.01173144
0.16820000 -0.01173029
0.16825000 -0.01172891
0.16830000 -0.01172731
0.16835000 -0.01172549
0.16840000 -0.01172345
0.16845000 -0.01172118
0.16850000 -0.01171869
0.16855000 -0.01171598
0.16860000 -0.01171304
0.16865000 -0.01170988
0.16870000 -0.01170649
0.16875000 -0.01170288
0.16880000 -0.01169904
0.16885000 -0.01169497
0.16890000 -0.01169068
0.16895000 -0.01168617
0.16900000 -0.01168142
0.16905000 -0.01167645
0.16910000 -0.01167126
0.16915000 -0.01166583
0.16920000 -0.01166018
0.16925000 -0.01165430
0.16930000 -0.01164819
0.16935000 -0.01164185
0.16940000 -0.01163528
0.16945000 -0.01162849
0.16950000 -0.01162146
0.16955000 -0.01161421
0.16960000 -0.01160672
0.16965000 -0.01159901
0.16970000 -0.01159106
0.16975000 -0.01158288
0.16980000 -0.01157447
0.16985000 -0.01156583
0.16990000 -0.01155696
0.16995000 -0.01154785
0.17000000 -0.01153851
0.17005000 -0.01152894
0.17010000 -0.01151914
0.17015000 -0.01150910
0.17020000 -0.01149883
0.17025000 -0.01148832
0.17030000 -0.01147758
0.17035000 -0.01146661
0.17040000 -0.01145540
0.17045000 -0.01144395
0.17050000 -0.01143227
0.17055000 -0.01142036
0.17060000 -0.01140821
0.17065000 -0.01139582
0.17070000 -0.01138319
0.17075000 -0.01137033
0.17080000 -0.01135723
0.17085000 -0.01134389
0.17090000 -0.01133031
0.17095000 -0.01131650
0.17100000 -0.01130245
0.17105000 -0.01128815
0.17110000 -0.01127362
0.17115000 -0.01125885
0.17120000 -0.01124384
0.17125000 -0.01122859
0.17130000 -0.01121310
0.17135000 -0.01119737
0.17140000 -0.01118140
0.17145000 -0.01116518
0.17150000 -0.01114873
0.17155000 -0.01113203
0.17160000 -0.01111509
0.17165000 -0.01109791
0.17170000 -0.01108048
0.17175000 -0.01106281
0.17180000 -0.01104490
0.17185000 -0.01102675
0.17190000 -0.01100835
0.17195000 -0.01098970
0.17200000 -0.01097081
0.17205000 -0.01095168
0.17210000 -0.01093230
0.17215000 -0.01091268
0.17220000 -0.01089281
0.17225000 -0.01087269
0.17230000 -0.01085233
0.17235000 -0.01083172
0.17240000 -0.01081086
0.17245000 -0.01078976
0.17250000 -0.01076841
0.17255000 -0.01074681
0.17260000 -0.01072496
0.17265000 -0.01070286
0.17270000 -0.01068052
0.17275000 -0.01065792
0.17280000 -0.01063508
0.17285000 -0.01061198
0.17290000 -0.01058864
0.17295000 -0.01056504
0.17300000 -0.01054120
0.17305000 -0.01051710
0.17310000 -0.01049275
0.17315000 -0.01046815
0.17320000 -0.01044330
0.17325000 -0.01041820
0.17330000 -0.01039284
0.17335000 -0.01036723
0.17340000 -0.01034137
0.17345000 -0.01031525
0.17350000 -0.01028888
0.17355000 -0.01026226
0.17360000 -0.01023538
0.17365000 -0.01020825
0.17370000 -0.01018086
0.17375000 -0.01015322
0.17380000 -0.01012532
0.17385000 -0.01009716
0.17390000 -0.01006875
0.17395000 -0.01004008
0.17400000 -0.01001116
0.17405000 -0.00998198
0.17410000 -0.00995254
0.17415000 -0.00992284
0.17420000 -0.00989289
0.17425000 -0.00986267
0.17430000 -0.00983220
0.17435000 -0.00980147
0.17440000 -0.00977048
0.17445000 -0.00973923
0.17450000 -0.00970772
0.17455000 -0.00967595
0.17460000 -0.00964392
0.17465000 -0.00961162
0.17470000 -0.00957907
0.17475000 -0.00954626
0.17480000 -0.00951318
0.17485000 -0.00947984
0.17490000 -0.00944624
0.17495000 -0.00941238
0.17500000 -0.00937825
0.17505000 -0.00934386
0.17510000 -0.00930921
0.17515000 -0.00927429
0.17520000 -0.00923911
0.17525000 -0.00920366
0.17530000 -0.00916795
0.17535000 -0.00913197
0.17540000 -0.00909573
0.17545000 -0.00905922
0.17550000 -0.00902245
0.17555000 -0.00898541
0.17560000 -0.00894810
0.17565000 -0.00891053
0.17570000 -0.00887268
0.17575000 -0.00883457
0.17580000 -0.00879620
0.17585000 -0.00875755
0.17590000 -0.00871864
0.17595000 -0.00867945
0.17600000 -0.00864000
0.17605000 -0.00860028
0.17610000 -0.00856029
0.17615000 -0.00852003
0.17620000 -0.00847949
0.17625000 -0.00843869
0.17630000 -0.00839762
0.17635000 -0.00835627
0.17640000 -0.00831465
0.17645000 -0.00827276
0.17650000 -0.00823060
0.17655000 -0.00818817
0.17660000 -0.00814546
0.17665000 -0.00810248
0.17670000 -0.00805923
0.17675000 -0.00801570
0.17680000 -0.00797189
0.17685000 -0.00792782
0.17690000 -0.00788347
0.17695000 -0.00783884
0.17700000 -0.00779394
0.17705000 -0.00774876
0.17710000 -0.00770330
0.17715000 -0.00765757
0.17720000 -0.00761157
0.17725000 -0.00756528
0.17730000 -0.00751872
0.17735000 -0.00747188
0.17740000 -0.00742476
0.17745000 -0.00737737
0.17750000 -0.00732969
0.17755000 -0.00728174
0.17760000 -0.00726970
0.17765000 -0.00730701
0.17770000 -0.00734413
0.17775000 -0.00738107
0.17780000 -0.00741781
0.17785000 -0.00745436
0.17790000 -0.00749072
0.17795000 -0.00752688
0.17800000 -0.00756286
0.17805000 -0.00759865
0.17810000 -0.00763424
0.17815000 -0.00766964
0.17820000 -0.00770485
0.17825000 -0.00773986
0.17830000 -0.00777468
0.17835000 -0.00780931
0.17840000 -0.00784375
0.17845000 -0.00787799
0.17850000 -0.00791203
0.17855000 -0.00794588
0.17860000 -0.00797954
0.17865000 -0.00801300
0.17870000 -0.00804627
0.17875000 -0.00807934
0.17880000 -0.00811222
0.17885000 -0.00814490
0.17890000 -0.00817738
0.17895000 -0.00820967
0.17900000 -0.00824176
0.17905000 -0.00827365
0.17910000 -0.00830535
0.17915000 -0.00833685
0.17920000 -0.00836815
0.17925000 -0.00839925
0.17930000 -0.00843015
0.17935000 -0.00846086
0.17940000 -0.00849137
0.17945000 -0.00852167
0.17950000 -0.00855178
0.17955000 -0.00858169
0.17960000 -0.00861140
0.17965000 -0.00864090
0.17970000 -0.00867021
0.17975000 -0.00869932
0.17980000 -0.00872823
0.17985000 -0.00875693
0.17990000 -0.00878543
0.17995000 -0.00881373
0.18000000 -0.00884183
0.18005000 -0.00886973
0.18010000 -0.00889742
0.18015000 -0.00892492
0.18020000 -0.00895220
0.18025000 -0.00897929
0.18030000 -0.00900617
0.18035000 -0.00903285
0.18040000 -0.00905932
0.18045000 -0.00908559
0.18050000 -0.00911166
0.18055000 -0.00913751
0.18060000 -0.00916317
0.18065000 -0.00918862
0.18070000 -0.00921386
0.18075000 -0.00923890
0.18080000 -0.00926373
0.18085000 -0.00928835
0.18090000 -0.00931277
0.18095000 -0.00933698
0.18100000 -0.00936098
0.18105000 -0.00938478
0.18110000 -0.00940836
0.18115000 -0.00943174
0.18120000 -0.00945491
0.18125000 -0.00947788
0.18130000 -0.00950063
0.18135000 -0.00952317
0.18140000 -0.00954551
0.18145000 -0.00956763
0.18150000 -0.00958955
0.18155000 -0.00961125
0.18160000 -0.00963275
0.18165000 -0.00965403
0.18170000 -0.00967510
0.18175000 -0.00969597
0.18180000 -0.00971661
0.18185000 -0.00973705
0.18190000 -0.00975728
0.18195000 -0.00977729
0.18200000 -0.00979709
0.18205000 -0.00981668
0.18210000 -0.00983605
0.18215000 -0.00985522
0.18220000 -0.00987416
0.18225000 -0.00989290
0.18230000 -0.00991142
0.18235000 -0.00992972
0.18240000 -0.00994781
0.18245000 -0.00996568
0.18250000 -0.00998334
0.18255000 -0.01000079
0.18260000 -0.01001802
0.18265000 -0.01003503
0.18270000 -0.01005182
0.18275000 -0.01006840
0.18280000 -0.01008477
0.18285000 -0.01010091
0.18290000 -0.01011684
0.18295000 -0.01013255
0.18300000 -0.01014804
0.18305000 -0.01016331
0.18310000 -0.01017837
0.18315000 -0.01019321
0.18320000 -0.01020782
0.18325000 -0.01022222
0.18330000 -0.01023640
0.18335000 -0.01025036
0.18340000 -0.01026410
0.18345000 -0.01027762
0.18350000 -0.01029091
0.18355000 -0.01030399
0.18360000 -0.01031685
0.18365000 -0.01032948
0.18370000 -0.01034189
0.18375000 -0.01035408
0.18380000 -0.01036605
0.18385000 -0.01037780
0.18390000 -0.01038932
0.18395000 -0.01040062
0.18400000 -0.01041170
0.18405000 -0.01042255
0.18410000 -0.01043318
0.18415000 -0.01044358
0.18420000 -0.01045376
0.18425000 -0.01046372
0.18430000 -0.01047345
0.18435000 -0.01048296
0.18440000 -0.01049224
0.18445000 -0.01050129
0.18450000 -0.01051012
0.18455000 -0.01051872
0.18460000 -0.01052710
0.18465000 -0.01053525
0.18470000 -0.01054317
0.18475000 -0.01055086
0.18480000 -0.01055833
0.18485000 -0.01056557
0.18490000 -0.01057258
0.18495000 -0.01057936
0.18500000 -0.01058591
0.18505000 -0.01059224
0.18510000 -0.01059833
0.18515000 -0.01060420
0.18520000 -0.01060984
0.18525000 -0.01061524
0.18530000 -0.01062042
0.18535000 -0.01062536
0.18540000 -0.01063008
0.18545000 -0.01063456
0.18550000 -0.01063881
0.18555000 -0.01064283
0.18560000 -0.01064662
0.18565000 -0.01065018
0.18570000 -0.01065350
0.18575000 -0.01065659
0.18580000 -0.01065945
0.18585000 -0.01066207
0.18590000 -0.01066446
0.18595000 -0.01066662
0.18600000 -0.01066854
0.18605000 -0.01067023
0.18610000 -0.01067169
0.18615000 -0.01067290
0.18620000 -0.01067389
0.18625000 -0.01067464
0.18630000 -0.01067515
0.18635000 -0.01067543
0.18640000 -0.01067547
0.18645000 -0.01067527
0.18650000 -0.01067484
0.18655000 -0.01067417
0.18660000 -0.01067326
0.18665000 -0.01067211
0.18670000 -0.01067073
0.18675000 -0.01066911
0.18680000 -0.01066725
0.18685000 -0.01066515
0.18690000 -0.01066281
0.18695000 -0.01066024
0.18700000 -0.01065742
0.18705000 -0.01065436
0.18710000 -0.01065107
0.18715000 -0.01064753
0.18720000 -0.01064375
0.18725000 -0.01063974
0.18730000 -0.01063548
0.18735000 -0.01063098
0.18740000 -0.01062623
0.18745000 -0.01062125
0.18750000 -0.01061602
0.18755000 -0.01061055
0.18760000 -0.01060484
0.18765000 -0.01059889
0.18770000 -0.01059269
0.18775000 -0.01058624
0.18780000 -0.01057956
0.18785000 -0.01057263
0.18790000 -0.01056545
0.18795000 -0.01055803
0.18800000 -0.01055037
0.18805000 -0.01054246
0.18810000 -0.01053431
0.18815000 -0.01052590
0.18820000 -0.01051726
0.18825000 -0.01050836
0.18830000 -0.01049922
0.18835000 -0.01048984
0.18840000 -0.01048020
0.18845000 -0.01047032
0.18850000 -0.01046019
0.18855000 -0.01044981
0.18860000 -0.01043919
0.18865000 -0.01042832
0.18870000 -0.01041719
0.18875000 -0.01040582
0.18880000 -0.01039420
0.18885000 -0.01038233
0.18890000 -0.01037021
0.18895000 -0.01035784
0.18900000 -0.01034521
0.18905000 -0.01033234
0.18910000 -0.01031922
0.18915000 -0.01030584
0.18920000 -0.01029222
0.18925000 -0.01027834
0.18930000 -0.01026421
0.18935000 -0.01024983
0.18940000 -0.01023519
0.18945000 -0.01022030
0.18950000 -0.01020516
0.18955000 -0.01018977
0.18960000 -0.01017412
0.18965000 -0.01015821
0.18970000 -0.01014206
0.18975000 -0.01012565
0.18980000 -0.01010898
0.18985000 -0.01009206
0.18990000 -0.01007488
0.18995000 -0.01005745
0.19000000 -0.01003976
0.19005000 -0.01002181
0.19010000 -0.01000361
0.19015000 -0.00998515
0.19020000 -0.00996644
0.19025000 -0.00994747
0.19030000 -0.00992824
0.19035000 -0.00990875
0.19040000 -0.00988900
0.19045000 -0.00986900
0.19050000 -0.00984873
0.19055000 -0.00982821
0.19060000 -0.00980743
0.19065000 -0.00978639
0.19070000 -0.00976508
0.19075000 -0.00974352
0.19080000 -0.00972170
0.19085000 -0.00969962
0.19090000 -0.00967728
0.19095000 -0.00965467
0.19100000 -0.00963180
0.19105000 -0.00960868
0.19110000 -0.00958529
0.19115000 -0.00956163
0.19120000 -0.00953772
0.19125000 -0.00951354
0.19130000 -0.00948910
0.19135000 -0.00946440
0.19140000 -0.00943943
0.19145000 -0.00941420
0.19150000 -0.00938870
0.19155000 -0.00936294
0.19160000 -0.00933691
0.19165000 -0.00931062
0.19170000 -0.00928407
0.19175000 -0.00925724
0.19180000 -0.00923016
0.19185000 -0.00920280
0.19190000 -0.00917518
0.19195000 -0.00914729
0.19200000 -0.00911914
0.19205000 -0.00909072
0.19210000 -0.00906203
0.19215000 -0.00903307
0.19220000 -0.00900385
0.19225000 -0.00897435
0.19230000 -0.00894459
0.19235000 -0.00891456
0.19240000 -0.00888426
0.19245000 -0.00885369
0.19250000 -0.00882285
0.19255000 -0.00879174
0.19260000 -0.00876036
0.19265000 -0.00872871
0.19270000 -0.00869678
0.19275000 -0.00866459
0.19280000 -0.00863213
0.19285000 -0.00859939
0.19290000 -0.00856638
0.19295000 -0.00853310
0.19300000 -0.00849955
0.19305000 -0.00846572
0.19310000 -0.00843162
0.19315000 -0.00839725
0.19320000 -0.00836260
0.19325000 -0.00832768
0.19330000 -0.00829248
0.19335000 -0.00825701
0.19340000 -0.00822127
0.19345000 -0.00818525
0.19350000 -0.00814895
0.19355000 -0.00811238
0.19360000 -0.00807554
0.19365000 -0.00803841
0.19370000 -0.00800101
0.19375000 -0.00796334
0.19380000 -0.00792538
0.19385000 -0.00788715
0.19390000 -0.00784865
0.19395000 -0.00780986
0.19400000 -0.00777079
0.19405000 -0.00773145
0.19410000 -0.00769183
0.19415000 -0.00765193
0.19420000 -0.00761175
0.19425000 -0.00757129
0.19430000 -0.00753055
0.19435000 -0.00748953
0.19440000 -0.00744823
0.19445000 -0.00740665
0.19450000 -0.00736479
0.19455000 -0.00732264
0.19460000 -0.00728022
0.19465000 -0.00723751
0.19470000 -0.00719452
0.19475000 -0.00715125
0.19480000 -0.00710770
0.19485000 -0.00706386
0.19490000 -0.00701974
0.19495000 -0.00697534
0.19500000 -0.00693065
0.19505000 -0.00688568
0.19510000 -0.00684042
0.19515000 -0.00679488
0.19520000 -0.00674905
0.19525000 -0.00670294
0.19530000 -0.00665655
0.19535000 -0.00660986
0.19540000 -0.00656290
0.19545000 -0.00651564
0.19550000 -0.00646810
0.19555000 -0.00642027
0.19560000 -0.00637216
0.19565000 -0.00632375
0.19570000 -0.00627506
0.19575000 -0.00622608
0.19580000 -0.00617682
0.19585000 -0.00612726
0.19590000 -0.00607742
0.19595000 -0.00602728
0.19600000 -0.00597686
0.19605000 -0.00592615
0.19610000 -0.00587514
0.19615000 -0.00582385
0.19620000 -0.00577227
0.19625000 -0.00572039
0.19630000 -0.00566823
0.19635000 -0.00561577
0.19640000 -0.00556302
0.19645000 -0.00556942
0.19650000 -0.00561112
0.19655000 -0.00565260
0.19660000 -0.00569388
0.19665000 -0.00573496
0.19670000 -0.00577582
0.19675000 -0.00581648
0.19680000 -0.00585693
0.19685000 -0.00589718
0.19690000 -0.00593721
0.19695000 -0.00597704
0.19700000 -0.00601666
0.19705000 -0.00605607
0.19710000 -0.00609527
0.19715000 -0.00613426
0.19720000 -0.00617304
0.19725000 -0.00621161
0.19730000 -0.00624997
0.19735000 -0.00628812
0.19740000 -0.00632606
0.19745000 -0.00636379
0.19750000 -0.00640131
0.19755000 -0.00643861
0.19760000 -0.00647571
0.19765000 -0.00651259
0.19770000 -0.00654926
0.19775000 -0.00658572
0.19780000 -0.00662197
0.19785000 -0.00665800
0.19790000 -0.00669382
0.19795000 -0.00672943
0.19800000 -0.00676483
0.19805000 -0.00680001
0.19810000 -0.00683497
0.19815000 -0.00686973
0.19820000 -0.00690426
0.19825000 -0.00693859
0.19830000 -0.00697270
0.19835000 -0.00700659
0.19840000 -0.00704027
0.19845000 -0.00707373
0.19850000 -0.00710698
0.19855000 -0.00714001
0.19860000 -0.00717282
0.19865000 -0.00720542
0.19870000 -0.00723780
0.19875000 -0.00726996
0.19880000 -0.00730191
0.19885000 -0.00733364
0.19890000 -0.00736515
0.19895000 -0.00739644
0.19900000 -0.00742751
0.19905000 -0.00745837
0.19910000 -0.00748901
0.19915000 -0.00751943
0.19920000 -0.00754963
0.19925000 -0.00757961
0.19930000 -0.00760936
0.19935000 -0.00763890
0.19940000 -0.00766822
0.19945000 -0.00769732
0.19950000 -0.00772620
0.19955000 -0.00775486
0.19960000 -0.00778330
0.19965000 -0.00781151
0.19970000 -0.00783951
0.19975000 -0.00786728
0.19980000 -0.00789483
0.19985000 -0.00792215
0.19990000 -0.00794926
0.19995000 -0.00797614
0.20000000 -0.00800280
0.20005000 -0.00802923
0.20010000 -0.00805544
0.20015000 -0.00808143
0.20020000 -0.00810720
0.20025000 -0.00813274
0.20030000 -0.00815805
0.20035000 -0.00818314
0.20040000 -0.00820801
0.20045000 -0.00823265
0.20050000 -0.00825706
0.20055000 -0.00828125
0.20060000 -0.00830521
0.20065000 -0.00832895
0.20070000 -0.00835246
0.20075000 -0.00837574
0.20080000 -0.00839880
0.20085000 -0.00842163
0.20090000 -0.00844423
0.20095000 -0.00846660
0.20100000 -0.00848875
0.20105000 -0.00851067
0.20110000 -0.00853235
0.20115000 -0.00855382
0.20120000 -0.00857505
0.20125000 -0.00859605
0.20130000 -0.00861682
0.20135000 -0.00863737
0.20140000 -0.00865768
0.20145000 -0.00867776
0.20150000 -0.00869762
0.20155000 -0.00871724
0.20160000 -0.00873663
0.20165000 -0.00875579
0.20170000 -0.00877472
0.20175000 -0.00879342
0.20180000 -0.00881189
0.20185000 -0.00883012
0.20190000 -0.00884812
0.20195000 -0.00886589
0.20200000 -0.00888343
0.20205000 -0.00890073
0.20210000 -0.00891780
0.20215000 -0.00893464
0.20220000 -0.00895124
0.20225000 -0.00896761
0.20230000 -0.00898374
0.20235000 -0.00899964
0.20240000 -0.00901531
0.20245000 -0.00903074
0.20250000 -0.00904594
0.20255000 -0.00906090
0.20260000 -0.00907562
0.20265000 -0.00909011
0.20270000 -0.00910436
0.20275000 -0.00911838
0.20280000 -0.00913215
0.20285000 -0.00914570
0.20290000 -0.00915900
0.20295000 -0.00917207
0.20300000 -0.00918490
0.20305000 -0.00919749
0.20310000 -0.00920984
0.20315000 -0.00922196
0.20320000 -0.00923384
0.20325000 -0.00924547
0.20330000 -0.00925687
0.20335000 -0.00926803
0.20340000 -0.00927895
0.20345000 -0.00928963
0.20350000 -0.00930007
0.20355000 -0.00931027
0.20360000 -0.00932023
0.20365000 -0.00932995
0.20370000 -0.00933943
0.20375000 -0.00934866
0.20380000 -0.00935766
0.20385000 -0.00936641
0.20390000 -0.00937492
0.20395000 -0.00938319
0.20400000 -0.00939121
0.20405000 -0.00939900
0.20410000 -0.00940654
0.20415000 -0.00941383
0.20420000 -0.00942089
0.20425000 -0.00942770
0.20430000 -0.00943426
0.20435000 -0.00944058
0.20440000 -0.00944666
0.20445000 -0.00945249
0.20450000 -0.00945808
0.20455000 -0.00946342
0.20460000 -0.00946852
0.20465000 -0.00947337
0.20470000 -0.00947797
0.20475000 -0.00948233
0.20480000 -0.00948644
0.20485000 -0.00949031
0.20490000 -0.00949393
0.20495000 -0.00949730
0.20500000 -0.00950042
0.20505000 -0.00950330
0.20510000 -0.00950593
0.20515000 -0.00950831
0.20520000 -0.00951044
0.20525000 -0.00951232
0.20530000 -0.00951396
0.20535000 -0.00951534
0.20540000 -0.00951648
0.20545000 -0.00951736
0.20550000 -0.00951800
0.20555000 -0.00951839
0.20560000 -0.00951852
0.20565000 -0.00951841
0.20570000 -0.00951804
0.20575000 -0.00951743
0.20580000 -0.00951656
0.20585000 -0.00951544
0.20590000 -0.00951407
0.20595000 -0.00951244
0.20600000 -0.00951057
0.20605000 -0.00950844
0.20610000 -0.00950606
0.20615000 -0.00950342
0.20620000 -0.00950054
0.20625000 -0.00949740
0.20630000 -0.00949400
0.20635000 -0.00949035
0.20640000 -0.00948645
0.20645000 -0.00948229
0.20650000 -0.00947788
0.20655000 -0.00947321
0.20660000 -0.00946829
0.20665000 -0.00946311
0.20670000 -0.00945768
0.20675000 -0.00945199
0.20680000 -0.00944604
0.20685000 -0.00943984
0.20690000 -0.00943338
0.20695000 -0.00942666
0.20700000 -0.00941969
0.20705000 -0.00941246
0.20710000 -0.00940497
0.20715000 -0.00939722
0.20720000 -0.00938922
0.20725000 -0.00938095
0.20730000 -0.00937243
0.20735000 -0.00936365
0.20740000 -0.00935461
0.20745000 -0.00934531
0.20750000 -0.00933575
0.20755000 -0.00932593
0.20760000 -0.00931585
0.20765000 -0.00930551
0.20770000 -0.00929491
0.20775000 -0.00928405
0.20780000 -0.00927292
0.20785000 -0.00926154
0.20790000 -0.00924989
0.20795000 -0.00923798
0.20800000 -0.00922581
0.20805000 -0.00921338
0.20810000 -0.00920069
0.20815000 -0.00918773
0.20820000 -0.00917451
0.20825000 -0.00916102
0.20830000 -0.00914727
0.20835000 -0.00913326
0.20840000 -0.00911899
0.20845000 -0.00910445
0.20850000 -0.00908964
0.20855000 -0.00907457
0.20860000 -0.00905923
0.20865000 -0.00904363
0.20870000 -0.00902777
0.20875000 -0.00901164
0.20880000 -0.00899524
0.20885000 -0.00897857
0.20890000 -0.00896164
0.20895000 -0.00894444
0.20900000 -0.00892698
0.20905000 -0.00890925
0.20910000 -0.00889125
0.20915000 -0.00887298
0.20920000 -0.00885444
0.20925000 -0.00883564
0.20930000 -0.00881656
0.20935000 -0.00879722
0.20940000 -0.00877761
0.20945000 -0.00875773
0.20950000 -0.00873758
0.20955000 -0.00871716
0.20960000 -0.00869647
0.20965000 -0.00867551
0.20970000 -0.00865428
0.20975000 -0.00863278
0.20980000 -0.00861101
0.20985000 -0.00858896
0.20990000 -0.00856665
0.20995000 -0.00854406
0.21000000 -0.00852120
0.21005000 -0.00849807
0.21010000 -0.00847466
0.21015000 -0.00845099
0.21020000 -0.00842704
0.21025000 -0.00840281
0.21030000 -0.00837832
0.21035000 -0.00835355
0.21040000 -0.00832850
0.21045000 -0.00830318
0.21050000 -0.00827759
0.21055000 -0.00825172
0.21060000 -0.00822558
0.21065000 -0.00819916
0.21070000 -0.00817247
0.21075000 -0.00814550
0.21080000 -0.00811825
0.21085000 -0.00809073
0.21090000 -0.00806293
0.21095000 -0.00803485
0.21100000 -0.00800650
0.21105000 -0.00797787
0.21110000 -0.00794896
0.21115000 -0.00791978
0.21120000 -0.00789032
0.21125000 -0.00786057
0.21130000 -0.00783055
0.21135000 -0.00780026
0.21140000 -0.00776968
0.21145000 -0.00773882
0.21150000 -0.00770768
0.21155000 -0.00767627
0.21160000 -0.00764457
0.21165000 -0.00761260
0.21170000 -0.00758034
0.21175000 -0.00754780
0.21180000 -0.00751498
0.21185000 -0.00748188
0.21190000 -0.00744850
0.21195000 -0.00741484
0.21200000 -0.00738089
0.21205000 -0.00734666
0.21210000 -0.00731216
0.21215000 -0.00727736
0.21220000 -0.00724229
0.21225000 -0.00720693
0.21230000 -0.00717129
0.21235000 -0.00713536
0.21240000 -0.00709915
0.21245000 -0.00706265
0.21250000 -0.00702588
0.21255000 -0.00698881
0.21260000 -0.00695146
0.21265000 -0.00691383
0.21270000 -0.00687591
0.21275000 -0.00683771
0.21280000 -0.00679921
0.21285000 -0.00676044
0.21290000 -0.00672137
0.21295000 -0.00668202
0.21300000 -0.00664239
0.21305000 -0.00660246
0.21310000 -0.00656225
0.21315000 -0.00652175
0.21320000 -0.00648096
0.21325000 -0.00643988
0.21330000 -0.00639852
0.21335000 -0.00635687
0.21340000 -0.00631492
0.21345000 -0.00627269
0.21350000 -0.00623017
0.21355000 -0.00618736
0.21360000 -0.00614426
0.21365000 -0.00610087
0.21370000 -0.00605719
0.21375000 -0.00601322
0.21380000 -0.00596895
0.21385000 -0.00592440
0.21390000 -0.00587955
0.21395000 -0.00583441
0.21400000 -0.00578898
0.21405000 -0.00574326
0.21410000 -0.00569725
0.21415000 -0.00565094
0.21420000 -0.00560434
0.21425000 -0.00555745
0.21430000 -0.00551026
0.21435000 -0.00546278
0.21440000 -0.00541501
0.21445000 -0.00536694
0.21450000 -0.00531857
0.21455000 -0.00526992
0.21460000 -0.00522096
0.21465000 -0.00517172
0.21470000 -0.00512217
0.21475000 -0.00507233
0.21480000 -0.00502220
0.21485000 -0.00497177
0.21490000 -0.00492104
0.21495000 -0.00487001
0.21500000 -0.00481869
0.21505000 -0.00476707
0.21510000 -0.00471516
0.21515000 -0.00466294
0.21520000 -0.00461043
0.21525000 -0.00455762
0.21530000 -0.00450451
0.21535000 -0.00445110
0.21540000 -0.00439739
0.21545000 -0.00434339
0.21550000 -0.00428908
0.21555000 -0.00423448
0.21560000 -0.00417957
0.21565000 -0.00412437
0.21570000 -0.00406886
0.21575000 -0.00401305
0.21580000 -0.00395695
0.21585000 -0.00390054
0.21590000 -0.00384383
0.21595000 -0.00378682
0.21600000 -0.00379649
0.21605000 -0.00384232
0.21610000 -0.00388793
0.21615000 -0.00393332
0.21620000 -0.00397849
0.21625000 -0.00402344
0.21630000 -0.00406816
0.21635000 -0.00411266
0.21640000 -0.00415694
0.21645000 -0.00420099
0.21650000 -0.00424482
0.21655000 -0.00428843
0.21660000 -0.00433181
0.21665000 -0.00437497
0.21670000 -0.00441791
0.21675000 -0.00446062
0.21680000 -0.00450311
0.21685000 -0.00454537
0.21690000 -0.00458741
0.21695000 -0.00462922
0.21700000 -0.00467081
0.21705000 -0.00471217
0.21710000 -0.00475331
0.21715000 -0.00479422
0.21720000 -0.00483490
0.21725000 -0.00487536
0.21730000 -0.00491559
0.21735000 -0.00495559
0.21740000 -0.00499537
0.21745000 -0.00503492
0.21750000 -0.00507424
0.21755000 -0.00511333
0.21760000 -0.00515220
0.21765000 -0.00519084
0.21770000 -0.00522925
0.21775000 -0.00526743
0.21780000 -0.00530538
0.21785000 -0.00534310
0.21790000 -0.00538060
0.21795000 -0.00541786
0.21800000 -0.00545490
0.21805000 -0.00549170
0.21810000 -0.00552828
0.21815000 -0.00556462
0.21820000 -0.00560074
0.21825000 -0.00563662
0.21830000 -0.00567227
0.21835000 -0.00570769
0.21840000 -0.00574288
0.21845000 -0.00577784
0.21850000 -0.00581257
0.21855000 -0.00584706
0.21860000 -0.00588132
0.21865000 -0.00591535
0.21870000 -0.00594915
0.21875000 -0.00598271
0.21880000 -0.00601604
0.21885000 -0.00604914
0.21890000 -0.00608201
0.21895000 -0.00611464
0.21900000 -0.00614703
0.21905000 -0.00617919
0.21910000 -0.00621112
0.21915000 -0.00624281
0.21920000 -0.00627427
0.21925000 -0.00630549
0.21930000 -0.00633648
0.21935000 -0.00636723
0.21940000 -0.00639775
0.21945000 -0.00642803
0.21950000 -0.00645807
0.21955000 -0.00648788
0.21960000 -0.00651745
0.21965000 -0.00654679
0.21970000 -0.00657589
0.21975000 -0.00660475
0.21980000 -0.00663337
0.21985000 -0.00666175
0.21990000 -0.00668990
0.21995000 -0.00671781
0.22000000 -0.00674548
0.22005000 -0.00677291
0.22010000 -0.00680010
0.22015000 -0.00682706
0.22020000 -0.00685377
0.22025000 -0.00688025
0.22030000 -0.00690649
0.22035000 -0.00693248
0.22040000 -0.00695824
0.22045000 -0.00698375
0.22050000 -0.00700903
0.22055000 -0.00703406
0.22060000 -0.00705886
0.22065000 -0.00708341
0.22070000 -0.00710772
0.22075000 -0.00713179
0.22080000 -0.00715562
0.22085000 -0.00717920
0.22090000 -0.00720255
0.22095000 -0.00722565
0.22100000 -0.00724851
0.22105000 -0.00727112
0.22110000 -0.00729349
0.22115000 -0.00731562
0.22120000 -0.00733751
0.22125000 -0.00735915
0.22130000 -0.00738055
0.22135000 -0.00740170
0.22140000 -0.00742261
0.22145000 -0.00744328
0.22150000 -0.00746370
0.22155000 -0.00748387
0.22160000 -0.00750380
0.22165000 -0.00752348
0.22170000 -0.00754292
0.22175000 -0.00756211
0.22180000 -0.00758106
0.22185000 -0.00759976
0.22190000 -0.00761821
0.22195000 -0.00763642
0.22200000 -0.00765438
0.22205000 -0.00767209
0.22210000 -0.00768956
0.22215000 -0.00770677
0.22220000 -0.00772374
0.22225000 -0.00774046
0.22230000 -0.00775694
0.22235000 -0.00777316
0.22240000 -0.00778914
0.22245000 -0.00780486
0.22250000 -0.00782034
0.22255000 -0.00783557
0.22260000 -0.00785055
0.22265000 -0.00786527
0.22270000 -0.00787975
0.22275000 -0.00789398
0.22280000 -0.00790796
0.22285000 -0.00792169
0.22290000 -0.00793516
0.22295000 -0.00794839
0.22300000 -0.00796136
0.22305000 -0.00797408
0.22310000 -0.00798655
0.22315000 -0.00799877
0.22320000 -0.00801074
0.22325000 -0.00802245
0.22330000 -0.00803391
0.22335000 -0.00804512
0.22340000 -0.00805607
0.22345000 -0.00806677
0.22350000 -0.00807722
0.22355000 -0.00808742
0.22360000 -0.00809736
0.22365000 -0.00810704
0.22370000 -0.00811647
0.22375000 -0.00812565
0.22380000 -0.00813457
0.22385000 -0.00814324
0.22390000 -0.00815165
0.22395000 -0.00815981
0.22400000 -0.00816771
0.22405000 -0.00817535
0.22410000 -0.00818274
0.22415000 -0.00818987
0.22420000 -0.00819675
0.22425000 -0.00820337
0.22430000 -0.00820973
0.22435000 -0.00821584
0.22440000 -0.00822168
0.22445000 -0.00822727
0.22450000 -0.00823260
0.22455000 -0.00823768
0.22460000 -0.00824249
0.22465000 -0.00824705
0.22470000 -0.00825135
0.22475000 -0.00825539
0.22480000 -0.00825917
0.22485000 -0.00826269
0.22490000 -0.00826595
0.22495000 -0.00826895
0.22500000 -0.00827169
0.22505000 -0.00827417
0.22510000 -0.00827639
0.22515000 -0.00827835
0.22520000 -0.00828005
0.22525000 -0.00828148
0.22530000 -0.00828266
0.22535000 -0.00828357
0.22540000 -0.00828423
0.22545000 -0.00828462
0.22550000 -0.00828474
0.22555000 -0.00828461
0.22560000 -0.00828421
0.22565000 -0.00828355
0.22570000 -0.00828263
0.22575000 -0.00828144
0.22580000 -0.00827999
0.22585000 -0.00827828
0.22590000 -0.00827630
0.22595000 -0.00827406
0.22600000 -0.00827155
0.22605000 -0.00826878
0.22610000 -0.00826575
0.22615000 -0.00826245
0.22620000 -0.00825888
0.22625000 -0.00825505
0.22630000 -0.00825095
0.22635000 -0.00824659
0.22640000 -0.00824196
0.22645000 -0.00823706
0.22650000 -0.00823190
0.22655000 -0.00822647
0.22660000 -0.00822078
0.22665000 -0.00821481
0.22670000 -0.00820858
0.22675000 -0.00820208
0.22680000 -0.00819532
0.22685000 -0.00818828
0.22690000 -0.00818098
0.22695000 -0.00817341
0.22700000 -0.00816557
0.22705000 -0.00815746
0.22710000 -0.00814908
0.22715000 -0.00814043
0.22720000 -0.00813151
0.22725000 -0.00812232
0.22730000 -0.00811287
0.22735000 -0.00810314
0.22740000 -0.00809314
0.22745000 -0.00808287
0.22750000 -0.00807233
0.22755000 -0.00806152
0.22760000 -0.00805044
0.22765000 -0.00803908
0.22770000 -0.00802746
0.22775000 -0.00801556
0.22780000 -0.00800339
0.22785000 -0.00799094
0.22790000 -0.00797823
0.22795000 -0.00796524
0.22800000 -0.00795198
0.22805000 -0.00793844
0.22810000 -0.00792463
0.22815000 -0.00791055
0.22820000 -0.00789620
0.22825000 -0.00788156
0.22830000 -0.00786666
0.22835000 -0.00785148
0.22840000 -0.00783602
0.22845000 -0.00782029
0.22850000 -0.00780429
0.22855000 -0.00778801
0.22860000 -0.00777145
0.22865000 -0.00775462
0.22870000 -0.00773751
0.22875000 -0.00772013
0.22880000 -0.00770246
0.22885000 -0.00768452
0.22890000 -0.00766631
0.22895000 -0.00764782
0.22900000 -0.00762905
0.22905000 -0.00761000
0.22910000 -0.00759067
0.22915000 -0.00757107
0.22920000 -0.00755118
0.22925000 -0.00753102
0.22930000 -0.00751058
0.22935000 -0.00748986
0.22940000 -0.00746886
0.22945000 -0.00744759
0.22950000 -0.00742603
0.22955000 -0.00740419
0.22960000 -0.00738207
0.22965000 -0.00735968
0.22970000 -0.00733700
0.22975000 -0.00731404
0.22980000 -0.00729080
0.22985000 -0.00726728
0.22990000 -0.00724347
0.22995000 -0.00721939
0.23000000 -0.00719502
0.23005000 -0.00717037
0.23010000 -0.00714544
0.23015000 -0.00712023
0.23020000 -0.00709473
0.23025000 -0.00706895
0.23030000 -0.00704289
0.23035000 -0.00701654
0.23040000 -0.00698992
0.23045000 -0.00696300
0.23050000 -0.00693580
0.23055000 -0.00690832
0.23060000 -0.00688056
0.23065000 -0.00685251
0.23070000 -0.00682417
0.23075000 -0.00679555
0.23080000 -0.00676664
0.23085000 -0.00673745
0.23090000 -0.00670797
0.23095000 -0.00667821
0.23100000 -0.00664816
0.23105000 -0.00661782
0.23110000 -0.00658720
0.23115000 -0.00655629
0.23120000 -0.00652509
0.23125000 -0.00649361
0.23130000 -0.00646184
0.23135000 -0.00642978
0.23140000 -0.00639743
0.23145000 -0.00636479
0.23150000 -0.00633187
0.23155000 -0.00629865
0.23160000 -0.00626515
0.23165000 -0.00623136
0.23170000 -0.00619728
0.23175000 -0.00616291
0.23180000 -0.00612825
0.23185000 -0.00609330
0.23190000 -0.00605806
0.23195000 -0.00602253
0.23200000 -0.00598671
0.23205000 -0.00595060
0.23210000 -0.00591420
0.23215000 -0.00587750
0.23220000 -0.00584052
0.23225000 -0.00580324
0.23230000 -0.00576567
0.23235000 -0.00572781
0.23240000 -0.00568965
0.23245000 -0.00565121
0.23250000 -0.00561247
0.23255000 -0.00557344
0.23260000 -0.00553411
0.23265000 -0.00549449
0.23270000 -0.00545458
0.23275000 -0.00541437
0.23280000 -0.00537387
0.23285000 -0.00533308
0.23290000 -0.00529199
0.23295000 -0.00525061
0.23300000 -0.00520893
0.23305000 -0.00516695
0.23310000 -0.00512468
0.23315000 -0.00508212
0.23320000 -0.00503925
0.23325000 -0.00499610
0.23330000 -0.00495264
0.23335000 -0.00490889
0.23340000 -0.00486485
0.23345000 -0.00482050
0.23350000 -0.00477586
0.23355000 -0.00473092
0.23360000 -0.00468569
0.23365000 -0.00464015
0.23370000 -0.00459432
0.23375000 -0.00454819
0.23380000 -0.00450176
0.23385000 -0.00445503
0.23390000 -0.00440801
0.23395000 -0.00436068
0.23400000 -0.00431306
0.23405000 -0.00426513
0.23410000 -0.00421691
0.23415000 -0.00416838
0.23420000 -0.00411956
0.23425000 -0.00407043
0.23430000 -0.00402101
0.23435000 -0.00397128
0.23440000 -0.00392125
0.23445000 -0.00387092
0.23450000 -0.00382029
0.23455000 -0.00376936
0.23460000 -0.00371813
0.23465000 -0.00366659
0.23470000 -0.00361475
0.23475000 -0.00356261
0.23480000 -0.00351016
0.23485000 -0.00345742
0.23490000 -0.00340437
0.23495000 -0.00335101
0.23500000 -0.00329735
0.23505000 -0.00324339
0.23510000 -0.00318912
0.23515000 -0.00313455
0.23520000 -0.00307968
0.23525000 -0.00302450
0.23530000 -0.00296901
0.23535000 -0.00291322
0.23540000 -0.00285713
0.23545000 -0.00280072
0.23550000 -0.00274402
0.23555000 -0.00268700
0.23560000 -0.00262968
0.23565000 -0.00257205
0.23570000 -0.00251412
0.23575000 -0.00245588
0.23580000 -0.00239733
0.23585000 -0.00233848
0.23590000 -0.00227931
0.23595000 -0.00221984
0.23600000 -0.00216006
0.23605000 -0.00209998
0.23610000 -0.00203958
0.23615000 -0.00197888
0.23620000 -0.00196245
0.23625000 -0.00201209
0.23630000 -0.00206151
0.23635000 -0.00211068
0.23640000 -0.00215962
0.23645000 -0.00220833
0.23650000 -0.00225680
0.23655000 -0.00230504
0.23660000 -0.00235304
0.23665000 -0.00240080
0.23670000 -0.00244833
0.23675000 -0.00249563
0.23680000 -0.00254268
0.23685000 -0.00258950
0.23690000 -0.00263609
0.23695000 -0.00268243
0.23700000 -0.00272854
0.23705000 -0.00277442
0.23710000 -0.00282005
0.23715000 -0.00286545
0.23720000 -0.00291061
0.23725000 -0.00295553
0.23730000 -0.00300021
0.23735000 -0.00304466
0.23740000 -0.00308887
0.23745000 -0.00313283
0.23750000 -0.00317656
0.23755000 -0.00322005
0.23760000 -0.00326330
0.23765000 -0.00330632
0.23770000 -0.00334909
0.23775000 -0.00339162
0.23780000 -0.00343391
0.23785000 -0.00347596
0.23790000 -0.00351777
0.23795000 -0.00355934
0.23800000 -0.00360067
0.23805000 -0.00364176
0.23810000 -0.00368261
0.23815000 -0.00372321
0.23820000 -0.00376358
0.23825000 -0.00380370
0.23830000 -0.00384358
0.23835000 -0.00388322
0.23840000 -0.00392261
0.23845000 -0.00396177
0.23850000 -0.00400068
0.23855000 -0.00403934
0.23860000 -0.00407777
0.23865000 -0.00411595
0.23870000 -0.00415389
0.23875000 -0.00419158
0.23880000 -0.00422903
0.23885000 -0.00426623
0.23890000 -0.00430320
0.23895000 -0.00433991
0.23900000 -0.00437639
0.23905000 -0.00441261
0.23910000 -0.00444859
0.23915000 -0.00448433
0.23920000 -0.00451982
0.23925000 -0.00455507
0.23930000 -0.00459007
0.23935000 -0.00462482
0.23940000 -0.00465933
0.23945000 -0.00469359
0.23950000 -0.00472761
0.23955000 -0.00476138
0.23960000 -0.00479490
0.23965000 -0.00482817
0.23970000 -0.00486120
0.23975000 -0.00489398
0.23980000 -0.00492651
0.23985000 -0.00495880
0.23990000 -0.00499083
0.23995000 -0.00502262
0.24000000 -0.00505416
0.24005000 -0.00508545
0.24010000 -0.00511649
0.24015000 -0.00514728
0.24020000 -0.00517783
0.24025000 -0.00520812
0.24030000 -0.00523816
0.24035000 -0.00526796
0.24040000 -0.00529750
0.24045000 -0.00532680
0.24050000 -0.00535584
0.24055000 -0.00538463
0.24060000 -0.00541318
0.24065000 -0.00544147
0.24070000 -0.00546951
0.24075000 -0.00549730
0.24080000 -0.00552483
0.24085000 -0.00555212
0.24090000 -0.00557915
0.24095000 -0.00560594
0.24100000 -0.00563246
0.24105000 -0.00565874
0.24110000 -0.00568477
0.24115000 -0.00571054
0.24120000 -0.00573606
0.24125000 -0.00576132
0.24130000 -0.00578633
0.24135000 -0.00581109
0.24140000 -0.00583560
0.24145000 -0.00585985
0.24150000 -0.00588384
0.24155000 -0.00590758
0.24160000 -0.00593107
0.24165000 -0.00595430
0.24170000 -0.00597728
0.24175000 -0.00600000
0.24180000 -0.00602247
0.24185000 -0.00604468
0.24190000 -0.00606664
0.24195000 -0.00608834
0.24200000 -0.00610978
0.24205000 -0.00613097
0.24210000 -0.00615190
0.24215000 -0.00617257
0.24220000 -0.00619299
0.24225000 -0.00621315
0.24230000 -0.00623305
0.24235000 -0.00625270
0.24240000 -0.00627209
0.24245000 -0.00629122
0.24250000 -0.00631009
0.24255000 -0.00632871
0.24260000 -0.00634706
0.24265000 -0.00636516
0.24270000 -0.00638300
0.24275000 -0.00640058
0.24280000 -0.00641790
0.24285000 -0.00643496
0.24290000 -0.00645176
0.24295000 -0.00646830
0.24300000 -0.00648458
0.24305000 -0.00650061
0.24310000 -0.00651637
0.24315000 -0.00653187
0.24320000 -0.00654711
0.24325000 -0.00656209
0.24330000 -0.00657681
0.24335000 -0.00659126
0.24340000 -0.00660546
0.24345000 -0.00661939
0.24350000 -0.00663307
0.24355000 -0.00664648
0.24360000 -0.00665963
0.24365000 -0.00667251
0.24370000 -0.00668514
0.24375000 -0.00669750
0.24380000 -0.00670959
0.24385000 -0.00672143
0.24390000 -0.00673300
0.24395000 -0.00674431
0.24400000 -0.00675535
0.24405000 -0.00676613
0.24410000 -0.00677665
0.24415000 -0.00678690
0.24420000 -0.00679689
0.24425000 -0.00680661
0.24430000 -0.00681607
0.24435000 -0.00682526
0.24440000 -0.00683419
0.24445000 -0.00684285
0.24450000 -0.00685125
0.24455000 -0.00685938
0.24460000 -0.00686724
0.24465000 -0.00687484
0.24470000 -0.00688218
0.24475000 -0.00688924
0.24480000 -0.00689604
0.24485000 -0.00690257
0.24490000 -0.00690884
0.24495000 -0.00691484
0.24500000 -0.00692057
0.24505000 -0.00692603
0.24510000 -0.00693122
0.24515000 -0.00693615
0.24520000 -0.00694081
0.24525000 -0.00694520
0.24530000 -0.00694932
0.24535000 -0.00695317
0.24540000 -0.00695676
0.24545000 -0.00696007
0.24550000 -0.00696312
0.24555000 -0.00696589
0.24560000 -0.00696840
0.24565000 -0.00697063
0.24570000 -0.00697260
0.24575000 -0.00697429
0.24580000 -0.00697572
0.24585000 -0.00697687
0.24590000 -0.00697775
0.24595000 -0.00697837
0.24600000 -0.00697871
0.24605000 -0.00697878
0.24610000 -0.00697857
0.24615000 -0.00697810
0.24620000 -0.00697735
0.24625000 -0.00697633
0.24630000 -0.00697504
0.24635000 -0.00697348
0.24640000 -0.00697164
0.24645000 -0.00696953
0.24650000 -0.00696715
0.24655000 -0.00696449
0.24660000 -0.00696157
0.24665000 -0.00695836
0.24670000 -0.00695488
0.24675000 -0.00695113
0.24680000 -0.00694711
0.24685000 -0.00694281
0.24690000 -0.00693823
0.24695000 -0.00693338
0.24700000 -0.00692826
0.24705000 -0.00692286
0.24710000 -0.00691718
0.24715000 -0.00691123
0.24720000 -0.00690500
0.24725000 -0.00689850
0.24730000 -0.00689172
0.24735000 -0.00688467
0.24740000 -0.00687733
0.24745000 -0.00686973
0.24750000 -0.00686184
0.24755000 -0.00685368
0.24760000 -0.00684524
0.24765000 -0.00683652
0.24770000 -0.00682752
0.24775000 -0.00681825
0.24780000 -0.00680870
0.24785000 -0.00679887
0.24790000 -0.00678876
0.24795000 -0.00677837
0.24800000 -0.00676771
0.24805000 -0.00675676
0.24810000 -0.00674554
0.24815000 -0.00673403
0.24820000 -0.00672225
0.24825000 -0.00671019
0.24830000 -0.00669784
0.24835000 -0.00668522
0.24840000 -0.00667232
0.24845000 -0.00665913
0.24850000 -0.00664567
0.24855000 -0.00663192
0.24860000 -0.00661790
0.24865000 -0.00660359
0.24870000 -0.00658900
0.24875000 -0.00657413
0.24880000 -0.00655897
0.24885000 -0.00654354
0.24890000 -0.00652782
0.24895000 -0.00651182
0.24900000 -0.00649554
0.24905000 -0.00647897
0.24910000 -0.00646212
0.24915000 -0.00644499
0.24920000 -0.00642758
0.24925000 -0.00640988
0.24930000 -0.00639190
0.24935000 -0.00637363
0.24940000 -0.00635508
0.24945000 -0.00633624
0.24950000 -0.00631712
0.24955000 -0.00629772
0.24960000 -0.00627803
0.24965000 -0.00625806
0.24970000 -0.00623780
0.24975000 -0.00621725
0.24980000 -0.00619642
0.24985000 -0.00617531
0.24990000 -0.00615390
0.24995000 -0.00613222
0.25000000 -0.00611024
0.25005000 -0.00608798
0.25010000 -0.00606543
0.25015000 -0.00604260
0.25020000 -0.00601947
0.25025000 -0.00599606
0.25030000 -0.00597237
0.25035000 -0.00594838
0.25040000 -0.00592411
0.25045000 -0.00589955
0.25050000 -0.00587470
0.25055000 -0.00584956
0.25060000 -0.00582413
0.25065000 -0.00579842
0.25070000 -0.00577241
0.25075000 -0.00574612
0.25080000 -0.00571954
0.25085000 -0.00569266
0.25090000 -0.00566550
0.25095000 -0.00563805
0.25100000 -0.00561031
0.25105000 -0.00558227
0.25110000 -0.00555395
0.25115000 -0.00552534
0.25120000 -0.00549643
0.25125000 -0.00546724
0.25130000 -0.00543775
0.25135000 -0.00540797
0.25140000 -0.00537790
0.25145000 -0.00534754
0.25150000 -0.00531688
0.25155000 -0.00528593
0.25160000 -0.00525469
0.25165000 -0.00522316
0.25170000 -0.00519134
0.25175000 -0.00515922
0.25180000 -0.00512681
0.25185000 -0.00509411
0.25190000 -0.00506111
0.25195000 -0.00502782
0.25200000 -0.00499423
0.25205000 -0.00496035
0.25210000 -0.00492618
0.25215000 -0.00489171
0.25220000 -0.00485695
0.25225000 -0.00482189
0.25230000 -0.00478654
0.25235000 -0.00475089
0.25240000 -0.00471494
0.25245000 -0.00467870
0.25250000 -0.00464217
0.25255000 -0.00460534
0.25260000 -0.00456821
0.25265000 -0.00453079
0.25270000 -0.00449307
0.25275000 -0.00445505
0.25280000 -0.00441674
0.25285000 -0.00437813
0.25290000 -0.00433922
0.25295000 -0.00430001
0.25300000 -0.00426051
0.25305000 -0.00422071
0.25310000 -0.00418061
0.25315000 -0.00414021
0.25320000 -0.00409951
0.25325000 -0.00405852
0.25330000 -0.00401722
0.25335000 -0.00397563
0.25340000 -0.00393374
0.25345000 -0.00389155
0.25350000 -0.00384906
0.25355000 -0.00380627
0.25360000 -0.00376318
0.25365000 -0.00371979
0.25370000 -0.00367610
0.25375000 -0.00363211
0.25380000 -0.00358781
0.25385000 -0.00354322
0.25390000 -0.00349833
0.25395000 -0.00345313
0.25400000 -0.00340763
0.25405000 -0.00336184
0.25410000 -0.00331574
0.25415000 -0.00326933
0.25420000 -0.00322263
0.25425000 -0.00317562
0.25430000 -0.00312831
0.25435000 -0.00308070
0.25440000 -0.00303279
0.25445000 -0.00298457
0.25450000 -0.00293605
0.25455000 -0.00288722
0.25460000 -0.00283810
0.25465000 -0.00278866
0.25470000 -0.00273893
0.25475000 -0.00268889
0.25480000 -0.00263854
0.25485000 -0.00258789
0.25490000 -0.00253694
0.25495000 -0.00248568
0.25500000 -0.00243411
0.25505000 -0.00238224
0.25510000 -0.00233007
0.25515000 -0.00227759
0.25520000 -0.00222480
0.25525000 -0.00217171
0.25530000 -0.00211831
0.25535000 -0.00206460
0.25540000 -0.00201059
0.25545000 -0.00195627
0.25550000 -0.00190164
0.25555000 -0.00184671
0.25560000 -0.00179147
0.25565000 -0.00173592
0.25570000 -0.00168006
0.25575000 -0.00162390
0.25580000 -0.00156742
0.25585000 -0.00151064
0.25590000 -0.00145355
0.25595000 -0.00139615
0.25600000 -0.00133845
0.25605000 -0.00128043
0.25610000 -0.00122210
0.25615000 -0.00116347
0.25620000 -0.00110452
0.25625000 -0.00104527
0.25630000 -0.00098570
0.25635000 -0.00092583
0.25640000 -0.00086564
0.25645000 -0.00080515
0.25650000 -0.00074434
0.25655000 -0.00068322
0.25660000 -0.00062179
0.25665000 -0.00056005
0.25670000 -0.00049800
0.25675000 -0.00043564
0.25680000 -0.00037296
0.25685000 -0.00030997
0.25690000 -0.00024667
0.25695000 -0.00018306
0.25700000 -0.00011914
0.25705000 -0.00015271
0.25710000 -0.00020551
0.25715000 -0.00025806
0.25720000 -0.00031036
0.25725000 -0.00036242
0.25730000 -0.00041423
0.25735000 -0.00046580
0.25740000 -0.00051712
0.25745000 -0.00056820
0.25750000 -0.00061903
0.25755000 -0.00066961
0.25760000 -0.00071995
0.25765000 -0.00077004
0.25770000 -0.00081988
0.25775000 -0.00086948
0.25780000 -0.00091883
0.25785000 -0.00096793
0.25790000 -0.00101679
0.25795000 -0.00106540
0.25800000 -0.00111376
0.25805000 -0.00116187
0.25810000 -0.00120973
0.25815000 -0.00125735
0.25820000 -0.00130472
0.25825000 -0.00135184
0.25830000 -0.00139871
0.25835000 -0.00144533
0.25840000 -0.00149170
0.25845000 -0.00153782
0.25850000 -0.00158369
0.25855000 -0.00162932
0.25860000 -0.00167469
0.25865000 -0.00171982
0.25870000 -0.00176469
0.25875000 -0.00180931
0.25880000 -0.00185369
0.25885000 -0.00189781
0.25890000 -0.00194168
0.25895000 -0.00198530
0.25900000 -0.00202868
0.25905000 -0.00207179
0.25910000 -0.00211466
0.25915000 -0.00215728
0.25920000 -0.00219964
0.25925000 -0.00224176
0.25930000 -0.00228362
0.25935000 -0.00232522
0.25940000 -0.00236658
0.25945000 -0.00240768
0.25950000 -0.00244854
0.25955000 -0.00248913
0.25960000 -0.00252948
0.25965000 -0.00256957
0.25970000 -0.00260941
0.25975000 -0.00264899
0.25980000 -0.00268832
0.25985000 -0.00272740
0.25990000 -0.00276623
0.25995000 -0.00280479
0.26000000 -0.00284311
0.26005000 -0.00288117
0.26010000 -0.00291898
0.26015000 -0.00295653
0.26020000 -0.00299382
0.26025000 -0.00303086
0.26030000 -0.00306765
0.26035000 -0.00310418
0.26040000 -0.00314045
0.26045000 -0.00317647
0.26050000 -0.00321224
0.26055000 -0.00324774
0.26060000 -0.00328299
0.26065000 -0.00331799
0.26070000 -0.00335272
0.26075000 -0.00338720
0.26080000 -0.00342143
0.26085000 -0.00345539
0.26090000 -0.00348910
0.26095000 -0.00352255
0.26100000 -0.00355575
0.26105000 -0.00358868
0.26110000 -0.00362136
0.26115000 -0.00365378
0.26120000 -0.00368594
0.26125000 -0.00371785
0.26130000 -0.00374949
0.26135000 -0.00378088
0.26140000 -0.00381200
0.26145000 -0.00384287
0.26150000 -0.00387348
0.26155000 -0.00390383
0.26160000 -0.00393392
0.26165000 -0.00396375
0.26170000 -0.00399332
0.26175000 -0.00402263
0.26180000 -0.00405168
0.26185000 -0.00408047
0.26190000 -0.00410900
0.26195000 -0.00413727
0.26200000 -0.00416528
0.26205000 -0.00419302
0.26210000 -0.00422051
0.26215000 -0.00424773
0.26220000 -0.00427469
0.26225000 -0.00430140
0.26230000 -0.00432783
0.26235000 -0.00435401
0.26240000 -0.00437993
0.26245000 -0.00440558
0.26250000 -0.00443097
0.26255000 -0.00445609
0.26260000 -0.00448096
0.26265000 -0.00450556
0.26270000 -0.00452990
0.26275000 -0.00455397
0.26280000 -0.00457778
0.26285000 -0.00460133
0.26290000 -0.00462462
0.26295000 -0.00464764
0.26300000 -0.00467039
0.26305000 -0.00469288
0.26310000 -0.00471511
0.26315000 -0.00473707
0.26320000 -0.00475877
0.26325000 -0.00478020
0.26330000 -0.00480137
0.26335000 -0.00482227
0.26340000 -0.00484291
0.26345000 -0.00486328
0.26350000 -0.00488339
0.26355000 -0.00490323
0.26360000 -0.00492280
0.26365000 -0.00494211
0.26370000 -0.00496115
0.26375000 -0.00497992
0.26380000 -0.00499843
0.26385000 -0.00501667
0.26390000 -0.00503464
0.26395000 -0.00505235
0.26400000 -0.00506979
0.26405000 -0.00508696
0.26410000 -0.00510386
0.26415000 -0.00512050
0.26420000 -0.00513687
0.26425000 -0.00515297
0.26430000 -0.00516880
0.26435000 -0.00518436
0.26440000 -0.00519966
0.26445000 -0.00521468
0.26450000 -0.00522944
0.26455000 -0.00524393
0.26460000 -0.00525814
0.26465000 -0.00527209
0.26470000 -0.00528577
0.26475000 -0.00529918
0.26480000 -0.00531232
0.26485000 -0.00532519
0.26490000 -0.00533779
0.26495000 -0.00535011
0.26500000 -0.00536217
0.26505000 -0.00537396
0.26510000 -0.00538547
0.26515000 -0.00539672
0.26520000 -0.00540769
0.26525000 -0.00541839
0.26530000 -0.00542882
0.26535000 -0.00543898
0.26540000 -0.00544887
0.26545000 -0.00545848
0.26550000 -0.00546783
0.26555000 -0.00547690
0.26560000 -0.00548569
0.26565000 -0.00549422
0.26570000 -0.00550247
0.26575000 -0.00551045
0.26580000 -0.00551815
0.26585000 -0.00552559
0.26590000 -0.00553274
0.26595000 -0.00553963
0.26600000 -0.00554624
0.26605000 -0.00555258
0.26610000 -0.00555864
0.26615000 -0.00556443
0.26620000 -0.00556994
0.26625000 -0.00557518
0.26630000 -0.00558015
0.26635000 -0.00558484
0.26640000 -0.00558925
0.26645000 -0.00559339
0.26650000 -0.00559726
0.26655000 -0.00560084
0.26660000 -0.00560416
0.26665000 -0.00560719
0.26670000 -0.00560995
0.26675000 -0.00561244
0.26680000 -0.00561465
0.26685000 -0.00561658
0.26690000 -0.00561823
0.26695000 -0.00561961
0.26700000 -0.00562071
0.26705000 -0.00562153
0.26710000 -0.00562208
0.26715000 -0.00562235
0.26720000 -0.00562234
0.26725000 -0.00562205
0.26730000 -0.00562149
0.26735000 -0.00562064
0.26740000 -0.00561952
0.26745000 -0.00561812
0.26750000 -0.00561644
0.26755000 -0.00561448
0.26760000 -0.00561225
0.26765000 -0.00560973
0.26770000 -0.00560694
0.26775000 -0.00560386
0.26780000 -0.00560051
0.26785000 -0.00559687
0.26790000 -0.00559296
0.26795000 -0.00558876
0.26800000 -0.00558429
0.26805000 -0.00557954
0.26810000 -0.00557450
0.26815000 -0.00556918
0.26820000 -0.00556359
0.26825000 -0.00555771
0.26830000 -0.00555155
0.26835000 -0.00554511
0.26840000 -0.00553839
0.26845000 -0.00553138
0.26850000 -0.00552410
0.26855000 -0.00551653
0.26860000 -0.00550868
0.26865000 -0.00550055
0.26870000 -0.00549213
0.26875000 -0.00548343
0.26880000 -0.00547445
0.26885000 -0.00546519
0.26890000 -0.00545564
0.26895000 -0.00544581
0.26900000 -0.00543570
0.26905000 -0.00542530
0.26910000 -0.00541462
0.26915000 -0.00540366
0.26920000 -0.00539241
0.26925000 -0.00538088
0.26930000 -0.00536906
0.26935000 -0.00535696
0.26940000 -0.00534457
0.26945000 -0.00533190
0.26950000 -0.00531894
0.26955000 -0.00530570
0.26960000 -0.00529217
0.26965000 -0.00527836
0.26970000 -0.00526426
0.26975000 -0.00524988
0.26980000 -0.00523521
0.26985000 -0.00522025
0.26990000 -0.00520501
0.26995000 -0.00518948
0.27000000 -0.00517366
0.27005000 -0.00515756
0.27010000 -0.00514117
0.27015000 -0.00512449
0.27020000 -0.00510753
0.27025000 -0.00509028
0.27030000 -0.00507274
0.27035000 -0.00505491
0.27040000 -0.00503679
0.27045000 -0.00501839
0.27050000 -0.00499970
0.27055000 -0.00498072
0.27060000 -0.00496145
0.27065000 -0.00494189
0.27070000 -0.00492205
0.27075000 -0.00490191
0.27080000 -0.00488149
0.27085000 -0.00486078
0.27090000 -0.00483977
0.27095000 -0.00481848
0.27100000 -0.00479690
0.27105000 -0.00477503
0.27110000 -0.00475286
0.27115000 -0.00473041
0.27120000 -0.00470767
0.27125000 -0.00468463
0.27130000 -0.00466131
0.27135000 -0.00463769
0.27140000 -0.00461379
0.27145000 -0.00458959
0.27150000 -0.00456510
0.27155000 -0.00454032
0.27160000 -0.00451525
0.27165000 -0.00448988
0.27170000 -0.00446423
0.27175000 -0.00443828
0.27180000 -0.00441204
0.27185000 -0.00438550
0.27190000 -0.00435868
0.27195000 -0.00433156
0.27200000 -0.00430415
0.27205000 -0.00427644
0.27210000 -0.00424844
0.27215000 -0.00422015
0.27220000 -0.00419156
0.27225000 -0.00416269
0.27230000 -0.00413351
0.27235000 -0.00410404
0.27240000 -0.00407428
0.27245000 -0.00404423
0.27250000 -0.00401388
0.27255000 -0.00398323
0.27260000 -0.00395229
0.27265000 -0.00392106
0.27270000 -0.00388953
0.27275000 -0.00385770
0.27280000 -0.00382558
0.27285000 -0.00379316
0.27290000 -0.00376045
0.27295000 -0.00372744
0.27300000 -0.00369414
0.27305000 -0.00366054
0.27310000 -0.00362664
0.27315000 -0.00359244
0.27320000 -0.00355795
0.27325000 -0.00352316
0.27330000 -0.00348808
0.27335000 -0.00345270
0.27340000 -0.00341702
0.27345000 -0.00338104
0.27350000 -0.00334477
0.27355000 -0.00330819
0.27360000 -0.00327132
0.27365000 -0.00323415
0.27370000 -0.00319669
0.27375000 -0.00315892
0.27380000 -0.00312086
0.27385000 -0.00308249
0.27390000 -0.00304383
0.27395000 -0.00300487
0.27400000 -0.00296561
0.27405000 -0.00292605
0.27410000 -0.00288619
0.27415000 -0.00284603
0.27420000 -0.00280557
0.27425000 -0.00276481
0.27430000 -0.00272375
0.27435000 -0.00268239
0.27440000 -0.00264073
0.27445000 -0.00259877
0.27450000 -0.00255651
0.27455000 -0.00251395
0.27460000 -0.00247109
0.27465000 -0.00242792
0.27470000 -0.00238445
0.27475000 -0.00234068
0.27480000 -0.00229661
0.27485000 -0.00225224
0.27490000 -0.00220757
0.27495000 -0.00216259
0.27500000 -0.00211731
0.27505000 -0.00207173
0.27510000 -0.00202585
0.27515000 -0.00197966
0.27520000 -0.00193317
0.27525000 -0.00188638
0.27530000 -0.00183928
0.27535000 -0.00179188
0.27540000 -0.00174418
0.27545000 -0.00169617
0.27550000 -0.00164786
0.27555000 -0.00159924
0.27560000 -0.00155032
0.27565000 -0.00150110
0.27570000 -0.00145157
0.27575000 -0.00140174
0.27580000 -0.00135160
0.27585000 -0.00130116
0.27590000 -0.00125041
0.27595000 -0.00119935
0.27600000 -0.00114799
0.27605000 -0.00109633
0.27610000 -0.00104436
0.27615000 -0.00099208
0.27620000 -0.00093950
0.27625000 -0.00088661
0.27630000 -0.00083341
0.27635000 -0.00077991
0.27640000 -0.00072610
0.27645000 -0.00067198
0.27650000 -0.00061756
0.27655000 -0.00056283
0.27660000 -0.00050779
0.27665000 -0.00045245
0.27670000 -0.00039680
0.27675000 -0.00034083
0.27680000 -0.00028457
0.27685000 -0.00022799
0.27690000 -0.00017110
0.27695000 -0.00011391
0.27700000 -0.00005641
0.27705000 0.00000140
0.27710000 0.00005952
0.27715000 0.00011795
0.27720000 0.00017669
0.27725000 0.00023574
0.27730000 0.00029510
0.27735000 0.00035476
0.27740000 0.00041474
0.27745000 0.00047503
0.27750000 0.00053562
0.27755000 0.00059653
0.27760000 0.00065775
0.27765000 0.00071928
0.27770000 0.00078112
0.27775000 0.00084327
0.27780000 0.00090573
0.27785000 0.00096850
0.27790000 0.00103159
0.27795000 0.00109498
0.27800000 0.00115869
0.27805000 0.00122271
0.27810000 0.00128704
0.27815000 0.00135168
0.27820000 0.00141664
0.27825000 0.00148191
0.27830000 0.00154749
0.27835000 0.00161338
0.27840000 0.00167959
0.27845000 0.00163429
0.27850000 0.00157899
0.27855000 0.00152395
0.27860000 0.00146916
0.27865000 0.00141462
0.27870000 0.00136033
0.27875000 0.00130630
0.27880000 0.00125252
0.27885000 0.00119900
0.27890000 0.00114573
0.27895000 0.00109271
0.27900000 0.00103995
0.27905000 0.00098744
0.27910000 0.00093518
0.27915000 0.00088318
0.27920000 0.00083144
0.27925000 0.00077995
0.27930000 0.00072871
0.27935000 0.00067773
0.27940000 0.00062700
0.27945000 0.00057653
0.27950000 0.00052632
0.27955000 0.00047636
0.27960000 0.00042665
0.27965000 0.00037721
0.27970000 0.00032801
0.27975000 0.00027908
0.27980000 0.00023040
0.27985000 0.00018197
0.27990000 0.00013381
0.27995000 0.00008589
0.28000000 0.00003824
0.28005000 -0.00000916
0.28010000 -0.00005630
0.28015000 -0.00010318
0.28020000 -0.00014980
0.28025000 -0.00019617
0.28030000 -0.00024228
0.28035000 -0.00028813
0.28040000 -0.00033373
0.28045000 -0.00037907
0.28050000 -0.00042414
0.28055000 -0.00046897
0.28060000 -0.00051353
0.28065000 -0.00055783
0.28070000 -0.00060188
0.28075000 -0.00064566
0.28080000 -0.00068919
0.28085000 -0.00073246
0.28090000 -0.00077546
0.28095000 -0.00081821
0.28100000 -0.00086070
0.28105000 -0.00090293
0.28110000 -0.00094490
0.28115000 -0.00098661
0.28120000 -0.00102806
0.28125000 -0.00106925
0.28130000 -0.00111018
0.28135000 -0.00115085
0.28140000 -0.00119126
0.28145000 -0.00123141
0.28150000 -0.00127129
0.28155000 -0.00131092
0.28160000 -0.00135028
0.28165000 -0.00138939
0.28170000 -0.00142823
0.28175000 -0.00146681
0.28180000 -0.00150513
0.28185000 -0.00154319
0.28190000 -0.00158098
0.28195000 -0.00161851
0.28200000 -0.00165578
0.28205000 -0.00169279
0.28210000 -0.00172954
0.28215000 -0.00176602
0.28220000 -0.00180224
0.28225000 -0.00183820
0.28230000 -0.00187389
0.28235000 -0.00190932
0.28240000 -0.00194449
0.28245000 -0.00197939
0.28250000 -0.00201403
0.28255000 -0.00204841
0.28260000 -0.00208252
0.28265000 -0.00211637
0.28270000 -0.00214995
0.28275000 -0.00218327
0.28280000 -0.00221633
0.28285000 -0.00224912
0.28290000 -0.00228165
0.28295000 -0.00231391
0.28300000 -0.00234590
0.28305000 -0.00237764
0.28310000 -0.00240910
0.28315000 -0.00244030
0.28320000 -0.00247124
0.28325000 -0.00250191
0.28330000 -0.00253231
0.28335000 -0.00256245
0.28340000 -0.00259232
0.28345000 -0.00262193
0.28350000 -0.00265127
0.28355000 -0.00268034
0.28360000 -0.00270914
0.28365000 -0.00273768
0.28370000 -0.00276596
0.28375000 -0.00279396
0.28380000 -0.00282170
0.28385000 -0.00284917
0.28390000 -0.00287637
0.28395000 -0.00290331
0.28400000 -0.00292998
0.28405000 -0.00295638
0.28410000 -0.00298251
0.28415000 -0.00300838
0.28420000 -0.00303397
0.28425000 -0.00305930
0.28430000 -0.00308436
0.28435000 -0.00310915
0.28440000 -0.00313367
0.28445000 -0.00315793
0.28450000 -0.00318191
0.28455000 -0.00320562
0.28460000 -0.00322907
0.28465000 -0.00325225
0.28470000 -0.00327515
0.28475000 -0.00329779
0.28480000 -0.00332016
0.28485000 -0.00334225
0.28490000 -0.00336408
0.28495000 -0.00338564
0.28500000 -0.00340692
0.28505000 -0.00342794
0.28510000 -0.00344868
0.28515000 -0.00346916
0.28520000 -0.00348936
0.28525000 -0.00350929
0.28530000 -0.00352895
0.28535000 -0.00354834
0.28540000 -0.00356746
0.28545000 -0.00358631
0.28550000 -0.00360488
0.28555000 -0.00362319
0.28560000 -0.00364122
0.28565000 -0.00365897
0.28570000 -0.00367646
0.28575000 -0.00369368
0.28580000 -0.00371062
0.28585000 -0.00372729
0.28590000 -0.00374368
0.28595000 -0.00375981
0.28600000 -0.00377566
0.28605000 -0.00379123
0.28610000 -0.00380654
0.28615000 -0.00382157
0.28620000 -0.00383632
0.28625000 -0.00385081
0.28630000 -0.00386502
0.28635000 -0.00387895
0.28640000 -0.00389261
0.28645000 -0.00390600
0.28650000 -0.00391911
0.28655000 -0.00393195
0.28660000 -0.00394451
0.28665000 -0.00395680
0.28670000 -0.00396881
0.28675000 -0.00398055
0.28680000 -0.00399201
0.28685000 -0.00400320
0.28690000 -0.00401411
0.28695000 -0.00402475
0.28700000 -0.00403511
0.28705000 -0.00404519
0.28710000 -0.00405500
0.28715000 -0.00406454
0.28720000 -0.00407379
0.28725000 -0.00408277
0.28730000 -0.00409148
0.28735000 -0.00409990
0.28740000 -0.00410805
0.28745000 -0.00411593
0.28750000 -0.00412352
0.28755000 -0.00413084
0.28760000 -0.00413788
0.28765000 -0.00414465
0.28770000 -0.00415113
0.28775000 -0.00415734
0.28780000 -0.00416327
0.28785000 -0.00416893
0.28790000 -0.00417430
0.28795000 -0.00417940
0.28800000 -0.00418422
0.28805000 -0.00418876
0.28810000 -0.00419302
0.28815000 -0.00419700
0.28820000 -0.00420070
0.28825000 -0.00420413
0.28830000 -0.00420727
0.28835000 -0.00421014
0.28840000 -0.00421272
0.28845000 -0.00421503
0.28850000 -0.00421706
0.28855000 -0.00421880
0.28860000 -0.00422027
0.28865000 -0.00422146
0.28870000 -0.00422237
0.28875000 -0.00422299
0.28880000 -0.00422334
0.28885000 -0.00422340
0.28890000 -0.00422319
0.28895000 -0.00422269
0.28900000 -0.00422192
0.28905000 -0.00422086
0.28910000 -0.00421952
0.28915000 -0.00421790
0.28920000 -0.00421599
0.28925000 -0.00421381
0.28930000 -0.00421134
0.28935000 -0.00420860
0.28940000 -0.00420556
0.28945000 -0.00420225
0.28950000 -0.00419866
0.28955000 -0.00419478
0.28960000 -0.00419062
0.28965000 -0.00418618
0.28970000 -0.00418145
0.28975000 -0.00417645
0.28980000 -0.00417115
0.28985000 -0.00416558
0.28990000 -0.00415972
0.28995000 -0.00415358
0.29000000 -0.00414715
0.29005000 -0.00414045
0.29010000 -0.00413345
0.29015000 -0.00412618
0.29020000 -0.00411861
0.29025000 -0.00411077
0.29030000 -0.00410264
0.29035000 -0.00409422
0.29040000 -0.00408553
0.29045000 -0.00407654
0.29050000 -0.00406727
0.29055000 -0.00405772
0.29060000 -0.00404788
0.29065000 -0.00403776
0.29070000 -0.00402735
0.29075000 -0.00401665
0.29080000 -0.00400567
0.29085000 -0.00399440
0.29090000 -0.00398285
0.29095000 -0.00397101
0.29100000 -0.00395888
0.29105000 -0.00394647
0.29110000 -0.00393377
0.29115000 -0.00392079
0.29120000 -0.00390752
0.29125000 -0.00389396
0.29130000 -0.00388011
0.29135000 -0.00386598
0.29140000 -0.00385156
0.29145000 -0.00383685
0.29150000 -0.00382186
0.29155000 -0.00380658
0.29160000 -0.00379101
0.29165000 -0.00377515
0.29170000 -0.00375900
0.29175000 -0.00374257
0.29180000 -0.00372584
0.29185000 -0.00370883
0.29190000 -0.00369153
0.29195000 -0.00367394
0.29200000 -0.00365607
0.29205000 -0.00363790
0.29210000 -0.00361944
0.29215000 -0.00360070
0.29220000 -0.00358166
0.29225000 -0.00356234
0.29230000 -0.00354273
0.29235000 -0.00352282
0.29240000 -0.00350263
0.29245000 -0.00348215
0.29250000 -0.00346138
0.29255000 -0.00344031
0.29260000 -0.00341896
0.29265000 -0.00339731
0.29270000 -0.00337538
0.29275000 -0.00335315
0.29280000 -0.00333064
0.29285000 -0.00330783
0.29290000 -0.00328473
0.29295000 -0.00326134
0.29300000 -0.00323766
0.29305000 -0.00321369
0.29310000 -0.00318942
0.29315000 -0.00316487
0.29320000 -0.00314002
0.29325000 -0.00311488
0.29330000 -0.00308945
0.29335000 -0.00306372
0.29340000 -0.00303770
0.29345000 -0.00301139
0.29350000 -0.00298479
0.29355000 -0.00295790
0.29360000 -0.00293071
0.29365000 -0.00290323
0.29370000 -0.00287545
0.29375000 -0.00284738
0.29380000 -0.00281902
0.29385000 -0.00279037
0.29390000 -0.00276142
0.29395000 -0.00273218
0.29400000 -0.00270264
0.29405000 -0.00267281
0.29410000 -0.00264269
0.29415000 -0.00261227
0.29420000 -0.00258155
0.29425000 -0.00255054
0.29430000 -0.00251924
0.29435000 -0.00248764
0.29440000 -0.00245575
0.29445000 -0.00242356
0.29450000 -0.00239108
0.29455000 -0.00235830
0.29460000 -0.00232523
0.29465000 -0.00229186
0.29470000 -0.00225819
0.29475000 -0.00222423
0.29480000 -0.00218997
0.29485000 -0.00215542
0.29490000 -0.00212057
0.29495000 -0.00208543
0.29500000 -0.00204998
0.29505000 -0.00201424
0.29510000 -0.00197821
0.29515000 -0.00194188
0.29520000 -0.00190525
0.29525000 -0.00186832
0.29530000 -0.00183109
0.29535000 -0.00179357
0.29540000 -0.00175575
0.29545000 -0.00171764
0.29550000 -0.00167922
0.29555000 -0.00164051
0.29560000 -0.00160150
0.29565000 -0.00156219
0.29570000 -0.00152258
0.29575000 -0.00148268
0.29580000 -0.00144248
0.29585000 -0.00140197
0.29590000 -0.00136117
0.29595000 -0.00132007
0.29600000 -0.00127867
0.29605000 -0.00123697
0.29610000 -0.00119498
0.29615000 -0.00115268
0.29620000 -0.00111008
0.29625000 -0.00106719
0.29630000 -0.00102399
0.29635000 -0.00098049
0.29640000 -0.00093670
0.29645000 -0.00089260
0.29650000 -0.00084821
0.29655000 -0.00080351
0.29660000 -0.00075851
0.29665000 -0.00071321
0.29670000 -0.00066761
0.29675000 -0.00062172
0.29680000 -0.00057551
0.29685000 -0.00052901
0.29690000 -0.00048221
0.29695000 -0.00043510
0.29700000 -0.00038770
0.29705000 -0.00033999
0.29710000 -0.00029198
0.29715000 -0.00024367
0.29720000 -0.00019505
0.29725000 -0.00014614
0.29730000 -0.00009692
0.29735000 -0.00004740
0.29740000 0.00000242
0.29745000 0.00005255
0.29750000 0.00010298
0.29755000 0.00015371
0.29760000 0.00020474
0.29765000 0.00025608
0.29770000 0.00030772
0.29775000 0.00035967
0.29780000 0.00041191
0.29785000 0.00046447
0.29790000 0.00051732
0.29795000 0.00057048
0.29800000 0.00062394
0.29805000 0.00067771
0.29810000 0.00073178
0.29815000 0.00078616
0.29820000 0.00084084
0.29825000 0.00089583
0.29830000 0.00095112
0.29835000 0.00100671
0.29840000 0.00106261
0.29845000 0.00111882
0.29850000 0.00117533
0.29855000 0.00123214
0.29860000 0.00128926
0.29865000 0.00134669
0.29870000 0.00140442
0.29875000 0.00146246
0.29880000 0.00152081
0.29885000 0.00157946
0.29890000 0.00163842
0.29895000 0.00169768
0.29900000 0.00175725
0.29905000 0.00181713
0.29910000 0.00187731
0.29915000 0.00193780
0.29920000 0.00199860
0.29925000 0.00205970
0.29930000 0.00212111
0.29935000 0.00218283
0.29940000 0.00224486
0.29945000 0.00230719
0.29950000 0.00236984
0.29955000 0.00243279
0.29960000 0.00249604
0.29965000 0.00255961
0.29970000 0.00262348
0.29975000 0.00268767
0.29980000 0.00275216
0.29985000 0.00281696
0.29990000 0.00288207
0.29995000 0.00294748
0.30000000 0.00301321
0.30005000 0.00307924
0.30010000 0.00314559
0.30015000 0.00321224
0.30020000 0.00327921
0.30025000 0.00334648
0.30030000 0.00341406
0.30035000 0.00340101
0.30040000 0.00334386
0.30045000 0.00328697
0.30050000 0.00323034
0.30055000 0.00317396
0.30060000 0.00311785
0.30065000 0.00306199
0.30070000 0.00300639
0.30075000 0.00295105
0.30080000 0.00289596
0.30085000 0.00284114
0.30090000 0.00278657
0.30095000 0.00273226
0.30100000 0.00267821
0.30105000 0.00262442
0.30110000 0.00257089
0.30115000 0.00251762
0.30120000 0.00246461
0.30125000 0.00241185
0.30130000 0.00235936
0.30135000 0.00230712
0.30140000 0.00225515
0.30145000 0.00220343
0.30150000 0.00215198
0.30155000 0.00210078
0.30160000 0.00204985
0.30165000 0.00199917
0.30170000 0.00194876
0.30175000 0.00189860
0.30180000 0.00184871
0.30185000 0.00179907
0.30190000 0.00174970
0.30195000 0.00170059
0.30200000 0.00165174
0.30205000 0.00160315
0.30210000 0.00155482
0.30215000 0.00150675
0.30220000 0.00145895
0.30225000 0.00141140
0.30230000 0.00136412
0.30235000 0.00131710
0.30240000 0.00127034
0.30245000 0.00122384
0.30250000 0.00117761
0.30255000 0.00113164
0.30260000 0.00108592
0.30265000 0.00104048
0.30270000 0.00099529
0.30275000 0.00095037
0.30280000 0.00090571
0.30285000 0.00086131
0.30290000 0.00081718
0.30295000 0.00077331
0.30300000 0.00072970
0.30305000 0.00068635
0.30310000 0.00064327
0.30315000 0.00060046
0.30320000 0.00055790
0.30325000 0.00051561
0.30330000 0.00047359
0.30335000 0.00043182
0.30340000 0.00039032
0.30345000 0.00034909
0.30350000 0.00030812
0.30355000 0.00026742
0.30360000 0.00022697
0.30365000 0.00018680
0.30370000 0.00014689
0.30375000 0.00010724
0.30380000 0.00006786
0.30385000 0.00002874
0.30390000 -0.00001011
0.30395000 -0.00004870
0.30400000 -0.00008702
0.30405000 -0.00012507
0.30410000 -0.00016286
0.30415000 -0.00020039
0.30420000 -0.00023764
0.30425000 -0.00027464
0.30430000 -0.00031136
0.30435000 -0.00034782
0.30440000 -0.00038402
0.30445000 -0.00041994
0.30450000 -0.00045560
0.30455000 -0.00049100
0.30460000 -0.00052612
0.30465000 -0.00056099
0.30470000 -0.00059558
0.30475000 -0.00062991
0.30480000 -0.00066397
0.30485000 -0.00069776
0.30490000 -0.00073128
0.30495000 -0.00076454
0.30500000 -0.00079753
0.30505000 -0.00083025
0.30510000 -0.00086271
0.30515000 -0.00089489
0.30520000 -0.00092681
0.30525000 -0.00095846
0.30530000 -0.00098984
0.30535000 -0.00102096
0.30540000 -0.00105180
0.30545000 -0.00108238
0.30550000 -0.00111269
0.30555000 -0.00114273
0.30560000 -0.00117250
0.30565000 -0.00120200
0.30570000 -0.00123123
0.30575000 -0.00126020
0.30580000 -0.00128889
0.30585000 -0.00131731
0.30590000 -0.00134547
0.30595000 -0.00137336
0.30600000 -0.00140097
0.30605000 -0.00142832
0.30610000 -0.00145539
0.30615000 -0.00148220
0.30620000 -0.00150873
0.30625000 -0.00153500
0.30630000 -0.00156099
0.30635000 -0.00158672
0.30640000 -0.00161217
0.30645000 -0.00163736
0.30650000 -0.00166227
0.30655000 -0.00168691
0.30660000 -0.00171128
0.30665000 -0.00173538
0.30670000 -0.00175921
0.30675000 -0.00178277
0.30680000 -0.00180605
0.30685000 -0.00182906
0.30690000 -0.00185181
0.30695000 -0.00187428
0.30700000 -0.00189648
0.30705000 -0.00191840
0.30710000 -0.00194006
0.30715000 -0.00196144
0.30720000 -0.00198255
0.30725000 -0.00200339
0.30730000 -0.00202395
0.30735000 -0.00204424
0.30740000 -0.00206426
0.30745000 -0.00208401
0.30750000 -0.00210348
0.30755000 -0.00212268
0.30760000 -0.00214161
0.30765000 -0.00216027
0.30770000 -0.00217865
0.30775000 -0.00219675
0.30780000 -0.00221459
0.30785000 -0.00223215
0.30790000 -0.00224943
0.30795000 -0.00226645
0.30800000 -0.00228319
0.30805000 -0.00229965
0.30810000 -0.00231584
0.30815000 -0.00233176
0.30820000 -0.00234740
0.30825000 -0.00236276
0.30830000 -0.00237786
0.30835000 -0.00239267
0.30840000 -0.00240722
0.30845000 -0.00242148
0.30850000 -0.00243548
0.30855000 -0.00244919
0.30860000 -0.00246264
0.30865000 -0.00247580
0.30870000 -0.00248869
0.30875000 -0.00250131
0.30880000 -0.00251365
0.30885000 -0.00252571
0.30890000 -0.00253750
0.30895000 -0.00254902
0.30900000 -0.00256025
0.30905000 -0.00257121
0.30910000 -0.00258190
0.30915000 -0.00259230
0.30920000 -0.00260243
0.30925000 -0.00261229
0.30930000 -0.00262187
0.30935000 -0.00263117
0.30940000 -0.00264019
0.30945000 -0.00264894
0.30950000 -0.00265741
0.30955000 -0.00266560
0.30960000 -0.00267351
0.30965000 -0.00268115
0.30970000 -0.00268851
0.30975000 -0.00269559
0.30980000 -0.00270240
0.30985000 -0.00270892
0.30990000 -0.00271517
0.30995000 -0.00272114
0.31000000 -0.00272683
0.31005000 -0.00273225
0.31010000 -0.00273738
0.31015000 -0.00274224
0.31020000 -0.00274682
0.31025000 -0.00275112
0.31030000 -0.00275514
0.31035000 -0.00275888
0.31040000 -0.00276234
0.31045000 -0.00276552
0.31050000 -0.00276843
0.31055000 -0.00277105
0.31060000 -0.00277340
0.31065000 -0.00277547
0.31070000 -0.00277725
0.31075000 -0.00277876
0.31080000 -0.00277999
0.31085000 -0.00278093
0.31090000 -0.00278160
0.31095000 -0.00278199
0.31100000 -0.00278209
0.31105000 -0.00278192
0.31110000 -0.00278146
0.31115000 -0.00278073
0.31120000 -0.00277971
0.31125000 -0.00277842
0.31130000 -0.00277684
0.31135000 -0.00277498
0.31140000 -0.00277284
0.31145000 -0.00277042
0.31150000 -0.00276772
0.31155000 -0.00276473
0.31160000 -0.00276147
0.31165000 -0.00275792
0.31170000 -0.00275409
0.31175000 -0.00274998
0.31180000 -0.00274559
0.31185000 -0.00274092
0.31190000 -0.00273596
0.31195000 -0.00273072
0.31200000 -0.00272520
0.31205000 -0.00271940
0.31210000 -0.00271331
0.31215000 -0.00270694
0.31220000 -0.00270029
0.31225000 -0.00269336
0.31230000 -0.00268614
0.31235000 -0.00267864
0.31240000 -0.00267086
0.31245000 -0.00266279
0.31250000 -0.00265444
0.31255000 -0.00264581
0.31260000 -0.00263690
0.31265000 -0.00262769
0.31270000 -0.00261821
0.31275000 -0.00260844
0.31280000 -0.00259839
0.31285000 -0.00258806
0.31290000 -0.00257744
0.31295000 -0.00256653
0.31300000 -0.00255534
0.31305000 -0.00254387
0.31310000 -0.00253211
0.31315000 -0.00252007
0.31320000 -0.00250774
0.31325000 -0.00249513
0.31330000 -0.00248223
0.31335000 -0.00246905
0.31340000 -0.00245559
0.31345000 -0.00244183
0.31350000 -0.00242780
0.31355000 -0.00241347
0.31360000 -0.00239886
0.31365000 -0.00238397
0.31370000 -0.00236879
0.31375000 -0.00235332
0.31380000 -0.00233757
0.31385000 -0.00232153
0.31390000 -0.00230521
0.31395000 -0.00228860
0.31400000 -0.00227170
0.31405000 -0.00225452
0.31410000 -0.00223705
0.31415000 -0.00221929
0.31420000 -0.00220125
0.31425000 -0.00218292
0.31430000 -0.00216430
0.31435000 -0.00214540
0.31440000 -0.00212620
0.31445000 -0.00210673
0.31450000 -0.00208696
0.31455000 -0.00206691
0.31460000 -0.00204657
0.31465000 -0.00202594
0.31470000 -0.00200502
0.31475000 -0.00198382
0.31480000 -0.00196232
0.31485000 -0.00194054
0.31490000 -0.00191847
0.31495000 -0.00189612
0.31500000 -0.00187347
0.31505000 -0.00185054
0.31510000 -0.00182732
0.31515000 -0.00180380
0.31520000 -0.00178000
0.31525000 -0.00175592
0.31530000 -0.00173154
0.31535000 -0.00170687
0.31540000 -0.00168192
0.31545000 -0.00165667
0.31550000 -0.00163114
0.31555000 -0.00160531
0.31560000 -0.00157920
0.31565000 -0.00155280
0.31570000 -0.00152610
0.31575000 -0.00149912
0.31580000 -0.00147185
0.31585000 -0.00144429
0.31590000 -0.00141643
0.31595000 -0.00138829
0.31600000 -0.00135986
0.31605000 -0.00133113
0.31610000 -0.00130212
0.31615000 -0.00127281
0.31620000 -0.00124322
0.31625000 -0.00121333
0.31630000 -0.00118315
0.31635000 -0.00115268
0.31640000 -0.00112192
0.31645000 -0.00109087
0.31650000 -0.00105953
0.31655000 -0.00102790
0.31660000 -0.00099597
0.31665000 -0.00096376
0.31670000 -0.00093125
0.31675000 -0.00089845
0.31680000 -0.00086535
0.31685000 -0.00083197
0.31690000 -0.00079829
0.31695000 -0.00076432
0.31700000 -0.00073006
0.31705000 -0.00069551
0.31710000 -0.00066066
0.31715000 -0.00062553
0.31720000 -0.00059010
0.31725000 -0.00055437
0.31730000 -0.00051835
0.31735000 -0.00048204
0.31740000 -0.00044544
0.31745000 -0.00040855
0.31750000 -0.00037136
0.31755000 -0.00033387
0.31760000 -0.00029610
0.31765000 -0.00025803
0.31770000 -0.00021966
0.31775000 -0.00018101
0.31780000 -0.00014206
0.31785000 -0.00010281
0.31790000 -0.00006327
0.31795000 -0.00002344
0.31800000 0.00001669
0.31805000 0.00005711
0.31810000 0.00009783
0.31815000 0.00013884
0.31820000 0.00018014
0.31825000 0.00022174
0.31830000 0.00026364
0.31835000 0.00030583
0.31840000 0.00034831
0.31845000 0.00039109
0.31850000 0.00043417
0.31855000 0.00047754
0.31860000 0.00052120
0.31865000 0.00056516
0.31870000 0.00060942
0.31875000 0.00065397
0.31880000 0.00069882
0.31885000 0.00074397
0.31890000 0.00078941
0.31895000 0.00083514
0.31900000 0.00088117
0.31905000 0.00092750
0.31910000 0.00097413
0.31915000 0.00102105
0.31920000 0.00106827
0.31925000 0.00111578
0.31930000 0.00116359
0.31935000 0.00121170
0.31940000 0.00126011
0.31945000 0.00130881
0.31950000 0.00135781
0.31955000 0.00140710
0.31960000 0.00145670
0.31965000 0.00150659
0.31970000 0.00155678
0.31975000 0.00160726
0.31980000 0.00165805
0.31985000 0.00170913
0.31990000 0.00176051
0.31995000 0.00181219
0.32000000 0.00186416
0.32005000 0.00191644
0.32010000 0.00196901
0.32015000 0.00202188
0.32020000 0.00207505
0.32025000 0.00212852
0.32030000 0.00218228
0.32035000 0.00223635
0.32040000 0.00229071
0.32045000 0.00234537
0.32050000 0.00240033
0.32055000 0.00245559
0.32060000 0.00251115
0.32065000 0.00256701
0.32070000 0.00262317
0.32075000 0.00267963
0.32080000 0.00273639
0.32085000 0.00279344
0.32090000 0.00285080
0.32095000 0.00290846
0.32100000 0.00296641
0.32105000 0.00302467
0.32110000 0.00308323
0.32115000 0.00314209
0.32120000 0.00320124
0.32125000 0.00326070
0.32130000 0.00332046
0.32135000 0.00338052
0.32140000 0.00344088
0.32145000 0.00350154
0.32150000 0.00356250
0.32155000 0.00362376
0.32160000 0.00368532
0.32165000 0.00374719
0.32170000 0.00380936
0.32175000 0.00387182
0.32180000 0.00393459
0.32185000 0.00399766
0.32190000 0.00406103
0.32195000 0.00412471
0.32200000 0.00418868
0.32205000 0.00425296
0.32210000 0.00431754
0.32215000 0.00438242
0.32220000 0.00444760
0.32225000 0.00451309
0.32230000 0.00457888
0.32235000 0.00464497
0.32240000 0.00471136
0.32245000 0.00477805
0.32250000 0.00484505
0.32255000 0.00491235
0.32260000 0.00497996
0.32265000 0.00504786
0.32270000 0.00510999
0.32275000 0.00505171
0.32280000 0.00499370
0.32285000 0.00493594
0.32290000 0.00487844
0.32295000 0.00482120
0.32300000 0.00476422
0.32305000 0.00470750
0.32310000 0.00465104
0.32315000 0.00459484
0.32320000 0.00453890
0.32325000 0.00448322
0.32330000 0.00442779
0.32335000 0.00437263
0.32340000 0.00431773
0.32345000 0.00426309
0.32350000 0.00420871
0.32355000 0.00415459
0.32360000 0.00410073
0.32365000 0.00404713
0.32370000 0.00399379
0.32375000 0.00394072
0.32380000 0.00388790
0.32385000 0.00383534
0.32390000 0.00378305
0.32395000 0.00373102
0.32400000 0.00367924
0.32405000 0.00362773
0.32410000 0.00357648
0.32415000 0.00352550
0.32420000 0.00347477
0.32425000 0.00342430
0.32430000 0.00337410
0.32435000 0.00332416
0.32440000 0.00327448
0.32445000 0.00322506
0.32450000 0.00317591
0.32455000 0.00312701
0.32460000 0.00307838
0.32465000 0.00303001
0.32470000 0.00298191
0.32475000 0.00293406
0.32480000 0.00288648
0.32485000 0.00283916
0.32490000 0.00279210
0.32495000 0.00274531
0.32500000 0.00269878
0.32505000 0.00265251
0.32510000 0.00260651
0.32515000 0.00256077
0.32520000 0.00251529
0.32525000 0.00247007
0.32530000 0.00242512
0.32535000 0.00238043
0.32540000 0.00233601
0.32545000 0.00229185
0.32550000 0.00224795
0.32555000 0.00220432
0.32560000 0.00216095
0.32565000 0.00211784
0.32570000 0.00207500
0.32575000 0.00203243
0.32580000 0.00199011
0.32585000 0.00194807
0.32590000 0.00190628
0.32595000 0.00186476
0.32600000 0.00182351
0.32605000 0.00178252
0.32610000 0.00174179
0.32615000 0.00170133
0.32620000 0.00166113
0.32625000 0.00162120
0.32630000 0.00158154
0.32635000 0.00154214
0.32640000 0.00150300
0.32645000 0.00146413
0.32650000 0.00142553
0.32655000 0.00138719
0.32660000 0.00134911
0.32665000 0.00131130
0.32670000 0.00127376
0.32675000 0.00123648
0.32680000 0.00119947
0.32685000 0.00116273
0.32690000 0.00112625
0.32695000 0.00109004
0.32700000 0.00105409
0.32705000 0.00101841
0.32710000 0.00098300
0.32715000 0.00094785
0.32720000 0.00091297
0.32725000 0.00087836
0.32730000 0.00084401
0.32735000 0.00080993
0.32740000 0.00077612
0.32745000 0.00074257
0.32750000 0.00070929
0.32755000 0.00067628
0.32760000 0.00064353
0.32765000 0.00061105
0.32770000 0.00057884
0.32775000 0.00054690
0.32780000 0.00051523
0.32785000 0.00048382
0.32790000 0.00045268
0.32795000 0.00042180
0.32800000 0.00039120
0.32805000 0.00036086
0.32810000 0.00033079
0.32815000 0.00030099
0.32820000 0.00027146
0.32825000 0.00024220
0.32830000 0.00021320
0.32835000 0.00018448
0.32840000 0.00015602
0.32845000 0.00012783
0.32850000 0.00009990
0.32855000 0.00007225
0.32860000 0.00004487
0.32865000 0.00001775
0.32870000 -0.00000909
0.32875000 -0.00003567
0.32880000 -0.00006198
0.32885000 -0.00008802
0.32890000 -0.00011379
0.32895000 -0.00013928
0.32900000 -0.00016452
0.32905000 -0.00018948
0.32910000 -0.00021417
0.32915000 -0.00023859
0.32920000 -0.00026274
0.32925000 -0.00028662
0.32930000 -0.00031023
0.32935000 -0.00033358
0.32940000 -0.00035665
0.32945000 -0.00037945
0.32950000 -0.00040198
0.32955000 -0.00042424
0.32960000 -0.00044623
0.32965000 -0.00046795
0.32970000 -0.00048940
0.32975000 -0.00051058
0.32980000 -0.00053149
0.32985000 -0.00055212
0.32990000 -0.00057249
0.32995000 -0.00059258
0.33000000 -0.00061241
0.33005000 -0.00063196
0.33010000 -0.00065124
0.33015000 -0.00067025
0.33020000 -0.00068899
0.33025000 -0.00070746
0.33030000 -0.00072565
0.33035000 -0.00074358
0.33040000 -0.00076123
0.33045000 -0.00077861
0.33050000 -0.00079572
0.33055000 -0.00081256
0.33060000 -0.00082912
0.33065000 -0.00084541
0.33070000 -0.00086143
0.33075000 -0.00087718
0.33080000 -0.00089266
0.33085000 -0.00090786
0.33090000 -0.00092279
0.33095000 -0.00093745
0.33100000 -0.00095184
0.33105000 -0.00096595
0.33110000 -0.00097979
0.33115000 -0.00099336
0.33120000 -0.00100665
0.33125000 -0.00101967
0.33130000 -0.00103242
0.33135000 -0.00104490
0.33140000 -0.00105710
0.33145000 -0.00106903
0.33150000 -0.00108068
0.33155000 -0.00109206
0.33160000 -0.00110317
0.33165000 -0.00111401
0.33170000 -0.00112457
0.33175000 -0.00113485
0.33180000 -0.00114487
0.33185000 -0.00115460
0.33190000 -0.00116407
0.33195000 -0.00117326
0.33200000 -0.00118218
0.33205000 -0.00119082
0.33210000 -0.00119919
0.33215000 -0.00120728
0.33220000 -0.00121510
0.33225000 -0.00122264
0.33230000 -0.00122991
0.33235000 -0.00123691
0.33240000 -0.00124363
0.33245000 -0.00125007
0.33250000 -0.00125624
0.33255000 -0.00126214
0.33260000 -0.00126776
0.33265000 -0.00127310
0.33270000 -0.00127817
0.33275000 -0.00128296
0.33280000 -0.00128748
0.33285000 -0.00129173
0.33290000 -0.00129569
0.33295000 -0.00129939
0.33300000 -0.00130280
0.33305000 -0.00130594
0.33310000 -0.00130881
0.33315000 -0.00131139
0.33320000 -0.00131371
0.33325000 -0.00131574
0.33330000 -0.00131750
0.33335000 -0.00131899
0.33340000 -0.00132019
0.33345000 -0.00132112
0.33350000 -0.00132178
0.33355000 -0.00132216
0.33360000 -0.00132226
0.33365000 -0.00132208
0.33370000 -0.00132163
0.33375000 -0.00132090
0.33380000 -0.00131989
0.33385000 -0.00131861
0.33390000 -0.00131705
0.33395000 -0.00131521
0.33400000 -0.00131310
0.33405000 -0.00131071
0.33410000 -0.00130804
0.33415000 -0.00130509
0.33420000 -0.00130186
0.33425000 -0.00129836
0.33430000 -0.00129458
0.33435000 -0.00129052
0.33440000 -0.00128619
0.33445000 -0.00128157
0.33450000 -0.00127668
0.33455000 -0.00127151
0.33460000 -0.00126607
0.33465000 -0.00126034
0.33470000 -0.00125434
0.33475000 -0.00124805
0.33480000 -0.00124149
0.33485000 -0.00123465
0.33490000 -0.00122753
0.33495000 -0.00122014
0.33500000 -0.00121246
0.33505000 -0.00120451
0.33510000 -0.00119627
0.33515000 -0.00118776
0.33520000 -0.00117897
0.33525000 -0.00116990
0.33530000 -0.00116055
0.33535000 -0.00115092
0.33540000 -0.00114101
0.33545000 -0.00113082
0.33550000 -0.00112035
0.33555000 -0.00110961
0.33560000 -0.00109858
0.33565000 -0.00108727
0.33570000 -0.00107569
0.33575000 -0.00106382
0.33580000 -0.00105168
0.33585000 -0.00103925
0.33590000 -0.00102654
0.33595000 -0.00101356
0.33600000 -0.00100029
0.33605000 -0.00098674
0.33610000 -0.00097292
0.33615000 -0.00095881
0.33620000 -0.00094442
0.33625000 -0.00092975
0.33630000 -0.00091480
0.33635000 -0.00089957
0.33640000 -0.00088406
0.33645000 -0.00086827
0.33650000 -0.00085220
0.33655000 -0.00083584
0.33660000 -0.00081921
0.33665000 -0.00080229
0.33670000 -0.00078509
0.33675000 -0.00076762
0.33680000 -0.00074985
0.33685000 -0.00073181
0.33690000 -0.00071349
0.33695000 -0.00069489
0.33700000 -0.00067600
0.33705000 -0.00065683
0.33710000 -0.00063738
0.33715000 -0.00061765
0.33720000 -0.00059763
0.33725000 -0.00057734
0.33730000 -0.00055676
0.33735000 -0.00053590
0.33740000 -0.00051476
0.33745000 -0.00049333
0.33750000 -0.00047163
0.33755000 -0.00044964
0.33760000 -0.00042736
0.33765000 -0.00040481
0.33770000 -0.00038197
0.33775000 -0.00035885
0.33780000 -0.00033545
0.33785000 -0.00031176
0.33790000 -0.00028779
0.33795000 -0.00026354
0.33800000 -0.00023900
0.33805000 -0.00021419
0.33810000 -0.00018908
0.33815000 -0.00016370
0.33820000 -0.00013803
0.33825000 -0.00011208
0.33830000 -0.00008584
0.33835000 -0.00005932
0.33840000 -0.00003252
0.33845000 -0.00000543
0.33850000 0.00002194
0.33855000 0.00004959
0.33860000 0.00007753
0.33865000 0.00010575
0.33870000 0.00013426
0.33875000 0.00016305
0.33880000 0.00019212
0.33885000 0.00022148
0.33890000 0.00025113
0.33895000 0.00028105
0.33900000 0.00031127
0.33905000 0.00034176
0.33910000 0.00037254
0.33915000 0.00040361
0.33920000 0.00043496
0.33925000 0.00046660
0.33930000 0.00049852
0.33935000 0.00053073
0.33940000 0.00056322
0.33945000 0.00059599
0.33950000 0.00062906
0.33955000 0.00066240
0.33960000 0.00069604
0.33965000 0.00072995
0.33970000 0.00076416
0.33975000 0.00079865
0.33980000 0.00083342
0.33985000 0.00086848
0.33990000 0.00090383
0.33995000 0.00093946
0.34000000 0.00097538
0.34005000 0.00101158
0.34010000 0.00104807
0.34015000 0.00108485
0.34020000 0.00112191
0.34025000 0.00115926
0.34030000 0.00119689
0.34035000 0.00123481
0.34040000 0.00127302
0.34045000 0.00131152
0.34050000 0.00135030
0.34055000 0.00138937
0.34060000 0.00142872
0.34065000 0.00146836
0.34070000 0.00150829
0.34075000 0.00154850
0.34080000 0.00158901
0.34085000 0.00162980
0.34090000 0.00167087
0.34095000 0.00171224
0.34100000 0.00175389
0.34105000 0.00179583
0.34110000 0.00183805
0.34115000 0.00188056
0.34120000 0.00192337
0.34125000 0.00196645
0.34130000 0.00200983
0.34135000 0.00205349
0.34140000 0.00209745
0.34145000 0.00214168
0.34150000 0.00218621
0.34155000 0.00223103
0.34160000 0.00227613
0.34165000 0.00232152
0.34170000 0.00236720
0.34175000 0.00241317
0.34180000 0.00245943
0.34185000 0.00250598
0.34190000 0.00255281
0.34195000 0.00259993
0.34200000 0.00264734
0.34205000 0.00269504
0.34210000 0.00274303
0.34215000 0.00279131
0.34220000 0.00283987
0.34225000 0.00288873
0.34230000 0.00293787
0.34235000 0.00298731
0.34240000 0.00303703
0.34245000 0.00308704
0.34250000 0.00313734
0.34255000 0.00318793
0.34260000 0.00323881
0.34265000 0.00328998
0.34270000 0.00334144
0.34275000 0.00339319
0.34280000 0.00344523
0.34285000 0.00349756
0.34290000 0.00355018
0.34295000 0.00360309
0.34300000 0.00365628
0.34305000 0.00370977
0.34310000 0.00376355
0.34315000 0.00381762
0.34320000 0.00387198
0.34325000 0.00392663
0.34330000 0.00398157
0.34335000 0.00403680
0.34340000 0.00409232
0.34345000 0.00414813
0.34350000 0.00420423
0.34355000 0.00426062
0.34360000 0.00431730
0.34365000 0.00437428
0.34370000 0.00443154
0.34375000 0.00448910
0.34380000 0.00454694
0.34385000 0.00460508
0.34390000 0.00466351
0.34395000 0.00472223
0.34400000 0.00478124
0.34405000 0.00484055
0.34410000 0.00490014
0.34415000 0.00496003
0.34420000 0.00502020
0.34425000 0.00508067
0.34430000 0.00514143
0.34435000 0.00520249
0.34440000 0.00526383
0.34445000 0.00532547
0.34450000 0.00538739
0.34455000 0.00544961
0.34460000 0.00551213
0.34465000 0.00557493
0.34470000 0.00563803
0.34475000 0.00570141
0.34480000 0.00576510
0.34485000 0.00582907
0.34490000 0.00589333
0.34495000 0.00595789
0.34500000 0.00602274
0.34505000 0.00608789
0.34510000 0.00615332
0.34515000 0.00621905
0.34520000 0.00628507
0.34525000 0.00635139
0.34530000 0.00641800
0.34535000 0.00648490
0.34540000 0.00655209
0.34545000 0.00661958
0.34550000 0.00666587
0.34555000 0.00660752
0.34560000 0.00654943
0.34565000 0.00649159
0.34570000 0.00643401
0.34575000 0.00637669
0.34580000 0.00631963
0.34585000 0.00626283
0.34590000 0.00620628
0.34595000 0.00615000
0.34600000 0.00609397
0.34605000 0.00603820
0.34610000 0.00598268
0.34615000 0.00592743
0.34620000 0.00587243
0.34625000 0.00581769
0.34630000 0.00576322
0.34635000 0.00570900
0.34640000 0.00565503
0.34645000 0.00560133
0.34650000 0.00554789
0.34655000 0.00549470
0.34660000 0.00544177
0.34665000 0.00538911
0.34670000 0.00533670
0.34675000 0.00528455
0.34680000 0.00523266
0.34685000 0.00518103
0.34690000 0.00512966
0.34695000 0.00507854
0.34700000 0.00502769
0.34705000 0.00497710
0.34710000 0.00492676
0.34715000 0.00487669
0.34720000 0.00482687
0.34725000 0.00477732
0.34730000 0.00472802
0.34735000 0.00467899
0.34740000 0.00463021
0.34745000 0.00458170
0.34750000 0.00453344
0.34755000 0.00448544
0.34760000 0.00443771
0.34765000 0.00439023
0.34770000 0.00434302
0.34775000 0.00429606
0.34780000 0.00424937
0.34785000 0.00420293
0.34790000 0.00415676
0.34795000 0.00411084
0.34800000 0.00406519
0.34805000 0.00401980
0.34810000 0.00397467
0.34815000 0.00392980
0.34820000 0.00388519
0.34825000 0.00384084
0.34830000 0.00379675
0.34835000 0.00375292
0.34840000 0.00370936
0.34845000 0.00366605
0.34850000 0.00362301
0.34855000 0.00358023
0.34860000 0.00353770
0.34865000 0.00349544
0.34870000 0.00345344
0.34875000 0.00341171
0.34880000 0.00337023
0.34885000 0.00332902
0.34890000 0.00328807
0.34895000 0.00324737
0.34900000 0.00320695
0.34905000 0.00316678
0.34910000 0.00312687
0.34915000 0.00308723
0.34920000 0.00304785
0.34925000 0.00300873
0.34930000 0.00296987
0.34935000 0.00293128
0.34940000 0.00289294
0.34945000 0.00285487
0.34950000 0.00281706
0.34955000 0.00277952
0.34960000 0.00274223
0.34965000 0.00270521
0.34970000 0.00266845
0.34975000 0.00263196
0.34980000 0.00259572
0.34985000 0.00255975
0.34990000 0.00252405
0.34995000 0.00248860
0.35000000 0.00245342
0.35005000 0.00241850
0.35010000 0.00238384
0.35015000 0.00234945
0.35020000 0.00231532
0.35025000 0.00228145
0.35030000 0.00224785
0.35035000 0.00221451
0.35040000 0.00218143
0.35045000 0.00214862
0.35050000 0.00211607
0.35055000 0.00208378
0.35060000 0.00205176
0.35065000 0.00202000
0.35070000 0.00198850
0.35075000 0.00195727
0.35080000 0.00192630
0.35085000 0.00189560
0.35090000 0.00186516
0.35095000 0.00183498
0.35100000 0.00180507
0.35105000 0.00177542
0.35110000 0.00174604
0.35115000 0.00171692
0.35120000 0.00168806
0.35125000 0.00165947
0.35130000 0.00163114
0.35135000 0.00160308
0.35140000 0.00157528
0.35145000 0.00154775
0.35150000 0.00152048
0.35155000 0.00149347
0.35160000 0.00146673
0.35165000 0.00144026
0.35170000 0.00141405
0.35175000 0.00138810
0.35180000 0.00136242
0.35185000 0.00133701
0.35190000 0.00131186
0.35195000 0.00128697
0.35200000 0.00126235
0.35205000 0.00123800
0.35210000 0.00121391
0.35215000 0.00119008
0.35220000 0.00116652
0.35225000 0.00114323
0.35230000 0.00112020
0.35235000 0.00109744
0.35240000 0.00107494
0.35245000 0.00105271
0.35250000 0.00103074
0.35255000 0.00100904
0.35260000 0.00098760
0.35265000 0.00096644
0.35270000 0.00094553
0.35275000 0.00092490
0.35280000 0.00090453
0.35285000 0.00088442
0.35290000 0.00086458
0.35295000 0.00084501
0.35300000 0.00082570
0.35305000 0.00080666
0.35310000 0.00078789
0.35315000 0.00076938
0.35320000 0.00075114
0.35325000 0.00073316
0.35330000 0.00071546
0.35335000 0.00069801
0.35340000 0.00068084
0.35345000 0.00066393
0.35350000 0.00064729
0.35355000 0.00063092
0.35360000 0.00061481
0.35365000 0.00059897
0.35370000 0.00058339
0.35375000 0.00056809
0.35380000 0.00055305
0.35385000 0.00053827
0.35390000 0.00052377
0.35395000 0.00050953
0.35400000 0.00049556
0.35405000 0.00048185
0.35410000 0.00046842
0.35415000 0.00045525
0.35420000 0.00044235
0.35425000 0.00042971
0.35430000 0.00041735
0.35435000 0.00040525
0.35440000 0.00039342
0.35445000 0.00038185
0.35450000 0.00037056
0.35455000 0.00035953
0.35460000 0.00034877
0.35465000 0.00033828
0.35470000 0.00032806
0.35475000 0.00031810
0.35480000 0.00030841
0.35485000 0.00029899
0.35490000 0.00028984
0.35495000 0.00028096
0.35500000 0.00027235
0.35505000 0.00026400
0.35510000 0.00025592
0.35515000 0.00024811
0.35520000 0.00024057
0.35525000 0.00023330
0.35530000 0.00022630
0.35535000 0.00021956
0.35540000 0.00021309
0.35545000 0.00020690
0.35550000 0.00020097
0.35555000 0.00019531
0.35560000 0.00018992
0.35565000 0.00018480
0.35570000 0.00017994
0.35575000 0.00017536
0.35580000 0.00017104
0.35585000 0.00016700
0.35590000 0.00016322
0.35595000 0.00015972
0.35600000 0.00015648
0.35605000 0.00015351
0.35610000 0.00015081
0.35615000 0.00014838
0.35620000 0.00014622
0.35625000 0.00014433
0.35630000 0.00014271
0.35635000 0.00014136
0.35640000 0.00014028
0.35645000 0.00013947
0.35650000 0.00013893
0.35655000 0.00013866
0.35660000 0.00013866
0.35665000 0.00013892
0.35670000 0.00013946
0.35675000 0.00014027
0.35680000 0.00014135
0.35685000 0.00014270
0.35690000 0.00014432
0.35695000 0.00014621
0.35700000 0.00014837
0.35705000 0.00015080
0.35710000 0.00015350
0.35715000 0.00015647
0.35720000 0.00015971
0.35725000 0.00016322
0.35730000 0.00016701
0.35735000 0.00017106
0.35740000 0.00017538
0.35745000 0.00017998
0.35750000 0.00018485
0.35755000 0.00018998
0.35760000 0.00019539
0.35765000 0.00020107
0.35770000 0.00020702
0.35775000 0.00021324
0.35780000 0.00021973
0.35785000 0.00022649
0.35790000 0.00023353
0.35795000 0.00024083
0.35800000 0.00024841
0.35805000 0.00025626
0.35810000 0.00026438
0.35815000 0.00027277
0.35820000 0.00028143
0.35825000 0.00029037
0.35830000 0.00029957
0.35835000 0.00030905
0.35840000 0.00031880
0.35845000 0.00032882
0.35850000 0.00033911
0.35855000 0.00034968
0.35860000 0.00036052
0.35865000 0.00037162
0.35870000 0.00038300
0.35875000 0.00039466
0.35880000 0.00040658
0.35885000 0.00041878
0.35890000 0.00043125
0.35895000 0.00044399
0.35900000 0.00045700
0.35905000 0.00047029
0.35910000 0.00048385
0.35915000 0.00049768
0.35920000 0.00051178
0.35925000 0.00052615
0.35930000 0.00054080
0.35935000 0.00055572
0.35940000 0.00057092
0.35945000 0.00058638
0.35950000 0.00060212
0.35955000 0.00061813
0.35960000 0.00063442
0.35965000 0.00065097
0.35970000 0.00066780
0.35975000 0.00068491
0.35980000 0.00070228
0.35985000 0.00071993
0.35990000 0.00073786
0.35995000 0.00075605
0.36000000 0.00077452
0.36005000 0.00079326
0.36010000 0.00081228
0.36015000 0.00083157
0.36020000 0.00085113
0.36025000 0.00087096
0.36030000 0.00089107
0.36035000 0.00091146
0.36040000 0.00093211
0.36045000 0.00095304
0.36050000 0.00097425
0.36055000 0.00099572
0.36060000 0.00101747
0.36065000 0.00103950
0.36070000 0.00106180
0.36075000 0.00108437
0.36080000 0.00110722
0.36085000 0.00113034
0.36090000 0.00115373
0.36095000 0.00117740
0.36100000 0.00120134
0.36105000 0.00122556
0.36110000 0.00125005
0.36115000 0.00127482
0.36120000 0.00129986
0.36125000 0.00132517
0.36130000 0.00135076
0.36135000 0.00137662
0.36140000 0.00140276
0.36145000 0.00142917
0.36150000 0.00145586
0.36155000 0.00148282
0.36160000 0.00151006
0.36165000 0.00153757
0.36170000 0.00156535
0.36175000 0.00159341
0.36180000 0.00162175
0.36185000 0.00165036
0.36190000 0.00167924
0.36195000 0.00170840
0.36200000 0.00173784
0.36205000 0.00176755
0.36210000 0.00179753
0.36215000 0.00182779
0.36220000 0.00185833
0.36225000 0.00188914
0.36230000 0.00192022
0.36235000 0.00195158
0.36240000 0.00198322
0.36245000 0.00201513
0.36250000 0.00204732
0.36255000 0.00207978
0.36260000 0.00211252
0.36265000 0.00214554
0.36270000 0.00217883
0.36275000 0.00221239
0.36280000 0.00224623
0.36285000 0.00228035
0.36290000 0.00231474
0.36295000 0.00234941
0.36300000 0.00238436
0.36305000 0.00241958
0.36310000 0.00245507
0.36315000 0.00249085
0.36320000 0.00252689
0.36325000 0.00256322
0.36330000 0.00259982
0.36335000 0.00263670
0.36340000 0.00267385
0.36345000 0.00271128
0.36350000 0.00274899
0.36355000 0.00278697
0.36360000 0.00282523
0.36365000 0.00286376
0.36370000 0.00290257
0.36375000 0.00294166
0.36380000 0.00298103
0.36385000 0.00302067
0.36390000 0.00306058
0.36395000 0.00310078
0.36400000 0.00314125
0.36405000 0.00318200
0.36410000 0.00322302
0.36415000 0.00326433
0.36420000 0.00330591
0.36425000 0.00334776
0.36430000 0.00338989
0.36435000 0.00343230
0.36440000 0.00347499
0.36445000 0.00351796
0.36450000 0.00356120
0.36455000 0.00360471
0.36460000 0.00364851
0.36465000 0.00369258
0.36470000 0.00373693
0.36475000 0.00378156
0.36480000 0.00382647
0.36485000 0.00387165
0.36490000 0.00391711
0.36495000 0.00396285
0.36500000 0.00400886
0.36505000 0.00405516
0.36510000 0.00410173
0.36515000 0.00414857
0.36520000 0.00419570
0.36525000 0.00424310
0.36530000 0.00429079
0.36535000 0.00433874
0.36540000 0.00438698
0.36545000 0.00443550
0.36550000 0.00448429
0.36555000 0.00453336
0.36560000 0.00458271
0.36565000 0.00463234
0.36570000 0.00468224
0.36575000 0.00473243
0.36580000 0.00478289
0.36585000 0.00483363
0.36590000 0.00488465
0.36595000 0.00493595
0.36600000 0.00498752
0.36605000 0.00503938
0.36610000 0.00509151
0.36615000 0.00514392
0.36620000 0.00519661
0.36625000 0.00524958
0.36630000 0.00530282
0.36635000 0.00535635
0.36640000 0.00541015
0.36645000 0.00546423
0.36650000 0.00551860
0.36655000 0.00557324
0.36660000 0.00562815
0.36665000 0.00568335
0.36670000 0.00573883
0.36675000 0.00579459
0.36680000 0.00585062
0.36685000 0.00590693
0.36690000 0.00596353
0.36695000 0.00602040
0.36700000 0.00607755
0.36705000 0.00613498
0.36710000 0.00619269
0.36715000 0.00625068
0.36720000 0.00630895
0.36725000 0.00636750
0.36730000 0.00642633
0.36735000 0.00648543
0.36740000 0.00654482
0.36745000 0.00660448
0.36750000 0.00666443
0.36755000 0.00672465
0.36760000 0.00678516
0.36765000 0.00684594
0.36770000 0.00690701
0.36775000 0.00696835
0.36780000 0.00702997
0.36785000 0.00709188
0.36790000 0.00715406
0.36795000 0.00721652
0.36800000 0.00727927
0.36805000 0.00734229
0.36810000 0.00740559
0.36815000 0.00746918
0.36820000 0.00753304
0.36825000 0.00759718
0.36830000 0.00766161
0.36835000 0.00772631
0.36840000 0.00779129
0.36845000 0.00785656
0.36850000 0.00792210
0.36855000 0.00798793
0.36860000 0.00805403
0.36865000 0.00811122
0.36870000 0.00805362
0.36875000 0.00799627
0.36880000 0.00793917
0.36885000 0.00788232
0.36890000 0.00782573
0.36895000 0.00776939
0.36900000 0.00771330
0.36905000 0.00765747
0.36910000 0.00760189
0.36915000 0.00754656
0.36920000 0.00749149
0.36925000 0.00743667
0.36930000 0.00738210
0.36935000 0.00732779
0.36940000 0.00727373
0.36945000 0.00721993
0.36950000 0.00716638
0.36955000 0.00711308
0.36960000 0.00706004
0.36965000 0.00700725
0.36970000 0.00695471
0.36975000 0.00690243
0.36980000 0.00685041
0.36985000 0.00679863
0.36990000 0.00674711
0.36995000 0.00669585
0.37000000 0.00664484
0.37005000 0.00659408
0.37010000 0.00654358
0.37015000 0.00649333
0.37020000 0.00644333
0.37025000 0.00639359
0.37030000 0.00634411
0.37035000 0.00629488
0.37040000 0.00624590
0.37045000 0.00619718
0.37050000 0.00614871
0.37055000 0.00610049
0.37060000 0.00605254
0.37065000 0.00600483
0.37070000 0.00595738
0.37075000 0.00591019
0.37080000 0.00586325
0.37085000 0.00581656
0.37090000 0.00577013
0.37095000 0.00572395
0.37100000 0.00567803
0.37105000 0.00563237
0.37110000 0.00558696
0.37115000 0.00554180
0.37120000 0.00549690
0.37125000 0.00545225
0.37130000 0.00540786
0.37135000 0.00536372
0.37140000 0.00531984
0.37145000 0.00527622
0.37150000 0.00523285
0.37155000 0.00518973
0.37160000 0.00514687
0.37165000 0.00510426
0.37170000 0.00506191
0.37175000 0.00501982
0.37180000 0.00497798
0.37185000 0.00493640
0.37190000 0.00489507
0.37195000 0.00485400
0.37200000 0.00481318
0.37205000 0.00477262
0.37210000 0.00473231
0.37215000 0.00469226
0.37220000 0.00465247
0.37225000 0.00461293
0.37230000 0.00457365
0.37235000 0.00453462
0.37240000 0.00449585
0.37245000 0.00445733
0.37250000 0.00441907
0.37255000 0.00438107
0.37260000 0.00434332
0.37265000 0.00430583
0.37270000 0.00426859
0.37275000 0.00423161
0.37280000 0.00419489
0.37285000 0.00415842
0.37290000 0.00412221
0.37295000 0.00408626
0.37300000 0.00405056
0.37305000 0.00401512
0.37310000 0.00397993
0.37315000 0.00394500
0.37320000 0.00391033
0.37325000 0.00387591
0.37330000 0.00384175
0.37335000 0.00380784
0.37340000 0.00377420
0.37345000 0.00374080
0.37350000 0.00370767
0.37355000 0.00367479
0.37360000 0.00364217
0.37365000 0.00360980
0.37370000 0.00357770
0.37375000 0.00354584
0.37380000 0.00351425
0.37385000 0.00348291
0.37390000 0.00345183
0.37395000 0.00342101
0.37400000 0.00339044
0.37405000 0.00336013
0.37410000 0.00333007
0.37415000 0.00330028
0.37420000 0.00327074
0.37425000 0.00324146
0.37430000 0.00321243
0.37435000 0.00318366
0.37440000 0.00315515
0.37445000 0.00312690
0.37450000 0.00309890
0.37455000 0.00307116
0.37460000 0.00304368
0.37465000 0.00301645
0.37470000 0.00298949
0.37475000 0.00296278
0.37480000 0.00293632
0.37485000 0.00291013
0.37490000 0.00288419
0.37495000 0.00285851
0.37500000 0.00283309
0.37505000 0.00280792
0.37510000 0.00278301
0.37515000 0.00275836
0.37520000 0.00273397
0.37525000 0.00270983
0.37530000 0.00268596
0.37535000 0.00266234
0.37540000 0.00263898
0.37545000 0.00261587
0.37550000 0.00259303
0.37555000 0.00257044
0.37560000 0.00254811
0.37565000 0.00252604
0.37570000 0.00250422
0.37575000 0.00248266
0.37580000 0.00246137
0.37585000 0.00244033
0.37590000 0.00241954
0.37595000 0.00239902
0.37600000 0.00237875
0.37605000 0.00235875
0.37610000 0.00233900
0.37615000 0.00231950
0.37620000 0.00230027
0.37625000 0.00228130
0.37630000 0.00226258
0.37635000 0.00224412
0.37640000 0.00222592
0.37645000 0.00220798
0.37650000 0.00219030
0.37655000 0.00217287
0.37660000 0.00215571
0.37665000 0.00213880
0.37670000 0.00212215
0.37675000 0.00210576
0.37680000 0.00208963
0.37685000 0.00207376
0.37690000 0.00205814
0.37695000 0.00204279
0.37700000 0.00202769
0.37705000 0.00201285
0.37710000 0.00199827
0.37715000 0.00198395
0.37720000 0.00196989
0.37725000 0.00195609
0.37730000 0.00194254
0.37735000 0.00192926
0.37740000 0.00191623
0.37745000 0.00190347
0.37750000 0.00189096
0.37755000 0.00187871
0.37760000 0.00186672
0.37765000 0.00185499
0.37770000 0.00184352
0.37775000 0.00183231
0.37780000 0.00182135
0.37785000 0.00181066
0.37790000 0.00180022
0.37795000 0.00179005
0.37800000 0.00178013
0.37805000 0.00177048
0.37810000 0.00176108
0.37815000 0.00175194
0.37820000 0.00174306
0.37825000 0.00173444
0.37830000 0.00172608
0.37835000 0.00171798
0.37840000 0.00171014
0.37845000 0.00170256
0.37850000 0.00169524
0.37855000 0.00168818
0.37860000 0.00168138
0.37865000 0.00167484
0.37870000 0.00166855
0.37875000 0.00166253
0.37880000 0.00165677
0.37885000 0.00165126
0.37890000 0.00164602
0.37895000 0.00164104
0.37900000 0.00163631
0.37905000 0.00163185
0.37910000 0.00162764
0.37915000 0.00162370
0.37920000 0.00162002
0.37925000 0.00161659
0.37930000 0.00161343
0.37935000 0.00161052
0.37940000 0.00160788
0.37945000 0.00160550
0.37950000 0.00160337
0.37955000 0.00160151
0.37960000 0.00159991
0.37965000 0.00159856
0.37970000 0.00159748
0.37975000 0.00159666
0.37980000 0.00159609
0.37985000 0.00159579
0.37990000 0.00159575
0.37995000 0.00159597
0.38000000 0.00159645
0.38005000 0.00159719
0.38010000 0.00159819
0.38015000 0.00159945
0.38020000 0.00160097
0.38025000 0.00160275
0.38030000 0.00160479
0.38035000 0.00160710
0.38040000 0.00160966
0.38045000 0.00161248
0.38050000 0.00161557
0.38055000 0.00161891
0.38060000 0.00162252
0.38065000 0.00162639
0.38070000 0.00163051
0.38075000 0.00163490
0.38080000 0.00163955
0.38085000 0.00164446
0.38090000 0.00164963
0.38095000 0.00165506
0.38100000 0.00166076
0.38105000 0.00166671
0.38110000 0.00167293
0.38115000 0.00167940
0.38120000 0.00168614
0.38125000 0.00169313
0.38130000 0.00170039
0.38135000 0.00170791
0.38140000 0.00171569
0.38145000 0.00172374
0.38150000 0.00173204
0.38155000 0.00174060
0.38160000 0.00174943
0.38165000 0.00175852
0.38170000 0.00176786
0.38175000 0.00177747
0.38180000 0.00178734
0.38185000 0.00179748
0.38190000 0.00180787
0.38195000 0.00181852
0.38200000 0.00182944
0.38205000 0.00184062
0.38210000 0.00185206
0.38215000 0.00186376
0.38220000 0.00187572
0.38225000 0.00188794
0.38230000 0.00190043
0.38235000 0.00191317
0.38240000 0.00192618
0.38245000 0.00193945
0.38250000 0.00195298
0.38255000 0.00196678
0.38260000 0.00198083
0.38265000 0.00199515
0.38270000 0.00200973
0.38275000 0.00202457
0.38280000 0.00203967
0.38285000 0.00205503
0.38290000 0.00207066
0.38295000 0.00208655
0.38300000 0.00210270
0.38305000 0.00211911
0.38310000 0.00213578
0.38315000 0.00215271
0.38320000 0.00216991
0.38325000 0.00218737
0.38330000 0.00220509
0.38335000 0.00222307
0.38340000 0.00224132
0.38345000 0.00225983
0.38350000 0.00227860
0.38355000 0.00229763
0.38360000 0.00231692
0.38365000 0.00233648
0.38370000 0.00235629
0.38375000 0.00237637
0.38380000 0.00239672
0.38385000 0.00241732
0.38390000 0.00243819
0.38395000 0.00245932
0.38400000 0.00248071
0.38405000 0.00250236
0.38410000 0.00252428
0.38415000 0.00254646
0.38420000 0.00256890
0.38425000 0.00259160
0.38430000 0.00261457
0.38435000 0.00263780
0.38440000 0.00266129
0.38445000 0.00268504
0.38450000 0.00270906
0.38455000 0.00273334
0.38460000 0.00275788
0.38465000 0.00278268
0.38470000 0.00280775
0.38475000 0.00283308
0.38480000 0.00285867
0.38485000 0.00288452
0.38490000 0.00291064
0.38495000 0.00293702
0.38500000 0.00296366
0.38505000 0.00299057
0.38510000 0.00301774
0.38515000 0.00304517
0.38520000 0.00307286
0.38525000 0.00310082
0.38530000 0.00312904
0.38535000 0.00315752
0.38540000 0.00318627
0.38545000 0.00321527
0.38550000 0.00324455
0.38555000 0.00327408
0.38560000 0.00330388
0.38565000 0.00333394
0.38570000 0.00336426
0.38575000 0.00339485
0.38580000 0.00342570
0.38585000 0.00345681
0.38590000 0.00348819
0.38595000 0.00351982
0.38600000 0.00355173
0.38605000 0.00358389
0.38610000 0.00361632
0.38615000 0.00364901
0.38620000 0.00368197
0.38625000 0.00371518
0.38630000 0.00374867
0.38635000 0.00378241
0.38640000 0.00381642
0.38645000 0.00385069
0.38650000 0.00388523
0.38655000 0.00392002
0.38660000 0.00395508
0.38665000 0.00399041
0.38670000 0.00402600
0.38675000 0.00406185
0.38680000 0.00409797
0.38685000 0.00413434
0.38690000 0.00417099
0.38695000 0.00420789
0.38700000 0.00424506
0.38705000 0.00428249
0.38710000 0.00432019
0.38715000 0.00435815
0.38720000 0.00439638
0.38725000 0.00443486
0.38730000 0.00447361
0.38735000 0.00451263
0.38740000 0.00455191
0.38745000 0.00459145
0.38750000 0.00463126
0.38755000 0.00467132
0.38760000 0.00471166
0.38765000 0.00475226
0.38770000 0.00479312
0.38775000 0.00483424
0.38780000 0.00487563
0.38785000 0.00491728
0.38790000 0.00495920
0.38795000 0.00500138
0.38800000 0.00504382
0.38805000 0.00508653
0.38810000 0.00512950
0.38815000 0.00517274
0.38820000 0.00521624
0.38825000 0.00526000
0.38830000 0.00530403
0.38835000 0.00534833
0.38840000 0.00539288
0.38845000 0.00543770
0.38850000 0.00548279
0.38855000 0.00552813
0.38860000 0.00557375
0.38865000 0.00561962
0.38870000 0.00566576
0.38875000 0.00571217
0.38880000 0.00575884
0.38885000 0.00580577
0.38890000 0.00585297
0.38895000 0.00590043
0.38900000 0.00594816
0.38905000 0.00599615
0.38910000 0.00604440
0.38915000 0.00609292
0.38920000 0.00614171
0.38925000 0.00619075
0.38930000 0.00624007
0.38935000 0.00628964
0.38940000 0.00633948
0.38945000 0.00638959
0.38950000 0.00643996
0.38955000 0.00649059
0.38960000 0.00654149
0.38965000 0.00659266
0.38970000 0.00664408
0.38975000 0.00669578
0.38980000 0.00674773
0.38985000 0.00679995
0.38990000 0.00685244
0.38995000 0.00690519
0.39000000 0.00695820
0.39005000 0.00701148
0.39010000 0.00706503
0.39015000 0.00711884
0.39020000 0.00717291
0.39025000 0.00722725
0.39030000 0.00728185
0.39035000 0.00733672
0.39040000 0.00739185
0.39045000 0.00744725
0.39050000 0.00750291
0.39055000 0.00755883
0.39060000 0.00761503
0.39065000 0.00767148
0.39070000 0.00772820
0.39075000 0.00778519
0.39080000 0.00784244
0.39085000 0.00789995
0.39090000 0.00795773
0.39095000 0.00801578
0.39100000 0.00807409
0.39105000 0.00813266
0.39110000 0.00819150
0.39115000 0.00825061
0.39120000 0.00830998
0.39125000 0.00836961
0.39130000 0.00842951
0.39135000 0.00848967
0.39140000 0.00855010
0.39145000 0.00861080
0.39150000 0.00867176
0.39155000 0.00873298
0.39160000 0.00879447
0.39165000 0.00885623
0.39170000 0.00891825
0.39175000 0.00898053
0.39180000 0.00904308
0.39185000 0.00910590
0.39190000 0.00916898
0.39195000 0.00923232
0.39200000 0.00929593
0.39205000 0.00935981
0.39210000 0.00942395
0.39215000 0.00938680
0.39220000 0.00933084
0.39225000 0.00927512
0.39230000 0.00921965
0.39235000 0.00916443
0.39240000 0.00910945
0.39245000 0.00905472
0.39250000 0.00900023
0.39255000 0.00894599
0.39260000 0.00889200
0.39265000 0.00883825
0.39270000 0.00878474
0.39275000 0.00873149
0.39280000 0.00867848
0.39285000 0.00862571
0.39290000 0.00857320
0.39295000 0.00852092
0.39300000 0.00846890
0.39305000 0.00841712
0.39310000 0.00836559
0.39315000 0.00831430
0.39320000 0.00826326
0.39325000 0.00821246
0.39330000 0.00816191
0.39335000 0.00811161
0.39340000 0.00806155
0.39345000 0.00801174
0.39350000 0.00796218
0.39355000 0.00791286
0.39360000 0.00786379
0.39365000 0.00781497
0.39370000 0.00776639
0.39375000 0.00771806
0.39380000 0.00766997
0.39385000 0.00762213
0.39390000 0.00757454
0.39395000 0.00752719
0.39400000 0.00748009
0.39405000 0.00743324
0.39410000 0.00738663
0.39415000 0.00734027
0.39420000 0.00729415
0.39425000 0.00724828
0.39430000 0.00720266
0.39435000 0.00715729
0.39440000 0.00711216
0.39445000 0.00706728
0.39450000 0.00702264
0.39455000 0.00697825
0.39460000 0.00693411
0.39465000 0.00689021
0.39470000 0.00684657
0.39475000 0.00680316
0.39480000 0.00676001
0.39485000 0.00671710
0.39490000 0.00667444
0.39495000 0.00663202
0.39500000 0.00658985
0.39505000 0.00654793
0.39510000 0.00650625
0.39515000 0.00646482
0.39520000 0.00642364
0.39525000 0.00638271
0.39530000 0.00634202
0.39535000 0.00630157
0.39540000 0.00626138
0.39545000 0.00622143
0.39550000 0.00618173
0.39555000 0.00614228
0.39560000 0.00610307
0.39565000 0.00606411
0.39570000 0.00602539
0.39575000 0.00598693
0.39580000 0.00594871
0.39585000 0.00591073
0.39590000 0.00587301
0.39595000 0.00583553
0.39600000 0.00579829
0.39605000 0.00576131
0.39610000 0.00572457
0.39615000 0.00568808
0.39620000 0.00565183
0.39625000 0.00561584
0.39630000 0.00558009
0.39635000 0.00554458
0.39640000 0.00550933
0.39645000 0.00547432
0.39650000 0.00543955
0.39655000 0.00540504
0.39660000 0.00537077
0.39665000 0.00533675
0.39670000 0.00530298
0.39675000 0.00526945
0.39680000 0.00523617
0.39685000 0.00520314
0.39690000 0.00517035
0.39695000 0.00513781
0.39700000 0.00510552
0.39705000 0.00507348
0.39710000 0.00504168
0.39715000 0.00501013
0.39720000 0.00497883
0.39725000 0.00494778
0.39730000 0.00491697
0.39735000 0.00488641
0.39740000 0.00485610
0.39745000 0.00482603
0.39750000 0.00479621
0.39755000 0.00476664
0.39760000 0.00473732
0.39765000 0.00470824
0.39770000 0.00467941
0.39775000 0.00465083
0.39780000 0.00462250
0.39785000 0.00459441
0.39790000 0.00456657
0.39795000 0.00453898
0.39800000 0.00451164
0.39805000 0.00448454
0.39810000 0.00445769
0.39815000 0.00443109
0.39820000 0.00440473
0.39825000 0.00437862
0.39830000 0.00435276
0.39835000 0.00432715
0.39840000 0.00430179
0.39845000 0.00427667
0.39850000 0.00425180
0.39855000 0.00422718
0.39860000 0.00420280
0.39865000 0.00417868
0.39870000 0.00415480
0.39875000 0.00413117
0.39880000 0.00410778
0.39885000 0.00408464
0.39890000 0.00406175
0.39895000 0.00403911
0.39900000 0.00401672
0.39905000 0.00399457
0.39910000 0.00397267
0.39915000 0.00395102
0.39920000 0.00392962
0.39925000 0.00390846
0.39930000 0.00388756
0.39935000 0.00386690
0.39940000 0.00384648
0.39945000 0.00382632
0.39950000 0.00380640
0.39955000 0.00378673
0.39960000 0.00376731
0.39965000 0.00374814
0.39970000 0.00372921
0.39975000 0.00371053
0.39980000 0.00369210
0.39985000 0.00367392
0.39990000 0.00365598
0.39995000 0.00363829
0.40000000 0.00362085
0.40005000 0.00360366
0.40010000 0.00358672
0.40015000 0.00357002
0.40020000 0.00355357
0.40025000 0.00353737
0.40030000 0.00352142
0.40035000 0.00350572
0.40040000 0.00349026
0.40045000 0.00347505
0.40050000 0.00346009
0.40055000 0.00344537
0.40060000 0.00343091
0.40065000 0.00341669
0.40070000 0.00340272
0.40075000 0.00338900
0.40080000 0.00337553
0.40085000 0.00336230
0.40090000 0.00334932
0.40095000 0.00333659
0.40100000 0.00332411
0.40105000 0.00331188
0.40110000 0.00329989
0.40115000 0.00328815
0.40120000 0.00327666
0.40125000 0.00326542
0.40130000 0.00325443
0.40135000 0.00324368
0.40140000 0.00323318
0.40145000 0.00322293
0.40150000 0.00321293
0.40155000 0.00320318
0.40160000 0.00319367
0.40165000 0.00318441
0.40170000 0.00317540
0.40175000 0.00316664
0.40180000 0.00315813
0.40185000 0.00314986
0.40190000 0.00314185
0.40195000 0.00313408
0.40200000 0.00312656
0.40205000 0.00311928
0.40210000 0.00311226
0.40215000 0.00310548
0.40220000 0.00309895
0.40225000 0.00309267
0.40230000 0.00308664
0.40235000 0.00308085
0.40240000 0.00307532
0.40245000 0.00307003
0.40250000 0.00306499
0.40255000 0.00306020
0.40260000 0.00305566
0.40265000 0.00305136
0.40270000 0.00304731
0.40275000 0.00304351
0.40280000 0.00303996
0.40285000 0.00303666
0.40290000 0.00303361
0.40295000 0.00303080
0.40300000 0.00302824
0.40305000 0.00302593
0.40310000 0.00302387
0.40315000 0.00302206
0.40320000 0.00302049
0.40325000 0.00301918
0.40330000 0.00301811
0.40335000 0.00301729
0.40340000 0.00301672
0.40345000 0.00301639
0.40350000 0.00301632
0.40355000 0.00301649
0.40360000 0.00301691
0.40365000 0.00301758
0.40370000 0.00301850
0.40375000 0.00301966
0.40380000 0.00302108
0.40385000 0.00302274
0.40390000 0.00302465
0.40395000 0.00302681
0.40400000 0.00302922
0.40405000 0.00303188
0.40410000 0.00303478
0.40415000 0.00303793
0.40420000 0.00304133
0.40425000 0.00304498
0.40430000 0.00304888
0.40435000 0.00305303
0.40440000 0.00305742
0.40445000 0.00306206
0.40450000 0.00306695
0.40455000 0.00307209
0.40460000 0.00307748
0.40465000 0.00308312
0.40470000 0.00308900
0.40475000 0.00309513
0.40480000 0.00310152
0.40485000 0.00310815
0.40490000 0.00311502
0.40495000 0.00312215
0.40500000 0.00312953
0.40505000 0.00313715
0.40510000 0.00314502
0.40515000 0.00315314
0.40520000 0.00316151
0.40525000 0.00317013
0.40530000 0.00317899
0.40535000 0.00318811
0.40540000 0.00319747
0.40545000 0.00320708
0.40550000 0.00321694
0.40555000 0.00322704
0.40560000 0.00323740
0.40565000 0.00324801
0.40570000 0.00325886
0.40575000 0.00326996
0.40580000 0.00328131
0.40585000 0.00329291
0.40590000 0.00330475
0.40595000 0.00331685
0.40600000 0.00332919
0.40605000 0.00334178
0.40610000 0.00335463
0.40615000 0.00336771
0.40620000 0.00338105
0.40625000 0.00339464
0.40630000 0.00340847
0.40635000 0.00342255
0.40640000 0.00343689
0.40645000 0.00345147
0.40650000 0.00346629
0.40655000 0.00348137
0.40660000 0.00349670
0.40665000 0.00351227
0.40670000 0.00352809
0.40675000 0.00354416
0.40680000 0.00356048
0.40685000 0.00357705
0.40690000 0.00359387
0.40695000 0.00361093
0.40700000 0.00362824
0.40705000 0.00364581
0.40710000 0.00366362
0.40715000 0.00368168
0.40720000 0.00369998
0.40725000 0.00371854
0.40730000 0.00373734
0.40735000 0.00375640
0.40740000 0.00377570
0.40745000 0.00379525
0.40750000 0.00381504
0.40755000 0.00383509
0.40760000 0.00385539
0.40765000 0.00387593
0.40770000 0.00389672
0.40775000 0.00391776
0.40780000 0.00393905
0.40785000 0.00396059
0.40790000 0.00398238
0.40795000 0.00400441
0.40800000 0.00402670
0.40805000 0.00404923
0.40810000 0.00407201
0.40815000 0.00409504
0.40820000 0.00411832
0.40825000 0.00414184
0.40830000 0.00416562
0.40835000 0.00418964
0.40840000 0.00421391
0.40845000 0.00423843
0.40850000 0.00426320
0.40855000 0.00428822
0.40860000 0.00431348
0.40865000 0.00433900
0.40870000 0.00436476
0.40875000 0.00439077
0.40880000 0.00441703
0.40885000 0.00444354
0.40890000 0.00447030
0.40895000 0.00449730
0.40900000 0.00452456
0.40905000 0.00455206
0.40910000 0.00457981
0.40915000 0.00460781
0.40920000 0.00463606
0.40925000 0.00466455
0.40930000 0.00469330
0.40935000 0.00472229
0.40940000 0.00475153
0.40945000 0.00478102
0.40950000 0.00481076
0.40955000 0.00484075
0.40960000 0.00487099
0.40965000 0.00490147
0.40970000 0.00493221
0.40975000 0.00496319
0.40980000 0.00499442
0.40985000 0.00502590
0.40990000 0.00505762
0.40995000 0.00508960
0.41000000 0.00512182
0.41005000 0.00515430
0.41010000 0.00518702
0.41015000 0.00521999
0.41020000 0.00525320
0.41025000 0.00528667
0.41030000 0.00532039
0.41035000 0.00535435
0.41040000 0.00538856
0.41045000 0.00542302
0.41050000 0.00545773
0.41055000 0.00549269
0.41060000 0.00552790
0.41065000 0.00556335
0.41070000 0.00559905
0.41075000 0.00563500
0.41080000 0.00567120
0.41085000 0.00570765
0.41090000 0.00574435
0.41095000 0.00578129
0.41100000 0.00581849
0.41105000 0.00585593
0.41110000 0.00589362
0.41115000 0.00593156
0.41120000 0.00596975
0.41125000 0.00600818
0.41130000 0.00604687
0.41135000 0.00608580
0.41140000 0.00612498
0.41145000 0.00616441
0.41150000 0.00620409
0.41155000 0.00624402
0.41160000 0.00628419
0.41165000 0.00632462
0.41170000 0.00636529
0.41175000 0.00640621
0.41180000 0.00644738
0.41185000 0.00648879
0.41190000 0.00653046
0.41195000 0.00657237
0.41200000 0.00661454
0.41205000 0.00665695
0.41210000 0.00669961
0.41215000 0.00674251
0.41220000 0.00678567
0.41225000 0.00682907
0.41230000 0.00687273
0.41235000 0.00691663
0.41240000 0.00696078
0.41245000 0.00700518
0.41250000 0.00704982
0.41255000 0.00709472
0.41260000 0.00713986
0.41265000 0.00718525
0.41270000 0.00723089
0.41275000 0.00727678
0.41280000 0.00732292
0.41285000 0.00736930
0.41290000 0.00741593
0.41295000 0.00746281
0.41300000 0.00750994
0.41305000 0.00755732
0.41310000 0.00760495
0.41315000 0.00765282
0.41320000 0.00770095
0.41325000 0.00774932
0.41330000 0.00779794
0.41335000 0.00784680
0.41340000 0.00789592
0.41345000 0.00794528
0.41350000 0.00799490
0.41355000 0.00804476
0.41360000 0.00809487
0.41365000 0.00814522
0.41370000 0.00819583
0.41375000 0.00824668
0.41380000 0.00829779
0.41385000 0.00834914
0.41390000 0.00840073
0.41395000 0.00845258
0.41400000 0.00850468
0.41405000 0.00855702
0.41410000 0.00860961
0.41415000 0.00866245
0.41420000 0.00871554
0.41425000 0.00876888
0.41430000 0.00882246
0.41435000 0.00887629
0.41440000 0.00893037
0.41445000 0.00898470
0.41450000 0.00903928
0.41455000 0.00909410
0.41460000 0.00914918
0.41465000 0.00920450
0.41470000 0.00926007
0.41475000 0.00931589
0.41480000 0.00937195
0.41485000 0.00942827
0.41490000 0.00948483
0.41495000 0.00954164
0.41500000 0.00959870
0.41505000 0.00965600
0.41510000 0.00971356
0.41515000 0.00977136
0.41520000 0.00982941
0.41525000 0.00988771
0.41530000 0.00994626
0.41535000 0.01000505
0.41540000 0.01006409
0.41545000 0.01012339
0.41550000 0.01018292
0.41555000 0.01024271
0.41560000 0.01030275
0.41565000 0.01036303
0.41570000 0.01042356
0.41575000 0.01048434
0.41580000 0.01054537
0.41585000 0.01054087
0.41590000 0.01048701
0.41595000 0.01043337
0.41600000 0.01037998
0.41605000 0.01032682
0.41610000 0.01027389
0.41615000 0.01022120
0.41620000 0.01016875
0.41625000 0.01011654
0.41630000 0.01006455
0.41635000 0.01001281
0.41640000 0.00996130
0.41645000 0.00991003
0.41650000 0.00985899
0.41655000 0.00980819
0.41660000 0.00975763
0.41665000 0.00970730
0.41670000 0.00965721
0.41675000 0.00960735
0.41680000 0.00955773
0.41685000 0.00950835
0.41690000 0.00945920
0.41695000 0.00941029
0.41700000 0.00936161
0.41705000 0.00931317
0.41710000 0.00926497
0.41715000 0.00921700
0.41720000 0.00916926
0.41725000 0.00912177
0.41730000 0.00907451
0.41735000 0.00902748
0.41740000 0.00898069
0.41745000 0.00893414
0.41750000 0.00888782
0.41755000 0.00884174
0.41760000 0.00879590
0.41765000 0.00875029
0.41770000 0.00870491
0.41775000 0.00865978
0.41780000 0.00861488
0.41785000 0.00857021
0.41790000 0.00852578
0.41795000 0.00848159
0.41800000 0.00843763
0.41805000 0.00839391
0.41810000 0.00835042
0.41815000 0.00830717
0.41820000 0.00826415
0.41825000 0.00822138
0.41830000 0.00817883
0.41835000 0.00813653
0.41840000 0.00809445
0.41845000 0.00805262
0.41850000 0.00801102
0.41855000 0.00796965
0.41860000 0.00792853
0.41865000 0.00788763
0.41870000 0.00784698
0.41875000 0.00780656
0.41880000 0.00776637
0.41885000 0.00772642
0.41890000 0.00768671
0.41895000 0.00764723
0.41900000 0.00760799
0.41905000 0.00756899
0.41910000 0.00753022
0.41915000 0.00749168
0.41920000 0.00745338
0.41925000 0.00741532
0.41930000 0.00737749
0.41935000 0.00733990
0.41940000 0.00730255
0.41945000 0.00726543
0.41950000 0.00722854
0.41955000 0.00719189
0.41960000 0.00715548
0.41965000 0.00711930
0.41970000 0.00708336
0.41975000 0.00704766
0.41980000 0.00701219
0.41985000 0.00697695
0.41990000 0.00694195
0.41995000 0.00690719
0.42000000 0.00687266
0.42005000 0.00683837
0.42010000 0.00680431
0.42015000 0.00677049
0.42020000 0.00673691
0.42025000 0.00670356
0.42030000 0.00667044
0.42035000 0.00663757
0.42040000 0.00660492
0.42045000 0.00657252
0.42050000 0.00654034
0.42055000 0.00650841
0.42060000 0.00647671
0.42065000 0.00644524
0.42070000 0.00641401
0.42075000 0.00638302
0.42080000 0.00635226
0.42085000 0.00632174
0.42090000 0.00629145
0.42095000 0.00626140
0.42100000 0.00623158
0.42105000 0.00620200
0.42110000 0.00617266
0.42115000 0.00614355
0.42120000 0.00611468
0.42125000 0.00608604
0.42130000 0.00605763
0.42135000 0.00602947
0.42140000 0.00600153
0.42145000 0.00597384
0.42150000 0.00594637
0.42155000 0.00591915
0.42160000 0.00589216
0.42165000 0.00586540
0.42170000 0.00583888
0.42175000 0.00581260
0.42180000 0.00578655
0.42185000 0.00576073
0.42190000 0.00573516
0.42195000 0.00570981
0.42200000 0.00568471
0.42205000 0.00565983
0.42210000 0.00563520
0.42215000 0.00561079
0.42220000 0.00558663
0.42225000 0.00556270
0.42230000 0.00553900
0.42235000 0.00551554
0.42240000 0.00549231
0.42245000 0.00546932
0.42250000 0.00544657
0.42255000 0.00542405
0.42260000 0.00540177
0.42265000 0.00537972
0.42270000 0.00535790
0.42275000 0.00533632
0.42280000 0.00531498
0.42285000 0.00529387
0.42290000 0.00527300
0.42295000 0.00525236
0.42300000 0.00523196
0.42305000 0.00521179
0.42310000 0.00519186
0.42315000 0.00517216
0.42320000 0.00515270
0.42325000 0.00513347
0.42330000 0.00511448
0.42335000 0.00509572
0.42340000 0.00507720
0.42345000 0.00505891
0.42350000 0.00504086
0.42355000 0.00502304
0.42360000 0.00500546
0.42365000 0.00498811
0.42370000 0.00497100
0.42375000 0.00495413
0.42380000 0.00493748
0.42385000 0.00492108
0.42390000 0.00490491
0.42395000 0.00488897
0.42400000 0.00487327
0.42405000 0.00485780
0.42410000 0.00484257
0.42415000 0.00482757
0.42420000 0.00481281
0.42425000 0.00479828
0.42430000 0.00478399
0.42435000 0.00476993
0.42440000 0.00475611
0.42445000 0.00474252
0.42450000 0.00472917
0.42455000 0.00471605
0.42460000 0.00470317
0.42465000 0.00469052
0.42470000 0.00467811
0.42475000 0.00466593
0.42480000 0.00465398
0.42485000 0.00464227
0.42490000 0.00463080
0.42495000 0.00461956
0.42500000 0.00460855
0.42505000 0.00459778
0.42510000 0.00458725
0.42515000 0.00457695
0.42520000 0.00456688
0.42525000 0.00455705
0.42530000 0.00454745
0.42535000 0.00453809
0.42540000 0.00452896
0.42545000 0.00452007
0.42550000 0.00451141
0.42555000 0.00450299
0.42560000 0.00449480
0.42565000 0.00448685
0.42570000 0.00447913
0.42575000 0.00447164
0.42580000 0.00446439
0.42585000 0.00445737
0.42590000 0.00445059
0.42595000 0.00444404
0.42600000 0.00443773
0.42605000 0.00443165
0.42610000 0.00442581
0.42615000 0.00442020
0.42620000 0.00441483
0.42625000 0.00440968
0.42630000 0.00440478
0.42635000 0.00440011
0.42640000 0.00439567
0.42645000 0.00439147
0.42650000 0.00438750
0.42655000 0.00438376
0.42660000 0.00438026
0.42665000 0.00437700
0.42670000 0.00437397
0.42675000 0.00437117
0.42680000 0.00436861
0.42685000 0.00436628
0.42690000 0.00436419
0.42695000 0.00436233
0.42700000 0.00436070
0.42705000 0.00435931
0.42710000 0.00435815
0.42715000 0.00435723
0.42720000 0.00435654
0.42725000 0.00435609
0.42730000 0.00435587
0.42735000 0.00435588
0.42740000 0.00435613
0.42745000 0.00435661
0.42750000 0.00435733
0.42755000 0.00435828
0.42760000 0.00435946
0.42765000 0.00436088
0.42770000 0.00436253
0.42775000 0.00436442
0.42780000 0.00436654
0.42785000 0.00436890
0.42790000 0.00437148
0.42795000 0.00437431
0.42800000 0.00437736
0.42805000 0.00438065
0.42810000 0.00438418
0.42815000 0.00438794
0.42820000 0.00439193
0.42825000 0.00439616
0.42830000 0.00440062
0.42835000 0.00440531
0.42840000 0.00441024
0.42845000 0.00441540
0.42850000 0.00442079
0.42855000 0.00442642
0.42860000 0.00443229
0.42865000 0.00443838
0.42870000 0.00444471
0.42875000 0.00445128
0.42880000 0.00445808
0.42885000 0.00446511
0.42890000 0.00447237
0.42895000 0.00447987
0.42900000 0.00448761
0.42905000 0.00449557
0.42910000 0.00450377
0.42915000 0.00451221
0.42920000 0.00452087
0.42925000 0.00452977
0.42930000 0.00453891
0.42935000 0.00454828
0.42940000 0.00455788
0.42945000 0.00456771
0.42950000 0.00457778
0.42955000 0.00458808
0.42960000 0.00459862
0.42965000 0.00460939
0.42970000 0.00462039
0.42975000 0.00463163
0.42980000 0.00464310
0.42985000 0.00465480
0.42990000 0.00466674
0.42995000 0.00467891
0.43000000 0.00469131
0.43005000 0.00470395
0.43010000 0.00471682
0.43015000 0.00472992
0.43020000 0.00474326
0.43025000 0.00475682
0.43030000 0.00477063
0.43035000 0.00478466
0.43040000 0.00479893
0.43045000 0.00481344
0.43050000 0.00482817
0.43055000 0.00484314
0.43060000 0.00485834
0.43065000 0.00487378
0.43070000 0.00488945
0.43075000 0.00490535
0.43080000 0.00492148
0.43085000 0.00493785
0.43090000 0.00495445
0.43095000 0.00497128
0.43100000 0.00498835
0.43105000 0.00500565
0.43110000 0.00502318
0.43115000 0.00504095
0.43120000 0.00505895
0.43125000 0.00507718
0.43130000 0.00509564
0.43135000 0.00511434
0.43140000 0.00513327
0.43145000 0.00515244
0.43150000 0.00517183
0.43155000 0.00519146
0.43160000 0.00521132
0.43165000 0.00523142
0.43170000 0.00525175
0.43175000 0.00527231
0.43180000 0.00529310
0.43185000 0.00531412
0.43190000 0.00533538
0.43195000 0.00535687
0.43200000 0.00537860
0.43205000 0.00540055
0.43210000 0.00542274
0.43215000 0.00544516
0.43220000 0.00546782
0.43225000 0.00549071
0.43230000 0.00551383
0.43235000 0.00553718
0.43240000 0.00556076
0.43245000 0.00558458
0.43250000 0.00560863
0.43255000 0.00563291
0.43260000 0.00565743
0.43265000 0.00568217
0.43270000 0.00570715
0.43275000 0.00573236
0.43280000 0.00575781
0.43285000 0.00578348
0.43290000 0.00580939
0.43295000 0.00583553
0.43300000 0.00586191
0.43305000 0.00588851
0.43310000 0.00591535
0.43315000 0.00594242
0.43320000 0.00596973
0.43325000 0.00599726
0.43330000 0.00602503
0.43335000 0.00605303
0.43340000 0.00608126
0.43345000 0.00610972
0.43350000 0.00613842
0.43355000 0.00616735
0.43360000 0.00619650
0.43365000 0.00622590
0.43370000 0.00625552
0.43375000 0.00628538
0.43380000 0.00631546
0.43385000 0.00634578
0.43390000 0.00637634
0.43395000 0.00640712
0.43400000 0.00643814
0.43405000 0.00646938
0.43410000 0.00650086
0.43415000 0.00653258
0.43420000 0.00656452
0.43425000 0.00659669
0.43430000 0.00662910
0.43435000 0.00666174
0.43440000 0.00669461
0.43445000 0.00672771
0.43450000 0.00676105
0.43455000 0.00679461
0.43460000 0.00682841
0.43465000 0.00686244
0.43470000 0.00689670
0.43475000 0.00693119
0.43480000 0.00696592
0.43485000 0.00700087
0.43490000 0.00703606
0.43495000 0.00707148
0.43500000 0.00710713
0.43505000 0.00714301
0.43510000 0.00717912
0.43515000 0.00721547
0.43520000 0.00725204
0.43525000 0.00728885
0.43530000 0.00732589
0.43535000 0.00736316
0.43540000 0.00740066
0.43545000 0.00743840
0.43550000 0.00747636
0.43555000 0.00751456
0.43560000 0.00755298
0.43565000 0.00759164
0.43570000 0.00763053
0.43575000 0.00766965
0.43580000 0.00770900
0.43585000 0.00774859
0.43590000 0.00778840
0.43595000 0.00782845
0.43600000 0.00786872
0.43605000 0.00790923
0.43610000 0.00794997
0.43615000 0.00799094
0.43620000 0.00803214
0.43625000 0.00807357
0.43630000 0.00811523
0.43635000 0.00815713
0.43640000 0.00819925
0.43645000 0.00824161
0.43650000 0.00828419
0.43655000 0.00832701
0.43660000 0.00837006
0.43665000 0.00841334
0.43670000 0.00845684
0.43675000 0.00850059
0.43680000 0.00854456
0.43685000 0.00858876
0.43690000 0.00863319
0.43695000 0.00867785
0.43700000 0.00872275
0.43705000 0.00876787
0.43710000 0.00881323
0.43715000 0.00885881
0.43720000 0.00890463
0.43725000 0.00895068
0.43730000 0.00899695
0.43735000 0.00904346
0.43740000 0.00909020
0.43745000 0.00913717
0.43750000 0.00918437
0.43755000 0.00923180
0.43760000 0.00927946
0.43765000 0.00932735
0.43770000 0.00937547
0.43775000 0.00942382
0.43780000 0.00947240
0.43785000 0.00952121
0.43790000 0.00957026
0.43795000 0.00961953
0.43800000 0.00966903
0.43805000 0.00971876
0.43810000 0.00976873
0.43815000 0.00981892
0.43820000 0.00986934
0.43825000 0.00992000
0.43830000 0.00997088
0.43835000 0.01002199
0.43840000 0.01007333
0.43845000 0.01012491
0.43850000 0.01017671
0.43855000 0.01022874
0.43860000 0.01028101
0.43865000 0.01033350
0.43870000 0.01038622
0.43875000 0.01043918
0.43880000 0.01049236
0.43885000 0.01054577
0.43890000 0.01059941
0.43895000 0.01065329
0.43900000 0.01070739
0.43905000 0.01076172
0.43910000 0.01081628
0.43915000 0.01087107
0.43920000 0.01092609
0.43925000 0.01098134
0.43930000 0.01103682
0.43935000 0.01109253
0.43940000 0.01114847
0.43945000 0.01120464
0.43950000 0.01126103
0.43955000 0.01131766
0.43960000 0.01137452
0.43965000 0.01143160
0.43970000 0.01148892
0.43975000 0.01150661
0.43980000 0.01145549
0.43985000 0.01140459
0.43990000 0.01135392
0.43995000 0.01130347
0.44000000 0.01125324
0.44005000 0.01120324
0.44010000 0.01115347
0.44015000 0.01110391
0.44020000 0.01105458
0.44025000 0.01100548
0.44030000 0.01095660
0.44035000 0.01090794
0.44040000 0.01085951
0.44045000 0.01081130
0.44050000 0.01076331
0.44055000 0.01071555
0.44060000 0.01066801
0.44065000 0.01062070
0.44070000 0.01057361
0.44075000 0.01052674
0.44080000 0.01048010
0.44085000 0.01043368
0.44090000 0.01038748
0.44095000 0.01034151
0.44100000 0.01029576
0.44105000 0.01025024
0.44110000 0.01020494
0.44115000 0.01015986
0.44120000 0.01011501
0.44125000 0.01007038
0.44130000 0.01002597
0.44135000 0.00998179
0.44140000 0.00993783
0.44145000 0.00989409
0.44150000 0.00985058
0.44155000 0.00980729
0.44160000 0.00976422
0.44165000 0.00972138
0.44170000 0.00967876
0.44175000 0.00963636
0.44180000 0.00959419
0.44185000 0.00955224
0.44190000 0.00951051
0.44195000 0.00946901
0.44200000 0.00942773
0.44205000 0.00938667
0.44210000 0.00934584
0.44215000 0.00930523
0.44220000 0.00926484
0.44225000 0.00922468
0.44230000 0.00918474
0.44235000 0.00914502
0.44240000 0.00910553
0.44245000 0.00906625
0.44250000 0.00902721
0.44255000 0.00898838
0.44260000 0.00894978
0.44265000 0.00891140
0.44270000 0.00887324
0.44275000 0.00883531
0.44280000 0.00879759
0.44285000 0.00876011
0.44290000 0.00872284
0.44295000 0.00868580
0.44300000 0.00864898
0.44305000 0.00861238
0.44310000 0.00857601
0.44315000 0.00853985
0.44320000 0.00850392
0.44325000 0.00846822
0.44330000 0.00843273
0.44335000 0.00839747
0.44340000 0.00836243
0.44345000 0.00832762
0.44350000 0.00829303
0.44355000 0.00825865
0.44360000 0.00822451
0.44365000 0.00819058
0.44370000 0.00815688
0.44375000 0.00812340
0.44380000 0.00809014
0.44385000 0.00805710
0.44390000 0.00802429
0.44395000 0.00799170
0.44400000 0.00795933
0.44405000 0.00792718
0.44410000 0.00789526
0.44415000 0.00786355
0.44420000 0.00783207
0.44425000 0.00780081
0.44430000 0.00776978
0.44435000 0.00773897
0.44440000 0.00770837
0.44445000 0.00767801
0.44450000 0.00764786
0.44455000 0.00761793
0.44460000 0.00758823
0.44465000 0.00755875
0.44470000 0.00752949
0.44475000 0.00750045
0.44480000 0.00747164
0.44485000 0.00744304
0.44490000 0.00741467
0.44495000 0.00738652
0.44500000 0.00735860
0.44505000 0.00733089
0.44510000 0.00730341
0.44515000 0.00727614
0.44520000 0.00724910
0.44525000 0.00722229
0.44530000 0.00719569
0.44535000 0.00716931
0.44540000 0.00714316
0.44545000 0.00711723
0.44550000 0.00709152
0.44555000 0.00706603
0.44560000 0.00704076
0.44565000 0.00701571
0.44570000 0.00699089
0.44575000 0.00696629
0.44580000 0.00694191
0.44585000 0.00691775
0.44590000 0.00689381
0.44595000 0.00687009
0.44600000 0.00684660
0.44605000 0.00682332
0.44610000 0.00680027
0.44615000 0.00677744
0.44620000 0.00675483
0.44625000 0.00673244
0.44630000 0.00671027
0.44635000 0.00668832
0.44640000 0.00666660
0.44645000 0.00664509
0.44650000 0.00662381
0.44655000 0.00660275
0.44660000 0.00658191
0.44665000 0.00656128
0.44670000 0.00654089
0.44675000 0.00652071
0.44680000 0.00650075
0.44685000 0.00648101
0.44690000 0.00646150
0.44695000 0.00644220
0.44700000 0.00642313
0.44705000 0.00640428
0.44710000 0.00638564
0.44715000 0.00636723
0.44720000 0.00634904
0.44725000 0.00633107
0.44730000 0.00631332
0.44735000 0.00629580
0.44740000 0.00627849
0.44745000 0.00626140
0.44750000 0.00624453
0.44755000 0.00622789
0.44760000 0.00621146
0.44765000 0.00619526
0.44770000 0.00617927
0.44775000 0.00616351
0.44780000 0.00614797
0.44785000 0.00613264
0.44790000 0.00611754
0.44795000 0.00610266
0.44800000 0.00608799
0.44805000 0.00607355
0.44810000 0.00605933
0.44815000 0.00604533
0.44820000 0.00603155
0.44825000 0.00601799
0.44830000 0.00600465
0.44835000 0.00599153
0.44840000 0.00597863
0.44845000 0.00596595
0.44850000 0.00595349
0.44855000 0.00594125
0.44860000 0.00592923
0.44865000 0.00591743
0.44870000 0.00590584
0.44875000 0.00589448
0.44880000 0.00588334
0.44885000 0.00587242
0.44890000 0.00586172
0.44895000 0.00585124
0.44900000 0.00584098
0.44905000 0.00583094
0.44910000 0.00582112
0.44915000 0.00581152
0.44920000 0.00580213
0.44925000 0.00579297
0.44930000 0.00578403
0.44935000 0.00577530
0.44940000 0.00576680
0.44945000 0.00575852
0.44950000 0.00575045
0.44955000 0.00574261
0.44960000 0.00573498
0.44965000 0.00572757
0.44970000 0.00572039
0.44975000 0.00571342
0.44980000 0.00570667
0.44985000 0.00570014
0.44990000 0.00569383
0.44995000 0.00568774
0.45000000 0.00568187
0.45005000 0.00567622
0.45010000 0.00567079
0.45015000 0.00566557
0.45020000 0.00566058
0.45025000 0.00565580
0.45030000 0.00565125
0.45035000 0.00564691
0.45040000 0.00564279
0.45045000 0.00563889
0.45050000 0.00563521
0.45055000 0.00563175
0.45060000 0.00562851
0.45065000 0.00562548
0.45070000 0.00562268
0.45075000 0.00562009
0.45080000 0.00561772
0.45085000 0.00561557
0.45090000 0.00561364
0.45095000 0.00561193
0.45100000 0.00561044
0.45105000 0.00560917
0.45110000 0.00560811
0.45115000 0.00560727
0.45120000 0.00560666
0.45125000 0.00560626
0.45130000 0.00560608
0.45135000 0.00560611
0.45140000 0.00560637
0.45145000 0.00560684
0.45150000 0.00560753
0.45155000 0.00560844
0.45160000 0.00560957
0.45165000 0.00561092
0.45170000 0.00561249
0.45175000 0.00561427
0.45180000 0.00561627
0.45185000 0.00561849
0.45190000 0.00562093
0.45195000 0.00562359
0.45200000 0.00562646
0.45205000 0.00562955
0.45210000 0.00563286
0.45215000 0.00563639
0.45220000 0.00564014
0.45225000 0.00564410
0.45230000 0.00564829
0.45235000 0.00565269
0.45240000 0.00565730
0.45245000 0.00566214
0.45250000 0.00566719
0.45255000 0.00567246
0.45260000 0.00567795
0.45265000 0.00568366
0.45270000 0.00568958
0.45275000 0.00569572
0.45280000 0.00570208
0.45285000 0.00570866
0.45290000 0.00571545
0.45295000 0.00572247
0.45300000 0.00572970
0.45305000 0.00573714
0.45310000 0.00574481
0.45315000 0.00575269
0.45320000 0.00576079
0.45325000 0.00576910
0.45330000 0.00577764
0.45335000 0.00578639
0.45340000 0.00579536
0.45345000 0.00580454
0.45350000 0.00581394
0.45355000 0.00582356
0.45360000 0.00583340
0.45365000 0.00584345
0.45370000 0.00585372
0.45375000 0.00586421
0.45380000 0.00587491
0.45385000 0.00588584
0.45390000 0.00589697
0.45395000 0.00590833
0.45400000 0.00591990
0.45405000 0.00593169
0.45410000 0.00594370
0.45415000 0.00595592
0.45420000 0.00596836
0.45425000 0.00598101
0.45430000 0.00599388
0.45435000 0.00600697
0.45440000 0.00602028
0.45445000 0.00603380
0.45450000 0.00604754
0.45455000 0.00606149
0.45460000 0.00607567
0.45465000 0.00609005
0.45470000 0.00610466
0.45475000 0.00611948
0.45480000 0.00613452
0.45485000 0.00614977
0.45490000 0.00616524
0.45495000 0.00618092
0.45500000 0.00619683
0.45505000 0.00621295
0.45510000 0.00622928
0.45515000 0.00624583
0.45520000 0.00626260
0.45525000 0.00627958
0.45530000 0.00629678
0.45535000 0.00631419
0.45540000 0.00633182
0.45545000 0.00634967
0.45550000 0.00636773
0.45555000 0.00638601
0.45560000 0.00640450
0.45565000 0.00642321
0.45570000 0.00644214
0.45575000 0.00646128
0.45580000 0.00648063
0.45585000 0.00650021
0.45590000 0.00651999
0.45595000 0.00654000
0.45600000 0.00656022
0.45605000 0.00658065
0.45610000 0.00660130
0.45615000 0.00662217
0.45620000 0.00664325
0.45625000 0.00666454
0.45630000 0.00668606
0.45635000 0.00670778
0.45640000 0.00672972
0.45645000 0.00675188
0.45650000 0.00677425
0.45655000 0.00679684
0.45660000 0.00681964
0.45665000 0.00684266
0.45670000 0.00686590
0.45675000 0.00688934
0.45680000 0.00691301
0.45685000 0.00693688
0.45690000 0.00696098
0.45695000 0.00698529
0.45700000 0.00700981
0.45705000 0.00703455
0.45710000 0.00705950
0.45715000 0.00708467
0.45720000 0.00711005
0.45725000 0.00713564
0.45730000 0.00716146
0.45735000 0.00718748
0.45740000 0.00721372
0.45745000 0.00724018
0.45750000 0.00726685
0.45755000 0.00729373
0.45760000 0.00732083
0.45765000 0.00734814
0.45770000 0.00737567
0.45775000 0.00740341
0.45780000 0.00743137
0.45785000 0.00745954
0.45790000 0.00748792
0.45795000 0.00751652
0.45800000 0.00754533
0.45805000 0.00757436
0.45810000 0.00760360
0.45815000 0.00763306
0.45820000 0.00766272
0.45825000 0.00769261
0.45830000 0.00772271
0.45835000 0.00775302
0.45840000 0.00778354
0.45845000 0.00781428
0.45850000 0.00784523
0.45855000 0.00787640
0.45860000 0.00790778
0.45865000 0.00793937
0.45870000 0.00797118
0.45875000 0.00800320
0.45880000 0.00803544
0.45885000 0.00806789
0.45890000 0.00810055
0.45895000 0.00813342
0.45900000 0.00816651
0.45905000 0.00819981
0.45910000 0.00823333
0.45915000 0.00826706
0.45920000 0.00830100
0.45925000 0.00833516
0.45930000 0.00836953
0.45935000 0.00840411
0.45940000 0.00843891
0.45945000 0.00847391
0.45950000 0.00850914
0.45955000 0.00854457
0.45960000 0.00858022
0.45965000 0.00861608
0.45970000 0.00865215
0.45975000 0.00868844
0.45980000 0.00872494
0.45985000 0.00876165
0.45990000 0.00879858
0.45995000 0.00883572
0.46000000 0.00887307
0.46005000 0.00891063
0.46010000 0.00894841
0.46015000 0.00898640
0.46020000 0.00902460
0.46025000 0.00906301
0.46030000 0.00910164
0.46035000 0.00914048
0.46040000 0.00917953
0.46045000 0.00921879
0.46050000 0.00925827
0.46055000 0.00929796
0.46060000 0.00933786
0.46065000 0.00937797
0.46070000 0.00941830
0.46075000 0.00945884
0.46080000 0.00949959
0.46085000 0.00954055
0.46090000 0.00958172
0.46095000 0.00962311
0.46100000 0.00966471
0.46105000 0.00970652
0.46110000 0.00974854
0.46115000 0.00979077
0.46120000 0.00983322
0.46125000 0.00987588
0.46130000 0.00991875
0.46135000 0.00996183
0.46140000 0.01000512
0.46145000 0.01004863
0.46150000 0.01009234
0.46155000 0.01013627
0.46160000 0.01018041
0.46165000 0.01022476
0.46170000 0.01026933
0.46175000 0.01031410
0.46180000 0.01035908
0.46185000 0.01040428
0.46190000 0.01044969
0.46195000 0.01049531
0.46200000 0.01054114
0.46205000 0.01058718
0.46210000 0.01063344
0.46215000 0.01067990
0.46220000 0.01072658
0.46225000 0.01077346
0.46230000 0.01082056
0.46235000 0.01086787
0.46240000 0.01091539
0.46245000 0.01096312
0.46250000 0.01101106
0.46255000 0.01105921
0.46260000 0.01110757
0.46265000 0.01115615
0.46270000 0.01120493
0.46275000 0.01125393
0.46280000 0.01130313
0.46285000 0.01135255
0.46290000 0.01140218
0.46295000 0.01145201
0.46300000 0.01150206
0.46305000 0.01155232
0.46310000 0.01160279
0.46315000 0.01165347
0.46320000 0.01170436
0.46325000 0.01175546
0.46330000 0.01180677
0.46335000 0.01185829
0.46340000 0.01191002
0.46345000 0.01196196
0.46350000 0.01201411
0.46355000 0.01206647
0.46360000 0.01211904
0.46365000 0.01217183
0.46370000 0.01222482
0.46375000 0.01227802
0.46380000 0.01229611
0.46385000 0.01224823
0.46390000 0.01220056
0.46395000 0.01215310
0.46400000 0.01210585
0.46405000 0.01205882
0.46410000 0.01201199
0.46415000 0.01196537
0.46420000 0.01191897
0.46425000 0.01187277
0.46430000 0.01182678
0.46435000 0.01178101
0.46440000 0.01173544
0.46445000 0.01169009
0.46450000 0.01164494
0.46455000 0.01160001
0.46460000 0.01155528
0.46465000 0.01151077
0.46470000 0.01146646
0.46475000 0.01142237
0.46480000 0.01137848
0.46485000 0.01133480
0.46490000 0.01129134
0.46495000 0.01124808
0.46500000 0.01120504
0.46505000 0.01116220
0.46510000 0.01111957
0.46515000 0.01107716
0.46520000 0.01103495
0.46525000 0.01099295
0.46530000 0.01095116
0.46535000 0.01090958
0.46540000 0.01086821
0.46545000 0.01082705
0.46550000 0.01078610
0.46555000 0.01074536
0.46560000 0.01070483
0.46565000 0.01066451
0.46570000 0.01062440
0.46575000 0.01058449
0.46580000 0.01054480
0.46585000 0.01050531
0.46590000 0.01046603
0.46595000 0.01042697
0.46600000 0.01038811
0.46605000 0.01034946
0.46610000 0.01031102
0.46615000 0.01027279
0.46620000 0.01023476
0.46625000 0.01019695
0.46630000 0.01015935
0.46635000 0.01012195
0.46640000 0.01008476
0.46645000 0.01004778
0.46650000 0.01001101
0.46655000 0.00997445
0.46660000 0.00993810
0.46665000 0.00990196
0.46670000 0.00986602
0.46675000 0.00983029
0.46680000 0.00979478
0.46685000 0.00975947
0.46690000 0.00972436
0.46695000 0.00968947
0.46700000 0.00965479
0.46705000 0.00962031
0.46710000 0.00958604
0.46715000 0.00955198
0.46720000 0.00951813
0.46725000 0.00948449
0.46730000 0.00945105
0.46735000 0.00941782
0.46740000 0.00938480
0.46745000 0.00935199
0.46750000 0.00931939
0.46755000 0.00928699
0.46760000 0.00925480
0.46765000 0.00922282
0.46770000 0.00919105
0.46775000 0.00915949
0.46780000 0.00912813
0.46785000 0.00909698
0.46790000 0.00906604
0.46795000 0.00903531
0.46800000 0.00900478
0.46805000 0.00897446
0.46810000 0.00894435
0.46815000 0.00891445
0.46820000 0.00888475
0.46825000 0.00885527
0.46830000 0.00882599
0.46835000 0.00879691
0.46840000 0.00876805
0.46845000 0.00873939
0.46850000 0.00871093
0.46855000 0.00868269
0.46860000 0.00865465
0.46865000 0.00862682
0.46870000 0.00859920
0.46875000 0.00857178
0.46880000 0.00854457
0.46885000 0.00851757
0.46890000 0.00849078
0.46895000 0.00846419
0.46900000 0.00843781
0.46905000 0.00841163
0.46910000 0.00838566
0.46915000 0.00835990
0.46920000 0.00833435
0.46925000 0.00830900
0.46930000 0.00828386
0.46935000 0.00825892
0.46940000 0.00823420
0.46945000 0.00820967
0.46950000 0.00818536
0.46955000 0.00816125
0.46960000 0.00813735
0.46965000 0.00811365
0.46970000 0.00809016
0.46975000 0.00806688
0.46980000 0.00804380
0.46985000 0.00802093
0.46990000 0.00799827
0.46995000 0.00797581
0.47000000 0.00795356
0.47005000 0.00793151
0.47010000 0.00790967
0.47015000 0.00788803
0.47020000 0.00786661
0.47025000 0.00784538
0.47030000 0.00782437
0.47035000 0.00780356
0.47040000 0.00778295
0.47045000 0.00776255
0.47050000 0.00774236
0.47055000 0.00772237
0.47060000 0.00770259
0.47065000 0.00768301
0.47070000 0.00766364
0.47075000 0.00764447
0.47080000 0.00762551
0.47085000 0.00760676
0.47090000 0.00758821
0.47095000 0.00756987
0.47100000 0.00755173
0.47105000 0.00753379
0.47110000 0.00751607
0.47115000 0.00749854
0.47120000 0.00748123
0.47125000 0.00746411
0.47130000 0.00744721
0.47135000 0.00743050
0.47140000 0.00741401
0.47145000 0.00739771
0.47150000 0.00738163
0.47155000 0.00736574
0.47160000 0.00735007
0.47165000 0.00733459
0.47170000 0.00731932
0.47175000 0.00730426
0.47180000 0.00728940
0.47185000 0.00727475
0.47190000 0.00726030
0.47195000 0.00724605
0.47200000 0.00723201
0.47205000 0.00721818
0.47210000 0.00720454
0.47215000 0.00719112
0.47220000 0.00717789
0.47225000 0.00716488
0.47230000 0.00715206
0.47235000 0.00713945
0.47240000 0.00712705
0.47245000 0.00711484
0.47250000 0.00710285
0.47255000 0.00709105
0.47260000 0.00707946
0.47265000 0.00706808
0.47270000 0.00705690
0.47275000 0.00704592
0.47280000 0.00703515
0.47285000 0.00702458
0.47290000 0.00701421
0.47295000 0.00700405
0.47300000 0.00699409
0.47305000 0.00698434
0.47310000 0.00697478
0.47315000 0.00696544
0.47320000 0.00695629
0.47325000 0.00694735
0.47330000 0.00693862
0.47335000 0.00693008
0.47340000 0.00692175
0.47345000 0.00691363
0.47350000 0.00690570
0.47355000 0.00689798
0.47360000 0.00689047
0.47365000 0.00688315
0.47370000 0.00687604
0.47375000 0.00686913
0.47380000 0.00686243
0.47385000 0.00685593
0.47390000 0.00684963
0.47395000 0.00684353
0.47400000 0.00683764
0.47405000 0.00683195
0.47410000 0.00682646
0.47415000 0.00682118
0.47420000 0.00681610
0.47425000 0.00681122
0.47430000 0.00680654
0.47435000 0.00680207
0.47440000 0.00679780
0.47445000 0.00679373
0.47450000 0.00678987
0.47455000 0.00678620
0.47460000 0.00678274
0.47465000 0.00677948
0.47470000 0.00677643
0.47475000 0.00677357
0.47480000 0.00677092
0.47485000 0.00676847
0.47490000 0.00676622
0.47495000 0.00676418
0.47500000 0.00676234
0.47505000 0.00676069
0.47510000 0.00675926
0.47515000 0.00675802
0.47520000 0.00675698
0.47525000 0.00675615
0.47530000 0.00675552
0.47535000 0.00675509
0.47540000 0.00675486
0.47545000 0.00675483
0.47550000 0.00675501
0.47555000 0.00675538
0.47560000 0.00675596
0.47565000 0.00675674
0.47570000 0.00675772
0.47575000 0.00675891
0.47580000 0.00676029
0.47585000 0.00676188
0.47590000 0.00676366
0.47595000 0.00676565
0.47600000 0.00676784
0.47605000 0.00677023
0.47610000 0.00677282
0.47615000 0.00677561
0.47620000 0.00677861
0.47625000 0.00678180
0.47630000 0.00678520
0.47635000 0.00678879
0.47640000 0.00679259
0.47645000 0.00679659
0.47650000 0.00680079
0.47655000 0.00680519
0.47660000 0.00680979
0.47665000 0.00681459
0.47670000 0.00681959
0.47675000 0.00682479
0.47680000 0.00683020
0.47685000 0.00683580
0.47690000 0.00684160
0.47695000 0.00684761
0.47700000 0.00685381
0.47705000 0.00686022
0.47710000 0.00686682
0.47715000 0.00687363
0.47720000 0.00688063
0.47725000 0.00688784
0.47730000 0.00689525
0.47735000 0.00690285
0.47740000 0.00691066
0.47745000 0.00691866
0.47750000 0.00692687
0.47755000 0.00693527
0.47760000 0.00694388
0.47765000 0.00695268
0.47770000 0.00696169
0.47775000 0.00697089
0.47780000 0.00698030
0.47785000 0.00698990
0.47790000 0.00699971
0.47795000 0.00700971
0.47800000 0.00701991
0.47805000 0.00703031
0.47810000 0.00704091
0.47815000 0.00705172
0.47820000 0.00706272
0.47825000 0.00707391
0.47830000 0.00708531
0.47835000 0.00709691
0.47840000 0.00710871
0.47845000 0.00712070
0.47850000 0.00713290
0.47855000 0.00714529
0.47860000 0.00715788
0.47865000 0.00717068
0.47870000 0.00718367
0.47875000 0.00719686
0.47880000 0.00721024
0.47885000 0.00722383
0.47890000 0.00723762
0.47895000 0.00725160
0.47900000 0.00726578
0.47905000 0.00728016
0.47910000 0.00729474
0.47915000 0.00730952
0.47920000 0.00732450
0.47925000 0.00733967
0.47930000 0.00735505
0.47935000 0.00737062
0.47940000 0.00738639
0.47945000 0.00740236
0.47950000 0.00741852
0.47955000 0.00743489
0.47960000 0.00745145
0.47965000 0.00746821
0.47970000 0.00748517
0.47975000 0.00750232
0.47980000 0.00751968
0.47985000 0.00753723
0.47990000 0.00755498
0.47995000 0.00757293
0.48000000 0.00759107
0.48005000 0.00760941
0.48010000 0.00762795
0.48015000 0.00764669
0.48020000 0.00766563
0.48025000 0.00768476
0.48030000 0.00770409
0.48035000 0.00772362
0.48040000 0.00774334
0.48045000 0.00776326
0.48050000 0.00778338
0.48055000 0.00780370
0.48060000 0.00782421
0.48065000 0.00784493
0.48070000 0.00786583
0.48075000 0.00788694
0.48080000 0.00790824
0.48085000 0.00792974
0.48090000 0.00795143
0.48095000 0.00797333
0.48100000 0.00799541
0.48105000 0.00801770
0.48110000 0.00804018
0.48115000 0.00806286
0.48120000 0.00808574
0.48125000 0.00810881
0.48130000 0.00813208
0.48135000 0.00815554
0.48140000 0.00817920
0.48145000 0.00820306
0.48150000 0.00822712
0.48155000 0.00825137
0.48160000 0.00827581
0.48165000 0.00830046
0.48170000 0.00832530
0.48175000 0.00835033
0.48180000 0.00837556
0.48185000 0.00840099
0.48190000 0.00842661
0.48195000 0.00845243
0.48200000 0.00847844
0.48205000 0.00850465
0.48210000 0.00853106
0.48215000 0.00855766
0.48220000 0.00858446
0.48225000 0.00861145
0.48230000 0.00863864
0.48235000 0.00866603
0.48240000 0.00869361
0.48245000 0.00872138
0.48250000 0.00874935
0.48255000 0.00877752
0.48260000 0.00880588
0.48265000 0.00883443
0.48270000 0.00886318
0.48275000 0.00889213
0.48280000 0.00892127
0.48285000 0.00895061
0.48290000 0.00898014
0.48295000 0.00900987
0.48300000 0.00903979
0.48305000 0.00906990
0.48310000 0.00910022
0.48315000 0.00913072
0.48320000 0.00916142
0.48325000 0.00919232
0.48330000 0.00922341
0.48335000 0.00925469
0.48340000 0.00928617
0.48345000 0.00931784
0.48350000 0.00934971
0.48355000 0.00938177
0.48360000 0.00941403
0.48365000 0.00944648
0.48370000 0.00947912
0.48375000 0.00951196
0.48380000 0.00954500
0.48385000 0.00957822
0.48390000 0.00961164
0.48395000 0.00964526
0.48400000 0.00967907
0.48405000 0.00971307
0.48410000 0.00974727
0.48415000 0.00978166
0.48420000 0.00981624
0.48425000 0.00985102
0.48430000 0.00988599
0.48435000 0.00992116
0.48440000 0.00995652
0.48445000 0.00999207
0.48450000 0.01002781
0.48455000 0.01006375
0.48460000 0.01009988
0.48465000 0.01013621
0.48470000 0.01017273
0.48475000 0.01020944
0.48480000 0.01024635
0.48485000 0.01028345
0.48490000 0.01032074
0.48495000 0.01035822
0.48500000 0.01039590
0.48505000 0.01043377
0.48510000 0.01047183
0.48515000 0.01051009
0.48520000 0.01054854
0.48525000 0.01058718
0.48530000 0.01062601
0.48535000 0.01066504
0.48540000 0.01070426
0.48545000 0.01074367
0.48550000 0.01078327
0.48555000 0.01082307
0.48560000 0.01086306
0.48565000 0.01090324
0.48570000 0.01094362
0.48575000 0.01098418
0.48580000 0.01102494
0.48585000 0.01106589
0.48590000 0.01110703
0.48595000 0.01114837
0.48600000 0.01118989
0.48605000 0.01123161
0.48610000 0.01127352
0.48615000 0.01131562
0.48620000 0.01135792
0.48625000 0.01140040
0.48630000 0.01144308
0.48635000 0.01148595
0.48640000 0.01152901
0.48645000 0.01157226
0.48650000 0.01161570
0.48655000 0.01165934
0.48660000 0.01170316
0.48665000 0.01174718
0.48670000 0.01179139
0.48675000 0.01183579
0.48680000 0.01188038
0.48685000 0.01192516
0.48690000 0.01197013
0.48695000 0.01201530
0.48700000 0.01206065
0.48705000 0.01210620
0.48710000 0.01215194
0.48715000 0.01219786
0.48720000 0.01224398
0.48725000 0.01229029
0.48730000 0.01233679
0.48735000 0.01238348
0.48740000 0.01243036
0.48745000 0.01247744
0.48750000 0.01252470
0.48755000 0.01257215
0.48760000 0.01261979
0.48765000 0.01266763
0.48770000 0.01271565
0.48775000 0.01276386
0.48780000 0.01281227
0.48785000 0.01286086
0.48790000 0.01290965
0.48795000 0.01289904
0.48800000 0.01285483
0.48805000 0.01281081
0.48810000 0.01276699
0.48815000 0.01272336
0.48820000 0.01267993
0.48825000 0.01263669
0.48830000 0.01259365
0.48835000 0.01255081
0.48840000 0.01250816
0.48845000 0.01246570
0.48850000 0.01242344
0.48855000 0.01238138
0.48860000 0.01233951
0.48865000 0.01229784
0.48870000 0.01225636
0.48875000 0.01221508
0.48880000 0.01217399
0.48885000 0.01213309
0.48890000 0.01209240
0.48895000 0.01205189
0.48900000 0.01201158
0.48905000 0.01197147
0.48910000 0.01193155
0.48915000 0.01189182
0.48920000 0.01185229
0.48925000 0.01181296
0.48930000 0.01177382
0.48935000 0.01173487
0.48940000 0.01169612
0.48945000 0.01165756
0.48950000 0.01161920
0.48955000 0.01158103
0.48960000 0.01154305
0.48965000 0.01150527
0.48970000 0.01146769
0.48975000 0.01143030
0.48980000 0.01139310
0.48985000 0.01135609
0.48990000 0.01131928
0.48995000 0.01128267
0.49000000 0.01124624
0.49005000 0.01121002
0.49010000 0.01117398
0.49015000 0.01113814
0.49020000 0.01110249
0.49025000 0.01106704
0.49030000 0.01103178
0.49035000 0.01099671
0.49040000 0.01096184
0.49045000 0.01092716
0.49050000 0.01089267
0.49055000 0.01085838
0.49060000 0.01082428
0.49065000 0.01079038
0.49070000 0.01075666
0.49075000 0.01072314
0.49080000 0.01068982
0.49085000 0.01065668
0.49090000 0.01062374
0.49095000 0.01059100
0.49100000 0.01055844
0.49105000 0.01052608
0.49110000 0.01049391
0.49115000 0.01046193
0.49120000 0.01043015
0.49125000 0.01039856
0.49130000 0.01036716
0.49135000 0.01033596
0.49140000 0.01030494
0.49145000 0.01027412
0.49150000 0.01024350
0.49155000 0.01021306
0.49160000 0.01018282
0.49165000 0.01015277
0.49170000 0.01012291
0.49175000 0.01009324
0.49180000 0.01006377
0.49185000 0.01003449
0.49190000 0.01000540
0.49195000 0.00997650
0.49200000 0.00994780
0.49205000 0.00991928
0.49210000 0.00989096
0.49215000 0.00986283
0.49220000 0.00983489
0.49225000 0.00980715
0.49230000 0.00977959
0.49235000 0.00975223
0.49240000 0.00972506
0.49245000 0.00969808
0.49250000 0.00967129
0.49255000 0.00964469
0.49260000 0.00961828
0.49265000 0.00959207
0.49270000 0.00956605
0.49275000 0.00954022
0.49280000 0.00951458
0.49285000 0.00948913
0.49290000 0.00946387
0.49295000 0.00943880
0.49300000 0.00941393
0.49305000 0.00938924
0.49310000 0.00936475
0.49315000 0.00934044
0.49320000 0.00931633
0.49325000 0.00929241
0.49330000 0.00926868
0.49335000 0.00924514
0.49340000 0.00922179
0.49345000 0.00919863
0.49350000 0.00917566
0.49355000 0.00915288
0.49360000 0.00913030
0.49365000 0.00910790
0.49370000 0.00908569
0.49375000 0.00906368
0.49380000 0.00904185
0.49385000 0.00902021
0.49390000 0.00899877
0.49395000 0.00897751
0.49400000 0.00895645
0.49405000 0.00893557
0.49410000 0.00891488
0.49415000 0.00889439
0.49420000 0.00887408
0.49425000 0.00885397
0.49430000 0.00883404
0.49435000 0.00881430
0.49440000 0.00879475
0.49445000 0.00877540
0.49450000 0.00875623
0.49455000 0.00873725
0.49460000 0.00871846
0.49465000 0.00869986
0.49470000 0.00868145
0.49475000 0.00866323
0.49480000 0.00864520
0.49485000 0.00862736
0.49490000 0.00860970
0.49495000 0.00859224
0.49500000 0.00857496
0.49505000 0.00855788
0.49510000 0.00854098
0.49515000 0.00852427
0.49520000 0.00850775
0.49525000 0.00849142
0.49530000 0.00847528
0.49535000 0.00845932
0.49540000 0.00844356
0.49545000 0.00842798
0.49550000 0.00841260
0.49555000 0.00839740
0.49560000 0.00838239
0.49565000 0.00836756
0.49570000 0.00835293
0.49575000 0.00833848
0.49580000 0.00832423
0.49585000 0.00831016
0.49590000 0.00829628
0.49595000 0.00828258
0.49600000 0.00826908
0.49605000 0.00825576
0.49610000 0.00824263
0.49615000 0.00822969
0.49620000 0.00821694
0.49625000 0.00820437
0.49630000 0.00819200
0.49635000 0.00817981
0.49640000 0.00816780
0.49645000 0.00815599
0.49650000 0.00814436
0.49655000 0.00813292
0.49660000 0.00812167
0.49665000 0.00811061
0.49670000 0.00809973
0.49675000 0.00808904
0.49680000 0.00807854
0.49685000 0.00806822
0.49690000 0.00805809
0.49695000 0.00804815
0.49700000 0.00803839
0.49705000 0.00802883
0.49710000 0.00801945
0.49715000 0.00801025
0.49720000 0.00800125
0.49725000 0.00799243
0.49730000 0.00798379
0.49735000 0.00797535
0.49740000 0.00796709
0.49745000 0.00795901
0.49750000 0.00795112
0.49755000 0.00794342
0.49760000 0.00793591
0.49765000 0.00792858
0.49770000 0.00792144
0.49775000 0.00791449
0.49780000 0.00790772
0.49785000 0.00790113
0.49790000 0.00789474
0.49795000 0.00788853
0.49800000 0.00788250
0.49805000 0.00787666
0.49810000 0.00787101
0.49815000 0.00786554
0.49820000 0.00786026
0.49825000 0.00785517
0.49830000 0.00785026
0.49835000 0.00784553
0.49840000 0.00784099
0.49845000 0.00783664
0.49850000 0.00783247
0.49855000 0.00782849
0.49860000 0.00782469
0.49865000 0.00782108
0.49870000 0.00781766
0.49875000 0.00781442
0.49880000 0.00781136
0.49885000 0.00780849
0.49890000 0.00780580
0.49895000 0.00780330
0.49900000 0.00780099
0.49905000 0.00779886
0.49910000 0.00779691
0.49915000 0.00779515
0.49920000 0.00779357
0.49925000 0.00779218
0.49930000 0.00779098
0.49935000 0.00778995
0.49940000 0.00778912
0.49945000 0.00778846
0.49950000 0.00778799
0.49955000 0.00778771
0.49960000 0.00778761
0.49965000 0.00778769
0.49970000 0.00778796
0.49975000 0.00778842
0.49980000 0.00778905
0.49985000 0.00778987
0.49990000 0.00779088
0.49995000 0.00779207
0.50000000 0.00779344
0.50005000 0.00779500
0.50010000 0.00779674
0.50015000 0.00779866
0.50020000 0.00780077
0.50025000 0.00780306
0.50030000 0.00780553
0.50035000 0.00780819
0.50040000 0.00781104
0.50045000 0.00781406
0.50050000 0.00781727
0.50055000 0.00782066
0.50060000 0.00782424
0.50065000 0.00782800
0.50070000 0.00783194
0.50075000 0.00783606
0.50080000 0.00784037
0.50085000 0.00784486
0.50090000 0.00784954
0.50095000 0.00785439
0.50100000 0.00785943
0.50105000 0.00786466
0.50110000 0.00787006
0.50115000 0.00787565
0.50120000 0.00788142
0.50125000 0.00788737
0.50130000 0.00789351
0.50135000 0.00789983
0.50140000 0.00790633
0.50145000 0.00791301
0.50150000 0.00791988
0.50155000 0.00792692
0.50160000 0.00793415
0.50165000 0.00794156
0.50170000 0.00794916
0.50175000 0.00795693
0.50180000 0.00796489
0.50185000 0.00797303
0.50190000 0.00798135
0.50195000 0.00798986
0.50200000 0.00799854
0.50205000 0.00800741
0.50210000 0.00801646
0.50215000 0.00802569
0.50220000 0.00803510
0.50225000 0.00804470
0.50230000 0.00805447
0.50235000 0.00806443
0.50240000 0.00807456
0.50245000 0.00808488
0.50250000 0.00809538
0.50255000 0.00810607
0.50260000 0.00811693
0.50265000 0.00812797
0.50270000 0.00813920
0.50275000 0.00815060
0.50280000 0.00816219
0.50285000 0.00817395
0.50290000 0.00818590
0.50295000 0.00819803
0.50300000 0.00821034
0.50305000 0.00822283
0.50310000 0.00823550
0.50315000 0.00824835
0.50320000 0.00826139
0.50325000 0.00827460
0.50330000 0.00828799
0.50335000 0.00830156
0.50340000 0.00831532
0.50345000 0.00832925
0.50350000 0.00834336
0.50355000 0.00835766
0.50360000 0.00837213
0.50365000 0.00838678
0.50370000 0.00840162
0.50375000 0.00841663
0.50380000 0.00843182
0.50385000 0.00844719
0.50390000 0.00846275
0.50395000 0.00847848
0.50400000 0.00849439
0.50405000 0.00851048
0.50410000 0.00852675
0.50415000 0.00854320
0.50420000 0.00855983
0.50425000 0.00857664
0.50430000 0.00859363
0.50435000 0.00861080
0.50440000 0.00862814
0.50445000 0.00864567
0.50450000 0.00866337
0.50455000 0.00868126
0.50460000 0.00869932
0.50465000 0.00871756
0.50470000 0.00873598
0.50475000 0.00875458
0.50480000 0.00877336
0.50485000 0.00879231
0.50490000 0.00881145
0.50495000 0.00883076
0.50500000 0.00885025
0.50505000 0.00886992
0.50510000 0.00888977
0.50515000 0.00890980
0.50520000 0.00893000
0.50525000 0.00895039
0.50530000 0.00897095
0.50535000 0.00899169
0.50540000 0.00901261
0.50545000 0.00903370
0.50550000 0.00905498
0.50555000 0.00907643
0.50560000 0.00909806
0.50565000 0.00911986
0.50570000 0.00914185
0.50575000 0.00916401
0.50580000 0.00918635
0.50585000 0.00920887
0.50590000 0.00923156
0.50595000 0.00925444
0.50600000 0.00927749
0.50605000 0.00930071
0.50610000 0.00932412
0.50615000 0.00934770
0.50620000 0.00937146
0.50625000 0.00939539
0.50630000 0.00941950
0.50635000 0.00944379
0.50640000 0.00946826
0.50645000 0.00949290
0.50650000 0.00951772
0.50655000 0.00954272
0.50660000 0.00956790
0.50665000 0.00959325
0.50670000 0.00961877
0.50675000 0.00964448
0.50680000 0.00967036
0.50685000 0.00969641
0.50690000 0.00972264
0.50695000 0.00974905
0.50700000 0.00977564
0.50705000 0.00980240
0.50710000 0.00982934
0.50715000 0.00985645
0.50720000 0.00988374
0.50725000 0.00991120
0.50730000 0.00993885
0.50735000 0.00996666
0.50740000 0.00999466
0.50745000 0.01002282
0.50750000 0.01005117
0.50755000 0.01007969
0.50760000 0.01010838
0.50765000 0.01013725
0.50770000 0.01016630
0.50775000 0.01019552
0.50780000 0.01022492
0.50785000 0.01025449
0.50790000 0.01028424
0.50795000 0.01031416
0.50800000 0.01034426
0.50805000 0.01037453
0.50810000 0.01040498
0.50815000 0.01043560
0.50820000 0.01046640
0.50825000 0.01049737
0.50830000 0.01052852
0.50835000 0.01055984
0.50840000 0.01059133
0.50845000 0.01062301
0.50850000 0.01065485
0.50855000 0.01068687
0.50860000 0.01071906
0.50865000 0.01075143
0.50870000 0.01078398
0.50875000 0.01081669
0.50880000 0.01084958
0.50885000 0.01088265
0.50890000 0.01091589
0.50895000 0.01094930
0.50900000 0.01098289
0.50905000 0.01101665
0.50910000 0.01105059
0.50915000 0.01108469
0.50920000 0.01111898
0.50925000 0.01115343
0.50930000 0.01118806
0.50935000 0.01122286
0.50940000 0.01125784
0.50945000 0.01129299
0.50950000 0.01132831
0.50955000 0.01136381
0.50960000 0.01139948
0.50965000 0.01143532
0.50970000 0.01147134
0.50975000 0.01150753
0.50980000 0.01154389
0.50985000 0.01158043
0.50990000 0.01161714
0.50995000 0.01165402
0.51000000 0.01169107
0.51005000 0.01172830
0.51010000 0.01176570
0.51015000 0.01180327
0.51020000 0.01184101
0.51025000 0.01187893
0.51030000 0.01191702
0.51035000 0.01195528
0.51040000 0.01199371
0.51045000 0.01203232
0.51050000 0.01207110
0.51055000 0.01211005
0.51060000 0.01214917
0.51065000 0.01218846
0.51070000 0.01222793
0.51075000 0.01226757
0.51080000 0.01230738
0.51085000 0.01234736
0.51090000 0.01238751
0.51095000 0.01242784
0.51100000 0.01246834
0.51105000 0.01250900
0.51110000 0.01254984
0.51115000 0.01259085
0.51120000 0.01263204
0.51125000 0.01267339
0.51130000 0.01271492
0.51135000 0.01275661
0.51140000 0.01279848
0.51145000 0.01284052
0.51150000 0.01288273
0.51155000 0.01292511
0.51160000 0.01296766
0.51165000 0.01301038
0.51170000 0.01305328
0.51175000 0.01309634
0.51180000 0.01313957
0.51185000 0.01318298
0.51190000 0.01322655
0.51195000 0.01327030
0.51200000 0.01331422
0.51205000 0.01335830
0.51210000 0.01337183
0.51215000 0.01333139
0.51220000 0.01329113
0.51225000 0.01325105
0.51230000 0.01321114
0.51235000 0.01317142
0.51240000 0.01313188
0.51245000 0.01309251
0.51250000 0.01305333
0.51255000 0.01301433
0.51260000 0.01297550
0.51265000 0.01293686
0.51270000 0.01289839
0.51275000 0.01286011
0.51280000 0.01282200
0.51285000 0.01278408
0.51290000 0.01274633
0.51295000 0.01270876
0.51300000 0.01267137
0.51305000 0.01263416
0.51310000 0.01259713
0.51315000 0.01256028
0.51320000 0.01252361
0.51325000 0.01248712
0.51330000 0.01245080
0.51335000 0.01241467
0.51340000 0.01237871
0.51345000 0.01234293
0.51350000 0.01230733
0.51355000 0.01227191
0.51360000 0.01223667
0.51365000 0.01220161
0.51370000 0.01216672
0.51375000 0.01213202
0.51380000 0.01209749
0.51385000 0.01206314
0.51390000 0.01202897
0.51395000 0.01199497
0.51400000 0.01196116
0.51405000 0.01192752
0.51410000 0.01189406
0.51415000 0.01186078
0.51420000 0.01182768
0.51425000 0.01179475
0.51430000 0.01176201
0.51435000 0.01172944
0.51440000 0.01169704
0.51445000 0.01166483
0.51450000 0.01163279
0.51455000 0.01160093
0.51460000 0.01156925
0.51465000 0.01153775
0.51470000 0.01150642
0.51475000 0.01147527
0.51480000 0.01144430
0.51485000 0.01141350
0.51490000 0.01138288
0.51495000 0.01135244
0.51500000 0.01132218
0.51505000 0.01129209
0.51510000 0.01126218
0.51515000 0.01123245
0.51520000 0.01120289
0.51525000 0.01117351
0.51530000 0.01114431
0.51535000 0.01111528
0.51540000 0.01108643
0.51545000 0.01105776
0.51550000 0.01102926
0.51555000 0.01100094
0.51560000 0.01097279
0.51565000 0.01094483
0.51570000 0.01091703
0.51575000 0.01088942
0.51580000 0.01086198
0.51585000 0.01083472
0.51590000 0.01080763
0.51595000 0.01078072
0.51600000 0.01075398
0.51605000 0.01072742
0.51610000 0.01070104
0.51615000 0.01067483
0.51620000 0.01064880
0.51625000 0.01062294
0.51630000 0.01059726
0.51635000 0.01057175
0.51640000 0.01054642
0.51645000 0.01052127
0.51650000 0.01049629
0.51655000 0.01047148
0.51660000 0.01044685
0.51665000 0.01042240
0.51670000 0.01039812
0.51675000 0.01037401
0.51680000 0.01035009
0.51685000 0.01032633
0.51690000 0.01030275
0.51695000 0.01027935
0.51700000 0.01025612
0.51705000 0.01023306
0.51710000 0.01021018
0.51715000 0.01018748
0.51720000 0.01016495
0.51725000 0.01014259
0.51730000 0.01012041
0.51735000 0.01009840
0.51740000 0.01007656
0.51745000 0.01005490
0.51750000 0.01003342
0.51755000 0.01001211
0.51760000 0.00999097
0.51765000 0.00997001
0.51770000 0.00994922
0.51775000 0.00992860
0.51780000 0.00990816
0.51785000 0.00988789
0.51790000 0.00986780
0.51795000 0.00984788
0.51800000 0.00982813
0.51805000 0.00980856
0.51810000 0.00978916
0.51815000 0.00976993
0.51820000 0.00975088
0.51825000 0.00973200
0.51830000 0.00971330
0.51835000 0.00969476
0.51840000 0.00967640
0.51845000 0.00965822
0.51850000 0.00964020
0.51855000 0.00962236
0.51860000 0.00960469
0.51865000 0.00958720
0.51870000 0.00956988
0.51875000 0.00955273
0.51880000 0.00953575
0.51885000 0.00951895
0.51890000 0.00950231
0.51895000 0.00948585
0.51900000 0.00946957
0.51905000 0.00945345
0.51910000 0.00943751
0.51915000 0.00942174
0.51920000 0.00940614
0.51925000 0.00939072
0.51930000 0.00937547
0.51935000 0.00936039
0.51940000 0.00934548
0.51945000 0.00933074
0.51950000 0.00931617
0.51955000 0.00930178
0.51960000 0.00928756
0.51965000 0.00927351
0.51970000 0.00925963
0.51975000 0.00924592
0.51980000 0.00923239
0.51985000 0.00921902
0.51990000 0.00920583
0.51995000 0.00919281
0.52000000 0.00917996
0.52005000 0.00916728
0.52010000 0.00915477
0.52015000 0.00914244
0.52020000 0.00913027
0.52025000 0.00911828
0.52030000 0.00910645
0.52035000 0.00909480
0.52040000 0.00908332
0.52045000 0.00907201
0.52050000 0.00906087
0.52055000 0.00904990
0.52060000 0.00903910
0.52065000 0.00902847
0.52070000 0.00901801
0.52075000 0.00900773
0.52080000 0.00899761
0.52085000 0.00898766
0.52090000 0.00897788
0.52095000 0.00896828
0.52100000 0.00895884
0.52105000 0.00894957
0.52110000 0.00894048
0.52115000 0.00893155
0.52120000 0.00892279
0.52125000 0.00891421
0.52130000 0.00890579
0.52135000 0.00889754
0.52140000 0.00888947
0.52145000 0.00888156
0.52150000 0.00887382
0.52155000 0.00886625
0.52160000 0.00885885
0.52165000 0.00885162
0.52170000 0.00884456
0.52175000 0.00883767
0.52180000 0.00883094
0.52185000 0.00882439
0.52190000 0.00881800
0.52195000 0.00881179
0.52200000 0.00880574
0.52205000 0.00879986
0.52210000 0.00879415
0.52215000 0.00878861
0.52220000 0.00878324
0.52225000 0.00877804
0.52230000 0.00877300
0.52235000 0.00876814
0.52240000 0.00876344
0.52245000 0.00875891
0.52250000 0.00875455
0.52255000 0.00875036
0.52260000 0.00874633
0.52265000 0.00874248
0.52270000 0.00873879
0.52275000 0.00873527
0.52280000 0.00873192
0.52285000 0.00872873
0.52290000 0.00872571
0.52295000 0.00872287
0.52300000 0.00872019
0.52305000 0.00871767
0.52310000 0.00871533
0.52315000 0.00871315
0.52320000 0.00871114
0.52325000 0.00870929
0.52330000 0.00870762
0.52335000 0.00870611
0.52340000 0.00870477
0.52345000 0.00870359
0.52350000 0.00870259
0.52355000 0.00870175
0.52360000 0.00870107
0.52365000 0.00870057
0.52370000 0.00870023
0.52375000 0.00870006
0.52380000 0.00870005
0.52385000 0.00870021
0.52390000 0.00870054
0.52395000 0.00870103
0.52400000 0.00870170
0.52405000 0.00870252
0.52410000 0.00870352
0.52415000 0.00870468
0.52420000 0.00870600
0.52425000 0.00870750
0.52430000 0.00870915
0.52435000 0.00871098
0.52440000 0.00871297
0.52445000 0.00871513
0.52450000 0.00871745
0.52455000 0.00871994
0.52460000 0.00872259
0.52465000 0.00872541
0.52470000 0.00872840
0.52475000 0.00873155
0.52480000 0.00873487
0.52485000 0.00873835
0.52490000 0.00874200
0.52495000 0.00874581
0.52500000 0.00874979
0.52505000 0.00875393
0.52510000 0.00875824
0.52515000 0.00876272
0.52520000 0.00876736
0.52525000 0.00877216
0.52530000 0.00877713
0.52535000 0.00878226
0.52540000 0.00878756
0.52545000 0.00879303
0.52550000 0.00879865
0.52555000 0.00880445
0.52560000 0.00881040
0.52565000 0.00881653
0.52570000 0.00882281
0.52575000 0.00882926
0.52580000 0.00883588
0.52585000 0.00884266
0.52590000 0.00884960
0.52595000 0.00885671
0.52600000 0.00886398
0.52605000 0.00887142
0.52610000 0.00887902
0.52615000 0.00888678
0.52620000 0.00889471
0.52625000 0.00890280
0.52630000 0.00891106
0.52635000 0.00891947
0.52640000 0.00892806
0.52645000 0.00893680
0.52650000 0.00894571
0.52655000 0.00895478
0.52660000 0.00896402
0.52665000 0.00897342
0.52670000 0.00898298
0.52675000 0.00899271
0.52680000 0.00900260
0.52685000 0.00901265
0.52690000 0.00902286
0.52695000 0.00903324
0.52700000 0.00904378
0.52705000 0.00905449
0.52710000 0.00906535
0.52715000 0.00907638
0.52720000 0.00908757
0.52725000 0.00909893
0.52730000 0.00911044
0.52735000 0.00912212
0.52740000 0.00913396
0.52745000 0.00914597
0.52750000 0.00915813
0.52755000 0.00917046
0.52760000 0.00918295
0.52765000 0.00919560
0.52770000 0.00920842
0.52775000 0.00922139
0.52780000 0.00923453
0.52785000 0.00924783
0.52790000 0.00926129
0.52795000 0.00927491
0.52800000 0.00928870
0.52805000 0.00930265
0.52810000 0.00931675
0.52815000 0.00933102
0.52820000 0.00934545
0.52825000 0.00936004
0.52830000 0.00937480
0.52835000 0.00938971
0.52840000 0.00940479
0.52845000 0.00942002
0.52850000 0.00943542
0.52855000 0.00945098
0.52860000 0.00946670
0.52865000 0.00948258
0.52870000 0.00949862
0.52875000 0.00951482
0.52880000 0.00953118
0.52885000 0.00954771
0.52890000 0.00956439
0.52895000 0.00958123
0.52900000 0.00959824
0.52905000 0.00961540
0.52910000 0.00963272
0.52915000 0.00965021
0.52920000 0.00966785
0.52925000 0.00968566
0.52930000 0.00970362
0.52935000 0.00972175
0.52940000 0.00974003
0.52945000 0.00975848
0.52950000 0.00977708
0.52955000 0.00979584
0.52960000 0.00981477
0.52965000 0.00983385
0.52970000 0.00985309
0.52975000 0.00987249
0.52980000 0.00989206
0.52985000 0.00991178
0.52990000 0.00993166
0.52995000 0.00995169
0.53000000 0.00997189
0.53005000 0.00999225
0.53010000 0.01001277
0.53015000 0.01003344
0.53020000 0.01005427
0.53025000 0.01007527
0.53030000 0.01009642
0.53035000 0.01011773
0.53040000 0.01013920
0.53045000 0.01016082
0.53050000 0.01018261
0.53055000 0.01020455
0.53060000 0.01022665
0.53065000 0.01024891
0.53070000 0.01027133
0.53075000 0.01029391
0.53080000 0.01031665
0.53085000 0.01033954
0.53090000 0.01036259
0.53095000 0.01038580
0.53100000 0.01040917
0.53105000 0.01043269
0.53110000 0.01045637
0.53115000 0.01048021
0.53120000 0.01050421
0.53125000 0.01052836
0.53130000 0.01055268
0.53135000 0.01057715
0.53140000 0.01060177
0.53145000 0.01062656
0.53150000 0.01065150
0.53155000 0.01067660
0.53160000 0.01070185
0.53165000 0.01072727
0.53170000 0.01075284
0.53175000 0.01077856
0.53180000 0.01080445
0.53185000 0.01083049
0.53190000 0.01085668
0.53195000 0.01088304
0.53200000 0.01090955
0.53205000 0.01093621
0.53210000 0.01096304
0.53215000 0.01099002
0.53220000 0.01101715
0.53225000 0.01104444
0.53230000 0.01107189
0.53235000 0.01109950
0.53240000 0.01112726
0.53245000 0.01115517
0.53250000 0.01118325
0.53255000 0.01121147
0.53260000 0.01123986
0.53265000 0.01126840
0.53270000 0.01129709
0.53275000 0.01132594
0.53280000 0.01135495
0.53285000 0.01138411
0.53290000 0.01141343
0.53295000 0.01144290
0.53300000 0.01147253
0.53305000 0.01150231
0.53310000 0.01153225
0.53315000 0.01156235
0.53320000 0.01159259
0.53325000 0.01162300
0.53330000 0.01165356
0.53335000 0.01168427
0.53340000 0.01171514
0.53345000 0.01174616
0.53350000 0.01177734
0.53355000 0.01180867
0.53360000 0.01184016
0.53365000 0.01187180
0.53370000 0.01190359
0.53375000 0.01193554
0.53380000 0.01196764
0.53385000 0.01199990
0.53390000 0.01203231
0.53395000 0.01206488
0.53400000 0.01209760
0.53405000 0.01213047
0.53410000 0.01216350
0.53415000 0.01219668
0.53420000 0.01223002
0.53425000 0.01226351
0.53430000 0.01229715
0.53435000 0.01233095
0.53440000 0.01236490
0.53445000 0.01239900
0.53450000 0.01243326
0.53455000 0.01246767
0.53460000 0.01250223
0.53465000 0.01253695
0.53470000 0.01257182
0.53475000 0.01260684
0.53480000 0.01264201
0.53485000 0.01267734
0.53490000 0.01271282
0.53495000 0.01274845
0.53500000 0.01278424
0.53505000 0.01282018
0.53510000 0.01285627
0.53515000 0.01289252
0.53520000 0.01292891
0.53525000 0.01296546
0.53530000 0.01300216
0.53535000 0.01303902
0.53540000 0.01307602
0.53545000 0.01311318
0.53550000 0.01315049
0.53555000 0.01318795
0.53560000 0.01322556
0.53565000 0.01326333
0.53570000 0.01330125
0.53575000 0.01333932
0.53580000 0.01337754
0.53585000 0.01341591
0.53590000 0.01345443
0.53595000 0.01349311
0.53600000 0.01353193
0.53605000 0.01357091
0.53610000 0.01361004
0.53615000 0.01364932
0.53620000 0.01368875
0.53625000 0.01367865
0.53630000 0.01364218
0.53635000 0.01360589
0.53640000 0.01356975
0.53645000 0.01353378
0.53650000 0.01349798
0.53655000 0.01346233
0.53660000 0.01342686
0.53665000 0.01339154
0.53670000 0.01335639
0.53675000 0.01332140
0.53680000 0.01328658
0.53685000 0.01325192
0.53690000 0.01321742
0.53695000 0.01318309
0.53700000 0.01314892
0.53705000 0.01311491
0.53710000 0.01308107
0.53715000 0.01304739
0.53720000 0.01301387
0.53725000 0.01298052
0.53730000 0.01294733
0.53735000 0.01291430
0.53740000 0.01288144
0.53745000 0.01284874
0.53750000 0.01281620
0.53755000 0.01278382
0.53760000 0.01275161
0.53765000 0.01271955
0.53770000 0.01268767
0.53775000 0.01265594
0.53780000 0.01262437
0.53785000 0.01259297
0.53790000 0.01256173
0.53795000 0.01253066
0.53800000 0.01249974
0.53805000 0.01246899
0.53810000 0.01243840
0.53815000 0.01240797
0.53820000 0.01237770
0.53825000 0.01234759
0.53830000 0.01231765
0.53835000 0.01228787
0.53840000 0.01225825
0.53845000 0.01222879
0.53850000 0.01219949
0.53855000 0.01217036
0.53860000 0.01214138
0.53865000 0.01211257
0.53870000 0.01208392
0.53875000 0.01205543
0.53880000 0.01202710
0.53885000 0.01199893
0.53890000 0.01197092
0.53895000 0.01194307
0.53900000 0.01191539
0.53905000 0.01188786
0.53910000 0.01186050
0.53915000 0.01183330
0.53920000 0.01180625
0.53925000 0.01177937
0.53930000 0.01175265
0.53935000 0.01172609
0.53940000 0.01169969
0.53945000 0.01167345
0.53950000 0.01164737
0.53955000 0.01162145
0.53960000 0.01159569
0.53965000 0.01157009
0.53970000 0.01154465
0.53975000 0.01151937
0.53980000 0.01149425
0.53985000 0.01146929
0.53990000 0.01144449
0.53995000 0.01141985
0.54000000 0.01139537
0.54005000 0.01137104
0.54010000 0.01134688
0.54015000 0.01132288
0.54020000 0.01129904
0.54025000 0.01127535
0.54030000 0.01125183
0.54035000 0.01122846
0.54040000 0.01120526
0.54045000 0.01118221
0.54050000 0.01115932
0.54055000 0.01113659
0.54060000 0.01111402
0.54065000 0.01109161
0.54070000 0.01106936
0.54075000 0.01104726
0.54080000 0.01102533
0.54085000 0.01100355
0.54090000 0.01098193
0.54095000 0.01096047
0.54100000 0.01093917
0.54105000 0.01091803
0.54110000 0.01089704
0.54115000 0.01087622
0.54120000 0.01085555
0.54125000 0.01083504
0.54130000 0.01081468
0.54135000 0.01079449
0.54140000 0.01077445
0.54145000 0.01075457
0.54150000 0.01073485
0.54155000 0.01071529
0.54160000 0.01069588
0.54165000 0.01067663
0.54170000 0.01065754
0.54175000 0.01063861
0.54180000 0.01061983
0.54185000 0.01060121
0.54190000 0.01058275
0.54195000 0.01056444
0.54200000 0.01054630
0.54205000 0.01052831
0.54210000 0.01051047
0.54215000 0.01049280
0.54220000 0.01047528
0.54225000 0.01045791
0.54230000 0.01044071
0.54235000 0.01042366
0.54240000 0.01040676
0.54245000 0.01039003
0.54250000 0.01037345
0.54255000 0.01035702
0.54260000 0.01034076
0.54265000 0.01032465
0.54270000 0.01030869
0.54275000 0.01029289
0.54280000 0.01027725
0.54285000 0.01026176
0.54290000 0.01024643
0.54295000 0.01023126
0.54300000 0.01021624
0.54305000 0.01020138
0.54310000 0.01018667
0.54315000 0.01017212
0.54320000 0.01015772
0.54325000 0.01014348
0.54330000 0.01012939
0.54335000 0.01011546
0.54340000 0.01010169
0.54345000 0.01008807
0.54350000 0.01007460
0.54355000 0.01006130
0.54360000 0.01004814
0.54365000 0.01003514
0.54370000 0.01002230
0.54375000 0.01000961
0.54380000 0.00999707
0.54385000 0.00998469
0.54390000 0.00997247
0.54395000 0.00996040
0.54400000 0.00994848
0.54405000 0.00993672
0.54410000 0.00992511
0.54415000 0.00991366
0.54420000 0.00990236
0.54425000 0.00989122
0.54430000 0.00988023
0.54435000 0.00986939
0.54440000 0.00985871
0.54445000 0.00984818
0.54450000 0.00983781
0.54455000 0.00982759
0.54460000 0.00981752
0.54465000 0.00980761
0.54470000 0.00979785
0.54475000 0.00978824
0.54480000 0.00977879
0.54485000 0.00976949
0.54490000 0.00976035
0.54495000 0.00975136
0.54500000 0.00974252
0.54505000 0.00973383
0.54510000 0.00972530
0.54515000 0.00971692
0.54520000 0.00970869
0.54525000 0.00970062
0.54530000 0.00969270
0.54535000 0.00968493
0.54540000 0.00967732
0.54545000 0.00966985
0.54550000 0.00966254
0.54555000 0.00965539
0.54560000 0.00964838
0.54565000 0.00964153
0.54570000 0.00963483
0.54575000 0.00962828
0.54580000 0.00962189
0.54585000 0.00961564
0.54590000 0.00960955
0.54595000 0.00960361
0.54600000 0.00959782
0.54605000 0.00959219
0.54610000 0.00958670
0.54615000 0.00958137
0.54620000 0.00957619
0.54625000 0.00957116
0.54630000 0.00956629
0.54635000 0.00956156
0.54640000 0.00955699
0.54645000 0.00955256
0.54650000 0.00954829
0.54655000 0.00954417
0.54660000 0.00954020
0.54665000 0.00953639
0.54670000 0.00953272
0.54675000 0.00952920
0.54680000 0.00952584
0.54685000 0.00952262
0.54690000 0.00951956
0.54695000 0.00951665
0.54700000 0.00951388
0.54705000 0.00951127
0.54710000 0.00950881
0.54715000 0.00950650
0.54720000 0.00950434
0.54725000 0.00950233
0.54730000 0.00950047
0.54735000 0.00949876
0.54740000 0.00949720
0.54745000 0.00949579
0.54750000 0.00949453
0.54755000 0.00949342
0.54760000 0.00949246
0.54765000 0.00949166
0.54770000 0.00949099
0.54775000 0.00949048
0.54780000 0.00949012
0.54785000 0.00948991
0.54790000 0.00948985
0.54795000 0.00948994
0.54800000 0.00949018
0.54805000 0.00949056
0.54810000 0.00949110
0.54815000 0.00949178
0.54820000 0.00949262
0.54825000 0.00949360
0.54830000 0.00949473
0.54835000 0.00949601
0.54840000 0.00949744
0.54845000 0.00949902
0.54850000 0.00950074
0.54855000 0.00950262
0.54860000 0.00950464
0.54865000 0.00950682
0.54870000 0.00950914
0.54875000 0.00951160
0.54880000 0.00951422
0.54885000 0.00951699
0.54890000 0.00951990
0.54895000 0.00952296
0.54900000 0.00952617
0.54905000 0.00952953
0.54910000 0.00953304
0.54915000 0.00953669
0.54920000 0.00954049
0.54925000 0.00954444
0.54930000 0.00954854
0.54935000 0.00955278
0.54940000 0.00955717
0.54945000 0.00956171
0.54950000 0.00956640
0.54955000 0.00957123
0.54960000 0.00957621
0.54965000 0.00958134
0.54970000 0.00958661
0.54975000 0.00959204
0.54980000 0.00959760
0.54985000 0.00960332
0.54990000 0.00960918
0.54995000 0.00961519
0.55000000 0.00962135
0.55005000 0.00962765
0.55010000 0.00963410
0.55015000 0.00964070
0.55020000 0.00964744
0.55025000 0.00965433
0.55030000 0.00966136
0.55035000 0.00966854
0.55040000 0.00967587
0.55045000 0.00968334
0.55050000 0.00969096
0.55055000 0.00969873
0.55060000 0.00970664
0.55065000 0.00971470
0.55070000 0.00972290
0.55075000 0.00973125
0.55080000 0.00973974
0.55085000 0.00974838
0.55090000 0.00975717
0.55095000 0.00976610
0.55100000 0.00977517
0.55105000 0.00978439
0.55110000 0.00979376
0.55115000 0.00980327
0.55120000 0.00981293
0.55125000 0.00982273
0.55130000 0.00983268
0.55135000 0.00984277
0.55140000 0.00985300
0.55145000 0.00986339
0.55150000 0.00987391
0.55155000 0.00988458
0.55160000 0.00989540
0.55165000 0.00990636
0.55170000 0.00991746
0.55175000 0.00992871
0.55180000 0.00994010
0.55185000 0.00995164
0.55190000 0.00996332
0.55195000 0.00997514
0.55200000 0.00998711
0.55205000 0.00999922
0.55210000 0.01001148
0.55215000 0.01002388
0.55220000 0.01003643
0.55225000 0.01004911
0.55230000 0.01006195
0.55235000 0.01007492
0.55240000 0.01008804
0.55245000 0.01010130
0.55250000 0.01011471
0.55255000 0.01012826
0.55260000 0.01014195
0.55265000 0.01015578
0.55270000 0.01016976
0.55275000 0.01018388
0.55280000 0.01019815
0.55285000 0.01021255
0.55290000 0.01022710
0.55295000 0.01024180
0.55300000 0.01025663
0.55305000 0.01027161
0.55310000 0.01028673
0.55315000 0.01030199
0.55320000 0.01031740
0.55325000 0.01033294
0.55330000 0.01034863
0.55335000 0.01036447
0.55340000 0.01038044
0.55345000 0.01039656
0.55350000 0.01041281
0.55355000 0.01042921
0.55360000 0.01044576
0.55365000 0.01046244
0.55370000 0.01047927
0.55375000 0.01049623
0.55380000 0.01051334
0.55385000 0.01053059
0.55390000 0.01054798
0.55395000 0.01056552
0.55400000 0.01058319
0.55405000 0.01060101
0.55410000 0.01061896
0.55415000 0.01063706
0.55420000 0.01065530
0.55425000 0.01067368
0.55430000 0.01069220
0.55435000 0.01071086
0.55440000 0.01072967
0.55445000 0.01074861
0.55450000 0.01076769
0.55455000 0.01078692
0.55460000 0.01080628
0.55465000 0.01082579
0.55470000 0.01084544
0.55475000 0.01086522
0.55480000 0.01088515
0.55485000 0.01090522
0.55490000 0.01092542
0.55495000 0.01094577
0.55500000 0.01096626
0.55505000 0.01098688
0.55510000 0.01100765
0.55515000 0.01102855
0.55520000 0.01104960
0.55525000 0.01107079
0.55530000 0.01109211
0.55535000 0.01111358
0.55540000 0.01113518
0.55545000 0.01115692
0.55550000 0.01117881
0.55555000 0.01120083
0.55560000 0.01122299
0.55565000 0.01124529
0.55570000 0.01126773
0.55575000 0.01129031
0.55580000 0.01131302
0.55585000 0.01133588
0.55590000 0.01135887
0.55595000 0.01138201
0.55600000 0.01140528
0.55605000 0.01142869
0.55610000 0.01145224
0.55615000 0.01147592
0.55620000 0.01149975
0.55625000 0.01152371
0.55630000 0.01154782
0.55635000 0.01157206
0.55640000 0.01159643
0.55645000 0.01162095
0.55650000 0.01164560
0.55655000 0.01167040
0.55660000 0.01169533
0.55665000 0.01172039
0.55670000 0.01174560
0.55675000 0.01177094
0.55680000 0.01179642
0.55685000 0.01182204
0.55690000 0.01184779
0.55695000 0.01187369
0.55700000 0.01189972
0.55705000 0.01192588
0.55710000 0.01195219
0.55715000 0.01197863
0.55720000 0.01200521
0.55725000 0.01203192
0.55730000 0.01205877
0.55735000 0.01208576
0.55740000 0.01211288
0.55745000 0.01214015
0.55750000 0.01216754
0.55755000 0.01219508
0.55760000 0.01222275
0.55765000 0.01225056
0.55770000 0.01227850
0.55775000 0.01230658
0.55780000 0.01233480
0.55785000 0.01236315
0.55790000 0.01239164
0.55795000 0.01242026
0.55800000 0.01244902
0.55805000 0.01247792
0.55810000 0.01250695
0.55815000 0.01253612
0.55820000 0.01256542
0.55825000 0.01259486
0.55830000 0.01262443
0.55835000 0.01265414
0.55840000 0.01268398
0.55845000 0.01271396
0.55850000 0.01274408
0.55855000 0.01277433
0.55860000 0.01280471
0.55865000 0.01283523
0.55870000 0.01286589
0.55875000 0.01289668
0.55880000 0.01292760
0.55885000 0.01295866
0.55890000 0.01298985
0.55895000 0.01302118
0.55900000 0.01305265
0.55905000 0.01308424
0.55910000 0.01311597
0.55915000 0.01314784
0.55920000 0.01317984
0.55925000 0.01321197
0.55930000 0.01324424
0.55935000 0.01327664
0.55940000 0.01330918
0.55945000 0.01334185
0.55950000 0.01337465
0.55955000 0.01340759
0.55960000 0.01344066
0.55965000 0.01347387
0.55970000 0.01350721
0.55975000 0.01354068
0.55980000 0.01357428
0.55985000 0.01360802
0.55990000 0.01364189
0.55995000 0.01367590
0.56000000 0.01371004
0.56005000 0.01374431
0.56010000 0.01377871
0.56015000 0.01381325
0.56020000 0.01384792
0.56025000 0.01388272
0.56030000 0.01387483
0.56035000 0.01384236
0.56040000 0.01381004
0.56045000 0.01377786
0.56050000 0.01374584
0.56055000 0.01371396
0.56060000 0.01368223
0.56065000 0.01365065
0.56070000 0.01361922
0.56075000 0.01358793
0.56080000 0.01355680
0.56085000 0.01352581
0.56090000 0.01349496
0.56095000 0.01346427
0.56100000 0.01343372
0.56105000 0.01340332
0.56110000 0.01337307
0.56115000 0.01334296
0.56120000 0.01331301
0.56125000 0.01328319
0.56130000 0.01325353
0.56135000 0.01322401
0.56140000 0.01319464
0.56145000 0.01316542
0.56150000 0.01313634
0.56155000 0.01310741
0.56160000 0.01307863
0.56165000 0.01304999
0.56170000 0.01302150
0.56175000 0.01299316
0.56180000 0.01296496
0.56185000 0.01293691
0.56190000 0.01290900
0.56195000 0.01288125
0.56200000 0.01285363
0.56205000 0.01282617
0.56210000 0.01279885
0.56215000 0.01277167
0.56220000 0.01274464
0.56225000 0.01271776
0.56230000 0.01269102
0.56235000 0.01266443
0.56240000 0.01263799
0.56245000 0.01261169
0.56250000 0.01258553
0.56255000 0.01255952
0.56260000 0.01253366
0.56265000 0.01250794
0.56270000 0.01248236
0.56275000 0.01245693
0.56280000 0.01243165
0.56285000 0.01240651
0.56290000 0.01238152
0.56295000 0.01235667
0.56300000 0.01233196
0.56305000 0.01230741
0.56310000 0.01228299
0.56315000 0.01225872
0.56320000 0.01223459
0.56325000 0.01221061
0.56330000 0.01218678
0.56335000 0.01216308
0.56340000 0.01213954
0.56345000 0.01211613
0.56350000 0.01209287
0.56355000 0.01206975
0.56360000 0.01204678
0.56365000 0.01202395
0.56370000 0.01200127
0.56375000 0.01197873
0.56380000 0.01195633
0.56385000 0.01193408
0.56390000 0.01191197
0.56395000 0.01189000
0.56400000 0.01186818
0.56405000 0.01184650
0.56410000 0.01182497
0.56415000 0.01180357
0.56420000 0.01178232
0.56425000 0.01176122
0.56430000 0.01174025
0.56435000 0.01171943
0.56440000 0.01169875
0.56445000 0.01167822
0.56450000 0.01165783
0.56455000 0.01163758
0.56460000 0.01161747
0.56465000 0.01159751
0.56470000 0.01157769
0.56475000 0.01155801
0.56480000 0.01153847
0.56485000 0.01151908
0.56490000 0.01149982
0.56495000 0.01148071
0.56500000 0.01146175
0.56505000 0.01144292
0.56510000 0.01142424
0.56515000 0.01140569
0.56520000 0.01138729
0.56525000 0.01136903
0.56530000 0.01135092
0.56535000 0.01133294
0.56540000 0.01131511
0.56545000 0.01129742
0.56550000 0.01127987
0.56555000 0.01126246
0.56560000 0.01124519
0.56565000 0.01122806
0.56570000 0.01121107
0.56575000 0.01119423
0.56580000 0.01117753
0.56585000 0.01116096
0.56590000 0.01114454
0.56595000 0.01112826
0.56600000 0.01111212
0.56605000 0.01109612
0.56610000 0.01108026
0.56615000 0.01106454
0.56620000 0.01104896
0.56625000 0.01103353
0.56630000 0.01101823
0.56635000 0.01100307
0.56640000 0.01098806
0.56645000 0.01097318
0.56650000 0.01095844
0.56655000 0.01094385
0.56660000 0.01092939
0.56665000 0.01091507
0.56670000 0.01090089
0.56675000 0.01088686
0.56680000 0.01087296
0.56685000 0.01085920
0.56690000 0.01084558
0.56695000 0.01083210
0.56700000 0.01081876
0.56705000 0.01080556
0.56710000 0.01079250
0.56715000 0.01077958
0.56720000 0.01076680
0.56725000 0.01075415
0.56730000 0.01074165
0.56735000 0.01072928
0.56740000 0.01071706
0.56745000 0.01070497
0.56750000 0.01069302
0.56755000 0.01068121
0.56760000 0.01066953
0.56765000 0.01065800
0.56770000 0.01064660
0.56775000 0.01063535
0.56780000 0.01062423
0.56785000 0.01061325
0.56790000 0.01060240
0.56795000 0.01059170
0.56800000 0.01058113
0.56805000 0.01057071
0.56810000 0.01056041
0.56815000 0.01055026
0.56820000 0.01054025
0.56825000 0.01053037
0.56830000 0.01052063
0.56835000 0.01051103
0.56840000 0.01050156
0.56845000 0.01049224
0.56850000 0.01048305
0.56855000 0.01047399
0.56860000 0.01046508
0.56865000 0.01045630
0.56870000 0.01044766
0.56875000 0.01043915
0.56880000 0.01043079
0.56885000 0.01042256
0.56890000 0.01041446
0.56895000 0.01040651
0.56900000 0.01039869
0.56905000 0.01039100
0.56910000 0.01038346
0.56915000 0.01037604
0.56920000 0.01036877
0.56925000 0.01036163
0.56930000 0.01035463
0.56935000 0.01034777
0.56940000 0.01034104
0.56945000 0.01033444
0.56950000 0.01032798
0.56955000 0.01032166
0.56960000 0.01031548
0.56965000 0.01030943
0.56970000 0.01030351
0.56975000 0.01029773
0.56980000 0.01029209
0.56985000 0.01028658
0.56990000 0.01028121
0.56995000 0.01027598
0.57000000 0.01027087
0.57005000 0.01026591
0.57010000 0.01026108
0.57015000 0.01025638
0.57020000 0.01025182
0.57025000 0.01024739
0.57030000 0.01024310
0.57035000 0.01023895
0.57040000 0.01023492
0.57045000 0.01023104
0.57050000 0.01022728
0.57055000 0.01022367
0.57060000 0.01022018
0.57065000 0.01021683
0.57070000 0.01021362
0.57075000 0.01021054
0.57080000 0.01020759
0.57085000 0.01020478
0.57090000 0.01020210
0.57095000 0.01019956
0.57100000 0.01019715
0.57105000 0.01019487
0.57110000 0.01019273
0.57115000 0.01019072
0.57120000 0.01018885
0.57125000 0.01018710
0.57130000 0.01018550
0.57135000 0.01018402
0.57140000 0.01018268
0.57145000 0.01018147
0.57150000 0.01018040
0.57155000 0.01017946
0.57160000 0.01017865
0.57165000 0.01017797
0.57170000 0.01017743
0.57175000 0.01017702
0.57180000 0.01017674
0.57185000 0.01017660
0.57190000 0.01017659
0.57195000 0.01017671
0.57200000 0.01017696
0.57205000 0.01017735
0.57210000 0.01017786
0.57215000 0.01017852
0.57220000 0.01017930
0.57225000 0.01018021
0.57230000 0.01018126
0.57235000 0.01018244
0.57240000 0.01018375
0.57245000 0.01018520
0.57250000 0.01018677
0.57255000 0.01018848
0.57260000 0.01019032
0.57265000 0.01019229
0.57270000 0.01019439
0.57275000 0.01019662
0.57280000 0.01019899
0.57285000 0.01020148
0.57290000 0.01020411
0.57295000 0.01020687
0.57300000 0.01020976
0.57305000 0.01021278
0.57310000 0.01021593
0.57315000 0.01021921
0.57320000 0.01022263
0.57325000 0.01022617
0.57330000 0.01022985
0.57335000 0.01023365
0.57340000 0.01023759
0.57345000 0.01024165
0.57350000 0.01024585
0.57355000 0.01025018
0.57360000 0.01025464
0.57365000 0.01025923
0.57370000 0.01026394
0.57375000 0.01026879
0.57380000 0.01027377
0.57385000 0.01027888
0.57390000 0.01028412
0.57395000 0.01028949
0.57400000 0.01029499
0.57405000 0.01030061
0.57410000 0.01030637
0.57415000 0.01031226
0.57420000 0.01031827
0.57425000 0.01032442
0.57430000 0.01033070
0.57435000 0.01033710
0.57440000 0.01034363
0.57445000 0.01035030
0.57450000 0.01035709
0.57455000 0.01036401
0.57460000 0.01037106
0.57465000 0.01037824
0.57470000 0.01038554
0.57475000 0.01039298
0.57480000 0.01040055
0.57485000 0.01040824
0.57490000 0.01041606
0.57495000 0.01042401
0.57500000 0.01043209
0.57505000 0.01044030
0.57510000 0.01044863
0.57515000 0.01045710
0.57520000 0.01046569
0.57525000 0.01047441
0.57530000 0.01048325
0.57535000 0.01049223
0.57540000 0.01050133
0.57545000 0.01051056
0.57550000 0.01051992
0.57555000 0.01052941
0.57560000 0.01053902
0.57565000 0.01054876
0.57570000 0.01055863
0.57575000 0.01056863
0.57580000 0.01057875
0.57585000 0.01058900
0.57590000 0.01059938
0.57595000 0.01060988
0.57600000 0.01062051
0.57605000 0.01063127
0.57610000 0.01064216
0.57615000 0.01065317
0.57620000 0.01066431
0.57625000 0.01067557
0.57630000 0.01068696
0.57635000 0.01069848
0.57640000 0.01071013
0.57645000 0.01072190
0.57650000 0.01073380
0.57655000 0.01074582
0.57660000 0.01075797
0.57665000 0.01077024
0.57670000 0.01078265
0.57675000 0.01079517
0.57680000 0.01080783
0.57685000 0.01082061
0.57690000 0.01083351
0.57695000 0.01084654
0.57700000 0.01085970
0.57705000 0.01087298
0.57710000 0.01088639
0.57715000 0.01089992
0.57720000 0.01091358
0.57725000 0.01092736
0.57730000 0.01094127
0.57735000 0.01095530
0.57740000 0.01096946
0.57745000 0.01098374
0.57750000 0.01099815
0.57755000 0.01101268
0.57760000 0.01102734
0.57765000 0.01104212
0.57770000 0.01105703
0.57775000 0.01107206
0.57780000 0.01108722
0.57785000 0.01110250
0.57790000 0.01111790
0.57795000 0.01113343
0.57800000 0.01114908
0.57805000 0.01116486
0.57810000 0.01118076
0.57815000 0.01119679
0.57820000 0.01121294
0.57825000 0.01122921
0.57830000 0.01124561
0.57835000 0.01126213
0.57840000 0.01127877
0.57845000 0.01129554
0.57850000 0.01131243
0.57855000 0.01132944
0.57860000 0.01134658
0.57865000 0.01136384
0.57870000 0.01138122
0.57875000 0.01139873
0.57880000 0.01141636
0.57885000 0.01143411
0.57890000 0.01145199
0.57895000 0.01146999
0.57900000 0.01148811
0.57905000 0.01150635
0.57910000 0.01152472
0.57915000 0.01154321
0.57920000 0.01156182
0.57925000 0.01158056
0.57930000 0.01159941
0.57935000 0.01161839
0.57940000 0.01163749
0.57945000 0.01165672
0.57950000 0.01167606
0.57955000 0.01169553
0.57960000 0.01171512
0.57965000 0.01173483
0.57970000 0.01175466
0.57975000 0.01177462
0.57980000 0.01179469
0.57985000 0.01181489
0.57990000 0.01183521
0.57995000 0.01185565
0.58000000 0.01187621
0.58005000 0.01189690
0.58010000 0.01191770
0.58015000 0.01193863
0.58020000 0.01195967
0.58025000 0.01198084
0.58030000 0.01200213
0.58035000 0.01202354
0.58040000 0.01204507
0.58045000 0.01206672
0.58050000 0.01208849
0.58055000 0.01211038
0.58060000 0.01213240
0.58065000 0.01215453
0.58070000 0.01217678
0.58075000 0.01219916
0.58080000 0.01222165
0.58085000 0.01224427
0.58090000 0.01226700
0.58095000 0.01228985
0.58100000 0.01231283
0.58105000 0.01233592
0.58110000 0.01235914
0.58115000 0.01238247
0.58120000 0.01240592
0.58125000 0.01242950
0.58130000 0.01245319
0.58135000 0.01247700
0.58140000 0.01250093
0.58145000 0.01252498
0.58150000 0.01254915
0.58155000 0.01257344
0.58160000 0.01259785
0.58165000 0.01262238
0.58170000 0.01264702
0.58175000 0.01267179
0.58180000 0.01269667
0.58185000 0.01272167
0.58190000 0.01274679
0.58195000 0.01277203
0.58200000 0.01279739
0.58205000 0.01282287
0.58210000 0.01284846
0.58215000 0.01287418
0.58220000 0.01290001
0.58225000 0.01292596
0.58230000 0.01295203
0.58235000 0.01297821
0.58240000 0.01300452
0.58245000 0.01303094
0.58250000 0.01305748
0.58255000 0.01308413
0.58260000 0.01311091
0.58265000 0.01313780
0.58270000 0.01316481
0.58275000 0.01319194
0.58280000 0.01321918
0.58285000 0.01324655
0.58290000 0.01327403
0.58295000 0.01330162
0.58300000 0.01332934
0.58305000 0.01335717
0.58310000 0.01338512
0.58315000 0.01341318
0.58320000 0.01344136
0.58325000 0.01346966
0.58330000 0.01349807
0.58335000 0.01352661
0.58340000 0.01355525
0.58345000 0.01358402
0.58350000 0.01361290
0.58355000 0.01364190
0.58360000 0.01367101
0.58365000 0.01370024
0.58370000 0.01372959
0.58375000 0.01375905
0.58380000 0.01378863
0.58385000 0.01381832
0.58390000 0.01384813
0.58395000 0.01387805
0.58400000 0.01390810
0.58405000 0.01393825
0.58410000 0.01396852
0.58415000 0.01399891
0.58420000 0.01400402
0.58425000 0.01397531
0.58430000 0.01394674
0.58435000 0.01391830
0.58440000 0.01388999
0.58445000 0.01386181
0.58450000 0.01383377
0.58455000 0.01380586
0.58460000 0.01377808
0.58465000 0.01375043
0.58470000 0.01372292
0.58475000 0.01369554
0.58480000 0.01366829
0.58485000 0.01364117
0.58490000 0.01361418
0.58495000 0.01358733
0.58500000 0.01356060
0.58505000 0.01353401
0.58510000 0.01350755
0.58515000 0.01348122
0.58520000 0.01345502
0.58525000 0.01342896
0.58530000 0.01340302
0.58535000 0.01337722
0.58540000 0.01335155
0.58545000 0.01332601
0.58550000 0.01330060
0.58555000 0.01327532
0.58560000 0.01325017
0.58565000 0.01322515
0.58570000 0.01320027
0.58575000 0.01317551
0.58580000 0.01315088
0.58585000 0.01312639
0.58590000 0.01310203
0.58595000 0.01307779
0.58600000 0.01305369
0.58605000 0.01302971
0.58610000 0.01300587
0.58615000 0.01298216
0.58620000 0.01295857
0.58625000 0.01293512
0.58630000 0.01291180
0.58635000 0.01288860
0.58640000 0.01286554
0.58645000 0.01284261
0.58650000 0.01281980
0.58655000 0.01279713
0.58660000 0.01277458
0.58665000 0.01275217
0.58670000 0.01272988
0.58675000 0.01270772
0.58680000 0.01268570
0.58685000 0.01266380
0.58690000 0.01264203
0.58695000 0.01262039
0.58700000 0.01259887
0.58705000 0.01257749
0.58710000 0.01255624
0.58715000 0.01253511
0.58720000 0.01251411
0.58725000 0.01249325
0.58730000 0.01247251
0.58735000 0.01245189
0.58740000 0.01243141
0.58745000 0.01241106
0.58750000 0.01239083
0.58755000 0.01237073
0.58760000 0.01235076
0.58765000 0.01233092
0.58770000 0.01231121
0.58775000 0.01229162
0.58780000 0.01227216
0.58785000 0.01225283
0.58790000 0.01223363
0.58795000 0.01221455
0.58800000 0.01219560
0.58805000 0.01217678
0.58810000 0.01215809
0.58815000 0.01213953
0.58820000 0.01212109
0.58825000 0.01210278
0.58830000 0.01208459
0.58835000 0.01206653
0.58840000 0.01204860
0.58845000 0.01203080
0.58850000 0.01201313
0.58855000 0.01199558
0.58860000 0.01197815
0.58865000 0.01196086
0.58870000 0.01194369
0.58875000 0.01192664
0.58880000 0.01190973
0.58885000 0.01189294
0.58890000 0.01187627
0.58895000 0.01185974
0.58900000 0.01184332
0.58905000 0.01182704
0.58910000 0.01181088
0.58915000 0.01179484
0.58920000 0.01177894
0.58925000 0.01176315
0.58930000 0.01174750
0.58935000 0.01173197
0.58940000 0.01171656
0.58945000 0.01170128
0.58950000 0.01168613
0.58955000 0.01167110
0.58960000 0.01165620
0.58965000 0.01164142
0.58970000 0.01162677
0.58975000 0.01161224
0.58980000 0.01159784
0.58985000 0.01158356
0.58990000 0.01156940
0.58995000 0.01155538
0.59000000 0.01154147
0.59005000 0.01152769
0.59010000 0.01151404
0.59015000 0.01150051
0.59020000 0.01148711
0.59025000 0.01147382
0.59030000 0.01146067
0.59035000 0.01144764
0.59040000 0.01143473
0.59045000 0.01142194
0.59050000 0.01140928
0.59055000 0.01139675
0.59060000 0.01138434
0.59065000 0.01137205
0.59070000 0.01135988
0.59075000 0.01134784
0.59080000 0.01133593
0.59085000 0.01132413
0.59090000 0.01131246
0.59095000 0.01130092
0.59100000 0.01128949
0.59105000 0.01127819
0.59110000 0.01126702
0.59115000 0.01125596
0.59120000 0.01124503
0.59125000 0.01123423
0.59130000 0.01122354
0.59135000 0.01121298
0.59140000 0.01120254
0.59145000 0.01119222
0.59150000 0.01118203
0.59155000 0.01117196
0.59160000 0.01116201
0.59165000 0.01115219
0.59170000 0.01114248
0.59175000 0.01113290
0.59180000 0.01112344
0.59185000 0.01111410
0.59190000 0.01110489
0.59195000 0.01109580
0.59200000 0.01108683
0.59205000 0.01107798
0.59210000 0.01106925
0.59215000 0.01106064
0.59220000 0.01105216
0.59225000 0.01104380
0.59230000 0.01103556
0.59235000 0.01102744
0.59240000 0.01101944
0.59245000 0.01101156
0.59250000 0.01100381
0.59255000 0.01099617
0.59260000 0.01098866
0.59265000 0.01098127
0.59270000 0.01097400
0.59275000 0.01096685
0.59280000 0.01095982
0.59285000 0.01095291
0.59290000 0.01094612
0.59295000 0.01093945
0.59300000 0.01093291
0.59305000 0.01092648
0.59310000 0.01092018
0.59315000 0.01091399
0.59320000 0.01090793
0.59325000 0.01090198
0.59330000 0.01089615
0.59335000 0.01089045
0.59340000 0.01088487
0.59345000 0.01087940
0.59350000 0.01087405
0.59355000 0.01086883
0.59360000 0.01086372
0.59365000 0.01085874
0.59370000 0.01085387
0.59375000 0.01084912
0.59380000 0.01084450
0.59385000 0.01083999
0.59390000 0.01083560
0.59395000 0.01083133
0.59400000 0.01082718
0.59405000 0.01082315
0.59410000 0.01081923
0.59415000 0.01081544
0.59420000 0.01081177
0.59425000 0.01080821
0.59430000 0.01080477
0.59435000 0.01080145
0.59440000 0.01079825
0.59445000 0.01079517
0.59450000 0.01079221
0.59455000 0.01078936
0.59460000 0.01078664
0.59465000 0.01078403
0.59470000 0.01078154
0.59475000 0.01077917
0.59480000 0.01077691
0.59485000 0.01077478
0.59490000 0.01077276
0.59495000 0.01077086
0.59500000 0.01076907
0.59505000 0.01076741
0.59510000 0.01076586
0.59515000 0.01076443
0.59520000 0.01076312
0.59525000 0.01076192
0.59530000 0.01076085
0.59535000 0.01075988
0.59540000 0.01075904
0.59545000 0.01075831
0.59550000 0.01075770
0.59555000 0.01075721
0.59560000 0.01075684
0.59565000 0.01075658
0.59570000 0.01075644
0.59575000 0.01075641
0.59580000 0.01075650
0.59585000 0.01075671
0.59590000 0.01075703
0.59595000 0.01075747
0.59600000 0.01075803
0.59605000 0.01075870
0.59610000 0.01075949
0.59615000 0.01076040
0.59620000 0.01076142
0.59625000 0.01076256
0.59630000 0.01076381
0.59635000 0.01076518
0.59640000 0.01076666
0.59645000 0.01076826
0.59650000 0.01076998
0.59655000 0.01077181
0.59660000 0.01077376
0.59665000 0.01077582
0.59670000 0.01077800
0.59675000 0.01078029
0.59680000 0.01078270
0.59685000 0.01078522
0.59690000 0.01078786
0.59695000 0.01079062
0.59700000 0.01079348
0.59705000 0.01079647
0.59710000 0.01079956
0.59715000 0.01080278
0.59720000 0.01080610
0.59725000 0.01080955
0.59730000 0.01081310
0.59735000 0.01081677
0.59740000 0.01082056
0.59745000 0.01082446
0.59750000 0.01082847
0.59755000 0.01083260
0.59760000 0.01083684
0.59765000 0.01084119
0.59770000 0.01084566
0.59775000 0.01085025
0.59780000 0.01085494
0.59785000 0.01085975
0.59790000 0.01086468
0.59795000 0.01086972
0.59800000 0.01087487
0.59805000 0.01088013
0.59810000 0.01088551
0.59815000 0.01089100
0.59820000 0.01089661
0.59825000 0.01090232
0.59830000 0.01090816
0.59835000 0.01091410
0.59840000 0.01092016
0.59845000 0.01092633
0.59850000 0.01093261
0.59855000 0.01093900
0.59860000 0.01094551
0.59865000 0.01095213
0.59870000 0.01095886
0.59875000 0.01096571
0.59880000 0.01097267
0.59885000 0.01097974
0.59890000 0.01098692
0.59895000 0.01099421
0.59900000 0.01100162
0.59905000 0.01100914
0.59910000 0.01101677
0.59915000 0.01102451
0.59920000 0.01103236
0.59925000 0.01104033
0.59930000 0.01104840
0.59935000 0.01105659
0.59940000 0.01106489
0.59945000 0.01107330
0.59950000 0.01108183
0.59955000 0.01109046
0.59960000 0.01109921
0.59965000 0.01110806
0.59970000 0.01111703
0.59975000 0.01112611
0.59980000 0.01113530
0.59985000 0.01114460
0.59990000 0.01115401
0.59995000 0.01116353
0.60000000 0.01117316
0.60005000 0.01118291
0.60010000 0.01119276
0.60015000 0.01120273
0.60020000 0.01121280
0.60025000 0.01122298
0.60030000 0.01123328
0.60035000 0.01124368
0.60040000 0.01125420
0.60045000 0.01126482
0.60050000 0.01127556
0.60055000 0.01128640
0.60060000 0.01129736
0.60065000 0.01130842
0.60070000 0.01131960
0.60075000 0.01133088
0.60080000 0.01134227
0.60085000 0.01135378
0.60090000 0.01136539
0.60095000 0.01137711
0.60100000 0.01138894
0.60105000 0.01140088
0.60110000 0.01141293
0.60115000 0.01142509
0.60120000 0.01143735
0.60125000 0.01144973
0.60130000 0.01146221
0.60135000 0.01147481
0.60140000 0.01148751
0.60145000 0.01150032
0.60150000 0.01151324
0.60155000 0.01152627
0.60160000 0.01153940
0.60165000 0.01155265
0.60170000 0.01156600
0.60175000 0.01157946
0.60180000 0.01159303
0.60185000 0.01160670
0.60190000 0.01162049
0.60195000 0.01163438
0.60200000 0.01164838
0.60205000 0.01166249
0.60210000 0.01167670
0.60215000 0.01169103
0.60220000 0.01170546
0.60225000 0.01172000
0.60230000 0.01173464
0.60235000 0.01174939
0.60240000 0.01176425
0.60245000 0.01177922
0.60250000 0.01179430
0.60255000 0.01180948
0.60260000 0.01182477
0.60265000 0.01184016
0.60270000 0.01185566
0.60275000 0.01187127
0.60280000 0.01188699
0.60285000 0.01190281
0.60290000 0.01191874
0.60295000 0.01193477
0.60300000 0.01195091
0.60305000 0.01196716
0.60310000 0.01198351
0.60315000 0.01199997
0.60320000 0.01201654
0.60325000 0.01203321
0.60330000 0.01204999
0.60335000 0.01206688
0.60340000 0.01208387
0.60345000 0.01210096
0.60350000 0.01211816
0.60355000 0.01213547
0.60360000 0.01215288
0.60365000 0.01217040
0.60370000 0.01218802
0.60375000 0.01220575
0.60380000 0.01222358
0.60385000 0.01224152
0.60390000 0.01225957
0.60395000 0.01227772
0.60400000 0.01229597
0.60405000 0.01231433
0.60410000 0.01233279
0.60415000 0.01235136
0.60420000 0.01237003
0.60425000 0.01238881
0.60430000 0.01240769
0.60435000 0.01242668
0.60440000 0.01244577
0.60445000 0.01246497
0.60450000 0.01248427
0.60455000 0.01250367
0.60460000 0.01252318
0.60465000 0.01254279
0.60470000 0.01256251
0.60475000 0.01258233
0.60480000 0.01260225
0.60485000 0.01262228
0.60490000 0.01264241
0.60495000 0.01266264
0.60500000 0.01268298
0.60505000 0.01270342
0.60510000 0.01272397
0.60515000 0.01274462
0.60520000 0.01276537
0.60525000 0.01278622
0.60530000 0.01280718
0.60535000 0.01282824
0.60540000 0.01284941
0.60545000 0.01287067
0.60550000 0.01289204
0.60555000 0.01291352
0.60560000 0.01293509
0.60565000 0.01295677
0.60570000 0.01297855
0.60575000 0.01300043
0.60580000 0.01302242
0.60585000 0.01304450
0.60590000 0.01306669
0.60595000 0.01308898
0.60600000 0.01311138
0.60605000 0.01313387
0.60610000 0.01315647
0.60615000 0.01317917
0.60620000 0.01320197
0.60625000 0.01322488
0.60630000 0.01324788
0.60635000 0.01327099
0.60640000 0.01329420
0.60645000 0.01331751
0.60650000 0.01334092
0.60655000 0.01336443
0.60660000 0.01338804
0.60665000 0.01341176
0.60670000 0.01343557
0.60675000 0.01345949
0.60680000 0.01348351
0.60685000 0.01350763
0.60690000 0.01353185
0.60695000 0.01355617
0.60700000 0.01358059
0.60705000 0.01360511
0.60710000 0.01362973
0.60715000 0.01365446
0.60720000 0.01367928
0.60725000 0.01370420
0.60730000 0.01372923
0.60735000 0.01375435
0.60740000 0.01377957
0.60745000 0.01380490
0.60750000 0.01383032
0.60755000 0.01385585
0.60760000 0.01388147
0.60765000 0.01390719
0.60770000 0.01393302
0.60775000 0.01395894
0.60780000 0.01398496
0.60785000 0.01401108
0.60790000 0.01402918
0.60795000 0.01400407
0.60800000 0.01397909
0.60805000 0.01395422
0.60810000 0.01392947
0.60815000 0.01390483
0.60820000 0.01388031
0.60825000 0.01385592
0.60830000 0.01383163
0.60835000 0.01380747
0.60840000 0.01378342
0.60845000 0.01375949
0.60850000 0.01373568
0.60855000 0.01371198
0.60860000 0.01368840
0.60865000 0.01366494
0.60870000 0.01364159
0.60875000 0.01361836
0.60880000 0.01359525
0.60885000 0.01357225
0.60890000 0.01354937
0.60895000 0.01352661
0.60900000 0.01350396
0.60905000 0.01348143
0.60910000 0.01345901
0.60915000 0.01343671
0.60920000 0.01341453
0.60925000 0.01339246
0.60930000 0.01337051
0.60935000 0.01334868
0.60940000 0.01332696
0.60945000 0.01330535
0.60950000 0.01328386
0.60955000 0.01326249
0.60960000 0.01324123
0.60965000 0.01322009
0.60970000 0.01319906
0.60975000 0.01317815
0.60980000 0.01315736
0.60985000 0.01313667
0.60990000 0.01311611
0.60995000 0.01309566
0.61000000 0.01307532
0.61005000 0.01305510
0.61010000 0.01303499
0.61015000 0.01301500
0.61020000 0.01299512
0.61025000 0.01297536
0.61030000 0.01295571
0.61035000 0.01293617
0.61040000 0.01291675
0.61045000 0.01289745
0.61050000 0.01287825
0.61055000 0.01285918
0.61060000 0.01284021
0.61065000 0.01282136
0.61070000 0.01280263
0.61075000 0.01278400
0.61080000 0.01276549
0.61085000 0.01274710
0.61090000 0.01272882
0.61095000 0.01271065
0.61100000 0.01269260
0.61105000 0.01267466
0.61110000 0.01265683
0.61115000 0.01263911
0.61120000 0.01262151
0.61125000 0.01260403
0.61130000 0.01258665
0.61135000 0.01256939
0.61140000 0.01255224
0.61145000 0.01253520
0.61150000 0.01251828
0.61155000 0.01250147
0.61160000 0.01248477
0.61165000 0.01246818
0.61170000 0.01245171
0.61175000 0.01243535
0.61180000 0.01241910
0.61185000 0.01240297
0.61190000 0.01238694
0.61195000 0.01237103
0.61200000 0.01235523
0.61205000 0.01233954
0.61210000 0.01232397
0.61215000 0.01230850
0.61220000 0.01229315
0.61225000 0.01227791
0.61230000 0.01226278
0.61235000 0.01224776
0.61240000 0.01223286
0.61245000 0.01221806
0.61250000 0.01220338
0.61255000 0.01218881
0.61260000 0.01217435
0.61265000 0.01216000
0.61270000 0.01214576
0.61275000 0.01213163
0.61280000 0.01211762
0.61285000 0.01210371
0.61290000 0.01208991
0.61295000 0.01207623
0.61300000 0.01206266
0.61305000 0.01204919
0.61310000 0.01203584
0.61315000 0.01202260
0.61320000 0.01200947
0.61325000 0.01199645
0.61330000 0.01198353
0.61335000 0.01197073
0.61340000 0.01195804
0.61345000 0.01194546
0.61350000 0.01193299
0.61355000 0.01192063
0.61360000 0.01190838
0.61365000 0.01189624
0.61370000 0.01188420
0.61375000 0.01187228
0.61380000 0.01186047
0.61385000 0.01184876
0.61390000 0.01183717
0.61395000 0.01182569
0.61400000 0.01181431
0.61405000 0.01180304
0.61410000 0.01179189
0.61415000 0.01178084
0.61420000 0.01176990
0.61425000 0.01175907
0.61430000 0.01174835
0.61435000 0.01173773
0.61440000 0.01172723
0.61445000 0.01171683
0.61450000 0.01170655
0.61455000 0.01169637
0.61460000 0.01168630
0.61465000 0.01167633
0.61470000 0.01166648
0.61475000 0.01165673
0.61480000 0.01164710
0.61485000 0.01163757
0.61490000 0.01162815
0.61495000 0.01161883
0.61500000 0.01160963
0.61505000 0.01160053
0.61510000 0.01159154
0.61515000 0.01158265
0.61520000 0.01157388
0.61525000 0.01156521
0.61530000 0.01155665
0.61535000 0.01154820
0.61540000 0.01153985
0.61545000 0.01153161
0.61550000 0.01152348
0.61555000 0.01151546
0.61560000 0.01150754
0.61565000 0.01149973
0.61570000 0.01149202
0.61575000 0.01148443
0.61580000 0.01147694
0.61585000 0.01146955
0.61590000 0.01146227
0.61595000 0.01145510
0.61600000 0.01144804
0.61605000 0.01144108
0.61610000 0.01143423
0.61615000 0.01142748
0.61620000 0.01142084
0.61625000 0.01141431
0.61630000 0.01140788
0.61635000 0.01140156
0.61640000 0.01139535
0.61645000 0.01138924
0.61650000 0.01138323
0.61655000 0.01137733
0.61660000 0.01137154
0.61665000 0.01136585
0.61670000 0.01136027
0.61675000 0.01135479
0.61680000 0.01134942
0.61685000 0.01134415
0.61690000 0.01133899
0.61695000 0.01133394
0.61700000 0.01132899
0.61705000 0.01132414
0.61710000 0.01131940
0.61715000 0.01131476
0.61720000 0.01131023
0.61725000 0.01130580
0.61730000 0.01130148
0.61735000 0.01129726
0.61740000 0.01129315
0.61745000 0.01128914
0.61750000 0.01128523
0.61755000 0.01128143
0.61760000 0.01127773
0.61765000 0.01127414
0.61770000 0.01127065
0.61775000 0.01126727
0.61780000 0.01126399
0.61785000 0.01126081
0.61790000 0.01125774
0.61795000 0.01125477
0.61800000 0.01125190
0.61805000 0.01124914
0.61810000 0.01124648
0.61815000 0.01124392
0.61820000 0.01124147
0.61825000 0.01123912
0.61830000 0.01123687
0.61835000 0.01123473
0.61840000 0.01123269
0.61845000 0.01123075
0.61850000 0.01122892
0.61855000 0.01122718
0.61860000 0.01122556
0.61865000 0.01122403
0.61870000 0.01122261
0.61875000 0.01122128
0.61880000 0.01122007
0.61885000 0.01121895
0.61890000 0.01121794
0.61895000 0.01121702
0.61900000 0.01121621
0.61905000 0.01121551
0.61910000 0.01121490
0.61915000 0.01121440
0.61920000 0.01121400
0.61925000 0.01121370
0.61930000 0.01121350
0.61935000 0.01121340
0.61940000 0.01121341
0.61945000 0.01121351
0.61950000 0.01121372
0.61955000 0.01121403
0.61960000 0.01121444
0.61965000 0.01121495
0.61970000 0.01121557
0.61975000 0.01121628
0.61980000 0.01121710
0.61985000 0.01121801
0.61990000 0.01121903
0.61995000 0.01122015
0.62000000 0.01122137
0.62005000 0.01122269
0.62010000 0.01122411
0.62015000 0.01122563
0.62020000 0.01122725
0.62025000 0.01122897
0.62030000 0.01123079
0.62035000 0.01123271
0.62040000 0.01123473
0.62045000 0.01123686
0.62050000 0.01123908
0.62055000 0.01124140
0.62060000 0.01124382
0.62065000 0.01124635
0.62070000 0.01124897
0.62075000 0.01125169
0.62080000 0.01125451
0.62085000 0.01125743
0.62090000 0.01126045
0.62095000 0.01126357
0.62100000 0.01126679
0.62105000 0.01127011
0.62110000 0.01127352
0.62115000 0.01127704
0.62120000 0.01128066
0.62125000 0.01128437
0.62130000 0.01128818
0.62135000 0.01129210
0.62140000 0.01129611
0.62145000 0.01130022
0.62150000 0.01130442
0.62155000 0.01130873
0.62160000 0.01131314
0.62165000 0.01131764
0.62170000 0.01132224
0.62175000 0.01132694
0.62180000 0.01133174
0.62185000 0.01133664
0.62190000 0.01134163
0.62195000 0.01134673
0.62200000 0.01135192
0.62205000 0.01135721
0.62210000 0.01136259
0.62215000 0.01136808
0.62220000 0.01137366
0.62225000 0.01137934
0.62230000 0.01138511
0.62235000 0.01139099
0.62240000 0.01139696
0.62245000 0.01140303
0.62250000 0.01140919
0.62255000 0.01141546
0.62260000 0.01142182
0.62265000 0.01142828
0.62270000 0.01143483
0.62275000 0.01144148
0.62280000 0.01144823
0.62285000 0.01145507
0.62290000 0.01146201
0.62295000 0.01146905
0.62300000 0.01147619
0.62305000 0.01148342
0.62310000 0.01149074
0.62315000 0.01149817
0.62320000 0.01150569
0.62325000 0.01151330
0.62330000 0.01152102
0.62335000 0.01152882
0.62340000 0.01153673
0.62345000 0.01154473
0.62350000 0.01155282
0.62355000 0.01156101
0.62360000 0.01156930
0.62365000 0.01157768
0.62370000 0.01158616
0.62375000 0.01159473
0.62380000 0.01160340
0.62385000 0.01161217
0.62390000 0.01162103
0.62395000 0.01162998
0.62400000 0.01163903
0.62405000 0.01164818
0.62410000 0.01165742
0.62415000 0.01166675
0.62420000 0.01167618
0.62425000 0.01168570
0.62430000 0.01169532
0.62435000 0.01170504
0.62440000 0.01171484
0.62445000 0.01172475
0.62450000 0.01173474
0.62455000 0.01174483
0.62460000 0.01175502
0.62465000 0.01176530
0.62470000 0.01177567
0.62475000 0.01178614
0.62480000 0.01179670
0.62485000 0.01180736
0.62490000 0.01181811
0.62495000 0.01182895
0.62500000 0.01183989
0.62505000 0.01185092
0.62510000 0.01186204
0.62515000 0.01187326
0.62520000 0.01188457
0.62525000 0.01189597
0.62530000 0.01190747
0.62535000 0.01191906
0.62540000 0.01193075
0.62545000 0.01194252
0.62550000 0.01195439
0.62555000 0.01196636
0.62560000 0.01197841
0.62565000 0.01199056
0.62570000 0.01200280
0.62575000 0.01201513
0.62580000 0.01202756
0.62585000 0.01204008
0.62590000 0.01205269
0.62595000 0.01206539
0.62600000 0.01207819
0.62605000 0.01209108
0.62610000 0.01210406
0.62615000 0.01211713
0.62620000 0.01213029
0.62625000 0.01214355
0.62630000 0.01215690
0.62635000 0.01217034
0.62640000 0.01218387
0.62645000 0.01219749
0.62650000 0.01221121
0.62655000 0.01222501
0.62660000 0.01223891
0.62665000 0.01225290
0.62670000 0.01226698
0.62675000 0.01228115
0.62680000 0.01229541
0.62685000 0.01230977
0.62690000 0.01232421
0.62695000 0.01233875
0.62700000 0.01235337
0.62705000 0.01236809
0.62710000 0.01238290
0.62715000 0.01239780
0.62720000 0.01241279
0.62725000 0.01242787
0.62730000 0.01244304
0.62735000 0.01245830
0.62740000 0.01247365
0.62745000 0.01248909
0.62750000 0.01250462
0.62755000 0.01252024
0.62760000 0.01253595
0.62765000 0.01255175
0.62770000 0.01256765
0.62775000 0.01258363
0.62780000 0.01259970
0.62785000 0.01261586
0.62790000 0.01263211
0.62795000 0.01264845
0.62800000 0.01266488
0.62805000 0.01268139
0.62810000 0.01269800
0.62815000 0.01271470
0.62820000 0.01273149
0.62825000 0.01274836
0.62830000 0.01276532
0.62835000 0.01278238
0.62840000 0.01279952
0.62845000 0.01281675
0.62850000 0.01283407
0.62855000 0.01285148
0.62860000 0.01286898
0.62865000 0.01288656
0.62870000 0.01290424
0.62875000 0.01292200
0.62880000 0.01293985
0.62885000 0.01295779
0.62890000 0.01297581
0.62895000 0.01299393
0.62900000 0.01301213
0.62905000 0.01303042
0.62910000 0.01304880
0.62915000 0.01306727
0.62920000 0.01308583
0.62925000 0.01310447
0.62930000 0.01312320
0.62935000 0.01314202
0.62940000 0.01316092
0.62945000 0.01317991
0.62950000 0.01319899
0.62955000 0.01321816
0.62960000 0.01323742
0.62965000 0.01325676
0.62970000 0.01327619
0.62975000 0.01329570
0.62980000 0.01331530
0.62985000 0.01333499
0.62990000 0.01335477
0.62995000 0.01337463
0.63000000 0.01339458
0.63005000 0.01341462
0.63010000 0.01343474
0.63015000 0.01345495
0.63020000 0.01347525
0.63025000 0.01349563
0.63030000 0.01351610
0.63035000 0.01353665
0.63040000 0.01355729
0.63045000 0.01357802
0.63050000 0.01359883
0.63055000 0.01361973
0.63060000 0.01364071
0.63065000 0.01366178
0.63070000 0.01368293
0.63075000 0.01370418
0.63080000 0.01372550
0.63085000 0.01374691
0.63090000 0.01376841
0.63095000 0.01378999
0.63100000 0.01381166
0.63105000 0.01383341
0.63110000 0.01385525
0.63115000 0.01387717
0.63120000 0.01389918
0.63125000 0.01392128
0.63130000 0.01394345
0.63135000 0.01396572
0.63140000 0.01394723
0.63145000 0.01392559
0.63150000 0.01390405
0.63155000 0.01388261
0.63160000 0.01386128
0.63165000 0.01384004
0.63170000 0.01381892
0.63175000 0.01379789
0.63180000 0.01377697
0.63185000 0.01375615
0.63190000 0.01373543
0.63195000 0.01371482
0.63200000 0.01369431
0.63205000 0.01367390
0.63210000 0.01365360
0.63215000 0.01363339
0.63220000 0.01361329
0.63225000 0.01359330
0.63230000 0.01357340
0.63235000 0.01355361
0.63240000 0.01353392
0.63245000 0.01351433
0.63250000 0.01349484
0.63255000 0.01347545
0.63260000 0.01345617
0.63265000 0.01343699
0.63270000 0.01341791
0.63275000 0.01339893
0.63280000 0.01338005
0.63285000 0.01336128
0.63290000 0.01334260
0.63295000 0.01332403
0.63300000 0.01330556
0.63305000 0.01328719
0.63310000 0.01326892
0.63315000 0.01325075
0.63320000 0.01323268
0.63325000 0.01321472
0.63330000 0.01319685
0.63335000 0.01317909
0.63340000 0.01316143
0.63345000 0.01314386
0.63350000 0.01312640
0.63355000 0.01310904
0.63360000 0.01309178
0.63365000 0.01307462
0.63370000 0.01305756
0.63375000 0.01304060
0.63380000 0.01302374
0.63385000 0.01300698
0.63390000 0.01299032
0.63395000 0.01297376
0.63400000 0.01295730
0.63405000 0.01294094
0.63410000 0.01292467
0.63415000 0.01290851
0.63420000 0.01289245
0.63425000 0.01287649
0.63430000 0.01286063
0.63435000 0.01284487
0.63440000 0.01282920
0.63445000 0.01281364
0.63450000 0.01279817
0.63455000 0.01278281
0.63460000 0.01276754
0.63465000 0.01275237
0.63470000 0.01273730
0.63475000 0.01272233
0.63480000 0.01270746
0.63485000 0.01269269
0.63490000 0.01267801
0.63495000 0.01266344
0.63500000 0.01264896
0.63505000 0.01263458
0.63510000 0.01262030
0.63515000 0.01260612
0.63520000 0.01259204
0.63525000 0.01257805
0.63530000 0.01256416
0.63535000 0.01255037
0.63540000 0.01253668
0.63545000 0.01252309
0.63550000 0.01250959
0.63555000 0.01249619
0.63560000 0.01248289
0.63565000 0.01246969
0.63570000 0.01245658
0.63575000 0.01244358
0.63580000 0.01243066
0.63585000 0.01241785
0.63590000 0.01240513
0.63595000 0.01239252
0.63600000 0.01237999
0.63605000 0.01236757
0.63610000 0.01235524
0.63615000 0.01234301
0.63620000 0.01233087
0.63625000 0.01231884
0.63630000 0.01230690
0.63635000 0.01229505
0.63640000 0.01228330
0.63645000 0.01227165
0.63650000 0.01226010
0.63655000 0.01224864
0.63660000 0.01223728
0.63665000 0.01222601
0.63670000 0.01221484
0.63675000 0.01220376
0.63680000 0.01219279
0.63685000 0.01218190
0.63690000 0.01217112
0.63695000 0.01216043
0.63700000 0.01214983
0.63705000 0.01213933
0.63710000 0.01212893
0.63715000 0.01211862
0.63720000 0.01210841
0.63725000 0.01209829
0.63730000 0.01208827
0.63735000 0.01207834
0.63740000 0.01206851
0.63745000 0.01205877
0.63750000 0.01204913
0.63755000 0.01203958
0.63760000 0.01203013
0.63765000 0.01202077
0.63770000 0.01201151
0.63775000 0.01200234
0.63780000 0.01199327
0.63785000 0.01198429
0.63790000 0.01197540
0.63795000 0.01196661
0.63800000 0.01195792
0.63805000 0.01194932
0.63810000 0.01194081
0.63815000 0.01193239
0.63820000 0.01192407
0.63825000 0.01191585
0.63830000 0.01190772
0.63835000 0.01189968
0.63840000 0.01189174
0.63845000 0.01188388
0.63850000 0.01187613
0.63855000 0.01186846
0.63860000 0.01186089
0.63865000 0.01185342
0.63870000 0.01184603
0.63875000 0.01183874
0.63880000 0.01183155
0.63885000 0.01182444
0.63890000 0.01181743
0.63895000 0.01181051
0.63900000 0.01180369
0.63905000 0.01179696
0.63910000 0.01179032
0.63915000 0.01178377
0.63920000 0.01177732
0.63925000 0.01177096
0.63930000 0.01176469
0.63935000 0.01175851
0.63940000 0.01175243
0.63945000 0.01174643
0.63950000 0.01174053
0.63955000 0.01173473
0.63960000 0.01172901
0.63965000 0.01172339
0.63970000 0.01171785
0.63975000 0.01171241
0.63980000 0.01170707
0.63985000 0.01170181
0.63990000 0.01169664
0.63995000 0.01169157
0.64000000 0.01168659
0.64005000 0.01168170
0.64010000 0.01167690
0.64015000 0.01167219
0.64020000 0.01166758
0.64025000 0.01166305
0.64030000 0.01165862
0.64035000 0.01165427
0.64040000 0.01165002
0.64045000 0.01164586
0.64050000 0.01164179
0.64055000 0.01163781
0.64060000 0.01163392
0.64065000 0.01163012
0.64070000 0.01162641
0.64075000 0.01162279
0.64080000 0.01161927
0.64085000 0.01161583
0.64090000 0.01161248
0.64095000 0.01160923
0.64100000 0.01160606
0.64105000 0.01160298
0.64110000 0.01160000
0.64115000 0.01159710
0.64120000 0.01159429
0.64125000 0.01159157
0.64130000 0.01158895
0.64135000 0.01158641
0.64140000 0.01158396
0.64145000 0.01158160
0.64150000 0.01157933
0.64155000 0.01157715
0.64160000 0.01157506
0.64165000 0.01157306
0.64170000 0.01157115
0.64175000 0.01156932
0.64180000 0.01156759
0.64185000 0.01156594
0.64190000 0.01156439
0.64195000 0.01156292
0.64200000 0.01156154
0.64205000 0.01156025
0.64210000 0.01155905
0.64215000 0.01155793
0.64220000 0.01155691
0.64225000 0.01155597
0.64230000 0.01155512
0.64235000 0.01155436
0.64240000 0.01155369
0.64245000 0.01155311
0.64250000 0.01155261
0.64255000 0.01155220
0.64260000 0.01155188
0.64265000 0.01155165
0.64270000 0.01155150
0.64275000 0.01155145
0.64280000 0.01155148
0.64285000 0.01155160
0.64290000 0.01155180
0.64295000 0.01155209
0.64300000 0.01155248
0.64305000 0.01155294
0.64310000 0.01155350
0.64315000 0.01155414
0.64320000 0.01155487
0.64325000 0.01155568
0.64330000 0.01155659
0.64335000 0.01155758
0.64340000 0.01155865
0.64345000 0.01155982
0.64350000 0.01156106
0.64355000 0.01156240
0.64360000 0.01156382
0.64365000 0.01156533
0.64370000 0.01156693
0.64375000 0.01156861
0.64380000 0.01157038
0.64385000 0.01157223
0.64390000 0.01157417
0.64395000 0.01157620
0.64400000 0.01157831
0.64405000 0.01158051
0.64410000 0.01158279
0.64415000 0.01158516
0.64420000 0.01158761
0.64425000 0.01159016
0.64430000 0.01159278
0.64435000 0.01159549
0.64440000 0.01159829
0.64445000 0.01160117
0.64450000 0.01160414
0.64455000 0.01160719
0.64460000 0.01161033
0.64465000 0.01161355
0.64470000 0.01161686
0.64475000 0.01162025
0.64480000 0.01162373
0.64485000 0.01162729
0.64490000 0.01163094
0.64495000 0.01163467
0.64500000 0.01163849
0.64505000 0.01164239
0.64510000 0.01164637
0.64515000 0.01165044
0.64520000 0.01165459
0.64525000 0.01165883
0.64530000 0.01166315
0.64535000 0.01166756
0.64540000 0.01167205
0.64545000 0.01167662
0.64550000 0.01168128
0.64555000 0.01168602
0.64560000 0.01169085
0.64565000 0.01169576
0.64570000 0.01170075
0.64575000 0.01170582
0.64580000 0.01171098
0.64585000 0.01171623
0.64590000 0.01172155
0.64595000 0.01172696
0.64600000 0.01173245
0.64605000 0.01173803
0.64610000 0.01174369
0.64615000 0.01174943
0.64620000 0.01175525
0.64625000 0.01176116
0.64630000 0.01176715
0.64635000 0.01177322
0.64640000 0.01177938
0.64645000 0.01178561
0.64650000 0.01179193
0.64655000 0.01179834
0.64660000 0.01180482
0.64665000 0.01181139
0.64670000 0.01181804
0.64675000 0.01182477
0.64680000 0.01183158
0.64685000 0.01183848
0.64690000 0.01184545
0.64695000 0.01185251
0.64700000 0.01185965
0.64705000 0.01186688
0.64710000 0.01187418
0.64715000 0.01188157
0.64720000 0.01188903
0.64725000 0.01189658
0.64730000 0.01190421
0.64735000 0.01191192
0.64740000 0.01191972
0.64745000 0.01192759
0.64750000 0.01193554
0.64755000 0.01194358
0.64760000 0.01195170
0.64765000 0.01195989
0.64770000 0.01196817
0.64775000 0.01197653
0.64780000 0.01198497
0.64785000 0.01199349
0.64790000 0.01200209
0.64795000 0.01201077
0.64800000 0.01201954
0.64805000 0.01202838
0.64810000 0.01203730
0.64815000 0.01204630
0.64820000 0.01205539
0.64825000 0.01206455
0.64830000 0.01207379
0.64835000 0.01208311
0.64840000 0.01209252
0.64845000 0.01210200
0.64850000 0.01211156
0.64855000 0.01212120
0.64860000 0.01213092
0.64865000 0.01214072
0.64870000 0.01215060
0.64875000 0.01216056
0.64880000 0.01217060
0.64885000 0.01218072
0.64890000 0.01219092
0.64895000 0.01220119
0.64900000 0.01221155
0.64905000 0.01222198
0.64910000 0.01223250
0.64915000 0.01224309
0.64920000 0.01225376
0.64925000 0.01226451
0.64930000 0.01227534
0.64935000 0.01228624
0.64940000 0.01229723
0.64945000 0.01230829
0.64950000 0.01231943
0.64955000 0.01233065
0.64960000 0.01234195
0.64965000 0.01235333
0.64970000 0.01236478
0.64975000 0.01237631
0.64980000 0.01238792
0.64985000 0.01239961
0.64990000 0.01241138
0.64995000 0.01242322
0.65000000 0.01243514
0.65005000 0.01244714
0.65010000 0.01245922
0.65015000 0.01247137
0.65020000 0.01248360
0.65025000 0.01249591
0.65030000 0.01250830
0.65035000 0.01252076
0.65040000 0.01253330
0.65045000 0.01254592
0.65050000 0.01255861
0.65055000 0.01257138
0.65060000 0.01258423
0.65065000 0.01259715
0.65070000 0.01261015
0.65075000 0.01262323
0.65080000 0.01263639
0.65085000 0.01264962
0.65090000 0.01266292
0.65095000 0.01267631
0.65100000 0.01268977
0.65105000 0.01270330
0.65110000 0.01271691
0.65115000 0.01273060
0.65120000 0.01274437
0.65125000 0.01275821
0.65130000 0.01277212
0.65135000 0.01278611
0.65140000 0.01280018
0.65145000 0.01281432
0.65150000 0.01282854
0.65155000 0.01284284
0.65160000 0.01285721
0.65165000 0.01287165
0.65170000 0.01288617
0.65175000 0.01290077
0.65180000 0.01291544
0.65185000 0.01293018
0.65190000 0.01294501
0.65195000 0.01295990
0.65200000 0.01297487
0.65205000 0.01298992
0.65210000 0.01300504
0.65215000 0.01302023
0.65220000 0.01303550
0.65225000 0.01305085
0.65230000 0.01306627
0.65235000 0.01308176
0.65240000 0.01309733
0.65245000 0.01311297
0.65250000 0.01312868
0.65255000 0.01314447
0.65260000 0.01316034
0.65265000 0.01317628
0.65270000 0.01319229
0.65275000 0.01320838
0.65280000 0.01322454
0.65285000 0.01324077
0.65290000 0.01325708
0.65295000 0.01327346
0.65300000 0.01328991
0.65305000 0.01330644
0.65310000 0.01332304
0.65315000 0.01333972
0.65320000 0.01335646
0.65325000 0.01337329
0.65330000 0.01339018
0.65335000 0.01340715
0.65340000 0.01342419
0.65345000 0.01344130
0.65350000 0.01345849
0.65355000 0.01347575
0.65360000 0.01349308
0.65365000 0.01351048
0.65370000 0.01352796
0.65375000 0.01354551
0.65380000 0.01356313
0.65385000 0.01358082
0.65390000 0.01359859
0.65395000 0.01361643
0.65400000 0.01363434
0.65405000 0.01365232
0.65410000 0.01367038
0.65415000 0.01368851
0.65420000 0.01370671
0.65425000 0.01372498
0.65430000 0.01374332
0.65435000 0.01376173
0.65440000 0.01378022
0.65445000 0.01379878
0.65450000 0.01381741
0.65455000 0.01380510
0.65460000 0.01378652
0.65465000 0.01376804
0.65470000 0.01374965
0.65475000 0.01373134
0.65480000 0.01371313
0.65485000 0.01369501
0.65490000 0.01367697
0.65495000 0.01365903
0.65500000 0.01364117
0.65505000 0.01362341
0.65510000 0.01360573
0.65515000 0.01358815
0.65520000 0.01357065
0.65525000 0.01355324
0.65530000 0.01353593
0.65535000 0.01351870
0.65540000 0.01350156
0.65545000 0.01348451
0.65550000 0.01346754
0.65555000 0.01345067
0.65560000 0.01343389
0.65565000 0.01341719
0.65570000 0.01340058
0.65575000 0.01338406
0.65580000 0.01336763
0.65585000 0.01335129
0.65590000 0.01333504
0.65595000 0.01331887
0.65600000 0.01330280
0.65605000 0.01328681
0.65610000 0.01327091
0.65615000 0.01325510
0.65620000 0.01323937
0.65625000 0.01322373
0.65630000 0.01320818
0.65635000 0.01319272
0.65640000 0.01317735
0.65645000 0.01316206
0.65650000 0.01314687
0.65655000 0.01313175
0.65660000 0.01311673
0.65665000 0.01310180
0.65670000 0.01308695
0.65675000 0.01307218
0.65680000 0.01305751
0.65685000 0.01304292
0.65690000 0.01302842
0.65695000 0.01301401
0.65700000 0.01299968
0.65705000 0.01298544
0.65710000 0.01297129
0.65715000 0.01295722
0.65720000 0.01294324
0.65725000 0.01292935
0.65730000 0.01291554
0.65735000 0.01290182
0.65740000 0.01288818
0.65745000 0.01287464
0.65750000 0.01286117
0.65755000 0.01284780
0.65760000 0.01283451
0.65765000 0.01282130
0.65770000 0.01280819
0.65775000 0.01279515
0.65780000 0.01278221
0.65785000 0.01276935
0.65790000 0.01275657
0.65795000 0.01274388
0.65800000 0.01273128
0.65805000 0.01271876
0.65810000 0.01270632
0.65815000 0.01269398
0.65820000 0.01268171
0.65825000 0.01266953
0.65830000 0.01265744
0.65835000 0.01264543
0.65840000 0.01263351
0.65845000 0.01262167
0.65850000 0.01260992
0.65855000 0.01259825
0.65860000 0.01258667
0.65865000 0.01257517
0.65870000 0.01256375
0.65875000 0.01255242
0.65880000 0.01254117
0.65885000 0.01253001
0.65890000 0.01251894
0.65895000 0.01250794
0.65900000 0.01249703
0.65905000 0.01248621
0.65910000 0.01247547
0.65915000 0.01246481
0.65920000 0.01245423
0.65925000 0.01244375
0.65930000 0.01243334
0.65935000 0.01242302
0.65940000 0.01241278
0.65945000 0.01240262
0.65950000 0.01239255
0.65955000 0.01238256
0.65960000 0.01237266
0.65965000 0.01236283
0.65970000 0.01235309
0.65975000 0.01234344
0.65980000 0.01233387
0.65985000 0.01232437
0.65990000 0.01231497
0.65995000 0.01230564
0.66000000 0.01229640
0.66005000 0.01228724
0.66010000 0.01227817
0.66015000 0.01226917
0.66020000 0.01226026
0.66025000 0.01225143
0.66030000 0.01224268
0.66035000 0.01223402
0.66040000 0.01222544
0.66045000 0.01221694
0.66050000 0.01220852
0.66055000 0.01220018
0.66060000 0.01219193
0.66065000 0.01218376
0.66070000 0.01217567
0.66075000 0.01216766
0.66080000 0.01215973
0.66085000 0.01215188
0.66090000 0.01214412
0.66095000 0.01213644
0.66100000 0.01212884
0.66105000 0.01212132
0.66110000 0.01211388
0.66115000 0.01210652
0.66120000 0.01209924
0.66125000 0.01209205
0.66130000 0.01208493
0.66135000 0.01207790
0.66140000 0.01207095
0.66145000 0.01206407
0.66150000 0.01205728
0.66155000 0.01205057
0.66160000 0.01204394
0.66165000 0.01203739
0.66170000 0.01203092
0.66175000 0.01202453
0.66180000 0.01201822
0.66185000 0.01201199
0.66190000 0.01200585
0.66195000 0.01199978
0.66200000 0.01199379
0.66205000 0.01198788
0.66210000 0.01198205
0.66215000 0.01197630
0.66220000 0.01197063
0.66225000 0.01196505
0.66230000 0.01195954
0.66235000 0.01195411
0.66240000 0.01194875
0.66245000 0.01194348
0.66250000 0.01193829
0.66255000 0.01193318
0.66260000 0.01192814
0.66265000 0.01192319
0.66270000 0.01191831
0.66275000 0.01191352
0.66280000 0.01190880
0.66285000 0.01190416
0.66290000 0.01189960
0.66295000 0.01189512
0.66300000 0.01189072
0.66305000 0.01188639
0.66310000 0.01188215
0.66315000 0.01187798
0.66320000 0.01187389
0.66325000 0.01186988
0.66330000 0.01186595
0.66335000 0.01186210
0.66340000 0.01185832
0.66345000 0.01185462
0.66350000 0.01185100
0.66355000 0.01184746
0.66360000 0.01184400
0.66365000 0.01184061
0.66370000 0.01183730
0.66375000 0.01183407
0.66380000 0.01183092
0.66385000 0.01182784
0.66390000 0.01182484
0.66395000 0.01182192
0.66400000 0.01181908
0.66405000 0.01181631
0.66410000 0.01181362
0.66415000 0.01181101
0.66420000 0.01180847
0.66425000 0.01180601
0.66430000 0.01180363
0.66435000 0.01180133
0.66440000 0.01179910
0.66445000 0.01179695
0.66450000 0.01179487
0.66455000 0.01179288
0.66460000 0.01179095
0.66465000 0.01178911
0.66470000 0.01178734
0.66475000 0.01178565
0.66480000 0.01178403
0.66485000 0.01178249
0.66490000 0.01178103
0.66495000 0.01177964
0.66500000 0.01177832
0.66505000 0.01177709
0.66510000 0.01177593
0.66515000 0.01177484
0.66520000 0.01177383
0.66525000 0.01177290
0.66530000 0.01177204
0.66535000 0.01177126
0.66540000 0.01177055
0.66545000 0.01176992
0.66550000 0.01176936
0.66555000 0.01176888
0.66560000 0.01176847
0.66565000 0.01176814
0.66570000 0.01176789
0.66575000 0.01176771
0.66580000 0.01176760
0.66585000 0.01176757
0.66590000 0.01176761
0.66595000 0.01176773
0.66600000 0.01176792
0.66605000 0.01176819
0.66610000 0.01176853
0.66615000 0.01176894
0.66620000 0.01176943
0.66625000 0.01177000
0.66630000 0.01177064
0.66635000 0.01177135
0.66640000 0.01177214
0.66645000 0.01177300
0.66650000 0.01177393
0.66655000 0.01177494
0.66660000 0.01177602
0.66665000 0.01177718
0.66670000 0.01177841
0.66675000 0.01177971
0.66680000 0.01178109
0.66685000 0.01178254
0.66690000 0.01178406
0.66695000 0.01178566
0.66700000 0.01178733
0.66705000 0.01178907
0.66710000 0.01179088
0.66715000 0.01179277
0.66720000 0.01179474
0.66725000 0.01179677
0.66730000 0.01179888
0.66735000 0.01180106
0.66740000 0.01180331
0.66745000 0.01180564
0.66750000 0.01180804
0.66755000 0.01181051
0.66760000 0.01181305
0.66765000 0.01181567
0.66770000 0.01181836
0.66775000 0.01182112
0.66780000 0.01182395
0.66785000 0.01182685
0.66790000 0.01182983
0.66795000 0.01183288
0.66800000 0.01183600
0.66805000 0.01183919
0.66810000 0.01184246
0.66815000 0.01184579
0.66820000 0.01184920
0.66825000 0.01185268
0.66830000 0.01185623
0.66835000 0.01185985
0.66840000 0.01186355
0.66845000 0.01186731
0.66850000 0.01187115
0.66855000 0.01187506
0.66860000 0.01187903
0.66865000 0.01188308
0.66870000 0.01188720
0.66875000 0.01189139
0.66880000 0.01189566
0.66885000 0.01189999
0.66890000 0.01190439
0.66895000 0.01190887
0.66900000 0.01191341
0.66905000 0.01191803
0.66910000 0.01192271
0.66915000 0.01192747
0.66920000 0.01193230
0.66925000 0.01193719
0.66930000 0.01194216
0.66935000 0.01194720
0.66940000 0.01195230
0.66945000 0.01195748
0.66950000 0.01196273
0.66955000 0.01196804
0.66960000 0.01197343
0.66965000 0.01197888
0.66970000 0.01198441
0.66975000 0.01199001
0.66980000 0.01199567
0.66985000 0.01200140
0.66990000 0.01200721
0.66995000 0.01201308
0.67000000 0.01201902
0.67005000 0.01202503
0.67010000 0.01203111
0.67015000 0.01203726
0.67020000 0.01204348
0.67025000 0.01204977
0.67030000 0.01205613
0.67035000 0.01206255
0.67040000 0.01206904
0.67045000 0.01207561
0.67050000 0.01208224
0.67055000 0.01208894
0.67060000 0.01209570
0.67065000 0.01210254
0.67070000 0.01210944
0.67075000 0.01211642
0.67080000 0.01212346
0.67085000 0.01213057
0.67090000 0.01213774
0.67095000 0.01214499
0.67100000 0.01215230
0.67105000 0.01215968
0.67110000 0.01216713
0.67115000 0.01217465
0.67120000 0.01218223
0.67125000 0.01218988
0.67130000 0.01219760
0.67135000 0.01220539
0.67140000 0.01221324
0.67145000 0.01222116
0.67150000 0.01222915
0.67155000 0.01223721
0.67160000 0.01224533
0.67165000 0.01225352
0.67170000 0.01226177
0.67175000 0.01227010
0.67180000 0.01227849
0.67185000 0.01228694
0.67190000 0.01229547
0.67195000 0.01230406
0.67200000 0.01231272
0.67205000 0.01232144
0.67210000 0.01233023
0.67215000 0.01233909
0.67220000 0.01234801
0.67225000 0.01235700
0.67230000 0.01236605
0.67235000 0.01237517
0.67240000 0.01238436
0.67245000 0.01239361
0.67250000 0.01240293
0.67255000 0.01241232
0.67260000 0.01242177
0.67265000 0.01243129
0.67270000 0.01244087
0.67275000 0.01245052
0.67280000 0.01246023
0.67285000 0.01247001
0.67290000 0.01247985
0.67295000 0.01248976
0.67300000 0.01249974
0.67305000 0.01250978
0.67310000 0.01251988
0.67315000 0.01253005
0.67320000 0.01254029
0.67325000 0.01255059
0.67330000 0.01256095
0.67335000 0.01257138
0.67340000 0.01258188
0.67345000 0.01259244
0.67350000 0.01260306
0.67355000 0.01261375
0.67360000 0.01262450
0.67365000 0.01263532
0.67370000 0.01264620
0.67375000 0.01265715
0.67380000 0.01266816
0.67385000 0.01267923
0.67390000 0.01269037
0.67395000 0.01270157
0.67400000 0.01271284
0.67405000 0.01272417
0.67410000 0.01273556
0.67415000 0.01274702
0.67420000 0.01275854
0.67425000 0.01277012
0.67430000 0.01278177
0.67435000 0.01279348
0.67440000 0.01280526
0.67445000 0.01281710
0.67450000 0.01282900
0.67455000 0.01284097
0.67460000 0.01285299
0.67465000 0.01286509
0.67470000 0.01287724
0.67475000 0.01288946
0.67480000 0.01290174
0.67485000 0.01291408
0.67490000 0.01292649
0.67495000 0.01293896
0.67500000 0.01295149
0.67505000 0.01296408
0.67510000 0.01297674
0.67515000 0.01298946
0.67520000 0.01300224
0.67525000 0.01301508
0.67530000 0.01302799
0.67535000 0.01304096
0.67540000 0.01305399
0.67545000 0.01306708
0.67550000 0.01308023
0.67555000 0.01309345
0.67560000 0.01310673
0.67565000 0.01312007
0.67570000 0.01313347
0.67575000 0.01314693
0.67580000 0.01316046
0.67585000 0.01317404
0.67590000 0.01318769
0.67595000 0.01320140
0.67600000 0.01321517
0.67605000 0.01322900
0.67610000 0.01324289
0.67615000 0.01325685
0.67620000 0.01327086
0.67625000 0.01328494
0.67630000 0.01329907
0.67635000 0.01331327
0.67640000 0.01332753
0.67645000 0.01334185
0.67650000 0.01335623
0.67655000 0.01337067
0.67660000 0.01338517
0.67665000 0.01339973
0.67670000 0.01341436
0.67675000 0.01342904
0.67680000 0.01344378
0.67685000 0.01345858
0.67690000 0.01347345
0.67695000 0.01348837
0.67700000 0.01350335
0.67705000 0.01351840
0.67710000 0.01353350
0.67715000 0.01354866
0.67720000 0.01356389
0.67725000 0.01357917
0.67730000 0.01359451
0.67735000 0.01358023
0.67740000 0.01356447
0.67745000 0.01354879
0.67750000 0.01353318
0.67755000 0.01351765
0.67760000 0.01350220
0.67765000 0.01348683
0.67770000 0.01347153
0.67775000 0.01345632
0.67780000 0.01344117
0.67785000 0.01342611
0.67790000 0.01341112
0.67795000 0.01339621
0.67800000 0.01338138
0.67805000 0.01336662
0.67810000 0.01335194
0.67815000 0.01333734
0.67820000 0.01332281
0.67825000 0.01330837
0.67830000 0.01329399
0.67835000 0.01327970
0.67840000 0.01326548
0.67845000 0.01325133
0.67850000 0.01323727
0.67855000 0.01322328
0.67860000 0.01320936
0.67865000 0.01319552
0.67870000 0.01318176
0.67875000 0.01316808
0.67880000 0.01315446
0.67885000 0.01314093
0.67890000 0.01312747
0.67895000 0.01311409
0.67900000 0.01310078
0.67905000 0.01308755
0.67910000 0.01307439
0.67915000 0.01306131
0.67920000 0.01304831
0.67925000 0.01303538
0.67930000 0.01302252
0.67935000 0.01300974
0.67940000 0.01299704
0.67945000 0.01298441
0.67950000 0.01297185
0.67955000 0.01295937
0.67960000 0.01294697
0.67965000 0.01293464
0.67970000 0.01292239
0.67975000 0.01291020
0.67980000 0.01289810
0.67985000 0.01288607
0.67990000 0.01287411
0.67995000 0.01286223
0.68000000 0.01285042
0.68005000 0.01283869
0.68010000 0.01282703
0.68015000 0.01281544
0.68020000 0.01280393
0.68025000 0.01279249
0.68030000 0.01278113
0.68035000 0.01276984
0.68040000 0.01275862
0.68045000 0.01274748
0.68050000 0.01273641
0.68055000 0.01272542
0.68060000 0.01271449
0.68065000 0.01270365
0.68070000 0.01269287
0.68075000 0.01268217
0.68080000 0.01267154
0.68085000 0.01266099
0.68090000 0.01265051
0.68095000 0.01264010
0.68100000 0.01262976
0.68105000 0.01261950
0.68110000 0.01260931
0.68115000 0.01259919
0.68120000 0.01258915
0.68125000 0.01257917
0.68130000 0.01256928
0.68135000 0.01255945
0.68140000 0.01254969
0.68145000 0.01254001
0.68150000 0.01253040
0.68155000 0.01252087
0.68160000 0.01251140
0.68165000 0.01250201
0.68170000 0.01249269
0.68175000 0.01248344
0.68180000 0.01247426
0.68185000 0.01246516
0.68190000 0.01245612
0.68195000 0.01244716
0.68200000 0.01243827
0.68205000 0.01242946
0.68210000 0.01242071
0.68215000 0.01241203
0.68220000 0.01240343
0.68225000 0.01239490
0.68230000 0.01238644
0.68235000 0.01237805
0.68240000 0.01236973
0.68245000 0.01236148
0.68250000 0.01235330
0.68255000 0.01234520
0.68260000 0.01233716
0.68265000 0.01232920
0.68270000 0.01232131
0.68275000 0.01231348
0.68280000 0.01230573
0.68285000 0.01229805
0.68290000 0.01229044
0.68295000 0.01228290
0.68300000 0.01227543
0.68305000 0.01226803
0.68310000 0.01226070
0.68315000 0.01225344
0.68320000 0.01224625
0.68325000 0.01223913
0.68330000 0.01223208
0.68335000 0.01222510
0.68340000 0.01221819
0.68345000 0.01221135
0.68350000 0.01220458
0.68355000 0.01219788
0.68360000 0.01219125
0.68365000 0.01218469
0.68370000 0.01217820
0.68375000 0.01217178
0.68380000 0.01216542
0.68385000 0.01215914
0.68390000 0.01215292
0.68395000 0.01214678
0.68400000 0.01214070
0.68405000 0.01213469
0.68410000 0.01212875
0.68415000 0.01212288
0.68420000 0.01211708
0.68425000 0.01211135
0.68430000 0.01210569
0.68435000 0.01210009
0.68440000 0.01209456
0.68445000 0.01208911
0.68450000 0.01208372
0.68455000 0.01207839
0.68460000 0.01207314
0.68465000 0.01206796
0.68470000 0.01206284
0.68475000 0.01205779
0.68480000 0.01205281
0.68485000 0.01204790
0.68490000 0.01204305
0.68495000 0.01203827
0.68500000 0.01203356
0.68505000 0.01202892
0.68510000 0.01202435
0.68515000 0.01201984
0.68520000 0.01201540
0.68525000 0.01201103
0.68530000 0.01200672
0.68535000 0.01200249
0.68540000 0.01199832
0.68545000 0.01199421
0.68550000 0.01199018
0.68555000 0.01198621
0.68560000 0.01198231
0.68565000 0.01197847
0.68570000 0.01197470
0.68575000 0.01197100
0.68580000 0.01196737
0.68585000 0.01196380
0.68590000 0.01196030
0.68595000 0.01195686
0.68600000 0.01195349
0.68605000 0.01195019
0.68610000 0.01194695
0.68615000 0.01194378
0.68620000 0.01194068
0.68625000 0.01193764
0.68630000 0.01193467
0.68635000 0.01193177
0.68640000 0.01192893
0.68645000 0.01192615
0.68650000 0.01192344
0.68655000 0.01192080
0.68660000 0.01191822
0.68665000 0.01191571
0.68670000 0.01191327
0.68675000 0.01191089
0.68680000 0.01190857
0.68685000 0.01190632
0.68690000 0.01190414
0.68695000 0.01190202
0.68700000 0.01189997
0.68705000 0.01189798
0.68710000 0.01189605
0.68715000 0.01189419
0.68720000 0.01189240
0.68725000 0.01189067
0.68730000 0.01188901
0.68735000 0.01188741
0.68740000 0.01188587
0.68745000 0.01188440
0.68750000 0.01188300
0.68755000 0.01188165
0.68760000 0.01188038
0.68765000 0.01187916
0.68770000 0.01187801
0.68775000 0.01187693
0.68780000 0.01187591
0.68785000 0.01187495
0.68790000 0.01187406
0.68795000 0.01187323
0.68800000 0.01187247
0.68805000 0.01187177
0.68810000 0.01187113
0.68815000 0.01187055
0.68820000 0.01187004
0.68825000 0.01186960
0.68830000 0.01186921
0.68835000 0.01186889
0.68840000 0.01186864
0.68845000 0.01186844
0.68850000 0.01186831
0.68855000 0.01186825
0.68860000 0.01186824
0.68865000 0.01186830
0.68870000 0.01186842
0.68875000 0.01186861
0.68880000 0.01186886
0.68885000 0.01186917
0.68890000 0.01186954
0.68895000 0.01186998
0.68900000 0.01187047
0.68905000 0.01187104
0.68910000 0.01187166
0.68915000 0.01187234
0.68920000 0.01187309
0.68925000 0.01187390
0.68930000 0.01187477
0.68935000 0.01187571
0.68940000 0.01187670
0.68945000 0.01187776
0.68950000 0.01187888
0.68955000 0.01188007
0.68960000 0.01188131
0.68965000 0.01188261
0.68970000 0.01188398
0.68975000 0.01188541
0.68980000 0.01188690
0.68985000 0.01188845
0.68990000 0.01189007
0.68995000 0.01189174
0.69000000 0.01189348
0.69005000 0.01189527
0.69010000 0.01189713
0.69015000 0.01189905
0.69020000 0.01190103
0.69025000 0.01190307
0.69030000 0.01190517
0.69035000 0.01190734
0.69040000 0.01190956
0.69045000 0.01191184
0.69050000 0.01191419
0.69055000 0.01191659
0.69060000 0.01191906
0.69065000 0.01192159
0.69070000 0.01192417
0.69075000 0.01192682
0.69080000 0.01192953
0.69085000 0.01193229
0.69090000 0.01193512
0.69095000 0.01193801
0.69100000 0.01194096
0.69105000 0.01194397
0.69110000 0.01194703
0.69115000 0.01195016
0.69120000 0.01195335
0.69125000 0.01195659
0.69130000 0.01195990
0.69135000 0.01196326
0.69140000 0.01196669
0.69145000 0.01197017
0.69150000 0.01197372
0.69155000 0.01197732
0.69160000 0.01198098
0.69165000 0.01198471
0.69170000 0.01198849
0.69175000 0.01199233
0.69180000 0.01199622
0.69185000 0.01200018
0.69190000 0.01200420
0.69195000 0.01200827
0.69200000 0.01201241
0.69205000 0.01201660
0.69210000 0.01202085
0.69215000 0.01202516
0.69220000 0.01202953
0.69225000 0.01203396
0.69230000 0.01203844
0.69235000 0.01204298
0.69240000 0.01204759
0.69245000 0.01205224
0.69250000 0.01205696
0.69255000 0.01206174
0.69260000 0.01206657
0.69265000 0.01207146
0.69270000 0.01207641
0.69275000 0.01208142
0.69280000 0.01208648
0.69285000 0.01209161
0.69290000 0.01209679
0.69295000 0.01210202
0.69300000 0.01210732
0.69305000 0.01211267
0.69310000 0.01211808
0.69315000 0.01212355
0.69320000 0.01212907
0.69325000 0.01213465
0.69330000 0.01214029
0.69335000 0.01214599
0.69340000 0.01215174
0.69345000 0.01215755
0.69350000 0.01216341
0.69355000 0.01216934
0.69360000 0.01217531
0.69365000 0.01218135
0.69370000 0.01218744
0.69375000 0.01219359
0.69380000 0.01219980
0.69385000 0.01220606
0.69390000 0.01221238
0.69395000 0.01221875
0.69400000 0.01222518
0.69405000 0.01223167
0.69410000 0.01223821
0.69415000 0.01224481
0.69420000 0.01225147
0.69425000 0.01225818
0.69430000 0.01226494
0.69435000 0.01227176
0.69440000 0.01227864
0.69445000 0.01228558
0.69450000 0.01229256
0.69455000 0.01229961
0.69460000 0.01230671
0.69465000 0.01231386
0.69470000 0.01232107
0.69475000 0.01232834
0.69480000 0.01233566
0.69485000 0.01234304
0.69490000 0.01235047
0.69495000 0.01235795
0.69500000 0.01236550
0.69505000 0.01237309
0.69510000 0.01238074
0.69515000 0.01238845
0.69520000 0.01239621
0.69525000 0.01240402
0.69530000 0.01241189
0.69535000 0.01241982
0.69540000 0.01242779
0.69545000 0.01243583
0.69550000 0.01244391
0.69555000 0.01245205
0.69560000 0.01246025
0.69565000 0.01246850
0.69570000 0.01247680
0.69575000 0.01248516
0.69580000 0.01249357
0.69585000 0.01250204
0.69590000 0.01251056
0.69595000 0.01251913
0.69600000 0.01252776
0.69605000 0.01253644
0.69610000 0.01254517
0.69615000 0.01255396
0.69620000 0.01256280
0.69625000 0.01257169
0.69630000 0.01258064
0.69635000 0.01258964
0.69640000 0.01259869
0.69645000 0.01260780
0.69650000 0.01261696
0.69655000 0.01262617
0.69660000 0.01263544
0.69665000 0.01264476
0.69670000 0.01265413
0.69675000 0.01266355
0.69680000 0.01267303
0.69685000 0.01268256
0.69690000 0.01269214
0.69695000 0.01270178
0.69700000 0.01271146
0.69705000 0.01272120
0.69710000 0.01273100
0.69715000 0.01274084
0.69720000 0.01275074
0.69725000 0.01276069
0.69730000 0.01277069
0.69735000 0.01278074
0.69740000 0.01279084
0.69745000 0.01280100
0.69750000 0.01281121
0.69755000 0.01282147
0.69760000 0.01283178
0.69765000 0.01284214
0.69770000 0.01285256
0.69775000 0.01286302
0.69780000 0.01287354
0.69785000 0.01288411
0.69790000 0.01289473
0.69795000 0.01290540
0.69800000 0.01291612
0.69805000 0.01292690
0.69810000 0.01293772
0.69815000 0.01294860
0.69820000 0.01295953
0.69825000 0.01297050
0.69830000 0.01298153
0.69835000 0.01299261
0.69840000 0.01300374
0.69845000 0.01301492
0.69850000 0.01302616
0.69855000 0.01303744
0.69860000 0.01304877
0.69865000 0.01306015
0.69870000 0.01307159
0.69875000 0.01308307
0.69880000 0.01309460
0.69885000 0.01310619
0.69890000 0.01311782
0.69895000 0.01312951
0.69900000 0.01314124
0.69905000 0.01315302
0.69910000 0.01316486
0.69915000 0.01317674
0.69920000 0.01318867
0.69925000 0.01320066
0.69930000 0.01321269
0.69935000 0.01322477
0.69940000 0.01323690
0.69945000 0.01324908
0.69950000 0.01326131
0.69955000 0.01327359
0.69960000 0.01328592
0.69965000 0.01329830
0.69970000 0.01330156
0.69975000 0.01328816
0.69980000 0.01327482
0.69985000 0.01326154
0.69990000 0.01324834
0.69995000 0.01323520
0.70000000 0.01322212
0.70005000 0.01320912
0.70010000 0.01319617
0.70015000 0.01318330
0.70020000 0.01317049
0.70025000 0.01315775
0.70030000 0.01314507
0.70035000 0.01313246
0.70040000 0.01311991
0.70045000 0.01310743
0.70050000 0.01309501
0.70055000 0.01308266
0.70060000 0.01307038
0.70065000 0.01305816
0.70070000 0.01304601
0.70075000 0.01303392
0.70080000 0.01302190
0.70085000 0.01300994
0.70090000 0.01299805
0.70095000 0.01298622
0.70100000 0.01297446
0.70105000 0.01296276
0.70110000 0.01295113
0.70115000 0.01293956
0.70120000 0.01292806
0.70125000 0.01291662
0.70130000 0.01290525
0.70135000 0.01289394
0.70140000 0.01288269
0.70145000 0.01287151
0.70150000 0.01286039
0.70155000 0.01284934
0.70160000 0.01283835
0.70165000 0.01282743
0.70170000 0.01281657
0.70175000 0.01280578
0.70180000 0.01279504
0.70185000 0.01278438
0.70190000 0.01277377
0.70195000 0.01276323
0.70200000 0.01275276
0.70205000 0.01274234
0.70210000 0.01273199
0.70215000 0.01272171
0.70220000 0.01271148
0.70225000 0.01270133
0.70230000 0.01269123
0.70235000 0.01268120
0.70240000 0.01267123
0.70245000 0.01266132
0.70250000 0.01265148
0.70255000 0.01264170
0.70260000 0.01263198
0.70265000 0.01262233
0.70270000 0.01261274
0.70275000 0.01260321
0.70280000 0.01259374
0.70285000 0.01258434
0.70290000 0.01257500
0.70295000 0.01256572
0.70300000 0.01255650
0.70305000 0.01254735
0.70310000 0.01253826
0.70315000 0.01252923
0.70320000 0.01252026
0.70325000 0.01251135
0.70330000 0.01250251
0.70335000 0.01249373
0.70340000 0.01248501
0.70345000 0.01247635
0.70350000 0.01246776
0.70355000 0.01245923
0.70360000 0.01245075
0.70365000 0.01244234
0.70370000 0.01243399
0.70375000 0.01242571
0.70380000 0.01241748
0.70385000 0.01240932
0.70390000 0.01240121
0.70395000 0.01239317
0.70400000 0.01238519
0.70405000 0.01237727
0.70410000 0.01236941
0.70415000 0.01236161
0.70420000 0.01235388
0.70425000 0.01234620
0.70430000 0.01233858
0.70435000 0.01233103
0.70440000 0.01232354
0.70445000 0.01231610
0.70450000 0.01230873
0.70455000 0.01230142
0.70460000 0.01229417
0.70465000 0.01228697
0.70470000 0.01227984
0.70475000 0.01227277
0.70480000 0.01226576
0.70485000 0.01225881
0.70490000 0.01225192
0.70495000 0.01224509
0.70500000 0.01223832
0.70505000 0.01223160
0.70510000 0.01222495
0.70515000 0.01221836
0.70520000 0.01221183
0.70525000 0.01220536
0.70530000 0.01219894
0.70535000 0.01219259
0.70540000 0.01218630
0.70545000 0.01218006
0.70550000 0.01217388
0.70555000 0.01216777
0.70560000 0.01216171
0.70565000 0.01215571
0.70570000 0.01214977
0.70575000 0.01214389
0.70580000 0.01213807
0.70585000 0.01213231
0.70590000 0.01212661
0.70595000 0.01212096
0.70600000 0.01211537
0.70605000 0.01210985
0.70610000 0.01210438
0.70615000 0.01209897
0.70620000 0.01209361
0.70625000 0.01208832
0.70630000 0.01208308
0.70635000 0.01207791
0.70640000 0.01207279
0.70645000 0.01206773
0.70650000 0.01206272
0.70655000 0.01205778
0.70660000 0.01205289
0.70665000 0.01204806
0.70670000 0.01204329
0.70675000 0.01203857
0.70680000 0.01203392
0.70685000 0.01202932
0.70690000 0.01202478
0.70695000 0.01202029
0.70700000 0.01201587
0.70705000 0.01201150
0.70710000 0.01200719
0.70715000 0.01200293
0.70720000 0.01199873
0.70725000 0.01199459
0.70730000 0.01199051
0.70735000 0.01198648
0.70740000 0.01198251
0.70745000 0.01197860
0.70750000 0.01197474
0.70755000 0.01197095
0.70760000 0.01196720
0.70765000 0.01196352
0.70770000 0.01195989
0.70775000 0.01195631
0.70780000 0.01195280
0.70785000 0.01194934
0.70790000 0.01194593
0.70795000 0.01194259
0.70800000 0.01193929
0.70805000 0.01193606
0.70810000 0.01193288
0.70815000 0.01192976
0.70820000 0.01192669
0.70825000 0.01192368
0.70830000 0.01192072
0.70835000 0.01191782
0.70840000 0.01191498
0.70845000 0.01191219
0.70850000 0.01190945
0.70855000 0.01190678
0.70860000 0.01190415
0.70865000 0.01190159
0.70870000 0.01189907
0.70875000 0.01189662
0.70880000 0.01189422
0.70885000 0.01189187
0.70890000 0.01188958
0.70895000 0.01188734
0.70900000 0.01188516
0.70905000 0.01188303
0.70910000 0.01188096
0.70915000 0.01187895
0.70920000 0.01187698
0.70925000 0.01187508
0.70930000 0.01187322
0.70935000 0.01187142
0.70940000 0.01186968
0.70945000 0.01186799
0.70950000 0.01186635
0.70955000 0.01186477
0.70960000 0.01186325
0.70965000 0.01186177
0.70970000 0.01186035
0.70975000 0.01185899
0.70980000 0.01185768
0.70985000 0.01185642
0.70990000 0.01185522
0.70995000 0.01185407
0.71000000 0.01185297
0.71005000 0.01185193
0.71010000 0.01185094
0.71015000 0.01185001
0.71020000 0.01184913
0.71025000 0.01184830
0.71030000 0.01184752
0.71035000 0.01184680
0.71040000 0.01184613
0.71045000 0.01184552
0.71050000 0.01184496
0.71055000 0.01184445
0.71060000 0.01184399
0.71065000 0.01184359
0.71070000 0.01184324
0.71075000 0.01184294
0.71080000 0.01184269
0.71085000 0.01184250
0.71090000 0.01184236
0.71095000 0.01184228
0.71100000 0.01184224
0.71105000 0.01184226
0.71110000 0.01184233
0.71115000 0.01184245
0.71120000 0.01184263
0.71125000 0.01184285
0.71130000 0.01184313
0.71135000 0.01184346
0.71140000 0.01184385
0.71145000 0.01184428
0.71150000 0.01184477
0.71155000 0.01184531
0.71160000 0.01184590
0.71165000 0.01184654
0.71170000 0.01184723
0.71175000 0.01184798
0.71180000 0.01184878
0.71185000 0.01184962
0.71190000 0.01185052
0.71195000 0.01185148
0.71200000 0.01185248
0.71205000 0.01185353
0.71210000 0.01185464
0.71215000 0.01185579
0.71220000 0.01185700
0.71225000 0.01185826
0.71230000 0.01185956
0.71235000 0.01186092
0.71240000 0.01186233
0.71245000 0.01186380
0.71250000 0.01186531
0.71255000 0.01186687
0.71260000 0.01186848
0.71265000 0.01187015
0.71270000 0.01187186
0.71275000 0.01187362
0.71280000 0.01187544
0.71285000 0.01187730
0.71290000 0.01187922
0.71295000 0.01188118
0.71300000 0.01188320
0.71305000 0.01188526
0.71310000 0.01188738
0.71315000 0.01188954
0.71320000 0.01189176
0.71325000 0.01189402
0.71330000 0.01189633
0.71335000 0.01189870
0.71340000 0.01190111
0.71345000 0.01190357
0.71350000 0.01190609
0.71355000 0.01190865
0.71360000 0.01191126
0.71365000 0.01191392
0.71370000 0.01191663
0.71375000 0.01191939
0.71380000 0.01192220
0.71385000 0.01192505
0.71390000 0.01192796
0.71395000 0.01193091
0.71400000 0.01193392
0.71405000 0.01193697
0.71410000 0.01194007
0.71415000 0.01194322
0.71420000 0.01194642
0.71425000 0.01194967
0.71430000 0.01195296
0.71435000 0.01195630
0.71440000 0.01195970
0.71445000 0.01196314
0.71450000 0.01196663
0.71455000 0.01197016
0.71460000 0.01197375
0.71465000 0.01197738
0.71470000 0.01198106
0.71475000 0.01198479
0.71480000 0.01198857
0.71485000 0.01199240
0.71490000 0.01199627
0.71495000 0.01200019
0.71500000 0.01200416
0.71505000 0.01200817
0.71510000 0.01201224
0.71515000 0.01201635
0.71520000 0.01202051
0.71525000 0.01202471
0.71530000 0.01202896
0.71535000 0.01203326
0.71540000 0.01203761
0.71545000 0.01204201
0.71550000 0.01204645
0.71555000 0.01205094
0.71560000 0.01205547
0.71565000 0.01206006
0.71570000 0.01206468
0.71575000 0.01206936
0.71580000 0.01207408
0.71585000 0.01207885
0.71590000 0.01208367
0.71595000 0.01208853
0.71600000 0.01209344
0.71605000 0.01209840
0.71610000 0.01210340
0.71615000 0.01210845
0.71620000 0.01211354
0.71625000 0.01211868
0.71630000 0.01212387
0.71635000 0.01212910
0.71640000 0.01213438
0.71645000 0.01213971
0.71650000 0.01214508
0.71655000 0.01215049
0.71660000 0.01215596
0.71665000 0.01216146
0.71670000 0.01216702
0.71675000 0.01217262
0.71680000 0.01217826
0.71685000 0.01218395
0.71690000 0.01218969
0.71695000 0.01219547
0.71700000 0.01220130
0.71705000 0.01220717
0.71710000 0.01221308
0.71715000 0.01221905
0.71720000 0.01222505
0.71725000 0.01223111
0.71730000 0.01223720
0.71735000 0.01224334
0.71740000 0.01224953
0.71745000 0.01225576
0.71750000 0.01226204
0.71755000 0.01226836
0.71760000 0.01227473
0.71765000 0.01228114
0.71770000 0.01228759
0.71775000 0.01229409
0.71780000 0.01230063
0.71785000 0.01230722
0.71790000 0.01231385
0.71795000 0.01232053
0.71800000 0.01232725
0.71805000 0.01233401
0.71810000 0.01234082
0.71815000 0.01234767
0.71820000 0.01235457
0.71825000 0.01236151
0.71830000 0.01236849
0.71835000 0.01237552
0.71840000 0.01238259
0.71845000 0.01238971
0.71850000 0.01239687
0.71855000 0.01240407
0.71860000 0.01241131
0.71865000 0.01241860
0.71870000 0.01242593
0.71875000 0.01243331
0.71880000 0.01244073
0.71885000 0.01244819
0.71890000 0.01245569
0.71895000 0.01246324
0.71900000 0.01247083
0.71905000 0.01247847
0.71910000 0.01248614
0.71915000 0.01249386
0.71920000 0.01250162
0.71925000 0.01250943
0.71930000 0.01251728
0.71935000 0.01252517
0.71940000 0.01253310
0.71945000 0.01254107
0.71950000 0.01254909
0.71955000 0.01255715
0.71960000 0.01256525
0.71965000 0.01257340
0.71970000 0.01258158
0.71975000 0.01258981
0.71980000 0.01259808
0.71985000 0.01260639
0.71990000 0.01261475
0.71995000 0.01262314
0.72000000 0.01263158
0.72005000 0.01264006
0.72010000 0.01264858
0.72015000 0.01265715
0.72020000 0.01266575
0.72025000 0.01267440
0.72030000 0.01268308
0.72035000 0.01269181
0.72040000 0.01270058
0.72045000 0.01270939
0.72050000 0.01271825
0.72055000 0.01272714
0.72060000 0.01273608
0.72065000 0.01274505
0.72070000 0.01275407
0.72075000 0.01276313
0.72080000 0.01277223
0.72085000 0.01278137
0.72090000 0.01279055
0.72095000 0.01279977
0.72100000 0.01280903
0.72105000 0.01281834
0.72110000 0.01282768
0.72115000 0.01283706
0.72120000 0.01284649
0.72125000 0.01285595
0.72130000 0.01286546
0.72135000 0.01287500
0.72140000 0.01288459
0.72145000 0.01289421
0.72150000 0.01290388
0.72155000 0.01291358
0.72160000 0.01292156
0.72165000 0.01291026
0.72170000 0.01289902
0.72175000 0.01288784
0.72180000 0.01287671
0.72185000 0.01286564
0.72190000 0.01285463
0.72195000 0.01284367
0.72200000 0.01283277
0.72205000 0.01282192
0.72210000 0.01281113
0.72215000 0.01280039
0.72220000 0.01278971
0.72225000 0.01277909
0.72230000 0.01276852
0.72235000 0.01275801
0.72240000 0.01274755
0.72245000 0.01273715
0.72250000 0.01272680
0.72255000 0.01271651
0.72260000 0.01270627
0.72265000 0.01269609
0.72270000 0.01268596
0.72275000 0.01267589
0.72280000 0.01266587
0.72285000 0.01265591
0.72290000 0.01264601
0.72295000 0.01263615
0.72300000 0.01262636
0.72305000 0.01261661
0.72310000 0.01260692
0.72315000 0.01259729
0.72320000 0.01258771
0.72325000 0.01257819
0.72330000 0.01256872
0.72335000 0.01255930
0.72340000 0.01254994
0.72345000 0.01254063
0.72350000 0.01253138
0.72355000 0.01252218
0.72360000 0.01251303
0.72365000 0.01250394
0.72370000 0.01249490
0.72375000 0.01248592
0.72380000 0.01247699
0.72385000 0.01246811
0.72390000 0.01245929
0.72395000 0.01245052
0.72400000 0.01244180
0.72405000 0.01243314
0.72410000 0.01242453
0.72415000 0.01241598
0.72420000 0.01240747
0.72425000 0.01239902
0.72430000 0.01239063
0.72435000 0.01238228
0.72440000 0.01237399
0.72445000 0.01236576
0.72450000 0.01235757
0.72455000 0.01234944
0.72460000 0.01234136
0.72465000 0.01233334
0.72470000 0.01232536
0.72475000 0.01231744
0.72480000 0.01230957
0.72485000 0.01230176
0.72490000 0.01229400
0.72495000 0.01228628
0.72500000 0.01227863
0.72505000 0.01227102
0.72510000 0.01226347
0.72515000 0.01225596
0.72520000 0.01224851
0.72525000 0.01224112
0.72530000 0.01223377
0.72535000 0.01222648
0.72540000 0.01221923
0.72545000 0.01221204
0.72550000 0.01220490
0.72555000 0.01219782
0.72560000 0.01219078
0.72565000 0.01218380
0.72570000 0.01217686
0.72575000 0.01216998
0.72580000 0.01216315
0.72585000 0.01215637
0.72590000 0.01214965
0.72595000 0.01214297
0.72600000 0.01213634
0.72605000 0.01212977
0.72610000 0.01212325
0.72615000 0.01211677
0.72620000 0.01211035
0.72625000 0.01210398
0.72630000 0.01209766
0.72635000 0.01209139
0.72640000 0.01208517
0.72645000 0.01207901
0.72650000 0.01207289
0.72655000 0.01206682
0.72660000 0.01206081
0.72665000 0.01205484
0.72670000 0.01204892
0.72675000 0.01204306
0.72680000 0.01203724
0.72685000 0.01203148
0.72690000 0.01202576
0.72695000 0.01202010
0.72700000 0.01201448
0.72705000 0.01200891
0.72710000 0.01200340
0.72715000 0.01199793
0.72720000 0.01199252
0.72725000 0.01198715
0.72730000 0.01198183
0.72735000 0.01197656
0.72740000 0.01197135
0.72745000 0.01196618
0.72750000 0.01196106
0.72755000 0.01195599
0.72760000 0.01195097
0.72765000 0.01194599
0.72770000 0.01194107
0.72775000 0.01193620
0.72780000 0.01193137
0.72785000 0.01192660
0.72790000 0.01192187
0.72795000 0.01191719
0.72800000 0.01191256
0.72805000 0.01190798
0.72810000 0.01190345
0.72815000 0.01189896
0.72820000 0.01189453
0.72825000 0.01189014
0.72830000 0.01188580
0.72835000 0.01188151
0.72840000 0.01187727
0.72845000 0.01187308
0.72850000 0.01186893
0.72855000 0.01186484
0.72860000 0.01186079
0.72865000 0.01185679
0.72870000 0.01185283
0.72875000 0.01184893
0.72880000 0.01184507
0.72885000 0.01184126
0.72890000 0.01183750
0.72895000 0.01183378
0.72900000 0.01183012
0.72905000 0.01182650
0.72910000 0.01182292
0.72915000 0.01181940
0.72920000 0.01181592
0.72925000 0.01181249
0.72930000 0.01180911
0.72935000 0.01180577
0.72940000 0.01180249
0.72945000 0.01179924
0.72950000 0.01179605
0.72955000 0.01179290
0.72960000 0.01178980
0.72965000 0.01178675
0.72970000 0.01178374
0.72975000 0.01178078
0.72980000 0.01177787
0.72985000 0.01177500
0.72990000 0.01177218
0.72995000 0.01176940
0.73000000 0.01176668
0.73005000 0.01176400
0.73010000 0.01176136
0.73015000 0.01175877
0.73020000 0.01175623
0.73025000 0.01175373
0.73030000 0.01175128
0.73035000 0.01174888
0.73040000 0.01174652
0.73045000 0.01174421
0.73050000 0.01174194
0.73055000 0.01173972
0.73060000 0.01173754
0.73065000 0.01173541
0.73070000 0.01173333
0.73075000 0.01173129
0.73080000 0.01172930
0.73085000 0.01172735
0.73090000 0.01172545
0.73095000 0.01172359
0.73100000 0.01172178
0.73105000 0.01172001
0.73110000 0.01171829
0.73115000 0.01171662
0.73120000 0.01171498
0.73125000 0.01171340
0.73130000 0.01171186
0.73135000 0.01171036
0.73140000 0.01170891
0.73145000 0.01170750
0.73150000 0.01170614
0.73155000 0.01170482
0.73160000 0.01170355
0.73165000 0.01170232
0.73170000 0.01170114
0.73175000 0.01170000
0.73180000 0.01169890
0.73185000 0.01169785
0.73190000 0.01169684
0.73195000 0.01169588
0.73200000 0.01169496
0.73205000 0.01169409
0.73210000 0.01169326
0.73215000 0.01169247
0.73220000 0.01169173
0.73225000 0.01169103
0.73230000 0.01169037
0.73235000 0.01168976
0.73240000 0.01168919
0.73245000 0.01168867
0.73250000 0.01168819
0.73255000 0.01168775
0.73260000 0.01168736
0.73265000 0.01168701
0.73270000 0.01168670
0.73275000 0.01168644
0.73280000 0.01168622
0.73285000 0.01168604
0.73290000 0.01168590
0.73295000 0.01168581
0.73300000 0.01168576
0.73305000 0.01168576
0.73310000 0.01168580
0.73315000 0.01168588
0.73320000 0.01168600
0.73325000 0.01168617
0.73330000 0.01168637
0.73335000 0.01168662
0.73340000 0.01168692
0.73345000 0.01168725
0.73350000 0.01168763
0.73355000 0.01168805
0.73360000 0.01168852
0.73365000 0.01168902
0.73370000 0.01168957
0.73375000 0.01169016
0.73380000 0.01169079
0.73385000 0.01169146
0.73390000 0.01169218
0.73395000 0.01169293
0.73400000 0.01169373
0.73405000 0.01169457
0.73410000 0.01169546
0.73415000 0.01169638
0.73420000 0.01169735
0.73425000 0.01169836
0.73430000 0.01169940
0.73435000 0.01170049
0.73440000 0.01170163
0.73445000 0.01170280
0.73450000 0.01170401
0.73455000 0.01170527
0.73460000 0.01170657
0.73465000 0.01170790
0.73470000 0.01170928
0.73475000 0.01171070
0.73480000 0.01171216
0.73485000 0.01171367
0.73490000 0.01171521
0.73495000 0.01171679
0.73500000 0.01171842
0.73505000 0.01172008
0.73510000 0.01172179
0.73515000 0.01172353
0.73520000 0.01172532
0.73525000 0.01172715
0.73530000 0.01172901
0.73535000 0.01173092
0.73540000 0.01173287
0.73545000 0.01173486
0.73550000 0.01173689
0.73555000 0.01173895
0.73560000 0.01174106
0.73565000 0.01174321
0.73570000 0.01174540
0.73575000 0.01174763
0.73580000 0.01174989
0.73585000 0.01175220
0.73590000 0.01175455
0.73595000 0.01175694
0.73600000 0.01175936
0.73605000 0.01176183
0.73610000 0.01176434
0.73615000 0.01176688
0.73620000 0.01176947
0.73625000 0.01177209
0.73630000 0.01177475
0.73635000 0.01177746
0.73640000 0.01178020
0.73645000 0.01178298
0.73650000 0.01178580
0.73655000 0.01178866
0.73660000 0.01179155
0.73665000 0.01179449
0.73670000 0.01179747
0.73675000 0.01180048
0.73680000 0.01180353
0.73685000 0.01180662
0.73690000 0.01180975
0.73695000 0.01181292
0.73700000 0.01181613
0.73705000 0.01181938
0.73710000 0.01182266
0.73715000 0.01182598
0.73720000 0.01182934
0.73725000 0.01183274
0.73730000 0.01183618
0.73735000 0.01183965
0.73740000 0.01184317
0.73745000 0.01184672
0.73750000 0.01185031
0.73755000 0.01185393
0.73760000 0.01185760
0.73765000 0.01186130
0.73770000 0.01186504
0.73775000 0.01186882
0.73780000 0.01187264
0.73785000 0.01187649
0.73790000 0.01188038
0.73795000 0.01188431
0.73800000 0.01188827
0.73805000 0.01189228
0.73810000 0.01189632
0.73815000 0.01190039
0.73820000 0.01190451
0.73825000 0.01190866
0.73830000 0.01191285
0.73835000 0.01191707
0.73840000 0.01192134
0.73845000 0.01192564
0.73850000 0.01192997
0.73855000 0.01193435
0.73860000 0.01193876
0.73865000 0.01194320
0.73870000 0.01194769
0.73875000 0.01195221
0.73880000 0.01195676
0.73885000 0.01196136
0.73890000 0.01196599
0.73895000 0.01197065
0.73900000 0.01197535
0.73905000 0.01198009
0.73910000 0.01198487
0.73915000 0.01198968
0.73920000 0.01199452
0.73925000 0.01199941
0.73930000 0.01200433
0.73935000 0.01200928
0.73940000 0.01201427
0.73945000 0.01201930
0.73950000 0.01202436
0.73955000 0.01202946
0.73960000 0.01203459
0.73965000 0.01203976
0.73970000 0.01204496
0.73975000 0.01205020
0.73980000 0.01205548
0.73985000 0.01206079
0.73990000 0.01206614
0.73995000 0.01207152
0.74000000 0.01207694
0.74005000 0.01208239
0.74010000 0.01208787
0.74015000 0.01209340
0.74020000 0.01209895
0.74025000 0.01210455
0.74030000 0.01211017
0.74035000 0.01211584
0.74040000 0.01212153
0.74045000 0.01212726
0.74050000 0.01213303
0.74055000 0.01213883
0.74060000 0.01214467
0.74065000 0.01215054
0.74070000 0.01215644
0.74075000 0.01216238
0.74080000 0.01216835
0.74085000 0.01217436
0.74090000 0.01218040
0.74095000 0.01218648
0.74100000 0.01219259
0.74105000 0.01219873
0.74110000 0.01220491
0.74115000 0.01221112
0.74120000 0.01221737
0.74125000 0.01222365
0.74130000 0.01222996
0.74135000 0.01223631
0.74140000 0.01224269
0.74145000 0.01224911
0.74150000 0.01225555
0.74155000 0.01226204
0.74160000 0.01226855
0.74165000 0.01227510
0.74170000 0.01228168
0.74175000 0.01228830
0.74180000 0.01229495
0.74185000 0.01230163
0.74190000 0.01230835
0.74195000 0.01231510
0.74200000 0.01232188
0.74205000 0.01232869
0.74210000 0.01233554
0.74215000 0.01234242
0.74220000 0.01234934
0.74225000 0.01235628
0.74230000 0.01236326
0.74235000 0.01237027
0.74240000 0.01237732
0.74245000 0.01238440
0.74250000 0.01239151
0.74255000 0.01239865
0.74260000 0.01240582
0.74265000 0.01241303
0.74270000 0.01242027
0.74275000 0.01242754
0.74280000 0.01243485
0.74285000 0.01244218
0.74290000 0.01244955
0.74295000 0.01245695
0.74300000 0.01246157
0.74305000 0.01245210
0.74310000 0.01244268
0.74315000 0.01243330
0.74320000 0.01242397
0.74325000 0.01241469
0.74330000 0.01240545
0.74335000 0.01239626
0.74340000 0.01238712
0.74345000 0.01237803
0.74350000 0.01236898
0.74355000 0.01235997
0.74360000 0.01235102
0.74365000 0.01234211
0.74370000 0.01233324
0.74375000 0.01232443
0.74380000 0.01231566
0.74385000 0.01230693
0.74390000 0.01229825
0.74395000 0.01228962
0.74400000 0.01228104
0.74405000 0.01227250
0.74410000 0.01226400
0.74415000 0.01225555
0.74420000 0.01224715
0.74425000 0.01223879
0.74430000 0.01223048
0.74435000 0.01222222
0.74440000 0.01221400
0.74445000 0.01220583
0.74450000 0.01219770
0.74455000 0.01218961
0.74460000 0.01218158
0.74465000 0.01217358
0.74470000 0.01216564
0.74475000 0.01215773
0.74480000 0.01214988
0.74485000 0.01214206
0.74490000 0.01213430
0.74495000 0.01212658
0.74500000 0.01211890
0.74505000 0.01211127
0.74510000 0.01210368
0.74515000 0.01209614
0.74520000 0.01208864
0.74525000 0.01208119
0.74530000 0.01207378
0.74535000 0.01206641
0.74540000 0.01205909
0.74545000 0.01205182
0.74550000 0.01204459
0.74555000 0.01203740
0.74560000 0.01203026
0.74565000 0.01202316
0.74570000 0.01201611
0.74575000 0.01200910
0.74580000 0.01200213
0.74585000 0.01199521
0.74590000 0.01198833
0.74595000 0.01198150
0.74600000 0.01197471
0.74605000 0.01196796
0.74610000 0.01196126
0.74615000 0.01195460
0.74620000 0.01194798
0.74625000 0.01194141
0.74630000 0.01193488
0.74635000 0.01192840
0.74640000 0.01192196
0.74645000 0.01191556
0.74650000 0.01190920
0.74655000 0.01190289
0.74660000 0.01189662
0.74665000 0.01189040
0.74670000 0.01188421
0.74675000 0.01187807
0.74680000 0.01187198
0.74685000 0.01186592
0.74690000 0.01185991
0.74695000 0.01185394
0.74700000 0.01184801
0.74705000 0.01184213
0.74710000 0.01183629
0.74715000 0.01183049
0.74720000 0.01182474
0.74725000 0.01181902
0.74730000 0.01181335
0.74735000 0.01180772
0.74740000 0.01180214
0.74745000 0.01179659
0.74750000 0.01179109
0.74755000 0.01178563
0.74760000 0.01178021
0.74765000 0.01177483
0.74770000 0.01176950
0.74775000 0.01176421
0.74780000 0.01175896
0.74785000 0.01175375
0.74790000 0.01174858
0.74795000 0.01174345
0.74800000 0.01173837
0.74805000 0.01173333
0.74810000 0.01172833
0.74815000 0.01172337
0.74820000 0.01171845
0.74825000 0.01171357
0.74830000 0.01170874
0.74835000 0.01170394
0.74840000 0.01169919
0.74845000 0.01169448
0.74850000 0.01168980
0.74855000 0.01168517
0.74860000 0.01168058
0.74865000 0.01167604
0.74870000 0.01167153
0.74875000 0.01166706
0.74880000 0.01166263
0.74885000 0.01165825
0.74890000 0.01165390
0.74895000 0.01164960
0.74900000 0.01164533
0.74905000 0.01164111
0.74910000 0.01163693
0.74915000 0.01163278
0.74920000 0.01162868
0.74925000 0.01162462
0.74930000 0.01162060
0.74935000 0.01161661
0.74940000 0.01161267
0.74945000 0.01160877
0.74950000 0.01160491
0.74955000 0.01160108
0.74960000 0.01159730
0.74965000 0.01159356
0.74970000 0.01158985
0.74975000 0.01158619
0.74980000 0.01158257
0.74985000 0.01157898
0.74990000 0.01157544
0.74995000 0.01157193
0.75000000 0.01156847
0.75005000 0.01156504
0.75010000 0.01156165
0.75015000 0.01155830
0.75020000 0.01155499
0.75025000 0.01155172
0.75030000 0.01154849
0.75035000 0.01154530
0.75040000 0.01154215
0.75045000 0.01153903
0.75050000 0.01153596
0.75055000 0.01153292
0.75060000 0.01152992
0.75065000 0.01152696
0.75070000 0.01152404
0.75075000 0.01152116
0.75080000 0.01151832
0.75085000 0.01151551
0.75090000 0.01151275
0.75095000 0.01151002
0.75100000 0.01150733
0.75105000 0.01150468
0.75110000 0.01150206
0.75115000 0.01149949
0.75120000 0.01149695
0.75125000 0.01149445
0.75130000 0.01149199
0.75135000 0.01148957
0.75140000 0.01148718
0.75145000 0.01148483
0.75150000 0.01148252
0.75155000 0.01148025
0.75160000 0.01147802
0.75165000 0.01147582
0.75170000 0.01147366
0.75175000 0.01147154
0.75180000 0.01146946
0.75185000 0.01146741
0.75190000 0.01146540
0.75195000 0.01146343
0.75200000 0.01146149
0.75205000 0.01145959
0.75210000 0.01145773
0.75215000 0.01145591
0.75220000 0.01145412
0.75225000 0.01145237
0.75230000 0.01145066
0.75235000 0.01144898
0.75240000 0.01144734
0.75245000 0.01144574
0.75250000 0.01144418
0.75255000 0.01144265
0.75260000 0.01144115
0.75265000 0.01143970
0.75270000 0.01143828
0.75275000 0.01143690
0.75280000 0.01143555
0.75285000 0.01143424
0.75290000 0.01143297
0.75295000 0.01143173
0.75300000 0.01143053
0.75305000 0.01142936
0.75310000 0.01142823
0.75315000 0.01142714
0.75320000 0.01142608
0.75325000 0.01142506
0.75330000 0.01142407
0.75335000 0.01142312
0.75340000 0.01142221
0.75345000 0.01142133
0.75350000 0.01142049
0.75355000 0.01141968
0.75360000 0.01141891
0.75365000 0.01141817
0.75370000 0.01141747
0.75375000 0.01141680
0.75380000 0.01141617
0.75385000 0.01141558
0.75390000 0.01141502
0.75395000 0.01141449
0.75400000 0.01141400
0.75405000 0.01141355
0.75410000 0.01141313
0.75415000 0.01141275
0.75420000 0.01141240
0.75425000 0.01141208
0.75430000 0.01141180
0.75435000 0.01141156
0.75440000 0.01141135
0.75445000 0.01141117
0.75450000 0.01141103
0.75455000 0.01141092
0.75460000 0.01141085
0.75465000 0.01141081
0.75470000 0.01141081
0.75475000 0.01141084
0.75480000 0.01141090
0.75485000 0.01141100
0.75490000 0.01141114
0.75495000 0.01141131
0.75500000 0.01141151
0.75505000 0.01141174
0.75510000 0.01141201
0.75515000 0.01141232
0.75520000 0.01141265
0.75525000 0.01141302
0.75530000 0.01141343
0.75535000 0.01141387
0.75540000 0.01141434
0.75545000 0.01141485
0.75550000 0.01141539
0.75555000 0.01141596
0.75560000 0.01141657
0.75565000 0.01141721
0.75570000 0.01141788
0.75575000 0.01141858
0.75580000 0.01141932
0.75585000 0.01142010
0.75590000 0.01142090
0.75595000 0.01142174
0.75600000 0.01142261
0.75605000 0.01142352
0.75610000 0.01142446
0.75615000 0.01142543
0.75620000 0.01142643
0.75625000 0.01142747
0.75630000 0.01142854
0.75635000 0.01142964
0.75640000 0.01143077
0.75645000 0.01143194
0.75650000 0.01143314
0.75655000 0.01143437
0.75660000 0.01143564
0.75665000 0.01143693
0.75670000 0.01143826
0.75675000 0.01143962
0.75680000 0.01144102
0.75685000 0.01144244
0.75690000 0.01144390
0.75695000 0.01144539
0.75700000 0.01144691
0.75705000 0.01144847
0.75710000 0.01145005
0.75715000 0.01145167
0.75720000 0.01145332
0.75725000 0.01145500
0.75730000 0.01145671
0.75735000 0.01145846
0.75740000 0.01146023
0.75745000 0.01146204
0.75750000 0.01146388
0.75755000 0.01146575
0.75760000 0.01146765
0.75765000 0.01146959
0.75770000 0.01147155
0.75775000 0.01147355
0.75780000 0.01147557
0.75785000 0.01147763
0.75790000 0.01147972
0.75795000 0.01148184
0.75800000 0.01148399
0.75805000 0.01148617
0.75810000 0.01148839
0.75815000 0.01149063
0.75820000 0.01149291
0.75825000 0.01149521
0.75830000 0.01149755
0.75835000 0.01149991
0.75840000 0.01150231
0.75845000 0.01150474
0.75850000 0.01150720
0.75855000 0.01150969
0.75860000 0.01151220
0.75865000 0.01151475
0.75870000 0.01151733
0.75875000 0.01151994
0.75880000 0.01152258
0.75885000 0.01152525
0.75890000 0.01152795
0.75895000 0.01153068
0.75900000 0.01153344
0.75905000 0.01153623
0.75910000 0.01153905
0.75915000 0.01154190
0.75920000 0.01154478
0.75925000 0.01154769
0.75930000 0.01155063
0.75935000 0.01155360
0.75940000 0.01155660
0.75945000 0.01155963
0.75950000 0.01156268
0.75955000 0.01156577
0.75960000 0.01156889
0.75965000 0.01157203
0.75970000 0.01157521
0.75975000 0.01157841
0.75980000 0.01158164
0.75985000 0.01158491
0.75990000 0.01158820
0.75995000 0.01159152
0.76000000 0.01159487
0.76005000 0.01159824
0.76010000 0.01160165
0.76015000 0.01160509
0.76020000 0.01160855
0.76025000 0.01161205
0.76030000 0.01161557
0.76035000 0.01161912
0.76040000 0.01162270
0.76045000 0.01162630
0.76050000 0.01162994
0.76055000 0.01163361
0.76060000 0.01163730
0.76065000 0.01164102
0.76070000 0.01164477
0.76075000 0.01164855
0.76080000 0.01165235
0.76085000 0.01165619
0.76090000 0.01166005
0.76095000 0.01166394
0.76100000 0.01166786
0.76105000 0.01167180
0.76110000 0.01167578
0.76115000 0.01167978
0.76120000 0.01168381
0.76125000 0.01168787
0.76130000 0.01169195
0.76135000 0.01169607
0.76140000 0.01170021
0.76145000 0.01170437
0.76150000 0.01170857
0.76155000 0.01171279
0.76160000 0.01171704
0.76165000 0.01172132
0.76170000 0.01172562
0.76175000 0.01172996
0.76180000 0.01173432
0.76185000 0.01173870
0.76190000 0.01174312
0.76195000 0.01174756
0.76200000 0.01175202
0.76205000 0.01175652
0.76210000 0.01176104
0.76215000 0.01176559
0.76220000 0.01177016
0.76225000 0.01177477
0.76230000 0.01177939
0.76235000 0.01178405
0.76240000 0.01178873
0.76245000 0.01179344
0.76250000 0.01179818
0.76255000 0.01180294
0.76260000 0.01180772
0.76265000 0.01181254
0.76270000 0.01181738
0.76275000 0.01182225
0.76280000 0.01182714
0.76285000 0.01183206
0.76290000 0.01183700
0.76295000 0.01184198
0.76300000 0.01184697
0.76305000 0.01185200
0.76310000 0.01185705
0.76315000 0.01186212
0.76320000 0.01186722
0.76325000 0.01187235
0.76330000 0.01187750
0.76335000 0.01188268
0.76340000 0.01188788
0.76345000 0.01189311
0.76350000 0.01189837
0.76355000 0.01190365
0.76360000 0.01190896
0.76365000 0.01191429
0.76370000 0.01191964
0.76375000 0.01192503
0.76380000 0.01193043
0.76385000 0.01192792
0.76390000 0.01192005
0.76395000 0.01191222
0.76400000 0.01190443
0.76405000 0.01189668
0.76410000 0.01188897
0.76415000 0.01188130
0.76420000 0.01187366
0.76425000 0.01186607
0.76430000 0.01185851
0.76435000 0.01185099
0.76440000 0.01184351
0.76445000 0.01183607
0.76450000 0.01182866
0.76455000 0.01182130
0.76460000 0.01181397
0.76465000 0.01180668
0.76470000 0.01179943
0.76475000 0.01179221
0.76480000 0.01178504
0.76485000 0.01177790
0.76490000 0.01177080
0.76495000 0.01176373
0.76500000 0.01175671
0.76505000 0.01174972
0.76510000 0.01174277
0.76515000 0.01173586
0.76520000 0.01172899
0.76525000 0.01172215
0.76530000 0.01171535
0.76535000 0.01170859
0.76540000 0.01170186
0.76545000 0.01169517
0.76550000 0.01168852
0.76555000 0.01168191
0.76560000 0.01167533
0.76565000 0.01166879
0.76570000 0.01166229
0.76575000 0.01165582
0.76580000 0.01164939
0.76585000 0.01164300
0.76590000 0.01163665
0.76595000 0.01163033
0.76600000 0.01162405
0.76605000 0.01161780
0.76610000 0.01161159
0.76615000 0.01160542
0.76620000 0.01159928
0.76625000 0.01159319
0.76630000 0.01158712
0.76635000 0.01158110
0.76640000 0.01157511
0.76645000 0.01156915
0.76650000 0.01156323
0.76655000 0.01155735
0.76660000 0.01155150
0.76665000 0.01154569
0.76670000 0.01153992
0.76675000 0.01153418
0.76680000 0.01152848
0.76685000 0.01152281
0.76690000 0.01151718
0.76695000 0.01151159
0.76700000 0.01150603
0.76705000 0.01150050
0.76710000 0.01149501
0.76715000 0.01148956
0.76720000 0.01148414
0.76725000 0.01147876
0.76730000 0.01147341
0.76735000 0.01146810
0.76740000 0.01146283
0.76745000 0.01145759
0.76750000 0.01145238
0.76755000 0.01144721
0.76760000 0.01144207
0.76765000 0.01143697
0.76770000 0.01143190
0.76775000 0.01142687
0.76780000 0.01142188
0.76785000 0.01141691
0.76790000 0.01141199
0.76795000 0.01140709
0.76800000 0.01140224
0.76805000 0.01139741
0.76810000 0.01139262
0.76815000 0.01138787
0.76820000 0.01138315
0.76825000 0.01137846
0.76830000 0.01137381
0.76835000 0.01136919
0.76840000 0.01136461
0.76845000 0.01136006
0.76850000 0.01135555
0.76855000 0.01135107
0.76860000 0.01134662
0.76865000 0.01134221
0.76870000 0.01133783
0.76875000 0.01133348
0.76880000 0.01132917
0.76885000 0.01132489
0.76890000 0.01132065
0.76895000 0.01131644
0.76900000 0.01131226
0.76905000 0.01130812
0.76910000 0.01130401
0.76915000 0.01129993
0.76920000 0.01129589
0.76925000 0.01129188
0.76930000 0.01128790
0.76935000 0.01128396
0.76940000 0.01128005
0.76945000 0.01127617
0.76950000 0.01127233
0.76955000 0.01126852
0.76960000 0.01126474
0.76965000 0.01126100
0.76970000 0.01125728
0.76975000 0.01125360
0.76980000 0.01124996
0.76985000 0.01124634
0.76990000 0.01124276
0.76995000 0.01123921
0.77000000 0.01123570
0.77005000 0.01123221
0.77010000 0.01122876
0.77015000 0.01122534
0.77020000 0.01122196
0.77025000 0.01121860
0.77030000 0.01121528
0.77035000 0.01121199
0.77040000 0.01120874
0.77045000 0.01120551
0.77050000 0.01120232
0.77055000 0.01119916
0.77060000 0.01119603
0.77065000 0.01119293
0.77070000 0.01118987
0.77075000 0.01118683
0.77080000 0.01118383
0.77085000 0.01118086
0.77090000 0.01117792
0.77095000 0.01117501
0.77100000 0.01117214
0.77105000 0.01116930
0.77110000 0.01116648
0.77115000 0.01116370
0.77120000 0.01116095
0.77125000 0.01115823
0.77130000 0.01115555
0.77135000 0.01115289
0.77140000 0.01115027
0.77145000 0.01114767
0.77150000 0.01114511
0.77155000 0.01114258
0.77160000 0.01114008
0.77165000 0.01113761
0.77170000 0.01113517
0.77175000 0.01113276
0.77180000 0.01113039
0.77185000 0.01112804
0.77190000 0.01112573
0.77195000 0.01112344
0.77200000 0.01112119
0.77205000 0.01111896
0.77210000 0.01111677
0.77215000 0.01111461
0.77220000 0.01111247
0.77225000 0.01111037
0.77230000 0.01110830
0.77235000 0.01110626
0.77240000 0.01110425
0.77245000 0.01110226
0.77250000 0.01110031
0.77255000 0.01109839
0.77260000 0.01109650
0.77265000 0.01109464
0.77270000 0.01109281
0.77275000 0.01109101
0.77280000 0.01108923
0.77285000 0.01108749
0.77290000 0.01108578
0.77295000 0.01108410
0.77300000 0.01108244
0.77305000 0.01108082
0.77310000 0.01107923
0.77315000 0.01107766
0.77320000 0.01107613
0.77325000 0.01107462
0.77330000 0.01107314
0.77335000 0.01107170
0.77340000 0.01107028
0.77345000 0.01106889
0.77350000 0.01106753
0.77355000 0.01106620
0.77360000 0.01106490
0.77365000 0.01106362
0.77370000 0.01106238
0.77375000 0.01106116
0.77380000 0.01105998
0.77385000 0.01105882
0.77390000 0.01105769
0.77395000 0.01105659
0.77400000 0.01105552
0.77405000 0.01105448
0.77410000 0.01105346
0.77415000 0.01105247
0.77420000 0.01105152
0.77425000 0.01105059
0.77430000 0.01104969
0.77435000 0.01104881
0.77440000 0.01104797
0.77445000 0.01104715
0.77450000 0.01104637
0.77455000 0.01104561
0.77460000 0.01104487
0.77465000 0.01104417
0.77470000 0.01104349
0.77475000 0.01104285
0.77480000 0.01104223
0.77485000 0.01104163
0.77490000 0.01104107
0.77495000 0.01104053
0.77500000 0.01104002
0.77505000 0.01103954
0.77510000 0.01103909
0.77515000 0.01103866
0.77520000 0.01103826
0.77525000 0.01103789
0.77530000 0.01103755
0.77535000 0.01103723
0.77540000 0.01103694
0.77545000 0.01103668
0.77550000 0.01103644
0.77555000 0.01103623
0.77560000 0.01103605
0.77565000 0.01103590
0.77570000 0.01103577
0.77575000 0.01103567
0.77580000 0.01103560
0.77585000 0.01103555
0.77590000 0.01103553
0.77595000 0.01103554
0.77600000 0.01103558
0.77605000 0.01103564
0.77610000 0.01103572
0.77615000 0.01103584
0.77620000 0.01103598
0.77625000 0.01103614
0.77630000 0.01103634
0.77635000 0.01103656
0.77640000 0.01103680
0.77645000 0.01103708
0.77650000 0.01103737
0.77655000 0.01103770
0.77660000 0.01103805
0.77665000 0.01103843
0.77670000 0.01103883
0.77675000 0.01103926
0.77680000 0.01103971
0.77685000 0.01104020
0.77690000 0.01104070
0.77695000 0.01104123
0.77700000 0.01104179
0.77705000 0.01104238
0.77710000 0.01104299
0.77715000 0.01104362
0.77720000 0.01104428
0.77725000 0.01104497
0.77730000 0.01104568
0.77735000 0.01104642
0.77740000 0.01104718
0.77745000 0.01104797
0.77750000 0.01104878
0.77755000 0.01104962
0.77760000 0.01105049
0.77765000 0.01105138
0.77770000 0.01105229
0.77775000 0.01105323
0.77780000 0.01105419
0.77785000 0.01105518
0.77790000 0.01105620
0.77795000 0.01105724
0.77800000 0.01105830
0.77805000 0.01105939
0.77810000 0.01106050
0.77815000 0.01106164
0.77820000 0.01106281
0.77825000 0.01106399
0.77830000 0.01106520
0.77835000 0.01106644
0.77840000 0.01106770
0.77845000 0.01106899
0.77850000 0.01107030
0.77855000 0.01107163
0.77860000 0.01107299
0.77865000 0.01107437
0.77870000 0.01107578
0.77875000 0.01107721
0.77880000 0.01107867
0.77885000 0.01108015
0.77890000 0.01108165
0.77895000 0.01108318
0.77900000 0.01108473
0.77905000 0.01108630
0.77910000 0.01108790
0.77915000 0.01108953
0.77920000 0.01109117
0.77925000 0.01109284
0.77930000 0.01109454
0.77935000 0.01109625
0.77940000 0.01109799
0.77945000 0.01109976
0.77950000 0.01110155
0.77955000 0.01110336
0.77960000 0.01110519
0.77965000 0.01110705
0.77970000 0.01110893
0.77975000 0.01111084
0.77980000 0.01111276
0.77985000 0.01111472
0.77990000 0.01111669
0.77995000 0.01111869
0.78000000 0.01112071
0.78005000 0.01112275
0.78010000 0.01112482
0.78015000 0.01112690
0.78020000 0.01112902
0.78025000 0.01113115
0.78030000 0.01113331
0.78035000 0.01113549
0.78040000 0.01113769
0.78045000 0.01113992
0.78050000 0.01114216
0.78055000 0.01114443
0.78060000 0.01114673
0.78065000 0.01114904
0.78070000 0.01115138
0.78075000 0.01115374
0.78080000 0.01115612
0.78085000 0.01115852
0.78090000 0.01116095
0.78095000 0.01116340
0.78100000 0.01116587
0.78105000 0.01116836
0.78110000 0.01117088
0.78115000 0.01117342
0.78120000 0.01117597
0.78125000 0.01117856
0.78130000 0.01118116
0.78135000 0.01118378
0.78140000 0.01118643
0.78145000 0.01118910
0.78150000 0.01119179
0.78155000 0.01119450
0.78160000 0.01119723
0.78165000 0.01119998
0.78170000 0.01120276
0.78175000 0.01120556
0.78180000 0.01120838
0.78185000 0.01121122
0.78190000 0.01121408
0.78195000 0.01121696
0.78200000 0.01121986
0.78205000 0.01122279
0.78210000 0.01122574
0.78215000 0.01122870
0.78220000 0.01123169
0.78225000 0.01123470
0.78230000 0.01123773
0.78235000 0.01124078
0.78240000 0.01124385
0.78245000 0.01124695
0.78250000 0.01125006
0.78255000 0.01125319
0.78260000 0.01125635
0.78265000 0.01125952
0.78270000 0.01126272
0.78275000 0.01126594
0.78280000 0.01126918
0.78285000 0.01127243
0.78290000 0.01127571
0.78295000 0.01127901
0.78300000 0.01128233
0.78305000 0.01128567
0.78310000 0.01128903
0.78315000 0.01129241
0.78320000 0.01129581
0.78325000 0.01129923
0.78330000 0.01130267
0.78335000 0.01130613
0.78340000 0.01130961
0.78345000 0.01131311
0.78350000 0.01131663
0.78355000 0.01132017
0.78360000 0.01132373
0.78365000 0.01132731
0.78370000 0.01133091
0.78375000 0.01133453
0.78380000 0.01133817
0.78385000 0.01134182
0.78390000 0.01134550
0.78395000 0.01134920
0.78400000 0.01135292
0.78405000 0.01135303
0.78410000 0.01134649
0.78415000 0.01133998
0.78420000 0.01133351
0.78425000 0.01132707
0.78430000 0.01132066
0.78435000 0.01131428
0.78440000 0.01130793
0.78445000 0.01130161
0.78450000 0.01129533
0.78455000 0.01128907
0.78460000 0.01128285
0.78465000 0.01127666
0.78470000 0.01127050
0.78475000 0.01126436
0.78480000 0.01125827
0.78485000 0.01125220
0.78490000 0.01124616
0.78495000 0.01124015
0.78500000 0.01123417
0.78505000 0.01122823
0.78510000 0.01122231
0.78515000 0.01121643
0.78520000 0.01121057
0.78525000 0.01120475
0.78530000 0.01119896
0.78535000 0.01119319
0.78540000 0.01118746
0.78545000 0.01118176
0.78550000 0.01117609
0.78555000 0.01117044
0.78560000 0.01116483
0.78565000 0.01115925
0.78570000 0.01115370
0.78575000 0.01114818
0.78580000 0.01114268
0.78585000 0.01113722
0.78590000 0.01113179
0.78595000 0.01112639
0.78600000 0.01112102
0.78605000 0.01111567
0.78610000 0.01111036
0.78615000 0.01110507
0.78620000 0.01109982
0.78625000 0.01109460
0.78630000 0.01108940
0.78635000 0.01108423
0.78640000 0.01107910
0.78645000 0.01107399
0.78650000 0.01106891
0.78655000 0.01106386
0.78660000 0.01105884
0.78665000 0.01105385
0.78670000 0.01104889
0.78675000 0.01104396
0.78680000 0.01103906
0.78685000 0.01103418
0.78690000 0.01102934
0.78695000 0.01102452
0.78700000 0.01101973
0.78705000 0.01101497
0.78710000 0.01101024
0.78715000 0.01100554
0.78720000 0.01100087
0.78725000 0.01099622
0.78730000 0.01099161
0.78735000 0.01098702
0.78740000 0.01098246
0.78745000 0.01097793
0.78750000 0.01097342
0.78755000 0.01096895
0.78760000 0.01096450
0.78765000 0.01096009
0.78770000 0.01095570
0.78775000 0.01095133
0.78780000 0.01094700
0.78785000 0.01094269
0.78790000 0.01093842
0.78795000 0.01093417
0.78800000 0.01092994
0.78805000 0.01092575
0.78810000 0.01092158
0.78815000 0.01091744
0.78820000 0.01091333
0.78825000 0.01090925
0.78830000 0.01090519
0.78835000 0.01090117
0.78840000 0.01089716
0.78845000 0.01089319
0.78850000 0.01088924
0.78855000 0.01088533
0.78860000 0.01088143
0.78865000 0.01087757
0.78870000 0.01087373
0.78875000 0.01086992
0.78880000 0.01086614
0.78885000 0.01086238
0.78890000 0.01085865
0.78895000 0.01085495
0.78900000 0.01085128
0.78905000 0.01084763
0.78910000 0.01084401
0.78915000 0.01084041
0.78920000 0.01083684
0.78925000 0.01083330
0.78930000 0.01082979
0.78935000 0.01082630
0.78940000 0.01082284
0.78945000 0.01081940
0.78950000 0.01081600
0.78955000 0.01081261
0.78960000 0.01080926
0.78965000 0.01080593
0.78970000 0.01080263
0.78975000 0.01079935
0.78980000 0.01079610
0.78985000 0.01079287
0.78990000 0.01078968
0.78995000 0.01078650
0.79000000 0.01078336
0.79005000 0.01078024
0.79010000 0.01077714
0.79015000 0.01077407
0.79020000 0.01077103
0.79025000 0.01076801
0.79030000 0.01076502
0.79035000 0.01076206
0.79040000 0.01075912
0.79045000 0.01075620
0.79050000 0.01075331
0.79055000 0.01075045
0.79060000 0.01074761
0.79065000 0.01074480
0.79070000 0.01074201
0.79075000 0.01073925
0.79080000 0.01073651
0.79085000 0.01073380
0.79090000 0.01073112
0.79095000 0.01072845
0.79100000 0.01072582
0.79105000 0.01072321
0.79110000 0.01072062
0.79115000 0.01071806
0.79120000 0.01071552
0.79125000 0.01071301
0.79130000 0.01071053
0.79135000 0.01070806
0.79140000 0.01070563
0.79145000 0.01070321
0.79150000 0.01070083
0.79155000 0.01069846
0.79160000 0.01069613
0.79165000 0.01069381
0.79170000 0.01069152
0.79175000 0.01068926
0.79180000 0.01068702
0.79185000 0.01068480
0.79190000 0.01068261
0.79195000 0.01068044
0.79200000 0.01067830
0.79205000 0.01067618
0.79210000 0.01067408
0.79215000 0.01067201
0.79220000 0.01066996
0.79225000 0.01066794
0.79230000 0.01066594
0.79235000 0.01066396
0.79240000 0.01066201
0.79245000 0.01066008
0.79250000 0.01065818
0.79255000 0.01065630
0.79260000 0.01065444
0.79265000 0.01065261
0.79270000 0.01065080
0.79275000 0.01064901
0.79280000 0.01064725
0.79285000 0.01064551
0.79290000 0.01064379
0.79295000 0.01064210
0.79300000 0.01064043
0.79305000 0.01063879
0.79310000 0.01063716
0.79315000 0.01063556
0.79320000 0.01063399
0.79325000 0.01063243
0.79330000 0.01063090
0.79335000 0.01062939
0.79340000 0.01062791
0.79345000 0.01062645
0.79350000 0.01062501
0.79355000 0.01062359
0.79360000 0.01062220
0.79365000 0.01062083
0.79370000 0.01061948
0.79375000 0.01061816
0.79380000 0.01061686
0.79385000 0.01061558
0.79390000 0.01061432
0.79395000 0.01061308
0.79400000 0.01061187
0.79405000 0.01061068
0.79410000 0.01060951
0.79415000 0.01060837
0.79420000 0.01060724
0.79425000 0.01060614
0.79430000 0.01060506
0.79435000 0.01060401
0.79440000 0.01060297
0.79445000 0.01060196
0.79450000 0.01060097
0.79455000 0.01060000
0.79460000 0.01059905
0.79465000 0.01059813
0.79470000 0.01059723
0.79475000 0.01059634
0.79480000 0.01059548
0.79485000 0.01059465
0.79490000 0.01059383
0.79495000 0.01059304
0.79500000 0.01059226
0.79505000 0.01059151
0.79510000 0.01059078
0.79515000 0.01059007
0.79520000 0.01058938
0.79525000 0.01058872
0.79530000 0.01058807
0.79535000 0.01058745
0.79540000 0.01058685
0.79545000 0.01058627
0.79550000 0.01058571
0.79555000 0.01058517
0.79560000 0.01058465
0.79565000 0.01058415
0.79570000 0.01058368
0.79575000 0.01058322
0.79580000 0.01058279
0.79585000 0.01058238
0.79590000 0.01058198
0.79595000 0.01058161
0.79600000 0.01058126
0.79605000 0.01058093
0.79610000 0.01058062
0.79615000 0.01058033
0.79620000 0.01058006
0.79625000 0.01057982
0.79630000 0.01057959
0.79635000 0.01057938
0.79640000 0.01057919
0.79645000 0.01057903
0.79650000 0.01057888
0.79655000 0.01057875
0.79660000 0.01057865
0.79665000 0.01057856
0.79670000 0.01057850
0.79675000 0.01057845
0.79680000 0.01057843
0.79685000 0.01057842
0.79690000 0.01057844
0.79695000 0.01057847
0.79700000 0.01057852
0.79705000 0.01057860
0.79710000 0.01057869
0.79715000 0.01057881
0.79720000 0.01057894
0.79725000 0.01057909
0.79730000 0.01057926
0.79735000 0.01057946
0.79740000 0.01057967
0.79745000 0.01057990
0.79750000 0.01058015
0.79755000 0.01058042
0.79760000 0.01058071
0.79765000 0.01058102
0.79770000 0.01058135
0.79775000 0.01058169
0.79780000 0.01058206
0.79785000 0.01058244
0.79790000 0.01058285
0.79795000 0.01058327
0.79800000 0.01058372
0.79805000 0.01058418
0.79810000 0.01058466
0.79815000 0.01058516
0.79820000 0.01058568
0.79825000 0.01058621
0.79830000 0.01058677
0.79835000 0.01058734
0.79840000 0.01058794
0.79845000 0.01058855
0.79850000 0.01058918
0.79855000 0.01058983
0.79860000 0.01059050
0.79865000 0.01059118
0.79870000 0.01059189
0.79875000 0.01059261
0.79880000 0.01059335
0.79885000 0.01059411
0.79890000 0.01059489
0.79895000 0.01059569
0.79900000 0.01059650
0.79905000 0.01059733
0.79910000 0.01059819
0.79915000 0.01059905
0.79920000 0.01059994
0.79925000 0.01060085
0.79930000 0.01060177
0.79935000 0.01060271
0.79940000 0.01060367
0.79945000 0.01060465
0.79950000 0.01060564
0.79955000 0.01060665
0.79960000 0.01060768
0.79965000 0.01060873
0.79970000 0.01060979
0.79975000 0.01061088
0.79980000 0.01061198
0.79985000 0.01061309
0.79990000 0.01061423
0.79995000 0.01061538
0.80000000 0.01061655
0.80005000 0.01061774
0.80010000 0.01061895
0.80015000 0.01062017
0.80020000 0.01062141
0.80025000 0.01062266
0.80030000 0.01062394
0.80035000 0.01062523
0.80040000 0.01062654
0.80045000 0.01062786
0.80050000 0.01062920
0.80055000 0.01063056
0.80060000 0.01063194
0.80065000 0.01063333
0.80070000 0.01063474
0.80075000 0.01063617
0.80080000 0.01063761
0.80085000 0.01063907
0.80090000 0.01064054
0.80095000 0.01064204
0.80100000 0.01064355
0.80105000 0.01064507
0.80110000 0.01064662
0.80115000 0.01064817
0.80120000 0.01064975
0.80125000 0.01065134
0.80130000 0.01065295
0.80135000 0.01065458
0.80140000 0.01065622
0.80145000 0.01065787
0.80150000 0.01065955
0.80155000 0.01066124
0.80160000 0.01066294
0.80165000 0.01066466
0.80170000 0.01066640
0.80175000 0.01066815
0.80180000 0.01066992
0.80185000 0.01067171
0.80190000 0.01067351
0.80195000 0.01067533
0.80200000 0.01067716
0.80205000 0.01067901
0.80210000 0.01068088
0.80215000 0.01068276
0.80220000 0.01068465
0.80225000 0.01068656
0.80230000 0.01068849
0.80235000 0.01069043
0.80240000 0.01069239
0.80245000 0.01069437
0.80250000 0.01069635
0.80255000 0.01069836
0.80260000 0.01070038
0.80265000 0.01070241
0.80270000 0.01070446
0.80275000 0.01070653
0.80280000 0.01070861
0.80285000 0.01071071
0.80290000 0.01071282
0.80295000 0.01071494
0.80300000 0.01071708
0.80305000 0.01071924
0.80310000 0.01072141
0.80315000 0.01072360
0.80320000 0.01072580
0.80325000 0.01072801
0.80330000 0.01073024
0.80335000 0.01073249
0.80340000 0.01073475
0.80345000 0.01073702
0.80350000 0.01073931
0.80355000 0.01074162
0.80360000 0.01074101
0.80365000 0.01073554
0.80370000 0.01073009
0.80375000 0.01072466
0.80380000 0.01071926
0.80385000 0.01071388
0.80390000 0.01070853
0.80395000 0.01070321
0.80400000 0.01069791
0.80405000 0.01069263
0.80410000 0.01068738
0.80415000 0.01068215
0.80420000 0.01067695
0.80425000 0.01067178
0.80430000 0.01066662
0.80435000 0.01066150
0.80440000 0.01065639
0.80445000 0.01065131
0.80450000 0.01064626
0.80455000 0.01064123
0.80460000 0.01063622
0.80465000 0.01063124
0.80470000 0.01062629
0.80475000 0.01062135
0.80480000 0.01061644
0.80485000 0.01061156
0.80490000 0.01060670
0.80495000 0.01060186
0.80500000 0.01059705
0.80505000 0.01059226
0.80510000 0.01058750
0.80515000 0.01058276
0.80520000 0.01057804
0.80525000 0.01057335
0.80530000 0.01056868
0.80535000 0.01056404
0.80540000 0.01055942
0.80545000 0.01055482
0.80550000 0.01055024
0.80555000 0.01054569
0.80560000 0.01054117
0.80565000 0.01053666
0.80570000 0.01053218
0.80575000 0.01052772
0.80580000 0.01052329
0.80585000 0.01051888
0.80590000 0.01051449
0.80595000 0.01051013
0.80600000 0.01050579
0.80605000 0.01050147
0.80610000 0.01049718
0.80615000 0.01049290
0.80620000 0.01048866
0.80625000 0.01048443
0.80630000 0.01048023
0.80635000 0.01047605
0.80640000 0.01047189
0.80645000 0.01046776
0.80650000 0.01046364
0.80655000 0.01045956
0.80660000 0.01045549
0.80665000 0.01045145
0.80670000 0.01044742
0.80675000 0.01044343
0.80680000 0.01043945
0.80685000 0.01043550
0.80690000 0.01043156
0.80695000 0.01042766
0.80700000 0.01042377
0.80705000 0.01041990
0.80710000 0.01041606
0.80715000 0.01041224
0.80720000 0.01040844
0.80725000 0.01040467
0.80730000 0.01040091
0.80735000 0.01039718
0.80740000 0.01039347
0.80745000 0.01038979
0.80750000 0.01038612
0.80755000 0.01038248
0.80760000 0.01037885
0.80765000 0.01037525
0.80770000 0.01037167
0.80775000 0.01036812
0.80780000 0.01036458
0.80785000 0.01036107
0.80790000 0.01035757
0.80795000 0.01035410
0.80800000 0.01035065
0.80805000 0.01034723
0.80810000 0.01034382
0.80815000 0.01034043
0.80820000 0.01033707
0.80825000 0.01033373
0.80830000 0.01033040
0.80835000 0.01032710
0.80840000 0.01032383
0.80845000 0.01032057
0.80850000 0.01031733
0.80855000 0.01031411
0.80860000 0.01031092
0.80865000 0.01030774
0.80870000 0.01030459
0.80875000 0.01030146
0.80880000 0.01029835
0.80885000 0.01029525
0.80890000 0.01029218
0.80895000 0.01028913
0.80900000 0.01028611
0.80905000 0.01028310
0.80910000 0.01028011
0.80915000 0.01027714
0.80920000 0.01027419
0.80925000 0.01027127
0.80930000 0.01026836
0.80935000 0.01026548
0.80940000 0.01026261
0.80945000 0.01025977
0.80950000 0.01025694
0.80955000 0.01025414
0.80960000 0.01025135
0.80965000 0.01024859
0.80970000 0.01024584
0.80975000 0.01024312
0.80980000 0.01024041
0.80985000 0.01023773
0.80990000 0.01023506
0.80995000 0.01023242
0.81000000 0.01022979
0.81005000 0.01022719
0.81010000 0.01022460
0.81015000 0.01022204
0.81020000 0.01021949
0.81025000 0.01021696
0.81030000 0.01021446
0.81035000 0.01021197
0.81040000 0.01020950
0.81045000 0.01020705
0.81050000 0.01020462
0.81055000 0.01020221
0.81060000 0.01019982
0.81065000 0.01019745
0.81070000 0.01019510
0.81075000 0.01019277
0.81080000 0.01019045
0.81085000 0.01018816
0.81090000 0.01018588
0.81095000 0.01018362
0.81100000 0.01018139
0.81105000 0.01017917
0.81110000 0.01017697
0.81115000 0.01017479
0.81120000 0.01017263
0.81125000 0.01017048
0.81130000 0.01016836
0.81135000 0.01016625
0.81140000 0.01016417
0.81145000 0.01016210
0.81150000 0.01016005
0.81155000 0.01015802
0.81160000 0.01015601
0.81165000 0.01015401
0.81170000 0.01015204
0.81175000 0.01015008
0.81180000 0.01014814
0.81185000 0.01014622
0.81190000 0.01014432
0.81195000 0.01014243
0.81200000 0.01014057
0.81205000 0.01013872
0.81210000 0.01013689
0.81215000 0.01013508
0.81220000 0.01013328
0.81225000 0.01013151
0.81230000 0.01012975
0.81235000 0.01012801
0.81240000 0.01012629
0.81245000 0.01012459
0.81250000 0.01012290
0.81255000 0.01012123
0.81260000 0.01011958
0.81265000 0.01011795
0.81270000 0.01011633
0.81275000 0.01011474
0.81280000 0.01011316
0.81285000 0.01011159
0.81290000 0.01011005
0.81295000 0.01010852
0.81300000 0.01010701
0.81305000 0.01010552
0.81310000 0.01010404
0.81315000 0.01010259
0.81320000 0.01010115
0.81325000 0.01009972
0.81330000 0.01009832
0.81335000 0.01009693
0.81340000 0.01009555
0.81345000 0.01009420
0.81350000 0.01009286
0.81355000 0.01009154
0.81360000 0.01009024
0.81365000 0.01008895
0.81370000 0.01008768
0.81375000 0.01008643
0.81380000 0.01008519
0.81385000 0.01008397
0.81390000 0.01008277
0.81395000 0.01008158
0.81400000 0.01008041
0.81405000 0.01007926
0.81410000 0.01007812
0.81415000 0.01007700
0.81420000 0.01007590
0.81425000 0.01007481
0.81430000 0.01007374
0.81435000 0.01007268
0.81440000 0.01007165
0.81445000 0.01007062
0.81450000 0.01006962
0.81455000 0.01006863
0.81460000 0.01006766
0.81465000 0.01006670
0.81470000 0.01006576
0.81475000 0.01006483
0.81480000 0.01006393
0.81485000 0.01006303
0.81490000 0.01006216
0.81495000 0.01006130
0.81500000 0.01006045
0.81505000 0.01005962
0.81510000 0.01005881
0.81515000 0.01005801
0.81520000 0.01005723
0.81525000 0.01005646
0.81530000 0.01005571
0.81535000 0.01005498
0.81540000 0.01005426
0.81545000 0.01005356
0.81550000 0.01005287
0.81555000 0.01005220
0.81560000 0.01005154
0.81565000 0.01005090
0.81570000 0.01005027
0.81575000 0.01004966
0.81580000 0.01004906
0.81585000 0.01004848
0.81590000 0.01004792
0.81595000 0.01004737
0.81600000 0.01004683
0.81605000 0.01004631
0.81610000 0.01004581
0.81615000 0.01004532
0.81620000 0.01004484
0.81625000 0.01004438
0.81630000 0.01004394
0.81635000 0.01004351
0.81640000 0.01004309
0.81645000 0.01004269
0.81650000 0.01004230
0.81655000 0.01004193
0.81660000 0.01004158
0.81665000 0.01004124
0.81670000 0.01004091
0.81675000 0.01004060
0.81680000 0.01004030
0.81685000 0.01004001
0.81690000 0.01003974
0.81695000 0.01003949
0.81700000 0.01003925
0.81705000 0.01003902
0.81710000 0.01003881
0.81715000 0.01003862
0.81720000 0.01003843
0.81725000 0.01003826
0.81730000 0.01003811
0.81735000 0.01003797
0.81740000 0.01003784
0.81745000 0.01003773
0.81750000 0.01003763
0.81755000 0.01003755
0.81760000 0.01003748
0.81765000 0.01003742
0.81770000 0.01003738
0.81775000 0.01003735
0.81780000 0.01003733
0.81785000 0.01003733
0.81790000 0.01003735
0.81795000 0.01003737
0.81800000 0.01003741
0.81805000 0.01003747
0.81810000 0.01003753
0.81815000 0.01003761
0.81820000 0.01003771
0.81825000 0.01003782
0.81830000 0.01003794
0.81835000 0.01003807
0.81840000 0.01003822
0.81845000 0.01003838
0.81850000 0.01003856
0.81855000 0.01003874
0.81860000 0.01003895
0.81865000 0.01003916
0.81870000 0.01003939
0.81875000 0.01003963
0.81880000 0.01003988
0.81885000 0.01004015
0.81890000 0.01004043
0.81895000 0.01004072
0.81900000 0.01004103
0.81905000 0.01004135
0.81910000 0.01004168
0.81915000 0.01004202
0.81920000 0.01004238
0.81925000 0.01004275
0.81930000 0.01004313
0.81935000 0.01004353
0.81940000 0.01004394
0.81945000 0.01004436
0.81950000 0.01004479
0.81955000 0.01004524
0.81960000 0.01004570
0.81965000 0.01004617
0.81970000 0.01004665
0.81975000 0.01004715
0.81980000 0.01004765
0.81985000 0.01004817
0.81990000 0.01004871
0.81995000 0.01004925
0.82000000 0.01004981
0.82005000 0.01005038
0.82010000 0.01005096
0.82015000 0.01005156
0.82020000 0.01005216
0.82025000 0.01005278
0.82030000 0.01005341
0.82035000 0.01005405
0.82040000 0.01005471
0.82045000 0.01005537
0.82050000 0.01005605
0.82055000 0.01005674
0.82060000 0.01005744
0.82065000 0.01005816
0.82070000 0.01005888
0.82075000 0.01005962
0.82080000 0.01006037
0.82085000 0.01006113
0.82090000 0.01006190
0.82095000 0.01006268
0.82100000 0.01006348
0.82105000 0.01006428
0.82110000 0.01006510
0.82115000 0.01006593
0.82120000 0.01006677
0.82125000 0.01006763
0.82130000 0.01006849
0.82135000 0.01006936
0.82140000 0.01007025
0.82145000 0.01007115
0.82150000 0.01007206
0.82155000 0.01007298
0.82160000 0.01007391
0.82165000 0.01007485
0.82170000 0.01007580
0.82175000 0.01007677
0.82180000 0.01007774
0.82185000 0.01007873
0.82190000 0.01007973
0.82195000 0.01008074
0.82200000 0.01008176
0.82205000 0.01008279
0.82210000 0.01008383
0.82215000 0.01008488
0.82220000 0.01008594
0.82225000 0.01008701
0.82230000 0.01008810
0.82235000 0.01008919
0.82240000 0.01009030
0.82245000 0.01008811
0.82250000 0.01008354
0.82255000 0.01007899
0.82260000 0.01007446
0.82265000 0.01006995
0.82270000 0.01006546
0.82275000 0.01006098
0.82280000 0.01005653
0.82285000 0.01005210
0.82290000 0.01004768
0.82295000 0.01004328
0.82300000 0.01003891
0.82305000 0.01003455
0.82310000 0.01003021
0.82315000 0.01002589
0.82320000 0.01002159
0.82325000 0.01001731
0.82330000 0.01001305
0.82335000 0.01000880
0.82340000 0.01000458
0.82345000 0.01000037
0.82350000 0.00999619
0.82355000 0.00999202
0.82360000 0.00998787
0.82365000 0.00998374
0.82370000 0.00997963
0.82375000 0.00997553
0.82380000 0.00997146
0.82385000 0.00996740
0.82390000 0.00996336
0.82395000 0.00995934
0.82400000 0.00995534
0.82405000 0.00995136
0.82410000 0.00994739
0.82415000 0.00994345
0.82420000 0.00993952
0.82425000 0.00993561
0.82430000 0.00993172
0.82435000 0.00992785
0.82440000 0.00992399
0.82445000 0.00992015
0.82450000 0.00991634
0.82455000 0.00991253
0.82460000 0.00990875
0.82465000 0.00990499
0.82470000 0.00990124
0.82475000 0.00989751
0.82480000 0.00989380
0.82485000 0.00989010
0.82490000 0.00988643
0.82495000 0.00988277
0.82500000 0.00987913
0.82505000 0.00987551
0.82510000 0.00987190
0.82515000 0.00986831
0.82520000 0.00986474
0.82525000 0.00986119
0.82530000 0.00985765
0.82535000 0.00985413
0.82540000 0.00985063
0.82545000 0.00984715
0.82550000 0.00984368
0.82555000 0.00984023
0.82560000 0.00983680
0.82565000 0.00983339
0.82570000 0.00982999
0.82575000 0.00982661
0.82580000 0.00982325
0.82585000 0.00981990
0.82590000 0.00981657
0.82595000 0.00981326
0.82600000 0.00980996
0.82605000 0.00980668
0.82610000 0.00980342
0.82615000 0.00980017
0.82620000 0.00979695
0.82625000 0.00979373
0.82630000 0.00979054
0.82635000 0.00978736
0.82640000 0.00978420
0.82645000 0.00978105
0.82650000 0.00977792
0.82655000 0.00977481
0.82660000 0.00977172
0.82665000 0.00976864
0.82670000 0.00976557
0.82675000 0.00976253
0.82680000 0.00975950
0.82685000 0.00975648
0.82690000 0.00975348
0.82695000 0.00975050
0.82700000 0.00974754
0.82705000 0.00974459
0.82710000 0.00974165
0.82715000 0.00973873
0.82720000 0.00973583
0.82725000 0.00973295
0.82730000 0.00973008
0.82735000 0.00972722
0.82740000 0.00972439
0.82745000 0.00972156
0.82750000 0.00971876
0.82755000 0.00971597
0.82760000 0.00971319
0.82765000 0.00971043
0.82770000 0.00970769
0.82775000 0.00970496
0.82780000 0.00970225
0.82785000 0.00969955
0.82790000 0.00969687
0.82795000 0.00969421
0.82800000 0.00969156
0.82805000 0.00968892
0.82810000 0.00968630
0.82815000 0.00968370
0.82820000 0.00968111
0.82825000 0.00967853
0.82830000 0.00967598
0.82835000 0.00967343
0.82840000 0.00967090
0.82845000 0.00966839
0.82850000 0.00966589
0.82855000 0.00966341
0.82860000 0.00966094
0.82865000 0.00965849
0.82870000 0.00965605
0.82875000 0.00965363
0.82880000 0.00965122
0.82885000 0.00964882
0.82890000 0.00964644
0.82895000 0.00964408
0.82900000 0.00964173
0.82905000 0.00963940
0.82910000 0.00963708
0.82915000 0.00963477
0.82920000 0.00963248
0.82925000 0.00963020
0.82930000 0.00962794
0.82935000 0.00962569
0.82940000 0.00962346
0.82945000 0.00962124
0.82950000 0.00961904
0.82955000 0.00961684
0.82960000 0.00961467
0.82965000 0.00961251
0.82970000 0.00961036
0.82975000 0.00960823
0.82980000 0.00960611
0.82985000 0.00960400
0.82990000 0.00960191
0.82995000 0.00959983
0.83000000 0.00959777
0.83005000 0.00959572
0.83010000 0.00959369
0.83015000 0.00959167
0.83020000 0.00958966
0.83025000 0.00958766
0.83030000 0.00958568
0.83035000 0.00958372
0.83040000 0.00958177
0.83045000 0.00957983
0.83050000 0.00957790
0.83055000 0.00957599
0.83060000 0.00957409
0.83065000 0.00957221
0.83070000 0.00957034
0.83075000 0.00956848
0.83080000 0.00956664
0.83085000 0.00956481
0.83090000 0.00956299
0.83095000 0.00956118
0.83100000 0.00955939
0.83105000 0.00955762
0.83110000 0.00955585
0.83115000 0.00955410
0.83120000 0.00955236
0.83125000 0.00955064
0.83130000 0.00954893
0.83135000 0.00954723
0.83140000 0.00954554
0.83145000 0.00954387
0.83150000 0.00954221
0.83155000 0.00954057
0.83160000 0.00953893
0.83165000 0.00953731
0.83170000 0.00953570
0.83175000 0.00953411
0.83180000 0.00953253
0.83185000 0.00953096
0.83190000 0.00952940
0.83195000 0.00952786
0.83200000 0.00952632
0.83205000 0.00952480
0.83210000 0.00952330
0.83215000 0.00952180
0.83220000 0.00952032
0.83225000 0.00951885
0.83230000 0.00951740
0.83235000 0.00951595
0.83240000 0.00951452
0.83245000 0.00951310
0.83250000 0.00951169
0.83255000 0.00951030
0.83260000 0.00950891
0.83265000 0.00950754
0.83270000 0.00950618
0.83275000 0.00950484
0.83280000 0.00950350
0.83285000 0.00950218
0.83290000 0.00950087
0.83295000 0.00949957
0.83300000 0.00949828
0.83305000 0.00949701
0.83310000 0.00949575
0.83315000 0.00949450
0.83320000 0.00949326
0.83325000 0.00949203
0.83330000 0.00949081
0.83335000 0.00948961
0.83340000 0.00948842
0.83345000 0.00948724
0.83350000 0.00948607
0.83355000 0.00948491
0.83360000 0.00948377
0.83365000 0.00948263
0.83370000 0.00948151
0.83375000 0.00948040
0.83380000 0.00947930
0.83385000 0.00947821
0.83390000 0.00947713
0.83395000 0.00947606
0.83400000 0.00947501
0.83405000 0.00947397
0.83410000 0.00947293
0.83415000 0.00947191
0.83420000 0.00947090
0.83425000 0.00946990
0.83430000 0.00946892
0.83435000 0.00946794
0.83440000 0.00946697
0.83445000 0.00946602
0.83450000 0.00946508
0.83455000 0.00946414
0.83460000 0.00946322
0.83465000 0.00946231
0.83470000 0.00946141
0.83475000 0.00946052
0.83480000 0.00945964
0.83485000 0.00945878
0.83490000 0.00945792
0.83495000 0.00945707
0.83500000 0.00945624
0.83505000 0.00945541
0.83510000 0.00945460
0.83515000 0.00945379
0.83520000 0.00945300
0.83525000 0.00945222
0.83530000 0.00945144
0.83535000 0.00945068
0.83540000 0.00944993
0.83545000 0.00944919
0.83550000 0.00944846
0.83555000 0.00944773
0.83560000 0.00944702
0.83565000 0.00944632
0.83570000 0.00944563
0.83575000 0.00944495
0.83580000 0.00944428
0.83585000 0.00944362
0.83590000 0.00944297
0.83595000 0.00944233
0.83600000 0.00944170
0.83605000 0.00944108
0.83610000 0.00944047
0.83615000 0.00943987
0.83620000 0.00943928
0.83625000 0.00943870
0.83630000 0.00943813
0.83635000 0.00943757
0.83640000 0.00943702
0.83645000 0.00943648
0.83650000 0.00943595
0.83655000 0.00943543
0.83660000 0.00943492
0.83665000 0.00943441
0.83670000 0.00943392
0.83675000 0.00943344
0.83680000 0.00943296
0.83685000 0.00943250
0.83690000 0.00943204
0.83695000 0.00943160
0.83700000 0.00943116
0.83705000 0.00943073
0.83710000 0.00943032
0.83715000 0.00942991
0.83720000 0.00942951
0.83725000 0.00942912
0.83730000 0.00942874
0.83735000 0.00942837
0.83740000 0.00942800
0.83745000 0.00942765
0.83750000 0.00942731
0.83755000 0.00942697
0.83760000 0.00942665
0.83765000 0.00942633
0.83770000 0.00942602
0.83775000 0.00942572
0.83780000 0.00942543
0.83785000 0.00942515
0.83790000 0.00942488
0.83795000 0.00942461
0.83800000 0.00942436
0.83805000 0.00942411
0.83810000 0.00942387
0.83815000 0.00942364
0.83820000 0.00942342
0.83825000 0.00942321
0.83830000 0.00942301
0.83835000 0.00942281
0.83840000 0.00942263
0.83845000 0.00942245
0.83850000 0.00942228
0.83855000 0.00942212
0.83860000 0.00942197
0.83865000 0.00942182
0.83870000 0.00942169
0.83875000 0.00942156
0.83880000 0.00942144
0.83885000 0.00942133
0.83890000 0.00942123
0.83895000 0.00942113
0.83900000 0.00942105
0.83905000 0.00942097
0.83910000 0.00942090
0.83915000 0.00942084
0.83920000 0.00942078
0.83925000 0.00942074
0.83930000 0.00942070
0.83935000 0.00942067
0.83940000 0.00942065
0.83945000 0.00942064
0.83950000 0.00942063
0.83955000 0.00942063
0.83960000 0.00942064
0.83965000 0.00942066
0.83970000 0.00942068
0.83975000 0.00942072
0.83980000 0.00942076
0.83985000 0.00942081
0.83990000 0.00942086
0.83995000 0.00942093
0.84000000 0.00942100
0.84005000 0.00942107
0.84010000 0.00942116
0.84015000 0.00942125
0.84020000 0.00942136
0.84025000 0.00942146
0.84030000 0.00942158
0.84035000 0.00942170
0.84040000 0.00942183
0.84045000 0.00942197
0.84050000 0.00942212
0.84055000 0.00941885
0.84060000 0.00941496
0.84065000 0.00941108
0.84070000 0.00940722
0.84075000 0.00940337
0.84080000 0.00939953
0.84085000 0.00939571
0.84090000 0.00939191
0.84095000 0.00938811
0.84100000 0.00938434
0.84105000 0.00938058
0.84110000 0.00937683
0.84115000 0.00937309
0.84120000 0.00936938
0.84125000 0.00936567
0.84130000 0.00936198
0.84135000 0.00935830
0.84140000 0.00935464
0.84145000 0.00935100
0.84150000 0.00934736
0.84155000 0.00934374
0.84160000 0.00934014
0.84165000 0.00933655
0.84170000 0.00933297
0.84175000 0.00932941
0.84180000 0.00932586
0.84185000 0.00932232
0.84190000 0.00931880
0.84195000 0.00931529
0.84200000 0.00931180
0.84205000 0.00930832
0.84210000 0.00930485
0.84215000 0.00930140
0.84220000 0.00929796
0.84225000 0.00929454
0.84230000 0.00929113
0.84235000 0.00928773
0.84240000 0.00928434
0.84245000 0.00928097
0.84250000 0.00927762
0.84255000 0.00927427
0.84260000 0.00927094
0.84265000 0.00926762
0.84270000 0.00926432
0.84275000 0.00926103
0.84280000 0.00925775
0.84285000 0.00925449
0.84290000 0.00925124
0.84295000 0.00924800
0.84300000 0.00924478
0.84305000 0.00924157
0.84310000 0.00923837
0.84315000 0.00923518
0.84320000 0.00923201
0.84325000 0.00922885
0.84330000 0.00922571
0.84335000 0.00922257
0.84340000 0.00921945
0.84345000 0.00921635
0.84350000 0.00921325
0.84355000 0.00921017
0.84360000 0.00920710
0.84365000 0.00920404
0.84370000 0.00920100
0.84375000 0.00919797
0.84380000 0.00919495
0.84385000 0.00919195
0.84390000 0.00918895
0.84395000 0.00918597
0.84400000 0.00918300
0.84405000 0.00918005
0.84410000 0.00917710
0.84415000 0.00917417
0.84420000 0.00917125
0.84425000 0.00916835
0.84430000 0.00916545
0.84435000 0.00916257
0.84440000 0.00915970
0.84445000 0.00915685
0.84450000 0.00915400
0.84455000 0.00915117
0.84460000 0.00914835
0.84465000 0.00914554
0.84470000 0.00914274
0.84475000 0.00913996
0.84480000 0.00913718
0.84485000 0.00913442
0.84490000 0.00913167
0.84495000 0.00912894
0.84500000 0.00912621
0.84505000 0.00912350
0.84510000 0.00912080
0.84515000 0.00911811
0.84520000 0.00911543
0.84525000 0.00911276
0.84530000 0.00911011
0.84535000 0.00910746
0.84540000 0.00910483
0.84545000 0.00910221
0.84550000 0.00909960
0.84555000 0.00909701
0.84560000 0.00909442
0.84565000 0.00909185
0.84570000 0.00908928
0.84575000 0.00908673
0.84580000 0.00908419
0.84585000 0.00908166
0.84590000 0.00907915
0.84595000 0.00907664
0.84600000 0.00907415
0.84605000 0.00907166
0.84610000 0.00906919
0.84615000 0.00906673
0.84620000 0.00906428
0.84625000 0.00906184
0.84630000 0.00905941
0.84635000 0.00905699
0.84640000 0.00905459
0.84645000 0.00905219
0.84650000 0.00904981
0.84655000 0.00904743
0.84660000 0.00904507
0.84665000 0.00904272
0.84670000 0.00904038
0.84675000 0.00903805
0.84680000 0.00903573
0.84685000 0.00903342
0.84690000 0.00903112
0.84695000 0.00902883
0.84700000 0.00902655
0.84705000 0.00902429
0.84710000 0.00902203
0.84715000 0.00901978
0.84720000 0.00901755
0.84725000 0.00901532
0.84730000 0.00901311
0.84735000 0.00901090
0.84740000 0.00900871
0.84745000 0.00900653
0.84750000 0.00900435
0.84755000 0.00900219
0.84760000 0.00900004
0.84765000 0.00899790
0.84770000 0.00899576
0.84775000 0.00899364
0.84780000 0.00899153
0.84785000 0.00898943
0.84790000 0.00898734
0.84795000 0.00898525
0.84800000 0.00898318
0.84805000 0.00898112
0.84810000 0.00897907
0.84815000 0.00897703
0.84820000 0.00897499
0.84825000 0.00897297
0.84830000 0.00897096
0.84835000 0.00896895
0.84840000 0.00896696
0.84845000 0.00896498
0.84850000 0.00896300
0.84855000 0.00896104
0.84860000 0.00895908
0.84865000 0.00895714
0.84870000 0.00895520
0.84875000 0.00895328
0.84880000 0.00895136
0.84885000 0.00894945
0.84890000 0.00894756
0.84895000 0.00894567
0.84900000 0.00894379
0.84905000 0.00894192
0.84910000 0.00894006
0.84915000 0.00893821
0.84920000 0.00893637
0.84925000 0.00893454
0.84930000 0.00893271
0.84935000 0.00893090
0.84940000 0.00892909
0.84945000 0.00892730
0.84950000 0.00892551
0.84955000 0.00892374
0.84960000 0.00892197
0.84965000 0.00892021
0.84970000 0.00891846
0.84975000 0.00891672
0.84980000 0.00891498
0.84985000 0.00891326
0.84990000 0.00891154
0.84995000 0.00890984
0.85000000 0.00890814
0.85005000 0.00890645
0.85010000 0.00890477
0.85015000 0.00890310
0.85020000 0.00890144
0.85025000 0.00889979
0.85030000 0.00889814
0.85035000 0.00889650
0.85040000 0.00889488
0.85045000 0.00889326
0.85050000 0.00889165
0.85055000 0.00889004
0.85060000 0.00888845
0.85065000 0.00888686
0.85070000 0.00888529
0.85075000 0.00888372
0.85080000 0.00888216
0.85085000 0.00888060
0.85090000 0.00887906
0.85095000 0.00887753
0.85100000 0.00887600
0.85105000 0.00887448
0.85110000 0.00887297
0.85115000 0.00887147
0.85120000 0.00886997
0.85125000 0.00886848
0.85130000 0.00886701
0.85135000 0.00886553
0.85140000 0.00886407
0.85145000 0.00886262
0.85150000 0.00886117
0.85155000 0.00885973
0.85160000 0.00885830
0.85165000 0.00885688
0.85170000 0.00885546
0.85175000 0.00885406
0.85180000 0.00885266
0.85185000 0.00885126
0.85190000 0.00884988
0.85195000 0.00884850
0.85200000 0.00884713
0.85205000 0.00884577
0.85210000 0.00884442
0.85215000 0.00884307
0.85220000 0.00884174
0.85225000 0.00884040
0.85230000 0.00883908
0.85235000 0.00883777
0.85240000 0.00883646
0.85245000 0.00883516
0.85250000 0.00883386
0.85255000 0.00883258
0.85260000 0.00883130
0.85265000 0.00883003
0.85270000 0.00882876
0.85275000 0.00882750
0.85280000 0.00882625
0.85285000 0.00882501
0.85290000 0.00882378
0.85295000 0.00882255
0.85300000 0.00882133
0.85305000 0.00882011
0.85310000 0.00881891
0.85315000 0.00881771
0.85320000 0.00881651
0.85325000 0.00881533
0.85330000 0.00881415
0.85335000 0.00881298
0.85340000 0.00881181
0.85345000 0.00881065
0.85350000 0.00880950
0.85355000 0.00880836
0.85360000 0.00880722
0.85365000 0.00880609
0.85370000 0.00880496
0.85375000 0.00880384
0.85380000 0.00880273
0.85385000 0.00880163
0.85390000 0.00880053
0.85395000 0.00879944
0.85400000 0.00879836
0.85405000 0.00879728
0.85410000 0.00879621
0.85415000 0.00879514
0.85420000 0.00879408
0.85425000 0.00879303
0.85430000 0.00879199
0.85435000 0.00879095
0.85440000 0.00878991
0.85445000 0.00878889
0.85450000 0.00878787
0.85455000 0.00878685
0.85460000 0.00878585
0.85465000 0.00878484
0.85470000 0.00878385
0.85475000 0.00878286
0.85480000 0.00878188
0.85485000 0.00878090
0.85490000 0.00877993
0.85495000 0.00877897
0.85500000 0.00877801
0.85505000 0.00877706
0.85510000 0.00877611
0.85515000 0.00877517
0.85520000 0.00877423
0.85525000 0.00877331
0.85530000 0.00877238
0.85535000 0.00877147
0.85540000 0.00877056
0.85545000 0.00876965
0.85550000 0.00876875
0.85555000 0.00876786
0.85560000 0.00876697
0.85565000 0.00876609
0.85570000 0.00876521
0.85575000 0.00876434
0.85580000 0.00876348
0.85585000 0.00876262
0.85590000 0.00876176
0.85595000 0.00876092
0.85600000 0.00876007
0.85605000 0.00875924
0.85610000 0.00875841
0.85615000 0.00875758
0.85620000 0.00875676
0.85625000 0.00875594
0.85630000 0.00875513
0.85635000 0.00875433
0.85640000 0.00875353
0.85645000 0.00875274
0.85650000 0.00875195
0.85655000 0.00875117
0.85660000 0.00875039
0.85665000 0.00874961
0.85670000 0.00874885
0.85675000 0.00874809
0.85680000 0.00874733
0.85685000 0.00874658
0.85690000 0.00874583
0.85695000 0.00874509
0.85700000 0.00874435
0.85705000 0.00874362
0.85710000 0.00874289
0.85715000 0.00874217
0.85720000 0.00874145
0.85725000 0.00874074
0.85730000 0.00874003
0.85735000 0.00873933
0.85740000 0.00873864
0.85745000 0.00873794
0.85750000 0.00873726
0.85755000 0.00873657
0.85760000 0.00873589
0.85765000 0.00873522
0.85770000 0.00873455
0.85775000 0.00873389
0.85780000 0.00873320
0.85785000 0.00872978
0.85790000 0.00872636
0.85795000 0.00872295
0.85800000 0.00871956
0.85805000 0.00871618
0.85810000 0.00871280
0.85815000 0.00870944
0.85820000 0.00870609
0.85825000 0.00870275
0.85830000 0.00869941
0.85835000 0.00869609
0.85840000 0.00869278
0.85845000 0.00868948
0.85850000 0.00868619
0.85855000 0.00868291
0.85860000 0.00867964
0.85865000 0.00867639
0.85870000 0.00867314
0.85875000 0.00866990
0.85880000 0.00866667
0.85885000 0.00866345
0.85890000 0.00866025
0.85895000 0.00865705
0.85900000 0.00865386
0.85905000 0.00865068
0.85910000 0.00864752
0.85915000 0.00864436
0.85920000 0.00864121
0.85925000 0.00863807
0.85930000 0.00863494
0.85935000 0.00863183
0.85940000 0.00862872
0.85945000 0.00862562
0.85950000 0.00862253
0.85955000 0.00861945
0.85960000 0.00861638
0.85965000 0.00861332
0.85970000 0.00861028
0.85975000 0.00860724
0.85980000 0.00860420
0.85985000 0.00860118
0.85990000 0.00859817
0.85995000 0.00859517
0.86000000 0.00859218
0.86005000 0.00858920
0.86010000 0.00858622
0.86015000 0.00858326
0.86020000 0.00858030
0.86025000 0.00857736
0.86030000 0.00857442
0.86035000 0.00857150
0.86040000 0.00856858
0.86045000 0.00856567
0.86050000 0.00856277
0.86055000 0.00855988
0.86060000 0.00855700
0.86065000 0.00855413
0.86070000 0.00855127
0.86075000 0.00854841
0.86080000 0.00854557
0.86085000 0.00854273
0.86090000 0.00853991
0.86095000 0.00853709
0.86100000 0.00853428
0.86105000 0.00853148
0.86110000 0.00852869
0.86115000 0.00852591
0.86120000 0.00852314
0.86125000 0.00852037
0.86130000 0.00851762
0.86135000 0.00851487
0.86140000 0.00851213
0.86145000 0.00850940
0.86150000 0.00850668
0.86155000 0.00850397
0.86160000 0.00850127
0.86165000 0.00849857
0.86170000 0.00849589
0.86175000 0.00849321
0.86180000 0.00849054
0.86185000 0.00848788
0.86190000 0.00848523
0.86195000 0.00848258
0.86200000 0.00847995
0.86205000 0.00847732
0.86210000 0.00847470
0.86215000 0.00847209
0.86220000 0.00846949
0.86225000 0.00846689
0.86230000 0.00846431
0.86235000 0.00846173
0.86240000 0.00845916
0.86245000 0.00845660
0.86250000 0.00845404
0.86255000 0.00845150
0.86260000 0.00844896
0.86265000 0.00844643
0.86270000 0.00844391
0.86275000 0.00844140
0.86280000 0.00843889
0.86285000 0.00843639
0.86290000 0.00843390
0.86295000 0.00843142
0.86300000 0.00842895
0.86305000 0.00842648
0.86310000 0.00842402
0.86315000 0.00842157
0.86320000 0.00841913
0.86325000 0.00841670
0.86330000 0.00841427
0.86335000 0.00841185
0.86340000 0.00840944
0.86345000 0.00840703
0.86350000 0.00840463
0.86355000 0.00840225
0.86360000 0.00839986
0.86365000 0.00839749
0.86370000 0.00839512
0.86375000 0.00839276
0.86380000 0.00839041
0.86385000 0.00838807
0.86390000 0.00838573
0.86395000 0.00838340
0.86400000 0.00838107
0.86405000 0.00837876
0.86410000 0.00837645
0.86415000 0.00837415
0.86420000 0.00837186
0.86425000 0.00836957
0.86430000 0.00836729
0.86435000 0.00836502
0.86440000 0.00836275
0.86445000 0.00836049
0.86450000 0.00835824
0.86455000 0.00835600
0.86460000 0.00835376
0.86465000 0.00835153
0.86470000 0.00834931
0.86475000 0.00834709
0.86480000 0.00834488
0.86485000 0.00834268
0.86490000 0.00834048
0.86495000 0.00833829
0.86500000 0.00833611
0.86505000 0.00833394
0.86510000 0.00833177
0.86515000 0.00832961
0.86520000 0.00832745
0.86525000 0.00832530
0.86530000 0.00832316
0.86535000 0.00832103
0.86540000 0.00831890
0.86545000 0.00831677
0.86550000 0.00831466
0.86555000 0.00831255
0.86560000 0.00831045
0.86565000 0.00830835
0.86570000 0.00830626
0.86575000 0.00830418
0.86580000 0.00830210
0.86585000 0.00830003
0.86590000 0.00829797
0.86595000 0.00829591
0.86600000 0.00829386
0.86605000 0.00829181
0.86610000 0.00828977
0.86615000 0.00828774
0.86620000 0.00828571
0.86625000 0.00828369
0.86630000 0.00828168
0.86635000 0.00827967
0.86640000 0.00827767
0.86645000 0.00827567
0.86650000 0.00827368
0.86655000 0.00827170
0.86660000 0.00826972
0.86665000 0.00826775
0.86670000 0.00826578
0.86675000 0.00826382
0.86680000 0.00826186
0.86685000 0.00825992
0.86690000 0.00825797
0.86695000 0.00825604
0.86700000 0.00825411
0.86705000 0.00825218
0.86710000 0.00825026
0.86715000 0.00824835
0.86720000 0.00824644
0.86725000 0.00824454
0.86730000 0.00824264
0.86735000 0.00824075
0.86740000 0.00823886
0.86745000 0.00823698
0.86750000 0.00823511
0.86755000 0.00823324
0.86760000 0.00823138
0.86765000 0.00822952
0.86770000 0.00822767
0.86775000 0.00822582
0.86780000 0.00822398
0.86785000 0.00822214
0.86790000 0.00822031
0.86795000 0.00821848
0.86800000 0.00821666
0.86805000 0.00821485
0.86810000 0.00821304
0.86815000 0.00821124
0.86820000 0.00820944
0.86825000 0.00820764
0.86830000 0.00820585
0.86835000 0.00820407
0.86840000 0.00820229
0.86845000 0.00820052
0.86850000 0.00819875
0.86855000 0.00819699
0.86860000 0.00819523
0.86865000 0.00819348
0.86870000 0.00819173
0.86875000 0.00818998
0.86880000 0.00818825
0.86885000 0.00818651
0.86890000 0.00818479
0.86895000 0.00818306
0.86900000 0.00818134
0.86905000 0.00817963
0.86910000 0.00817792
0.86915000 0.00817622
0.86920000 0.00817452
0.86925000 0.00817282
0.86930000 0.00817113
0.86935000 0.00816945
0.86940000 0.00816777
0.86945000 0.00816609
0.86950000 0.00816442
0.86955000 0.00816275
0.86960000 0.00816109
0.86965000 0.00815943
0.86970000 0.00815778
0.86975000 0.00815613
0.86980000 0.00815449
0.86985000 0.00815285
0.86990000 0.00815121
0.86995000 0.00814958
0.87000000 0.00814796
0.87005000 0.00814633
0.87010000 0.00814472
0.87015000 0.00814310
0.87020000 0.00814149
0.87025000 0.00813989
0.87030000 0.00813829
0.87035000 0.00813669
0.87040000 0.00813510
0.87045000 0.00813351
0.87050000 0.00813193
0.87055000 0.00813035
0.87060000 0.00812878
0.87065000 0.00812720
0.87070000 0.00812564
0.87075000 0.00812408
0.87080000 0.00812252
0.87085000 0.00812096
0.87090000 0.00811941
0.87095000 0.00811786
0.87100000 0.00811632
0.87105000 0.00811478
0.87110000 0.00811325
0.87115000 0.00811172
0.87120000 0.00811019
0.87125000 0.00810867
0.87130000 0.00810715
0.87135000 0.00810563
0.87140000 0.00810412
0.87145000 0.00810261
0.87150000 0.00810111
0.87155000 0.00809961
0.87160000 0.00809811
0.87165000 0.00809662
0.87170000 0.00809513
0.87175000 0.00809364
0.87180000 0.00809216
0.87185000 0.00809068
0.87190000 0.00808920
0.87195000 0.00808773
0.87200000 0.00808626
0.87205000 0.00808480
0.87210000 0.00808334
0.87215000 0.00808188
0.87220000 0.00808043
0.87225000 0.00807898
0.87230000 0.00807753
0.87235000 0.00807609
0.87240000 0.00807465
0.87245000 0.00807321
0.87250000 0.00807177
0.87255000 0.00807034
0.87260000 0.00806892
0.87265000 0.00806749
0.87270000 0.00806607
0.87275000 0.00806466
0.87280000 0.00806324
0.87285000 0.00806183
0.87290000 0.00806042
0.87295000 0.00805902
0.87300000 0.00805762
0.87305000 0.00805622
0.87310000 0.00805482
0.87315000 0.00805343
0.87320000 0.00805204
0.87325000 0.00805065
0.87330000 0.00804927
0.87335000 0.00804789
0.87340000 0.00804651
0.87345000 0.00804514
0.87350000 0.00804377
0.87355000 0.00804240
0.87360000 0.00804103
0.87365000 0.00803967
0.87370000 0.00803831
0.87375000 0.00803695
0.87380000 0.00803560
0.87385000 0.00803425
0.87390000 0.00803290
0.87395000 0.00803155
0.87400000 0.00803021
0.87405000 0.00802887
0.87410000 0.00802753
0.87415000 0.00802619
0.87420000 0.00802486
0.87425000 0.00802353
0.87430000 0.00802060
0.87435000 0.00801748
0.87440000 0.00801437
0.87445000 0.00801126
0.87450000 0.00800816
0.87455000 0.00800507
0.87460000 0.00800199
0.87465000 0.00799891
0.87470000 0.00799584
0.87475000 0.00799278
0.87480000 0.00798973
0.87485000 0.00798668
0.87490000 0.00798364
0.87495000 0.00798061
0.87500000 0.00797758
0.87505000 0.00797456
0.87510000 0.00797155
0.87515000 0.00796854
0.87520000 0.00796554
0.87525000 0.00796255
0.87530000 0.00795957
0.87535000 0.00795659
0.87540000 0.00795362
0.87545000 0.00795065
0.87550000 0.00794770
0.87555000 0.00794475
0.87560000 0.00794180
0.87565000 0.00793887
0.87570000 0.00793594
0.87575000 0.00793301
0.87580000 0.00793009
0.87585000 0.00792718
0.87590000 0.00792428
0.87595000 0.00792138
0.87600000 0.00791849
0.87605000 0.00791561
0.87610000 0.00791273
0.87615000 0.00790986
0.87620000 0.00790699
0.87625000 0.00790414
0.87630000 0.00790128
0.87635000 0.00789844
0.87640000 0.00789560
0.87645000 0.00789277
0.87650000 0.00788994
0.87655000 0.00788712
0.87660000 0.00788430
0.87665000 0.00788150
0.87670000 0.00787870
0.87675000 0.00787590
0.87680000 0.00787311
0.87685000 0.00787033
0.87690000 0.00786755
0.87695000 0.00786478
0.87700000 0.00786201
0.87705000 0.00785926
0.87710000 0.00785650
0.87715000 0.00785376
0.87720000 0.00785102
0.87725000 0.00784828
0.87730000 0.00784555
0.87735000 0.00784283
0.87740000 0.00784011
0.87745000 0.00783740
0.87750000 0.00783470
0.87755000 0.00783200
0.87760000 0.00782930
0.87765000 0.00782661
0.87770000 0.00782393
0.87775000 0.00782126
0.87780000 0.00781858
0.87785000 0.00781592
0.87790000 0.00781326
0.87795000 0.00781061
0.87800000 0.00780796
0.87805000 0.00780531
0.87810000 0.00780268
0.87815000 0.00780005
0.87820000 0.00779742
0.87825000 0.00779480
0.87830000 0.00779218
0.87835000 0.00778957
0.87840000 0.00778697
0.87845000 0.00778437
0.87850000 0.00778178
0.87855000 0.00777919
0.87860000 0.00777661
0.87865000 0.00777403
0.87870000 0.00777146
0.87875000 0.00776889
0.87880000 0.00776633
0.87885000 0.00776377
0.87890000 0.00776122
0.87895000 0.00775868
0.87900000 0.00775614
0.87905000 0.00775360
0.87910000 0.00775107
0.87915000 0.00774854
0.87920000 0.00774602
0.87925000 0.00774351
0.87930000 0.00774100
0.87935000 0.00773849
0.87940000 0.00773599
0.87945000 0.00773350
0.87950000 0.00773101
0.87955000 0.00772852
0.87960000 0.00772604
0.87965000 0.00772356
0.87970000 0.00772109
0.87975000 0.00771863
0.87980000 0.00771617
0.87985000 0.00771371
0.87990000 0.00771126
0.87995000 0.00770881
0.88000000 0.00770637
0.88005000 0.00770393
0.88010000 0.00770150
0.88015000 0.00769907
0.88020000 0.00769665
0.88025000 0.00769423
0.88030000 0.00769181
0.88035000 0.00768940
0.88040000 0.00768700
0.88045000 0.00768460
0.88050000 0.00768220
0.88055000 0.00767981
0.88060000 0.00767742
0.88065000 0.00767504
0.88070000 0.00767266
0.88075000 0.00767029
0.88080000 0.00766792
0.88085000 0.00766555
0.88090000 0.00766319
0.88095000 0.00766083
0.88100000 0.00765848
0.88105000 0.00765613
0.88110000 0.00765379
0.88115000 0.00765145
0.88120000 0.00764912
0.88125000 0.00764678
0.88130000 0.00764446
0.88135000 0.00764213
0.88140000 0.00763982
0.88145000 0.00763750
0.88150000 0.00763519
0.88155000 0.00763288
0.88160000 0.00763058
0.88165000 0.00762828
0.88170000 0.00762599
0.88175000 0.00762370
0.88180000 0.00762141
0.88185000 0.00761913
0.88190000 0.00761685
0.88195000 0.00761458
0.88200000 0.00761231
0.88205000 0.00761004
0.88210000 0.00760778
0.88215000 0.00760552
0.88220000 0.00760326
0.88225000 0.00760101
0.88230000 0.00759876
0.88235000 0.00759652
0.88240000 0.00759428
0.88245000 0.00759204
0.88250000 0.00758981
0.88255000 0.00758758
0.88260000 0.00758535
0.88265000 0.00758313
0.88270000 0.00758091
0.88275000 0.00757870
0.88280000 0.00757649
0.88285000 0.00757428
0.88290000 0.00757207
0.88295000 0.00756987
0.88300000 0.00756768
0.88305000 0.00756548
0.88310000 0.00756329
0.88315000 0.00756111
0.88320000 0.00755892
0.88325000 0.00755674
0.88330000 0.00755457
0.88335000 0.00755239
0.88340000 0.00755022
0.88345000 0.00754806
0.88350000 0.00754589
0.88355000 0.00754373
0.88360000 0.00754157
0.88365000 0.00753942
0.88370000 0.00753727
0.88375000 0.00753512
0.88380000 0.00753298
0.88385000 0.00753084
0.88390000 0.00752870
0.88395000 0.00752657
0.88400000 0.00752443
0.88405000 0.00752231
0.88410000 0.00752018
0.88415000 0.00751806
0.88420000 0.00751594
0.88425000 0.00751382
0.88430000 0.00751171
0.88435000 0.00750960
0.88440000 0.00750749
0.88445000 0.00750539
0.88450000 0.00750328
0.88455000 0.00750118
0.88460000 0.00749909
0.88465000 0.00749700
0.88470000 0.00749491
0.88475000 0.00749282
0.88480000 0.00749073
0.88485000 0.00748865
0.88490000 0.00748657
0.88495000 0.00748450
0.88500000 0.00748242
0.88505000 0.00748035
0.88510000 0.00747828
0.88515000 0.00747622
0.88520000 0.00747415
0.88525000 0.00747209
0.88530000 0.00747004
0.88535000 0.00746798
0.88540000 0.00746593
0.88545000 0.00746388
0.88550000 0.00746183
0.88555000 0.00745979
0.88560000 0.00745774
0.88565000 0.00745570
0.88570000 0.00745367
0.88575000 0.00745163
0.88580000 0.00744960
0.88585000 0.00744757
0.88590000 0.00744554
0.88595000 0.00744352
0.88600000 0.00744149
0.88605000 0.00743947
0.88610000 0.00743745
0.88615000 0.00743544
0.88620000 0.00743342
0.88625000 0.00743141
0.88630000 0.00742940
0.88635000 0.00742740
0.88640000 0.00742539
0.88645000 0.00742339
0.88650000 0.00742139
0.88655000 0.00741939
0.88660000 0.00741739
0.88665000 0.00741540
0.88670000 0.00741341
0.88675000 0.00741142
0.88680000 0.00740943
0.88685000 0.00740745
0.88690000 0.00740546
0.88695000 0.00740348
0.88700000 0.00740150
0.88705000 0.00739952
0.88710000 0.00739755
0.88715000 0.00739557
0.88720000 0.00739360
0.88725000 0.00739163
0.88730000 0.00738967
0.88735000 0.00738770
0.88740000 0.00738574
0.88745000 0.00738377
0.88750000 0.00738181
0.88755000 0.00737985
0.88760000 0.00737790
0.88765000 0.00737594
0.88770000 0.00737399
0.88775000 0.00737204
0.88780000 0.00737009
0.88785000 0.00736814
0.88790000 0.00736620
0.88795000 0.00736425
0.88800000 0.00736231
0.88805000 0.00736037
0.88810000 0.00735843
0.88815000 0.00735649
0.88820000 0.00735455
0.88825000 0.00735262
0.88830000 0.00735069
0.88835000 0.00734875
0.88840000 0.00734682
0.88845000 0.00734490
0.88850000 0.00734297
0.88855000 0.00734104
0.88860000 0.00733912
0.88865000 0.00733720
0.88870000 0.00733527
0.88875000 0.00733336
0.88880000 0.00733144
0.88885000 0.00732952
0.88890000 0.00732760
0.88895000 0.00732569
0.88900000 0.00732378
0.88905000 0.00732187
0.88910000 0.00731996
0.88915000 0.00731805
0.88920000 0.00731614
0.88925000 0.00731423
0.88930000 0.00731233
0.88935000 0.00731042
0.88940000 0.00730852
0.88945000 0.00730662
0.88950000 0.00730472
0.88955000 0.00730282
0.88960000 0.00730092
0.88965000 0.00729903
0.88970000 0.00729713
0.88975000 0.00729524
0.88980000 0.00729334
0.88985000 0.00729117
0.88990000 0.00728819
0.88995000 0.00728522
0.89000000 0.00728225
0.89005000 0.00727928
0.89010000 0.00727632
0.89015000 0.00727336
0.89020000 0.00727041
0.89025000 0.00726746
0.89030000 0.00726452
0.89035000 0.00726158
0.89040000 0.00725865
0.89045000 0.00725572
0.89050000 0.00725279
0.89055000 0.00724987
0.89060000 0.00724695
0.89065000 0.00724404
0.89070000 0.00724113
0.89075000 0.00723823
0.89080000 0.00723533
0.89085000 0.00723243
0.89090000 0.00722954
0.89095000 0.00722666
0.89100000 0.00722377
0.89105000 0.00722090
0.89110000 0.00721802
0.89115000 0.00721515
0.89120000 0.00721229
0.89125000 0.00720942
0.89130000 0.00720657
0.89135000 0.00720371
0.89140000 0.00720086
0.89145000 0.00719802
0.89150000 0.00719518
0.89155000 0.00719234
0.89160000 0.00718950
0.89165000 0.00718668
0.89170000 0.00718385
0.89175000 0.00718103
0.89180000 0.00717821
0.89185000 0.00717540
0.89190000 0.00717259
0.89195000 0.00716978
0.89200000 0.00716698
0.89205000 0.00716418
0.89210000 0.00716138
0.89215000 0.00715859
0.89220000 0.00715580
0.89225000 0.00715302
0.89230000 0.00715024
0.89235000 0.00714746
0.89240000 0.00714469
0.89245000 0.00714192
0.89250000 0.00713916
0.89255000 0.00713640
0.89260000 0.00713364
0.89265000 0.00713088
0.89270000 0.00712813
0.89275000 0.00712538
0.89280000 0.00712264
0.89285000 0.00711990
0.89290000 0.00711716
0.89295000 0.00711443
0.89300000 0.00711170
0.89305000 0.00710897
0.89310000 0.00710625
0.89315000 0.00710353
0.89320000 0.00710081
0.89325000 0.00709810
0.89330000 0.00709539
0.89335000 0.00709268
0.89340000 0.00708998
0.89345000 0.00708728
0.89350000 0.00708458
0.89355000 0.00708189
0.89360000 0.00707920
0.89365000 0.00707651
0.89370000 0.00707383
0.89375000 0.00707115
0.89380000 0.00706847
0.89385000 0.00706579
0.89390000 0.00706312
0.89395000 0.00706045
0.89400000 0.00705779
0.89405000 0.00705513
0.89410000 0.00705247
0.89415000 0.00704981
0.89420000 0.00704716
0.89425000 0.00704451
0.89430000 0.00704186
0.89435000 0.00703922
0.89440000 0.00703658
0.89445000 0.00703394
0.89450000 0.00703130
0.89455000 0.00702867
0.89460000 0.00702604
0.89465000 0.00702341
0.89470000 0.00702079
0.89475000 0.00701817
0.89480000 0.00701555
0.89485000 0.00701293
0.89490000 0.00701032
0.89495000 0.00700771
0.89500000 0.00700510
0.89505000 0.00700250
0.89510000 0.00699990
0.89515000 0.00699730
0.89520000 0.00699470
0.89525000 0.00699210
0.89530000 0.00698951
0.89535000 0.00698692
0.89540000 0.00698434
0.89545000 0.00698175
0.89550000 0.00697917
0.89555000 0.00697659
0.89560000 0.00697402
0.89565000 0.00697144
0.89570000 0.00696887
0.89575000 0.00696630
0.89580000 0.00696374
0.89585000 0.00696117
0.89590000 0.00695861
0.89595000 0.00695605
0.89600000 0.00695350
0.89605000 0.00695094
0.89610000 0.00694839
0.89615000 0.00694584
0.89620000 0.00694329
0.89625000 0.00694075
0.89630000 0.00693821
0.89635000 0.00693567
0.89640000 0.00693313
0.89645000 0.00693059
0.89650000 0.00692806
0.89655000 0.00692553
0.89660000 0.00692300
0.89665000 0.00692047
0.89670000 0.00691794
0.89675000 0.00691542
0.89680000 0.00691290
0.89685000 0.00691038
0.89690000 0.00690787
0.89695000 0.00690535
0.89700000 0.00690284
0.89705000 0.00690033
0.89710000 0.00689782
0.89715000 0.00689531
0.89720000 0.00689281
0.89725000 0.00689031
0.89730000 0.00688781
0.89735000 0.00688531
0.89740000 0.00688281
0.89745000 0.00688032
0.89750000 0.00687782
0.89755000 0.00687533
0.89760000 0.00687284
0.89765000 0.00687036
0.89770000 0.00686787
0.89775000 0.00686539
0.89780000 0.00686291
0.89785000 0.00686043
0.89790000 0.00685795
0.89795000 0.00685547
0.89800000 0.00685300
0.89805000 0.00685052
0.89810000 0.00684805
0.89815000 0.00684558
0.89820000 0.00684311
0.89825000 0.00684065
0.89830000 0.00683818
0.89835000 0.00683572
0.89840000 0.00683326
0.89845000 0.00683080
0.89850000 0.00682834
0.89855000 0.00682588
0.89860000 0.00682343
0.89865000 0.00682098
0.89870000 0.00681852
0.89875000 0.00681607
0.89880000 0.00681362
0.89885000 0.00681118
0.89890000 0.00680873
0.89895000 0.00680629
0.89900000 0.00680384
0.89905000 0.00680140
0.89910000 0.00679896
0.89915000 0.00679652
0.89920000 0.00679408
0.89925000 0.00679165
0.89930000 0.00678921
0.89935000 0.00678678
0.89940000 0.00678435
0.89945000 0.00678192
0.89950000 0.00677949
0.89955000 0.00677706
0.89960000 0.00677463
0.89965000 0.00677221
0.89970000 0.00676978
0.89975000 0.00676736
0.89980000 0.00676494
0.89985000 0.00676251
0.89990000 0.00676010
0.89995000 0.00675768
0.90000000 0.00675526
0.90005000 0.00675284
0.90010000 0.00675043
0.90015000 0.00674801
0.90020000 0.00674560
0.90025000 0.00674319
0.90030000 0.00674078
0.90035000 0.00673837
0.90040000 0.00673596
0.90045000 0.00673355
0.90050000 0.00673114
0.90055000 0.00672874
0.90060000 0.00672633
0.90065000 0.00672393
0.90070000 0.00672153
0.90075000 0.00671912
0.90080000 0.00671672
0.90085000 0.00671432
0.90090000 0.00671192
0.90095000 0.00670953
0.90100000 0.00670713
0.90105000 0.00670473
0.90110000 0.00670234
0.90115000 0.00669994
0.90120000 0.00669755
0.90125000 0.00669515
0.90130000 0.00669276
0.90135000 0.00669037
0.90140000 0.00668798
0.90145000 0.00668559
0.90150000 0.00668320
0.90155000 0.00668081
0.90160000 0.00667842
0.90165000 0.00667603
0.90170000 0.00667365
0.90175000 0.00667126
0.90180000 0.00666888
0.90185000 0.00666649
0.90190000 0.00666411
0.90195000 0.00666172
0.90200000 0.00665934
0.90205000 0.00665696
0.90210000 0.00665458
0.90215000 0.00665219
0.90220000 0.00664981
0.90225000 0.00664743
0.90230000 0.00664505
0.90235000 0.00664268
0.90240000 0.00664030
0.90245000 0.00663792
0.90250000 0.00663554
0.90255000 0.00663316
0.90260000 0.00663079
0.90265000 0.00662841
0.90270000 0.00662603
0.90275000 0.00662366
0.90280000 0.00662128
0.90285000 0.00661891
0.90290000 0.00661653
0.90295000 0.00661416
0.90300000 0.00661179
0.90305000 0.00660941
0.90310000 0.00660704
0.90315000 0.00660467
0.90320000 0.00660230
0.90325000 0.00659992
0.90330000 0.00659755
0.90335000 0.00659518
0.90340000 0.00659281
0.90345000 0.00659044
0.90350000 0.00658807
0.90355000 0.00658570
0.90360000 0.00658333
0.90365000 0.00658096
0.90370000 0.00657859
0.90375000 0.00657622
0.90380000 0.00657385
0.90385000 0.00657148
0.90390000 0.00656911
0.90395000 0.00656674
0.90400000 0.00656437
0.90405000 0.00656200
0.90410000 0.00655963
0.90415000 0.00655726
0.90420000 0.00655489
0.90425000 0.00655252
0.90430000 0.00655015
0.90435000 0.00654779
0.90440000 0.00654542
0.90445000 0.00654305
0.90450000 0.00654068
0.90455000 0.00653781
0.90460000 0.00653483
0.90465000 0.00653186
0.90470000 0.00652890
0.90475000 0.00652593
0.90480000 0.00652297
0.90485000 0.00652001
0.90490000 0.00651705
0.90495000 0.00651410
0.90500000 0.00651114
0.90505000 0.00650819
0.90510000 0.00650525
0.90515000 0.00650230
0.90520000 0.00649936
0.90525000 0.00649642
0.90530000 0.00649348
0.90535000 0.00649054
0.90540000 0.00648761
0.90545000 0.00648467
0.90550000 0.00648174
0.90555000 0.00647882
0.90560000 0.00647589
0.90565000 0.00647297
0.90570000 0.00647005
0.90575000 0.00646713
0.90580000 0.00646421
0.90585000 0.00646130
0.90590000 0.00645839
0.90595000 0.00645548
0.90600000 0.00645257
0.90605000 0.00644966
0.90610000 0.00644676
0.90615000 0.00644386
0.90620000 0.00644096
0.90625000 0.00643806
0.90630000 0.00643517
0.90635000 0.00643227
0.90640000 0.00642938
0.90645000 0.00642649
0.90650000 0.00642360
0.90655000 0.00642072
0.90660000 0.00641783
0.90665000 0.00641495
0.90670000 0.00641207
0.90675000 0.00640919
0.90680000 0.00640632
0.90685000 0.00640344
0.90690000 0.00640057
0.90695000 0.00639770
0.90700000 0.00639483
0.90705000 0.00639196
0.90710000 0.00638910
0.90715000 0.00638623
0.90720000 0.00638337
0.90725000 0.00638051
0.90730000 0.00637765
0.90735000 0.00637480
0.90740000 0.00637194
0.90745000 0.00636909
0.90750000 0.00636624
0.90755000 0.00636339
0.90760000 0.00636054
0.90765000 0.00635769
0.90770000 0.00635485
0.90775000 0.00635200
0.90780000 0.00634916
0.90785000 0.00634632
0.90790000 0.00634348
0.90795000 0.00634064
0.90800000 0.00633781
0.90805000 0.00633497
0.90810000 0.00633214
0.90815000 0.00632931
0.90820000 0.00632648
0.90825000 0.00632365
0.90830000 0.00632082
0.90835000 0.00631800
0.90840000 0.00631517
0.90845000 0.00631235
0.90850000 0.00630953
0.90855000 0.00630671
0.90860000 0.00630389
0.90865000 0.00630107
0.90870000 0.00629826
0.90875000 0.00629544
0.90880000 0.00629263
0.90885000 0.00628982
0.90890000 0.00628700
0.90895000 0.00628420
0.90900000 0.00628139
0.90905000 0.00627858
0.90910000 0.00627577
0.90915000 0.00627297
0.90920000 0.00627017
0.90925000 0.00626736
0.90930000 0.00626456
0.90935000 0.00626176
0.90940000 0.00625896
0.90945000 0.00625616
0.90950000 0.00625337
0.90955000 0.00625057
0.90960000 0.00624778
0.90965000 0.00624498
0.90970000 0.00624219
0.90975000 0.00623940
0.90980000 0.00623661
0.90985000 0.00623382
0.90990000 0.00623103
0.90995000 0.00622825
0.91000000 0.00622546
0.91005000 0.00622267
0.91010000 0.00621989
0.91015000 0.00621711
0.91020000 0.00621432
0.91025000 0.00621154
0.91030000 0.00620876
0.91035000 0.00620598
0.91040000 0.00620320
0.91045000 0.00620042
0.91050000 0.00619765
0.91055000 0.00619487
0.91060000 0.00619210
0.91065000 0.00618932
0.91070000 0.00618655
0.91075000 0.00618377
0.91080000 0.00618100
0.91085000 0.00617823
0.91090000 0.00617546
0.91095000 0.00617269
0.91100000 0.00616992
0.91105000 0.00616715
0.91110000 0.00616438
0.91115000 0.00616162
0.91120000 0.00615885
0.91125000 0.00615609
0.91130000 0.00615332
0.91135000 0.00615056
0.91140000 0.00614779
0.91145000 0.00614503
0.91150000 0.00614227
0.91155000 0.00613950
0.91160000 0.00613674
0.91165000 0.00613398
0.91170000 0.00613122
0.91175000 0.00612846
0.91180000 0.00612570
0.91185000 0.00612294
0.91190000 0.00612019
0.91195000 0.00611743
0.91200000 0.00611467
0.91205000 0.00611192
0.91210000 0.00610916
0.91215000 0.00610640
0.91220000 0.00610365
0.91225000 0.00610089
0.91230000 0.00609814
0.91235000 0.00609539
0.91240000 0.00609263
0.91245000 0.00608988
0.91250000 0.00608713
0.91255000 0.00608437
0.91260000 0.00608162
0.91265000 0.00607887
0.91270000 0.00607612
0.91275000 0.00607337
0.91280000 0.00607062
0.91285000 0.00606787
0.91290000 0.00606512
0.91295000 0.00606237
0.91300000 0.00605962
0.91305000 0.00605687
0.91310000 0.00605412
0.91315000 0.00605137
0.91320000 0.00604862
0.91325000 0.00604587
0.91330000 0.00604313
0.91335000 0.00604038
0.91340000 0.00603763
0.91345000 0.00603488
0.91350000 0.00603214
0.91355000 0.00602939
0.91360000 0.00602664
0.91365000 0.00602389
0.91370000 0.00602115
0.91375000 0.00601840
0.91380000 0.00601565
0.91385000 0.00601291
0.91390000 0.00601016
0.91395000 0.00600742
0.91400000 0.00600467
0.91405000 0.00600192
0.91410000 0.00599918
0.91415000 0.00599643
0.91420000 0.00599368
0.91425000 0.00599094
0.91430000 0.00598819
0.91435000 0.00598545
0.91440000 0.00598270
0.91445000 0.00597995
0.91450000 0.00597721
0.91455000 0.00597446
0.91460000 0.00597171
0.91465000 0.00596897
0.91470000 0.00596622
0.91475000 0.00596348
0.91480000 0.00596073
0.91485000 0.00595798
0.91490000 0.00595523
0.91495000 0.00595249
0.91500000 0.00594974
0.91505000 0.00594699
0.91510000 0.00594425
0.91515000 0.00594150
0.91520000 0.00593875
0.91525000 0.00593600
0.91530000 0.00593325
0.91535000 0.00593050
0.91540000 0.00592776
0.91545000 0.00592501
0.91550000 0.00592226
0.91555000 0.00591951
0.91560000 0.00591676
0.91565000 0.00591401
0.91570000 0.00591126
0.91575000 0.00590851
0.91580000 0.00590576
0.91585000 0.00590301
0.91590000 0.00590025
0.91595000 0.00589750
0.91600000 0.00589475
0.91605000 0.00589200
0.91610000 0.00588925
0.91615000 0.00588649
0.91620000 0.00588374
0.91625000 0.00588098
0.91630000 0.00587823
0.91635000 0.00587548
0.91640000 0.00587272
0.91645000 0.00586996
0.91650000 0.00586721
0.91655000 0.00586445
0.91660000 0.00586170
0.91665000 0.00585894
0.91670000 0.00585618
0.91675000 0.00585342
0.91680000 0.00585066
0.91685000 0.00584790
0.91690000 0.00584514
0.91695000 0.00584238
0.91700000 0.00583962
0.91705000 0.00583686
0.91710000 0.00583410
0.91715000 0.00583134
0.91720000 0.00582858
0.91725000 0.00582581
0.91730000 0.00582305
0.91735000 0.00582028
0.91740000 0.00581752
0.91745000 0.00581475
0.91750000 0.00581199
0.91755000 0.00580922
0.91760000 0.00580645
0.91765000 0.00580368
0.91770000 0.00580091
0.91775000 0.00579815
0.91780000 0.00579538
0.91785000 0.00579260
0.91790000 0.00578983
0.91795000 0.00578706
0.91800000 0.00578429
0.91805000 0.00578151
0.91810000 0.00577874
0.91815000 0.00577597
0.91820000 0.00577319
0.91825000 0.00577033
0.91830000 0.00576726
0.91835000 0.00576420
0.91840000 0.00576113
0.91845000 0.00575807
0.91850000 0.00575501
0.91855000 0.00575195
0.91860000 0.00574889
0.91865000 0.00574583
0.91870000 0.00574278
0.91875000 0.00573972
0.91880000 0.00573666
0.91885000 0.00573361
0.91890000 0.00573055
0.91895000 0.00572750
0.91900000 0.00572445
0.91905000 0.00572140
0.91910000 0.00571835
0.91915000 0.00571530
0.91920000 0.00571225
0.91925000 0.00570920
0.91930000 0.00570615
0.91935000 0.00570310
0.91940000 0.00570006
0.91945000 0.00569701
0.91950000 0.00569397
0.91955000 0.00569093
0.91960000 0.00568788
0.91965000 0.00568484
0.91970000 0.00568180
0.91975000 0.00567876
0.91980000 0.00567572
0.91985000 0.00567268
0.91990000 0.00566964
0.91995000 0.00566660
0.92000000 0.00566356
0.92005000 0.00566052
0.92010000 0.00565749
0.92015000 0.00565445
0.92020000 0.00565141
0.92025000 0.00564838
0.92030000 0.00564534
0.92035000 0.00564231
0.92040000 0.00563928
0.92045000 0.00563624
0.92050000 0.00563321
0.92055000 0.00563018
0.92060000 0.00562715
0.92065000 0.00562412
0.92070000 0.00562109
0.92075000 0.00561806
0.92080000 0.00561503
0.92085000 0.00561200
0.92090000 0.00560897
0.92095000 0.00560594
0.92100000 0.00560291
0.92105000 0.00559989
0.92110000 0.00559686
0.92115000 0.00559383
0.92120000 0.00559080
0.92125000 0.00558778
0.92130000 0.00558475
0.92135000 0.00558173
0.92140000 0.00557870
0.92145000 0.00557568
0.92150000 0.00557265
0.92155000 0.00556963
0.92160000 0.00556661
0.92165000 0.00556358
0.92170000 0.00556056
0.92175000 0.00555753
0.92180000 0.00555451
0.92185000 0.00555149
0.92190000 0.00554847
0.92195000 0.00554544
0.92200000 0.00554242
0.92205000 0.00553940
0.92210000 0.00553638
0.92215000 0.00553336
0.92220000 0.00553034
0.92225000 0.00552731
0.92230000 0.00552429
0.92235000 0.00552127
0.92240000 0.00551825
0.92245000 0.00551523
0.92250000 0.00551221
0.92255000 0.00550919
0.92260000 0.00550617
0.92265000 0.00550315
0.92270000 0.00550013
0.92275000 0.00549711
0.92280000 0.00549409
0.92285000 0.00549107
0.92290000 0.00548805
0.92295000 0.00548503
0.92300000 0.00548201
0.92305000 0.00547899
0.92310000 0.00547597
0.92315000 0.00547295
0.92320000 0.00546993
0.92325000 0.00546691
0.92330000 0.00546389
0.92335000 0.00546087
0.92340000 0.00545785
0.92345000 0.00545483
0.92350000 0.00545181
0.92355000 0.00544879
0.92360000 0.00544577
0.92365000 0.00544274
0.92370000 0.00543972
0.92375000 0.00543670
0.92380000 0.00543368
0.92385000 0.00543066
0.92390000 0.00542764
0.92395000 0.00542462
0.92400000 0.00542160
0.92405000 0.00541857
0.92410000 0.00541555
0.92415000 0.00541253
0.92420000 0.00540951
0.92425000 0.00540649
0.92430000 0.00540346
0.92435000 0.00540044
0.92440000 0.00539742
0.92445000 0.00539439
0.92450000 0.00539137
0.92455000 0.00538834
0.92460000 0.00538532
0.92465000 0.00538230
0.92470000 0.00537927
0.92475000 0.00537625
0.92480000 0.00537322
0.92485000 0.00537019
0.92490000 0.00536717
0.92495000 0.00536414
0.92500000 0.00536111
0.92505000 0.00535809
0.92510000 0.00535506
0.92515000 0.00535203
0.92520000 0.00534900
0.92525000 0.00534598
0.92530000 0.00534295
0.92535000 0.00533992
0.92540000 0.00533689
0.92545000 0.00533386
0.92550000 0.00533083
0.92555000 0.00532780
0.92560000 0.00532476
0.92565000 0.00532173
0.92570000 0.00531870
0.92575000 0.00531567
0.92580000 0.00531263
0.92585000 0.00530960
0.92590000 0.00530657
0.92595000 0.00530353
0.92600000 0.00530050
0.92605000 0.00529746
0.92610000 0.00529443
0.92615000 0.00529139
0.92620000 0.00528835
0.92625000 0.00528531
0.92630000 0.00528228
0.92635000 0.00527924
0.92640000 0.00527620
0.92645000 0.00527316
0.92650000 0.00527012
0.92655000 0.00526708
0.92660000 0.00526404
0.92665000 0.00526099
0.92670000 0.00525795
0.92675000 0.00525491
0.92680000 0.00525186
0.92685000 0.00524882
0.92690000 0.00524577
0.92695000 0.00524273
0.92700000 0.00523968
0.92705000 0.00523664
0.92710000 0.00523359
0.92715000 0.00523054
0.92720000 0.00522749
0.92725000 0.00522444
0.92730000 0.00522139
0.92735000 0.00521834
0.92740000 0.00521529
0.92745000 0.00521224
0.92750000 0.00520918
0.92755000 0.00520613
0.92760000 0.00520307
0.92765000 0.00520002
0.92770000 0.00519696
0.92775000 0.00519391
0.92780000 0.00519085
0.92785000 0.00518779
0.92790000 0.00518473
0.92795000 0.00518167
0.92800000 0.00517861
0.92805000 0.00517555
0.92810000 0.00517249
0.92815000 0.00516943
0.92820000 0.00516636
0.92825000 0.00516330
0.92830000 0.00516023
0.92835000 0.00515717
0.92840000 0.00515410
0.92845000 0.00515103
0.92850000 0.00514796
0.92855000 0.00514489
0.92860000 0.00514182
0.92865000 0.00513875
0.92870000 0.00513568
0.92875000 0.00513261
0.92880000 0.00512954
0.92885000 0.00512646
0.92890000 0.00512339
0.92895000 0.00512031
0.92900000 0.00511723
0.92905000 0.00511415
0.92910000 0.00511108
0.92915000 0.00510800
0.92920000 0.00510492
0.92925000 0.00510183
0.92930000 0.00509875
0.92935000 0.00509567
0.92940000 0.00509258
0.92945000 0.00508950
0.92950000 0.00508641
0.92955000 0.00508332
0.92960000 0.00508024
0.92965000 0.00507715
0.92970000 0.00507406
0.92975000 0.00507097
0.92980000 0.00506787
0.92985000 0.00506478
0.92990000 0.00506169
0.92995000 0.00505859
0.93000000 0.00505550
0.93005000 0.00505240
0.93010000 0.00504930
0.93015000 0.00504620
0.93020000 0.00504310
0.93025000 0.00504000
0.93030000 0.00503690
0.93035000 0.00503379
0.93040000 0.00503069
0.93045000 0.00502759
0.93050000 0.00502448
0.93055000 0.00502137
0.93060000 0.00501826
0.93065000 0.00501515
0.93070000 0.00501204
0.93075000 0.00500893
0.93080000 0.00500582
0.93085000 0.00500270
0.93090000 0.00499959
0.93095000 0.00499647
0.93100000 0.00499333
0.93105000 0.00499011
0.93110000 0.00498689
0.93115000 0.00498367
0.93120000 0.00498045
0.93125000 0.00497723
0.93130000 0.00497401
0.93135000 0.00497079
0.93140000 0.00496757
0.93145000 0.00496435
0.93150000 0.00496113
0.93155000 0.00495791
0.93160000 0.00495469
0.93165000 0.00495147
0.93170000 0.00494825
0.93175000 0.00494503
0.93180000 0.00494180
0.93185000 0.00493858
0.93190000 0.00493536
0.93195000 0.00493214
0.93200000 0.00492892
0.93205000 0.00492570
0.93210000 0.00492248
0.93215000 0.00491925
0.93220000 0.00491603
0.93225000 0.00491281
0.93230000 0.00490959
0.93235000 0.00490636
0.93240000 0.00490314
0.93245000 0.00489992
0.93250000 0.00489669
0.93255000 0.00489347
0.93260000 0.00489025
0.93265000 0.00488702
0.93270000 0.00488380
0.93275000 0.00488057
0.93280000 0.00487735
0.93285000 0.00487412
0.93290000 0.00487089
0.93295000 0.00486767
0.93300000 0.00486444
0.93305000 0.00486122
0.93310000 0.00485799
0.93315000 0.00485476
0.93320000 0.00485153
0.93325000 0.00484830
0.93330000 0.00484508
0.93335000 0.00484185
0.93340000 0.00483862
0.93345000 0.00483539
0.93350000 0.00483216
0.93355000 0.00482893
0.93360000 0.00482570
0.93365000 0.00482246
0.93370000 0.00481923
0.93375000 0.00481600
0.93380000 0.00481277
0.93385000 0.00480954
0.93390000 0.00480630
0.93395000 0.00480307
0.93400000 0.00479983
0.93405000 0.00479660
0.93410000 0.00479336
0.93415000 0.00479013
0.93420000 0.00478689
0.93425000 0.00478365
0.93430000 0.00478042
0.93435000 0.00477718
0.93440000 0.00477394
0.93445000 0.00477070
0.93450000 0.00476746
0.93455000 0.00476422
0.93460000 0.00476098
0.93465000 0.00475774
0.93470000 0.00475450
0.93475000 0.00475126
0.93480000 0.00474802
0.93485000 0.00474477
0.93490000 0.00474153
0.93495000 0.00473829
0.93500000 0.00473504
0.93505000 0.00473180
0.93510000 0.00472855
0.93515000 0.00472530
0.93520000 0.00472206
0.93525000 0.00471881
0.93530000 0.00471556
0.93535000 0.00471231
0.93540000 0.00470906
0.93545000 0.00470581
0.93550000 0.00470256
0.93555000 0.00469931
0.93560000 0.00469606
0.93565000 0.00469280
0.93570000 0.00468955
0.93575000 0.00468629
0.93580000 0.00468304
0.93585000 0.00467978
0.93590000 0.00467653
0.93595000 0.00467327
0.93600000 0.00467001
0.93605000 0.00466675
0.93610000 0.00466350
0.93615000 0.00466024
0.93620000 0.00465698
0.93625000 0.00465371
0.93630000 0.00465045
0.93635000 0.00464719
0.93640000 0.00464393
0.93645000 0.00464066
0.93650000 0.00463740
0.93655000 0.00463413
0.93660000 0.00463086
0.93665000 0.00462760
0.93670000 0.00462433
0.93675000 0.00462106
0.93680000 0.00461779
0.93685000 0.00461452
0.93690000 0.00461125
0.93695000 0.00460798
0.93700000 0.00460470
0.93705000 0.00460143
0.93710000 0.00459816
0.93715000 0.00459488
0.93720000 0.00459161
0.93725000 0.00458833
0.93730000 0.00458505
0.93735000 0.00458177
0.93740000 0.00457849
0.93745000 0.00457521
0.93750000 0.00457193
0.93755000 0.00456865
0.93760000 0.00456537
0.93765000 0.00456208
0.93770000 0.00455880
0.93775000 0.00455551
0.93780000 0.00455223
0.93785000 0.00454894
0.93790000 0.00454565
0.93795000 0.00454236
0.93800000 0.00453908
0.93805000 0.00453578
0.93810000 0.00453249
0.93815000 0.00452920
0.93820000 0.00452591
0.93825000 0.00452261
0.93830000 0.00451932
0.93835000 0.00451602
0.93840000 0.00451272
0.93845000 0.00450943
0.93850000 0.00450613
0.93855000 0.00450283
0.93860000 0.00449953
0.93865000 0.00449623
0.93870000 0.00449292
0.93875000 0.00448962
0.93880000 0.00448631
0.93885000 0.00448301
0.93890000 0.00447970
0.93895000 0.00447639
0.93900000 0.00447309
0.93905000 0.00446978
0.93910000 0.00446647
0.93915000 0.00446315
0.93920000 0.00445984
0.93925000 0.00445653
0.93930000 0.00445321
0.93935000 0.00444990
0.93940000 0.00444658
0.93945000 0.00444326
0.93950000 0.00443995
0.93955000 0.00443663
0.93960000 0.00443331
0.93965000 0.00442998
0.93970000 0.00442666
0.93975000 0.00442334
0.93980000 0.00442001
0.93985000 0.00441669
0.93990000 0.00441336
0.93995000 0.00441003
0.94000000 0.00440670
0.94005000 0.00440337
0.94010000 0.00440004
0.94015000 0.00439671
0.94020000 0.00439338
0.94025000 0.00439004
0.94030000 0.00438671
0.94035000 0.00438337
0.94040000 0.00438003
0.94045000 0.00437670
0.94050000 0.00437336
0.94055000 0.00437002
0.94060000 0.00436667
0.94065000 0.00436333
0.94070000 0.00435999
0.94075000 0.00435664
0.94080000 0.00435330
0.94085000 0.00434995
0.94090000 0.00434660
0.94095000 0.00434325
0.94100000 0.00433990
0.94105000 0.00433655
0.94110000 0.00433319
0.94115000 0.00432984
0.94120000 0.00432648
0.94125000 0.00432313
0.94130000 0.00431977
0.94135000 0.00431641
0.94140000 0.00431305
0.94145000 0.00430969
0.94150000 0.00430633
0.94155000 0.00430297
0.94160000 0.00429960
0.94165000 0.00429624
0.94170000 0.00429287
0.94175000 0.00428950
0.94180000 0.00428613
0.94185000 0.00428276
0.94190000 0.00427939
0.94195000 0.00427602
0.94200000 0.00427265
0.94205000 0.00426927
0.94210000 0.00426589
0.94215000 0.00426252
0.94220000 0.00425914
0.94225000 0.00425576
0.94230000 0.00425238
0.94235000 0.00424900
0.94240000 0.00424561
0.94245000 0.00424223
0.94250000 0.00423884
0.94255000 0.00423546
0.94260000 0.00423207
0.94265000 0.00422868
0.94270000 0.00422529
0.94275000 0.00422190
0.94280000 0.00421850
0.94285000 0.00421511
0.94290000 0.00421171
0.94295000 0.00420832
0.94300000 0.00420492
0.94305000 0.00420152
0.94310000 0.00419813
0.94315000 0.00419473
0.94320000 0.00419133
0.94325000 0.00418793
0.94330000 0.00418453
0.94335000 0.00418113
0.94340000 0.00417773
0.94345000 0.00417433
0.94350000 0.00417092
0.94355000 0.00416752
0.94360000 0.00416412
0.94365000 0.00416071
0.94370000 0.00415731
0.94375000 0.00415390
0.94380000 0.00415049
0.94385000 0.00414708
0.94390000 0.00414368
0.94395000 0.00414027
0.94400000 0.00413686
0.94405000 0.00413345
0.94410000 0.00413003
0.94415000 0.00412662
0.94420000 0.00412321
0.94425000 0.00411979
0.94430000 0.00411638
0.94435000 0.00411297
0.94440000 0.00410955
0.94445000 0.00410613
0.94450000 0.00410271
0.94455000 0.00409930
0.94460000 0.00409588
0.94465000 0.00409246
0.94470000 0.00408904
0.94475000 0.00408562
0.94480000 0.00408219
0.94485000 0.00407877
0.94490000 0.00407535
0.94495000 0.00407192
0.94500000 0.00406850
0.94505000 0.00406507
0.94510000 0.00406164
0.94515000 0.00405821
0.94520000 0.00405479
0.94525000 0.00405136
0.94530000 0.00404793
0.94535000 0.00404449
0.94540000 0.00404106
0.94545000 0.00403763
0.94550000 0.00403420
0.94555000 0.00403076
0.94560000 0.00402733
0.94565000 0.00402389
0.94570000 0.00402045
0.94575000 0.00401701
0.94580000 0.00401357
0.94585000 0.00401013
0.94590000 0.00400669
0.94595000 0.00400325
0.94600000 0.00399981
0.94605000 0.00399637
0.94610000 0.00399292
0.94615000 0.00398948
0.94620000 0.00398603
0.94625000 0.00398258
0.94630000 0.00397914
0.94635000 0.00397569
0.94640000 0.00397224
0.94645000 0.00396879
0.94650000 0.00396534
0.94655000 0.00396188
0.94660000 0.00395843
0.94665000 0.00395498
0.94670000 0.00395152
0.94675000 0.00394807
0.94680000 0.00394461
0.94685000 0.00394115
0.94690000 0.00393769
0.94695000 0.00393423
0.94700000 0.00393077
0.94705000 0.00392731
0.94710000 0.00392385
0.94715000 0.00392038
0.94720000 0.00391692
0.94725000 0.00391345
0.94730000 0.00390999
0.94735000 0.00390652
0.94740000 0.00390305
0.94745000 0.00389958
0.94750000 0.00389611
0.94755000 0.00389264
0.94760000 0.00388917
0.94765000 0.00388570
0.94770000 0.00388222
0.94775000 0.00387875
0.94780000 0.00387527
0.94785000 0.00387179
0.94790000 0.00386831
0.94795000 0.00386484
0.94800000 0.00386136
0.94805000 0.00385787
0.94810000 0.00385439
0.94815000 0.00385091
0.94820000 0.00384743
0.94825000 0.00384394
0.94830000 0.00384045
0.94835000 0.00383697
0.94840000 0.00383348
0.94845000 0.00382999
0.94850000 0.00382650
0.94855000 0.00382301
0.94860000 0.00381952
0.94865000 0.00381602
0.94870000 0.00381253
0.94875000 0.00380904
0.94880000 0.00380554
0.94885000 0.00380204
0.94890000 0.00379854
0.94895000 0.00379504
0.94900000 0.00379154
0.94905000 0.00378804
0.94910000 0.00378454
0.94915000 0.00378104
0.94920000 0.00377753
0.94925000 0.00377403
0.94930000 0.00377052
0.94935000 0.00376701
0.94940000 0.00376350
0.94945000 0.00376000
0.94950000 0.00375648
0.94955000 0.00375297
0.94960000 0.00374946
0.94965000 0.00374595
0.94970000 0.00374243
0.94975000 0.00373892
0.94980000 0.00373540
0.94985000 0.00373188
0.94990000 0.00372836
0.94995000 0.00372484
0.95000000 0.00372132
0.95005000 0.00371780
0.95010000 0.00371427
0.95015000 0.00371075
0.95020000 0.00370722
0.95025000 0.00370370
0.95030000 0.00370017
0.95035000 0.00369664
0.95040000 0.00369311
0.95045000 0.00368958
0.95050000 0.00368605
0.95055000 0.00368252
0.95060000 0.00367898
0.95065000 0.00367545
0.95070000 0.00367191
0.95075000 0.00366837
0.95080000 0.00366483
0.95085000 0.00366129
0.95090000 0.00365775
0.95095000 0.00365421
0.95100000 0.00365067
0.95105000 0.00364713
0.95110000 0.00364358
0.95115000 0.00364004
0.95120000 0.00363649
0.95125000 0.00363294
0.95130000 0.00362939
0.95135000 0.00362584
0.95140000 0.00362229
0.95145000 0.00361874
0.95150000 0.00361518
0.95155000 0.00361163
0.95160000 0.00360807
0.95165000 0.00360451
0.95170000 0.00360096
0.95175000 0.00359740
0.95180000 0.00359384
0.95185000 0.00359028
0.95190000 0.00358671
0.95195000 0.00358315
0.95200000 0.00357958
0.95205000 0.00357602
0.95210000 0.00357245
0.95215000 0.00356888
0.95220000 0.00356531
0.95225000 0.00356174
0.95230000 0.00355817
0.95235000 0.00355460
0.95240000 0.00355103
0.95245000 0.00354745
0.95250000 0.00354388
0.95255000 0.00354030
0.95260000 0.00353672
0.95265000 0.00353314
0.95270000 0.00352956
0.95275000 0.00352598
0.95280000 0.00352240
0.95285000 0.00351881
0.95290000 0.00351523
0.95295000 0.00351164
0.95300000 0.00350806
0.95305000 0.00350447
0.95310000 0.00350088
0.95315000 0.00349729
0.95320000 0.00349370
0.95325000 0.00349011
0.95330000 0.00348651
0.95335000 0.00348292
0.95340000 0.00347932
0.95345000 0.00347574
0.95350000 0.00347218
0.95355000 0.00346862
0.95360000 0.00346507
0.95365000 0.00346151
0.95370000 0.00345795
0.95375000 0.00345439
0.95380000 0.00345083
0.95385000 0.00344726
0.95390000 0.00344370
0.95395000 0.00344014
0.95400000 0.00343657
0.95405000 0.00343301
0.95410000 0.00342944
0.95415000 0.00342587
0.95420000 0.00342231
0.95425000 0.00341874
0.95430000 0.00341517
0.95435000 0.00341160
0.95440000 0.00340803
0.95445000 0.00340445
0.95450000 0.00340088
0.95455000 0.00339731
0.95460000 0.00339373
0.95465000 0.00339015
0.95470000 0.00338658
0.95475000 0.00338300
0.95480000 0.00337942
0.95485000 0.00337584
0.95490000 0.00337226
0.95495000 0.00336868
0.95500000 0.00336510
0.95505000 0.00336151
0.95510000 0.00335793
0.95515000 0.00335434
0.95520000 0.00335076
0.95525000 0.00334717
0.95530000 0.00334358
0.95535000 0.00334000
0.95540000 0.00333641
0.95545000 0.00333282
0.95550000 0.00332922
0.95555000 0.00332563
0.95560000 0.00332204
0.95565000 0.00331844
0.95570000 0.00331485
0.95575000 0.00331125
0.95580000 0.00330766
0.95585000 0.00330406
0.95590000 0.00330046
0.95595000 0.00329686
0.95600000 0.00329326
0.95605000 0.00328966
0.95610000 0.00328606
0.95615000 0.00328245
0.95620000 0.00327885
0.95625000 0.00327524
0.95630000 0.00327164
0.95635000 0.00326803
0.95640000 0.00326442
0.95645000 0.00326081
0.95650000 0.00325720
0.95655000 0.00325359
0.95660000 0.00324998
0.95665000 0.00324637
0.95670000 0.00324276
0.95675000 0.00323914
0.95680000 0.00323553
0.95685000 0.00323191
0.95690000 0.00322829
0.95695000 0.00322467
0.95700000 0.00322106
0.95705000 0.00321744
0.95710000 0.00321381
0.95715000 0.00321019
0.95720000 0.00320657
0.95725000 0.00320295
0.95730000 0.00319932
0.95735000 0.00319570
0.95740000 0.00319207
0.95745000 0.00318844
0.95750000 0.00318481
0.95755000 0.00318118
0.95760000 0.00317755
0.95765000 0.00317392
0.95770000 0.00317029
0.95775000 0.00316666
0.95780000 0.00316302
0.95785000 0.00315939
0.95790000 0.00315575
0.95795000 0.00315211
0.95800000 0.00314848
0.95805000 0.00314484
0.95810000 0.00314120
0.95815000 0.00313756
0.95820000 0.00313392
0.95825000 0.00313027
0.95830000 0.00312663
0.95835000 0.00312299
0.95840000 0.00311934
0.95845000 0.00311569
0.95850000 0.00311205
0.95855000 0.00310840
0.95860000 0.00310475
0.95865000 0.00310110
0.95870000 0.00309745
0.95875000 0.00309380
0.95880000 0.00309014
0.95885000 0.00308649
0.95890000 0.00308284
0.95895000 0.00307918
0.95900000 0.00307552
0.95905000 0.00307187
0.95910000 0.00306821
0.95915000 0.00306455
0.95920000 0.00306089
0.95925000 0.00305723
0.95930000 0.00305356
0.95935000 0.00304990
0.95940000 0.00304624
0.95945000 0.00304257
0.95950000 0.00303891
0.95955000 0.00303524
0.95960000 0.00303157
0.95965000 0.00302790
0.95970000 0.00302423
0.95975000 0.00302056
0.95980000 0.00301689
0.95985000 0.00301322
0.95990000 0.00300954
0.95995000 0.00300587
0.96000000 0.00300219
0.96005000 0.00299852
0.96010000 0.00299484
0.96015000 0.00299116
0.96020000 0.00298748
0.96025000 0.00298380
0.96030000 0.00298012
0.96035000 0.00297644
0.96040000 0.00297276
0.96045000 0.00296908
0.96050000 0.00296539
0.96055000 0.00296171
0.96060000 0.00295802
0.96065000 0.00295433
0.96070000 0.00295064
0.96075000 0.00294695
0.96080000 0.00294326
0.96085000 0.00293957
0.96090000 0.00293588
0.96095000 0.00293219
0.96100000 0.00292850
0.96105000 0.00292480
0.96110000 0.00292111
0.96115000 0.00291741
0.96120000 0.00291371
0.96125000 0.00291001
0.96130000 0.00290631
0.96135000 0.00290261
0.96140000 0.00289891
0.96145000 0.00289521
0.96150000 0.00289151
0.96155000 0.00288781
0.96160000 0.00288410
0.96165000 0.00288040
0.96170000 0.00287669
0.96175000 0.00287298
0.96180000 0.00286927
0.96185000 0.00286556
0.96190000 0.00286185
0.96195000 0.00285814
0.96200000 0.00285443
0.96205000 0.00285072
0.96210000 0.00284701
0.96215000 0.00284329
0.96220000 0.00283958
0.96225000 0.00283586
0.96230000 0.00283214
0.96235000 0.00282843
0.96240000 0.00282471
0.96245000 0.00282099
0.96250000 0.00281727
0.96255000 0.00281355
0.96260000 0.00280982
0.96265000 0.00280610
0.96270000 0.00280238
0.96275000 0.00279865
0.96280000 0.00279493
0.96285000 0.00279120
0.96290000 0.00278747
0.96295000 0.00278374
0.96300000 0.00278001
0.96305000 0.00277628
0.96310000 0.00277257
0.96315000 0.00276889
0.96320000 0.00276521
0.96325000 0.00276152
0.96330000 0.00275784
0.96335000 0.00275416
0.96340000 0.00275047
0.96345000 0.00274679
0.96350000 0.00274310
0.96355000 0.00273942
0.96360000 0.00273573
0.96365000 0.00273204
0.96370000 0.00272835
0.96375000 0.00272466
0.96380000 0.00272097
0.96385000 0.00271728
0.96390000 0.00271359
0.96395000 0.00270990
0.96400000 0.00270620
0.96405000 0.00270251
0.96410000 0.00269881
0.96415000 0.00269512
0.96420000 0.00269142
0.96425000 0.00268772
0.96430000 0.00268403
0.96435000 0.00268033
0.96440000 0.00267663
0.96445000 0.00267293
0.96450000 0.00266923
0.96455000 0.00266552
0.96460000 0.00266182
0.96465000 0.00265812
0.96470000 0.00265441
0.96475000 0.00265071
0.96480000 0.00264700
0.96485000 0.00264329
0.96490000 0.00263959
0.96495000 0.00263588
0.96500000 0.00263217
0.96505000 0.00262846
0.96510000 0.00262475
0.96515000 0.00262104
0.96520000 0.00261733
0.96525000 0.00261361
0.96530000 0.00260990
0.96535000 0.00260618
0.96540000 0.00260247
0.96545000 0.00259875
0.96550000 0.00259504
0.96555000 0.00259132
0.96560000 0.00258760
0.96565000 0.00258388
0.96570000 0.00258016
0.96575000 0.00257644
0.96580000 0.00257272
0.96585000 0.00256900
0.96590000 0.00256528
0.96595000 0.00256155
0.96600000 0.00255783
0.96605000 0.00255410
0.96610000 0.00255038
0.96615000 0.00254665
0.96620000 0.00254292
0.96625000 0.00253920
0.96630000 0.00253547
0.96635000 0.00253174
0.96640000 0.00252801
0.96645000 0.00252428
0.96650000 0.00252054
0.96655000 0.00251681
0.96660000 0.00251308
0.96665000 0.00250935
0.96670000 0.00250561
0.96675000 0.00250188
0.96680000 0.00249814
0.96685000 0.00249440
0.96690000 0.00249067
0.96695000 0.00248693
0.96700000 0.00248319
0.96705000 0.00247945
0.96710000 0.00247571
0.96715000 0.00247197
0.96720000 0.00246823
0.96725000 0.00246448
0.96730000 0.00246074
0.96735000 0.00245700
0.96740000 0.00245325
0.96745000 0.00244951
0.96750000 0.00244576
0.96755000 0.00244201
0.96760000 0.00243827
0.96765000 0.00243452
0.96770000 0.00243077
0.96775000 0.00242702
0.96780000 0.00242327
0.96785000 0.00241952
0.96790000 0.00241577
0.96795000 0.00241202
0.96800000 0.00240826
0.96805000 0.00240451
0.96810000 0.00240076
0.96815000 0.00239700
0.96820000 0.00239325
0.96825000 0.00238949
0.96830000 0.00238573
0.96835000 0.00238198
0.96840000 0.00237822
0.96845000 0.00237446
0.96850000 0.00237070
0.96855000 0.00236694
0.96860000 0.00236318
0.96865000 0.00235942
0.96870000 0.00235565
0.96875000 0.00235189
0.96880000 0.00234813
0.96885000 0.00234436
0.96890000 0.00234060
0.96895000 0.00233683
0.96900000 0.00233307
0.96905000 0.00232930
0.96910000 0.00232554
0.96915000 0.00232177
0.96920000 0.00231800
0.96925000 0.00231423
0.96930000 0.00231046
0.96935000 0.00230669
0.96940000 0.00230292
0.96945000 0.00229915
0.96950000 0.00229538
0.96955000 0.00229160
0.96960000 0.00228783
0.96965000 0.00228406
0.96970000 0.00228028
0.96975000 0.00227651
0.96980000 0.00227273
0.96985000 0.00226895
0.96990000 0.00226518
0.96995000 0.00226140
0.97000000 0.00225762
0.97005000 0.00225384
0.97010000 0.00225006
0.97015000 0.00224628
0.97020000 0.00224250
0.97025000 0.00223872
0.97030000 0.00223494
0.97035000 0.00223116
0.97040000 0.00222738
0.97045000 0.00222359
0.97050000 0.00221981
0.97055000 0.00221602
0.97060000 0.00221224
0.97065000 0.00220845
0.97070000 0.00220467
0.97075000 0.00220088
0.97080000 0.00219709
0.97085000 0.00219331
0.97090000 0.00218952
0.97095000 0.00218573
0.97100000 0.00218194
0.97105000 0.00217815
0.97110000 0.00217436
0.97115000 0.00217057
0.97120000 0.00216678
0.97125000 0.00216298
0.97130000 0.00215919
0.97135000 0.00215540
0.97140000 0.00215161
0.97145000 0.00214781
0.97150000 0.00214402
0.97155000 0.00214022
0.97160000 0.00213643
0.97165000 0.00213263
0.97170000 0.00212887
0.97175000 0.00212512
0.97180000 0.00212137
0.97185000 0.00211762
0.97190000 0.00211387
0.97195000 0.00211012
0.97200000 0.00210636
0.97205000 0.00210261
0.97210000 0.00209885
0.97215000 0.00209510
0.97220000 0.00209134
0.97225000 0.00208759
0.97230000 0.00208383
0.97235000 0.00208008
0.97240000 0.00207632
0.97245000 0.00207256
0.97250000 0.00206880
0.97255000 0.00206504
0.97260000 0.00206128
0.97265000 0.00205752
0.97270000 0.00205376
0.97275000 0.00205000
0.97280000 0.00204624
0.97285000 0.00204248
0.97290000 0.00203872
0.97295000 0.00203495
0.97300000 0.00203119
0.97305000 0.00202743
0.97310000 0.00202366
0.97315000 0.00201990
0.97320000 0.00201613
0.97325000 0.00201237
0.97330000 0.00200860
0.97335000 0.00200483
0.97340000 0.00200107
0.97345000 0.00199730
0.97350000 0.00199353
0.97355000 0.00198976
0.97360000 0.00198599
0.97365000 0.00198222
0.97370000 0.00197845
0.97375000 0.00197468
0.97380000 0.00197091
0.97385000 0.00196714
0.97390000 0.00196337
0.97395000 0.00195960
0.97400000 0.00195583
0.97405000 0.00195205
0.97410000 0.00194828
0.97415000 0.00194451
0.97420000 0.00194073
0.97425000 0.00193696
0.97430000 0.00193318
0.97435000 0.00192941
0.97440000 0.00192563
0.97445000 0.00192186
0.97450000 0.00191808
0.97455000 0.00191430
0.97460000 0.00191053
0.97465000 0.00190675
0.97470000 0.00190297
0.97475000 0.00189919
0.97480000 0.00189541
0.97485000 0.00189163
0.97490000 0.00188785
0.97495000 0.00188407
0.97500000 0.00188029
0.97505000 0.00187651
0.97510000 0.00187273
0.97515000 0.00186895
0.97520000 0.00186517
0.97525000 0.00186139
0.97530000 0.00185760
0.97535000 0.00185382
0.97540000 0.00185004
0.97545000 0.00184625
0.97550000 0.00184247
0.97555000 0.00183869
0.97560000 0.00183490
0.97565000 0.00183112
0.97570000 0.00182733
0.97575000 0.00182355
0.97580000 0.00181976
0.97585000 0.00181597
0.97590000 0.00181219
0.97595000 0.00180840
0.97600000 0.00180461
0.97605000 0.00180083
0.97610000 0.00179704
0.97615000 0.00179325
0.97620000 0.00178946
0.97625000 0.00178568
0.97630000 0.00178189
0.97635000 0.00177810
0.97640000 0.00177431
0.97645000 0.00177052
0.97650000 0.00176673
0.97655000 0.00176294
0.97660000 0.00175915
0.97665000 0.00175536
0.97670000 0.00175157
0.97675000 0.00174778
0.97680000 0.00174398
0.97685000 0.00174019
0.97690000 0.00173640
0.97695000 0.00173261
0.97700000 0.00172882
0.97705000 0.00172502
0.97710000 0.00172123
0.97715000 0.00171744
0.97720000 0.00171364
0.97725000 0.00170985
0.97730000 0.00170606
0.97735000 0.00170226
0.97740000 0.00169847
0.97745000 0.00169467
0.97750000 0.00169088
0.97755000 0.00168708
0.97760000 0.00168329
0.97765000 0.00167949
0.97770000 0.00167570
0.97775000 0.00167190
0.97780000 0.00166811
0.97785000 0.00166431
0.97790000 0.00166052
0.97795000 0.00165672
0.97800000 0.00165292
0.97805000 0.00164913
0.97810000 0.00164533
0.97815000 0.00164153
0.97820000 0.00163774
0.97825000 0.00163394
0.97830000 0.00163014
0.97835000 0.00162634
0.97840000 0.00162255
0.97845000 0.00161875
0.97850000 0.00161495
0.97855000 0.00161115
0.97860000 0.00160735
0.97865000 0.00160356
0.97870000 0.00159976
0.97875000 0.00159596
0.97880000 0.00159216
0.97885000 0.00158836
0.97890000 0.00158456
0.97895000 0.00158076
0.97900000 0.00157696
0.97905000 0.00157317
0.97910000 0.00156937
0.97915000 0.00156559
0.97920000 0.00156182
0.97925000 0.00155806
0.97930000 0.00155429
0.97935000 0.00155053
0.97940000 0.00154677
0.97945000 0.00154300
0.97950000 0.00153924
0.97955000 0.00153547
0.97960000 0.00153171
0.97965000 0.00152794
0.97970000 0.00152418
0.97975000 0.00152041
0.97980000 0.00151665
0.97985000 0.00151288
0.97990000 0.00150911
0.97995000 0.00150535
0.98000000 0.00150158
0.98005000 0.00149782
0.98010000 0.00149405
0.98015000 0.00149028
0.98020000 0.00148652
0.98025000 0.00148275
0.98030000 0.00147899
0.98035000 0.00147522
0.98040000 0.00147145
0.98045000 0.00146769
0.98050000 0.00146392
0.98055000 0.00146015
0.98060000 0.00145639
0.98065000 0.00145262
0.98070000 0.00144885
0.98075000 0.00144509
0.98080000 0.00144132
0.98085000 0.00143755
0.98090000 0.00143378
0.98095000 0.00143002
0.98100000 0.00142625
0.98105000 0.00142248
0.98110000 0.00141872
0.98115000 0.00141495
0.98120000 0.00141118
0.98125000 0.00140741
0.98130000 0.00140365
0.98135000 0.00139988
0.98140000 0.00139611
0.98145000 0.00139235
0.98150000 0.00138858
0.98155000 0.00138481
0.98160000 0.00138104
0.98165000 0.00137728
0.98170000 0.00137351
0.98175000 0.00136974
0.98180000 0.00136598
0.98185000 0.00136221
0.98190000 0.00135844
0.98195000 0.00135467
0.98200000 0.00135091
0.98205000 0.00134714
0.98210000 0.00134337
0.98215000 0.00133961
0.98220000 0.00133584
0.98225000 0.00133207
0.98230000 0.00132831
0.98235000 0.00132454
0.98240000 0.00132078
0.98245000 0.00131701
0.98250000 0.00131324
0.98255000 0.00130948
0.98260000 0.00130571
0.98265000 0.00130195
0.98270000 0.00129818
0.98275000 0.00129441
0.98280000 0.00129065
0.98285000 0.00128688
0.98290000 0.00128312
0.98295000 0.00127935
0.98300000 0.00127559
0.98305000 0.00127182
0.98310000 0.00126806
0.98315000 0.00126429
0.98320000 0.00126053
0.98325000 0.00125676
0.98330000 0.00125300
0.98335000 0.00124924
0.98340000 0.00124547
0.98345000 0.00124171
0.98350000 0.00123795
0.98355000 0.00123418
0.98360000 0.00123042
0.98365000 0.00122666
0.98370000 0.00122289
0.98375000 0.00121913
0.98380000 0.00121537
0.98385000 0.00121161
0.98390000 0.00120785
0.98395000 0.00120408
0.98400000 0.00120032
0.98405000 0.00119656
0.98410000 0.00119280
0.98415000 0.00118904
0.98420000 0.00118528
0.98425000 0.00118152
0.98430000 0.00117776
0.98435000 0.00117400
0.98440000 0.00117024
0.98445000 0.00116648
0.98450000 0.00116272
0.98455000 0.00115896
0.98460000 0.00115520
0.98465000 0.00115144
0.98470000 0.00114769
0.98475000 0.00114393
0.98480000 0.00114017
0.98485000 0.00113641
0.98490000 0.00113266
0.98495000 0.00112890
0.98500000 0.00112514
0.98505000 0.00112139
0.98510000 0.00111763
0.98515000 0.00111388
0.98520000 0.00111012
0.98525000 0.00110637
0.98530000 0.00110261
0.98535000 0.00109886
0.98540000 0.00109510
0.98545000 0.00109135
0.98550000 0.00108761
0.98555000 0.00108389
0.98560000 0.00108016
0.98565000 0.00107643
0.98570000 0.00107271
0.98575000 0.00106898
0.98580000 0.00106525
0.98585000 0.00106153
0.98590000 0.00105780
0.98595000 0.00105408
0.98600000 0.00105036
0.98605000 0.00104663
0.98610000 0.00104291
0.98615000 0.00103918
0.98620000 0.00103546
0.98625000 0.00103174
0.98630000 0.00102802
0.98635000 0.00102429
0.98640000 0.00102057
0.98645000 0.00101685
0.98650000 0.00101313
0.98655000 0.00100941
0.98660000 0.00100569
0.98665000 0.00100197
0.98670000 0.00099825
0.98675000 0.00099453
0.98680000 0.00099081
0.98685000 0.00098709
0.98690000 0.00098337
0.98695000 0.00097966
0.98700000 0.00097594
0.98705000 0.00097222
0.98710000 0.00096851
0.98715000 0.00096479
0.98720000 0.00096108
0.98725000 0.00095736
0.98730000 0.00095365
0.98735000 0.00094993
0.98740000 0.00094622
0.98745000 0.00094250
0.98750000 0.00093879
0.98755000 0.00093508
0.98760000 0.00093137
0.98765000 0.00092765
0.98770000 0.00092394
0.98775000 0.00092023
0.98780000 0.00091652
0.98785000 0.00091281
0.98790000 0.00090910
0.98795000 0.00090540
0.98800000 0.00090169
0.98805000 0.00089798
0.98810000 0.00089427
0.98815000 0.00089057
0.98820000 0.00088686
0.98825000 0.00088315
0.98830000 0.00087945
0.98835000 0.00087574
0.98840000 0.00087204
0.98845000 0.00086834
0.98850000 0.00086463
0.98855000 0.00086093
0.98860000 0.00085723
0.98865000 0.00085353
0.98870000 0.00084983
0.98875000 0.00084613
0.98880000 0.00084243
0.98885000 0.00083873
0.98890000 0.00083503
0.98895000 0.00083133
0.98900000 0.00082763
0.98905000 0.00082394
0.98910000 0.00082024
0.98915000 0.00081654
0.98920000 0.00081285
0.98925000 0.00080915
0.98930000 0.00080546
0.98935000 0.00080177
0.98940000 0.00079807
0.98945000 0.00079438
0.98950000 0.00079069
0.98955000 0.00078700
0.98960000 0.00078331
0.98965000 0.00077962
0.98970000 0.00077593
0.98975000 0.00077224
0.98980000 0.00076856
0.98985000 0.00076487
0.98990000 0.00076118
0.98995000 0.00075750
0.99000000 0.00075381
0.99005000 0.00075013
0.99010000 0.00074645
0.99015000 0.00074276
0.99020000 0.00073908
0.99025000 0.00073540
0.99030000 0.00073172
0.99035000 0.00072804
0.99040000 0.00072436
0.99045000 0.00072068
0.99050000 0.00071700
0.99055000 0.00071333
0.99060000 0.00070965
0.99065000 0.00070597
0.99070000 0.00070230
0.99075000 0.00069865
0.99080000 0.00069499
0.99085000 0.00069134
0.99090000 0.00068768
0.99095000 0.00068403
0.99100000 0.00068038
0.99105000 0.00067673
0.99110000 0.00067308
0.99115000 0.00066943
0.99120000 0.00066578
0.99125000 0.00066213
0.99130000 0.00065848
0.99135000 0.00065483
0.99140000 0.00065118
0.99145000 0.00064754
0.99150000 0.00064389
0.99155000 0.00064025
0.99160000 0.00063661
0.99165000 0.00063296
0.99170000 0.00062932
0.99175000 0.00062568
0.99180000 0.00062204
0.99185000 0.00061840
0.99190000 0.00061476
0.99195000 0.00061112
0.99200000 0.00060749
0.99205000 0.00060385
0.99210000 0.00060021
0.99215000 0.00059658
0.99220000 0.00059295
0.99225000 0.00058931
0.99230000 0.00058568
0.99235000 0.00058205
0.99240000 0.00057842
0.99245000 0.00057479
0.99250000 0.00057116
0.99255000 0.00056753
0.99260000 0.00056391
0.99265000 0.00056028
0.99270000 0.00055666
0.99275000 0.00055303
0.99280000 0.00054941
0.99285000 0.00054579
0.99290000 0.00054216
0.99295000 0.00053854
0.99300000 0.00053492
0.99305000 0.00053130
0.99310000 0.00052769
0.99315000 0.00052407
0.99320000 0.00052045
0.99325000 0.00051684
0.99330000 0.00051322
0.99335000 0.00050961
0.99340000 0.00050600
0.99345000 0.00050239
0.99350000 0.00049878
0.99355000 0.00049517
0.99360000 0.00049156
0.99365000 0.00048795
0.99370000 0.00048434
0.99375000 0.00048074
0.99380000 0.00047713
0.99385000 0.00047353
0.99390000 0.00046993
0.99395000 0.00046633
0.99400000 0.00046273
0.99405000 0.00045913
0.99410000 0.00045553
0.99415000 0.00045193
0.99420000 0.00044833
0.99425000 0.00044474
0.99430000 0.00044114
0.99435000 0.00043755
0.99440000 0.00043396
0.99445000 0.00043037
0.99450000 0.00042678
0.99455000 0.00042319
0.99460000 0.00041960
0.99465000 0.00041601
0.99470000 0.00041243
0.99475000 0.00040884
0.99480000 0.00040527
0.99485000 0.00040170
0.99490000 0.00039813
0.99495000 0.00039456
0.99500000 0.00039100
0.99505000 0.00038743
0.99510000 0.00038387
0.99515000 0.00038030
0.99520000 0.00037674
0.99525000 0.00037318
0.99530000 0.00036962
0.99535000 0.00036606
0.99540000 0.00036250
0.99545000 0.00035895
0.99550000 0.00035539
0.99555000 0.00035184
0.99560000 0.00034828
0.99565000 0.00034473
0.99570000 0.00034118
0.99575000 0.00033763
0.99580000 0.00033408
0.99585000 0.00033053
0.99590000 0.00032699
0.99595000 0.00032344
0.99600000 0.00031990
0.99605000 0.00031636
0.99610000 0.00031281
0.99615000 0.00030927
0.99620000 0.00030573
0.99625000 0.00030220
0.99630000 0.00029866
0.99635000 0.00029512
0.99640000 0.00029159
0.99645000 0.00028806
0.99650000 0.00028452
0.99655000 0.00028099
0.99660000 0.00027746
0.99665000 0.00027393
0.99670000 0.00027041
0.99675000 0.00026688
0.99680000 0.00026336
0.99685000 0.00025983
0.99690000 0.00025631
0.99695000 0.00025279
0.99700000 0.00024927
0.99705000 0.00024575
0.99710000 0.00024224
0.99715000 0.00023872
0.99720000 0.00023521
0.99725000 0.00023169
0.99730000 0.00022818
0.99735000 0.00022467
0.99740000 0.00022116
0.99745000 0.00021766
0.99750000 0.00021415
0.99755000 0.00021064
0.99760000 0.00020714
0.99765000 0.00020364
0.99770000 0.00020014
0.99775000 0.00019665
0.99780000 0.00019316
0.99785000 0.00018967
0.99790000 0.00018618
0.99795000 0.00018269
0.99800000 0.00017921
0.99805000 0.00017572
0.99810000 0.00017224
0.99815000 0.00016876
0.99820000 0.00016528
0.99825000 0.00016180
0.99830000 0.00015832
0.99835000 0.00015485
0.99840000 0.00015137
0.99845000 0.00014790
0.99850000 0.00014443
0.99855000 0.00014096
0.99860000 0.00013749
0.99865000 0.00013402
0.99870000 0.00013056
0.99875000 0.00012709
0.99880000 0.00012363
0.99885000 0.00012017
0.99890000 0.00011671
0.99895000 0.00011325
0.99900000 0.00010979
0.99905000 0.00010634
0.99910000 0.00010288
0.99915000 0.00009943
0.99920000 0.00009598
0.99925000 0.00009253
0.99930000 0.00008908
0.99935000 0.00008563
0.99940000 0.00008219
0.99945000 0.00007875
0.99950000 0.00007531
0.99955000 0.00007187
0.99960000 0.00006844
0.99965000 0.00006501
0.99970000 0.00006158
0.99975000 0.00005815
0.99980000 0.00005472
0.99985000 0.00005129
0.99990000 0.00004786
0.99995000 0.00004444
1.00000000 0.00004102
