X Z
1.00000000 0.00224927
0.99995000 0.00224924
0.99990000 0.00224923
0.99985000 0.00224922
0.99980000 0.00224923
0.99975000 0.00224925
0.99970000 0.00224928
0.99965000 0.00224932
0.99960000 0.00224937
0.99955000 0.00224943
0.99950000 0.00224951
0.99945000 0.00224960
0.99940000 0.00224969
0.99935000 0.00224980
0.99930000 0.00224992
0.99925000 0.00225005
0.99920000 0.00225019
0.99915000 0.00225035
0.99910000 0.00225051
0.99905000 0.00225069
0.99900000 0.00225087
0.99895000 0.00225107
0.99890000 0.00225128
0.99885000 0.00225150
0.99880000 0.00225173
0.99875000 0.00225197
0.99870000 0.00225223
0.99865000 0.00225249
0.99860000 0.00225277
0.99855000 0.00225305
0.99850000 0.00225335
0.99845000 0.00225366
0.99840000 0.00225398
0.99835000 0.00225431
0.99830000 0.00225466
0.99825000 0.00225501
0.99820000 0.00225537
0.99815000 0.00225575
0.99810000 0.00225614
0.99805000 0.00225653
0.99800000 0.00225694
0.99795000 0.00225736
0.99790000 0.00225779
0.99785000 0.00225824
0.99780000 0.00225869
0.99775000 0.00225915
0.99770000 0.00225963
0.99765000 0.00226012
0.99760000 0.00226061
0.99755000 0.00226112
0.99750000 0.00226164
0.99745000 0.00226217
0.99740000 0.00226271
0.99735000 0.00226326
0.99730000 0.00226383
0.99725000 0.00226440
0.99720000 0.00226499
0.99715000 0.00226558
0.99710000 0.00226619
0.99705000 0.00226681
0.99700000 0.00226744
0.99695000 0.00226808
0.99690000 0.00226873
0.99685000 0.00226939
0.99680000 0.00227006
0.99675000 0.00227075
0.99670000 0.00227144
0.99665000 0.00227215
0.99660000 0.00227287
0.99655000 0.00227359
0.99650000 0.00227433
0.99645000 0.00227508
0.99640000 0.00227584
0.99635000 0.00227661
0.99630000 0.00227740
0.99625000 0.00227819
0.99620000 0.00227899
0.99615000 0.00227981
0.99610000 0.00228063
0.99605000 0.00228147
0.99600000 0.00228232
0.99595000 0.00228317
0.99590000 0.00228404
0.99585000 0.00228492
0.99580000 0.00228581
0.99575000 0.00228672
0.99570000 0.00228763
0.99565000 0.00228855
0.99560000 0.00228949
0.99555000 0.00229043
0.99550000 0.00229139
0.99545000 0.00229235
0.99540000 0.00229333
0.99535000 0.00229432
0.99530000 0.00229532
0.99525000 0.00229633
0.99520000 0.00229735
0.99515000 0.00229838
0.99510000 0.00229942
0.99505000 0.00230047
0.99500000 0.00230153
0.99495000 0.00230261
0.99490000 0.00230369
0.99485000 0.00230479
0.99480000 0.00230590
0.99475000 0.00230701
0.99470000 0.00230814
0.99465000 0.00230928
0.99460000 0.00231043
0.99455000 0.00231159
0.99450000 0.00231276
0.99445000 0.00231394
0.99440000 0.00231513
0.99435000 0.00231633
0.99430000 0.00231755
0.99425000 0.00231877
0.99420000 0.00232001
0.99415000 0.00232125
0.99410000 0.00232251
0.99405000 0.00232378
0.99400000 0.00232505
0.99395000 0.00232634
0.99390000 0.00232764
0.99385000 0.00232895
0.99380000 0.00233027
0.99375000 0.00233160
0.99370000 0.00233294
0.99365000 0.00233429
0.99360000 0.00233565
0.99355000 0.00233703
0.99350000 0.00233841
0.99345000 0.00233980
0.99340000 0.00234121
0.99335000 0.00234262
0.99330000 0.00234405
0.99325000 0.00234549
0.99320000 0.00234693
0.99315000 0.00234839
0.99310000 0.00234986
0.99305000 0.00235134
0.99300000 0.00235283
0.99295000 0.00235433
0.99290000 0.00235584
0.99285000 0.00235736
0.99280000 0.00235889
0.99275000 0.00236043
0.99270000 0.00236198
0.99265000 0.00236355
0.99260000 0.00236512
0.99255000 0.00236671
0.99250000 0.00236830
0.99245000 0.00236990
0.99240000 0.00237152
0.99235000 0.00237315
0.99230000 0.00237478
0.99225000 0.00237643
0.99220000 0.00237809
0.99215000 0.00237975
0.99210000 0.00238143
0.99205000 0.00238312
0.99200000 0.00238482
0.99195000 0.00238653
0.99190000 0.00238825
0.99185000 0.00238998
0.99180000 0.00239172
0.99175000 0.00239347
0.99170000 0.00239523
0.99165000 0.00239701
0.99160000 0.00239879
0.99155000 0.00240058
0.99150000 0.00240238
0.99145000 0.00240420
0.99140000 0.00240602
0.99135000 0.00240786
0.99130000 0.00240970
0.99125000 0.00241156
0.99120000 0.00241342
0.99115000 0.00241530
0.99110000 0.00241718
0.99105000 0.00241908
0.99100000 0.00242099
0.99095000 0.00242291
0.99090000 0.00242483
0.99085000 0.00242677
0.99080000 0.00242872
0.99075000 0.00243068
0.99070000 0.00243265
0.99065000 0.00243463
0.99060000 0.00243661
0.99055000 0.00243861
0.99050000 0.00244062
0.99045000 0.00244265
0.99040000 0.00244468
0.99035000 0.00244672
0.99030000 0.00244877
0.99025000 0.00245083
0.99020000 0.00245290
0.99015000 0.00245498
0.99010000 0.00245708
0.99005000 0.00245918
0.99000000 0.00246129
0.98995000 0.00246341
0.98990000 0.00246555
0.98985000 0.00246769
0.98980000 0.00246984
0.98975000 0.00247201
0.98970000 0.00247418
0.98965000 0.00247637
0.98960000 0.00247856
0.98955000 0.00248077
0.98950000 0.00248298
0.98945000 0.00248521
0.98940000 0.00248744
0.98935000 0.00248969
0.98930000 0.00249194
0.98925000 0.00249421
0.98920000 0.00249648
0.98915000 0.00249877
0.98910000 0.00250107
0.98905000 0.00250337
0.98900000 0.00250569
0.98895000 0.00250801
0.98890000 0.00251035
0.98885000 0.00251270
0.98880000 0.00251506
0.98875000 0.00251742
0.98870000 0.00251980
0.98865000 0.00252219
0.98860000 0.00252458
0.98855000 0.00252699
0.98850000 0.00252941
0.98845000 0.00253184
0.98840000 0.00253428
0.98835000 0.00253672
0.98830000 0.00253918
0.98825000 0.00254165
0.98820000 0.00254413
0.98815000 0.00254662
0.98810000 0.00254911
0.98805000 0.00255162
0.98800000 0.00255414
0.98795000 0.00255667
0.98790000 0.00255921
0.98785000 0.00256175
0.98780000 0.00256431
0.98775000 0.00256688
0.98770000 0.00256946
0.98765000 0.00257205
0.98760000 0.00257465
0.98755000 0.00257726
0.98750000 0.00257987
0.98745000 0.00258250
0.98740000 0.00258514
0.98735000 0.00258779
0.98730000 0.00259045
0.98725000 0.00259312
0.98720000 0.00259579
0.98715000 0.00259848
0.98710000 0.00260118
0.98705000 0.00260389
0.98700000 0.00260661
0.98695000 0.00260933
0.98690000 0.00261207
0.98685000 0.00261482
0.98680000 0.00261758
0.98675000 0.00262035
0.98670000 0.00262312
0.98665000 0.00262591
0.98660000 0.00262871
0.98655000 0.00263152
0.98650000 0.00263433
0.98645000 0.00263716
0.98640000 0.00264000
0.98635000 0.00264284
0.98630000 0.00264570
0.98625000 0.00264857
0.98620000 0.00265144
0.98615000 0.00265433
0.98610000 0.00265723
0.98605000 0.00266013
0.98600000 0.00266305
0.98595000 0.00266597
0.98590000 0.00266891
0.98585000 0.00267185
0.98580000 0.00267481
0.98575000 0.00267777
0.98570000 0.00268075
0.98565000 0.00268373
0.98560000 0.00268673
0.98555000 0.00268973
0.98550000 0.00269275
0.98545000 0.00269577
0.98540000 0.00269880
0.98535000 0.00270185
0.98530000 0.00270490
0.98525000 0.00270796
0.98520000 0.00271104
0.98515000 0.00271412
0.98510000 0.00271721
0.98505000 0.00272031
0.98500000 0.00272342
0.98495000 0.00272654
0.98490000 0.00272968
0.98485000 0.00273282
0.98480000 0.00273597
0.98475000 0.00273913
0.98470000 0.00274230
0.98465000 0.00274548
0.98460000 0.00274867
0.98455000 0.00275187
0.98450000 0.00275507
0.98445000 0.00275829
0.98440000 0.00276152
0.98435000 0.00276476
0.98430000 0.00276801
0.98425000 0.00277126
0.98420000 0.00277453
0.98415000 0.00277781
0.98410000 0.00278109
0.98405000 0.00278439
0.98400000 0.00278770
0.98395000 0.00279101
0.98390000 0.00279434
0.98385000 0.00279767
0.98380000 0.00280101
0.98375000 0.00280437
0.98370000 0.00280773
0.98365000 0.00281110
0.98360000 0.00281449
0.98355000 0.00281788
0.98350000 0.00282128
0.98345000 0.00282469
0.98340000 0.00282811
0.98335000 0.00283154
0.98330000 0.00283498
0.98325000 0.00283843
0.98320000 0.00284189
0.98315000 0.00284536
0.98310000 0.00284884
0.98305000 0.00285233
0.98300000 0.00285582
0.98295000 0.00285933
0.98290000 0.00286285
0.98285000 0.00286637
0.98280000 0.00286991
0.98275000 0.00287345
0.98270000 0.00287701
0.98265000 0.00288057
0.98260000 0.00288415
0.98255000 0.00288773
0.98250000 0.00289132
0.98245000 0.00289493
0.98240000 0.00289854
0.98235000 0.00290216
0.98230000 0.00290579
0.98225000 0.00290943
0.98220000 0.00291308
0.98215000 0.00291674
0.98210000 0.00292041
0.98205000 0.00292408
0.98200000 0.00292777
0.98195000 0.00293147
0.98190000 0.00293517
0.98185000 0.00293889
0.98180000 0.00294262
0.98175000 0.00294635
0.98170000 0.00295009
0.98165000 0.00295385
0.98160000 0.00295761
0.98155000 0.00296138
0.98150000 0.00296516
0.98145000 0.00296896
0.98140000 0.00297276
0.98135000 0.00297657
0.98130000 0.00298039
0.98125000 0.00298421
0.98120000 0.00298805
0.98115000 0.00299190
0.98110000 0.00299576
0.98105000 0.00299962
0.98100000 0.00300350
0.98095000 0.00300738
0.98090000 0.00301128
0.98085000 0.00301518
0.98080000 0.00301909
0.98075000 0.00302302
0.98070000 0.00302695
0.98065000 0.00303089
0.98060000 0.00303484
0.98055000 0.00303880
0.98050000 0.00304277
0.98045000 0.00304675
0.98040000 0.00305073
0.98035000 0.00305473
0.98030000 0.00305874
0.98025000 0.00306275
0.98020000 0.00306678
0.98015000 0.00307081
0.98010000 0.00307485
0.98005000 0.00307890
0.98000000 0.00308297
0.97995000 0.00308704
0.97990000 0.00309112
0.97985000 0.00309521
0.97980000 0.00309931
0.97975000 0.00310341
0.97970000 0.00310753
0.97965000 0.00311166
0.97960000 0.00311579
0.97955000 0.00311994
0.97950000 0.00312409
0.97945000 0.00312825
0.97940000 0.00313243
0.97935000 0.00313661
0.97930000 0.00314080
0.97925000 0.00314500
0.97920000 0.00314921
0.97915000 0.00315343
0.97910000 0.00315765
0.97905000 0.00316189
0.97900000 0.00316614
0.97895000 0.00317039
0.97890000 0.00317466
0.97885000 0.00317893
0.97880000 0.00318321
0.97875000 0.00318750
0.97870000 0.00319180
0.97865000 0.00319611
0.97860000 0.00320043
0.97855000 0.00320476
0.97850000 0.00320910
0.97845000 0.00321345
0.97840000 0.00321780
0.97835000 0.00322217
0.97830000 0.00322654
0.97825000 0.00323092
0.97820000 0.00323531
0.97815000 0.00323971
0.97810000 0.00324412
0.97805000 0.00324854
0.97800000 0.00325297
0.97795000 0.00325741
0.97790000 0.00326186
0.97785000 0.00326631
0.97780000 0.00327078
0.97775000 0.00327525
0.97770000 0.00327973
0.97765000 0.00328422
0.97760000 0.00328872
0.97755000 0.00329323
0.97750000 0.00329775
0.97745000 0.00330228
0.97740000 0.00330682
0.97735000 0.00331136
0.97730000 0.00331592
0.97725000 0.00332048
0.97720000 0.00332505
0.97715000 0.00332964
0.97710000 0.00333423
0.97705000 0.00333883
0.97700000 0.00334344
0.97695000 0.00334805
0.97690000 0.00335268
0.97685000 0.00335732
0.97680000 0.00336196
0.97675000 0.00336661
0.97670000 0.00337128
0.97665000 0.00337595
0.97660000 0.00338063
0.97655000 0.00338532
0.97650000 0.00339002
0.97645000 0.00339472
0.97640000 0.00339944
0.97635000 0.00340416
0.97630000 0.00340890
0.97625000 0.00341364
0.97620000 0.00341839
0.97615000 0.00342315
0.97610000 0.00342792
0.97605000 0.00343270
0.97600000 0.00343749
0.97595000 0.00344228
0.97590000 0.00344709
0.97585000 0.00345190
0.97580000 0.00345673
0.97575000 0.00346156
0.97570000 0.00346640
0.97565000 0.00347125
0.97560000 0.00347611
0.97555000 0.00348097
0.97550000 0.00348585
0.97545000 0.00349073
0.97540000 0.00349563
0.97535000 0.00350053
0.97530000 0.00350544
0.97525000 0.00351036
0.97520000 0.00351529
0.97515000 0.00352023
0.97510000 0.00352517
0.97505000 0.00353013
0.97500000 0.00353509
0.97495000 0.00354007
0.97490000 0.00354505
0.97485000 0.00355004
0.97480000 0.00355504
0.97475000 0.00356005
0.97470000 0.00356506
0.97465000 0.00357009
0.97460000 0.00357512
0.97455000 0.00358017
0.97450000 0.00358522
0.97445000 0.00359028
0.97440000 0.00359535
0.97435000 0.00360043
0.97430000 0.00360551
0.97425000 0.00361061
0.97420000 0.00361571
0.97415000 0.00362082
0.97410000 0.00362595
0.97405000 0.00363108
0.97400000 0.00363622
0.97395000 0.00364136
0.97390000 0.00364652
0.97385000 0.00365168
0.97380000 0.00365686
0.97375000 0.00366204
0.97370000 0.00366723
0.97365000 0.00367243
0.97360000 0.00367764
0.97355000 0.00368286
0.97350000 0.00368808
0.97345000 0.00369332
0.97340000 0.00369856
0.97335000 0.00370381
0.97330000 0.00370907
0.97325000 0.00371434
0.97320000 0.00371962
0.97315000 0.00372490
0.97310000 0.00373020
0.97305000 0.00373550
0.97300000 0.00374082
0.97295000 0.00374614
0.97290000 0.00375146
0.97285000 0.00375680
0.97280000 0.00376215
0.97275000 0.00376750
0.97270000 0.00377287
0.97265000 0.00377824
0.97260000 0.00378362
0.97255000 0.00378901
0.97250000 0.00379441
0.97245000 0.00379981
0.97240000 0.00380523
0.97235000 0.00381065
0.97230000 0.00381609
0.97225000 0.00382153
0.97220000 0.00382698
0.97215000 0.00383243
0.97210000 0.00383790
0.97205000 0.00384337
0.97200000 0.00384886
0.97195000 0.00385435
0.97190000 0.00385985
0.97185000 0.00386536
0.97180000 0.00387088
0.97175000 0.00387640
0.97170000 0.00388194
0.97165000 0.00388748
0.97160000 0.00389303
0.97155000 0.00389859
0.97150000 0.00390416
0.97145000 0.00390973
0.97140000 0.00391532
0.97135000 0.00392091
0.97130000 0.00392652
0.97125000 0.00393213
0.97120000 0.00393774
0.97115000 0.00394337
0.97110000 0.00394901
0.97105000 0.00395465
0.97100000 0.00396031
0.97095000 0.00396597
0.97090000 0.00397164
0.97085000 0.00397731
0.97080000 0.00398300
0.97075000 0.00398870
0.97070000 0.00399440
0.97065000 0.00400011
0.97060000 0.00400583
0.97055000 0.00401156
0.97050000 0.00401730
0.97045000 0.00402304
0.97040000 0.00402879
0.97035000 0.00403456
0.97030000 0.00404033
0.97025000 0.00404610
0.97020000 0.00405189
0.97015000 0.00405769
0.97010000 0.00406349
0.97005000 0.00406930
0.97000000 0.00407512
0.96995000 0.00408095
0.96990000 0.00408679
0.96985000 0.00409263
0.96980000 0.00409849
0.96975000 0.00410435
0.96970000 0.00411022
0.96965000 0.00411610
0.96960000 0.00412199
0.96955000 0.00412788
0.96950000 0.00413378
0.96945000 0.00413970
0.96940000 0.00414562
0.96935000 0.00415154
0.96930000 0.00415748
0.96925000 0.00416343
0.96920000 0.00416938
0.96915000 0.00417534
0.96910000 0.00418131
0.96905000 0.00418729
0.96900000 0.00419327
0.96895000 0.00419927
0.96890000 0.00420527
0.96885000 0.00421128
0.96880000 0.00421730
0.96875000 0.00422333
0.96870000 0.00422936
0.96865000 0.00423541
0.96860000 0.00424146
0.96855000 0.00424752
0.96850000 0.00425359
0.96845000 0.00425967
0.96840000 0.00426575
0.96835000 0.00427184
0.96830000 0.00427794
0.96825000 0.00428405
0.96820000 0.00429017
0.96815000 0.00429630
0.96810000 0.00430243
0.96805000 0.00430857
0.96800000 0.00431472
0.96795000 0.00432088
0.96790000 0.00432705
0.96785000 0.00433322
0.96780000 0.00433941
0.96775000 0.00434560
0.96770000 0.00435180
0.96765000 0.00435800
0.96760000 0.00436422
0.96755000 0.00437044
0.96750000 0.00437667
0.96745000 0.00438291
0.96740000 0.00438916
0.96735000 0.00439542
0.96730000 0.00440168
0.96725000 0.00440795
0.96720000 0.00441423
0.96715000 0.00442052
0.96710000 0.00442682
0.96705000 0.00443312
0.96700000 0.00443944
0.96695000 0.00444576
0.96690000 0.00445209
0.96685000 0.00445842
0.96680000 0.00446477
0.96675000 0.00447112
0.96670000 0.00447748
0.96665000 0.00448385
0.96660000 0.00449023
0.96655000 0.00449661
0.96650000 0.00450300
0.96645000 0.00450941
0.96640000 0.00451581
0.96635000 0.00452223
0.96630000 0.00452866
0.96625000 0.00453509
0.96620000 0.00454153
0.96615000 0.00454798
0.96610000 0.00455444
0.96605000 0.00456090
0.96600000 0.00456738
0.96595000 0.00457386
0.96590000 0.00458035
0.96585000 0.00458684
0.96580000 0.00459335
0.96575000 0.00459986
0.96570000 0.00460638
0.96565000 0.00461291
0.96560000 0.00461945
0.96555000 0.00462599
0.96550000 0.00463254
0.96545000 0.00463910
0.96540000 0.00464567
0.96535000 0.00465225
0.96530000 0.00465883
0.96525000 0.00466543
0.96520000 0.00467203
0.96515000 0.00467864
0.96510000 0.00468525
0.96505000 0.00469188
0.96500000 0.00469851
0.96495000 0.00470515
0.96490000 0.00471179
0.96485000 0.00471845
0.96480000 0.00472511
0.96475000 0.00473178
0.96470000 0.00473846
0.96465000 0.00474515
0.96460000 0.00475185
0.96455000 0.00475855
0.96450000 0.00476526
0.96445000 0.00477198
0.96440000 0.00477870
0.96435000 0.00478544
0.96430000 0.00479218
0.96425000 0.00479893
0.96420000 0.00480569
0.96415000 0.00481245
0.96410000 0.00481923
0.96405000 0.00482601
0.96400000 0.00483280
0.96395000 0.00483959
0.96390000 0.00484640
0.96385000 0.00485321
0.96380000 0.00486003
0.96375000 0.00486686
0.96370000 0.00487369
0.96365000 0.00488054
0.96360000 0.00488739
0.96355000 0.00489425
0.96350000 0.00490111
0.96345000 0.00490799
0.96340000 0.00491487
0.96335000 0.00492176
0.96330000 0.00492866
0.96325000 0.00493556
0.96320000 0.00494248
0.96315000 0.00494940
0.96310000 0.00495633
0.96305000 0.00496326
0.96300000 0.00497021
0.96295000 0.00497716
0.96290000 0.00498412
0.96285000 0.00499109
0.96280000 0.00499806
0.96275000 0.00500504
0.96270000 0.00501203
0.96265000 0.00501903
0.96260000 0.00502604
0.96255000 0.00503305
0.96250000 0.00504007
0.96245000 0.00504710
0.96240000 0.00505414
0.96235000 0.00506118
0.96230000 0.00506824
0.96225000 0.00507529
0.96220000 0.00508236
0.96215000 0.00508944
0.96210000 0.00509652
0.96205000 0.00510361
0.96200000 0.00511071
0.96195000 0.00511781
0.96190000 0.00512493
0.96185000 0.00513205
0.96180000 0.00513917
0.96175000 0.00514631
0.96170000 0.00515345
0.96165000 0.00516061
0.96160000 0.00516776
0.96155000 0.00517493
0.96150000 0.00518210
0.96145000 0.00518929
0.96140000 0.00519648
0.96135000 0.00520367
0.96130000 0.00521088
0.96125000 0.00521809
0.96120000 0.00522531
0.96115000 0.00523253
0.96110000 0.00523977
0.96105000 0.00524701
0.96100000 0.00525426
0.96095000 0.00526152
0.96090000 0.00526878
0.96085000 0.00527606
0.96080000 0.00528334
0.96075000 0.00529062
0.96070000 0.00529792
0.96065000 0.00530522
0.96060000 0.00531253
0.96055000 0.00531985
0.96050000 0.00532717
0.96045000 0.00533451
0.96040000 0.00534185
0.96035000 0.00534919
0.96030000 0.00535655
0.96025000 0.00536391
0.96020000 0.00537128
0.96015000 0.00537866
0.96010000 0.00538604
0.96005000 0.00539344
0.96000000 0.00540084
0.95995000 0.00540824
0.95990000 0.00541566
0.95985000 0.00542308
0.95980000 0.00543051
0.95975000 0.00543795
0.95970000 0.00544539
0.95965000 0.00545284
0.95960000 0.00546030
0.95955000 0.00546777
0.95950000 0.00547524
0.95945000 0.00548273
0.95940000 0.00549022
0.95935000 0.00549771
0.95930000 0.00550522
0.95925000 0.00551273
0.95920000 0.00552025
0.95915000 0.00552777
0.95910000 0.00553531
0.95905000 0.00554285
0.95900000 0.00555040
0.95895000 0.00555795
0.95890000 0.00556551
0.95885000 0.00557308
0.95880000 0.00558066
0.95875000 0.00558825
0.95870000 0.00559584
0.95865000 0.00560344
0.95860000 0.00561105
0.95855000 0.00561866
0.95850000 0.00562628
0.95845000 0.00563391
0.95840000 0.00564155
0.95835000 0.00564920
0.95830000 0.00565685
0.95825000 0.00566451
0.95820000 0.00567217
0.95815000 0.00567984
0.95810000 0.00568753
0.95805000 0.00569521
0.95800000 0.00570291
0.95795000 0.00571061
0.95790000 0.00571832
0.95785000 0.00572604
0.95780000 0.00573376
0.95775000 0.00574149
0.95770000 0.00574923
0.95765000 0.00575698
0.95760000 0.00576473
0.95755000 0.00577249
0.95750000 0.00578026
0.95745000 0.00578804
0.95740000 0.00579582
0.95735000 0.00580361
0.95730000 0.00581141
0.95725000 0.00581921
0.95720000 0.00582702
0.95715000 0.00583484
0.95710000 0.00584267
0.95705000 0.00585050
0.95700000 0.00585834
0.95695000 0.00586619
0.95690000 0.00587404
0.95685000 0.00588191
0.95680000 0.00588977
0.95675000 0.00589765
0.95670000 0.00590553
0.95665000 0.00591343
0.95660000 0.00592132
0.95655000 0.00592923
0.95650000 0.00593714
0.95645000 0.00594506
0.95640000 0.00595299
0.95635000 0.00596092
0.95630000 0.00596886
0.95625000 0.00597681
0.95620000 0.00598477
0.95615000 0.00599273
0.95610000 0.00600070
0.95605000 0.00600868
0.95600000 0.00601666
0.95595000 0.00602465
0.95590000 0.00603265
0.95585000 0.00604065
0.95580000 0.00604867
0.95575000 0.00605669
0.95570000 0.00606471
0.95565000 0.00607275
0.95560000 0.00608079
0.95555000 0.00608884
0.95550000 0.00609689
0.95545000 0.00610495
0.95540000 0.00611302
0.95535000 0.00612110
0.95530000 0.00612918
0.95525000 0.00613727
0.95520000 0.00614537
0.95515000 0.00615347
0.95510000 0.00616159
0.95505000 0.00616970
0.95500000 0.00617783
0.95495000 0.00618596
0.95490000 0.00619410
0.95485000 0.00620225
0.95480000 0.00621040
0.95475000 0.00621857
0.95470000 0.00622673
0.95465000 0.00623491
0.95460000 0.00624309
0.95455000 0.00625128
0.95450000 0.00625948
0.95445000 0.00626768
0.95440000 0.00627589
0.95435000 0.00628411
0.95430000 0.00629233
0.95425000 0.00630056
0.95420000 0.00630880
0.95415000 0.00631705
0.95410000 0.00632530
0.95405000 0.00633356
0.95400000 0.00634182
0.95395000 0.00635010
0.95390000 0.00635838
0.95385000 0.00636666
0.95380000 0.00637496
0.95375000 0.00638326
0.95370000 0.00639157
0.95365000 0.00639988
0.95360000 0.00640820
0.95355000 0.00641653
0.95350000 0.00642487
0.95345000 0.00643321
0.95340000 0.00644156
0.95335000 0.00644991
0.95330000 0.00645828
0.95325000 0.00646665
0.95320000 0.00647502
0.95315000 0.00648341
0.95310000 0.00649180
0.95305000 0.00650020
0.95300000 0.00650860
0.95295000 0.00651701
0.95290000 0.00652543
0.95285000 0.00653386
0.95280000 0.00654229
0.95275000 0.00655073
0.95270000 0.00655918
0.95265000 0.00656763
0.95260000 0.00657609
0.95255000 0.00658455
0.95250000 0.00659303
0.95245000 0.00660151
0.95240000 0.00661000
0.95235000 0.00661849
0.95230000 0.00662699
0.95225000 0.00663550
0.95220000 0.00664401
0.95215000 0.00665253
0.95210000 0.00666106
0.95205000 0.00666960
0.95200000 0.00667814
0.95195000 0.00668669
0.95190000 0.00669524
0.95185000 0.00670380
0.95180000 0.00671237
0.95175000 0.00672095
0.95170000 0.00672953
0.95165000 0.00673812
0.95160000 0.00674672
0.95155000 0.00675532
0.95150000 0.00676393
0.95145000 0.00677255
0.95140000 0.00678117
0.95135000 0.00678980
0.95130000 0.00679843
0.95125000 0.00680708
0.95120000 0.00681573
0.95115000 0.00682439
0.95110000 0.00683305
0.95105000 0.00684172
0.95100000 0.00685040
0.95095000 0.00685908
0.95090000 0.00686777
0.95085000 0.00687647
0.95080000 0.00688517
0.95075000 0.00689388
0.95070000 0.00690260
0.95065000 0.00691132
0.95060000 0.00692006
0.95055000 0.00692879
0.95050000 0.00693754
0.95045000 0.00694629
0.95040000 0.00695505
0.95035000 0.00696381
0.95030000 0.00697258
0.95025000 0.00698136
0.95020000 0.00699014
0.95015000 0.00699893
0.95010000 0.00700773
0.95005000 0.00701654
0.95000000 0.00702535
0.94995000 0.00703416
0.94990000 0.00704299
0.94985000 0.00705182
0.94980000 0.00706066
0.94975000 0.00706950
0.94970000 0.00707835
0.94965000 0.00708721
0.94960000 0.00709607
0.94955000 0.00710494
0.94950000 0.00711382
0.94945000 0.00712271
0.94940000 0.00713160
0.94935000 0.00714049
0.94930000 0.00714940
0.94925000 0.00715831
0.94920000 0.00716722
0.94915000 0.00717615
0.94910000 0.00718508
0.94905000 0.00719401
0.94900000 0.00720296
0.94895000 0.00721191
0.94890000 0.00722086
0.94885000 0.00722983
0.94880000 0.00723880
0.94875000 0.00724777
0.94870000 0.00725675
0.94865000 0.00726574
0.94860000 0.00727474
0.94855000 0.00728374
0.94850000 0.00729275
0.94845000 0.00730176
0.94840000 0.00731079
0.94835000 0.00731981
0.94830000 0.00732885
0.94825000 0.00733789
0.94820000 0.00734694
0.94815000 0.00735599
0.94810000 0.00736505
0.94805000 0.00737412
0.94800000 0.00738319
0.94795000 0.00739228
0.94790000 0.00740136
0.94785000 0.00741046
0.94780000 0.00741956
0.94775000 0.00742866
0.94770000 0.00743777
0.94765000 0.00744689
0.94760000 0.00745602
0.94755000 0.00746515
0.94750000 0.00747429
0.94745000 0.00748343
0.94740000 0.00749259
0.94735000 0.00750174
0.94730000 0.00751091
0.94725000 0.00752008
0.94720000 0.00752926
0.94715000 0.00753844
0.94710000 0.00754763
0.94705000 0.00755683
0.94700000 0.00756603
0.94695000 0.00757524
0.94690000 0.00758446
0.94685000 0.00759368
0.94680000 0.00760291
0.94675000 0.00761214
0.94670000 0.00762138
0.94665000 0.00763063
0.94660000 0.00763988
0.94655000 0.00764914
0.94650000 0.00765841
0.94645000 0.00766768
0.94640000 0.00767696
0.94635000 0.00768625
0.94630000 0.00769554
0.94625000 0.00770484
0.94620000 0.00771415
0.94615000 0.00772346
0.94610000 0.00773278
0.94605000 0.00774210
0.94600000 0.00775143
0.94595000 0.00776077
0.94590000 0.00777011
0.94585000 0.00777946
0.94580000 0.00778882
0.94575000 0.00779818
0.94570000 0.00780755
0.94565000 0.00781692
0.94560000 0.00782630
0.94555000 0.00783569
0.94550000 0.00784508
0.94545000 0.00785448
0.94540000 0.00786389
0.94535000 0.00787330
0.94530000 0.00788272
0.94525000 0.00789215
0.94520000 0.00790158
0.94515000 0.00791102
0.94510000 0.00792046
0.94505000 0.00792991
0.94500000 0.00793937
0.94495000 0.00794883
0.94490000 0.00795830
0.94485000 0.00796777
0.94480000 0.00797725
0.94475000 0.00798674
0.94470000 0.00799624
0.94465000 0.00800574
0.94460000 0.00801524
0.94455000 0.00802476
0.94450000 0.00803427
0.94445000 0.00804380
0.94440000 0.00805333
0.94435000 0.00806287
0.94430000 0.00807241
0.94425000 0.00808196
0.94420000 0.00809152
0.94415000 0.00810108
0.94410000 0.00811065
0.94405000 0.00812022
0.94400000 0.00812981
0.94395000 0.00813939
0.94390000 0.00814899
0.94385000 0.00815859
0.94380000 0.00816819
0.94375000 0.00817780
0.94370000 0.00818742
0.94365000 0.00819705
0.94360000 0.00820668
0.94355000 0.00821631
0.94350000 0.00822596
0.94345000 0.00823560
0.94340000 0.00824526
0.94335000 0.00825492
0.94330000 0.00826459
0.94325000 0.00827426
0.94320000 0.00828394
0.94315000 0.00829363
0.94310000 0.00830332
0.94305000 0.00831302
0.94300000 0.00832272
0.94295000 0.00833243
0.94290000 0.00834215
0.94285000 0.00835187
0.94280000 0.00836160
0.94275000 0.00837133
0.94270000 0.00838107
0.94265000 0.00839082
0.94260000 0.00840057
0.94255000 0.00841033
0.94250000 0.00842009
0.94245000 0.00842986
0.94240000 0.00843964
0.94235000 0.00844942
0.94230000 0.00845921
0.94225000 0.00846901
0.94220000 0.00847881
0.94215000 0.00848862
0.94210000 0.00849843
0.94205000 0.00850825
0.94200000 0.00851808
0.94195000 0.00852791
0.94190000 0.00853774
0.94185000 0.00854759
0.94180000 0.00855744
0.94175000 0.00856729
0.94170000 0.00857715
0.94165000 0.00858702
0.94160000 0.00859690
0.94155000 0.00860677
0.94150000 0.00861666
0.94145000 0.00862655
0.94140000 0.00863645
0.94135000 0.00864635
0.94130000 0.00865626
0.94125000 0.00866618
0.94120000 0.00867610
0.94115000 0.00868603
0.94110000 0.00869596
0.94105000 0.00870590
0.94100000 0.00871585
0.94095000 0.00872580
0.94090000 0.00873575
0.94085000 0.00874572
0.94080000 0.00875569
0.94075000 0.00876566
0.94070000 0.00877564
0.94065000 0.00878563
0.94060000 0.00879562
0.94055000 0.00880562
0.94050000 0.00881563
0.94045000 0.00882564
0.94040000 0.00883565
0.94035000 0.00884568
0.94030000 0.00885570
0.94025000 0.00886574
0.94020000 0.00887578
0.94015000 0.00888582
0.94010000 0.00889588
0.94005000 0.00890593
0.94000000 0.00891600
0.93995000 0.00892607
0.93990000 0.00893614
0.93985000 0.00894622
0.93980000 0.00895631
0.93975000 0.00896640
0.93970000 0.00897650
0.93965000 0.00898661
0.93960000 0.00899672
0.93955000 0.00900684
0.93950000 0.00901696
0.93945000 0.00902709
0.93940000 0.00903722
0.93935000 0.00904736
0.93930000 0.00905751
0.93925000 0.00906766
0.93920000 0.00907782
0.93915000 0.00908798
0.93910000 0.00909815
0.93905000 0.00910832
0.93900000 0.00911850
0.93895000 0.00912869
0.93890000 0.00913888
0.93885000 0.00914908
0.93880000 0.00915928
0.93875000 0.00916949
0.93870000 0.00917971
0.93865000 0.00918993
0.93860000 0.00920016
0.93855000 0.00921039
0.93850000 0.00922063
0.93845000 0.00923087
0.93840000 0.00924112
0.93835000 0.00925138
0.93830000 0.00926164
0.93825000 0.00927191
0.93820000 0.00928218
0.93815000 0.00929246
0.93810000 0.00930275
0.93805000 0.00931304
0.93800000 0.00932333
0.93795000 0.00933364
0.93790000 0.00934394
0.93785000 0.00935426
0.93780000 0.00936458
0.93775000 0.00937490
0.93770000 0.00938523
0.93765000 0.00939557
0.93760000 0.00940591
0.93755000 0.00941626
0.93750000 0.00942661
0.93745000 0.00943697
0.93740000 0.00944733
0.93735000 0.00945771
0.93730000 0.00946808
0.93725000 0.00947846
0.93720000 0.00948885
0.93715000 0.00949924
0.93710000 0.00950964
0.93705000 0.00952005
0.93700000 0.00953046
0.93695000 0.00954087
0.93690000 0.00955130
0.93685000 0.00956172
0.93680000 0.00957216
0.93675000 0.00958259
0.93670000 0.00959304
0.93665000 0.00960349
0.93660000 0.00961394
0.93655000 0.00962441
0.93650000 0.00963487
0.93645000 0.00964534
0.93640000 0.00965582
0.93635000 0.00966631
0.93630000 0.00967679
0.93625000 0.00968729
0.93620000 0.00969779
0.93615000 0.00970830
0.93610000 0.00971881
0.93605000 0.00972933
0.93600000 0.00973985
0.93595000 0.00975038
0.93590000 0.00976091
0.93585000 0.00977145
0.93580000 0.00978200
0.93575000 0.00979255
0.93570000 0.00980310
0.93565000 0.00981366
0.93560000 0.00982423
0.93555000 0.00983480
0.93550000 0.00984538
0.93545000 0.00985597
0.93540000 0.00986656
0.93535000 0.00987715
0.93530000 0.00988775
0.93525000 0.00989836
0.93520000 0.00990897
0.93515000 0.00991959
0.93510000 0.00993021
0.93505000 0.00994084
0.93500000 0.00995147
0.93495000 0.00996211
0.93490000 0.00997276
0.93485000 0.00998341
0.93480000 0.00999407
0.93475000 0.01000473
0.93470000 0.01001539
0.93465000 0.01002607
0.93460000 0.01003674
0.93455000 0.01004743
0.93450000 0.01005812
0.93445000 0.01006881
0.93440000 0.01007951
0.93435000 0.01009022
0.93430000 0.01010093
0.93425000 0.01011164
0.93420000 0.01012237
0.93415000 0.01013309
0.93410000 0.01014383
0.93405000 0.01015456
0.93400000 0.01016531
0.93395000 0.01017606
0.93390000 0.01018681
0.93385000 0.01019757
0.93380000 0.01020834
0.93375000 0.01021911
0.93370000 0.01022988
0.93365000 0.01024067
0.93360000 0.01025145
0.93355000 0.01026225
0.93350000 0.01027304
0.93345000 0.01028385
0.93340000 0.01029466
0.93335000 0.01030547
0.93330000 0.01031629
0.93325000 0.01032711
0.93320000 0.01033795
0.93315000 0.01034878
0.93310000 0.01035962
0.93305000 0.01037047
0.93300000 0.01038132
0.93295000 0.01039218
0.93290000 0.01040304
0.93285000 0.01041391
0.93280000 0.01042478
0.93275000 0.01043566
0.93270000 0.01044655
0.93265000 0.01045743
0.93260000 0.01046833
0.93255000 0.01047923
0.93250000 0.01049014
0.93245000 0.01050105
0.93240000 0.01051196
0.93235000 0.01052288
0.93230000 0.01053381
0.93225000 0.01054474
0.93220000 0.01055568
0.93215000 0.01056662
0.93210000 0.01057757
0.93205000 0.01058853
0.93200000 0.01059948
0.93195000 0.01061045
0.93190000 0.01062142
0.93185000 0.01063239
0.93180000 0.01064337
0.93175000 0.01065436
0.93170000 0.01066535
0.93165000 0.01067634
0.93160000 0.01068735
0.93155000 0.01069835
0.93150000 0.01070936
0.93145000 0.01072038
0.93140000 0.01073140
0.93135000 0.01074243
0.93130000 0.01075346
0.93125000 0.01076450
0.93120000 0.01077554
0.93115000 0.01078659
0.93110000 0.01079765
0.93105000 0.01080871
0.93100000 0.01081977
0.93095000 0.01083084
0.93090000 0.01084191
0.93085000 0.01085299
0.93080000 0.01086408
0.93075000 0.01087517
0.93070000 0.01088627
0.93065000 0.01089737
0.93060000 0.01090847
0.93055000 0.01091958
0.93050000 0.01093070
0.93045000 0.01094182
0.93040000 0.01095295
0.93035000 0.01096408
0.93030000 0.01097522
0.93025000 0.01098636
0.93020000 0.01099751
0.93015000 0.01100866
0.93010000 0.01101982
0.93005000 0.01103098
0.93000000 0.01104215
0.92995000 0.01105332
0.92990000 0.01106450
0.92985000 0.01107569
0.92980000 0.01108688
0.92975000 0.01109807
0.92970000 0.01110927
0.92965000 0.01112047
0.92960000 0.01113168
0.92955000 0.01114290
0.92950000 0.01115412
0.92945000 0.01116534
0.92940000 0.01117657
0.92935000 0.01118781
0.92930000 0.01119905
0.92925000 0.01121029
0.92920000 0.01122154
0.92915000 0.01123280
0.92910000 0.01124406
0.92905000 0.01125533
0.92900000 0.01126660
0.92895000 0.01127787
0.92890000 0.01128915
0.92885000 0.01130044
0.92880000 0.01131173
0.92875000 0.01132303
0.92870000 0.01133433
0.92865000 0.01134564
0.92860000 0.01135695
0.92855000 0.01136827
0.92850000 0.01137959
0.92845000 0.01139091
0.92840000 0.01140225
0.92835000 0.01141358
0.92830000 0.01142492
0.92825000 0.01143627
0.92820000 0.01144762
0.92815000 0.01145898
0.92810000 0.01147034
0.92805000 0.01148171
0.92800000 0.01149308
0.92795000 0.01150446
0.92790000 0.01151584
0.92785000 0.01152723
0.92780000 0.01153862
0.92775000 0.01155002
0.92770000 0.01156142
0.92765000 0.01157283
0.92760000 0.01158424
0.92755000 0.01159566
0.92750000 0.01160708
0.92745000 0.01161851
0.92740000 0.01162994
0.92735000 0.01164138
0.92730000 0.01165282
0.92725000 0.01166427
0.92720000 0.01167572
0.92715000 0.01168718
0.92710000 0.01169864
0.92705000 0.01171011
0.92700000 0.01172158
0.92695000 0.01173306
0.92690000 0.01174454
0.92685000 0.01175603
0.92680000 0.01176752
0.92675000 0.01177902
0.92670000 0.01179052
0.92665000 0.01180202
0.92660000 0.01181354
0.92655000 0.01182505
0.92650000 0.01183657
0.92645000 0.01184810
0.92640000 0.01185963
0.92635000 0.01187117
0.92630000 0.01188271
0.92625000 0.01189426
0.92620000 0.01190581
0.92615000 0.01191736
0.92610000 0.01192893
0.92605000 0.01194049
0.92600000 0.01195206
0.92595000 0.01196364
0.92590000 0.01197522
0.92585000 0.01198680
0.92580000 0.01199839
0.92575000 0.01200999
0.92570000 0.01202159
0.92565000 0.01203319
0.92560000 0.01204480
0.92555000 0.01205642
0.92550000 0.01206804
0.92545000 0.01207966
0.92540000 0.01209129
0.92535000 0.01210293
0.92530000 0.01211457
0.92525000 0.01212621
0.92520000 0.01213786
0.92515000 0.01214951
0.92510000 0.01216117
0.92505000 0.01217283
0.92500000 0.01218450
0.92495000 0.01219617
0.92490000 0.01220785
0.92485000 0.01221953
0.92480000 0.01223122
0.92475000 0.01224291
0.92470000 0.01225461
0.92465000 0.01226631
0.92460000 0.01227802
0.92455000 0.01228973
0.92450000 0.01230145
0.92445000 0.01231317
0.92440000 0.01232489
0.92435000 0.01233662
0.92430000 0.01234836
0.92425000 0.01236010
0.92420000 0.01237184
0.92415000 0.01238359
0.92410000 0.01239535
0.92405000 0.01240711
0.92400000 0.01241887
0.92395000 0.01243064
0.92390000 0.01244241
0.92385000 0.01245419
0.92380000 0.01246597
0.92375000 0.01247776
0.92370000 0.01248955
0.92365000 0.01250135
0.92360000 0.01251315
0.92355000 0.01252496
0.92350000 0.01253677
0.92345000 0.01254859
0.92340000 0.01256041
0.92335000 0.01257223
0.92330000 0.01258406
0.92325000 0.01259590
0.92320000 0.01260774
0.92315000 0.01261958
0.92310000 0.01263143
0.92305000 0.01264328
0.92300000 0.01265514
0.92295000 0.01266701
0.92290000 0.01267887
0.92285000 0.01269075
0.92280000 0.01270262
0.92275000 0.01271450
0.92270000 0.01272639
0.92265000 0.01273828
0.92260000 0.01275018
0.92255000 0.01276208
0.92250000 0.01277398
0.92245000 0.01278589
0.92240000 0.01279781
0.92235000 0.01280973
0.92230000 0.01282165
0.92225000 0.01283358
0.92220000 0.01284551
0.92215000 0.01285745
0.92210000 0.01286939
0.92205000 0.01288134
0.92200000 0.01289329
0.92195000 0.01290525
0.92190000 0.01291721
0.92185000 0.01292917
0.92180000 0.01294114
0.92175000 0.01295312
0.92170000 0.01296510
0.92165000 0.01297708
0.92160000 0.01298907
0.92155000 0.01300106
0.92150000 0.01301306
0.92145000 0.01302506
0.92140000 0.01303707
0.92135000 0.01304908
0.92130000 0.01306110
0.92125000 0.01307312
0.92120000 0.01308515
0.92115000 0.01309718
0.92110000 0.01310921
0.92105000 0.01312125
0.92100000 0.01313329
0.92095000 0.01314534
0.92090000 0.01315739
0.92085000 0.01316945
0.92080000 0.01318151
0.92075000 0.01319358
0.92070000 0.01320565
0.92065000 0.01321772
0.92060000 0.01322980
0.92055000 0.01324189
0.92050000 0.01325398
0.92045000 0.01326607
0.92040000 0.01327817
0.92035000 0.01329027
0.92030000 0.01330238
0.92025000 0.01331449
0.92020000 0.01332661
0.92015000 0.01333873
0.92010000 0.01335085
0.92005000 0.01336298
0.92000000 0.01337512
0.91995000 0.01338726
0.91990000 0.01339940
0.91985000 0.01341155
0.91980000 0.01342370
0.91975000 0.01343586
0.91970000 0.01344802
0.91965000 0.01346018
0.91960000 0.01347235
0.91955000 0.01348453
0.91950000 0.01349671
0.91945000 0.01350889
0.91940000 0.01352108
0.91935000 0.01353327
0.91930000 0.01354547
0.91925000 0.01355767
0.91920000 0.01356987
0.91915000 0.01358208
0.91910000 0.01359430
0.91905000 0.01360652
0.91900000 0.01361874
0.91895000 0.01363097
0.91890000 0.01364320
0.91885000 0.01365544
0.91880000 0.01366768
0.91875000 0.01367992
0.91870000 0.01369217
0.91865000 0.01370443
0.91860000 0.01371669
0.91855000 0.01372895
0.91850000 0.01374122
0.91845000 0.01375349
0.91840000 0.01376577
0.91835000 0.01377805
0.91830000 0.01379033
0.91825000 0.01380262
0.91820000 0.01381492
0.91815000 0.01382721
0.91810000 0.01383952
0.91805000 0.01385182
0.91800000 0.01386414
0.91795000 0.01387645
0.91790000 0.01388877
0.91785000 0.01390110
0.91780000 0.01391343
0.91775000 0.01392576
0.91770000 0.01393810
0.91765000 0.01395044
0.91760000 0.01396279
0.91755000 0.01397514
0.91750000 0.01398749
0.91745000 0.01399985
0.91740000 0.01401221
0.91735000 0.01402458
0.91730000 0.01403695
0.91725000 0.01404933
0.91720000 0.01406171
0.91715000 0.01407410
0.91710000 0.01408649
0.91705000 0.01409888
0.91700000 0.01411128
0.91695000 0.01412368
0.91690000 0.01413609
0.91685000 0.01414850
0.91680000 0.01416092
0.91675000 0.01417334
0.91670000 0.01418576
0.91665000 0.01419819
0.91660000 0.01421062
0.91655000 0.01422306
0.91650000 0.01423550
0.91645000 0.01424794
0.91640000 0.01426039
0.91635000 0.01427285
0.91630000 0.01428531
0.91625000 0.01429777
0.91620000 0.01431023
0.91615000 0.01432271
0.91610000 0.01433518
0.91605000 0.01434766
0.91600000 0.01436014
0.91595000 0.01437263
0.91590000 0.01438512
0.91585000 0.01439762
0.91580000 0.01441012
0.91575000 0.01442263
0.91570000 0.01443514
0.91565000 0.01444765
0.91560000 0.01446017
0.91555000 0.01447269
0.91550000 0.01448521
0.91545000 0.01449774
0.91540000 0.01451028
0.91535000 0.01452282
0.91530000 0.01453536
0.91525000 0.01454791
0.91520000 0.01456046
0.91515000 0.01457301
0.91510000 0.01458557
0.91505000 0.01459814
0.91500000 0.01461071
0.91495000 0.01462328
0.91490000 0.01463585
0.91485000 0.01464843
0.91480000 0.01466102
0.91475000 0.01467361
0.91470000 0.01468620
0.91465000 0.01469880
0.91460000 0.01471140
0.91455000 0.01472401
0.91450000 0.01473661
0.91445000 0.01474923
0.91440000 0.01476185
0.91435000 0.01477447
0.91430000 0.01478709
0.91425000 0.01479972
0.91420000 0.01481236
0.91415000 0.01482500
0.91410000 0.01483764
0.91405000 0.01485029
0.91400000 0.01486294
0.91395000 0.01487559
0.91390000 0.01488825
0.91385000 0.01490092
0.91380000 0.01491358
0.91375000 0.01492625
0.91370000 0.01493893
0.91365000 0.01495161
0.91360000 0.01496429
0.91355000 0.01497698
0.91350000 0.01498967
0.91345000 0.01500237
0.91340000 0.01501507
0.91335000 0.01502777
0.91330000 0.01504048
0.91325000 0.01505319
0.91320000 0.01506591
0.91315000 0.01507863
0.91310000 0.01509136
0.91305000 0.01510408
0.91300000 0.01511682
0.91295000 0.01512955
0.91290000 0.01514229
0.91285000 0.01515504
0.91280000 0.01516779
0.91275000 0.01518054
0.91270000 0.01519330
0.91265000 0.01520606
0.91260000 0.01521882
0.91255000 0.01523159
0.91250000 0.01524437
0.91245000 0.01525714
0.91240000 0.01526992
0.91235000 0.01528271
0.91230000 0.01529550
0.91225000 0.01530829
0.91220000 0.01532109
0.91215000 0.01533389
0.91210000 0.01534670
0.91205000 0.01535951
0.91200000 0.01537232
0.91195000 0.01538514
0.91190000 0.01539796
0.91185000 0.01541078
0.91180000 0.01542361
0.91175000 0.01543644
0.91170000 0.01544928
0.91165000 0.01546212
0.91160000 0.01547497
0.91155000 0.01548782
0.91150000 0.01550067
0.91145000 0.01551353
0.91140000 0.01552639
0.91135000 0.01553925
0.91130000 0.01555212
0.91125000 0.01556499
0.91120000 0.01557787
0.91115000 0.01559075
0.91110000 0.01560364
0.91105000 0.01561652
0.91100000 0.01562942
0.91095000 0.01564231
0.91090000 0.01565521
0.91085000 0.01566812
0.91080000 0.01568103
0.91075000 0.01569394
0.91070000 0.01570685
0.91065000 0.01571977
0.91060000 0.01573270
0.91055000 0.01574562
0.91050000 0.01575856
0.91045000 0.01577149
0.91040000 0.01578443
0.91035000 0.01579737
0.91030000 0.01581032
0.91025000 0.01582327
0.91020000 0.01583623
0.91015000 0.01584919
0.91010000 0.01586215
0.91005000 0.01587512
0.91000000 0.01588809
0.90995000 0.01590106
0.90990000 0.01591404
0.90985000 0.01592702
0.90980000 0.01594001
0.90975000 0.01595300
0.90970000 0.01596599
0.90965000 0.01597899
0.90960000 0.01599199
0.90955000 0.01600500
0.90950000 0.01601800
0.90945000 0.01603102
0.90940000 0.01604403
0.90935000 0.01605705
0.90930000 0.01607008
0.90925000 0.01608311
0.90920000 0.01609614
0.90915000 0.01610918
0.90910000 0.01612222
0.90905000 0.01613526
0.90900000 0.01614831
0.90895000 0.01616136
0.90890000 0.01617441
0.90885000 0.01618747
0.90880000 0.01620053
0.90875000 0.01621360
0.90870000 0.01622667
0.90865000 0.01623974
0.90860000 0.01625282
0.90855000 0.01626590
0.90850000 0.01627899
0.90845000 0.01629208
0.90840000 0.01630517
0.90835000 0.01631827
0.90830000 0.01633137
0.90825000 0.01634447
0.90820000 0.01635758
0.90815000 0.01637069
0.90810000 0.01638381
0.90805000 0.01639693
0.90800000 0.01641005
0.90795000 0.01642318
0.90790000 0.01643631
0.90785000 0.01644944
0.90780000 0.01646258
0.90775000 0.01647572
0.90770000 0.01648887
0.90765000 0.01650202
0.90760000 0.01651517
0.90755000 0.01652833
0.90750000 0.01654149
0.90745000 0.01655465
0.90740000 0.01656782
0.90735000 0.01658099
0.90730000 0.01659417
0.90725000 0.01660734
0.90720000 0.01662053
0.90715000 0.01663371
0.90710000 0.01664690
0.90705000 0.01666010
0.90700000 0.01667329
0.90695000 0.01668650
0.90690000 0.01669970
0.90685000 0.01671291
0.90680000 0.01672612
0.90675000 0.01673934
0.90670000 0.01675256
0.90665000 0.01676578
0.90660000 0.01677901
0.90655000 0.01679224
0.90650000 0.01680547
0.90645000 0.01681871
0.90640000 0.01683195
0.90635000 0.01684520
0.90630000 0.01685845
0.90625000 0.01687170
0.90620000 0.01688495
0.90615000 0.01689821
0.90610000 0.01691148
0.90605000 0.01692475
0.90600000 0.01693802
0.90595000 0.01695129
0.90590000 0.01696457
0.90585000 0.01697785
0.90580000 0.01699114
0.90575000 0.01700442
0.90570000 0.01701772
0.90565000 0.01703101
0.90560000 0.01704431
0.90555000 0.01705762
0.90550000 0.01707092
0.90545000 0.01708423
0.90540000 0.01709755
0.90535000 0.01711087
0.90530000 0.01712419
0.90525000 0.01713751
0.90520000 0.01715084
0.90515000 0.01716417
0.90510000 0.01717751
0.90505000 0.01719085
0.90500000 0.01720419
0.90495000 0.01721754
0.90490000 0.01723089
0.90485000 0.01724424
0.90480000 0.01725760
0.90475000 0.01727096
0.90470000 0.01728432
0.90465000 0.01729769
0.90460000 0.01731106
0.90455000 0.01732444
0.90450000 0.01733782
0.90445000 0.01735120
0.90440000 0.01736458
0.90435000 0.01737797
0.90430000 0.01739137
0.90425000 0.01740476
0.90420000 0.01741816
0.90415000 0.01743157
0.90410000 0.01744497
0.90405000 0.01745838
0.90400000 0.01747180
0.90395000 0.01748521
0.90390000 0.01749863
0.90385000 0.01751206
0.90380000 0.01752549
0.90375000 0.01753892
0.90370000 0.01755235
0.90365000 0.01756579
0.90360000 0.01757923
0.90355000 0.01759268
0.90350000 0.01760613
0.90345000 0.01761958
0.90340000 0.01763304
0.90335000 0.01764650
0.90330000 0.01765996
0.90325000 0.01767342
0.90320000 0.01768689
0.90315000 0.01770037
0.90310000 0.01771384
0.90305000 0.01772732
0.90300000 0.01774081
0.90295000 0.01775430
0.90290000 0.01776779
0.90285000 0.01778128
0.90280000 0.01779478
0.90275000 0.01780828
0.90270000 0.01782178
0.90265000 0.01783529
0.90260000 0.01784880
0.90255000 0.01786232
0.90250000 0.01787583
0.90245000 0.01788936
0.90240000 0.01790288
0.90235000 0.01791641
0.90230000 0.01792994
0.90225000 0.01794348
0.90220000 0.01795702
0.90215000 0.01797056
0.90210000 0.01798410
0.90205000 0.01799765
0.90200000 0.01801120
0.90195000 0.01802476
0.90190000 0.01803832
0.90185000 0.01805188
0.90180000 0.01806545
0.90175000 0.01807902
0.90170000 0.01809259
0.90165000 0.01810617
0.90160000 0.01811975
0.90155000 0.01813333
0.90150000 0.01814691
0.90145000 0.01816050
0.90140000 0.01817410
0.90135000 0.01818769
0.90130000 0.01820129
0.90125000 0.01821490
0.90120000 0.01822850
0.90115000 0.01824211
0.90110000 0.01825573
0.90105000 0.01826934
0.90100000 0.01828296
0.90095000 0.01829658
0.90090000 0.01831021
0.90085000 0.01832384
0.90080000 0.01833747
0.90075000 0.01835111
0.90070000 0.01836475
0.90065000 0.01837839
0.90060000 0.01839204
0.90055000 0.01840569
0.90050000 0.01841934
0.90045000 0.01843300
0.90040000 0.01844666
0.90035000 0.01846032
0.90030000 0.01847399
0.90025000 0.01848766
0.90020000 0.01850133
0.90015000 0.01851501
0.90010000 0.01852869
0.90005000 0.01854237
0.90000000 0.01855606
0.89995000 0.01856975
0.89990000 0.01858344
0.89985000 0.01859714
0.89980000 0.01861083
0.89975000 0.01862454
0.89970000 0.01863824
0.89965000 0.01865195
0.89960000 0.01866566
0.89955000 0.01867938
0.89950000 0.01869310
0.89945000 0.01870682
0.89940000 0.01872055
0.89935000 0.01873428
0.89930000 0.01874801
0.89925000 0.01876174
0.89920000 0.01877548
0.89915000 0.01878922
0.89910000 0.01880297
0.89905000 0.01881672
0.89900000 0.01883047
0.89895000 0.01884422
0.89890000 0.01885798
0.89885000 0.01887174
0.89880000 0.01888551
0.89875000 0.01889927
0.89870000 0.01891305
0.89865000 0.01892682
0.89860000 0.01894060
0.89855000 0.01895438
0.89850000 0.01896816
0.89845000 0.01898195
0.89840000 0.01899574
0.89835000 0.01900953
0.89830000 0.01902333
0.89825000 0.01903713
0.89820000 0.01905093
0.89815000 0.01906474
0.89810000 0.01907855
0.89805000 0.01909236
0.89800000 0.01910617
0.89795000 0.01911999
0.89790000 0.01913381
0.89785000 0.01914764
0.89780000 0.01916147
0.89775000 0.01917530
0.89770000 0.01918913
0.89765000 0.01920297
0.89760000 0.01921681
0.89755000 0.01923066
0.89750000 0.01924450
0.89745000 0.01925835
0.89740000 0.01927221
0.89735000 0.01928607
0.89730000 0.01929993
0.89725000 0.01931379
0.89720000 0.01932765
0.89715000 0.01934152
0.89710000 0.01935540
0.89705000 0.01936927
0.89700000 0.01938315
0.89695000 0.01939703
0.89690000 0.01941092
0.89685000 0.01942481
0.89680000 0.01943870
0.89675000 0.01945259
0.89670000 0.01946649
0.89665000 0.01948039
0.89660000 0.01949429
0.89655000 0.01950820
0.89650000 0.01952211
0.89645000 0.01953602
0.89640000 0.01954994
0.89635000 0.01956386
0.89630000 0.01957778
0.89625000 0.01959170
0.89620000 0.01960563
0.89615000 0.01961956
0.89610000 0.01963350
0.89605000 0.01964744
0.89600000 0.01966138
0.89595000 0.01967532
0.89590000 0.01968927
0.89585000 0.01970322
0.89580000 0.01971717
0.89575000 0.01973113
0.89570000 0.01974508
0.89565000 0.01975905
0.89560000 0.01977301
0.89555000 0.01978698
0.89550000 0.01980095
0.89545000 0.01981493
0.89540000 0.01982890
0.89535000 0.01984288
0.89530000 0.01985687
0.89525000 0.01987085
0.89520000 0.01988484
0.89515000 0.01989883
0.89510000 0.01991283
0.89505000 0.01992683
0.89500000 0.01994083
0.89495000 0.01995483
0.89490000 0.01996884
0.89485000 0.01998285
0.89480000 0.01999687
0.89475000 0.02001088
0.89470000 0.02002490
0.89465000 0.02003892
0.89460000 0.02005295
0.89455000 0.02006698
0.89450000 0.02008101
0.89445000 0.02009505
0.89440000 0.02010908
0.89435000 0.02012312
0.89430000 0.02013717
0.89425000 0.02015121
0.89420000 0.02016526
0.89415000 0.02017931
0.89410000 0.02019337
0.89405000 0.02020743
0.89400000 0.02022149
0.89395000 0.02023555
0.89390000 0.02024962
0.89385000 0.02026369
0.89380000 0.02027776
0.89375000 0.02029184
0.89370000 0.02030592
0.89365000 0.02032000
0.89360000 0.02033409
0.89355000 0.02034817
0.89350000 0.02036227
0.89345000 0.02037636
0.89340000 0.02039046
0.89335000 0.02040455
0.89330000 0.02041866
0.89325000 0.02043276
0.89320000 0.02044687
0.89315000 0.02046098
0.89310000 0.02047510
0.89305000 0.02048921
0.89300000 0.02050333
0.89295000 0.02051746
0.89290000 0.02053158
0.89285000 0.02054571
0.89280000 0.02055984
0.89275000 0.02057398
0.89270000 0.02058811
0.89265000 0.02060226
0.89260000 0.02061640
0.89255000 0.02063054
0.89250000 0.02064469
0.89245000 0.02065885
0.89240000 0.02067300
0.89235000 0.02068716
0.89230000 0.02070132
0.89225000 0.02071548
0.89220000 0.02072965
0.89215000 0.02074382
0.89210000 0.02075799
0.89205000 0.02077216
0.89200000 0.02078634
0.89195000 0.02080052
0.89190000 0.02081470
0.89185000 0.02082889
0.89180000 0.02084308
0.89175000 0.02085727
0.89170000 0.02087147
0.89165000 0.02088566
0.89160000 0.02089986
0.89155000 0.02091407
0.89150000 0.02092827
0.89145000 0.02094248
0.89140000 0.02095669
0.89135000 0.02097091
0.89130000 0.02098513
0.89125000 0.02099935
0.89120000 0.02101357
0.89115000 0.02102780
0.89110000 0.02104202
0.89105000 0.02105626
0.89100000 0.02107049
0.89095000 0.02108473
0.89090000 0.02109897
0.89085000 0.02111321
0.89080000 0.02112745
0.89075000 0.02114170
0.89070000 0.02115595
0.89065000 0.02117021
0.89060000 0.02118446
0.89055000 0.02119872
0.89050000 0.02121299
0.89045000 0.02122725
0.89040000 0.02124152
0.89035000 0.02125579
0.89030000 0.02127006
0.89025000 0.02128434
0.89020000 0.02129862
0.89015000 0.02131290
0.89010000 0.02132718
0.89005000 0.02134147
0.89000000 0.02135576
0.88995000 0.02137005
0.88990000 0.02138435
0.88985000 0.02139865
0.88980000 0.02141295
0.88975000 0.02142725
0.88970000 0.02144156
0.88965000 0.02145587
0.88960000 0.02147018
0.88955000 0.02148449
0.88950000 0.02149881
0.88945000 0.02151313
0.88940000 0.02152745
0.88935000 0.02154178
0.88930000 0.02155610
0.88925000 0.02157044
0.88920000 0.02158477
0.88915000 0.02159911
0.88910000 0.02161344
0.88905000 0.02162779
0.88900000 0.02164213
0.88895000 0.02165648
0.88890000 0.02167083
0.88885000 0.02168518
0.88880000 0.02169953
0.88875000 0.02171389
0.88870000 0.02172825
0.88865000 0.02174262
0.88860000 0.02175698
0.88855000 0.02177135
0.88850000 0.02178572
0.88845000 0.02180009
0.88840000 0.02181447
0.88835000 0.02182885
0.88830000 0.02184323
0.88825000 0.02185762
0.88820000 0.02187200
0.88815000 0.02188639
0.88810000 0.02190079
0.88805000 0.02191518
0.88800000 0.02192958
0.88795000 0.02194398
0.88790000 0.02195838
0.88785000 0.02197279
0.88780000 0.02198720
0.88775000 0.02200161
0.88770000 0.02201602
0.88765000 0.02203044
0.88760000 0.02204486
0.88755000 0.02205928
0.88750000 0.02207370
0.88745000 0.02208813
0.88740000 0.02210256
0.88735000 0.02211699
0.88730000 0.02213142
0.88725000 0.02214586
0.88720000 0.02216030
0.88715000 0.02217474
0.88710000 0.02218919
0.88705000 0.02220364
0.88700000 0.02221809
0.88695000 0.02223254
0.88690000 0.02224700
0.88685000 0.02226145
0.88680000 0.02227591
0.88675000 0.02229038
0.88670000 0.02230484
0.88665000 0.02231931
0.88660000 0.02233378
0.88655000 0.02234826
0.88650000 0.02236273
0.88645000 0.02237721
0.88640000 0.02239169
0.88635000 0.02240618
0.88630000 0.02242066
0.88625000 0.02243515
0.88620000 0.02244964
0.88615000 0.02246414
0.88610000 0.02247863
0.88605000 0.02249313
0.88600000 0.02250763
0.88595000 0.02252214
0.88590000 0.02253664
0.88585000 0.02255115
0.88580000 0.02256567
0.88575000 0.02258018
0.88570000 0.02259470
0.88565000 0.02260922
0.88560000 0.02262374
0.88555000 0.02263826
0.88550000 0.02265279
0.88545000 0.02266732
0.88540000 0.02268185
0.88535000 0.02269639
0.88530000 0.02271092
0.88525000 0.02272546
0.88520000 0.02274000
0.88515000 0.02275455
0.88510000 0.02276910
0.88505000 0.02278365
0.88500000 0.02279820
0.88495000 0.02281275
0.88490000 0.02282731
0.88485000 0.02284187
0.88480000 0.02285643
0.88475000 0.02287100
0.88470000 0.02288556
0.88465000 0.02290013
0.88460000 0.02291470
0.88455000 0.02292928
0.88450000 0.02294386
0.88445000 0.02295844
0.88440000 0.02297302
0.88435000 0.02298760
0.88430000 0.02300219
0.88425000 0.02301678
0.88420000 0.02303137
0.88415000 0.02304596
0.88410000 0.02306056
0.88405000 0.02307516
0.88400000 0.02308976
0.88395000 0.02310436
0.88390000 0.02311897
0.88385000 0.02313358
0.88380000 0.02314819
0.88375000 0.02316280
0.88370000 0.02317742
0.88365000 0.02319204
0.88360000 0.02320666
0.88355000 0.02322128
0.88350000 0.02323591
0.88345000 0.02325054
0.88340000 0.02326517
0.88335000 0.02327980
0.88330000 0.02329444
0.88325000 0.02330908
0.88320000 0.02332372
0.88315000 0.02333836
0.88310000 0.02335300
0.88305000 0.02336765
0.88300000 0.02338230
0.88295000 0.02339695
0.88290000 0.02341161
0.88285000 0.02342627
0.88280000 0.02344092
0.88275000 0.02345559
0.88270000 0.02347025
0.88265000 0.02348492
0.88260000 0.02349959
0.88255000 0.02351426
0.88250000 0.02352893
0.88245000 0.02354361
0.88240000 0.02355829
0.88235000 0.02357297
0.88230000 0.02358765
0.88225000 0.02360234
0.88220000 0.02361702
0.88215000 0.02363172
0.88210000 0.02364641
0.88205000 0.02366110
0.88200000 0.02367580
0.88195000 0.02369050
0.88190000 0.02370520
0.88185000 0.02371991
0.88180000 0.02373461
0.88175000 0.02374932
0.88170000 0.02376403
0.88165000 0.02377875
0.88160000 0.02379346
0.88155000 0.02380818
0.88150000 0.02382290
0.88145000 0.02383763
0.88140000 0.02385235
0.88135000 0.02386708
0.88130000 0.02388181
0.88125000 0.02389654
0.88120000 0.02391128
0.88115000 0.02392601
0.88110000 0.02394075
0.88105000 0.02395549
0.88100000 0.02397024
0.88095000 0.02398498
0.88090000 0.02399973
0.88085000 0.02401448
0.88080000 0.02402924
0.88075000 0.02404399
0.88070000 0.02405875
0.88065000 0.02407351
0.88060000 0.02408827
0.88055000 0.02410304
0.88050000 0.02411780
0.88045000 0.02413257
0.88040000 0.02414734
0.88035000 0.02416212
0.88030000 0.02417689
0.88025000 0.02419167
0.88020000 0.02420645
0.88015000 0.02422123
0.88010000 0.02423602
0.88005000 0.02425081
0.88000000 0.02426560
0.87995000 0.02428039
0.87990000 0.02429518
0.87985000 0.02430998
0.87980000 0.02432478
0.87975000 0.02433958
0.87970000 0.02435438
0.87965000 0.02436918
0.87960000 0.02438399
0.87955000 0.02439880
0.87950000 0.02441361
0.87945000 0.02442843
0.87940000 0.02444324
0.87935000 0.02445806
0.87930000 0.02447288
0.87925000 0.02448771
0.87920000 0.02450253
0.87915000 0.02451736
0.87910000 0.02453219
0.87905000 0.02454702
0.87900000 0.02456185
0.87895000 0.02457669
0.87890000 0.02459153
0.87885000 0.02460637
0.87880000 0.02462121
0.87875000 0.02463606
0.87870000 0.02465090
0.87865000 0.02466575
0.87860000 0.02468060
0.87855000 0.02469546
0.87850000 0.02471031
0.87845000 0.02472517
0.87840000 0.02474003
0.87835000 0.02475489
0.87830000 0.02476976
0.87825000 0.02478462
0.87820000 0.02479949
0.87815000 0.02481436
0.87810000 0.02482924
0.87805000 0.02484411
0.87800000 0.02485899
0.87795000 0.02487387
0.87790000 0.02488875
0.87785000 0.02490364
0.87780000 0.02491852
0.87775000 0.02493341
0.87770000 0.02494830
0.87765000 0.02496319
0.87760000 0.02497809
0.87755000 0.02499299
0.87750000 0.02500788
0.87745000 0.02502279
0.87740000 0.02503769
0.87735000 0.02505259
0.87730000 0.02506750
0.87725000 0.02508241
0.87720000 0.02509732
0.87715000 0.02511224
0.87710000 0.02512715
0.87705000 0.02514207
0.87700000 0.02515699
0.87695000 0.02517191
0.87690000 0.02518684
0.87685000 0.02520176
0.87680000 0.02521669
0.87675000 0.02523162
0.87670000 0.02524656
0.87665000 0.02526149
0.87660000 0.02527643
0.87655000 0.02529137
0.87650000 0.02530631
0.87645000 0.02532125
0.87640000 0.02533620
0.87635000 0.02535114
0.87630000 0.02536609
0.87625000 0.02538105
0.87620000 0.02539600
0.87615000 0.02541095
0.87610000 0.02542591
0.87605000 0.02544087
0.87600000 0.02545583
0.87595000 0.02547080
0.87590000 0.02548576
0.87585000 0.02550073
0.87580000 0.02551570
0.87575000 0.02553067
0.87570000 0.02554565
0.87565000 0.02556063
0.87560000 0.02557560
0.87555000 0.02559058
0.87550000 0.02560557
0.87545000 0.02562055
0.87540000 0.02563554
0.87535000 0.02565053
0.87530000 0.02566552
0.87525000 0.02568051
0.87520000 0.02569550
0.87515000 0.02571050
0.87510000 0.02572550
0.87505000 0.02574050
0.87500000 0.02575550
0.87495000 0.02577051
0.87490000 0.02578551
0.87485000 0.02580052
0.87480000 0.02581553
0.87475000 0.02583055
0.87470000 0.02584556
0.87465000 0.02586058
0.87460000 0.02587560
0.87455000 0.02589062
0.87450000 0.02590564
0.87445000 0.02592066
0.87440000 0.02593569
0.87435000 0.02595072
0.87430000 0.02596575
0.87425000 0.02598078
0.87420000 0.02599582
0.87415000 0.02601085
0.87410000 0.02602589
0.87405000 0.02604093
0.87400000 0.02605598
0.87395000 0.02607102
0.87390000 0.02608607
0.87385000 0.02610111
0.87380000 0.02611617
0.87375000 0.02613122
0.87370000 0.02614627
0.87365000 0.02616133
0.87360000 0.02617639
0.87355000 0.02619145
0.87350000 0.02620651
0.87345000 0.02622157
0.87340000 0.02623664
0.87335000 0.02625171
0.87330000 0.02626678
0.87325000 0.02628185
0.87320000 0.02629692
0.87315000 0.02631200
0.87310000 0.02632708
0.87305000 0.02634215
0.87300000 0.02635724
0.87295000 0.02637232
0.87290000 0.02638740
0.87285000 0.02640249
0.87280000 0.02641758
0.87275000 0.02643267
0.87270000 0.02644777
0.87265000 0.02646286
0.87260000 0.02647796
0.87255000 0.02649306
0.87250000 0.02650816
0.87245000 0.02652326
0.87240000 0.02653836
0.87235000 0.02655347
0.87230000 0.02656858
0.87225000 0.02658369
0.87220000 0.02659880
0.87215000 0.02661391
0.87210000 0.02662903
0.87205000 0.02664415
0.87200000 0.02665927
0.87195000 0.02667439
0.87190000 0.02668951
0.87185000 0.02670464
0.87180000 0.02671976
0.87175000 0.02673489
0.87170000 0.02675002
0.87165000 0.02676516
0.87160000 0.02678029
0.87155000 0.02679543
0.87150000 0.02681056
0.87145000 0.02682570
0.87140000 0.02684085
0.87135000 0.02685599
0.87130000 0.02687114
0.87125000 0.02688628
0.87120000 0.02690143
0.87115000 0.02691658
0.87110000 0.02693174
0.87105000 0.02694689
0.87100000 0.02696205
0.87095000 0.02697721
0.87090000 0.02699237
0.87085000 0.02700753
0.87080000 0.02702269
0.87075000 0.02703786
0.87070000 0.02705303
0.87065000 0.02706820
0.87060000 0.02708337
0.87055000 0.02709854
0.87050000 0.02711371
0.87045000 0.02712889
0.87040000 0.02714407
0.87035000 0.02715925
0.87030000 0.02717443
0.87025000 0.02718962
0.87020000 0.02720480
0.87015000 0.02721999
0.87010000 0.02723518
0.87005000 0.02725037
0.87000000 0.02726556
0.86995000 0.02728076
0.86990000 0.02729595
0.86985000 0.02731115
0.86980000 0.02732635
0.86975000 0.02734155
0.86970000 0.02735676
0.86965000 0.02737196
0.86960000 0.02738717
0.86955000 0.02740238
0.86950000 0.02741759
0.86945000 0.02743280
0.86940000 0.02744802
0.86935000 0.02746323
0.86930000 0.02747845
0.86925000 0.02749367
0.86920000 0.02750889
0.86915000 0.02752411
0.86910000 0.02753934
0.86905000 0.02755456
0.86900000 0.02756979
0.86895000 0.02758502
0.86890000 0.02760025
0.86885000 0.02761549
0.86880000 0.02763072
0.86875000 0.02764596
0.86870000 0.02766120
0.86865000 0.02767644
0.86860000 0.02769168
0.86855000 0.02770692
0.86850000 0.02772217
0.86845000 0.02773742
0.86840000 0.02775267
0.86835000 0.02776792
0.86830000 0.02778317
0.86825000 0.02779842
0.86820000 0.02781368
0.86815000 0.02782894
0.86810000 0.02784420
0.86805000 0.02785946
0.86800000 0.02787472
0.86795000 0.02788998
0.86790000 0.02790525
0.86785000 0.02792052
0.86780000 0.02793579
0.86775000 0.02795106
0.86770000 0.02796633
0.86765000 0.02798161
0.86760000 0.02799688
0.86755000 0.02801216
0.86750000 0.02802744
0.86745000 0.02804272
0.86740000 0.02805800
0.86735000 0.02807329
0.86730000 0.02808857
0.86725000 0.02810386
0.86720000 0.02811915
0.86715000 0.02813444
0.86710000 0.02814974
0.86705000 0.02816503
0.86700000 0.02818033
0.86695000 0.02819563
0.86690000 0.02821092
0.86685000 0.02822623
0.86680000 0.02824153
0.86675000 0.02825683
0.86670000 0.02827214
0.86665000 0.02828745
0.86660000 0.02830276
0.86655000 0.02831807
0.86650000 0.02833338
0.86645000 0.02834870
0.86640000 0.02836401
0.86635000 0.02837933
0.86630000 0.02839465
0.86625000 0.02840997
0.86620000 0.02842529
0.86615000 0.02844062
0.86610000 0.02845594
0.86605000 0.02847127
0.86600000 0.02848660
0.86595000 0.02850193
0.86590000 0.02851726
0.86585000 0.02853259
0.86580000 0.02854793
0.86575000 0.02856327
0.86570000 0.02857861
0.86565000 0.02859395
0.86560000 0.02860929
0.86555000 0.02862463
0.86550000 0.02863998
0.86545000 0.02865532
0.86540000 0.02867067
0.86535000 0.02868602
0.86530000 0.02870137
0.86525000 0.02871673
0.86520000 0.02873208
0.86515000 0.02874744
0.86510000 0.02876279
0.86505000 0.02877815
0.86500000 0.02879351
0.86495000 0.02880888
0.86490000 0.02882424
0.86485000 0.02883961
0.86480000 0.02885497
0.86475000 0.02887034
0.86470000 0.02888571
0.86465000 0.02890108
0.86460000 0.02891646
0.86455000 0.02893183
0.86450000 0.02894721
0.86445000 0.02896259
0.86440000 0.02897797
0.86435000 0.02899335
0.86430000 0.02900873
0.86425000 0.02902411
0.86420000 0.02903950
0.86415000 0.02905489
0.86410000 0.02907028
0.86405000 0.02908567
0.86400000 0.02910106
0.86395000 0.02911645
0.86390000 0.02913185
0.86385000 0.02914724
0.86380000 0.02916264
0.86375000 0.02917804
0.86370000 0.02919344
0.86365000 0.02920885
0.86360000 0.02922425
0.86355000 0.02923965
0.86350000 0.02925506
0.86345000 0.02927047
0.86340000 0.02928588
0.86335000 0.02930129
0.86330000 0.02931671
0.86325000 0.02933212
0.86320000 0.02934754
0.86315000 0.02936295
0.86310000 0.02937837
0.86305000 0.02939379
0.86300000 0.02940922
0.86295000 0.02942464
0.86290000 0.02944006
0.86285000 0.02945549
0.86280000 0.02947092
0.86275000 0.02948635
0.86270000 0.02950178
0.86265000 0.02951721
0.86260000 0.02953265
0.86255000 0.02954808
0.86250000 0.02956352
0.86245000 0.02957896
0.86240000 0.02959440
0.86235000 0.02960984
0.86230000 0.02962528
0.86225000 0.02964072
0.86220000 0.02965617
0.86215000 0.02967162
0.86210000 0.02968707
0.86205000 0.02970252
0.86200000 0.02971797
0.86195000 0.02973342
0.86190000 0.02974887
0.86185000 0.02976433
0.86180000 0.02977979
0.86175000 0.02979525
0.86170000 0.02981071
0.86165000 0.02982617
0.86160000 0.02984163
0.86155000 0.02985709
0.86150000 0.02987256
0.86145000 0.02988803
0.86140000 0.02990350
0.86135000 0.02991897
0.86130000 0.02993444
0.86125000 0.02994991
0.86120000 0.02996539
0.86115000 0.02998086
0.86110000 0.02999634
0.86105000 0.03001182
0.86100000 0.03002730
0.86095000 0.03004278
0.86090000 0.03005826
0.86085000 0.03007375
0.86080000 0.03008923
0.86075000 0.03010472
0.86070000 0.03012021
0.86065000 0.03013570
0.86060000 0.03015119
0.86055000 0.03016668
0.86050000 0.03018217
0.86045000 0.03019767
0.86040000 0.03021317
0.86035000 0.03022866
0.86030000 0.03024416
0.86025000 0.03025966
0.86020000 0.03027517
0.86015000 0.03029067
0.86010000 0.03030617
0.86005000 0.03032168
0.86000000 0.03033719
0.85995000 0.03035270
0.85990000 0.03036821
0.85985000 0.03038372
0.85980000 0.03039923
0.85975000 0.03041475
0.85970000 0.03043026
0.85965000 0.03044578
0.85960000 0.03046130
0.85955000 0.03047682
0.85950000 0.03049234
0.85945000 0.03050786
0.85940000 0.03052339
0.85935000 0.03053891
0.85930000 0.03055444
0.85925000 0.03056997
0.85920000 0.03058549
0.85915000 0.03060103
0.85910000 0.03061656
0.85905000 0.03063209
0.85900000 0.03064763
0.85895000 0.03066316
0.85890000 0.03067870
0.85885000 0.03069424
0.85880000 0.03070978
0.85875000 0.03072532
0.85870000 0.03074086
0.85865000 0.03075640
0.85860000 0.03077195
0.85855000 0.03078750
0.85850000 0.03080304
0.85845000 0.03081859
0.85840000 0.03083414
0.85835000 0.03084969
0.85830000 0.03086525
0.85825000 0.03088080
0.85820000 0.03089636
0.85815000 0.03091191
0.85810000 0.03092747
0.85805000 0.03094303
0.85800000 0.03095859
0.85795000 0.03097415
0.85790000 0.03098972
0.85785000 0.03100528
0.85780000 0.03102085
0.85775000 0.03103641
0.85770000 0.03105198
0.85765000 0.03106755
0.85760000 0.03108312
0.85755000 0.03109869
0.85750000 0.03111427
0.85745000 0.03112984
0.85740000 0.03114542
0.85735000 0.03116099
0.85730000 0.03117657
0.85725000 0.03119215
0.85720000 0.03120773
0.85715000 0.03122332
0.85710000 0.03123890
0.85705000 0.03125448
0.85700000 0.03127007
0.85695000 0.03128566
0.85690000 0.03130125
0.85685000 0.03131684
0.85680000 0.03133243
0.85675000 0.03134802
0.85670000 0.03136361
0.85665000 0.03137921
0.85660000 0.03139480
0.85655000 0.03141040
0.85650000 0.03142600
0.85645000 0.03144160
0.85640000 0.03145720
0.85635000 0.03147280
0.85630000 0.03148840
0.85625000 0.03150401
0.85620000 0.03151961
0.85615000 0.03153522
0.85610000 0.03155083
0.85605000 0.03156644
0.85600000 0.03158205
0.85595000 0.03159766
0.85590000 0.03161327
0.85585000 0.03162888
0.85580000 0.03164450
0.85575000 0.03166012
0.85570000 0.03167573
0.85565000 0.03169135
0.85560000 0.03170697
0.85555000 0.03172259
0.85550000 0.03173822
0.85545000 0.03175384
0.85540000 0.03176946
0.85535000 0.03178509
0.85530000 0.03180072
0.85525000 0.03181635
0.85520000 0.03183197
0.85515000 0.03184760
0.85510000 0.03186324
0.85505000 0.03187887
0.85500000 0.03189450
0.85495000 0.03191014
0.85490000 0.03192578
0.85485000 0.03194141
0.85480000 0.03195705
0.85475000 0.03197269
0.85470000 0.03198833
0.85465000 0.03200397
0.85460000 0.03201962
0.85455000 0.03203526
0.85450000 0.03205091
0.85445000 0.03206655
0.85440000 0.03208220
0.85435000 0.03209785
0.85430000 0.03211350
0.85425000 0.03212915
0.85420000 0.03214481
0.85415000 0.03216046
0.85410000 0.03217611
0.85405000 0.03219177
0.85400000 0.03220743
0.85395000 0.03222308
0.85390000 0.03223874
0.85385000 0.03225440
0.85380000 0.03227007
0.85375000 0.03228573
0.85370000 0.03230139
0.85365000 0.03231706
0.85360000 0.03233272
0.85355000 0.03234839
0.85350000 0.03236406
0.85345000 0.03237973
0.85340000 0.03239540
0.85335000 0.03241107
0.85330000 0.03242674
0.85325000 0.03244242
0.85320000 0.03245809
0.85315000 0.03247377
0.85310000 0.03248944
0.85305000 0.03250512
0.85300000 0.03252080
0.85295000 0.03253648
0.85290000 0.03255216
0.85285000 0.03256784
0.85280000 0.03258353
0.85275000 0.03259921
0.85270000 0.03261490
0.85265000 0.03263058
0.85260000 0.03264627
0.85255000 0.03266196
0.85250000 0.03267765
0.85245000 0.03269334
0.85240000 0.03270903
0.85235000 0.03272473
0.85230000 0.03274042
0.85225000 0.03275612
0.85220000 0.03277181
0.85215000 0.03278751
0.85210000 0.03280321
0.85205000 0.03281891
0.85200000 0.03283461
0.85195000 0.03285031
0.85190000 0.03286601
0.85185000 0.03288172
0.85180000 0.03289742
0.85175000 0.03291313
0.85170000 0.03292883
0.85165000 0.03294454
0.85160000 0.03296025
0.85155000 0.03297596
0.85150000 0.03299167
0.85145000 0.03300738
0.85140000 0.03302310
0.85135000 0.03303881
0.85130000 0.03305452
0.85125000 0.03307024
0.85120000 0.03308596
0.85115000 0.03310168
0.85110000 0.03311739
0.85105000 0.03313311
0.85100000 0.03314884
0.85095000 0.03316456
0.85090000 0.03318028
0.85085000 0.03319600
0.85080000 0.03321173
0.85075000 0.03322746
0.85070000 0.03324318
0.85065000 0.03325891
0.85060000 0.03327464
0.85055000 0.03329037
0.85050000 0.03330610
0.85045000 0.03332183
0.85040000 0.03333757
0.85035000 0.03335330
0.85030000 0.03336904
0.85025000 0.03338477
0.85020000 0.03340051
0.85015000 0.03341625
0.85010000 0.03343199
0.85005000 0.03344773
0.85000000 0.03346347
0.84995000 0.03347921
0.84990000 0.03349495
0.84985000 0.03351070
0.84980000 0.03352644
0.84975000 0.03354219
0.84970000 0.03355793
0.84965000 0.03357368
0.84960000 0.03358943
0.84955000 0.03360518
0.84950000 0.03362093
0.84945000 0.03363668
0.84940000 0.03365243
0.84935000 0.03366819
0.84930000 0.03368394
0.84925000 0.03369970
0.84920000 0.03371545
0.84915000 0.03373121
0.84910000 0.03374697
0.84905000 0.03376273
0.84900000 0.03377849
0.84895000 0.03379425
0.84890000 0.03381001
0.84885000 0.03382577
0.84880000 0.03384154
0.84875000 0.03385730
0.84870000 0.03387307
0.84865000 0.03388883
0.84860000 0.03390460
0.84855000 0.03392037
0.84850000 0.03393614
0.84845000 0.03395191
0.84840000 0.03396768
0.84835000 0.03398345
0.84830000 0.03399923
0.84825000 0.03401500
0.84820000 0.03403078
0.84815000 0.03404655
0.84810000 0.03406233
0.84805000 0.03407811
0.84800000 0.03409388
0.84795000 0.03410966
0.84790000 0.03412544
0.84785000 0.03414122
0.84780000 0.03415701
0.84775000 0.03417279
0.84770000 0.03418857
0.84765000 0.03420436
0.84760000 0.03422014
0.84755000 0.03423593
0.84750000 0.03425172
0.84745000 0.03426751
0.84740000 0.03428329
0.84735000 0.03429908
0.84730000 0.03431488
0.84725000 0.03433067
0.84720000 0.03434646
0.84715000 0.03436225
0.84710000 0.03437805
0.84705000 0.03439384
0.84700000 0.03440964
0.84695000 0.03442544
0.84690000 0.03444123
0.84685000 0.03445703
0.84680000 0.03447283
0.84675000 0.03448863
0.84670000 0.03450443
0.84665000 0.03452024
0.84660000 0.03453604
0.84655000 0.03455184
0.84650000 0.03456765
0.84645000 0.03458345
0.84640000 0.03459926
0.84635000 0.03461507
0.84630000 0.03463087
0.84625000 0.03464668
0.84620000 0.03466249
0.84615000 0.03467830
0.84610000 0.03469411
0.84605000 0.03470993
0.84600000 0.03472574
0.84595000 0.03474155
0.84590000 0.03475737
0.84585000 0.03477318
0.84580000 0.03478900
0.84575000 0.03480482
0.84570000 0.03482063
0.84565000 0.03483645
0.84560000 0.03485227
0.84555000 0.03486809
0.84550000 0.03488391
0.84545000 0.03489974
0.84540000 0.03491556
0.84535000 0.03493138
0.84530000 0.03494721
0.84525000 0.03496303
0.84520000 0.03497886
0.84515000 0.03499469
0.84510000 0.03501051
0.84505000 0.03502634
0.84500000 0.03504217
0.84495000 0.03505800
0.84490000 0.03507383
0.84485000 0.03508966
0.84480000 0.03510550
0.84475000 0.03512133
0.84470000 0.03513716
0.84465000 0.03515300
0.84460000 0.03516883
0.84455000 0.03518467
0.84450000 0.03520051
0.84445000 0.03521634
0.84440000 0.03523218
0.84435000 0.03524802
0.84430000 0.03526386
0.84425000 0.03527970
0.84420000 0.03529554
0.84415000 0.03531139
0.84410000 0.03532723
0.84405000 0.03534307
0.84400000 0.03535892
0.84395000 0.03537476
0.84390000 0.03539061
0.84385000 0.03540646
0.84380000 0.03542230
0.84375000 0.03543815
0.84370000 0.03545400
0.84365000 0.03546985
0.84360000 0.03548570
0.84355000 0.03550155
0.84350000 0.03551741
0.84345000 0.03553326
0.84340000 0.03554911
0.84335000 0.03556497
0.84330000 0.03558082
0.84325000 0.03559668
0.84320000 0.03561253
0.84315000 0.03562839
0.84310000 0.03564425
0.84305000 0.03566011
0.84300000 0.03567597
0.84295000 0.03569183
0.84290000 0.03570769
0.84285000 0.03572355
0.84280000 0.03573941
0.84275000 0.03575528
0.84270000 0.03577114
0.84265000 0.03578700
0.84260000 0.03580287
0.84255000 0.03581873
0.84250000 0.03583460
0.84245000 0.03585047
0.84240000 0.03586634
0.84235000 0.03588221
0.84230000 0.03589807
0.84225000 0.03591394
0.84220000 0.03592982
0.84215000 0.03594569
0.84210000 0.03596156
0.84205000 0.03597743
0.84200000 0.03599331
0.84195000 0.03600918
0.84190000 0.03602505
0.84185000 0.03604093
0.84180000 0.03605681
0.84175000 0.03607268
0.84170000 0.03608856
0.84165000 0.03610444
0.84160000 0.03612032
0.84155000 0.03613620
0.84150000 0.03615208
0.84145000 0.03616796
0.84140000 0.03618384
0.84135000 0.03619972
0.84130000 0.03621561
0.84125000 0.03623149
0.84120000 0.03624737
0.84115000 0.03626326
0.84110000 0.03627914
0.84105000 0.03629503
0.84100000 0.03631092
0.84095000 0.03632680
0.84090000 0.03634269
0.84085000 0.03635858
0.84080000 0.03637447
0.84075000 0.03639036
0.84070000 0.03640625
0.84065000 0.03642214
0.84060000 0.03643804
0.84055000 0.03645393
0.84050000 0.03646982
0.84045000 0.03648572
0.84040000 0.03650161
0.84035000 0.03651751
0.84030000 0.03653340
0.84025000 0.03654930
0.84020000 0.03656519
0.84015000 0.03658109
0.84010000 0.03659699
0.84005000 0.03661289
0.84000000 0.03662879
0.83995000 0.03664469
0.83990000 0.03666059
0.83985000 0.03667649
0.83980000 0.03669239
0.83975000 0.03670830
0.83970000 0.03672420
0.83965000 0.03674010
0.83960000 0.03675601
0.83955000 0.03677191
0.83950000 0.03678782
0.83945000 0.03680372
0.83940000 0.03681963
0.83935000 0.03683554
0.83930000 0.03685145
0.83925000 0.03686736
0.83920000 0.03688327
0.83915000 0.03689918
0.83910000 0.03691509
0.83905000 0.03693100
0.83900000 0.03694691
0.83895000 0.03696282
0.83890000 0.03697873
0.83885000 0.03699465
0.83880000 0.03701056
0.83875000 0.03702647
0.83870000 0.03704239
0.83865000 0.03705831
0.83860000 0.03707422
0.83855000 0.03709014
0.83850000 0.03710606
0.83845000 0.03712197
0.83840000 0.03713789
0.83835000 0.03715381
0.83830000 0.03716973
0.83825000 0.03718565
0.83820000 0.03720157
0.83815000 0.03721749
0.83810000 0.03723341
0.83805000 0.03724934
0.83800000 0.03726526
0.83795000 0.03728118
0.83790000 0.03729711
0.83785000 0.03731303
0.83780000 0.03732896
0.83775000 0.03734488
0.83770000 0.03736081
0.83765000 0.03737674
0.83760000 0.03739266
0.83755000 0.03740859
0.83750000 0.03742452
0.83745000 0.03744045
0.83740000 0.03745638
0.83735000 0.03747231
0.83730000 0.03748824
0.83725000 0.03750417
0.83720000 0.03752010
0.83715000 0.03753603
0.83710000 0.03755196
0.83705000 0.03756790
0.83700000 0.03758383
0.83695000 0.03759977
0.83690000 0.03761570
0.83685000 0.03763164
0.83680000 0.03764757
0.83675000 0.03766351
0.83670000 0.03767944
0.83665000 0.03769538
0.83660000 0.03771132
0.83655000 0.03772726
0.83650000 0.03774320
0.83645000 0.03775913
0.83640000 0.03777507
0.83635000 0.03779101
0.83630000 0.03780695
0.83625000 0.03782290
0.83620000 0.03783884
0.83615000 0.03785478
0.83610000 0.03787072
0.83605000 0.03788667
0.83600000 0.03790261
0.83595000 0.03791855
0.83590000 0.03793450
0.83585000 0.03795044
0.83580000 0.03796639
0.83575000 0.03798233
0.83570000 0.03799828
0.83565000 0.03801423
0.83560000 0.03803018
0.83555000 0.03804612
0.83550000 0.03806207
0.83545000 0.03807802
0.83540000 0.03809397
0.83535000 0.03810992
0.83530000 0.03812587
0.83525000 0.03814182
0.83520000 0.03815777
0.83515000 0.03817372
0.83510000 0.03818967
0.83505000 0.03820563
0.83500000 0.03822158
0.83495000 0.03823753
0.83490000 0.03825349
0.83485000 0.03826944
0.83480000 0.03828540
0.83475000 0.03830135
0.83470000 0.03831731
0.83465000 0.03833326
0.83460000 0.03834922
0.83455000 0.03836518
0.83450000 0.03838113
0.83445000 0.03839709
0.83440000 0.03841305
0.83435000 0.03842901
0.83430000 0.03844497
0.83425000 0.03846093
0.83420000 0.03847689
0.83415000 0.03849285
0.83410000 0.03850881
0.83405000 0.03852477
0.83400000 0.03854073
0.83395000 0.03855669
0.83390000 0.03857266
0.83385000 0.03858862
0.83380000 0.03860458
0.83375000 0.03862055
0.83370000 0.03863651
0.83365000 0.03865247
0.83360000 0.03866844
0.83355000 0.03868440
0.83350000 0.03870037
0.83345000 0.03871634
0.83340000 0.03873230
0.83335000 0.03874827
0.83330000 0.03876424
0.83325000 0.03878020
0.83320000 0.03879617
0.83315000 0.03881214
0.83310000 0.03882811
0.83305000 0.03884408
0.83300000 0.03886005
0.83295000 0.03887602
0.83290000 0.03889199
0.83285000 0.03890796
0.83280000 0.03892393
0.83275000 0.03893990
0.83270000 0.03895588
0.83265000 0.03897185
0.83260000 0.03898782
0.83255000 0.03900379
0.83250000 0.03901977
0.83245000 0.03903574
0.83240000 0.03905171
0.83235000 0.03906769
0.83230000 0.03908366
0.83225000 0.03909964
0.83220000 0.03911562
0.83215000 0.03913159
0.83210000 0.03914757
0.83205000 0.03916354
0.83200000 0.03917952
0.83195000 0.03919550
0.83190000 0.03921148
0.83185000 0.03922745
0.83180000 0.03924343
0.83175000 0.03925941
0.83170000 0.03927539
0.83165000 0.03929137
0.83160000 0.03930735
0.83155000 0.03932333
0.83150000 0.03933931
0.83145000 0.03935529
0.83140000 0.03937127
0.83135000 0.03938726
0.83130000 0.03940324
0.83125000 0.03941922
0.83120000 0.03943520
0.83115000 0.03945118
0.83110000 0.03946717
0.83105000 0.03948315
0.83100000 0.03949914
0.83095000 0.03951512
0.83090000 0.03953110
0.83085000 0.03954709
0.83080000 0.03956307
0.83075000 0.03957906
0.83070000 0.03959505
0.83065000 0.03961103
0.83060000 0.03962702
0.83055000 0.03964300
0.83050000 0.03965899
0.83045000 0.03967498
0.83040000 0.03969097
0.83035000 0.03970695
0.83030000 0.03972294
0.83025000 0.03973893
0.83020000 0.03975492
0.83015000 0.03977091
0.83010000 0.03978690
0.83005000 0.03980289
0.83000000 0.03981888
0.82995000 0.03983487
0.82990000 0.03985086
0.82985000 0.03986685
0.82980000 0.03988284
0.82975000 0.03989883
0.82970000 0.03991482
0.82965000 0.03993082
0.82960000 0.03994681
0.82955000 0.03996280
0.82950000 0.03997879
0.82945000 0.03999479
0.82940000 0.04001078
0.82935000 0.04002677
0.82930000 0.04004277
0.82925000 0.04005876
0.82920000 0.04007476
0.82915000 0.04009075
0.82910000 0.04010675
0.82905000 0.04012274
0.82900000 0.04013874
0.82895000 0.04015473
0.82890000 0.04017073
0.82885000 0.04018673
0.82880000 0.04020272
0.82875000 0.04021872
0.82870000 0.04023472
0.82865000 0.04025071
0.82860000 0.04026671
0.82855000 0.04028271
0.82850000 0.04029871
0.82845000 0.04031471
0.82840000 0.04033070
0.82835000 0.04034670
0.82830000 0.04036270
0.82825000 0.04037870
0.82820000 0.04039470
0.82815000 0.04041070
0.82810000 0.04042670
0.82805000 0.04044270
0.82800000 0.04045870
0.82795000 0.04047470
0.82790000 0.04049070
0.82785000 0.04050671
0.82780000 0.04052271
0.82775000 0.04053871
0.82770000 0.04055471
0.82765000 0.04057071
0.82760000 0.04058671
0.82755000 0.04060272
0.82750000 0.04061872
0.82745000 0.04063472
0.82740000 0.04065073
0.82735000 0.04066673
0.82730000 0.04068273
0.82725000 0.04069874
0.82720000 0.04071474
0.82715000 0.04073074
0.82710000 0.04074675
0.82705000 0.04076275
0.82700000 0.04077876
0.82695000 0.04079476
0.82690000 0.04081077
0.82685000 0.04082677
0.82680000 0.04084278
0.82675000 0.04085879
0.82670000 0.04087479
0.82665000 0.04089080
0.82660000 0.04090680
0.82655000 0.04092281
0.82650000 0.04093882
0.82645000 0.04095482
0.82640000 0.04097083
0.82635000 0.04098684
0.82630000 0.04100285
0.82625000 0.04101885
0.82620000 0.04103486
0.82615000 0.04105087
0.82610000 0.04106688
0.82605000 0.04108289
0.82600000 0.04109889
0.82595000 0.04111490
0.82590000 0.04113091
0.82585000 0.04114692
0.82580000 0.04116293
0.82575000 0.04117894
0.82570000 0.04119495
0.82565000 0.04121096
0.82560000 0.04122697
0.82555000 0.04124298
0.82550000 0.04125899
0.82545000 0.04127500
0.82540000 0.04129101
0.82535000 0.04130702
0.82530000 0.04132303
0.82525000 0.04133904
0.82520000 0.04135505
0.82515000 0.04137106
0.82510000 0.04138708
0.82505000 0.04140309
0.82500000 0.04141910
0.82495000 0.04143511
0.82490000 0.04145112
0.82485000 0.04146713
0.82480000 0.04148315
0.82475000 0.04149916
0.82470000 0.04151517
0.82465000 0.04153118
0.82460000 0.04154720
0.82455000 0.04156321
0.82450000 0.04157922
0.82445000 0.04159523
0.82440000 0.04161125
0.82435000 0.04162726
0.82430000 0.04164328
0.82425000 0.04165929
0.82420000 0.04167530
0.82415000 0.04169132
0.82410000 0.04170733
0.82405000 0.04172334
0.82400000 0.04173936
0.82395000 0.04175537
0.82390000 0.04177139
0.82385000 0.04178740
0.82380000 0.04180342
0.82375000 0.04181943
0.82370000 0.04183545
0.82365000 0.04185146
0.82360000 0.04186748
0.82355000 0.04188349
0.82350000 0.04189951
0.82345000 0.04191552
0.82340000 0.04193154
0.82335000 0.04194755
0.82330000 0.04196357
0.82325000 0.04197958
0.82320000 0.04199560
0.82315000 0.04201161
0.82310000 0.04202763
0.82305000 0.04204365
0.82300000 0.04205966
0.82295000 0.04207568
0.82290000 0.04209170
0.82285000 0.04210771
0.82280000 0.04212373
0.82275000 0.04213974
0.82270000 0.04215576
0.82265000 0.04217178
0.82260000 0.04218779
0.82255000 0.04220381
0.82250000 0.04221983
0.82245000 0.04223584
0.82240000 0.04225186
0.82235000 0.04226788
0.82230000 0.04228390
0.82225000 0.04229991
0.82220000 0.04231593
0.82215000 0.04233195
0.82210000 0.04234797
0.82205000 0.04236398
0.82200000 0.04238000
0.82195000 0.04239602
0.82190000 0.04241204
0.82185000 0.04242805
0.82180000 0.04244407
0.82175000 0.04246009
0.82170000 0.04247611
0.82165000 0.04249212
0.82160000 0.04250814
0.82155000 0.04252416
0.82150000 0.04254018
0.82145000 0.04255620
0.82140000 0.04257221
0.82135000 0.04258823
0.82130000 0.04260425
0.82125000 0.04262027
0.82120000 0.04263629
0.82115000 0.04265230
0.82110000 0.04266832
0.82105000 0.04268434
0.82100000 0.04270036
0.82095000 0.04271638
0.82090000 0.04273240
0.82085000 0.04274841
0.82080000 0.04276443
0.82075000 0.04278045
0.82070000 0.04279647
0.82065000 0.04281249
0.82060000 0.04282851
0.82055000 0.04284452
0.82050000 0.04286054
0.82045000 0.04287656
0.82040000 0.04289258
0.82035000 0.04290860
0.82030000 0.04292462
0.82025000 0.04294063
0.82020000 0.04295665
0.82015000 0.04297267
0.82010000 0.04298869
0.82005000 0.04300471
0.82000000 0.04302073
0.81995000 0.04303675
0.81990000 0.04305276
0.81985000 0.04306878
0.81980000 0.04308480
0.81975000 0.04310082
0.81970000 0.04311684
0.81965000 0.04313286
0.81960000 0.04314887
0.81955000 0.04316489
0.81950000 0.04318091
0.81945000 0.04319693
0.81940000 0.04321295
0.81935000 0.04322897
0.81930000 0.04324499
0.81925000 0.04326100
0.81920000 0.04327702
0.81915000 0.04329304
0.81910000 0.04330906
0.81905000 0.04332508
0.81900000 0.04334109
0.81895000 0.04335711
0.81890000 0.04337313
0.81885000 0.04338915
0.81880000 0.04340517
0.81875000 0.04342118
0.81870000 0.04343720
0.81865000 0.04345322
0.81860000 0.04346924
0.81855000 0.04348526
0.81850000 0.04350127
0.81845000 0.04351729
0.81840000 0.04353331
0.81835000 0.04354933
0.81830000 0.04356534
0.81825000 0.04358136
0.81820000 0.04359738
0.81815000 0.04361340
0.81810000 0.04362941
0.81805000 0.04364543
0.81800000 0.04366145
0.81795000 0.04367747
0.81790000 0.04369348
0.81785000 0.04370950
0.81780000 0.04372552
0.81775000 0.04374153
0.81770000 0.04375755
0.81765000 0.04377357
0.81760000 0.04378958
0.81755000 0.04380560
0.81750000 0.04382162
0.81745000 0.04383763
0.81740000 0.04385365
0.81735000 0.04386967
0.81730000 0.04388568
0.81725000 0.04390170
0.81720000 0.04391772
0.81715000 0.04393373
0.81710000 0.04394975
0.81705000 0.04396576
0.81700000 0.04398178
0.81695000 0.04399780
0.81690000 0.04401381
0.81685000 0.04402983
0.81680000 0.04404584
0.81675000 0.04406186
0.81670000 0.04407787
0.81665000 0.04409389
0.81660000 0.04410990
0.81655000 0.04412592
0.81650000 0.04414193
0.81645000 0.04415795
0.81640000 0.04417396
0.81635000 0.04418998
0.81630000 0.04420599
0.81625000 0.04422201
0.81620000 0.04423802
0.81615000 0.04425403
0.81610000 0.04427005
0.81605000 0.04428606
0.81600000 0.04430208
0.81595000 0.04431809
0.81590000 0.04433410
0.81585000 0.04435012
0.81580000 0.04436613
0.81575000 0.04438214
0.81570000 0.04439816
0.81565000 0.04441417
0.81560000 0.04443018
0.81555000 0.04444620
0.81550000 0.04446221
0.81545000 0.04447822
0.81540000 0.04449423
0.81535000 0.04451025
0.81530000 0.04452626
0.81525000 0.04454227
0.81520000 0.04455828
0.81515000 0.04457429
0.81510000 0.04459030
0.81505000 0.04460632
0.81500000 0.04462233
0.81495000 0.04463834
0.81490000 0.04465435
0.81485000 0.04467036
0.81480000 0.04468637
0.81475000 0.04470238
0.81470000 0.04471839
0.81465000 0.04473440
0.81460000 0.04475041
0.81455000 0.04476642
0.81450000 0.04478243
0.81445000 0.04479844
0.81440000 0.04481445
0.81435000 0.04483046
0.81430000 0.04484647
0.81425000 0.04486248
0.81420000 0.04487849
0.81415000 0.04489450
0.81410000 0.04491051
0.81405000 0.04492651
0.81400000 0.04494252
0.81395000 0.04495853
0.81390000 0.04497454
0.81385000 0.04499055
0.81380000 0.04500655
0.81375000 0.04502256
0.81370000 0.04503857
0.81365000 0.04505458
0.81360000 0.04507058
0.81355000 0.04508659
0.81350000 0.04510260
0.81345000 0.04511860
0.81340000 0.04513461
0.81335000 0.04515061
0.81330000 0.04516662
0.81325000 0.04518263
0.81320000 0.04519863
0.81315000 0.04521464
0.81310000 0.04523064
0.81305000 0.04524665
0.81300000 0.04526265
0.81295000 0.04527866
0.81290000 0.04529466
0.81285000 0.04531066
0.81280000 0.04532667
0.81275000 0.04534267
0.81270000 0.04535868
0.81265000 0.04537468
0.81260000 0.04539068
0.81255000 0.04540668
0.81250000 0.04542269
0.81245000 0.04543869
0.81240000 0.04545469
0.81235000 0.04547069
0.81230000 0.04548670
0.81225000 0.04550270
0.81220000 0.04551870
0.81215000 0.04553470
0.81210000 0.04555070
0.81205000 0.04556670
0.81200000 0.04558270
0.81195000 0.04559870
0.81190000 0.04561470
0.81185000 0.04563070
0.81180000 0.04564670
0.81175000 0.04566270
0.81170000 0.04567870
0.81165000 0.04569470
0.81160000 0.04571070
0.81155000 0.04572670
0.81150000 0.04574270
0.81145000 0.04575869
0.81140000 0.04577469
0.81135000 0.04579069
0.81130000 0.04580669
0.81125000 0.04582268
0.81120000 0.04583868
0.81115000 0.04585468
0.81110000 0.04587067
0.81105000 0.04588667
0.81100000 0.04590267
0.81095000 0.04591866
0.81090000 0.04593466
0.81085000 0.04595065
0.81080000 0.04596665
0.81075000 0.04598264
0.81070000 0.04599864
0.81065000 0.04601463
0.81060000 0.04603063
0.81055000 0.04604662
0.81050000 0.04606261
0.81045000 0.04607861
0.81040000 0.04609460
0.81035000 0.04611059
0.81030000 0.04612658
0.81025000 0.04614258
0.81020000 0.04615857
0.81015000 0.04617456
0.81010000 0.04619055
0.81005000 0.04620654
0.81000000 0.04622253
0.80995000 0.04623852
0.80990000 0.04625451
0.80985000 0.04627050
0.80980000 0.04628649
0.80975000 0.04630248
0.80970000 0.04631847
0.80965000 0.04633446
0.80960000 0.04635045
0.80955000 0.04636644
0.80950000 0.04638243
0.80945000 0.04639841
0.80940000 0.04641440
0.80935000 0.04643039
0.80930000 0.04644638
0.80925000 0.04646236
0.80920000 0.04647835
0.80915000 0.04649433
0.80910000 0.04651032
0.80905000 0.04652631
0.80900000 0.04654229
0.80895000 0.04655828
0.80890000 0.04657426
0.80885000 0.04659025
0.80880000 0.04660623
0.80875000 0.04662221
0.80870000 0.04663820
0.80865000 0.04665418
0.80860000 0.04667016
0.80855000 0.04668614
0.80850000 0.04670213
0.80845000 0.04671811
0.80840000 0.04673409
0.80835000 0.04675007
0.80830000 0.04676605
0.80825000 0.04678203
0.80820000 0.04679801
0.80815000 0.04681399
0.80810000 0.04682997
0.80805000 0.04684595
0.80800000 0.04686193
0.80795000 0.04687791
0.80790000 0.04689389
0.80785000 0.04690987
0.80780000 0.04692584
0.80775000 0.04694182
0.80770000 0.04695780
0.80765000 0.04697378
0.80760000 0.04698975
0.80755000 0.04700573
0.80750000 0.04702170
0.80745000 0.04703768
0.80740000 0.04705366
0.80735000 0.04706963
0.80730000 0.04708560
0.80725000 0.04710158
0.80720000 0.04711755
0.80715000 0.04713353
0.80710000 0.04714950
0.80705000 0.04716547
0.80700000 0.04718144
0.80695000 0.04719742
0.80690000 0.04721339
0.80685000 0.04722936
0.80680000 0.04724533
0.80675000 0.04726130
0.80670000 0.04727727
0.80665000 0.04729324
0.80660000 0.04730921
0.80655000 0.04732518
0.80650000 0.04734115
0.80645000 0.04735712
0.80640000 0.04737309
0.80635000 0.04738905
0.80630000 0.04740502
0.80625000 0.04742099
0.80620000 0.04743696
0.80615000 0.04745292
0.80610000 0.04746889
0.80605000 0.04748485
0.80600000 0.04750082
0.80595000 0.04751678
0.80590000 0.04753275
0.80585000 0.04754871
0.80580000 0.04756468
0.80575000 0.04758064
0.80570000 0.04759660
0.80565000 0.04761257
0.80560000 0.04762853
0.80555000 0.04764449
0.80550000 0.04766045
0.80545000 0.04767641
0.80540000 0.04769237
0.80535000 0.04770833
0.80530000 0.04772429
0.80525000 0.04774025
0.80520000 0.04775621
0.80515000 0.04777217
0.80510000 0.04778813
0.80505000 0.04780409
0.80500000 0.04782005
0.80495000 0.04783600
0.80490000 0.04785196
0.80485000 0.04786792
0.80480000 0.04788387
0.80475000 0.04789983
0.80470000 0.04791578
0.80465000 0.04793174
0.80460000 0.04794769
0.80455000 0.04796365
0.80450000 0.04797960
0.80445000 0.04799555
0.80440000 0.04801151
0.80435000 0.04802746
0.80430000 0.04804341
0.80425000 0.04805936
0.80420000 0.04807532
0.80415000 0.04809127
0.80410000 0.04810722
0.80405000 0.04812317
0.80400000 0.04813912
0.80395000 0.04815507
0.80390000 0.04817101
0.80385000 0.04818696
0.80380000 0.04820291
0.80375000 0.04821886
0.80370000 0.04823481
0.80365000 0.04825075
0.80360000 0.04826670
0.80355000 0.04828264
0.80350000 0.04829859
0.80345000 0.04831453
0.80340000 0.04833048
0.80335000 0.04834642
0.80330000 0.04836237
0.80325000 0.04837831
0.80320000 0.04839425
0.80315000 0.04841020
0.80310000 0.04842614
0.80305000 0.04844208
0.80300000 0.04845802
0.80295000 0.04847396
0.80290000 0.04848990
0.80285000 0.04850584
0.80280000 0.04852178
0.80275000 0.04853772
0.80270000 0.04855366
0.80265000 0.04856959
0.80260000 0.04858553
0.80255000 0.04860147
0.80250000 0.04861741
0.80245000 0.04863334
0.80240000 0.04864928
0.80235000 0.04866521
0.80230000 0.04868115
0.80225000 0.04869708
0.80220000 0.04871302
0.80215000 0.04872895
0.80210000 0.04874488
0.80205000 0.04876082
0.80200000 0.04877675
0.80195000 0.04879268
0.80190000 0.04880861
0.80185000 0.04882454
0.80180000 0.04884047
0.80175000 0.04885640
0.80170000 0.04887233
0.80165000 0.04888826
0.80160000 0.04890419
0.80155000 0.04892011
0.80150000 0.04893604
0.80145000 0.04895197
0.80140000 0.04896790
0.80135000 0.04898382
0.80130000 0.04899975
0.80125000 0.04901567
0.80120000 0.04903160
0.80115000 0.04904752
0.80110000 0.04906344
0.80105000 0.04907937
0.80100000 0.04909529
0.80095000 0.04911121
0.80090000 0.04912713
0.80085000 0.04914305
0.80080000 0.04915897
0.80075000 0.04917490
0.80070000 0.04919081
0.80065000 0.04920673
0.80060000 0.04922265
0.80055000 0.04923857
0.80050000 0.04925449
0.80045000 0.04927041
0.80040000 0.04928632
0.80035000 0.04930224
0.80030000 0.04931815
0.80025000 0.04933407
0.80020000 0.04934998
0.80015000 0.04936590
0.80010000 0.04938181
0.80005000 0.04939772
0.80000000 0.04941364
0.79995000 0.04942955
0.79990000 0.04944546
0.79985000 0.04946137
0.79980000 0.04947728
0.79975000 0.04949319
0.79970000 0.04950910
0.79965000 0.04952501
0.79960000 0.04954092
0.79955000 0.04955683
0.79950000 0.04957274
0.79945000 0.04958864
0.79940000 0.04960455
0.79935000 0.04962045
0.79930000 0.04963636
0.79925000 0.04965226
0.79920000 0.04966817
0.79915000 0.04968407
0.79910000 0.04969998
0.79905000 0.04971588
0.79900000 0.04973178
0.79895000 0.04974768
0.79890000 0.04976358
0.79885000 0.04977948
0.79880000 0.04979538
0.79875000 0.04981128
0.79870000 0.04982718
0.79865000 0.04984308
0.79860000 0.04985898
0.79855000 0.04987488
0.79850000 0.04989077
0.79845000 0.04990667
0.79840000 0.04992257
0.79835000 0.04993846
0.79830000 0.04995436
0.79825000 0.04997025
0.79820000 0.04998614
0.79815000 0.05000204
0.79810000 0.05001793
0.79805000 0.05003382
0.79800000 0.05004971
0.79795000 0.05006560
0.79790000 0.05008149
0.79785000 0.05009738
0.79780000 0.05011327
0.79775000 0.05012916
0.79770000 0.05014505
0.79765000 0.05016094
0.79760000 0.05017682
0.79755000 0.05019271
0.79750000 0.05020860
0.79745000 0.05022448
0.79740000 0.05024037
0.79735000 0.05025625
0.79730000 0.05027213
0.79725000 0.05028802
0.79720000 0.05030390
0.79715000 0.05031978
0.79710000 0.05033566
0.79705000 0.05035154
0.79700000 0.05036742
0.79695000 0.05038330
0.79690000 0.05039918
0.79685000 0.05041506
0.79680000 0.05043094
0.79675000 0.05044681
0.79670000 0.05046269
0.79665000 0.05047857
0.79660000 0.05049444
0.79655000 0.05051032
0.79650000 0.05052619
0.79645000 0.05054207
0.79640000 0.05055794
0.79635000 0.05057381
0.79630000 0.05058968
0.79625000 0.05060555
0.79620000 0.05062143
0.79615000 0.05063730
0.79610000 0.05065316
0.79605000 0.05066903
0.79600000 0.05068490
0.79595000 0.05070077
0.79590000 0.05071664
0.79585000 0.05073250
0.79580000 0.05074837
0.79575000 0.05076424
0.79570000 0.05078010
0.79565000 0.05079596
0.79560000 0.05081183
0.79555000 0.05082769
0.79550000 0.05084355
0.79545000 0.05085941
0.79540000 0.05087528
0.79535000 0.05089114
0.79530000 0.05090700
0.79525000 0.05092286
0.79520000 0.05093871
0.79515000 0.05095457
0.79510000 0.05097043
0.79505000 0.05098629
0.79500000 0.05100214
0.79495000 0.05101800
0.79490000 0.05103385
0.79485000 0.05104971
0.79480000 0.05106556
0.79475000 0.05108141
0.79470000 0.05109727
0.79465000 0.05111312
0.79460000 0.05112897
0.79455000 0.05114482
0.79450000 0.05116067
0.79445000 0.05117652
0.79440000 0.05119237
0.79435000 0.05120822
0.79430000 0.05122406
0.79425000 0.05123991
0.79420000 0.05125576
0.79415000 0.05127160
0.79410000 0.05128745
0.79405000 0.05130329
0.79400000 0.05131914
0.79395000 0.05133498
0.79390000 0.05135082
0.79385000 0.05136666
0.79380000 0.05138250
0.79375000 0.05139834
0.79370000 0.05141418
0.79365000 0.05143002
0.79360000 0.05144586
0.79355000 0.05146170
0.79350000 0.05147754
0.79345000 0.05149337
0.79340000 0.05150921
0.79335000 0.05152504
0.79330000 0.05154088
0.79325000 0.05155671
0.79320000 0.05157255
0.79315000 0.05158838
0.79310000 0.05160421
0.79305000 0.05162004
0.79300000 0.05163587
0.79295000 0.05165170
0.79290000 0.05166753
0.79285000 0.05168336
0.79280000 0.05169919
0.79275000 0.05171502
0.79270000 0.05173084
0.79265000 0.05174667
0.79260000 0.05176249
0.79255000 0.05177832
0.79250000 0.05179414
0.79245000 0.05180997
0.79240000 0.05182579
0.79235000 0.05184161
0.79230000 0.05185743
0.79225000 0.05187325
0.79220000 0.05188907
0.79215000 0.05190489
0.79210000 0.05192071
0.79205000 0.05193653
0.79200000 0.05195234
0.79195000 0.05196816
0.79190000 0.05198398
0.79185000 0.05199979
0.79180000 0.05201561
0.79175000 0.05203142
0.79170000 0.05204723
0.79165000 0.05206305
0.79160000 0.05207886
0.79155000 0.05209467
0.79150000 0.05211048
0.79145000 0.05212629
0.79140000 0.05214210
0.79135000 0.05215791
0.79130000 0.05217371
0.79125000 0.05218952
0.79120000 0.05220533
0.79115000 0.05222113
0.79110000 0.05223694
0.79105000 0.05225274
0.79100000 0.05226854
0.79095000 0.05228435
0.79090000 0.05230015
0.79085000 0.05231595
0.79080000 0.05233175
0.79075000 0.05234755
0.79070000 0.05236335
0.79065000 0.05237915
0.79060000 0.05239495
0.79055000 0.05241074
0.79050000 0.05242654
0.79045000 0.05244233
0.79040000 0.05245813
0.79035000 0.05247392
0.79030000 0.05248972
0.79025000 0.05250551
0.79020000 0.05252130
0.79015000 0.05253709
0.79010000 0.05255288
0.79005000 0.05256867
0.79000000 0.05258446
0.78995000 0.05260025
0.78990000 0.05261604
0.78985000 0.05263183
0.78980000 0.05264761
0.78975000 0.05266340
0.78970000 0.05267918
0.78965000 0.05269497
0.78960000 0.05271075
0.78955000 0.05272653
0.78950000 0.05274231
0.78945000 0.05275809
0.78940000 0.05277388
0.78935000 0.05278965
0.78930000 0.05280543
0.78925000 0.05282121
0.78920000 0.05283699
0.78915000 0.05285277
0.78910000 0.05286854
0.78905000 0.05288432
0.78900000 0.05290009
0.78895000 0.05291587
0.78890000 0.05293164
0.78885000 0.05294741
0.78880000 0.05296318
0.78875000 0.05297895
0.78870000 0.05299472
0.78865000 0.05301049
0.78860000 0.05302626
0.78855000 0.05304203
0.78850000 0.05305780
0.78845000 0.05307356
0.78840000 0.05308933
0.78835000 0.05310509
0.78830000 0.05312086
0.78825000 0.05313662
0.78820000 0.05315238
0.78815000 0.05316814
0.78810000 0.05318390
0.78805000 0.05319966
0.78800000 0.05321542
0.78795000 0.05323118
0.78790000 0.05324694
0.78785000 0.05326270
0.78780000 0.05327845
0.78775000 0.05329421
0.78770000 0.05330996
0.78765000 0.05332572
0.78760000 0.05334147
0.78755000 0.05335722
0.78750000 0.05337298
0.78745000 0.05338873
0.78740000 0.05340448
0.78735000 0.05342023
0.78730000 0.05343598
0.78725000 0.05345172
0.78720000 0.05346747
0.78715000 0.05348322
0.78710000 0.05349896
0.78705000 0.05351471
0.78700000 0.05353045
0.78695000 0.05354619
0.78690000 0.05356194
0.78685000 0.05357768
0.78680000 0.05359342
0.78675000 0.05360916
0.78670000 0.05362490
0.78665000 0.05364064
0.78660000 0.05365637
0.78655000 0.05367211
0.78650000 0.05368785
0.78645000 0.05370358
0.78640000 0.05371932
0.78635000 0.05373505
0.78630000 0.05375078
0.78625000 0.05376652
0.78620000 0.05378225
0.78615000 0.05379798
0.78610000 0.05381371
0.78605000 0.05382944
0.78600000 0.05384517
0.78595000 0.05386089
0.78590000 0.05387662
0.78585000 0.05389234
0.78580000 0.05390807
0.78575000 0.05392379
0.78570000 0.05393952
0.78565000 0.05395524
0.78560000 0.05397096
0.78555000 0.05398668
0.78550000 0.05400240
0.78545000 0.05401812
0.78540000 0.05403384
0.78535000 0.05404956
0.78530000 0.05406527
0.78525000 0.05408099
0.78520000 0.05409671
0.78515000 0.05411242
0.78510000 0.05412813
0.78505000 0.05414385
0.78500000 0.05415956
0.78495000 0.05417527
0.78490000 0.05419098
0.78485000 0.05420669
0.78480000 0.05422240
0.78475000 0.05423811
0.78470000 0.05425381
0.78465000 0.05426952
0.78460000 0.05428522
0.78455000 0.05430093
0.78450000 0.05431663
0.78445000 0.05433234
0.78440000 0.05434804
0.78435000 0.05436374
0.78430000 0.05437944
0.78425000 0.05439514
0.78420000 0.05441084
0.78415000 0.05442654
0.78410000 0.05444223
0.78405000 0.05445793
0.78400000 0.05447362
0.78395000 0.05448932
0.78390000 0.05450501
0.78385000 0.05452071
0.78380000 0.05453640
0.78375000 0.05455209
0.78370000 0.05456778
0.78365000 0.05458347
0.78360000 0.05459916
0.78355000 0.05461484
0.78350000 0.05463053
0.78345000 0.05464622
0.78340000 0.05466190
0.78335000 0.05467759
0.78330000 0.05469327
0.78325000 0.05470895
0.78320000 0.05472463
0.78315000 0.05474032
0.78310000 0.05475600
0.78305000 0.05477168
0.78300000 0.05478735
0.78295000 0.05480303
0.78290000 0.05481871
0.78285000 0.05483438
0.78280000 0.05485006
0.78275000 0.05486573
0.78270000 0.05488141
0.78265000 0.05489708
0.78260000 0.05491275
0.78255000 0.05492842
0.78250000 0.05494409
0.78245000 0.05495976
0.78240000 0.05497543
0.78235000 0.05499109
0.78230000 0.05500676
0.78225000 0.05502243
0.78220000 0.05503809
0.78215000 0.05505375
0.78210000 0.05506942
0.78205000 0.05508508
0.78200000 0.05510074
0.78195000 0.05511640
0.78190000 0.05513206
0.78185000 0.05514772
0.78180000 0.05516338
0.78175000 0.05517903
0.78170000 0.05519469
0.78165000 0.05521034
0.78160000 0.05522600
0.78155000 0.05524165
0.78150000 0.05525730
0.78145000 0.05527295
0.78140000 0.05528860
0.78135000 0.05530425
0.78130000 0.05531990
0.78125000 0.05533555
0.78120000 0.05535120
0.78115000 0.05536684
0.78110000 0.05538249
0.78105000 0.05539813
0.78100000 0.05541378
0.78095000 0.05542942
0.78090000 0.05544506
0.78085000 0.05546070
0.78080000 0.05547634
0.78075000 0.05549198
0.78070000 0.05550762
0.78065000 0.05552325
0.78060000 0.05553889
0.78055000 0.05555453
0.78050000 0.05557016
0.78045000 0.05558579
0.78040000 0.05560143
0.78035000 0.05561706
0.78030000 0.05563269
0.78025000 0.05564832
0.78020000 0.05566395
0.78015000 0.05567957
0.78010000 0.05569520
0.78005000 0.05571083
0.78000000 0.05572645
0.77995000 0.05574208
0.77990000 0.05575770
0.77985000 0.05577332
0.77980000 0.05578895
0.77975000 0.05580457
0.77970000 0.05582019
0.77965000 0.05583580
0.77960000 0.05585142
0.77955000 0.05586704
0.77950000 0.05588266
0.77945000 0.05589827
0.77940000 0.05591389
0.77935000 0.05592950
0.77930000 0.05594511
0.77925000 0.05596072
0.77920000 0.05597633
0.77915000 0.05599194
0.77910000 0.05600755
0.77905000 0.05602316
0.77900000 0.05603877
0.77895000 0.05605437
0.77890000 0.05606998
0.77885000 0.05608558
0.77880000 0.05610118
0.77875000 0.05611679
0.77870000 0.05613239
0.77865000 0.05614799
0.77860000 0.05616359
0.77855000 0.05617919
0.77850000 0.05619478
0.77845000 0.05621038
0.77840000 0.05622598
0.77835000 0.05624157
0.77830000 0.05625716
0.77825000 0.05627276
0.77820000 0.05628835
0.77815000 0.05630394
0.77810000 0.05631953
0.77805000 0.05633512
0.77800000 0.05635071
0.77795000 0.05636629
0.77790000 0.05638188
0.77785000 0.05639747
0.77780000 0.05641305
0.77775000 0.05642863
0.77770000 0.05644422
0.77765000 0.05645980
0.77760000 0.05647538
0.77755000 0.05649096
0.77750000 0.05650654
0.77745000 0.05652211
0.77740000 0.05653769
0.77735000 0.05655327
0.77730000 0.05656884
0.77725000 0.05658441
0.77720000 0.05659999
0.77715000 0.05661556
0.77710000 0.05663113
0.77705000 0.05664670
0.77700000 0.05666227
0.77695000 0.05667784
0.77690000 0.05669340
0.77685000 0.05670897
0.77680000 0.05672453
0.77675000 0.05674010
0.77670000 0.05675566
0.77665000 0.05677122
0.77660000 0.05678679
0.77655000 0.05680235
0.77650000 0.05681790
0.77645000 0.05683346
0.77640000 0.05684902
0.77635000 0.05686458
0.77630000 0.05688013
0.77625000 0.05689569
0.77620000 0.05691124
0.77615000 0.05692679
0.77610000 0.05694234
0.77605000 0.05695789
0.77600000 0.05697344
0.77595000 0.05698899
0.77590000 0.05700454
0.77585000 0.05702009
0.77580000 0.05703563
0.77575000 0.05705118
0.77570000 0.05706672
0.77565000 0.05708226
0.77560000 0.05709780
0.77555000 0.05711335
0.77550000 0.05712888
0.77545000 0.05714442
0.77540000 0.05715996
0.77535000 0.05717550
0.77530000 0.05719103
0.77525000 0.05720657
0.77520000 0.05722210
0.77515000 0.05723763
0.77510000 0.05725317
0.77505000 0.05726870
0.77500000 0.05728423
0.77495000 0.05729976
0.77490000 0.05731528
0.77485000 0.05733081
0.77480000 0.05734634
0.77475000 0.05736186
0.77470000 0.05737738
0.77465000 0.05739291
0.77460000 0.05740843
0.77455000 0.05742395
0.77450000 0.05743947
0.77445000 0.05745499
0.77440000 0.05747050
0.77435000 0.05748602
0.77430000 0.05750154
0.77425000 0.05751705
0.77420000 0.05753257
0.77415000 0.05754808
0.77410000 0.05756359
0.77405000 0.05757910
0.77400000 0.05759461
0.77395000 0.05761012
0.77390000 0.05762563
0.77385000 0.05764113
0.77380000 0.05765664
0.77375000 0.05767214
0.77370000 0.05768765
0.77365000 0.05770315
0.77360000 0.05771865
0.77355000 0.05773415
0.77350000 0.05774965
0.77345000 0.05776515
0.77340000 0.05778065
0.77335000 0.05779614
0.77330000 0.05781164
0.77325000 0.05782713
0.77320000 0.05784262
0.77315000 0.05785812
0.77310000 0.05787361
0.77305000 0.05788910
0.77300000 0.05790459
0.77295000 0.05792007
0.77290000 0.05793556
0.77285000 0.05795105
0.77280000 0.05796653
0.77275000 0.05798202
0.77270000 0.05799750
0.77265000 0.05801298
0.77260000 0.05802846
0.77255000 0.05804394
0.77250000 0.05805942
0.77245000 0.05807490
0.77240000 0.05809038
0.77235000 0.05810585
0.77230000 0.05812133
0.77225000 0.05813680
0.77220000 0.05815227
0.77215000 0.05816774
0.77210000 0.05818321
0.77205000 0.05819868
0.77200000 0.05821415
0.77195000 0.05822962
0.77190000 0.05824508
0.77185000 0.05826055
0.77180000 0.05827601
0.77175000 0.05829148
0.77170000 0.05830694
0.77165000 0.05832240
0.77160000 0.05833786
0.77155000 0.05835332
0.77150000 0.05836878
0.77145000 0.05838423
0.77140000 0.05839969
0.77135000 0.05841514
0.77130000 0.05843060
0.77125000 0.05844605
0.77120000 0.05846150
0.77115000 0.05847695
0.77110000 0.05849240
0.77105000 0.05850785
0.77100000 0.05852330
0.77095000 0.05853874
0.77090000 0.05855419
0.77085000 0.05856963
0.77080000 0.05858507
0.77075000 0.05860052
0.77070000 0.05861596
0.77065000 0.05863140
0.77060000 0.05864684
0.77055000 0.05866227
0.77050000 0.05867771
0.77045000 0.05869314
0.77040000 0.05870858
0.77035000 0.05872401
0.77030000 0.05873944
0.77025000 0.05875488
0.77020000 0.05877031
0.77015000 0.05878574
0.77010000 0.05880116
0.77005000 0.05881659
0.77000000 0.05883202
0.76995000 0.05884744
0.76990000 0.05886286
0.76985000 0.05887829
0.76980000 0.05889371
0.76975000 0.05890913
0.76970000 0.05892455
0.76965000 0.05893997
0.76960000 0.05895538
0.76955000 0.05897080
0.76950000 0.05898621
0.76945000 0.05900163
0.76940000 0.05901704
0.76935000 0.05903245
0.76930000 0.05904786
0.76925000 0.05906327
0.76920000 0.05907868
0.76915000 0.05909409
0.76910000 0.05910949
0.76905000 0.05912490
0.76900000 0.05914030
0.76895000 0.05915571
0.76890000 0.05917111
0.76885000 0.05918651
0.76880000 0.05920191
0.76875000 0.05921731
0.76870000 0.05923270
0.76865000 0.05924810
0.76860000 0.05926350
0.76855000 0.05927889
0.76850000 0.05929428
0.76845000 0.05930968
0.76840000 0.05932507
0.76835000 0.05934046
0.76830000 0.05935584
0.76825000 0.05937123
0.76820000 0.05938662
0.76815000 0.05940200
0.76810000 0.05941739
0.76805000 0.05943277
0.76800000 0.05944815
0.76795000 0.05946353
0.76790000 0.05947891
0.76785000 0.05949429
0.76780000 0.05950967
0.76775000 0.05952505
0.76770000 0.05954042
0.76765000 0.05955580
0.76760000 0.05957117
0.76755000 0.05958654
0.76750000 0.05960191
0.76745000 0.05961728
0.76740000 0.05963265
0.76735000 0.05964802
0.76730000 0.05966338
0.76725000 0.05967875
0.76720000 0.05969411
0.76715000 0.05970948
0.76710000 0.05972484
0.76705000 0.05974020
0.76700000 0.05975556
0.76695000 0.05977092
0.76690000 0.05978627
0.76685000 0.05980163
0.76680000 0.05981699
0.76675000 0.05983234
0.76670000 0.05984769
0.76665000 0.05986304
0.76660000 0.05987839
0.76655000 0.05989374
0.76650000 0.05990909
0.76645000 0.05992444
0.76640000 0.05993979
0.76635000 0.05995513
0.76630000 0.05997047
0.76625000 0.05998582
0.76620000 0.06000116
0.76615000 0.06001650
0.76610000 0.06003184
0.76605000 0.06004718
0.76600000 0.06006251
0.76595000 0.06007785
0.76590000 0.06009318
0.76585000 0.06010852
0.76580000 0.06012385
0.76575000 0.06013918
0.76570000 0.06015451
0.76565000 0.06016984
0.76560000 0.06018517
0.76555000 0.06020049
0.76550000 0.06021582
0.76545000 0.06023114
0.76540000 0.06024647
0.76535000 0.06026179
0.76530000 0.06027711
0.76525000 0.06029243
0.76520000 0.06030775
0.76515000 0.06032307
0.76510000 0.06033838
0.76505000 0.06035370
0.76500000 0.06036901
0.76495000 0.06038432
0.76490000 0.06039964
0.76485000 0.06041495
0.76480000 0.06043026
0.76475000 0.06044556
0.76470000 0.06046087
0.76465000 0.06047618
0.76460000 0.06049148
0.76455000 0.06050679
0.76450000 0.06052209
0.76445000 0.06053739
0.76440000 0.06055269
0.76435000 0.06056799
0.76430000 0.06058329
0.76425000 0.06059858
0.76420000 0.06061388
0.76415000 0.06062917
0.76410000 0.06064447
0.76405000 0.06065976
0.76400000 0.06067505
0.76395000 0.06069034
0.76390000 0.06070563
0.76385000 0.06072091
0.76380000 0.06073620
0.76375000 0.06075148
0.76370000 0.06076677
0.76365000 0.06078205
0.76360000 0.06079733
0.76355000 0.06081261
0.76350000 0.06082789
0.76345000 0.06084317
0.76340000 0.06085845
0.76335000 0.06087372
0.76330000 0.06088900
0.76325000 0.06090427
0.76320000 0.06091954
0.76315000 0.06093481
0.76310000 0.06095008
0.76305000 0.06096535
0.76300000 0.06098062
0.76295000 0.06099588
0.76290000 0.06101115
0.76285000 0.06102641
0.76280000 0.06104167
0.76275000 0.06105694
0.76270000 0.06107220
0.76265000 0.06108745
0.76260000 0.06110271
0.76255000 0.06111797
0.76250000 0.06113322
0.76245000 0.06114848
0.76240000 0.06116373
0.76235000 0.06117898
0.76230000 0.06119423
0.76225000 0.06120948
0.76220000 0.06122473
0.76215000 0.06123998
0.76210000 0.06125522
0.76205000 0.06127047
0.76200000 0.06128571
0.76195000 0.06130095
0.76190000 0.06131620
0.76185000 0.06133144
0.76180000 0.06134667
0.76175000 0.06136191
0.76170000 0.06137715
0.76165000 0.06139238
0.76160000 0.06140762
0.76155000 0.06142285
0.76150000 0.06143808
0.76145000 0.06145331
0.76140000 0.06146854
0.76135000 0.06148377
0.76130000 0.06149899
0.76125000 0.06151422
0.76120000 0.06152944
0.76115000 0.06154467
0.76110000 0.06155989
0.76105000 0.06157511
0.76100000 0.06159033
0.76095000 0.06160555
0.76090000 0.06162076
0.76085000 0.06163598
0.76080000 0.06165119
0.76075000 0.06166641
0.76070000 0.06168162
0.76065000 0.06169683
0.76060000 0.06171204
0.76055000 0.06172725
0.76050000 0.06174245
0.76045000 0.06175766
0.76040000 0.06177287
0.76035000 0.06178807
0.76030000 0.06180327
0.76025000 0.06181847
0.76020000 0.06183367
0.76015000 0.06184887
0.76010000 0.06186407
0.76005000 0.06187926
0.76000000 0.06189446
0.75995000 0.06190965
0.75990000 0.06192485
0.75985000 0.06194004
0.75980000 0.06195523
0.75975000 0.06197042
0.75970000 0.06198560
0.75965000 0.06200079
0.75960000 0.06201597
0.75955000 0.06203116
0.75950000 0.06204634
0.75945000 0.06206152
0.75940000 0.06207670
0.75935000 0.06209188
0.75930000 0.06210706
0.75925000 0.06212224
0.75920000 0.06213741
0.75915000 0.06215259
0.75910000 0.06216776
0.75905000 0.06218293
0.75900000 0.06219810
0.75895000 0.06221327
0.75890000 0.06222844
0.75885000 0.06224360
0.75880000 0.06225877
0.75875000 0.06227393
0.75870000 0.06228910
0.75865000 0.06230426
0.75860000 0.06231942
0.75855000 0.06233458
0.75850000 0.06234973
0.75845000 0.06236489
0.75840000 0.06238005
0.75835000 0.06239520
0.75830000 0.06241035
0.75825000 0.06242551
0.75820000 0.06244066
0.75815000 0.06245581
0.75810000 0.06247095
0.75805000 0.06248610
0.75800000 0.06250125
0.75795000 0.06251639
0.75790000 0.06253153
0.75785000 0.06254667
0.75780000 0.06256181
0.75775000 0.06257695
0.75770000 0.06259209
0.75765000 0.06260723
0.75760000 0.06262236
0.75755000 0.06263750
0.75750000 0.06265263
0.75745000 0.06266776
0.75740000 0.06268289
0.75735000 0.06269802
0.75730000 0.06271315
0.75725000 0.06272828
0.75720000 0.06274340
0.75715000 0.06275852
0.75710000 0.06277365
0.75705000 0.06278877
0.75700000 0.06280389
0.75695000 0.06281901
0.75690000 0.06283413
0.75685000 0.06284924
0.75680000 0.06286436
0.75675000 0.06287947
0.75670000 0.06289458
0.75665000 0.06290970
0.75660000 0.06292481
0.75655000 0.06293991
0.75650000 0.06295502
0.75645000 0.06297013
0.75640000 0.06298523
0.75635000 0.06300034
0.75630000 0.06301544
0.75625000 0.06303054
0.75620000 0.06304564
0.75615000 0.06306074
0.75610000 0.06307584
0.75605000 0.06309093
0.75600000 0.06310603
0.75595000 0.06312112
0.75590000 0.06313621
0.75585000 0.06315130
0.75580000 0.06316639
0.75575000 0.06318148
0.75570000 0.06319657
0.75565000 0.06321165
0.75560000 0.06322674
0.75555000 0.06324182
0.75550000 0.06325690
0.75545000 0.06327199
0.75540000 0.06328706
0.75535000 0.06330214
0.75530000 0.06331722
0.75525000 0.06333230
0.75520000 0.06334737
0.75515000 0.06336244
0.75510000 0.06337751
0.75505000 0.06339258
0.75500000 0.06340765
0.75495000 0.06342272
0.75490000 0.06343779
0.75485000 0.06345285
0.75480000 0.06346792
0.75475000 0.06348298
0.75470000 0.06349804
0.75465000 0.06351310
0.75460000 0.06352816
0.75455000 0.06354322
0.75450000 0.06355827
0.75445000 0.06357333
0.75440000 0.06358838
0.75435000 0.06360343
0.75430000 0.06361848
0.75425000 0.06363353
0.75420000 0.06364858
0.75415000 0.06366363
0.75410000 0.06367868
0.75405000 0.06369372
0.75400000 0.06370876
0.75395000 0.06372381
0.75390000 0.06373885
0.75385000 0.06375389
0.75380000 0.06376892
0.75375000 0.06378396
0.75370000 0.06379899
0.75365000 0.06381403
0.75360000 0.06382906
0.75355000 0.06384409
0.75350000 0.06385912
0.75345000 0.06387415
0.75340000 0.06388918
0.75335000 0.06390421
0.75330000 0.06391923
0.75325000 0.06393425
0.75320000 0.06394928
0.75315000 0.06396430
0.75310000 0.06397932
0.75305000 0.06399433
0.75300000 0.06400935
0.75295000 0.06402437
0.75290000 0.06403938
0.75285000 0.06405439
0.75280000 0.06406941
0.75275000 0.06408442
0.75270000 0.06409943
0.75265000 0.06411443
0.75260000 0.06412944
0.75255000 0.06414445
0.75250000 0.06415945
0.75245000 0.06417445
0.75240000 0.06418945
0.75235000 0.06420445
0.75230000 0.06421945
0.75225000 0.06423445
0.75220000 0.06424944
0.75215000 0.06426444
0.75210000 0.06427943
0.75205000 0.06429442
0.75200000 0.06430941
0.75195000 0.06432440
0.75190000 0.06433939
0.75185000 0.06435438
0.75180000 0.06436936
0.75175000 0.06438435
0.75170000 0.06439933
0.75165000 0.06441431
0.75160000 0.06442929
0.75155000 0.06444427
0.75150000 0.06445925
0.75145000 0.06447422
0.75140000 0.06448920
0.75135000 0.06450417
0.75130000 0.06451914
0.75125000 0.06453411
0.75120000 0.06454908
0.75115000 0.06456405
0.75110000 0.06457902
0.75105000 0.06459398
0.75100000 0.06460894
0.75095000 0.06462391
0.75090000 0.06463887
0.75085000 0.06465383
0.75080000 0.06466879
0.75075000 0.06468374
0.75070000 0.06469870
0.75065000 0.06471365
0.75060000 0.06472861
0.75055000 0.06474356
0.75050000 0.06475851
0.75045000 0.06477346
0.75040000 0.06478841
0.75035000 0.06480335
0.75030000 0.06481830
0.75025000 0.06483324
0.75020000 0.06484818
0.75015000 0.06486312
0.75010000 0.06487806
0.75005000 0.06489300
0.75000000 0.06490794
0.74995000 0.06492287
0.74990000 0.06493781
0.74985000 0.06495274
0.74980000 0.06496767
0.74975000 0.06498260
0.74970000 0.06499753
0.74965000 0.06501246
0.74960000 0.06502739
0.74955000 0.06504231
0.74950000 0.06505723
0.74945000 0.06507216
0.74940000 0.06508708
0.74935000 0.06510200
0.74930000 0.06511691
0.74925000 0.06513183
0.74920000 0.06514675
0.74915000 0.06516166
0.74910000 0.06517657
0.74905000 0.06519148
0.74900000 0.06520639
0.74895000 0.06522130
0.74890000 0.06523621
0.74885000 0.06525111
0.74880000 0.06526602
0.74875000 0.06528092
0.74870000 0.06529582
0.74865000 0.06531072
0.74860000 0.06532562
0.74855000 0.06534052
0.74850000 0.06535542
0.74845000 0.06537031
0.74840000 0.06538520
0.74835000 0.06540010
0.74830000 0.06541499
0.74825000 0.06542988
0.74820000 0.06544476
0.74815000 0.06545965
0.74810000 0.06547454
0.74805000 0.06548942
0.74800000 0.06550430
0.74795000 0.06551918
0.74790000 0.06553406
0.74785000 0.06554894
0.74780000 0.06556382
0.74775000 0.06557869
0.74770000 0.06559357
0.74765000 0.06560844
0.74760000 0.06562331
0.74755000 0.06563818
0.74750000 0.06565305
0.74745000 0.06566792
0.74740000 0.06568278
0.74735000 0.06569765
0.74730000 0.06571251
0.74725000 0.06572737
0.74720000 0.06574223
0.74715000 0.06575709
0.74710000 0.06577195
0.74705000 0.06578681
0.74700000 0.06580166
0.74695000 0.06581651
0.74690000 0.06583137
0.74685000 0.06584622
0.74680000 0.06586107
0.74675000 0.06587591
0.74670000 0.06589076
0.74665000 0.06590560
0.74660000 0.06592045
0.74655000 0.06593529
0.74650000 0.06595013
0.74645000 0.06596497
0.74640000 0.06597981
0.74635000 0.06599465
0.74630000 0.06600948
0.74625000 0.06602432
0.74620000 0.06603915
0.74615000 0.06605398
0.74610000 0.06606881
0.74605000 0.06608364
0.74600000 0.06609846
0.74595000 0.06611329
0.74590000 0.06612811
0.74585000 0.06614294
0.74580000 0.06615776
0.74575000 0.06617258
0.74570000 0.06618740
0.74565000 0.06620221
0.74560000 0.06621703
0.74555000 0.06623184
0.74550000 0.06624666
0.74545000 0.06626147
0.74540000 0.06627628
0.74535000 0.06629109
0.74530000 0.06630589
0.74525000 0.06632070
0.74520000 0.06633551
0.74515000 0.06635031
0.74510000 0.06636511
0.74505000 0.06637991
0.74500000 0.06639471
0.74495000 0.06640951
0.74490000 0.06642430
0.74485000 0.06643910
0.74480000 0.06645389
0.74475000 0.06646868
0.74470000 0.06648347
0.74465000 0.06649826
0.74460000 0.06651305
0.74455000 0.06652784
0.74450000 0.06654262
0.74445000 0.06655740
0.74440000 0.06657219
0.74435000 0.06658697
0.74430000 0.06660175
0.74425000 0.06661652
0.74420000 0.06663130
0.74415000 0.06664607
0.74410000 0.06666085
0.74405000 0.06667562
0.74400000 0.06669039
0.74395000 0.06670516
0.74390000 0.06671993
0.74385000 0.06673469
0.74380000 0.06674946
0.74375000 0.06676422
0.74370000 0.06677899
0.74365000 0.06679375
0.74360000 0.06680851
0.74355000 0.06682326
0.74350000 0.06683802
0.74345000 0.06685277
0.74340000 0.06686753
0.74335000 0.06688228
0.74330000 0.06689703
0.74325000 0.06691178
0.74320000 0.06692653
0.74315000 0.06694127
0.74310000 0.06695602
0.74305000 0.06697076
0.74300000 0.06698551
0.74295000 0.06700025
0.74290000 0.06701499
0.74285000 0.06702972
0.74280000 0.06704446
0.74275000 0.06705919
0.74270000 0.06707393
0.74265000 0.06708866
0.74260000 0.06710339
0.74255000 0.06711812
0.74250000 0.06713285
0.74245000 0.06714757
0.74240000 0.06716230
0.74235000 0.06717702
0.74230000 0.06719175
0.74225000 0.06720647
0.74220000 0.06722119
0.74215000 0.06723590
0.74210000 0.06725062
0.74205000 0.06726533
0.74200000 0.06728005
0.74195000 0.06729476
0.74190000 0.06730947
0.74185000 0.06732418
0.74180000 0.06733889
0.74175000 0.06735359
0.74170000 0.06736830
0.74165000 0.06738300
0.74160000 0.06739770
0.74155000 0.06741240
0.74150000 0.06742710
0.74145000 0.06744180
0.74140000 0.06745650
0.74135000 0.06747119
0.74130000 0.06748589
0.74125000 0.06750058
0.74120000 0.06751527
0.74115000 0.06752996
0.74110000 0.06754464
0.74105000 0.06755933
0.74100000 0.06757401
0.74095000 0.06758870
0.74090000 0.06760338
0.74085000 0.06761806
0.74080000 0.06763274
0.74075000 0.06764742
0.74070000 0.06766209
0.74065000 0.06767677
0.74060000 0.06769144
0.74055000 0.06770611
0.74050000 0.06772078
0.74045000 0.06773545
0.74040000 0.06775012
0.74035000 0.06776478
0.74030000 0.06777945
0.74025000 0.06779411
0.74020000 0.06780877
0.74015000 0.06782343
0.74010000 0.06783809
0.74005000 0.06785275
0.74000000 0.06786740
0.73995000 0.06788206
0.73990000 0.06789671
0.73985000 0.06791136
0.73980000 0.06792601
0.73975000 0.06794066
0.73970000 0.06795530
0.73965000 0.06796995
0.73960000 0.06798459
0.73955000 0.06799924
0.73950000 0.06801388
0.73945000 0.06802852
0.73940000 0.06804315
0.73935000 0.06805779
0.73930000 0.06807242
0.73925000 0.06808706
0.73920000 0.06810169
0.73915000 0.06811632
0.73910000 0.06813095
0.73905000 0.06814558
0.73900000 0.06816020
0.73895000 0.06817483
0.73890000 0.06818945
0.73885000 0.06820407
0.73880000 0.06821869
0.73875000 0.06823331
0.73870000 0.06824793
0.73865000 0.06826255
0.73860000 0.06827716
0.73855000 0.06829177
0.73850000 0.06830639
0.73845000 0.06832100
0.73840000 0.06833560
0.73835000 0.06835021
0.73830000 0.06836482
0.73825000 0.06837942
0.73820000 0.06839402
0.73815000 0.06840862
0.73810000 0.06842322
0.73805000 0.06843782
0.73800000 0.06845242
0.73795000 0.06846701
0.73790000 0.06848161
0.73785000 0.06849620
0.73780000 0.06851079
0.73775000 0.06852538
0.73770000 0.06853997
0.73765000 0.06855455
0.73760000 0.06856914
0.73755000 0.06858372
0.73750000 0.06859830
0.73745000 0.06861289
0.73740000 0.06862746
0.73735000 0.06864204
0.73730000 0.06865662
0.73725000 0.06867119
0.73720000 0.06868577
0.73715000 0.06870034
0.73710000 0.06871491
0.73705000 0.06872948
0.73700000 0.06874404
0.73695000 0.06875861
0.73690000 0.06877317
0.73685000 0.06878773
0.73680000 0.06880230
0.73675000 0.06881686
0.73670000 0.06883141
0.73665000 0.06884597
0.73660000 0.06886052
0.73655000 0.06887508
0.73650000 0.06888963
0.73645000 0.06890418
0.73640000 0.06891873
0.73635000 0.06893328
0.73630000 0.06894782
0.73625000 0.06896237
0.73620000 0.06897691
0.73615000 0.06899145
0.73610000 0.06900599
0.73605000 0.06902053
0.73600000 0.06903507
0.73595000 0.06904961
0.73590000 0.06906414
0.73585000 0.06907867
0.73580000 0.06909320
0.73575000 0.06910773
0.73570000 0.06912226
0.73565000 0.06913679
0.73560000 0.06915131
0.73555000 0.06916584
0.73550000 0.06918036
0.73545000 0.06919488
0.73540000 0.06920940
0.73535000 0.06922392
0.73530000 0.06923843
0.73525000 0.06925295
0.73520000 0.06926746
0.73515000 0.06928197
0.73510000 0.06929648
0.73505000 0.06931099
0.73500000 0.06932550
0.73495000 0.06934000
0.73490000 0.06935451
0.73485000 0.06936901
0.73480000 0.06938351
0.73475000 0.06939801
0.73470000 0.06941251
0.73465000 0.06942701
0.73460000 0.06944150
0.73455000 0.06945599
0.73450000 0.06947049
0.73445000 0.06948498
0.73440000 0.06949947
0.73435000 0.06951395
0.73430000 0.06952844
0.73425000 0.06954292
0.73420000 0.06955741
0.73415000 0.06957189
0.73410000 0.06958637
0.73405000 0.06960085
0.73400000 0.06961532
0.73395000 0.06962980
0.73390000 0.06964427
0.73385000 0.06965874
0.73380000 0.06967322
0.73375000 0.06968769
0.73370000 0.06970215
0.73365000 0.06971662
0.73360000 0.06973108
0.73355000 0.06974555
0.73350000 0.06976001
0.73345000 0.06977447
0.73340000 0.06978893
0.73335000 0.06980338
0.73330000 0.06981784
0.73325000 0.06983229
0.73320000 0.06984675
0.73315000 0.06986120
0.73310000 0.06987565
0.73305000 0.06989010
0.73300000 0.06990454
0.73295000 0.06991899
0.73290000 0.06993343
0.73285000 0.06994787
0.73280000 0.06996231
0.73275000 0.06997675
0.73270000 0.06999119
0.73265000 0.07000562
0.73260000 0.07002006
0.73255000 0.07003449
0.73250000 0.07004892
0.73245000 0.07006335
0.73240000 0.07007778
0.73235000 0.07009221
0.73230000 0.07010663
0.73225000 0.07012106
0.73220000 0.07013548
0.73215000 0.07014990
0.73210000 0.07016432
0.73205000 0.07017873
0.73200000 0.07019315
0.73195000 0.07020757
0.73190000 0.07022198
0.73185000 0.07023639
0.73180000 0.07025080
0.73175000 0.07026521
0.73170000 0.07027961
0.73165000 0.07029402
0.73160000 0.07030842
0.73155000 0.07032282
0.73150000 0.07033723
0.73145000 0.07035162
0.73140000 0.07036602
0.73135000 0.07038042
0.73130000 0.07039481
0.73125000 0.07040920
0.73120000 0.07042360
0.73115000 0.07043799
0.73110000 0.07045237
0.73105000 0.07046676
0.73100000 0.07048115
0.73095000 0.07049553
0.73090000 0.07050991
0.73085000 0.07052429
0.73080000 0.07053867
0.73075000 0.07055305
0.73070000 0.07056742
0.73065000 0.07058180
0.73060000 0.07059617
0.73055000 0.07061054
0.73050000 0.07062491
0.73045000 0.07063928
0.73040000 0.07065365
0.73035000 0.07066801
0.73030000 0.07068238
0.73025000 0.07069674
0.73020000 0.07071110
0.73015000 0.07072546
0.73010000 0.07073981
0.73005000 0.07075417
0.73000000 0.07076852
0.72995000 0.07078288
0.72990000 0.07079723
0.72985000 0.07081158
0.72980000 0.07082593
0.72975000 0.07084027
0.72970000 0.07085462
0.72965000 0.07086896
0.72960000 0.07088330
0.72955000 0.07089764
0.72950000 0.07091198
0.72945000 0.07092632
0.72940000 0.07094065
0.72935000 0.07095499
0.72930000 0.07096932
0.72925000 0.07098365
0.72920000 0.07099798
0.72915000 0.07101231
0.72910000 0.07102663
0.72905000 0.07104096
0.72900000 0.07105528
0.72895000 0.07106960
0.72890000 0.07108392
0.72885000 0.07109824
0.72880000 0.07111256
0.72875000 0.07112687
0.72870000 0.07114119
0.72865000 0.07115550
0.72860000 0.07116981
0.72855000 0.07118412
0.72850000 0.07119843
0.72845000 0.07121273
0.72840000 0.07122704
0.72835000 0.07124134
0.72830000 0.07125564
0.72825000 0.07126994
0.72820000 0.07128424
0.72815000 0.07129854
0.72810000 0.07131283
0.72805000 0.07132712
0.72800000 0.07134142
0.72795000 0.07135571
0.72790000 0.07137000
0.72785000 0.07138428
0.72780000 0.07139857
0.72775000 0.07141285
0.72770000 0.07142713
0.72765000 0.07144142
0.72760000 0.07145569
0.72755000 0.07146997
0.72750000 0.07148425
0.72745000 0.07149852
0.72740000 0.07151280
0.72735000 0.07152707
0.72730000 0.07154134
0.72725000 0.07155561
0.72720000 0.07156987
0.72715000 0.07158414
0.72710000 0.07159840
0.72705000 0.07161266
0.72700000 0.07162692
0.72695000 0.07164118
0.72690000 0.07165544
0.72685000 0.07166970
0.72680000 0.07168395
0.72675000 0.07169820
0.72670000 0.07171245
0.72665000 0.07172670
0.72660000 0.07174095
0.72655000 0.07175520
0.72650000 0.07176944
0.72645000 0.07178368
0.72640000 0.07179793
0.72635000 0.07181217
0.72630000 0.07182640
0.72625000 0.07184064
0.72620000 0.07185488
0.72615000 0.07186911
0.72610000 0.07188334
0.72605000 0.07189757
0.72600000 0.07191180
0.72595000 0.07192603
0.72590000 0.07194025
0.72585000 0.07195448
0.72580000 0.07196870
0.72575000 0.07198292
0.72570000 0.07199714
0.72565000 0.07201136
0.72560000 0.07202557
0.72555000 0.07203979
0.72550000 0.07205400
0.72545000 0.07206821
0.72540000 0.07208242
0.72535000 0.07209663
0.72530000 0.07211084
0.72525000 0.07212504
0.72520000 0.07213925
0.72515000 0.07215345
0.72510000 0.07216765
0.72505000 0.07218185
0.72500000 0.07219605
0.72495000 0.07221024
0.72490000 0.07222443
0.72485000 0.07223863
0.72480000 0.07225282
0.72475000 0.07226701
0.72470000 0.07228119
0.72465000 0.07229538
0.72460000 0.07230956
0.72455000 0.07232375
0.72450000 0.07233793
0.72445000 0.07235211
0.72440000 0.07236629
0.72435000 0.07238046
0.72430000 0.07239464
0.72425000 0.07240881
0.72420000 0.07242298
0.72415000 0.07243715
0.72410000 0.07245132
0.72405000 0.07246549
0.72400000 0.07247965
0.72395000 0.07249382
0.72390000 0.07250798
0.72385000 0.07252214
0.72380000 0.07253630
0.72375000 0.07255046
0.72370000 0.07256461
0.72365000 0.07257877
0.72360000 0.07259292
0.72355000 0.07260707
0.72350000 0.07262122
0.72345000 0.07263537
0.72340000 0.07264951
0.72335000 0.07266366
0.72330000 0.07267780
0.72325000 0.07269194
0.72320000 0.07270608
0.72315000 0.07272022
0.72310000 0.07273435
0.72305000 0.07274849
0.72300000 0.07276262
0.72295000 0.07277675
0.72290000 0.07279088
0.72285000 0.07280501
0.72280000 0.07281914
0.72275000 0.07283326
0.72270000 0.07284739
0.72265000 0.07286151
0.72260000 0.07287563
0.72255000 0.07288975
0.72250000 0.07290387
0.72245000 0.07291798
0.72240000 0.07293210
0.72235000 0.07294621
0.72230000 0.07296032
0.72225000 0.07297443
0.72220000 0.07298854
0.72215000 0.07300264
0.72210000 0.07301675
0.72205000 0.07303085
0.72200000 0.07304495
0.72195000 0.07305905
0.72190000 0.07307315
0.72185000 0.07308724
0.72180000 0.07310134
0.72175000 0.07311543
0.72170000 0.07312952
0.72165000 0.07314361
0.72160000 0.07315770
0.72155000 0.07317179
0.72150000 0.07318587
0.72145000 0.07319995
0.72140000 0.07321404
0.72135000 0.07322812
0.72130000 0.07324219
0.72125000 0.07325627
0.72120000 0.07327035
0.72115000 0.07328442
0.72110000 0.07329849
0.72105000 0.07331256
0.72100000 0.07332663
0.72095000 0.07334070
0.72090000 0.07335476
0.72085000 0.07336883
0.72080000 0.07338289
0.72075000 0.07339695
0.72070000 0.07341101
0.72065000 0.07342507
0.72060000 0.07343912
0.72055000 0.07345318
0.72050000 0.07346723
0.72045000 0.07348128
0.72040000 0.07349533
0.72035000 0.07350938
0.72030000 0.07352342
0.72025000 0.07353747
0.72020000 0.07355151
0.72015000 0.07356555
0.72010000 0.07357959
0.72005000 0.07359363
0.72000000 0.07360767
0.71995000 0.07362170
0.71990000 0.07363573
0.71985000 0.07364977
0.71980000 0.07366379
0.71975000 0.07367782
0.71970000 0.07369185
0.71965000 0.07370587
0.71960000 0.07371990
0.71955000 0.07373392
0.71950000 0.07374794
0.71945000 0.07376196
0.71940000 0.07377597
0.71935000 0.07378999
0.71930000 0.07380400
0.71925000 0.07381802
0.71920000 0.07383203
0.71915000 0.07384603
0.71910000 0.07386004
0.71905000 0.07387405
0.71900000 0.07388805
0.71895000 0.07390205
0.71890000 0.07391605
0.71885000 0.07393005
0.71880000 0.07394405
0.71875000 0.07395804
0.71870000 0.07397204
0.71865000 0.07398603
0.71860000 0.07400002
0.71855000 0.07401401
0.71850000 0.07402800
0.71845000 0.07404198
0.71840000 0.07405597
0.71835000 0.07406995
0.71830000 0.07408393
0.71825000 0.07409791
0.71820000 0.07411189
0.71815000 0.07412586
0.71810000 0.07413984
0.71805000 0.07415381
0.71800000 0.07416778
0.71795000 0.07418175
0.71790000 0.07419572
0.71785000 0.07420968
0.71780000 0.07422365
0.71775000 0.07423761
0.71770000 0.07425157
0.71765000 0.07426553
0.71760000 0.07427949
0.71755000 0.07429345
0.71750000 0.07430740
0.71745000 0.07432135
0.71740000 0.07433530
0.71735000 0.07434925
0.71730000 0.07436320
0.71725000 0.07437715
0.71720000 0.07439109
0.71715000 0.07440504
0.71710000 0.07441898
0.71705000 0.07443292
0.71700000 0.07444686
0.71695000 0.07446079
0.71690000 0.07447473
0.71685000 0.07448866
0.71680000 0.07450259
0.71675000 0.07451652
0.71670000 0.07453045
0.71665000 0.07454438
0.71660000 0.07455830
0.71655000 0.07457223
0.71650000 0.07458615
0.71645000 0.07460007
0.71640000 0.07461399
0.71635000 0.07462790
0.71630000 0.07464182
0.71625000 0.07465573
0.71620000 0.07466964
0.71615000 0.07468355
0.71610000 0.07469746
0.71605000 0.07471137
0.71600000 0.07472527
0.71595000 0.07473918
0.71590000 0.07475308
0.71585000 0.07476698
0.71580000 0.07478088
0.71575000 0.07479477
0.71570000 0.07480867
0.71565000 0.07482256
0.71560000 0.07483645
0.71555000 0.07485035
0.71550000 0.07486423
0.71545000 0.07487812
0.71540000 0.07489201
0.71535000 0.07490589
0.71530000 0.07491977
0.71525000 0.07493365
0.71520000 0.07494753
0.71515000 0.07496141
0.71510000 0.07497528
0.71505000 0.07498916
0.71500000 0.07500303
0.71495000 0.07501690
0.71490000 0.07503077
0.71485000 0.07504464
0.71480000 0.07505850
0.71475000 0.07507236
0.71470000 0.07508623
0.71465000 0.07510009
0.71460000 0.07511395
0.71455000 0.07512780
0.71450000 0.07514166
0.71445000 0.07515551
0.71440000 0.07516936
0.71435000 0.07518321
0.71430000 0.07519706
0.71425000 0.07521091
0.71420000 0.07522476
0.71415000 0.07523860
0.71410000 0.07525244
0.71405000 0.07526628
0.71400000 0.07528012
0.71395000 0.07529396
0.71390000 0.07530779
0.71385000 0.07532163
0.71380000 0.07533546
0.71375000 0.07534929
0.71370000 0.07536312
0.71365000 0.07537695
0.71360000 0.07539077
0.71355000 0.07540460
0.71350000 0.07541842
0.71345000 0.07543224
0.71340000 0.07544606
0.71335000 0.07545987
0.71330000 0.07547369
0.71325000 0.07548750
0.71320000 0.07550132
0.71315000 0.07551513
0.71310000 0.07552894
0.71305000 0.07554274
0.71300000 0.07555655
0.71295000 0.07557035
0.71290000 0.07558415
0.71285000 0.07559795
0.71280000 0.07561175
0.71275000 0.07562555
0.71270000 0.07563935
0.71265000 0.07565314
0.71260000 0.07566693
0.71255000 0.07568072
0.71250000 0.07569451
0.71245000 0.07570830
0.71240000 0.07572208
0.71235000 0.07573587
0.71230000 0.07574965
0.71225000 0.07576343
0.71220000 0.07577721
0.71215000 0.07579099
0.71210000 0.07580476
0.71205000 0.07581854
0.71200000 0.07583231
0.71195000 0.07584608
0.71190000 0.07585985
0.71185000 0.07587361
0.71180000 0.07588738
0.71175000 0.07590114
0.71170000 0.07591490
0.71165000 0.07592866
0.71160000 0.07594242
0.71155000 0.07595618
0.71150000 0.07596994
0.71145000 0.07598369
0.71140000 0.07599744
0.71135000 0.07601119
0.71130000 0.07602494
0.71125000 0.07603869
0.71120000 0.07605243
0.71115000 0.07606618
0.71110000 0.07607992
0.71105000 0.07609366
0.71100000 0.07610740
0.71095000 0.07612113
0.71090000 0.07613487
0.71085000 0.07614860
0.71080000 0.07616233
0.71075000 0.07617606
0.71070000 0.07618979
0.71065000 0.07620352
0.71060000 0.07621724
0.71055000 0.07623097
0.71050000 0.07624469
0.71045000 0.07625841
0.71040000 0.07627213
0.71035000 0.07628584
0.71030000 0.07629956
0.71025000 0.07631327
0.71020000 0.07632698
0.71015000 0.07634069
0.71010000 0.07635440
0.71005000 0.07636811
0.71000000 0.07638181
0.70995000 0.07639551
0.70990000 0.07640922
0.70985000 0.07642292
0.70980000 0.07643661
0.70975000 0.07645031
0.70970000 0.07646401
0.70965000 0.07647770
0.70960000 0.07649139
0.70955000 0.07650508
0.70950000 0.07651877
0.70945000 0.07653245
0.70940000 0.07654614
0.70935000 0.07655982
0.70930000 0.07657350
0.70925000 0.07658718
0.70920000 0.07660086
0.70915000 0.07661453
0.70910000 0.07662821
0.70905000 0.07664188
0.70900000 0.07665555
0.70895000 0.07666922
0.70890000 0.07668289
0.70885000 0.07669656
0.70880000 0.07671022
0.70875000 0.07672388
0.70870000 0.07673754
0.70865000 0.07675120
0.70860000 0.07676486
0.70855000 0.07677852
0.70850000 0.07679217
0.70845000 0.07680582
0.70840000 0.07681947
0.70835000 0.07683312
0.70830000 0.07684677
0.70825000 0.07686041
0.70820000 0.07687406
0.70815000 0.07688770
0.70810000 0.07690134
0.70805000 0.07691498
0.70800000 0.07692862
0.70795000 0.07694225
0.70790000 0.07695589
0.70785000 0.07696952
0.70780000 0.07698315
0.70775000 0.07699678
0.70770000 0.07701040
0.70765000 0.07702403
0.70760000 0.07703765
0.70755000 0.07705127
0.70750000 0.07706489
0.70745000 0.07707851
0.70740000 0.07709213
0.70735000 0.07710574
0.70730000 0.07711936
0.70725000 0.07713297
0.70720000 0.07714658
0.70715000 0.07716019
0.70710000 0.07717379
0.70705000 0.07718740
0.70700000 0.07720100
0.70695000 0.07721460
0.70690000 0.07722820
0.70685000 0.07724180
0.70680000 0.07725540
0.70675000 0.07726899
0.70670000 0.07728258
0.70665000 0.07729618
0.70660000 0.07730977
0.70655000 0.07732335
0.70650000 0.07733694
0.70645000 0.07735052
0.70640000 0.07736411
0.70635000 0.07737769
0.70630000 0.07739127
0.70625000 0.07740484
0.70620000 0.07741842
0.70615000 0.07743199
0.70610000 0.07744557
0.70605000 0.07745914
0.70600000 0.07747271
0.70595000 0.07748627
0.70590000 0.07749984
0.70585000 0.07751340
0.70580000 0.07752697
0.70575000 0.07754053
0.70570000 0.07755408
0.70565000 0.07756764
0.70560000 0.07758120
0.70555000 0.07759475
0.70550000 0.07760830
0.70545000 0.07762185
0.70540000 0.07763540
0.70535000 0.07764895
0.70530000 0.07766249
0.70525000 0.07767604
0.70520000 0.07768958
0.70515000 0.07770312
0.70510000 0.07771666
0.70505000 0.07773019
0.70500000 0.07774373
0.70495000 0.07775726
0.70490000 0.07777079
0.70485000 0.07778432
0.70480000 0.07779785
0.70475000 0.07781138
0.70470000 0.07782490
0.70465000 0.07783842
0.70460000 0.07785194
0.70455000 0.07786546
0.70450000 0.07787898
0.70445000 0.07789250
0.70440000 0.07790601
0.70435000 0.07791952
0.70430000 0.07793303
0.70425000 0.07794654
0.70420000 0.07796005
0.70415000 0.07797356
0.70410000 0.07798706
0.70405000 0.07800056
0.70400000 0.07801406
0.70395000 0.07802756
0.70390000 0.07804106
0.70385000 0.07805455
0.70380000 0.07806805
0.70375000 0.07808154
0.70370000 0.07809503
0.70365000 0.07810852
0.70360000 0.07812201
0.70355000 0.07813549
0.70350000 0.07814897
0.70345000 0.07816246
0.70340000 0.07817593
0.70335000 0.07818941
0.70330000 0.07820289
0.70325000 0.07821636
0.70320000 0.07822984
0.70315000 0.07824331
0.70310000 0.07825678
0.70305000 0.07827025
0.70300000 0.07828371
0.70295000 0.07829718
0.70290000 0.07831064
0.70285000 0.07832410
0.70280000 0.07833756
0.70275000 0.07835102
0.70270000 0.07836447
0.70265000 0.07837793
0.70260000 0.07839138
0.70255000 0.07840483
0.70250000 0.07841828
0.70245000 0.07843173
0.70240000 0.07844517
0.70235000 0.07845861
0.70230000 0.07847206
0.70225000 0.07848550
0.70220000 0.07849894
0.70215000 0.07851237
0.70210000 0.07852581
0.70205000 0.07853924
0.70200000 0.07855267
0.70195000 0.07856610
0.70190000 0.07857953
0.70185000 0.07859296
0.70180000 0.07860638
0.70175000 0.07861980
0.70170000 0.07863323
0.70165000 0.07864665
0.70160000 0.07866006
0.70155000 0.07867348
0.70150000 0.07868689
0.70145000 0.07870031
0.70140000 0.07871372
0.70135000 0.07872713
0.70130000 0.07874053
0.70125000 0.07875394
0.70120000 0.07876734
0.70115000 0.07878075
0.70110000 0.07879415
0.70105000 0.07880755
0.70100000 0.07882094
0.70095000 0.07883434
0.70090000 0.07884773
0.70085000 0.07886112
0.70080000 0.07887451
0.70075000 0.07888790
0.70070000 0.07890129
0.70065000 0.07891467
0.70060000 0.07892806
0.70055000 0.07894144
0.70050000 0.07895482
0.70045000 0.07896820
0.70040000 0.07898157
0.70035000 0.07899495
0.70030000 0.07900832
0.70025000 0.07902169
0.70020000 0.07903506
0.70015000 0.07904843
0.70010000 0.07906179
0.70005000 0.07907516
0.70000000 0.07908852
0.69995000 0.07910188
0.69990000 0.07911524
0.69985000 0.07912860
0.69980000 0.07914195
0.69975000 0.07915531
0.69970000 0.07916866
0.69965000 0.07918201
0.69960000 0.07919536
0.69955000 0.07920870
0.69950000 0.07922205
0.69945000 0.07923539
0.69940000 0.07924873
0.69935000 0.07926207
0.69930000 0.07927541
0.69925000 0.07928875
0.69920000 0.07930208
0.69915000 0.07931542
0.69910000 0.07932875
0.69905000 0.07934208
0.69900000 0.07935540
0.69895000 0.07936873
0.69890000 0.07938205
0.69885000 0.07939538
0.69880000 0.07940870
0.69875000 0.07942202
0.69870000 0.07943533
0.69865000 0.07944865
0.69860000 0.07946196
0.69855000 0.07947527
0.69850000 0.07948858
0.69845000 0.07950189
0.69840000 0.07951520
0.69835000 0.07952850
0.69830000 0.07954181
0.69825000 0.07955511
0.69820000 0.07956841
0.69815000 0.07958171
0.69810000 0.07959500
0.69805000 0.07960830
0.69800000 0.07962159
0.69795000 0.07963488
0.69790000 0.07964817
0.69785000 0.07966146
0.69780000 0.07967475
0.69775000 0.07968803
0.69770000 0.07970131
0.69765000 0.07971459
0.69760000 0.07972787
0.69755000 0.07974115
0.69750000 0.07975442
0.69745000 0.07976770
0.69740000 0.07978097
0.69735000 0.07979424
0.69730000 0.07980751
0.69725000 0.07982077
0.69720000 0.07983404
0.69715000 0.07984730
0.69710000 0.07986056
0.69705000 0.07987382
0.69700000 0.07988708
0.69695000 0.07990034
0.69690000 0.07991359
0.69685000 0.07992685
0.69680000 0.07994010
0.69675000 0.07995335
0.69670000 0.07996659
0.69665000 0.07997984
0.69660000 0.07999308
0.69655000 0.08000633
0.69650000 0.08001957
0.69645000 0.08003280
0.69640000 0.08004604
0.69635000 0.08005928
0.69630000 0.08007251
0.69625000 0.08008574
0.69620000 0.08009897
0.69615000 0.08011220
0.69610000 0.08012543
0.69605000 0.08013865
0.69600000 0.08015187
0.69595000 0.08016510
0.69590000 0.08017831
0.69585000 0.08019153
0.69580000 0.08020475
0.69575000 0.08021796
0.69570000 0.08023118
0.69565000 0.08024439
0.69560000 0.08025759
0.69555000 0.08027080
0.69550000 0.08028401
0.69545000 0.08029721
0.69540000 0.08031041
0.69535000 0.08032361
0.69530000 0.08033681
0.69525000 0.08035001
0.69520000 0.08036320
0.69515000 0.08037640
0.69510000 0.08038959
0.69505000 0.08040278
0.69500000 0.08041597
0.69495000 0.08042915
0.69490000 0.08044234
0.69485000 0.08045552
0.69480000 0.08046870
0.69475000 0.08048188
0.69470000 0.08049506
0.69465000 0.08050823
0.69460000 0.08052141
0.69455000 0.08053458
0.69450000 0.08054775
0.69445000 0.08056092
0.69440000 0.08057408
0.69435000 0.08058725
0.69430000 0.08060041
0.69425000 0.08061357
0.69420000 0.08062673
0.69415000 0.08063989
0.69410000 0.08065305
0.69405000 0.08066620
0.69400000 0.08067936
0.69395000 0.08069251
0.69390000 0.08070566
0.69385000 0.08071880
0.69380000 0.08073195
0.69375000 0.08074509
0.69370000 0.08075824
0.69365000 0.08077138
0.69360000 0.08078451
0.69355000 0.08079765
0.69350000 0.08081079
0.69345000 0.08082392
0.69340000 0.08083705
0.69335000 0.08085018
0.69330000 0.08086331
0.69325000 0.08087644
0.69320000 0.08088956
0.69315000 0.08090268
0.69310000 0.08091581
0.69305000 0.08092893
0.69300000 0.08094204
0.69295000 0.08095516
0.69290000 0.08096827
0.69285000 0.08098138
0.69280000 0.08099450
0.69275000 0.08100760
0.69270000 0.08102071
0.69265000 0.08103382
0.69260000 0.08104692
0.69255000 0.08106002
0.69250000 0.08107312
0.69245000 0.08108622
0.69240000 0.08109932
0.69235000 0.08111241
0.69230000 0.08112550
0.69225000 0.08113860
0.69220000 0.08115168
0.69215000 0.08116477
0.69210000 0.08117786
0.69205000 0.08119094
0.69200000 0.08120402
0.69195000 0.08121711
0.69190000 0.08123018
0.69185000 0.08124326
0.69180000 0.08125634
0.69175000 0.08126941
0.69170000 0.08128248
0.69165000 0.08129555
0.69160000 0.08130862
0.69155000 0.08132169
0.69150000 0.08133475
0.69145000 0.08134781
0.69140000 0.08136088
0.69135000 0.08137394
0.69130000 0.08138699
0.69125000 0.08140005
0.69120000 0.08141310
0.69115000 0.08142616
0.69110000 0.08143921
0.69105000 0.08145225
0.69100000 0.08146530
0.69095000 0.08147835
0.69090000 0.08149139
0.69085000 0.08150443
0.69080000 0.08151747
0.69075000 0.08153051
0.69070000 0.08154355
0.69065000 0.08155658
0.69060000 0.08156961
0.69055000 0.08158265
0.69050000 0.08159567
0.69045000 0.08160870
0.69040000 0.08162173
0.69035000 0.08163475
0.69030000 0.08164777
0.69025000 0.08166079
0.69020000 0.08167381
0.69015000 0.08168683
0.69010000 0.08169985
0.69005000 0.08171286
0.69000000 0.08172587
0.68995000 0.08173888
0.68990000 0.08175189
0.68985000 0.08176490
0.68980000 0.08177790
0.68975000 0.08179090
0.68970000 0.08180390
0.68965000 0.08181690
0.68960000 0.08182990
0.68955000 0.08184290
0.68950000 0.08185589
0.68945000 0.08186888
0.68940000 0.08188187
0.68935000 0.08189486
0.68930000 0.08190785
0.68925000 0.08192083
0.68920000 0.08193382
0.68915000 0.08194680
0.68910000 0.08195978
0.68905000 0.08197276
0.68900000 0.08198573
0.68895000 0.08199871
0.68890000 0.08201168
0.68885000 0.08202465
0.68880000 0.08203762
0.68875000 0.08205059
0.68870000 0.08206355
0.68865000 0.08207652
0.68860000 0.08208948
0.68855000 0.08210244
0.68850000 0.08211540
0.68845000 0.08212835
0.68840000 0.08214131
0.68835000 0.08215426
0.68830000 0.08216721
0.68825000 0.08218016
0.68820000 0.08219311
0.68815000 0.08220606
0.68810000 0.08221900
0.68805000 0.08223194
0.68800000 0.08224488
0.68795000 0.08225782
0.68790000 0.08227076
0.68785000 0.08228369
0.68780000 0.08229663
0.68775000 0.08230956
0.68770000 0.08232249
0.68765000 0.08233542
0.68760000 0.08234834
0.68755000 0.08236127
0.68750000 0.08237419
0.68745000 0.08238711
0.68740000 0.08240003
0.68735000 0.08241295
0.68730000 0.08242587
0.68725000 0.08243878
0.68720000 0.08245169
0.68715000 0.08246460
0.68710000 0.08247751
0.68705000 0.08249042
0.68700000 0.08250332
0.68695000 0.08251623
0.68690000 0.08252913
0.68685000 0.08254203
0.68680000 0.08255493
0.68675000 0.08256782
0.68670000 0.08258072
0.68665000 0.08259361
0.68660000 0.08260650
0.68655000 0.08261939
0.68650000 0.08263228
0.68645000 0.08264516
0.68640000 0.08265805
0.68635000 0.08267093
0.68630000 0.08268381
0.68625000 0.08269669
0.68620000 0.08270956
0.68615000 0.08272244
0.68610000 0.08273531
0.68605000 0.08274818
0.68600000 0.08276105
0.68595000 0.08277392
0.68590000 0.08278679
0.68585000 0.08279965
0.68580000 0.08281251
0.68575000 0.08282537
0.68570000 0.08283823
0.68565000 0.08285109
0.68560000 0.08286394
0.68555000 0.08287680
0.68550000 0.08288965
0.68545000 0.08290250
0.68540000 0.08291535
0.68535000 0.08292819
0.68530000 0.08294104
0.68525000 0.08295388
0.68520000 0.08296672
0.68515000 0.08297956
0.68510000 0.08299240
0.68505000 0.08300523
0.68500000 0.08301807
0.68495000 0.08303090
0.68490000 0.08304373
0.68485000 0.08305656
0.68480000 0.08306939
0.68475000 0.08308221
0.68470000 0.08309503
0.68465000 0.08310786
0.68460000 0.08312067
0.68455000 0.08313349
0.68450000 0.08314631
0.68445000 0.08315912
0.68440000 0.08317194
0.68435000 0.08318475
0.68430000 0.08319755
0.68425000 0.08321036
0.68420000 0.08322317
0.68415000 0.08323597
0.68410000 0.08324877
0.68405000 0.08326157
0.68400000 0.08327437
0.68395000 0.08328717
0.68390000 0.08329996
0.68385000 0.08331275
0.68380000 0.08332554
0.68375000 0.08333833
0.68370000 0.08335112
0.68365000 0.08336391
0.68360000 0.08337669
0.68355000 0.08338947
0.68350000 0.08340225
0.68345000 0.08341503
0.68340000 0.08342781
0.68335000 0.08344058
0.68330000 0.08345336
0.68325000 0.08346613
0.68320000 0.08347890
0.68315000 0.08349166
0.68310000 0.08350443
0.68305000 0.08351719
0.68300000 0.08352996
0.68295000 0.08354272
0.68290000 0.08355548
0.68285000 0.08356823
0.68280000 0.08358099
0.68275000 0.08359374
0.68270000 0.08360649
0.68265000 0.08361924
0.68260000 0.08363199
0.68255000 0.08364474
0.68250000 0.08365748
0.68245000 0.08367022
0.68240000 0.08368297
0.68235000 0.08369570
0.68230000 0.08370844
0.68225000 0.08372118
0.68220000 0.08373391
0.68215000 0.08374664
0.68210000 0.08375937
0.68205000 0.08377210
0.68200000 0.08378483
0.68195000 0.08379755
0.68190000 0.08381028
0.68185000 0.08382300
0.68180000 0.08383572
0.68175000 0.08384843
0.68170000 0.08386115
0.68165000 0.08387386
0.68160000 0.08388658
0.68155000 0.08389929
0.68150000 0.08391199
0.68145000 0.08392470
0.68140000 0.08393741
0.68135000 0.08395011
0.68130000 0.08396281
0.68125000 0.08397551
0.68120000 0.08398821
0.68115000 0.08400090
0.68110000 0.08401360
0.68105000 0.08402629
0.68100000 0.08403898
0.68095000 0.08405167
0.68090000 0.08406436
0.68085000 0.08407704
0.68080000 0.08408973
0.68075000 0.08410241
0.68070000 0.08411509
0.68065000 0.08412777
0.68060000 0.08414044
0.68055000 0.08415312
0.68050000 0.08416579
0.68045000 0.08417846
0.68040000 0.08419113
0.68035000 0.08420380
0.68030000 0.08421646
0.68025000 0.08422913
0.68020000 0.08424179
0.68015000 0.08425445
0.68010000 0.08426711
0.68005000 0.08427976
0.68000000 0.08429242
0.67995000 0.08430507
0.67990000 0.08431772
0.67985000 0.08433037
0.67980000 0.08434302
0.67975000 0.08435567
0.67970000 0.08436831
0.67965000 0.08438095
0.67960000 0.08439359
0.67955000 0.08440623
0.67950000 0.08441887
0.67945000 0.08443150
0.67940000 0.08444414
0.67935000 0.08445677
0.67930000 0.08446940
0.67925000 0.08448202
0.67920000 0.08449465
0.67915000 0.08450727
0.67910000 0.08451990
0.67905000 0.08453252
0.67900000 0.08454514
0.67895000 0.08455775
0.67890000 0.08457037
0.67885000 0.08458298
0.67880000 0.08459559
0.67875000 0.08460820
0.67870000 0.08462081
0.67865000 0.08463342
0.67860000 0.08464602
0.67855000 0.08465862
0.67850000 0.08467123
0.67845000 0.08468382
0.67840000 0.08469642
0.67835000 0.08470902
0.67830000 0.08472161
0.67825000 0.08473420
0.67820000 0.08474679
0.67815000 0.08475938
0.67810000 0.08477197
0.67805000 0.08478455
0.67800000 0.08479713
0.67795000 0.08480972
0.67790000 0.08482229
0.67785000 0.08483487
0.67780000 0.08484745
0.67775000 0.08486002
0.67770000 0.08487259
0.67765000 0.08488516
0.67760000 0.08489773
0.67755000 0.08491030
0.67750000 0.08492286
0.67745000 0.08493543
0.67740000 0.08494799
0.67735000 0.08496055
0.67730000 0.08497311
0.67725000 0.08498566
0.67720000 0.08499821
0.67715000 0.08501077
0.67710000 0.08502332
0.67705000 0.08503587
0.67700000 0.08504841
0.67695000 0.08506096
0.67690000 0.08507350
0.67685000 0.08508604
0.67680000 0.08509858
0.67675000 0.08511112
0.67670000 0.08512366
0.67665000 0.08513619
0.67660000 0.08514872
0.67655000 0.08516125
0.67650000 0.08517378
0.67645000 0.08518631
0.67640000 0.08519883
0.67635000 0.08521136
0.67630000 0.08522388
0.67625000 0.08523640
0.67620000 0.08524892
0.67615000 0.08526143
0.67610000 0.08527395
0.67605000 0.08528646
0.67600000 0.08529897
0.67595000 0.08531148
0.67590000 0.08532399
0.67585000 0.08533649
0.67580000 0.08534900
0.67575000 0.08536150
0.67570000 0.08537400
0.67565000 0.08538649
0.67560000 0.08539899
0.67555000 0.08541149
0.67550000 0.08542398
0.67545000 0.08543647
0.67540000 0.08544896
0.67535000 0.08546145
0.67530000 0.08547393
0.67525000 0.08548641
0.67520000 0.08549890
0.67515000 0.08551138
0.67510000 0.08552385
0.67505000 0.08553633
0.67500000 0.08554881
0.67495000 0.08556128
0.67490000 0.08557375
0.67485000 0.08558622
0.67480000 0.08559869
0.67475000 0.08561115
0.67470000 0.08562362
0.67465000 0.08563608
0.67460000 0.08564854
0.67455000 0.08566100
0.67450000 0.08567345
0.67445000 0.08568591
0.67440000 0.08569836
0.67435000 0.08571081
0.67430000 0.08572326
0.67425000 0.08573571
0.67420000 0.08574815
0.67415000 0.08576060
0.67410000 0.08577304
0.67405000 0.08578548
0.67400000 0.08579792
0.67395000 0.08581036
0.67390000 0.08582279
0.67385000 0.08583522
0.67380000 0.08584766
0.67375000 0.08586008
0.67370000 0.08587251
0.67365000 0.08588494
0.67360000 0.08589736
0.67355000 0.08590978
0.67350000 0.08592221
0.67345000 0.08593462
0.67340000 0.08594704
0.67335000 0.08595946
0.67330000 0.08597187
0.67325000 0.08598428
0.67320000 0.08599669
0.67315000 0.08600910
0.67310000 0.08602150
0.67305000 0.08603391
0.67300000 0.08604631
0.67295000 0.08605871
0.67290000 0.08607111
0.67285000 0.08608351
0.67280000 0.08609590
0.67275000 0.08610829
0.67270000 0.08612069
0.67265000 0.08613308
0.67260000 0.08614546
0.67255000 0.08615785
0.67250000 0.08617023
0.67245000 0.08618262
0.67240000 0.08619500
0.67235000 0.08620738
0.67230000 0.08621975
0.67225000 0.08623213
0.67220000 0.08624450
0.67215000 0.08625687
0.67210000 0.08626924
0.67205000 0.08628161
0.67200000 0.08629398
0.67195000 0.08630634
0.67190000 0.08631870
0.67185000 0.08633107
0.67180000 0.08634342
0.67175000 0.08635578
0.67170000 0.08636814
0.67165000 0.08638049
0.67160000 0.08639284
0.67155000 0.08640519
0.67150000 0.08641754
0.67145000 0.08642989
0.67140000 0.08644223
0.67135000 0.08645457
0.67130000 0.08646691
0.67125000 0.08647925
0.67120000 0.08649159
0.67115000 0.08650393
0.67110000 0.08651626
0.67105000 0.08652859
0.67100000 0.08654092
0.67095000 0.08655325
0.67090000 0.08656558
0.67085000 0.08657790
0.67080000 0.08659022
0.67075000 0.08660254
0.67070000 0.08661486
0.67065000 0.08662718
0.67060000 0.08663950
0.67055000 0.08665181
0.67050000 0.08666412
0.67045000 0.08667643
0.67040000 0.08668874
0.67035000 0.08670105
0.67030000 0.08671335
0.67025000 0.08672565
0.67020000 0.08673795
0.67015000 0.08675025
0.67010000 0.08676255
0.67005000 0.08677485
0.67000000 0.08678714
0.66995000 0.08679943
0.66990000 0.08681172
0.66985000 0.08682401
0.66980000 0.08683630
0.66975000 0.08684858
0.66970000 0.08686086
0.66965000 0.08687314
0.66960000 0.08688542
0.66955000 0.08689770
0.66950000 0.08690998
0.66945000 0.08692225
0.66940000 0.08693452
0.66935000 0.08694679
0.66930000 0.08695906
0.66925000 0.08697133
0.66920000 0.08698359
0.66915000 0.08699586
0.66910000 0.08700812
0.66905000 0.08702038
0.66900000 0.08703263
0.66895000 0.08704489
0.66890000 0.08705714
0.66885000 0.08706939
0.66880000 0.08708164
0.66875000 0.08709389
0.66870000 0.08710614
0.66865000 0.08711838
0.66860000 0.08713063
0.66855000 0.08714287
0.66850000 0.08715511
0.66845000 0.08716735
0.66840000 0.08717958
0.66835000 0.08719181
0.66830000 0.08720405
0.66825000 0.08721628
0.66820000 0.08722851
0.66815000 0.08724073
0.66810000 0.08725296
0.66805000 0.08726518
0.66800000 0.08727740
0.66795000 0.08728962
0.66790000 0.08730184
0.66785000 0.08731405
0.66780000 0.08732627
0.66775000 0.08733848
0.66770000 0.08735069
0.66765000 0.08736290
0.66760000 0.08737511
0.66755000 0.08738731
0.66750000 0.08739951
0.66745000 0.08741171
0.66740000 0.08742391
0.66735000 0.08743611
0.66730000 0.08744831
0.66725000 0.08746050
0.66720000 0.08747269
0.66715000 0.08748488
0.66710000 0.08749707
0.66705000 0.08750926
0.66700000 0.08752144
0.66695000 0.08753363
0.66690000 0.08754581
0.66685000 0.08755799
0.66680000 0.08757016
0.66675000 0.08758234
0.66670000 0.08759451
0.66665000 0.08760669
0.66660000 0.08761886
0.66655000 0.08763103
0.66650000 0.08764319
0.66645000 0.08765536
0.66640000 0.08766752
0.66635000 0.08767968
0.66630000 0.08769184
0.66625000 0.08770400
0.66620000 0.08771615
0.66615000 0.08772831
0.66610000 0.08774046
0.66605000 0.08775261
0.66600000 0.08776476
0.66595000 0.08777691
0.66590000 0.08778905
0.66585000 0.08780119
0.66580000 0.08781334
0.66575000 0.08782547
0.66570000 0.08783761
0.66565000 0.08784975
0.66560000 0.08786188
0.66555000 0.08787401
0.66550000 0.08788615
0.66545000 0.08789827
0.66540000 0.08791040
0.66535000 0.08792253
0.66530000 0.08793465
0.66525000 0.08794677
0.66520000 0.08795889
0.66515000 0.08797101
0.66510000 0.08798312
0.66505000 0.08799524
0.66500000 0.08800735
0.66495000 0.08801946
0.66490000 0.08803157
0.66485000 0.08804367
0.66480000 0.08805578
0.66475000 0.08806788
0.66470000 0.08807998
0.66465000 0.08809208
0.66460000 0.08810418
0.66455000 0.08811628
0.66450000 0.08812837
0.66445000 0.08814046
0.66440000 0.08815255
0.66435000 0.08816464
0.66430000 0.08817673
0.66425000 0.08818881
0.66420000 0.08820090
0.66415000 0.08821298
0.66410000 0.08822506
0.66405000 0.08823714
0.66400000 0.08824921
0.66395000 0.08826129
0.66390000 0.08827336
0.66385000 0.08828543
0.66380000 0.08829750
0.66375000 0.08830956
0.66370000 0.08832163
0.66365000 0.08833369
0.66360000 0.08834575
0.66355000 0.08835781
0.66350000 0.08836987
0.66345000 0.08838193
0.66340000 0.08839398
0.66335000 0.08840603
0.66330000 0.08841808
0.66325000 0.08843013
0.66320000 0.08844218
0.66315000 0.08845422
0.66310000 0.08846627
0.66305000 0.08847831
0.66300000 0.08849035
0.66295000 0.08850238
0.66290000 0.08851442
0.66285000 0.08852645
0.66280000 0.08853849
0.66275000 0.08855052
0.66270000 0.08856255
0.66265000 0.08857457
0.66260000 0.08858660
0.66255000 0.08859862
0.66250000 0.08861064
0.66245000 0.08862266
0.66240000 0.08863468
0.66235000 0.08864669
0.66230000 0.08865871
0.66225000 0.08867072
0.66220000 0.08868273
0.66215000 0.08869474
0.66210000 0.08870675
0.66205000 0.08871875
0.66200000 0.08873075
0.66195000 0.08874276
0.66190000 0.08875475
0.66185000 0.08876675
0.66180000 0.08877875
0.66175000 0.08879074
0.66170000 0.08880273
0.66165000 0.08881472
0.66160000 0.08882671
0.66155000 0.08883870
0.66150000 0.08885068
0.66145000 0.08886267
0.66140000 0.08887465
0.66135000 0.08888663
0.66130000 0.08889861
0.66125000 0.08891058
0.66120000 0.08892256
0.66115000 0.08893453
0.66110000 0.08894650
0.66105000 0.08895847
0.66100000 0.08897043
0.66095000 0.08898240
0.66090000 0.08899436
0.66085000 0.08900632
0.66080000 0.08901828
0.66075000 0.08903024
0.66070000 0.08904220
0.66065000 0.08905415
0.66060000 0.08906610
0.66055000 0.08907805
0.66050000 0.08909000
0.66045000 0.08910195
0.66040000 0.08911389
0.66035000 0.08912584
0.66030000 0.08913778
0.66025000 0.08914972
0.66020000 0.08916165
0.66015000 0.08917359
0.66010000 0.08918552
0.66005000 0.08919746
0.66000000 0.08920939
0.65995000 0.08922131
0.65990000 0.08923324
0.65985000 0.08924517
0.65980000 0.08925709
0.65975000 0.08926901
0.65970000 0.08928093
0.65965000 0.08929285
0.65960000 0.08930476
0.65955000 0.08931668
0.65950000 0.08932859
0.65945000 0.08934050
0.65940000 0.08935241
0.65935000 0.08936431
0.65930000 0.08937622
0.65925000 0.08938812
0.65920000 0.08940002
0.65915000 0.08941192
0.65910000 0.08942382
0.65905000 0.08943572
0.65900000 0.08944761
0.65895000 0.08945950
0.65890000 0.08947139
0.65885000 0.08948328
0.65880000 0.08949517
0.65875000 0.08950705
0.65870000 0.08951893
0.65865000 0.08953082
0.65860000 0.08954269
0.65855000 0.08955457
0.65850000 0.08956645
0.65845000 0.08957832
0.65840000 0.08959019
0.65835000 0.08960206
0.65830000 0.08961393
0.65825000 0.08962580
0.65820000 0.08963766
0.65815000 0.08964953
0.65810000 0.08966139
0.65805000 0.08967325
0.65800000 0.08968510
0.65795000 0.08969696
0.65790000 0.08970881
0.65785000 0.08972067
0.65780000 0.08973252
0.65775000 0.08974436
0.65770000 0.08975621
0.65765000 0.08976806
0.65760000 0.08977990
0.65755000 0.08979174
0.65750000 0.08980358
0.65745000 0.08981542
0.65740000 0.08982725
0.65735000 0.08983909
0.65730000 0.08985092
0.65725000 0.08986275
0.65720000 0.08987458
0.65715000 0.08988640
0.65710000 0.08989823
0.65705000 0.08991005
0.65700000 0.08992187
0.65695000 0.08993369
0.65690000 0.08994551
0.65685000 0.08995732
0.65680000 0.08996914
0.65675000 0.08998095
0.65670000 0.08999276
0.65665000 0.09000457
0.65660000 0.09001637
0.65655000 0.09002818
0.65650000 0.09003998
0.65645000 0.09005178
0.65640000 0.09006358
0.65635000 0.09007538
0.65630000 0.09008717
0.65625000 0.09009897
0.65620000 0.09011076
0.65615000 0.09012255
0.65610000 0.09013434
0.65605000 0.09014613
0.65600000 0.09015791
0.65595000 0.09016969
0.65590000 0.09018147
0.65585000 0.09019325
0.65580000 0.09020503
0.65575000 0.09021681
0.65570000 0.09022858
0.65565000 0.09024035
0.65560000 0.09025212
0.65555000 0.09026389
0.65550000 0.09027566
0.65545000 0.09028742
0.65540000 0.09029918
0.65535000 0.09031094
0.65530000 0.09032270
0.65525000 0.09033446
0.65520000 0.09034622
0.65515000 0.09035797
0.65510000 0.09036972
0.65505000 0.09038147
0.65500000 0.09039322
0.65495000 0.09040497
0.65490000 0.09041671
0.65485000 0.09042845
0.65480000 0.09044019
0.65475000 0.09045193
0.65470000 0.09046367
0.65465000 0.09047541
0.65460000 0.09048714
0.65455000 0.09049887
0.65450000 0.09051060
0.65445000 0.09052233
0.65440000 0.09053406
0.65435000 0.09054578
0.65430000 0.09055750
0.65425000 0.09056922
0.65420000 0.09058094
0.65415000 0.09059266
0.65410000 0.09060438
0.65405000 0.09061609
0.65400000 0.09062780
0.65395000 0.09063951
0.65390000 0.09065122
0.65385000 0.09066292
0.65380000 0.09067463
0.65375000 0.09068633
0.65370000 0.09069803
0.65365000 0.09070973
0.65360000 0.09072143
0.65355000 0.09073312
0.65350000 0.09074482
0.65345000 0.09075651
0.65340000 0.09076820
0.65335000 0.09077989
0.65330000 0.09079157
0.65325000 0.09080326
0.65320000 0.09081494
0.65315000 0.09082662
0.65310000 0.09083830
0.65305000 0.09084998
0.65300000 0.09086165
0.65295000 0.09087333
0.65290000 0.09088500
0.65285000 0.09089667
0.65280000 0.09090834
0.65275000 0.09092000
0.65270000 0.09093167
0.65265000 0.09094333
0.65260000 0.09095499
0.65255000 0.09096665
0.65250000 0.09097831
0.65245000 0.09098996
0.65240000 0.09100161
0.65235000 0.09101327
0.65230000 0.09102492
0.65225000 0.09103656
0.65220000 0.09104821
0.65215000 0.09105985
0.65210000 0.09107150
0.65205000 0.09108314
0.65200000 0.09109478
0.65195000 0.09110641
0.65190000 0.09111805
0.65185000 0.09112968
0.65180000 0.09114131
0.65175000 0.09115294
0.65170000 0.09116457
0.65165000 0.09117620
0.65160000 0.09118782
0.65155000 0.09119944
0.65150000 0.09121107
0.65145000 0.09122268
0.65140000 0.09123430
0.65135000 0.09124592
0.65130000 0.09125753
0.65125000 0.09126914
0.65120000 0.09128075
0.65115000 0.09129236
0.65110000 0.09130396
0.65105000 0.09131557
0.65100000 0.09132717
0.65095000 0.09133877
0.65090000 0.09135037
0.65085000 0.09136197
0.65080000 0.09137356
0.65075000 0.09138516
0.65070000 0.09139675
0.65065000 0.09140834
0.65060000 0.09141993
0.65055000 0.09143151
0.65050000 0.09144310
0.65045000 0.09145468
0.65040000 0.09146626
0.65035000 0.09147784
0.65030000 0.09148941
0.65025000 0.09150099
0.65020000 0.09151256
0.65015000 0.09152413
0.65010000 0.09153570
0.65005000 0.09154727
0.65000000 0.09155884
0.64995000 0.09157040
0.64990000 0.09158196
0.64985000 0.09159353
0.64980000 0.09160508
0.64975000 0.09161664
0.64970000 0.09162820
0.64965000 0.09163975
0.64960000 0.09165130
0.64955000 0.09166285
0.64950000 0.09167440
0.64945000 0.09168594
0.64940000 0.09169749
0.64935000 0.09170903
0.64930000 0.09172057
0.64925000 0.09173211
0.64920000 0.09174365
0.64915000 0.09175518
0.64910000 0.09176672
0.64905000 0.09177825
0.64900000 0.09178978
0.64895000 0.09180130
0.64890000 0.09181283
0.64885000 0.09182435
0.64880000 0.09183588
0.64875000 0.09184740
0.64870000 0.09185892
0.64865000 0.09187043
0.64860000 0.09188195
0.64855000 0.09189346
0.64850000 0.09190497
0.64845000 0.09191648
0.64840000 0.09192799
0.64835000 0.09193950
0.64830000 0.09195100
0.64825000 0.09196250
0.64820000 0.09197400
0.64815000 0.09198550
0.64810000 0.09199700
0.64805000 0.09200849
0.64800000 0.09201999
0.64795000 0.09203148
0.64790000 0.09204297
0.64785000 0.09205445
0.64780000 0.09206594
0.64775000 0.09207742
0.64770000 0.09208891
0.64765000 0.09210039
0.64760000 0.09211187
0.64755000 0.09212334
0.64750000 0.09213482
0.64745000 0.09214629
0.64740000 0.09215776
0.64735000 0.09216923
0.64730000 0.09218070
0.64725000 0.09219216
0.64720000 0.09220363
0.64715000 0.09221509
0.64710000 0.09222655
0.64705000 0.09223801
0.64700000 0.09224947
0.64695000 0.09226092
0.64690000 0.09227238
0.64685000 0.09228383
0.64680000 0.09229528
0.64675000 0.09230672
0.64670000 0.09231817
0.64665000 0.09232961
0.64660000 0.09234106
0.64655000 0.09235250
0.64650000 0.09236393
0.64645000 0.09237537
0.64640000 0.09238681
0.64635000 0.09239824
0.64630000 0.09240967
0.64625000 0.09242110
0.64620000 0.09243253
0.64615000 0.09244395
0.64610000 0.09245538
0.64605000 0.09246680
0.64600000 0.09247822
0.64595000 0.09248964
0.64590000 0.09250106
0.64585000 0.09251247
0.64580000 0.09252388
0.64575000 0.09253529
0.64570000 0.09254670
0.64565000 0.09255811
0.64560000 0.09256952
0.64555000 0.09258092
0.64550000 0.09259232
0.64545000 0.09260372
0.64540000 0.09261512
0.64535000 0.09262652
0.64530000 0.09263791
0.64525000 0.09264931
0.64520000 0.09266070
0.64515000 0.09267209
0.64510000 0.09268348
0.64505000 0.09269486
0.64500000 0.09270625
0.64495000 0.09271763
0.64490000 0.09272901
0.64485000 0.09274039
0.64480000 0.09275176
0.64475000 0.09276314
0.64470000 0.09277451
0.64465000 0.09278588
0.64460000 0.09279725
0.64455000 0.09280862
0.64450000 0.09281999
0.64445000 0.09283135
0.64440000 0.09284271
0.64435000 0.09285407
0.64430000 0.09286543
0.64425000 0.09287679
0.64420000 0.09288814
0.64415000 0.09289949
0.64410000 0.09291085
0.64405000 0.09292220
0.64400000 0.09293354
0.64395000 0.09294489
0.64390000 0.09295623
0.64385000 0.09296758
0.64380000 0.09297892
0.64375000 0.09299025
0.64370000 0.09300159
0.64365000 0.09301293
0.64360000 0.09302426
0.64355000 0.09303559
0.64350000 0.09304692
0.64345000 0.09305825
0.64340000 0.09306957
0.64335000 0.09308090
0.64330000 0.09309222
0.64325000 0.09310354
0.64320000 0.09311486
0.64315000 0.09312617
0.64310000 0.09313749
0.64305000 0.09314880
0.64300000 0.09316011
0.64295000 0.09317142
0.64290000 0.09318273
0.64285000 0.09319404
0.64280000 0.09320534
0.64275000 0.09321664
0.64270000 0.09322794
0.64265000 0.09323924
0.64260000 0.09325054
0.64255000 0.09326183
0.64250000 0.09327313
0.64245000 0.09328442
0.64240000 0.09329571
0.64235000 0.09330699
0.64230000 0.09331828
0.64225000 0.09332956
0.64220000 0.09334085
0.64215000 0.09335213
0.64210000 0.09336340
0.64205000 0.09337468
0.64200000 0.09338596
0.64195000 0.09339723
0.64190000 0.09340850
0.64185000 0.09341977
0.64180000 0.09343104
0.64175000 0.09344230
0.64170000 0.09345357
0.64165000 0.09346483
0.64160000 0.09347609
0.64155000 0.09348735
0.64150000 0.09349860
0.64145000 0.09350986
0.64140000 0.09352111
0.64135000 0.09353236
0.64130000 0.09354361
0.64125000 0.09355486
0.64120000 0.09356611
0.64115000 0.09357735
0.64110000 0.09358859
0.64105000 0.09359983
0.64100000 0.09361107
0.64095000 0.09362231
0.64090000 0.09363354
0.64085000 0.09364478
0.64080000 0.09365601
0.64075000 0.09366724
0.64070000 0.09367846
0.64065000 0.09368969
0.64060000 0.09370091
0.64055000 0.09371214
0.64050000 0.09372336
0.64045000 0.09373458
0.64040000 0.09374579
0.64035000 0.09375701
0.64030000 0.09376822
0.64025000 0.09377943
0.64020000 0.09379064
0.64015000 0.09380185
0.64010000 0.09381305
0.64005000 0.09382426
0.64000000 0.09383546
0.63995000 0.09384666
0.63990000 0.09385786
0.63985000 0.09386906
0.63980000 0.09388025
0.63975000 0.09389144
0.63970000 0.09390264
0.63965000 0.09391383
0.63960000 0.09392501
0.63955000 0.09393620
0.63950000 0.09394738
0.63945000 0.09395857
0.63940000 0.09396975
0.63935000 0.09398092
0.63930000 0.09399210
0.63925000 0.09400328
0.63920000 0.09401445
0.63915000 0.09402562
0.63910000 0.09403679
0.63905000 0.09404796
0.63900000 0.09405912
0.63895000 0.09407029
0.63890000 0.09408145
0.63885000 0.09409261
0.63880000 0.09410377
0.63875000 0.09411493
0.63870000 0.09412608
0.63865000 0.09413723
0.63860000 0.09414839
0.63855000 0.09415953
0.63850000 0.09417068
0.63845000 0.09418183
0.63840000 0.09419297
0.63835000 0.09420411
0.63830000 0.09421526
0.63825000 0.09422639
0.63820000 0.09423753
0.63815000 0.09424867
0.63810000 0.09425980
0.63805000 0.09427093
0.63800000 0.09428206
0.63795000 0.09429319
0.63790000 0.09430431
0.63785000 0.09431544
0.63780000 0.09432656
0.63775000 0.09433768
0.63770000 0.09434880
0.63765000 0.09435992
0.63760000 0.09437103
0.63755000 0.09438214
0.63750000 0.09439326
0.63745000 0.09440437
0.63740000 0.09441547
0.63735000 0.09442658
0.63730000 0.09443768
0.63725000 0.09444879
0.63720000 0.09445989
0.63715000 0.09447099
0.63710000 0.09448208
0.63705000 0.09449318
0.63700000 0.09450427
0.63695000 0.09451536
0.63690000 0.09452645
0.63685000 0.09453754
0.63680000 0.09454863
0.63675000 0.09455971
0.63670000 0.09457079
0.63665000 0.09458187
0.63660000 0.09459295
0.63655000 0.09460403
0.63650000 0.09461510
0.63645000 0.09462618
0.63640000 0.09463725
0.63635000 0.09464832
0.63630000 0.09465939
0.63625000 0.09467045
0.63620000 0.09468152
0.63615000 0.09469258
0.63610000 0.09470364
0.63605000 0.09471470
0.63600000 0.09472576
0.63595000 0.09473681
0.63590000 0.09474786
0.63585000 0.09475892
0.63580000 0.09476997
0.63575000 0.09478101
0.63570000 0.09479206
0.63565000 0.09480310
0.63560000 0.09481415
0.63555000 0.09482519
0.63550000 0.09483623
0.63545000 0.09484726
0.63540000 0.09485830
0.63535000 0.09486933
0.63530000 0.09488036
0.63525000 0.09489139
0.63520000 0.09490242
0.63515000 0.09491345
0.63510000 0.09492447
0.63505000 0.09493550
0.63500000 0.09494652
0.63495000 0.09495754
0.63490000 0.09496855
0.63485000 0.09497957
0.63480000 0.09499058
0.63475000 0.09500159
0.63470000 0.09501260
0.63465000 0.09502361
0.63460000 0.09503462
0.63455000 0.09504562
0.63450000 0.09505662
0.63445000 0.09506763
0.63440000 0.09507862
0.63435000 0.09508962
0.63430000 0.09510062
0.63425000 0.09511161
0.63420000 0.09512260
0.63415000 0.09513359
0.63410000 0.09514458
0.63405000 0.09515557
0.63400000 0.09516655
0.63395000 0.09517753
0.63390000 0.09518852
0.63385000 0.09519950
0.63380000 0.09521047
0.63375000 0.09522145
0.63370000 0.09523242
0.63365000 0.09524339
0.63360000 0.09525436
0.63355000 0.09526533
0.63350000 0.09527630
0.63345000 0.09528726
0.63340000 0.09529823
0.63335000 0.09530919
0.63330000 0.09532015
0.63325000 0.09533110
0.63320000 0.09534206
0.63315000 0.09535301
0.63310000 0.09536397
0.63305000 0.09537492
0.63300000 0.09538586
0.63295000 0.09539681
0.63290000 0.09540775
0.63285000 0.09541870
0.63280000 0.09542964
0.63275000 0.09544058
0.63270000 0.09545152
0.63265000 0.09546245
0.63260000 0.09547339
0.63255000 0.09548432
0.63250000 0.09549525
0.63245000 0.09550618
0.63240000 0.09551710
0.63235000 0.09552803
0.63230000 0.09553895
0.63225000 0.09554987
0.63220000 0.09556079
0.63215000 0.09557171
0.63210000 0.09558263
0.63205000 0.09559354
0.63200000 0.09560445
0.63195000 0.09561536
0.63190000 0.09562627
0.63185000 0.09563718
0.63180000 0.09564808
0.63175000 0.09565899
0.63170000 0.09566989
0.63165000 0.09568079
0.63160000 0.09569168
0.63155000 0.09570258
0.63150000 0.09571347
0.63145000 0.09572437
0.63140000 0.09573526
0.63135000 0.09574615
0.63130000 0.09575703
0.63125000 0.09576792
0.63120000 0.09577880
0.63115000 0.09578968
0.63110000 0.09580056
0.63105000 0.09581144
0.63100000 0.09582232
0.63095000 0.09583319
0.63090000 0.09584406
0.63085000 0.09585493
0.63080000 0.09586580
0.63075000 0.09587667
0.63070000 0.09588753
0.63065000 0.09589840
0.63060000 0.09590926
0.63055000 0.09592012
0.63050000 0.09593098
0.63045000 0.09594183
0.63040000 0.09595269
0.63035000 0.09596354
0.63030000 0.09597439
0.63025000 0.09598524
0.63020000 0.09599609
0.63015000 0.09600693
0.63010000 0.09601778
0.63005000 0.09602862
0.63000000 0.09603946
0.62995000 0.09605030
0.62990000 0.09606113
0.62985000 0.09607197
0.62980000 0.09608280
0.62975000 0.09609363
0.62970000 0.09610446
0.62965000 0.09611529
0.62960000 0.09612611
0.62955000 0.09613693
0.62950000 0.09614776
0.62945000 0.09615858
0.62940000 0.09616940
0.62935000 0.09618021
0.62930000 0.09619103
0.62925000 0.09620184
0.62920000 0.09621265
0.62915000 0.09622346
0.62910000 0.09623427
0.62905000 0.09624507
0.62900000 0.09625588
0.62895000 0.09626668
0.62890000 0.09627748
0.62885000 0.09628828
0.62880000 0.09629907
0.62875000 0.09630987
0.62870000 0.09632066
0.62865000 0.09633145
0.62860000 0.09634224
0.62855000 0.09635303
0.62850000 0.09636381
0.62845000 0.09637460
0.62840000 0.09638538
0.62835000 0.09639616
0.62830000 0.09640694
0.62825000 0.09641772
0.62820000 0.09642849
0.62815000 0.09643926
0.62810000 0.09645004
0.62805000 0.09646081
0.62800000 0.09647157
0.62795000 0.09648234
0.62790000 0.09649310
0.62785000 0.09650387
0.62780000 0.09651463
0.62775000 0.09652538
0.62770000 0.09653614
0.62765000 0.09654690
0.62760000 0.09655765
0.62755000 0.09656840
0.62750000 0.09657915
0.62745000 0.09658990
0.62740000 0.09660065
0.62735000 0.09661139
0.62730000 0.09662213
0.62725000 0.09663287
0.62720000 0.09664361
0.62715000 0.09665435
0.62710000 0.09666508
0.62705000 0.09667582
0.62700000 0.09668655
0.62695000 0.09669728
0.62690000 0.09670801
0.62685000 0.09671873
0.62680000 0.09672946
0.62675000 0.09674018
0.62670000 0.09675090
0.62665000 0.09676162
0.62660000 0.09677234
0.62655000 0.09678305
0.62650000 0.09679377
0.62645000 0.09680448
0.62640000 0.09681519
0.62635000 0.09682590
0.62630000 0.09683660
0.62625000 0.09684731
0.62620000 0.09685801
0.62615000 0.09686871
0.62610000 0.09687941
0.62605000 0.09689011
0.62600000 0.09690080
0.62595000 0.09691150
0.62590000 0.09692219
0.62585000 0.09693288
0.62580000 0.09694357
0.62575000 0.09695425
0.62570000 0.09696494
0.62565000 0.09697562
0.62560000 0.09698630
0.62555000 0.09699698
0.62550000 0.09700766
0.62545000 0.09701834
0.62540000 0.09702901
0.62535000 0.09703968
0.62530000 0.09705035
0.62525000 0.09706102
0.62520000 0.09707169
0.62515000 0.09708235
0.62510000 0.09709302
0.62505000 0.09710368
0.62500000 0.09711434
0.62495000 0.09712500
0.62490000 0.09713565
0.62485000 0.09714631
0.62480000 0.09715696
0.62475000 0.09716761
0.62470000 0.09717826
0.62465000 0.09718890
0.62460000 0.09719955
0.62455000 0.09721019
0.62450000 0.09722084
0.62445000 0.09723148
0.62440000 0.09724211
0.62435000 0.09725275
0.62430000 0.09726338
0.62425000 0.09727402
0.62420000 0.09728465
0.62415000 0.09729528
0.62410000 0.09730590
0.62405000 0.09731653
0.62400000 0.09732715
0.62395000 0.09733777
0.62390000 0.09734839
0.62385000 0.09735901
0.62380000 0.09736963
0.62375000 0.09738024
0.62370000 0.09739086
0.62365000 0.09740147
0.62360000 0.09741208
0.62355000 0.09742268
0.62350000 0.09743329
0.62345000 0.09744389
0.62340000 0.09745450
0.62335000 0.09746510
0.62330000 0.09747569
0.62325000 0.09748629
0.62320000 0.09749689
0.62315000 0.09750748
0.62310000 0.09751807
0.62305000 0.09752866
0.62300000 0.09753925
0.62295000 0.09754983
0.62290000 0.09756042
0.62285000 0.09757100
0.62280000 0.09758158
0.62275000 0.09759216
0.62270000 0.09760274
0.62265000 0.09761331
0.62260000 0.09762388
0.62255000 0.09763446
0.62250000 0.09764503
0.62245000 0.09765559
0.62240000 0.09766616
0.62235000 0.09767672
0.62230000 0.09768729
0.62225000 0.09769785
0.62220000 0.09770841
0.62215000 0.09771896
0.62210000 0.09772952
0.62205000 0.09774007
0.62200000 0.09775062
0.62195000 0.09776117
0.62190000 0.09777172
0.62185000 0.09778227
0.62180000 0.09779281
0.62175000 0.09780336
0.62170000 0.09781390
0.62165000 0.09782444
0.62160000 0.09783497
0.62155000 0.09784551
0.62150000 0.09785604
0.62145000 0.09786658
0.62140000 0.09787711
0.62135000 0.09788763
0.62130000 0.09789816
0.62125000 0.09790869
0.62120000 0.09791921
0.62115000 0.09792973
0.62110000 0.09794025
0.62105000 0.09795077
0.62100000 0.09796128
0.62095000 0.09797180
0.62090000 0.09798231
0.62085000 0.09799282
0.62080000 0.09800333
0.62075000 0.09801384
0.62070000 0.09802434
0.62065000 0.09803484
0.62060000 0.09804535
0.62055000 0.09805585
0.62050000 0.09806634
0.62045000 0.09807684
0.62040000 0.09808733
0.62035000 0.09809783
0.62030000 0.09810832
0.62025000 0.09811881
0.62020000 0.09812929
0.62015000 0.09813978
0.62010000 0.09815026
0.62005000 0.09816074
0.62000000 0.09817122
0.61995000 0.09818170
0.61990000 0.09819218
0.61985000 0.09820265
0.61980000 0.09821313
0.61975000 0.09822360
0.61970000 0.09823407
0.61965000 0.09824453
0.61960000 0.09825500
0.61955000 0.09826546
0.61950000 0.09827593
0.61945000 0.09828639
0.61940000 0.09829685
0.61935000 0.09830730
0.61930000 0.09831776
0.61925000 0.09832821
0.61920000 0.09833866
0.61915000 0.09834911
0.61910000 0.09835956
0.61905000 0.09837000
0.61900000 0.09838045
0.61895000 0.09839089
0.61890000 0.09840133
0.61885000 0.09841177
0.61880000 0.09842221
0.61875000 0.09843264
0.61870000 0.09844308
0.61865000 0.09845351
0.61860000 0.09846394
0.61855000 0.09847437
0.61850000 0.09848479
0.61845000 0.09849522
0.61840000 0.09850564
0.61835000 0.09851606
0.61830000 0.09852648
0.61825000 0.09853690
0.61820000 0.09854731
0.61815000 0.09855773
0.61810000 0.09856814
0.61805000 0.09857855
0.61800000 0.09858896
0.61795000 0.09859936
0.61790000 0.09860977
0.61785000 0.09862017
0.61780000 0.09863057
0.61775000 0.09864097
0.61770000 0.09865137
0.61765000 0.09866177
0.61760000 0.09867216
0.61755000 0.09868255
0.61750000 0.09869294
0.61745000 0.09870333
0.61740000 0.09871372
0.61735000 0.09872410
0.61730000 0.09873449
0.61725000 0.09874487
0.61720000 0.09875525
0.61715000 0.09876563
0.61710000 0.09877600
0.61705000 0.09878638
0.61700000 0.09879675
0.61695000 0.09880712
0.61690000 0.09881749
0.61685000 0.09882786
0.61680000 0.09883822
0.61675000 0.09884859
0.61670000 0.09885895
0.61665000 0.09886931
0.61660000 0.09887967
0.61655000 0.09889002
0.61650000 0.09890038
0.61645000 0.09891073
0.61640000 0.09892108
0.61635000 0.09893143
0.61630000 0.09894178
0.61625000 0.09895213
0.61620000 0.09896247
0.61615000 0.09897281
0.61610000 0.09898315
0.61605000 0.09899349
0.61600000 0.09900383
0.61595000 0.09901416
0.61590000 0.09902450
0.61585000 0.09903483
0.61580000 0.09904516
0.61575000 0.09905549
0.61570000 0.09906581
0.61565000 0.09907614
0.61560000 0.09908646
0.61555000 0.09909678
0.61550000 0.09910710
0.61545000 0.09911742
0.61540000 0.09912773
0.61535000 0.09913804
0.61530000 0.09914836
0.61525000 0.09915867
0.61520000 0.09916898
0.61515000 0.09917928
0.61510000 0.09918959
0.61505000 0.09919989
0.61500000 0.09921019
0.61495000 0.09922049
0.61490000 0.09923079
0.61485000 0.09924108
0.61480000 0.09925138
0.61475000 0.09926167
0.61470000 0.09927196
0.61465000 0.09928225
0.61460000 0.09929254
0.61455000 0.09930282
0.61450000 0.09931310
0.61445000 0.09932339
0.61440000 0.09933367
0.61435000 0.09934394
0.61430000 0.09935422
0.61425000 0.09936449
0.61420000 0.09937477
0.61415000 0.09938504
0.61410000 0.09939531
0.61405000 0.09940557
0.61400000 0.09941584
0.61395000 0.09942610
0.61390000 0.09943637
0.61385000 0.09944663
0.61380000 0.09945688
0.61375000 0.09946714
0.61370000 0.09947740
0.61365000 0.09948765
0.61360000 0.09949790
0.61355000 0.09950815
0.61350000 0.09951840
0.61345000 0.09952864
0.61340000 0.09953889
0.61335000 0.09954913
0.61330000 0.09955937
0.61325000 0.09956961
0.61320000 0.09957985
0.61315000 0.09959008
0.61310000 0.09960032
0.61305000 0.09961055
0.61300000 0.09962078
0.61295000 0.09963101
0.61290000 0.09964123
0.61285000 0.09965146
0.61280000 0.09966168
0.61275000 0.09967190
0.61270000 0.09968212
0.61265000 0.09969234
0.61260000 0.09970255
0.61255000 0.09971277
0.61250000 0.09972298
0.61245000 0.09973319
0.61240000 0.09974340
0.61235000 0.09975360
0.61230000 0.09976381
0.61225000 0.09977401
0.61220000 0.09978421
0.61215000 0.09979441
0.61210000 0.09980461
0.61205000 0.09981481
0.61200000 0.09982500
0.61195000 0.09983519
0.61190000 0.09984539
0.61185000 0.09985557
0.61180000 0.09986576
0.61175000 0.09987595
0.61170000 0.09988613
0.61165000 0.09989631
0.61160000 0.09990649
0.61155000 0.09991667
0.61150000 0.09992685
0.61145000 0.09993702
0.61140000 0.09994719
0.61135000 0.09995737
0.61130000 0.09996754
0.61125000 0.09997770
0.61120000 0.09998787
0.61115000 0.09999803
0.61110000 0.10000820
0.61105000 0.10001836
0.61100000 0.10002851
0.61095000 0.10003867
0.61090000 0.10004883
0.61085000 0.10005898
0.61080000 0.10006913
0.61075000 0.10007928
0.61070000 0.10008943
0.61065000 0.10009958
0.61060000 0.10010972
0.61055000 0.10011986
0.61050000 0.10013000
0.61045000 0.10014014
0.61040000 0.10015028
0.61035000 0.10016042
0.61030000 0.10017055
0.61025000 0.10018068
0.61020000 0.10019081
0.61015000 0.10020094
0.61010000 0.10021107
0.61005000 0.10022119
0.61000000 0.10023132
0.60995000 0.10024144
0.60990000 0.10025156
0.60985000 0.10026168
0.60980000 0.10027179
0.60975000 0.10028191
0.60970000 0.10029202
0.60965000 0.10030213
0.60960000 0.10031224
0.60955000 0.10032235
0.60950000 0.10033245
0.60945000 0.10034256
0.60940000 0.10035266
0.60935000 0.10036276
0.60930000 0.10037286
0.60925000 0.10038295
0.60920000 0.10039305
0.60915000 0.10040314
0.60910000 0.10041323
0.60905000 0.10042332
0.60900000 0.10043341
0.60895000 0.10044349
0.60890000 0.10045358
0.60885000 0.10046366
0.60880000 0.10047374
0.60875000 0.10048382
0.60870000 0.10049390
0.60865000 0.10050397
0.60860000 0.10051405
0.60855000 0.10052412
0.60850000 0.10053419
0.60845000 0.10054426
0.60840000 0.10055432
0.60835000 0.10056439
0.60830000 0.10057445
0.60825000 0.10058451
0.60820000 0.10059457
0.60815000 0.10060463
0.60810000 0.10061468
0.60805000 0.10062474
0.60800000 0.10063479
0.60795000 0.10064484
0.60790000 0.10065489
0.60785000 0.10066494
0.60780000 0.10067498
0.60775000 0.10068503
0.60770000 0.10069507
0.60765000 0.10070511
0.60760000 0.10071515
0.60755000 0.10072518
0.60750000 0.10073522
0.60745000 0.10074525
0.60740000 0.10075528
0.60735000 0.10076531
0.60730000 0.10077534
0.60725000 0.10078536
0.60720000 0.10079539
0.60715000 0.10080541
0.60710000 0.10081543
0.60705000 0.10082545
0.60700000 0.10083546
0.60695000 0.10084548
0.60690000 0.10085549
0.60685000 0.10086550
0.60680000 0.10087551
0.60675000 0.10088552
0.60670000 0.10089553
0.60665000 0.10090553
0.60660000 0.10091554
0.60655000 0.10092554
0.60650000 0.10093554
0.60645000 0.10094553
0.60640000 0.10095553
0.60635000 0.10096552
0.60630000 0.10097551
0.60625000 0.10098551
0.60620000 0.10099549
0.60615000 0.10100548
0.60610000 0.10101547
0.60605000 0.10102545
0.60600000 0.10103543
0.60595000 0.10104541
0.60590000 0.10105539
0.60585000 0.10106536
0.60580000 0.10107534
0.60575000 0.10108531
0.60570000 0.10109528
0.60565000 0.10110525
0.60560000 0.10111522
0.60555000 0.10112518
0.60550000 0.10113515
0.60545000 0.10114511
0.60540000 0.10115507
0.60535000 0.10116503
0.60530000 0.10117499
0.60525000 0.10118494
0.60520000 0.10119489
0.60515000 0.10120485
0.60510000 0.10121479
0.60505000 0.10122474
0.60500000 0.10123469
0.60495000 0.10124463
0.60490000 0.10125458
0.60485000 0.10126452
0.60480000 0.10127446
0.60475000 0.10128439
0.60470000 0.10129433
0.60465000 0.10130426
0.60460000 0.10131419
0.60455000 0.10132412
0.60450000 0.10133405
0.60445000 0.10134398
0.60440000 0.10135390
0.60435000 0.10136383
0.60430000 0.10137375
0.60425000 0.10138367
0.60420000 0.10139359
0.60415000 0.10140350
0.60410000 0.10141342
0.60405000 0.10142333
0.60400000 0.10143324
0.60395000 0.10144315
0.60390000 0.10145306
0.60385000 0.10146296
0.60380000 0.10147287
0.60375000 0.10148277
0.60370000 0.10149267
0.60365000 0.10150257
0.60360000 0.10151246
0.60355000 0.10152236
0.60350000 0.10153225
0.60345000 0.10154214
0.60340000 0.10155203
0.60335000 0.10156192
0.60330000 0.10157181
0.60325000 0.10158169
0.60320000 0.10159157
0.60315000 0.10160145
0.60310000 0.10161133
0.60305000 0.10162121
0.60300000 0.10163109
0.60295000 0.10164096
0.60290000 0.10165083
0.60285000 0.10166070
0.60280000 0.10167057
0.60275000 0.10168044
0.60270000 0.10169030
0.60265000 0.10170017
0.60260000 0.10171003
0.60255000 0.10171989
0.60250000 0.10172975
0.60245000 0.10173960
0.60240000 0.10174946
0.60235000 0.10175931
0.60230000 0.10176916
0.60225000 0.10177901
0.60220000 0.10178886
0.60215000 0.10179870
0.60210000 0.10180855
0.60205000 0.10181839
0.60200000 0.10182823
0.60195000 0.10183807
0.60190000 0.10184790
0.60185000 0.10185774
0.60180000 0.10186757
0.60175000 0.10187740
0.60170000 0.10188723
0.60165000 0.10189706
0.60160000 0.10190689
0.60155000 0.10191671
0.60150000 0.10192653
0.60145000 0.10193636
0.60140000 0.10194617
0.60135000 0.10195599
0.60130000 0.10196581
0.60125000 0.10197562
0.60120000 0.10198543
0.60115000 0.10199524
0.60110000 0.10200505
0.60105000 0.10201486
0.60100000 0.10202466
0.60095000 0.10203447
0.60090000 0.10204427
0.60085000 0.10205407
0.60080000 0.10206387
0.60075000 0.10207366
0.60070000 0.10208346
0.60065000 0.10209325
0.60060000 0.10210304
0.60055000 0.10211283
0.60050000 0.10212262
0.60045000 0.10213241
0.60040000 0.10214219
0.60035000 0.10215197
0.60030000 0.10216175
0.60025000 0.10217153
0.60020000 0.10218131
0.60015000 0.10219108
0.60010000 0.10220086
0.60005000 0.10221063
0.60000000 0.10222040
0.59995000 0.10223017
0.59990000 0.10223993
0.59985000 0.10224970
0.59980000 0.10225946
0.59975000 0.10226922
0.59970000 0.10227898
0.59965000 0.10228874
0.59960000 0.10229849
0.59955000 0.10230825
0.59950000 0.10231800
0.59945000 0.10232775
0.59940000 0.10233750
0.59935000 0.10234725
0.59930000 0.10235699
0.59925000 0.10236674
0.59920000 0.10237648
0.59915000 0.10238622
0.59910000 0.10239596
0.59905000 0.10240569
0.59900000 0.10241543
0.59895000 0.10242516
0.59890000 0.10243489
0.59885000 0.10244462
0.59880000 0.10245435
0.59875000 0.10246408
0.59870000 0.10247380
0.59865000 0.10248352
0.59860000 0.10249324
0.59855000 0.10250296
0.59850000 0.10251268
0.59845000 0.10252240
0.59840000 0.10253211
0.59835000 0.10254182
0.59830000 0.10255153
0.59825000 0.10256124
0.59820000 0.10257095
0.59815000 0.10258065
0.59810000 0.10259036
0.59805000 0.10260006
0.59800000 0.10260976
0.59795000 0.10261946
0.59790000 0.10262915
0.59785000 0.10263885
0.59780000 0.10264854
0.59775000 0.10265823
0.59770000 0.10266792
0.59765000 0.10267761
0.59760000 0.10268729
0.59755000 0.10269698
0.59750000 0.10270666
0.59745000 0.10271634
0.59740000 0.10272602
0.59735000 0.10273569
0.59730000 0.10274537
0.59725000 0.10275504
0.59720000 0.10276472
0.59715000 0.10277439
0.59710000 0.10278405
0.59705000 0.10279372
0.59700000 0.10280338
0.59695000 0.10281305
0.59690000 0.10282271
0.59685000 0.10283237
0.59680000 0.10284203
0.59675000 0.10285168
0.59670000 0.10286134
0.59665000 0.10287099
0.59660000 0.10288064
0.59655000 0.10289029
0.59650000 0.10289994
0.59645000 0.10290958
0.59640000 0.10291922
0.59635000 0.10292887
0.59630000 0.10293851
0.59625000 0.10294815
0.59620000 0.10295778
0.59615000 0.10296742
0.59610000 0.10297705
0.59605000 0.10298668
0.59600000 0.10299631
0.59595000 0.10300594
0.59590000 0.10301557
0.59585000 0.10302519
0.59580000 0.10303481
0.59575000 0.10304443
0.59570000 0.10305405
0.59565000 0.10306367
0.59560000 0.10307329
0.59555000 0.10308290
0.59550000 0.10309251
0.59545000 0.10310212
0.59540000 0.10311173
0.59535000 0.10312134
0.59530000 0.10313094
0.59525000 0.10314055
0.59520000 0.10315015
0.59515000 0.10315975
0.59510000 0.10316935
0.59505000 0.10317894
0.59500000 0.10318854
0.59495000 0.10319813
0.59490000 0.10320772
0.59485000 0.10321731
0.59480000 0.10322690
0.59475000 0.10323649
0.59470000 0.10324607
0.59465000 0.10325565
0.59460000 0.10326523
0.59455000 0.10327481
0.59450000 0.10328439
0.59445000 0.10329397
0.59440000 0.10330354
0.59435000 0.10331311
0.59430000 0.10332268
0.59425000 0.10333225
0.59420000 0.10334182
0.59415000 0.10335138
0.59410000 0.10336095
0.59405000 0.10337051
0.59400000 0.10338007
0.59395000 0.10338963
0.59390000 0.10339918
0.59385000 0.10340874
0.59380000 0.10341829
0.59375000 0.10342784
0.59370000 0.10343739
0.59365000 0.10344694
0.59360000 0.10345648
0.59355000 0.10346603
0.59350000 0.10347557
0.59345000 0.10348511
0.59340000 0.10349465
0.59335000 0.10350419
0.59330000 0.10351372
0.59325000 0.10352326
0.59320000 0.10353279
0.59315000 0.10354232
0.59310000 0.10355185
0.59305000 0.10356137
0.59300000 0.10357090
0.59295000 0.10358042
0.59290000 0.10358994
0.59285000 0.10359946
0.59280000 0.10360898
0.59275000 0.10361850
0.59270000 0.10362801
0.59265000 0.10363752
0.59260000 0.10364703
0.59255000 0.10365654
0.59250000 0.10366605
0.59245000 0.10367556
0.59240000 0.10368506
0.59235000 0.10369456
0.59230000 0.10370406
0.59225000 0.10371356
0.59220000 0.10372306
0.59215000 0.10373256
0.59210000 0.10374205
0.59205000 0.10375154
0.59200000 0.10376103
0.59195000 0.10377052
0.59190000 0.10378001
0.59185000 0.10378949
0.59180000 0.10379897
0.59175000 0.10380846
0.59170000 0.10381794
0.59165000 0.10382741
0.59160000 0.10383689
0.59155000 0.10384636
0.59150000 0.10385584
0.59145000 0.10386531
0.59140000 0.10387478
0.59135000 0.10388424
0.59130000 0.10389371
0.59125000 0.10390317
0.59120000 0.10391264
0.59115000 0.10392210
0.59110000 0.10393156
0.59105000 0.10394101
0.59100000 0.10395047
0.59095000 0.10395992
0.59090000 0.10396937
0.59085000 0.10397882
0.59080000 0.10398827
0.59075000 0.10399772
0.59070000 0.10400716
0.59065000 0.10401661
0.59060000 0.10402605
0.59055000 0.10403549
0.59050000 0.10404492
0.59045000 0.10405436
0.59040000 0.10406380
0.59035000 0.10407323
0.59030000 0.10408266
0.59025000 0.10409209
0.59020000 0.10410152
0.59015000 0.10411094
0.59010000 0.10412037
0.59005000 0.10412979
0.59000000 0.10413921
0.58995000 0.10414863
0.58990000 0.10415804
0.58985000 0.10416746
0.58980000 0.10417687
0.58975000 0.10418628
0.58970000 0.10419570
0.58965000 0.10420510
0.58960000 0.10421451
0.58955000 0.10422391
0.58950000 0.10423332
0.58945000 0.10424272
0.58940000 0.10425212
0.58935000 0.10426152
0.58930000 0.10427091
0.58925000 0.10428031
0.58920000 0.10428970
0.58915000 0.10429909
0.58910000 0.10430848
0.58905000 0.10431787
0.58900000 0.10432725
0.58895000 0.10433664
0.58890000 0.10434602
0.58885000 0.10435540
0.58880000 0.10436478
0.58875000 0.10437416
0.58870000 0.10438353
0.58865000 0.10439291
0.58860000 0.10440228
0.58855000 0.10441165
0.58850000 0.10442102
0.58845000 0.10443038
0.58840000 0.10443975
0.58835000 0.10444911
0.58830000 0.10445847
0.58825000 0.10446783
0.58820000 0.10447719
0.58815000 0.10448655
0.58810000 0.10449590
0.58805000 0.10450525
0.58800000 0.10451461
0.58795000 0.10452396
0.58790000 0.10453330
0.58785000 0.10454265
0.58780000 0.10455199
0.58775000 0.10456134
0.58770000 0.10457068
0.58765000 0.10458002
0.58760000 0.10458935
0.58755000 0.10459869
0.58750000 0.10460802
0.58745000 0.10461735
0.58740000 0.10462668
0.58735000 0.10463601
0.58730000 0.10464534
0.58725000 0.10465466
0.58720000 0.10466399
0.58715000 0.10467331
0.58710000 0.10468263
0.58705000 0.10469195
0.58700000 0.10470126
0.58695000 0.10471058
0.58690000 0.10471989
0.58685000 0.10472920
0.58680000 0.10473851
0.58675000 0.10474782
0.58670000 0.10475713
0.58665000 0.10476643
0.58660000 0.10477573
0.58655000 0.10478503
0.58650000 0.10479433
0.58645000 0.10480363
0.58640000 0.10481293
0.58635000 0.10482222
0.58630000 0.10483151
0.58625000 0.10484080
0.58620000 0.10485009
0.58615000 0.10485938
0.58610000 0.10486866
0.58605000 0.10487795
0.58600000 0.10488723
0.58595000 0.10489651
0.58590000 0.10490579
0.58585000 0.10491507
0.58580000 0.10492434
0.58575000 0.10493361
0.58570000 0.10494288
0.58565000 0.10495215
0.58560000 0.10496142
0.58555000 0.10497069
0.58550000 0.10497995
0.58545000 0.10498922
0.58540000 0.10499848
0.58535000 0.10500774
0.58530000 0.10501699
0.58525000 0.10502625
0.58520000 0.10503550
0.58515000 0.10504476
0.58510000 0.10505401
0.58505000 0.10506326
0.58500000 0.10507250
0.58495000 0.10508175
0.58490000 0.10509099
0.58485000 0.10510024
0.58480000 0.10510948
0.58475000 0.10511871
0.58470000 0.10512795
0.58465000 0.10513719
0.58460000 0.10514642
0.58455000 0.10515565
0.58450000 0.10516488
0.58445000 0.10517411
0.58440000 0.10518334
0.58435000 0.10519256
0.58430000 0.10520178
0.58425000 0.10521101
0.58420000 0.10522023
0.58415000 0.10522944
0.58410000 0.10523866
0.58405000 0.10524787
0.58400000 0.10525709
0.58395000 0.10526630
0.58390000 0.10527551
0.58385000 0.10528471
0.58380000 0.10529392
0.58375000 0.10530312
0.58370000 0.10531233
0.58365000 0.10532153
0.58360000 0.10533073
0.58355000 0.10533992
0.58350000 0.10534912
0.58345000 0.10535831
0.58340000 0.10536750
0.58335000 0.10537670
0.58330000 0.10538588
0.58325000 0.10539507
0.58320000 0.10540426
0.58315000 0.10541344
0.58310000 0.10542262
0.58305000 0.10543180
0.58300000 0.10544098
0.58295000 0.10545016
0.58290000 0.10545933
0.58285000 0.10546850
0.58280000 0.10547767
0.58275000 0.10548684
0.58270000 0.10549601
0.58265000 0.10550518
0.58260000 0.10551434
0.58255000 0.10552351
0.58250000 0.10553267
0.58245000 0.10554183
0.58240000 0.10555098
0.58235000 0.10556014
0.58230000 0.10556929
0.58225000 0.10557845
0.58220000 0.10558760
0.58215000 0.10559675
0.58210000 0.10560589
0.58205000 0.10561504
0.58200000 0.10562418
0.58195000 0.10563332
0.58190000 0.10564246
0.58185000 0.10565160
0.58180000 0.10566074
0.58175000 0.10566988
0.58170000 0.10567901
0.58165000 0.10568814
0.58160000 0.10569727
0.58155000 0.10570640
0.58150000 0.10571553
0.58145000 0.10572465
0.58140000 0.10573377
0.58135000 0.10574289
0.58130000 0.10575201
0.58125000 0.10576113
0.58120000 0.10577025
0.58115000 0.10577936
0.58110000 0.10578848
0.58105000 0.10579759
0.58100000 0.10580670
0.58095000 0.10581580
0.58090000 0.10582491
0.58085000 0.10583401
0.58080000 0.10584312
0.58075000 0.10585222
0.58070000 0.10586132
0.58065000 0.10587041
0.58060000 0.10587951
0.58055000 0.10588860
0.58050000 0.10589770
0.58045000 0.10590679
0.58040000 0.10591587
0.58035000 0.10592496
0.58030000 0.10593405
0.58025000 0.10594313
0.58020000 0.10595221
0.58015000 0.10596129
0.58010000 0.10597037
0.58005000 0.10597945
0.58000000 0.10598852
0.57995000 0.10599760
0.57990000 0.10600667
0.57985000 0.10601574
0.57980000 0.10602481
0.57975000 0.10603387
0.57970000 0.10604294
0.57965000 0.10605200
0.57960000 0.10606106
0.57955000 0.10607012
0.57950000 0.10607918
0.57945000 0.10608823
0.57940000 0.10609729
0.57935000 0.10610634
0.57930000 0.10611539
0.57925000 0.10612444
0.57920000 0.10613349
0.57915000 0.10614253
0.57910000 0.10615158
0.57905000 0.10616062
0.57900000 0.10616966
0.57895000 0.10617870
0.57890000 0.10618774
0.57885000 0.10619677
0.57880000 0.10620581
0.57875000 0.10621484
0.57870000 0.10622387
0.57865000 0.10623290
0.57860000 0.10624193
0.57855000 0.10625095
0.57850000 0.10625997
0.57845000 0.10626900
0.57840000 0.10627802
0.57835000 0.10628703
0.57830000 0.10629605
0.57825000 0.10630507
0.57820000 0.10631408
0.57815000 0.10632309
0.57810000 0.10633210
0.57805000 0.10634111
0.57800000 0.10635011
0.57795000 0.10635912
0.57790000 0.10636812
0.57785000 0.10637712
0.57780000 0.10638612
0.57775000 0.10639512
0.57770000 0.10640412
0.57765000 0.10641311
0.57760000 0.10642210
0.57755000 0.10643109
0.57750000 0.10644008
0.57745000 0.10644907
0.57740000 0.10645806
0.57735000 0.10646704
0.57730000 0.10647602
0.57725000 0.10648500
0.57720000 0.10649398
0.57715000 0.10650296
0.57710000 0.10651194
0.57705000 0.10652091
0.57700000 0.10652988
0.57695000 0.10653885
0.57690000 0.10654782
0.57685000 0.10655679
0.57680000 0.10656575
0.57675000 0.10657472
0.57670000 0.10658368
0.57665000 0.10659264
0.57660000 0.10660160
0.57655000 0.10661055
0.57650000 0.10661951
0.57645000 0.10662846
0.57640000 0.10663741
0.57635000 0.10664636
0.57630000 0.10665531
0.57625000 0.10666426
0.57620000 0.10667320
0.57615000 0.10668215
0.57610000 0.10669109
0.57605000 0.10670003
0.57600000 0.10670896
0.57595000 0.10671790
0.57590000 0.10672683
0.57585000 0.10673577
0.57580000 0.10674470
0.57575000 0.10675363
0.57570000 0.10676256
0.57565000 0.10677148
0.57560000 0.10678041
0.57555000 0.10678933
0.57550000 0.10679825
0.57545000 0.10680717
0.57540000 0.10681608
0.57535000 0.10682500
0.57530000 0.10683391
0.57525000 0.10684283
0.57520000 0.10685174
0.57515000 0.10686065
0.57510000 0.10686955
0.57505000 0.10687846
0.57500000 0.10688736
0.57495000 0.10689626
0.57490000 0.10690516
0.57485000 0.10691406
0.57480000 0.10692296
0.57475000 0.10693185
0.57470000 0.10694075
0.57465000 0.10694964
0.57460000 0.10695853
0.57455000 0.10696742
0.57450000 0.10697630
0.57445000 0.10698519
0.57440000 0.10699407
0.57435000 0.10700295
0.57430000 0.10701183
0.57425000 0.10702071
0.57420000 0.10702959
0.57415000 0.10703846
0.57410000 0.10704734
0.57405000 0.10705621
0.57400000 0.10706508
0.57395000 0.10707394
0.57390000 0.10708281
0.57385000 0.10709167
0.57380000 0.10710054
0.57375000 0.10710940
0.57370000 0.10711826
0.57365000 0.10712712
0.57360000 0.10713597
0.57355000 0.10714483
0.57350000 0.10715368
0.57345000 0.10716253
0.57340000 0.10717138
0.57335000 0.10718022
0.57330000 0.10718907
0.57325000 0.10719791
0.57320000 0.10720676
0.57315000 0.10721560
0.57310000 0.10722444
0.57305000 0.10723327
0.57300000 0.10724211
0.57295000 0.10725094
0.57290000 0.10725977
0.57285000 0.10726860
0.57280000 0.10727743
0.57275000 0.10728626
0.57270000 0.10729508
0.57265000 0.10730391
0.57260000 0.10731273
0.57255000 0.10732155
0.57250000 0.10733037
0.57245000 0.10733919
0.57240000 0.10734800
0.57235000 0.10735681
0.57230000 0.10736562
0.57225000 0.10737443
0.57220000 0.10738324
0.57215000 0.10739205
0.57210000 0.10740085
0.57205000 0.10740966
0.57200000 0.10741846
0.57195000 0.10742726
0.57190000 0.10743606
0.57185000 0.10744485
0.57180000 0.10745365
0.57175000 0.10746244
0.57170000 0.10747123
0.57165000 0.10748002
0.57160000 0.10748881
0.57155000 0.10749759
0.57150000 0.10750638
0.57145000 0.10751516
0.57140000 0.10752394
0.57135000 0.10753272
0.57130000 0.10754150
0.57125000 0.10755027
0.57120000 0.10755905
0.57115000 0.10756782
0.57110000 0.10757659
0.57105000 0.10758536
0.57100000 0.10759413
0.57095000 0.10760289
0.57090000 0.10761166
0.57085000 0.10762042
0.57080000 0.10762918
0.57075000 0.10763794
0.57070000 0.10764670
0.57065000 0.10765545
0.57060000 0.10766420
0.57055000 0.10767296
0.57050000 0.10768171
0.57045000 0.10769045
0.57040000 0.10769920
0.57035000 0.10770795
0.57030000 0.10771669
0.57025000 0.10772543
0.57020000 0.10773417
0.57015000 0.10774291
0.57010000 0.10775165
0.57005000 0.10776038
0.57000000 0.10776912
0.56995000 0.10777785
0.56990000 0.10778658
0.56985000 0.10779531
0.56980000 0.10780403
0.56975000 0.10781276
0.56970000 0.10782148
0.56965000 0.10783020
0.56960000 0.10783892
0.56955000 0.10784764
0.56950000 0.10785635
0.56945000 0.10786507
0.56940000 0.10787378
0.56935000 0.10788249
0.56930000 0.10789120
0.56925000 0.10789991
0.56920000 0.10790862
0.56915000 0.10791732
0.56910000 0.10792602
0.56905000 0.10793472
0.56900000 0.10794342
0.56895000 0.10795212
0.56890000 0.10796082
0.56885000 0.10796951
0.56880000 0.10797820
0.56875000 0.10798689
0.56870000 0.10799558
0.56865000 0.10800427
0.56860000 0.10801296
0.56855000 0.10802164
0.56850000 0.10803032
0.56845000 0.10803900
0.56840000 0.10804768
0.56835000 0.10805636
0.56830000 0.10806504
0.56825000 0.10807371
0.56820000 0.10808238
0.56815000 0.10809105
0.56810000 0.10809972
0.56805000 0.10810839
0.56800000 0.10811705
0.56795000 0.10812572
0.56790000 0.10813438
0.56785000 0.10814304
0.56780000 0.10815170
0.56775000 0.10816035
0.56770000 0.10816901
0.56765000 0.10817766
0.56760000 0.10818632
0.56755000 0.10819497
0.56750000 0.10820361
0.56745000 0.10821226
0.56740000 0.10822091
0.56735000 0.10822955
0.56730000 0.10823819
0.56725000 0.10824683
0.56720000 0.10825547
0.56715000 0.10826410
0.56710000 0.10827274
0.56705000 0.10828137
0.56700000 0.10829000
0.56695000 0.10829863
0.56690000 0.10830726
0.56685000 0.10831589
0.56680000 0.10832451
0.56675000 0.10833314
0.56670000 0.10834176
0.56665000 0.10835038
0.56660000 0.10835900
0.56655000 0.10836761
0.56650000 0.10837623
0.56645000 0.10838484
0.56640000 0.10839345
0.56635000 0.10840206
0.56630000 0.10841067
0.56625000 0.10841927
0.56620000 0.10842788
0.56615000 0.10843648
0.56610000 0.10844508
0.56605000 0.10845368
0.56600000 0.10846228
0.56595000 0.10847087
0.56590000 0.10847947
0.56585000 0.10848806
0.56580000 0.10849665
0.56575000 0.10850524
0.56570000 0.10851383
0.56565000 0.10852241
0.56560000 0.10853100
0.56555000 0.10853958
0.56550000 0.10854816
0.56545000 0.10855674
0.56540000 0.10856532
0.56535000 0.10857389
0.56530000 0.10858247
0.56525000 0.10859104
0.56520000 0.10859961
0.56515000 0.10860818
0.56510000 0.10861675
0.56505000 0.10862531
0.56500000 0.10863387
0.56495000 0.10864244
0.56490000 0.10865100
0.56485000 0.10865956
0.56480000 0.10866811
0.56475000 0.10867667
0.56470000 0.10868522
0.56465000 0.10869377
0.56460000 0.10870232
0.56455000 0.10871087
0.56450000 0.10871942
0.56445000 0.10872796
0.56440000 0.10873651
0.56435000 0.10874505
0.56430000 0.10875359
0.56425000 0.10876213
0.56420000 0.10877066
0.56415000 0.10877920
0.56410000 0.10878773
0.56405000 0.10879626
0.56400000 0.10880479
0.56395000 0.10881332
0.56390000 0.10882185
0.56385000 0.10883037
0.56380000 0.10883890
0.56375000 0.10884742
0.56370000 0.10885594
0.56365000 0.10886446
0.56360000 0.10887297
0.56355000 0.10888149
0.56350000 0.10889000
0.56345000 0.10889851
0.56340000 0.10890702
0.56335000 0.10891553
0.56330000 0.10892404
0.56325000 0.10893254
0.56320000 0.10894104
0.56315000 0.10894955
0.56310000 0.10895804
0.56305000 0.10896654
0.56300000 0.10897504
0.56295000 0.10898353
0.56290000 0.10899203
0.56285000 0.10900052
0.56280000 0.10900901
0.56275000 0.10901749
0.56270000 0.10902598
0.56265000 0.10903446
0.56260000 0.10904295
0.56255000 0.10905143
0.56250000 0.10905991
0.56245000 0.10906839
0.56240000 0.10907686
0.56235000 0.10908534
0.56230000 0.10909381
0.56225000 0.10910228
0.56220000 0.10911075
0.56215000 0.10911922
0.56210000 0.10912768
0.56205000 0.10913615
0.56200000 0.10914461
0.56195000 0.10915307
0.56190000 0.10916153
0.56185000 0.10916999
0.56180000 0.10917844
0.56175000 0.10918690
0.56170000 0.10919535
0.56165000 0.10920380
0.56160000 0.10921225
0.56155000 0.10922069
0.56150000 0.10922914
0.56145000 0.10923758
0.56140000 0.10924603
0.56135000 0.10925447
0.56130000 0.10926291
0.56125000 0.10927134
0.56120000 0.10927978
0.56115000 0.10928821
0.56110000 0.10929664
0.56105000 0.10930507
0.56100000 0.10931350
0.56095000 0.10932193
0.56090000 0.10933036
0.56085000 0.10933878
0.56080000 0.10934720
0.56075000 0.10935562
0.56070000 0.10936404
0.56065000 0.10937246
0.56060000 0.10938087
0.56055000 0.10938929
0.56050000 0.10939770
0.56045000 0.10940611
0.56040000 0.10941452
0.56035000 0.10942292
0.56030000 0.10943133
0.56025000 0.10943973
0.56020000 0.10944813
0.56015000 0.10945653
0.56010000 0.10946493
0.56005000 0.10947333
0.56000000 0.10948172
0.55995000 0.10949012
0.55990000 0.10949851
0.55985000 0.10950690
0.55980000 0.10951529
0.55975000 0.10952368
0.55970000 0.10953206
0.55965000 0.10954044
0.55960000 0.10954882
0.55955000 0.10955720
0.55950000 0.10956558
0.55945000 0.10957396
0.55940000 0.10958233
0.55935000 0.10959071
0.55930000 0.10959908
0.55925000 0.10960745
0.55920000 0.10961582
0.55915000 0.10962418
0.55910000 0.10963255
0.55905000 0.10964091
0.55900000 0.10964927
0.55895000 0.10965763
0.55890000 0.10966599
0.55885000 0.10967435
0.55880000 0.10968270
0.55875000 0.10969106
0.55870000 0.10969941
0.55865000 0.10970776
0.55860000 0.10971610
0.55855000 0.10972445
0.55850000 0.10973280
0.55845000 0.10974114
0.55840000 0.10974948
0.55835000 0.10975782
0.55830000 0.10976616
0.55825000 0.10977449
0.55820000 0.10978283
0.55815000 0.10979116
0.55810000 0.10979949
0.55805000 0.10980782
0.55800000 0.10981615
0.55795000 0.10982448
0.55790000 0.10983280
0.55785000 0.10984112
0.55780000 0.10984944
0.55775000 0.10985776
0.55770000 0.10986608
0.55765000 0.10987440
0.55760000 0.10988271
0.55755000 0.10989102
0.55750000 0.10989934
0.55745000 0.10990764
0.55740000 0.10991595
0.55735000 0.10992426
0.55730000 0.10993256
0.55725000 0.10994087
0.55720000 0.10994917
0.55715000 0.10995747
0.55710000 0.10996576
0.55705000 0.10997406
0.55700000 0.10998235
0.55695000 0.10999065
0.55690000 0.10999894
0.55685000 0.11000723
0.55680000 0.11001551
0.55675000 0.11002380
0.55670000 0.11003208
0.55665000 0.11004037
0.55660000 0.11004865
0.55655000 0.11005693
0.55650000 0.11006520
0.55645000 0.11007348
0.55640000 0.11008175
0.55635000 0.11009003
0.55630000 0.11009830
0.55625000 0.11010657
0.55620000 0.11011483
0.55615000 0.11012310
0.55610000 0.11013136
0.55605000 0.11013963
0.55600000 0.11014789
0.55595000 0.11015615
0.55590000 0.11016440
0.55585000 0.11017266
0.55580000 0.11018091
0.55575000 0.11018916
0.55570000 0.11019742
0.55565000 0.11020566
0.55560000 0.11021391
0.55555000 0.11022216
0.55550000 0.11023040
0.55545000 0.11023864
0.55540000 0.11024688
0.55535000 0.11025512
0.55530000 0.11026336
0.55525000 0.11027160
0.55520000 0.11027983
0.55515000 0.11028806
0.55510000 0.11029629
0.55505000 0.11030452
0.55500000 0.11031275
0.55495000 0.11032097
0.55490000 0.11032920
0.55485000 0.11033742
0.55480000 0.11034564
0.55475000 0.11035386
0.55470000 0.11036208
0.55465000 0.11037029
0.55460000 0.11037851
0.55455000 0.11038672
0.55450000 0.11039493
0.55445000 0.11040314
0.55440000 0.11041134
0.55435000 0.11041955
0.55430000 0.11042775
0.55425000 0.11043596
0.55420000 0.11044416
0.55415000 0.11045235
0.55410000 0.11046055
0.55405000 0.11046875
0.55400000 0.11047694
0.55395000 0.11048513
0.55390000 0.11049332
0.55385000 0.11050151
0.55380000 0.11050970
0.55375000 0.11051788
0.55370000 0.11052607
0.55365000 0.11053425
0.55360000 0.11054243
0.55355000 0.11055061
0.55350000 0.11055879
0.55345000 0.11056696
0.55340000 0.11057513
0.55335000 0.11058331
0.55330000 0.11059148
0.55325000 0.11059965
0.55320000 0.11060781
0.55315000 0.11061598
0.55310000 0.11062414
0.55305000 0.11063230
0.55300000 0.11064046
0.55295000 0.11064862
0.55290000 0.11065678
0.55285000 0.11066493
0.55280000 0.11067309
0.55275000 0.11068124
0.55270000 0.11068939
0.55265000 0.11069754
0.55260000 0.11070568
0.55255000 0.11071383
0.55250000 0.11072197
0.55245000 0.11073012
0.55240000 0.11073826
0.55235000 0.11074639
0.55230000 0.11075453
0.55225000 0.11076267
0.55220000 0.11077080
0.55215000 0.11077893
0.55210000 0.11078706
0.55205000 0.11079519
0.55200000 0.11080332
0.55195000 0.11081144
0.55190000 0.11081957
0.55185000 0.11082769
0.55180000 0.11083581
0.55175000 0.11084393
0.55170000 0.11085204
0.55165000 0.11086016
0.55160000 0.11086827
0.55155000 0.11087638
0.55150000 0.11088449
0.55145000 0.11089260
0.55140000 0.11090071
0.55135000 0.11090881
0.55130000 0.11091692
0.55125000 0.11092502
0.55120000 0.11093312
0.55115000 0.11094122
0.55110000 0.11094931
0.55105000 0.11095741
0.55100000 0.11096550
0.55095000 0.11097359
0.55090000 0.11098168
0.55085000 0.11098977
0.55080000 0.11099786
0.55075000 0.11100594
0.55070000 0.11101403
0.55065000 0.11102211
0.55060000 0.11103019
0.55055000 0.11103827
0.55050000 0.11104634
0.55045000 0.11105442
0.55040000 0.11106249
0.55035000 0.11107056
0.55030000 0.11107863
0.55025000 0.11108670
0.55020000 0.11109477
0.55015000 0.11110283
0.55010000 0.11111090
0.55005000 0.11111896
0.55000000 0.11112702
0.54995000 0.11113508
0.54990000 0.11114313
0.54985000 0.11115119
0.54980000 0.11115924
0.54975000 0.11116729
0.54970000 0.11117534
0.54965000 0.11118339
0.54960000 0.11119144
0.54955000 0.11119948
0.54950000 0.11120753
0.54945000 0.11121557
0.54940000 0.11122361
0.54935000 0.11123165
0.54930000 0.11123968
0.54925000 0.11124772
0.54920000 0.11125575
0.54915000 0.11126378
0.54910000 0.11127181
0.54905000 0.11127984
0.54900000 0.11128787
0.54895000 0.11129589
0.54890000 0.11130392
0.54885000 0.11131194
0.54880000 0.11131996
0.54875000 0.11132798
0.54870000 0.11133599
0.54865000 0.11134401
0.54860000 0.11135202
0.54855000 0.11136003
0.54850000 0.11136804
0.54845000 0.11137605
0.54840000 0.11138406
0.54835000 0.11139206
0.54830000 0.11140007
0.54825000 0.11140807
0.54820000 0.11141607
0.54815000 0.11142407
0.54810000 0.11143206
0.54805000 0.11144006
0.54800000 0.11144805
0.54795000 0.11145604
0.54790000 0.11146403
0.54785000 0.11147202
0.54780000 0.11148001
0.54775000 0.11148799
0.54770000 0.11149598
0.54765000 0.11150396
0.54760000 0.11151194
0.54755000 0.11151992
0.54750000 0.11152789
0.54745000 0.11153587
0.54740000 0.11154384
0.54735000 0.11155181
0.54730000 0.11155978
0.54725000 0.11156775
0.54720000 0.11157572
0.54715000 0.11158368
0.54710000 0.11159165
0.54705000 0.11159961
0.54700000 0.11160757
0.54695000 0.11161553
0.54690000 0.11162348
0.54685000 0.11163144
0.54680000 0.11163939
0.54675000 0.11164734
0.54670000 0.11165529
0.54665000 0.11166324
0.54660000 0.11167119
0.54655000 0.11167913
0.54650000 0.11168708
0.54645000 0.11169502
0.54640000 0.11170296
0.54635000 0.11171090
0.54630000 0.11171883
0.54625000 0.11172677
0.54620000 0.11173470
0.54615000 0.11174263
0.54610000 0.11175056
0.54605000 0.11175849
0.54600000 0.11176642
0.54595000 0.11177435
0.54590000 0.11178227
0.54585000 0.11179019
0.54580000 0.11179811
0.54575000 0.11180603
0.54570000 0.11181395
0.54565000 0.11182186
0.54560000 0.11182977
0.54555000 0.11183769
0.54550000 0.11184560
0.54545000 0.11185350
0.54540000 0.11186141
0.54535000 0.11186932
0.54530000 0.11187722
0.54525000 0.11188512
0.54520000 0.11189302
0.54515000 0.11190092
0.54510000 0.11190882
0.54505000 0.11191671
0.54500000 0.11192461
0.54495000 0.11193250
0.54490000 0.11194039
0.54485000 0.11194828
0.54480000 0.11195616
0.54475000 0.11196405
0.54470000 0.11197193
0.54465000 0.11197981
0.54460000 0.11198769
0.54455000 0.11199557
0.54450000 0.11200345
0.54445000 0.11201132
0.54440000 0.11201920
0.54435000 0.11202707
0.54430000 0.11203494
0.54425000 0.11204281
0.54420000 0.11205067
0.54415000 0.11205854
0.54410000 0.11206640
0.54405000 0.11207427
0.54400000 0.11208213
0.54395000 0.11208998
0.54390000 0.11209784
0.54385000 0.11210570
0.54380000 0.11211355
0.54375000 0.11212140
0.54370000 0.11212925
0.54365000 0.11213710
0.54360000 0.11214495
0.54355000 0.11215279
0.54350000 0.11216064
0.54345000 0.11216848
0.54340000 0.11217632
0.54335000 0.11218416
0.54330000 0.11219199
0.54325000 0.11219983
0.54320000 0.11220766
0.54315000 0.11221550
0.54310000 0.11222333
0.54305000 0.11223115
0.54300000 0.11223898
0.54295000 0.11224681
0.54290000 0.11225463
0.54285000 0.11226245
0.54280000 0.11227027
0.54275000 0.11227809
0.54270000 0.11228591
0.54265000 0.11229372
0.54260000 0.11230154
0.54255000 0.11230935
0.54250000 0.11231716
0.54245000 0.11232497
0.54240000 0.11233278
0.54235000 0.11234058
0.54230000 0.11234839
0.54225000 0.11235619
0.54220000 0.11236399
0.54215000 0.11237179
0.54210000 0.11237958
0.54205000 0.11238738
0.54200000 0.11239517
0.54195000 0.11240297
0.54190000 0.11241076
0.54185000 0.11241854
0.54180000 0.11242633
0.54175000 0.11243412
0.54170000 0.11244190
0.54165000 0.11244968
0.54160000 0.11245746
0.54155000 0.11246524
0.54150000 0.11247302
0.54145000 0.11248080
0.54140000 0.11248857
0.54135000 0.11249634
0.54130000 0.11250411
0.54125000 0.11251188
0.54120000 0.11251965
0.54115000 0.11252741
0.54110000 0.11253518
0.54105000 0.11254294
0.54100000 0.11255070
0.54095000 0.11255846
0.54090000 0.11256622
0.54085000 0.11257397
0.54080000 0.11258173
0.54075000 0.11258948
0.54070000 0.11259723
0.54065000 0.11260498
0.54060000 0.11261273
0.54055000 0.11262047
0.54050000 0.11262822
0.54045000 0.11263596
0.54040000 0.11264370
0.54035000 0.11265144
0.54030000 0.11265918
0.54025000 0.11266691
0.54020000 0.11267465
0.54015000 0.11268238
0.54010000 0.11269011
0.54005000 0.11269784
0.54000000 0.11270557
0.53995000 0.11271329
0.53990000 0.11272102
0.53985000 0.11272874
0.53980000 0.11273646
0.53975000 0.11274418
0.53970000 0.11275190
0.53965000 0.11275961
0.53960000 0.11276733
0.53955000 0.11277504
0.53950000 0.11278275
0.53945000 0.11279046
0.53940000 0.11279817
0.53935000 0.11280587
0.53930000 0.11281358
0.53925000 0.11282128
0.53920000 0.11282898
0.53915000 0.11283668
0.53910000 0.11284438
0.53905000 0.11285207
0.53900000 0.11285977
0.53895000 0.11286746
0.53890000 0.11287515
0.53885000 0.11288284
0.53880000 0.11289053
0.53875000 0.11289821
0.53870000 0.11290590
0.53865000 0.11291358
0.53860000 0.11292126
0.53855000 0.11292894
0.53850000 0.11293662
0.53845000 0.11294430
0.53840000 0.11295197
0.53835000 0.11295964
0.53830000 0.11296731
0.53825000 0.11297498
0.53820000 0.11298265
0.53815000 0.11299032
0.53810000 0.11299798
0.53805000 0.11300564
0.53800000 0.11301331
0.53795000 0.11302097
0.53790000 0.11302862
0.53785000 0.11303628
0.53780000 0.11304393
0.53775000 0.11305159
0.53770000 0.11305924
0.53765000 0.11306689
0.53760000 0.11307454
0.53755000 0.11308218
0.53750000 0.11308983
0.53745000 0.11309747
0.53740000 0.11310511
0.53735000 0.11311275
0.53730000 0.11312039
0.53725000 0.11312802
0.53720000 0.11313566
0.53715000 0.11314329
0.53710000 0.11315092
0.53705000 0.11315855
0.53700000 0.11316618
0.53695000 0.11317381
0.53690000 0.11318143
0.53685000 0.11318906
0.53680000 0.11319668
0.53675000 0.11320430
0.53670000 0.11321192
0.53665000 0.11321953
0.53660000 0.11322715
0.53655000 0.11323476
0.53650000 0.11324237
0.53645000 0.11324998
0.53640000 0.11325759
0.53635000 0.11326520
0.53630000 0.11327280
0.53625000 0.11328040
0.53620000 0.11328801
0.53615000 0.11329561
0.53610000 0.11330320
0.53605000 0.11331080
0.53600000 0.11331840
0.53595000 0.11332599
0.53590000 0.11333358
0.53585000 0.11334117
0.53580000 0.11334876
0.53575000 0.11335635
0.53570000 0.11336393
0.53565000 0.11337151
0.53560000 0.11337910
0.53555000 0.11338668
0.53550000 0.11339426
0.53545000 0.11340183
0.53540000 0.11340941
0.53535000 0.11341698
0.53530000 0.11342455
0.53525000 0.11343212
0.53520000 0.11343969
0.53515000 0.11344726
0.53510000 0.11345482
0.53505000 0.11346239
0.53500000 0.11346995
0.53495000 0.11347751
0.53490000 0.11348507
0.53485000 0.11349262
0.53480000 0.11350018
0.53475000 0.11350773
0.53470000 0.11351529
0.53465000 0.11352284
0.53460000 0.11353038
0.53455000 0.11353793
0.53450000 0.11354548
0.53445000 0.11355302
0.53440000 0.11356056
0.53435000 0.11356810
0.53430000 0.11357564
0.53425000 0.11358318
0.53420000 0.11359071
0.53415000 0.11359825
0.53410000 0.11360578
0.53405000 0.11361331
0.53400000 0.11362084
0.53395000 0.11362837
0.53390000 0.11363589
0.53385000 0.11364342
0.53380000 0.11365094
0.53375000 0.11365846
0.53370000 0.11366598
0.53365000 0.11367350
0.53360000 0.11368101
0.53355000 0.11368853
0.53350000 0.11369604
0.53345000 0.11370355
0.53340000 0.11371106
0.53335000 0.11371856
0.53330000 0.11372607
0.53325000 0.11373357
0.53320000 0.11374108
0.53315000 0.11374858
0.53310000 0.11375608
0.53305000 0.11376357
0.53300000 0.11377107
0.53295000 0.11377856
0.53290000 0.11378606
0.53285000 0.11379355
0.53280000 0.11380104
0.53275000 0.11380852
0.53270000 0.11381601
0.53265000 0.11382349
0.53260000 0.11383098
0.53255000 0.11383846
0.53250000 0.11384594
0.53245000 0.11385341
0.53240000 0.11386089
0.53235000 0.11386837
0.53230000 0.11387584
0.53225000 0.11388331
0.53220000 0.11389078
0.53215000 0.11389825
0.53210000 0.11390571
0.53205000 0.11391318
0.53200000 0.11392064
0.53195000 0.11392810
0.53190000 0.11393556
0.53185000 0.11394302
0.53180000 0.11395047
0.53175000 0.11395793
0.53170000 0.11396538
0.53165000 0.11397283
0.53160000 0.11398028
0.53155000 0.11398773
0.53150000 0.11399518
0.53145000 0.11400262
0.53140000 0.11401006
0.53135000 0.11401750
0.53130000 0.11402494
0.53125000 0.11403238
0.53120000 0.11403982
0.53115000 0.11404725
0.53110000 0.11405469
0.53105000 0.11406212
0.53100000 0.11406955
0.53095000 0.11407698
0.53090000 0.11408440
0.53085000 0.11409183
0.53080000 0.11409925
0.53075000 0.11410667
0.53070000 0.11411409
0.53065000 0.11412151
0.53060000 0.11412893
0.53055000 0.11413634
0.53050000 0.11414375
0.53045000 0.11415117
0.53040000 0.11415858
0.53035000 0.11416598
0.53030000 0.11417339
0.53025000 0.11418080
0.53020000 0.11418820
0.53015000 0.11419560
0.53010000 0.11420300
0.53005000 0.11421040
0.53000000 0.11421780
0.52995000 0.11422519
0.52990000 0.11423258
0.52985000 0.11423998
0.52980000 0.11424737
0.52975000 0.11425475
0.52970000 0.11426214
0.52965000 0.11426953
0.52960000 0.11427691
0.52955000 0.11428429
0.52950000 0.11429167
0.52945000 0.11429905
0.52940000 0.11430643
0.52935000 0.11431380
0.52930000 0.11432118
0.52925000 0.11432855
0.52920000 0.11433592
0.52915000 0.11434329
0.52910000 0.11435065
0.52905000 0.11435802
0.52900000 0.11436538
0.52895000 0.11437275
0.52890000 0.11438011
0.52885000 0.11438746
0.52880000 0.11439482
0.52875000 0.11440218
0.52870000 0.11440953
0.52865000 0.11441688
0.52860000 0.11442423
0.52855000 0.11443158
0.52850000 0.11443893
0.52845000 0.11444628
0.52840000 0.11445362
0.52835000 0.11446096
0.52830000 0.11446830
0.52825000 0.11447564
0.52820000 0.11448298
0.52815000 0.11449031
0.52810000 0.11449765
0.52805000 0.11450498
0.52800000 0.11451231
0.52795000 0.11451964
0.52790000 0.11452697
0.52785000 0.11453429
0.52780000 0.11454162
0.52775000 0.11454894
0.52770000 0.11455626
0.52765000 0.11456358
0.52760000 0.11457090
0.52755000 0.11457821
0.52750000 0.11458553
0.52745000 0.11459284
0.52740000 0.11460015
0.52735000 0.11460746
0.52730000 0.11461477
0.52725000 0.11462207
0.52720000 0.11462938
0.52715000 0.11463668
0.52710000 0.11464398
0.52705000 0.11465128
0.52700000 0.11465858
0.52695000 0.11466587
0.52690000 0.11467317
0.52685000 0.11468046
0.52680000 0.11468775
0.52675000 0.11469504
0.52670000 0.11470233
0.52665000 0.11470962
0.52660000 0.11471690
0.52655000 0.11472418
0.52650000 0.11473146
0.52645000 0.11473874
0.52640000 0.11474602
0.52635000 0.11475330
0.52630000 0.11476057
0.52625000 0.11476785
0.52620000 0.11477512
0.52615000 0.11478239
0.52610000 0.11478966
0.52605000 0.11479692
0.52600000 0.11480419
0.52595000 0.11481145
0.52590000 0.11481871
0.52585000 0.11482597
0.52580000 0.11483323
0.52575000 0.11484048
0.52570000 0.11484774
0.52565000 0.11485499
0.52560000 0.11486224
0.52555000 0.11486949
0.52550000 0.11487674
0.52545000 0.11488399
0.52540000 0.11489123
0.52535000 0.11489848
0.52530000 0.11490572
0.52525000 0.11491296
0.52520000 0.11492020
0.52515000 0.11492743
0.52510000 0.11493467
0.52505000 0.11494190
0.52500000 0.11494913
0.52495000 0.11495636
0.52490000 0.11496359
0.52485000 0.11497082
0.52480000 0.11497804
0.52475000 0.11498527
0.52470000 0.11499249
0.52465000 0.11499971
0.52460000 0.11500693
0.52455000 0.11501415
0.52450000 0.11502136
0.52445000 0.11502857
0.52440000 0.11503579
0.52435000 0.11504300
0.52430000 0.11505021
0.52425000 0.11505741
0.52420000 0.11506462
0.52415000 0.11507182
0.52410000 0.11507902
0.52405000 0.11508622
0.52400000 0.11509342
0.52395000 0.11510062
0.52390000 0.11510781
0.52385000 0.11511501
0.52380000 0.11512220
0.52375000 0.11512939
0.52370000 0.11513658
0.52365000 0.11514377
0.52360000 0.11515095
0.52355000 0.11515814
0.52350000 0.11516532
0.52345000 0.11517250
0.52340000 0.11517968
0.52335000 0.11518686
0.52330000 0.11519403
0.52325000 0.11520121
0.52320000 0.11520838
0.52315000 0.11521555
0.52310000 0.11522272
0.52305000 0.11522989
0.52300000 0.11523705
0.52295000 0.11524422
0.52290000 0.11525138
0.52285000 0.11525854
0.52280000 0.11526570
0.52275000 0.11527286
0.52270000 0.11528001
0.52265000 0.11528717
0.52260000 0.11529432
0.52255000 0.11530147
0.52250000 0.11530862
0.52245000 0.11531577
0.52240000 0.11532291
0.52235000 0.11533006
0.52230000 0.11533720
0.52225000 0.11534434
0.52220000 0.11535148
0.52215000 0.11535862
0.52210000 0.11536575
0.52205000 0.11537289
0.52200000 0.11538002
0.52195000 0.11538715
0.52190000 0.11539428
0.52185000 0.11540141
0.52180000 0.11540854
0.52175000 0.11541566
0.52170000 0.11542278
0.52165000 0.11542990
0.52160000 0.11543702
0.52155000 0.11544414
0.52150000 0.11545126
0.52145000 0.11545837
0.52140000 0.11546549
0.52135000 0.11547260
0.52130000 0.11547971
0.52125000 0.11548681
0.52120000 0.11549392
0.52115000 0.11550103
0.52110000 0.11550813
0.52105000 0.11551523
0.52100000 0.11552233
0.52095000 0.11552943
0.52090000 0.11553653
0.52085000 0.11554362
0.52080000 0.11555071
0.52075000 0.11555780
0.52070000 0.11556489
0.52065000 0.11557198
0.52060000 0.11557907
0.52055000 0.11558615
0.52050000 0.11559324
0.52045000 0.11560032
0.52040000 0.11560740
0.52035000 0.11561448
0.52030000 0.11562155
0.52025000 0.11562863
0.52020000 0.11563570
0.52015000 0.11564278
0.52010000 0.11564985
0.52005000 0.11565691
0.52000000 0.11566398
0.51995000 0.11567105
0.51990000 0.11567811
0.51985000 0.11568517
0.51980000 0.11569223
0.51975000 0.11569929
0.51970000 0.11570635
0.51965000 0.11571340
0.51960000 0.11572046
0.51955000 0.11572751
0.51950000 0.11573456
0.51945000 0.11574161
0.51940000 0.11574865
0.51935000 0.11575570
0.51930000 0.11576274
0.51925000 0.11576979
0.51920000 0.11577683
0.51915000 0.11578387
0.51910000 0.11579090
0.51905000 0.11579794
0.51900000 0.11580497
0.51895000 0.11581200
0.51890000 0.11581903
0.51885000 0.11582606
0.51880000 0.11583309
0.51875000 0.11584012
0.51870000 0.11584714
0.51865000 0.11585416
0.51860000 0.11586118
0.51855000 0.11586820
0.51850000 0.11587522
0.51845000 0.11588224
0.51840000 0.11588925
0.51835000 0.11589626
0.51830000 0.11590327
0.51825000 0.11591028
0.51820000 0.11591729
0.51815000 0.11592430
0.51810000 0.11593130
0.51805000 0.11593830
0.51800000 0.11594530
0.51795000 0.11595230
0.51790000 0.11595930
0.51785000 0.11596630
0.51780000 0.11597329
0.51775000 0.11598028
0.51770000 0.11598727
0.51765000 0.11599426
0.51760000 0.11600125
0.51755000 0.11600824
0.51750000 0.11601522
0.51745000 0.11602220
0.51740000 0.11602919
0.51735000 0.11603616
0.51730000 0.11604314
0.51725000 0.11605012
0.51720000 0.11605709
0.51715000 0.11606407
0.51710000 0.11607104
0.51705000 0.11607801
0.51700000 0.11608497
0.51695000 0.11609194
0.51690000 0.11609891
0.51685000 0.11610587
0.51680000 0.11611283
0.51675000 0.11611979
0.51670000 0.11612675
0.51665000 0.11613370
0.51660000 0.11614066
0.51655000 0.11614761
0.51650000 0.11615456
0.51645000 0.11616151
0.51640000 0.11616846
0.51635000 0.11617541
0.51630000 0.11618235
0.51625000 0.11618930
0.51620000 0.11619624
0.51615000 0.11620318
0.51610000 0.11621012
0.51605000 0.11621705
0.51600000 0.11622399
0.51595000 0.11623092
0.51590000 0.11623785
0.51585000 0.11624478
0.51580000 0.11625171
0.51575000 0.11625864
0.51570000 0.11626556
0.51565000 0.11627249
0.51560000 0.11627941
0.51555000 0.11628633
0.51550000 0.11629325
0.51545000 0.11630016
0.51540000 0.11630708
0.51535000 0.11631399
0.51530000 0.11632090
0.51525000 0.11632781
0.51520000 0.11633472
0.51515000 0.11634163
0.51510000 0.11634853
0.51505000 0.11635544
0.51500000 0.11636234
0.51495000 0.11636924
0.51490000 0.11637614
0.51485000 0.11638304
0.51480000 0.11638993
0.51475000 0.11639682
0.51470000 0.11640372
0.51465000 0.11641061
0.51460000 0.11641750
0.51455000 0.11642438
0.51450000 0.11643127
0.51445000 0.11643815
0.51440000 0.11644503
0.51435000 0.11645191
0.51430000 0.11645879
0.51425000 0.11646567
0.51420000 0.11647255
0.51415000 0.11647942
0.51410000 0.11648629
0.51405000 0.11649316
0.51400000 0.11650003
0.51395000 0.11650690
0.51390000 0.11651377
0.51385000 0.11652063
0.51380000 0.11652749
0.51375000 0.11653435
0.51370000 0.11654121
0.51365000 0.11654807
0.51360000 0.11655492
0.51355000 0.11656178
0.51350000 0.11656863
0.51345000 0.11657548
0.51340000 0.11658233
0.51335000 0.11658918
0.51330000 0.11659602
0.51325000 0.11660287
0.51320000 0.11660971
0.51315000 0.11661655
0.51310000 0.11662339
0.51305000 0.11663023
0.51300000 0.11663706
0.51295000 0.11664390
0.51290000 0.11665073
0.51285000 0.11665756
0.51280000 0.11666439
0.51275000 0.11667122
0.51270000 0.11667805
0.51265000 0.11668487
0.51260000 0.11669169
0.51255000 0.11669851
0.51250000 0.11670533
0.51245000 0.11671215
0.51240000 0.11671897
0.51235000 0.11672578
0.51230000 0.11673259
0.51225000 0.11673941
0.51220000 0.11674622
0.51215000 0.11675302
0.51210000 0.11675983
0.51205000 0.11676663
0.51200000 0.11677344
0.51195000 0.11678024
0.51190000 0.11678704
0.51185000 0.11679384
0.51180000 0.11680063
0.51175000 0.11680743
0.51170000 0.11681422
0.51165000 0.11682101
0.51160000 0.11682780
0.51155000 0.11683459
0.51150000 0.11684138
0.51145000 0.11684816
0.51140000 0.11685494
0.51135000 0.11686173
0.51130000 0.11686851
0.51125000 0.11687528
0.51120000 0.11688206
0.51115000 0.11688883
0.51110000 0.11689561
0.51105000 0.11690238
0.51100000 0.11690915
0.51095000 0.11691592
0.51090000 0.11692268
0.51085000 0.11692945
0.51080000 0.11693621
0.51075000 0.11694297
0.51070000 0.11694973
0.51065000 0.11695649
0.51060000 0.11696325
0.51055000 0.11697000
0.51050000 0.11697676
0.51045000 0.11698351
0.51040000 0.11699026
0.51035000 0.11699701
0.51030000 0.11700375
0.51025000 0.11701050
0.51020000 0.11701724
0.51015000 0.11702399
0.51010000 0.11703073
0.51005000 0.11703746
0.51000000 0.11704420
0.50995000 0.11705094
0.50990000 0.11705767
0.50985000 0.11706440
0.50980000 0.11707113
0.50975000 0.11707786
0.50970000 0.11708459
0.50965000 0.11709131
0.50960000 0.11709804
0.50955000 0.11710476
0.50950000 0.11711148
0.50945000 0.11711820
0.50940000 0.11712491
0.50935000 0.11713163
0.50930000 0.11713834
0.50925000 0.11714506
0.50920000 0.11715177
0.50915000 0.11715848
0.50910000 0.11716518
0.50905000 0.11717189
0.50900000 0.11717859
0.50895000 0.11718529
0.50890000 0.11719199
0.50885000 0.11719869
0.50880000 0.11720539
0.50875000 0.11721209
0.50870000 0.11721878
0.50865000 0.11722547
0.50860000 0.11723216
0.50855000 0.11723885
0.50850000 0.11724554
0.50845000 0.11725222
0.50840000 0.11725891
0.50835000 0.11726559
0.50830000 0.11727227
0.50825000 0.11727895
0.50820000 0.11728563
0.50815000 0.11729230
0.50810000 0.11729898
0.50805000 0.11730565
0.50800000 0.11731232
0.50795000 0.11731899
0.50790000 0.11732566
0.50785000 0.11733232
0.50780000 0.11733899
0.50775000 0.11734565
0.50770000 0.11735231
0.50765000 0.11735897
0.50760000 0.11736563
0.50755000 0.11737228
0.50750000 0.11737894
0.50745000 0.11738559
0.50740000 0.11739224
0.50735000 0.11739889
0.50730000 0.11740554
0.50725000 0.11741218
0.50720000 0.11741883
0.50715000 0.11742547
0.50710000 0.11743211
0.50705000 0.11743875
0.50700000 0.11744539
0.50695000 0.11745203
0.50690000 0.11745866
0.50685000 0.11746529
0.50680000 0.11747192
0.50675000 0.11747855
0.50670000 0.11748518
0.50665000 0.11749181
0.50660000 0.11749843
0.50655000 0.11750505
0.50650000 0.11751168
0.50645000 0.11751829
0.50640000 0.11752491
0.50635000 0.11753153
0.50630000 0.11753814
0.50625000 0.11754476
0.50620000 0.11755137
0.50615000 0.11755798
0.50610000 0.11756459
0.50605000 0.11757119
0.50600000 0.11757780
0.50595000 0.11758440
0.50590000 0.11759100
0.50585000 0.11759760
0.50580000 0.11760420
0.50575000 0.11761079
0.50570000 0.11761739
0.50565000 0.11762398
0.50560000 0.11763057
0.50555000 0.11763716
0.50550000 0.11764375
0.50545000 0.11765034
0.50540000 0.11765692
0.50535000 0.11766351
0.50530000 0.11767009
0.50525000 0.11767667
0.50520000 0.11768324
0.50515000 0.11768982
0.50510000 0.11769640
0.50505000 0.11770297
0.50500000 0.11770954
0.50495000 0.11771611
0.50490000 0.11772268
0.50485000 0.11772925
0.50480000 0.11773581
0.50475000 0.11774237
0.50470000 0.11774893
0.50465000 0.11775549
0.50460000 0.11776205
0.50455000 0.11776861
0.50450000 0.11777516
0.50445000 0.11778172
0.50440000 0.11778827
0.50435000 0.11779482
0.50430000 0.11780137
0.50425000 0.11780791
0.50420000 0.11781446
0.50415000 0.11782100
0.50410000 0.11782754
0.50405000 0.11783408
0.50400000 0.11784062
0.50395000 0.11784716
0.50390000 0.11785369
0.50385000 0.11786023
0.50380000 0.11786676
0.50375000 0.11787329
0.50370000 0.11787982
0.50365000 0.11788634
0.50360000 0.11789287
0.50355000 0.11789939
0.50350000 0.11790592
0.50345000 0.11791244
0.50340000 0.11791895
0.50335000 0.11792547
0.50330000 0.11793199
0.50325000 0.11793850
0.50320000 0.11794501
0.50315000 0.11795152
0.50310000 0.11795803
0.50305000 0.11796454
0.50300000 0.11797104
0.50295000 0.11797755
0.50290000 0.11798405
0.50285000 0.11799055
0.50280000 0.11799705
0.50275000 0.11800354
0.50270000 0.11801004
0.50265000 0.11801653
0.50260000 0.11802302
0.50255000 0.11802951
0.50250000 0.11803600
0.50245000 0.11804249
0.50240000 0.11804898
0.50235000 0.11805546
0.50230000 0.11806194
0.50225000 0.11806842
0.50220000 0.11807490
0.50215000 0.11808138
0.50210000 0.11808785
0.50205000 0.11809433
0.50200000 0.11810080
0.50195000 0.11810727
0.50190000 0.11811374
0.50185000 0.11812020
0.50180000 0.11812667
0.50175000 0.11813313
0.50170000 0.11813960
0.50165000 0.11814606
0.50160000 0.11815251
0.50155000 0.11815897
0.50150000 0.11816543
0.50145000 0.11817188
0.50140000 0.11817833
0.50135000 0.11818478
0.50130000 0.11819123
0.50125000 0.11819768
0.50120000 0.11820413
0.50115000 0.11821057
0.50110000 0.11821701
0.50105000 0.11822345
0.50100000 0.11822989
0.50095000 0.11823633
0.50090000 0.11824276
0.50085000 0.11824920
0.50080000 0.11825563
0.50075000 0.11826206
0.50070000 0.11826849
0.50065000 0.11827492
0.50060000 0.11828134
0.50055000 0.11828777
0.50050000 0.11829419
0.50045000 0.11830061
0.50040000 0.11830703
0.50035000 0.11831344
0.50030000 0.11831986
0.50025000 0.11832627
0.50020000 0.11833269
0.50015000 0.11833910
0.50010000 0.11834551
0.50005000 0.11835191
0.50000000 0.11835832
0.49995000 0.11836472
0.49990000 0.11837113
0.49985000 0.11837753
0.49980000 0.11838393
0.49975000 0.11839032
0.49970000 0.11839672
0.49965000 0.11840311
0.49960000 0.11840950
0.49955000 0.11841590
0.49950000 0.11842228
0.49945000 0.11842867
0.49940000 0.11843506
0.49935000 0.11844144
0.49930000 0.11844782
0.49925000 0.11845420
0.49920000 0.11846058
0.49915000 0.11846696
0.49910000 0.11847334
0.49905000 0.11847971
0.49900000 0.11848608
0.49895000 0.11849245
0.49890000 0.11849882
0.49885000 0.11850519
0.49880000 0.11851156
0.49875000 0.11851792
0.49870000 0.11852428
0.49865000 0.11853064
0.49860000 0.11853700
0.49855000 0.11854336
0.49850000 0.11854972
0.49845000 0.11855607
0.49840000 0.11856242
0.49835000 0.11856877
0.49830000 0.11857512
0.49825000 0.11858147
0.49820000 0.11858782
0.49815000 0.11859416
0.49810000 0.11860050
0.49805000 0.11860684
0.49800000 0.11861318
0.49795000 0.11861952
0.49790000 0.11862586
0.49785000 0.11863219
0.49780000 0.11863852
0.49775000 0.11864485
0.49770000 0.11865118
0.49765000 0.11865751
0.49760000 0.11866384
0.49755000 0.11867016
0.49750000 0.11867648
0.49745000 0.11868280
0.49740000 0.11868912
0.49735000 0.11869544
0.49730000 0.11870176
0.49725000 0.11870807
0.49720000 0.11871438
0.49715000 0.11872069
0.49710000 0.11872700
0.49705000 0.11873331
0.49700000 0.11873962
0.49695000 0.11874592
0.49690000 0.11875222
0.49685000 0.11875852
0.49680000 0.11876482
0.49675000 0.11877112
0.49670000 0.11877742
0.49665000 0.11878371
0.49660000 0.11879000
0.49655000 0.11879629
0.49650000 0.11880258
0.49645000 0.11880887
0.49640000 0.11881516
0.49635000 0.11882144
0.49630000 0.11882772
0.49625000 0.11883400
0.49620000 0.11884028
0.49615000 0.11884656
0.49610000 0.11885284
0.49605000 0.11885911
0.49600000 0.11886538
0.49595000 0.11887165
0.49590000 0.11887792
0.49585000 0.11888419
0.49580000 0.11889046
0.49575000 0.11889672
0.49570000 0.11890298
0.49565000 0.11890924
0.49560000 0.11891550
0.49555000 0.11892176
0.49550000 0.11892802
0.49545000 0.11893427
0.49540000 0.11894052
0.49535000 0.11894677
0.49530000 0.11895302
0.49525000 0.11895927
0.49520000 0.11896552
0.49515000 0.11897176
0.49510000 0.11897800
0.49505000 0.11898424
0.49500000 0.11899048
0.49495000 0.11899672
0.49490000 0.11900296
0.49485000 0.11900919
0.49480000 0.11901542
0.49475000 0.11902165
0.49470000 0.11902788
0.49465000 0.11903411
0.49460000 0.11904034
0.49455000 0.11904656
0.49450000 0.11905278
0.49445000 0.11905900
0.49440000 0.11906522
0.49435000 0.11907144
0.49430000 0.11907766
0.49425000 0.11908387
0.49420000 0.11909008
0.49415000 0.11909629
0.49410000 0.11910250
0.49405000 0.11910871
0.49400000 0.11911492
0.49395000 0.11912112
0.49390000 0.11912732
0.49385000 0.11913352
0.49380000 0.11913972
0.49375000 0.11914592
0.49370000 0.11915212
0.49365000 0.11915831
0.49360000 0.11916450
0.49355000 0.11917069
0.49350000 0.11917688
0.49345000 0.11918307
0.49340000 0.11918925
0.49335000 0.11919544
0.49330000 0.11920162
0.49325000 0.11920780
0.49320000 0.11921398
0.49315000 0.11922016
0.49310000 0.11922633
0.49305000 0.11923251
0.49300000 0.11923868
0.49295000 0.11924485
0.49290000 0.11925102
0.49285000 0.11925719
0.49280000 0.11926335
0.49275000 0.11926952
0.49270000 0.11927568
0.49265000 0.11928184
0.49260000 0.11928800
0.49255000 0.11929416
0.49250000 0.11930031
0.49245000 0.11930647
0.49240000 0.11931262
0.49235000 0.11931877
0.49230000 0.11932492
0.49225000 0.11933106
0.49220000 0.11933721
0.49215000 0.11934335
0.49210000 0.11934950
0.49205000 0.11935564
0.49200000 0.11936178
0.49195000 0.11936791
0.49190000 0.11937405
0.49185000 0.11938018
0.49180000 0.11938632
0.49175000 0.11939245
0.49170000 0.11939857
0.49165000 0.11940470
0.49160000 0.11941083
0.49155000 0.11941695
0.49150000 0.11942307
0.49145000 0.11942919
0.49140000 0.11943531
0.49135000 0.11944143
0.49130000 0.11944755
0.49125000 0.11945366
0.49120000 0.11945977
0.49115000 0.11946588
0.49110000 0.11947199
0.49105000 0.11947810
0.49100000 0.11948420
0.49095000 0.11949031
0.49090000 0.11949641
0.49085000 0.11950251
0.49080000 0.11950861
0.49075000 0.11951470
0.49070000 0.11952080
0.49065000 0.11952689
0.49060000 0.11953299
0.49055000 0.11953908
0.49050000 0.11954516
0.49045000 0.11955125
0.49040000 0.11955734
0.49035000 0.11956342
0.49030000 0.11956950
0.49025000 0.11957558
0.49020000 0.11958166
0.49015000 0.11958774
0.49010000 0.11959381
0.49005000 0.11959989
0.49000000 0.11960596
0.48995000 0.11961203
0.48990000 0.11961810
0.48985000 0.11962416
0.48980000 0.11963023
0.48975000 0.11963629
0.48970000 0.11964236
0.48965000 0.11964842
0.48960000 0.11965447
0.48955000 0.11966053
0.48950000 0.11966659
0.48945000 0.11967264
0.48940000 0.11967869
0.48935000 0.11968474
0.48930000 0.11969079
0.48925000 0.11969684
0.48920000 0.11970288
0.48915000 0.11970892
0.48910000 0.11971497
0.48905000 0.11972101
0.48900000 0.11972704
0.48895000 0.11973308
0.48890000 0.11973912
0.48885000 0.11974515
0.48880000 0.11975118
0.48875000 0.11975721
0.48870000 0.11976324
0.48865000 0.11976927
0.48860000 0.11977529
0.48855000 0.11978131
0.48850000 0.11978734
0.48845000 0.11979336
0.48840000 0.11979937
0.48835000 0.11980539
0.48830000 0.11981140
0.48825000 0.11981742
0.48820000 0.11982343
0.48815000 0.11982944
0.48810000 0.11983545
0.48805000 0.11984145
0.48800000 0.11984746
0.48795000 0.11985346
0.48790000 0.11985946
0.48785000 0.11986546
0.48780000 0.11987146
0.48775000 0.11987746
0.48770000 0.11988345
0.48765000 0.11988944
0.48760000 0.11989544
0.48755000 0.11990142
0.48750000 0.11990741
0.48745000 0.11991340
0.48740000 0.11991938
0.48735000 0.11992537
0.48730000 0.11993135
0.48725000 0.11993733
0.48720000 0.11994330
0.48715000 0.11994928
0.48710000 0.11995526
0.48705000 0.11996123
0.48700000 0.11996720
0.48695000 0.11997317
0.48690000 0.11997914
0.48685000 0.11998510
0.48680000 0.11999107
0.48675000 0.11999703
0.48670000 0.12000299
0.48665000 0.12000895
0.48660000 0.12001491
0.48655000 0.12002086
0.48650000 0.12002682
0.48645000 0.12003277
0.48640000 0.12003872
0.48635000 0.12004467
0.48630000 0.12005062
0.48625000 0.12005656
0.48620000 0.12006251
0.48615000 0.12006845
0.48610000 0.12007439
0.48605000 0.12008033
0.48600000 0.12008627
0.48595000 0.12009220
0.48590000 0.12009814
0.48585000 0.12010407
0.48580000 0.12011000
0.48575000 0.12011593
0.48570000 0.12012186
0.48565000 0.12012778
0.48560000 0.12013370
0.48555000 0.12013963
0.48550000 0.12014555
0.48545000 0.12015147
0.48540000 0.12015738
0.48535000 0.12016330
0.48530000 0.12016921
0.48525000 0.12017512
0.48520000 0.12018104
0.48515000 0.12018694
0.48510000 0.12019285
0.48505000 0.12019876
0.48500000 0.12020466
0.48495000 0.12021056
0.48490000 0.12021646
0.48485000 0.12022236
0.48480000 0.12022826
0.48475000 0.12023415
0.48470000 0.12024005
0.48465000 0.12024594
0.48460000 0.12025183
0.48455000 0.12025772
0.48450000 0.12026360
0.48445000 0.12026949
0.48440000 0.12027537
0.48435000 0.12028125
0.48430000 0.12028713
0.48425000 0.12029301
0.48420000 0.12029889
0.48415000 0.12030476
0.48410000 0.12031064
0.48405000 0.12031651
0.48400000 0.12032238
0.48395000 0.12032825
0.48390000 0.12033411
0.48385000 0.12033998
0.48380000 0.12034584
0.48375000 0.12035170
0.48370000 0.12035756
0.48365000 0.12036342
0.48360000 0.12036928
0.48355000 0.12037513
0.48350000 0.12038098
0.48345000 0.12038683
0.48340000 0.12039268
0.48335000 0.12039853
0.48330000 0.12040438
0.48325000 0.12041022
0.48320000 0.12041607
0.48315000 0.12042191
0.48310000 0.12042775
0.48305000 0.12043358
0.48300000 0.12043942
0.48295000 0.12044525
0.48290000 0.12045109
0.48285000 0.12045692
0.48280000 0.12046275
0.48275000 0.12046857
0.48270000 0.12047440
0.48265000 0.12048022
0.48260000 0.12048605
0.48255000 0.12049187
0.48250000 0.12049769
0.48245000 0.12050350
0.48240000 0.12050932
0.48235000 0.12051513
0.48230000 0.12052095
0.48225000 0.12052676
0.48220000 0.12053257
0.48215000 0.12053837
0.48210000 0.12054418
0.48205000 0.12054998
0.48200000 0.12055578
0.48195000 0.12056158
0.48190000 0.12056738
0.48185000 0.12057318
0.48180000 0.12057898
0.48175000 0.12058477
0.48170000 0.12059056
0.48165000 0.12059635
0.48160000 0.12060214
0.48155000 0.12060793
0.48150000 0.12061371
0.48145000 0.12061950
0.48140000 0.12062528
0.48135000 0.12063106
0.48130000 0.12063684
0.48125000 0.12064261
0.48120000 0.12064839
0.48115000 0.12065416
0.48110000 0.12065993
0.48105000 0.12066570
0.48100000 0.12067147
0.48095000 0.12067724
0.48090000 0.12068300
0.48085000 0.12068877
0.48080000 0.12069453
0.48075000 0.12070029
0.48070000 0.12070604
0.48065000 0.12071180
0.48060000 0.12071756
0.48055000 0.12072331
0.48050000 0.12072906
0.48045000 0.12073481
0.48040000 0.12074056
0.48035000 0.12074630
0.48030000 0.12075205
0.48025000 0.12075779
0.48020000 0.12076353
0.48015000 0.12076927
0.48010000 0.12077501
0.48005000 0.12078074
0.48000000 0.12078648
0.47995000 0.12079221
0.47990000 0.12079794
0.47985000 0.12080367
0.47980000 0.12080940
0.47975000 0.12081512
0.47970000 0.12082085
0.47965000 0.12082657
0.47960000 0.12083229
0.47955000 0.12083801
0.47950000 0.12084373
0.47945000 0.12084944
0.47940000 0.12085516
0.47935000 0.12086087
0.47930000 0.12086658
0.47925000 0.12087229
0.47920000 0.12087799
0.47915000 0.12088370
0.47910000 0.12088940
0.47905000 0.12089511
0.47900000 0.12090081
0.47895000 0.12090650
0.47890000 0.12091220
0.47885000 0.12091790
0.47880000 0.12092359
0.47875000 0.12092928
0.47870000 0.12093497
0.47865000 0.12094066
0.47860000 0.12094635
0.47855000 0.12095203
0.47850000 0.12095771
0.47845000 0.12096340
0.47840000 0.12096907
0.47835000 0.12097475
0.47830000 0.12098043
0.47825000 0.12098610
0.47820000 0.12099178
0.47815000 0.12099745
0.47810000 0.12100312
0.47805000 0.12100879
0.47800000 0.12101445
0.47795000 0.12102012
0.47790000 0.12102578
0.47785000 0.12103144
0.47780000 0.12103710
0.47775000 0.12104276
0.47770000 0.12104841
0.47765000 0.12105407
0.47760000 0.12105972
0.47755000 0.12106537
0.47750000 0.12107102
0.47745000 0.12107667
0.47740000 0.12108231
0.47735000 0.12108796
0.47730000 0.12109360
0.47725000 0.12109924
0.47720000 0.12110488
0.47715000 0.12111051
0.47710000 0.12111615
0.47705000 0.12112178
0.47700000 0.12112741
0.47695000 0.12113305
0.47690000 0.12113867
0.47685000 0.12114430
0.47680000 0.12114993
0.47675000 0.12115555
0.47670000 0.12116117
0.47665000 0.12116679
0.47660000 0.12117241
0.47655000 0.12117803
0.47650000 0.12118364
0.47645000 0.12118925
0.47640000 0.12119486
0.47635000 0.12120047
0.47630000 0.12120608
0.47625000 0.12121169
0.47620000 0.12121729
0.47615000 0.12122290
0.47610000 0.12122850
0.47605000 0.12123410
0.47600000 0.12123969
0.47595000 0.12124529
0.47590000 0.12125089
0.47585000 0.12125648
0.47580000 0.12126207
0.47575000 0.12126766
0.47570000 0.12127325
0.47565000 0.12127883
0.47560000 0.12128442
0.47555000 0.12129000
0.47550000 0.12129558
0.47545000 0.12130116
0.47540000 0.12130673
0.47535000 0.12131231
0.47530000 0.12131788
0.47525000 0.12132346
0.47520000 0.12132903
0.47515000 0.12133459
0.47510000 0.12134016
0.47505000 0.12134573
0.47500000 0.12135129
0.47495000 0.12135685
0.47490000 0.12136241
0.47485000 0.12136797
0.47480000 0.12137353
0.47475000 0.12137908
0.47470000 0.12138463
0.47465000 0.12139019
0.47460000 0.12139574
0.47455000 0.12140128
0.47450000 0.12140683
0.47445000 0.12141237
0.47440000 0.12141792
0.47435000 0.12142346
0.47430000 0.12142900
0.47425000 0.12143454
0.47420000 0.12144007
0.47415000 0.12144561
0.47410000 0.12145114
0.47405000 0.12145667
0.47400000 0.12146220
0.47395000 0.12146773
0.47390000 0.12147325
0.47385000 0.12147878
0.47380000 0.12148430
0.47375000 0.12148982
0.47370000 0.12149534
0.47365000 0.12150086
0.47360000 0.12150637
0.47355000 0.12151188
0.47350000 0.12151740
0.47345000 0.12152291
0.47340000 0.12152841
0.47335000 0.12153392
0.47330000 0.12153943
0.47325000 0.12154493
0.47320000 0.12155043
0.47315000 0.12155593
0.47310000 0.12156143
0.47305000 0.12156693
0.47300000 0.12157242
0.47295000 0.12157791
0.47290000 0.12158341
0.47285000 0.12158890
0.47280000 0.12159438
0.47275000 0.12159987
0.47270000 0.12160535
0.47265000 0.12161084
0.47260000 0.12161632
0.47255000 0.12162180
0.47250000 0.12162727
0.47245000 0.12163275
0.47240000 0.12163822
0.47235000 0.12164370
0.47230000 0.12164917
0.47225000 0.12165464
0.47220000 0.12166010
0.47215000 0.12166557
0.47210000 0.12167103
0.47205000 0.12167649
0.47200000 0.12168195
0.47195000 0.12168741
0.47190000 0.12169287
0.47185000 0.12169833
0.47180000 0.12170378
0.47175000 0.12170923
0.47170000 0.12171468
0.47165000 0.12172013
0.47160000 0.12172557
0.47155000 0.12173102
0.47150000 0.12173646
0.47145000 0.12174190
0.47140000 0.12174734
0.47135000 0.12175278
0.47130000 0.12175822
0.47125000 0.12176365
0.47120000 0.12176908
0.47115000 0.12177452
0.47110000 0.12177994
0.47105000 0.12178537
0.47100000 0.12179080
0.47095000 0.12179622
0.47090000 0.12180164
0.47085000 0.12180707
0.47080000 0.12181248
0.47075000 0.12181790
0.47070000 0.12182332
0.47065000 0.12182873
0.47060000 0.12183414
0.47055000 0.12183955
0.47050000 0.12184496
0.47045000 0.12185037
0.47040000 0.12185577
0.47035000 0.12186118
0.47030000 0.12186658
0.47025000 0.12187198
0.47020000 0.12187738
0.47015000 0.12188277
0.47010000 0.12188817
0.47005000 0.12189356
0.47000000 0.12189895
0.46995000 0.12190434
0.46990000 0.12190973
0.46985000 0.12191511
0.46980000 0.12192050
0.46975000 0.12192588
0.46970000 0.12193126
0.46965000 0.12193664
0.46960000 0.12194202
0.46955000 0.12194739
0.46950000 0.12195277
0.46945000 0.12195814
0.46940000 0.12196351
0.46935000 0.12196888
0.46930000 0.12197425
0.46925000 0.12197961
0.46920000 0.12198497
0.46915000 0.12199034
0.46910000 0.12199570
0.46905000 0.12200105
0.46900000 0.12200641
0.46895000 0.12201177
0.46890000 0.12201712
0.46885000 0.12202247
0.46880000 0.12202782
0.46875000 0.12203317
0.46870000 0.12203851
0.46865000 0.12204386
0.46860000 0.12204920
0.46855000 0.12205454
0.46850000 0.12205988
0.46845000 0.12206522
0.46840000 0.12207055
0.46835000 0.12207589
0.46830000 0.12208122
0.46825000 0.12208655
0.46820000 0.12209188
0.46815000 0.12209721
0.46810000 0.12210253
0.46805000 0.12210786
0.46800000 0.12211318
0.46795000 0.12211850
0.46790000 0.12212382
0.46785000 0.12212913
0.46780000 0.12213445
0.46775000 0.12213976
0.46770000 0.12214507
0.46765000 0.12215038
0.46760000 0.12215569
0.46755000 0.12216099
0.46750000 0.12216630
0.46745000 0.12217160
0.46740000 0.12217690
0.46735000 0.12218220
0.46730000 0.12218750
0.46725000 0.12219280
0.46720000 0.12219809
0.46715000 0.12220338
0.46710000 0.12220867
0.46705000 0.12221396
0.46700000 0.12221925
0.46695000 0.12222453
0.46690000 0.12222982
0.46685000 0.12223510
0.46680000 0.12224038
0.46675000 0.12224566
0.46670000 0.12225093
0.46665000 0.12225621
0.46660000 0.12226148
0.46655000 0.12226675
0.46650000 0.12227202
0.46645000 0.12227729
0.46640000 0.12228256
0.46635000 0.12228782
0.46630000 0.12229308
0.46625000 0.12229834
0.46620000 0.12230360
0.46615000 0.12230886
0.46610000 0.12231412
0.46605000 0.12231937
0.46600000 0.12232462
0.46595000 0.12232987
0.46590000 0.12233512
0.46585000 0.12234037
0.46580000 0.12234561
0.46575000 0.12235086
0.46570000 0.12235610
0.46565000 0.12236134
0.46560000 0.12236658
0.46555000 0.12237181
0.46550000 0.12237705
0.46545000 0.12238228
0.46540000 0.12238751
0.46535000 0.12239274
0.46530000 0.12239797
0.46525000 0.12240319
0.46520000 0.12240842
0.46515000 0.12241364
0.46510000 0.12241886
0.46505000 0.12242408
0.46500000 0.12242930
0.46495000 0.12243451
0.46490000 0.12243973
0.46485000 0.12244494
0.46480000 0.12245015
0.46475000 0.12245536
0.46470000 0.12246056
0.46465000 0.12246577
0.46460000 0.12247097
0.46455000 0.12247617
0.46450000 0.12248137
0.46445000 0.12248657
0.46440000 0.12249177
0.46435000 0.12249696
0.46430000 0.12250215
0.46425000 0.12250734
0.46420000 0.12251253
0.46415000 0.12251772
0.46410000 0.12252291
0.46405000 0.12252809
0.46400000 0.12253327
0.46395000 0.12253845
0.46390000 0.12254363
0.46385000 0.12254881
0.46380000 0.12255398
0.46375000 0.12255916
0.46370000 0.12256433
0.46365000 0.12256950
0.46360000 0.12257467
0.46355000 0.12257983
0.46350000 0.12258500
0.46345000 0.12259016
0.46340000 0.12259532
0.46335000 0.12260048
0.46330000 0.12260564
0.46325000 0.12261079
0.46320000 0.12261595
0.46315000 0.12262110
0.46310000 0.12262625
0.46305000 0.12263140
0.46300000 0.12263655
0.46295000 0.12264169
0.46290000 0.12264684
0.46285000 0.12265198
0.46280000 0.12265712
0.46275000 0.12266226
0.46270000 0.12266739
0.46265000 0.12267253
0.46260000 0.12267766
0.46255000 0.12268279
0.46250000 0.12268792
0.46245000 0.12269305
0.46240000 0.12269817
0.46235000 0.12270330
0.46230000 0.12270842
0.46225000 0.12271354
0.46220000 0.12271866
0.46215000 0.12272378
0.46210000 0.12272889
0.46205000 0.12273401
0.46200000 0.12273912
0.46195000 0.12274423
0.46190000 0.12274934
0.46185000 0.12275444
0.46180000 0.12275955
0.46175000 0.12276465
0.46170000 0.12276975
0.46165000 0.12277485
0.46160000 0.12277995
0.46155000 0.12278505
0.46150000 0.12279014
0.46145000 0.12279523
0.46140000 0.12280032
0.46135000 0.12280541
0.46130000 0.12281050
0.46125000 0.12281558
0.46120000 0.12282067
0.46115000 0.12282575
0.46110000 0.12283083
0.46105000 0.12283591
0.46100000 0.12284099
0.46095000 0.12284606
0.46090000 0.12285113
0.46085000 0.12285620
0.46080000 0.12286127
0.46075000 0.12286634
0.46070000 0.12287141
0.46065000 0.12287647
0.46060000 0.12288153
0.46055000 0.12288659
0.46050000 0.12289165
0.46045000 0.12289671
0.46040000 0.12290177
0.46035000 0.12290682
0.46030000 0.12291187
0.46025000 0.12291692
0.46020000 0.12292197
0.46015000 0.12292702
0.46010000 0.12293206
0.46005000 0.12293710
0.46000000 0.12294215
0.45995000 0.12294718
0.45990000 0.12295222
0.45985000 0.12295726
0.45980000 0.12296229
0.45975000 0.12296733
0.45970000 0.12297236
0.45965000 0.12297738
0.45960000 0.12298241
0.45955000 0.12298744
0.45950000 0.12299246
0.45945000 0.12299748
0.45940000 0.12300250
0.45935000 0.12300752
0.45930000 0.12301254
0.45925000 0.12301755
0.45920000 0.12302256
0.45915000 0.12302758
0.45910000 0.12303258
0.45905000 0.12303759
0.45900000 0.12304260
0.45895000 0.12304760
0.45890000 0.12305260
0.45885000 0.12305760
0.45880000 0.12306260
0.45875000 0.12306760
0.45870000 0.12307260
0.45865000 0.12307759
0.45860000 0.12308258
0.45855000 0.12308757
0.45850000 0.12309256
0.45845000 0.12309754
0.45840000 0.12310253
0.45835000 0.12310751
0.45830000 0.12311249
0.45825000 0.12311747
0.45820000 0.12312245
0.45815000 0.12312742
0.45810000 0.12313240
0.45805000 0.12313737
0.45800000 0.12314234
0.45795000 0.12314731
0.45790000 0.12315228
0.45785000 0.12315724
0.45780000 0.12316220
0.45775000 0.12316716
0.45770000 0.12317212
0.45765000 0.12317708
0.45760000 0.12318204
0.45755000 0.12318699
0.45750000 0.12319194
0.45745000 0.12319690
0.45740000 0.12320184
0.45735000 0.12320679
0.45730000 0.12321174
0.45725000 0.12321668
0.45720000 0.12322162
0.45715000 0.12322656
0.45710000 0.12323150
0.45705000 0.12323644
0.45700000 0.12324137
0.45695000 0.12324630
0.45690000 0.12325124
0.45685000 0.12325616
0.45680000 0.12326109
0.45675000 0.12326602
0.45670000 0.12327094
0.45665000 0.12327586
0.45660000 0.12328078
0.45655000 0.12328570
0.45650000 0.12329062
0.45645000 0.12329553
0.45640000 0.12330045
0.45635000 0.12330536
0.45630000 0.12331027
0.45625000 0.12331518
0.45620000 0.12332008
0.45615000 0.12332499
0.45610000 0.12332989
0.45605000 0.12333479
0.45600000 0.12333969
0.45595000 0.12334459
0.45590000 0.12334948
0.45585000 0.12335438
0.45580000 0.12335927
0.45575000 0.12336416
0.45570000 0.12336905
0.45565000 0.12337393
0.45560000 0.12337882
0.45555000 0.12338370
0.45550000 0.12338858
0.45545000 0.12339346
0.45540000 0.12339834
0.45535000 0.12340321
0.45530000 0.12340809
0.45525000 0.12341296
0.45520000 0.12341783
0.45515000 0.12342270
0.45510000 0.12342756
0.45505000 0.12343243
0.45500000 0.12343729
0.45495000 0.12344215
0.45490000 0.12344701
0.45485000 0.12345187
0.45480000 0.12345673
0.45475000 0.12346158
0.45470000 0.12346643
0.45465000 0.12347128
0.45460000 0.12347613
0.45455000 0.12348098
0.45450000 0.12348582
0.45445000 0.12349067
0.45440000 0.12349551
0.45435000 0.12350035
0.45430000 0.12350519
0.45425000 0.12351002
0.45420000 0.12351486
0.45415000 0.12351969
0.45410000 0.12352452
0.45405000 0.12352935
0.45400000 0.12353418
0.45395000 0.12353900
0.45390000 0.12354383
0.45385000 0.12354865
0.45380000 0.12355347
0.45375000 0.12355829
0.45370000 0.12356310
0.45365000 0.12356792
0.45360000 0.12357273
0.45355000 0.12357754
0.45350000 0.12358235
0.45345000 0.12358716
0.45340000 0.12359196
0.45335000 0.12359677
0.45330000 0.12360157
0.45325000 0.12360637
0.45320000 0.12361117
0.45315000 0.12361596
0.45310000 0.12362076
0.45305000 0.12362555
0.45300000 0.12363034
0.45295000 0.12363513
0.45290000 0.12363992
0.45285000 0.12364471
0.45280000 0.12364949
0.45275000 0.12365427
0.45270000 0.12365905
0.45265000 0.12366383
0.45260000 0.12366861
0.45255000 0.12367338
0.45250000 0.12367816
0.45245000 0.12368293
0.45240000 0.12368770
0.45235000 0.12369247
0.45230000 0.12369723
0.45225000 0.12370200
0.45220000 0.12370676
0.45215000 0.12371152
0.45210000 0.12371628
0.45205000 0.12372103
0.45200000 0.12372579
0.45195000 0.12373054
0.45190000 0.12373529
0.45185000 0.12374004
0.45180000 0.12374479
0.45175000 0.12374954
0.45170000 0.12375428
0.45165000 0.12375902
0.45160000 0.12376377
0.45155000 0.12376850
0.45150000 0.12377324
0.45145000 0.12377798
0.45140000 0.12378271
0.45135000 0.12378744
0.45130000 0.12379217
0.45125000 0.12379690
0.45120000 0.12380163
0.45115000 0.12380635
0.45110000 0.12381107
0.45105000 0.12381579
0.45100000 0.12382051
0.45095000 0.12382523
0.45090000 0.12382994
0.45085000 0.12383466
0.45080000 0.12383937
0.45075000 0.12384408
0.45070000 0.12384879
0.45065000 0.12385349
0.45060000 0.12385820
0.45055000 0.12386290
0.45050000 0.12386760
0.45045000 0.12387230
0.45040000 0.12387700
0.45035000 0.12388169
0.45030000 0.12388639
0.45025000 0.12389108
0.45020000 0.12389577
0.45015000 0.12390046
0.45010000 0.12390514
0.45005000 0.12390983
0.45000000 0.12391451
0.44995000 0.12391919
0.44990000 0.12392387
0.44985000 0.12392855
0.44980000 0.12393322
0.44975000 0.12393790
0.44970000 0.12394257
0.44965000 0.12394724
0.44960000 0.12395191
0.44955000 0.12395657
0.44950000 0.12396124
0.44945000 0.12396590
0.44940000 0.12397056
0.44935000 0.12397522
0.44930000 0.12397988
0.44925000 0.12398453
0.44920000 0.12398919
0.44915000 0.12399384
0.44910000 0.12399849
0.44905000 0.12400313
0.44900000 0.12400778
0.44895000 0.12401243
0.44890000 0.12401707
0.44885000 0.12402171
0.44880000 0.12402635
0.44875000 0.12403099
0.44870000 0.12403562
0.44865000 0.12404025
0.44860000 0.12404489
0.44855000 0.12404952
0.44850000 0.12405414
0.44845000 0.12405877
0.44840000 0.12406339
0.44835000 0.12406802
0.44830000 0.12407264
0.44825000 0.12407726
0.44820000 0.12408187
0.44815000 0.12408649
0.44810000 0.12409110
0.44805000 0.12409571
0.44800000 0.12410032
0.44795000 0.12410493
0.44790000 0.12410954
0.44785000 0.12411414
0.44780000 0.12411874
0.44775000 0.12412334
0.44770000 0.12412794
0.44765000 0.12413254
0.44760000 0.12413714
0.44755000 0.12414173
0.44750000 0.12414632
0.44745000 0.12415091
0.44740000 0.12415550
0.44735000 0.12416008
0.44730000 0.12416467
0.44725000 0.12416925
0.44720000 0.12417383
0.44715000 0.12417841
0.44710000 0.12418299
0.44705000 0.12418756
0.44700000 0.12419213
0.44695000 0.12419671
0.44690000 0.12420128
0.44685000 0.12420584
0.44680000 0.12421041
0.44675000 0.12421497
0.44670000 0.12421953
0.44665000 0.12422409
0.44660000 0.12422865
0.44655000 0.12423321
0.44650000 0.12423776
0.44645000 0.12424232
0.44640000 0.12424687
0.44635000 0.12425142
0.44630000 0.12425597
0.44625000 0.12426051
0.44620000 0.12426506
0.44615000 0.12426960
0.44610000 0.12427414
0.44605000 0.12427868
0.44600000 0.12428321
0.44595000 0.12428775
0.44590000 0.12429228
0.44585000 0.12429681
0.44580000 0.12430134
0.44575000 0.12430587
0.44570000 0.12431039
0.44565000 0.12431492
0.44560000 0.12431944
0.44555000 0.12432396
0.44550000 0.12432848
0.44545000 0.12433299
0.44540000 0.12433751
0.44535000 0.12434202
0.44530000 0.12434653
0.44525000 0.12435104
0.44520000 0.12435554
0.44515000 0.12436005
0.44510000 0.12436455
0.44505000 0.12436905
0.44500000 0.12437355
0.44495000 0.12437805
0.44490000 0.12438255
0.44485000 0.12438704
0.44480000 0.12439153
0.44475000 0.12439602
0.44470000 0.12440051
0.44465000 0.12440500
0.44460000 0.12440948
0.44455000 0.12441397
0.44450000 0.12441845
0.44445000 0.12442293
0.44440000 0.12442741
0.44435000 0.12443188
0.44430000 0.12443635
0.44425000 0.12444083
0.44420000 0.12444530
0.44415000 0.12444977
0.44410000 0.12445423
0.44405000 0.12445870
0.44400000 0.12446316
0.44395000 0.12446762
0.44390000 0.12447208
0.44385000 0.12447654
0.44380000 0.12448099
0.44375000 0.12448544
0.44370000 0.12448990
0.44365000 0.12449435
0.44360000 0.12449879
0.44355000 0.12450324
0.44350000 0.12450768
0.44345000 0.12451213
0.44340000 0.12451657
0.44335000 0.12452101
0.44330000 0.12452544
0.44325000 0.12452988
0.44320000 0.12453431
0.44315000 0.12453874
0.44310000 0.12454317
0.44305000 0.12454760
0.44300000 0.12455202
0.44295000 0.12455645
0.44290000 0.12456087
0.44285000 0.12456529
0.44280000 0.12456971
0.44275000 0.12457412
0.44270000 0.12457854
0.44265000 0.12458295
0.44260000 0.12458736
0.44255000 0.12459177
0.44250000 0.12459618
0.44245000 0.12460058
0.44240000 0.12460499
0.44235000 0.12460939
0.44230000 0.12461379
0.44225000 0.12461819
0.44220000 0.12462258
0.44215000 0.12462697
0.44210000 0.12463137
0.44205000 0.12463576
0.44200000 0.12464015
0.44195000 0.12464453
0.44190000 0.12464892
0.44185000 0.12465330
0.44180000 0.12465768
0.44175000 0.12466206
0.44170000 0.12466644
0.44165000 0.12467081
0.44160000 0.12467519
0.44155000 0.12467956
0.44150000 0.12468393
0.44145000 0.12468830
0.44140000 0.12469266
0.44135000 0.12469703
0.44130000 0.12470139
0.44125000 0.12470575
0.44120000 0.12471011
0.44115000 0.12471446
0.44110000 0.12471882
0.44105000 0.12472317
0.44100000 0.12472752
0.44095000 0.12473187
0.44090000 0.12473622
0.44085000 0.12474057
0.44080000 0.12474491
0.44075000 0.12474925
0.44070000 0.12475359
0.44065000 0.12475793
0.44060000 0.12476227
0.44055000 0.12476660
0.44050000 0.12477093
0.44045000 0.12477526
0.44040000 0.12477959
0.44035000 0.12478392
0.44030000 0.12478824
0.44025000 0.12479257
0.44020000 0.12479689
0.44015000 0.12480121
0.44010000 0.12480553
0.44005000 0.12480984
0.44000000 0.12481415
0.43995000 0.12481847
0.43990000 0.12482278
0.43985000 0.12482708
0.43980000 0.12483139
0.43975000 0.12483570
0.43970000 0.12484000
0.43965000 0.12484430
0.43960000 0.12484860
0.43955000 0.12485289
0.43950000 0.12485719
0.43945000 0.12486148
0.43940000 0.12486577
0.43935000 0.12487006
0.43930000 0.12487435
0.43925000 0.12487864
0.43920000 0.12488292
0.43915000 0.12488720
0.43910000 0.12489148
0.43905000 0.12489576
0.43900000 0.12490004
0.43895000 0.12490431
0.43890000 0.12490858
0.43885000 0.12491285
0.43880000 0.12491712
0.43875000 0.12492139
0.43870000 0.12492565
0.43865000 0.12492992
0.43860000 0.12493418
0.43855000 0.12493844
0.43850000 0.12494270
0.43845000 0.12494695
0.43840000 0.12495120
0.43835000 0.12495546
0.43830000 0.12495971
0.43825000 0.12496395
0.43820000 0.12496820
0.43815000 0.12497245
0.43810000 0.12497669
0.43805000 0.12498093
0.43800000 0.12498517
0.43795000 0.12498940
0.43790000 0.12499364
0.43785000 0.12499787
0.43780000 0.12500210
0.43775000 0.12500633
0.43770000 0.12501056
0.43765000 0.12501478
0.43760000 0.12501901
0.43755000 0.12502323
0.43750000 0.12502745
0.43745000 0.12503167
0.43740000 0.12503588
0.43735000 0.12504010
0.43730000 0.12504431
0.43725000 0.12504852
0.43720000 0.12505273
0.43715000 0.12505693
0.43710000 0.12506114
0.43705000 0.12506534
0.43700000 0.12506954
0.43695000 0.12507374
0.43690000 0.12507794
0.43685000 0.12508213
0.43680000 0.12508633
0.43675000 0.12509052
0.43670000 0.12509471
0.43665000 0.12509890
0.43660000 0.12510308
0.43655000 0.12510726
0.43650000 0.12511145
0.43645000 0.12511563
0.43640000 0.12511980
0.43635000 0.12512398
0.43630000 0.12512816
0.43625000 0.12513233
0.43620000 0.12513650
0.43615000 0.12514067
0.43610000 0.12514483
0.43605000 0.12514900
0.43600000 0.12515316
0.43595000 0.12515732
0.43590000 0.12516148
0.43585000 0.12516564
0.43580000 0.12516979
0.43575000 0.12517395
0.43570000 0.12517810
0.43565000 0.12518225
0.43560000 0.12518640
0.43555000 0.12519054
0.43550000 0.12519469
0.43545000 0.12519883
0.43540000 0.12520297
0.43535000 0.12520711
0.43530000 0.12521124
0.43525000 0.12521538
0.43520000 0.12521951
0.43515000 0.12522364
0.43510000 0.12522777
0.43505000 0.12523190
0.43500000 0.12523602
0.43495000 0.12524014
0.43490000 0.12524427
0.43485000 0.12524838
0.43480000 0.12525250
0.43475000 0.12525662
0.43470000 0.12526073
0.43465000 0.12526484
0.43460000 0.12526895
0.43455000 0.12527306
0.43450000 0.12527717
0.43445000 0.12528127
0.43440000 0.12528537
0.43435000 0.12528947
0.43430000 0.12529357
0.43425000 0.12529767
0.43420000 0.12530176
0.43415000 0.12530585
0.43410000 0.12530994
0.43405000 0.12531403
0.43400000 0.12531812
0.43395000 0.12532220
0.43390000 0.12532629
0.43385000 0.12533037
0.43380000 0.12533445
0.43375000 0.12533852
0.43370000 0.12534260
0.43365000 0.12534667
0.43360000 0.12535074
0.43355000 0.12535481
0.43350000 0.12535888
0.43345000 0.12536295
0.43340000 0.12536701
0.43335000 0.12537107
0.43330000 0.12537513
0.43325000 0.12537919
0.43320000 0.12538325
0.43315000 0.12538730
0.43310000 0.12539135
0.43305000 0.12539540
0.43300000 0.12539945
0.43295000 0.12540350
0.43290000 0.12540754
0.43285000 0.12541159
0.43280000 0.12541563
0.43275000 0.12541967
0.43270000 0.12542370
0.43265000 0.12542774
0.43260000 0.12543177
0.43255000 0.12543580
0.43250000 0.12543983
0.43245000 0.12544386
0.43240000 0.12544788
0.43235000 0.12545191
0.43230000 0.12545593
0.43225000 0.12545995
0.43220000 0.12546397
0.43215000 0.12546798
0.43210000 0.12547200
0.43205000 0.12547601
0.43200000 0.12548002
0.43195000 0.12548403
0.43190000 0.12548803
0.43185000 0.12549204
0.43180000 0.12549604
0.43175000 0.12550004
0.43170000 0.12550404
0.43165000 0.12550804
0.43160000 0.12551203
0.43155000 0.12551602
0.43150000 0.12552001
0.43145000 0.12552400
0.43140000 0.12552799
0.43135000 0.12553197
0.43130000 0.12553596
0.43125000 0.12553994
0.43120000 0.12554392
0.43115000 0.12554789
0.43110000 0.12555187
0.43105000 0.12555584
0.43100000 0.12555982
0.43095000 0.12556378
0.43090000 0.12556775
0.43085000 0.12557172
0.43080000 0.12557568
0.43075000 0.12557964
0.43070000 0.12558360
0.43065000 0.12558756
0.43060000 0.12559152
0.43055000 0.12559547
0.43050000 0.12559942
0.43045000 0.12560337
0.43040000 0.12560732
0.43035000 0.12561127
0.43030000 0.12561521
0.43025000 0.12561916
0.43020000 0.12562310
0.43015000 0.12562703
0.43010000 0.12563097
0.43005000 0.12563491
0.43000000 0.12563884
0.42995000 0.12564277
0.42990000 0.12564670
0.42985000 0.12565063
0.42980000 0.12565455
0.42975000 0.12565847
0.42970000 0.12566240
0.42965000 0.12566631
0.42960000 0.12567023
0.42955000 0.12567415
0.42950000 0.12567806
0.42945000 0.12568197
0.42940000 0.12568588
0.42935000 0.12568979
0.42930000 0.12569369
0.42925000 0.12569760
0.42920000 0.12570150
0.42915000 0.12570540
0.42910000 0.12570930
0.42905000 0.12571319
0.42900000 0.12571709
0.42895000 0.12572098
0.42890000 0.12572487
0.42885000 0.12572876
0.42880000 0.12573264
0.42875000 0.12573653
0.42870000 0.12574041
0.42865000 0.12574429
0.42860000 0.12574817
0.42855000 0.12575205
0.42850000 0.12575592
0.42845000 0.12575979
0.42840000 0.12576366
0.42835000 0.12576753
0.42830000 0.12577140
0.42825000 0.12577526
0.42820000 0.12577913
0.42815000 0.12578299
0.42810000 0.12578685
0.42805000 0.12579070
0.42800000 0.12579456
0.42795000 0.12579841
0.42790000 0.12580226
0.42785000 0.12580611
0.42780000 0.12580996
0.42775000 0.12581380
0.42770000 0.12581765
0.42765000 0.12582149
0.42760000 0.12582533
0.42755000 0.12582917
0.42750000 0.12583300
0.42745000 0.12583683
0.42740000 0.12584067
0.42735000 0.12584450
0.42730000 0.12584832
0.42725000 0.12585215
0.42720000 0.12585597
0.42715000 0.12585979
0.42710000 0.12586361
0.42705000 0.12586743
0.42700000 0.12587125
0.42695000 0.12587506
0.42690000 0.12587887
0.42685000 0.12588268
0.42680000 0.12588649
0.42675000 0.12589030
0.42670000 0.12589410
0.42665000 0.12589790
0.42660000 0.12590170
0.42655000 0.12590550
0.42650000 0.12590930
0.42645000 0.12591309
0.42640000 0.12591689
0.42635000 0.12592068
0.42630000 0.12592446
0.42625000 0.12592825
0.42620000 0.12593203
0.42615000 0.12593582
0.42610000 0.12593960
0.42605000 0.12594338
0.42600000 0.12594715
0.42595000 0.12595093
0.42590000 0.12595470
0.42585000 0.12595847
0.42580000 0.12596224
0.42575000 0.12596601
0.42570000 0.12596977
0.42565000 0.12597353
0.42560000 0.12597730
0.42555000 0.12598105
0.42550000 0.12598481
0.42545000 0.12598857
0.42540000 0.12599232
0.42535000 0.12599607
0.42530000 0.12599982
0.42525000 0.12600357
0.42520000 0.12600731
0.42515000 0.12601105
0.42510000 0.12601480
0.42505000 0.12601853
0.42500000 0.12602227
0.42495000 0.12602601
0.42490000 0.12602974
0.42485000 0.12603347
0.42480000 0.12603720
0.42475000 0.12604093
0.42470000 0.12604465
0.42465000 0.12604838
0.42460000 0.12605210
0.42455000 0.12605582
0.42450000 0.12605954
0.42445000 0.12606325
0.42440000 0.12606696
0.42435000 0.12607068
0.42430000 0.12607439
0.42425000 0.12607809
0.42420000 0.12608180
0.42415000 0.12608550
0.42410000 0.12608920
0.42405000 0.12609290
0.42400000 0.12609660
0.42395000 0.12610030
0.42390000 0.12610399
0.42385000 0.12610768
0.42380000 0.12611137
0.42375000 0.12611506
0.42370000 0.12611875
0.42365000 0.12612243
0.42360000 0.12612611
0.42355000 0.12612979
0.42350000 0.12613347
0.42345000 0.12613714
0.42340000 0.12614082
0.42335000 0.12614449
0.42330000 0.12614816
0.42325000 0.12615183
0.42320000 0.12615549
0.42315000 0.12615916
0.42310000 0.12616282
0.42305000 0.12616648
0.42300000 0.12617014
0.42295000 0.12617379
0.42290000 0.12617745
0.42285000 0.12618110
0.42280000 0.12618475
0.42275000 0.12618840
0.42270000 0.12619204
0.42265000 0.12619569
0.42260000 0.12619933
0.42255000 0.12620297
0.42250000 0.12620661
0.42245000 0.12621024
0.42240000 0.12621388
0.42235000 0.12621751
0.42230000 0.12622114
0.42225000 0.12622477
0.42220000 0.12622839
0.42215000 0.12623202
0.42210000 0.12623564
0.42205000 0.12623926
0.42200000 0.12624288
0.42195000 0.12624649
0.42190000 0.12625011
0.42185000 0.12625372
0.42180000 0.12625733
0.42175000 0.12626094
0.42170000 0.12626454
0.42165000 0.12626815
0.42160000 0.12627175
0.42155000 0.12627535
0.42150000 0.12627895
0.42145000 0.12628255
0.42140000 0.12628614
0.42135000 0.12628973
0.42130000 0.12629332
0.42125000 0.12629691
0.42120000 0.12630050
0.42115000 0.12630408
0.42110000 0.12630766
0.42105000 0.12631124
0.42100000 0.12631482
0.42095000 0.12631840
0.42090000 0.12632197
0.42085000 0.12632554
0.42080000 0.12632911
0.42075000 0.12633268
0.42070000 0.12633625
0.42065000 0.12633981
0.42060000 0.12634337
0.42055000 0.12634693
0.42050000 0.12635049
0.42045000 0.12635405
0.42040000 0.12635760
0.42035000 0.12636115
0.42030000 0.12636470
0.42025000 0.12636825
0.42020000 0.12637180
0.42015000 0.12637534
0.42010000 0.12637888
0.42005000 0.12638242
0.42000000 0.12638596
0.41995000 0.12638950
0.41990000 0.12639303
0.41985000 0.12639656
0.41980000 0.12640009
0.41975000 0.12640362
0.41970000 0.12640714
0.41965000 0.12641067
0.41960000 0.12641419
0.41955000 0.12641771
0.41950000 0.12642123
0.41945000 0.12642474
0.41940000 0.12642826
0.41935000 0.12643177
0.41930000 0.12643528
0.41925000 0.12643879
0.41920000 0.12644229
0.41915000 0.12644580
0.41910000 0.12644930
0.41905000 0.12645280
0.41900000 0.12645629
0.41895000 0.12645979
0.41890000 0.12646328
0.41885000 0.12646678
0.41880000 0.12647026
0.41875000 0.12647375
0.41870000 0.12647724
0.41865000 0.12648072
0.41860000 0.12648420
0.41855000 0.12648768
0.41850000 0.12649116
0.41845000 0.12649463
0.41840000 0.12649811
0.41835000 0.12650158
0.41830000 0.12650505
0.41825000 0.12650852
0.41820000 0.12651198
0.41815000 0.12651544
0.41810000 0.12651891
0.41805000 0.12652236
0.41800000 0.12652582
0.41795000 0.12652928
0.41790000 0.12653273
0.41785000 0.12653618
0.41780000 0.12653963
0.41775000 0.12654308
0.41770000 0.12654652
0.41765000 0.12654996
0.41760000 0.12655340
0.41755000 0.12655684
0.41750000 0.12656028
0.41745000 0.12656372
0.41740000 0.12656715
0.41735000 0.12657058
0.41730000 0.12657401
0.41725000 0.12657743
0.41720000 0.12658086
0.41715000 0.12658428
0.41710000 0.12658770
0.41705000 0.12659112
0.41700000 0.12659454
0.41695000 0.12659795
0.41690000 0.12660136
0.41685000 0.12660477
0.41680000 0.12660818
0.41675000 0.12661159
0.41670000 0.12661499
0.41665000 0.12661839
0.41660000 0.12662179
0.41655000 0.12662519
0.41650000 0.12662859
0.41645000 0.12663198
0.41640000 0.12663537
0.41635000 0.12663876
0.41630000 0.12664215
0.41625000 0.12664554
0.41620000 0.12664892
0.41615000 0.12665230
0.41610000 0.12665568
0.41605000 0.12665906
0.41600000 0.12666244
0.41595000 0.12666581
0.41590000 0.12666918
0.41585000 0.12667255
0.41580000 0.12667592
0.41575000 0.12667928
0.41570000 0.12668265
0.41565000 0.12668601
0.41560000 0.12668937
0.41555000 0.12669273
0.41550000 0.12669608
0.41545000 0.12669943
0.41540000 0.12670278
0.41535000 0.12670613
0.41530000 0.12670948
0.41525000 0.12671283
0.41520000 0.12671617
0.41515000 0.12671951
0.41510000 0.12672285
0.41505000 0.12672618
0.41500000 0.12672952
0.41495000 0.12673285
0.41490000 0.12673618
0.41485000 0.12673951
0.41480000 0.12674284
0.41475000 0.12674616
0.41470000 0.12674948
0.41465000 0.12675280
0.41460000 0.12675612
0.41455000 0.12675944
0.41450000 0.12676275
0.41445000 0.12676606
0.41440000 0.12676937
0.41435000 0.12677268
0.41430000 0.12677599
0.41425000 0.12677929
0.41420000 0.12678259
0.41415000 0.12678589
0.41410000 0.12678919
0.41405000 0.12679249
0.41400000 0.12679578
0.41395000 0.12679907
0.41390000 0.12680236
0.41385000 0.12680565
0.41380000 0.12680893
0.41375000 0.12681222
0.41370000 0.12681550
0.41365000 0.12681878
0.41360000 0.12682205
0.41355000 0.12682533
0.41350000 0.12682860
0.41345000 0.12683187
0.41340000 0.12683514
0.41335000 0.12683841
0.41330000 0.12684167
0.41325000 0.12684493
0.41320000 0.12684820
0.41315000 0.12685145
0.41310000 0.12685471
0.41305000 0.12685796
0.41300000 0.12686122
0.41295000 0.12686447
0.41290000 0.12686771
0.41285000 0.12687096
0.41280000 0.12687420
0.41275000 0.12687745
0.41270000 0.12688069
0.41265000 0.12688392
0.41260000 0.12688716
0.41255000 0.12689039
0.41250000 0.12689362
0.41245000 0.12689685
0.41240000 0.12690008
0.41235000 0.12690331
0.41230000 0.12690653
0.41225000 0.12690975
0.41220000 0.12691297
0.41215000 0.12691619
0.41210000 0.12691940
0.41205000 0.12692261
0.41200000 0.12692582
0.41195000 0.12692903
0.41190000 0.12693224
0.41185000 0.12693544
0.41180000 0.12693865
0.41175000 0.12694185
0.41170000 0.12694505
0.41165000 0.12694824
0.41160000 0.12695144
0.41155000 0.12695463
0.41150000 0.12695782
0.41145000 0.12696100
0.41140000 0.12696419
0.41135000 0.12696737
0.41130000 0.12697056
0.41125000 0.12697374
0.41120000 0.12697691
0.41115000 0.12698009
0.41110000 0.12698326
0.41105000 0.12698643
0.41100000 0.12698960
0.41095000 0.12699277
0.41090000 0.12699593
0.41085000 0.12699910
0.41080000 0.12700226
0.41075000 0.12700542
0.41070000 0.12700857
0.41065000 0.12701173
0.41060000 0.12701488
0.41055000 0.12701803
0.41050000 0.12702118
0.41045000 0.12702432
0.41040000 0.12702747
0.41035000 0.12703061
0.41030000 0.12703375
0.41025000 0.12703689
0.41020000 0.12704002
0.41015000 0.12704315
0.41010000 0.12704629
0.41005000 0.12704942
0.41000000 0.12705254
0.40995000 0.12705567
0.40990000 0.12705879
0.40985000 0.12706191
0.40980000 0.12706503
0.40975000 0.12706815
0.40970000 0.12707126
0.40965000 0.12707437
0.40960000 0.12707748
0.40955000 0.12708059
0.40950000 0.12708370
0.40945000 0.12708680
0.40940000 0.12708991
0.40935000 0.12709301
0.40930000 0.12709610
0.40925000 0.12709920
0.40920000 0.12710229
0.40915000 0.12710538
0.40910000 0.12710847
0.40905000 0.12711156
0.40900000 0.12711465
0.40895000 0.12711773
0.40890000 0.12712081
0.40885000 0.12712389
0.40880000 0.12712697
0.40875000 0.12713004
0.40870000 0.12713311
0.40865000 0.12713618
0.40860000 0.12713925
0.40855000 0.12714232
0.40850000 0.12714538
0.40845000 0.12714844
0.40840000 0.12715150
0.40835000 0.12715456
0.40830000 0.12715762
0.40825000 0.12716067
0.40820000 0.12716372
0.40815000 0.12716677
0.40810000 0.12716982
0.40805000 0.12717286
0.40800000 0.12717591
0.40795000 0.12717895
0.40790000 0.12718199
0.40785000 0.12718502
0.40780000 0.12718806
0.40775000 0.12719109
0.40770000 0.12719412
0.40765000 0.12719715
0.40760000 0.12720017
0.40755000 0.12720320
0.40750000 0.12720622
0.40745000 0.12720924
0.40740000 0.12721226
0.40735000 0.12721527
0.40730000 0.12721829
0.40725000 0.12722130
0.40720000 0.12722431
0.40715000 0.12722731
0.40710000 0.12723032
0.40705000 0.12723332
0.40700000 0.12723632
0.40695000 0.12723932
0.40690000 0.12724232
0.40685000 0.12724531
0.40680000 0.12724830
0.40675000 0.12725129
0.40670000 0.12725428
0.40665000 0.12725727
0.40660000 0.12726025
0.40655000 0.12726323
0.40650000 0.12726621
0.40645000 0.12726919
0.40640000 0.12727216
0.40635000 0.12727514
0.40630000 0.12727811
0.40625000 0.12728108
0.40620000 0.12728404
0.40615000 0.12728701
0.40610000 0.12728997
0.40605000 0.12729293
0.40600000 0.12729589
0.40595000 0.12729884
0.40590000 0.12730180
0.40585000 0.12730475
0.40580000 0.12730770
0.40575000 0.12731065
0.40570000 0.12731359
0.40565000 0.12731653
0.40560000 0.12731947
0.40555000 0.12732241
0.40550000 0.12732535
0.40545000 0.12732828
0.40540000 0.12733122
0.40535000 0.12733415
0.40530000 0.12733708
0.40525000 0.12734000
0.40520000 0.12734293
0.40515000 0.12734585
0.40510000 0.12734877
0.40505000 0.12735168
0.40500000 0.12735460
0.40495000 0.12735751
0.40490000 0.12736042
0.40485000 0.12736333
0.40480000 0.12736624
0.40475000 0.12736914
0.40470000 0.12737205
0.40465000 0.12737495
0.40460000 0.12737785
0.40455000 0.12738074
0.40450000 0.12738363
0.40445000 0.12738653
0.40440000 0.12738942
0.40435000 0.12739230
0.40430000 0.12739519
0.40425000 0.12739807
0.40420000 0.12740095
0.40415000 0.12740383
0.40410000 0.12740671
0.40405000 0.12740958
0.40400000 0.12741246
0.40395000 0.12741533
0.40390000 0.12741819
0.40385000 0.12742106
0.40380000 0.12742392
0.40375000 0.12742679
0.40370000 0.12742964
0.40365000 0.12743250
0.40360000 0.12743536
0.40355000 0.12743821
0.40350000 0.12744106
0.40345000 0.12744391
0.40340000 0.12744676
0.40335000 0.12744960
0.40330000 0.12745244
0.40325000 0.12745528
0.40320000 0.12745812
0.40315000 0.12746096
0.40310000 0.12746379
0.40305000 0.12746662
0.40300000 0.12746945
0.40295000 0.12747228
0.40290000 0.12747510
0.40285000 0.12747793
0.40280000 0.12748075
0.40275000 0.12748356
0.40270000 0.12748638
0.40265000 0.12748920
0.40260000 0.12749201
0.40255000 0.12749482
0.40250000 0.12749762
0.40245000 0.12750043
0.40240000 0.12750323
0.40235000 0.12750603
0.40230000 0.12750883
0.40225000 0.12751163
0.40220000 0.12751442
0.40215000 0.12751722
0.40210000 0.12752001
0.40205000 0.12752280
0.40200000 0.12752558
0.40195000 0.12752837
0.40190000 0.12753115
0.40185000 0.12753393
0.40180000 0.12753670
0.40175000 0.12753948
0.40170000 0.12754225
0.40165000 0.12754502
0.40160000 0.12754779
0.40155000 0.12755056
0.40150000 0.12755332
0.40145000 0.12755608
0.40140000 0.12755884
0.40135000 0.12756160
0.40130000 0.12756436
0.40125000 0.12756711
0.40120000 0.12756986
0.40115000 0.12757261
0.40110000 0.12757536
0.40105000 0.12757810
0.40100000 0.12758084
0.40095000 0.12758358
0.40090000 0.12758632
0.40085000 0.12758906
0.40080000 0.12759179
0.40075000 0.12759452
0.40070000 0.12759725
0.40065000 0.12759998
0.40060000 0.12760271
0.40055000 0.12760543
0.40050000 0.12760815
0.40045000 0.12761087
0.40040000 0.12761358
0.40035000 0.12761630
0.40030000 0.12761901
0.40025000 0.12762172
0.40020000 0.12762443
0.40015000 0.12762713
0.40010000 0.12762984
0.40005000 0.12763254
0.40000000 0.12763523
0.39995000 0.12763793
0.39990000 0.12764063
0.39985000 0.12764332
0.39980000 0.12764601
0.39975000 0.12764870
0.39970000 0.12765138
0.39965000 0.12765406
0.39960000 0.12765675
0.39955000 0.12765943
0.39950000 0.12766210
0.39945000 0.12766478
0.39940000 0.12766745
0.39935000 0.12767012
0.39930000 0.12767279
0.39925000 0.12767545
0.39920000 0.12767812
0.39915000 0.12768078
0.39910000 0.12768344
0.39905000 0.12768609
0.39900000 0.12768875
0.39895000 0.12769140
0.39890000 0.12769405
0.39885000 0.12769670
0.39880000 0.12769935
0.39875000 0.12770199
0.39870000 0.12770463
0.39865000 0.12770727
0.39860000 0.12770991
0.39855000 0.12771254
0.39850000 0.12771518
0.39845000 0.12771781
0.39840000 0.12772044
0.39835000 0.12772306
0.39830000 0.12772569
0.39825000 0.12772831
0.39820000 0.12773093
0.39815000 0.12773355
0.39810000 0.12773616
0.39805000 0.12773877
0.39800000 0.12774138
0.39795000 0.12774399
0.39790000 0.12774660
0.39785000 0.12774920
0.39780000 0.12775181
0.39775000 0.12775441
0.39770000 0.12775700
0.39765000 0.12775960
0.39760000 0.12776219
0.39755000 0.12776478
0.39750000 0.12776737
0.39745000 0.12776996
0.39740000 0.12777254
0.39735000 0.12777512
0.39730000 0.12777770
0.39725000 0.12778028
0.39720000 0.12778286
0.39715000 0.12778543
0.39710000 0.12778800
0.39705000 0.12779057
0.39700000 0.12779314
0.39695000 0.12779570
0.39690000 0.12779826
0.39685000 0.12780082
0.39680000 0.12780338
0.39675000 0.12780593
0.39670000 0.12780849
0.39665000 0.12781104
0.39660000 0.12781359
0.39655000 0.12781613
0.39650000 0.12781868
0.39645000 0.12782122
0.39640000 0.12782376
0.39635000 0.12782630
0.39630000 0.12782883
0.39625000 0.12783137
0.39620000 0.12783390
0.39615000 0.12783643
0.39610000 0.12783895
0.39605000 0.12784148
0.39600000 0.12784400
0.39595000 0.12784652
0.39590000 0.12784904
0.39585000 0.12785155
0.39580000 0.12785406
0.39575000 0.12785657
0.39570000 0.12785908
0.39565000 0.12786159
0.39560000 0.12786409
0.39555000 0.12786660
0.39550000 0.12786910
0.39545000 0.12787159
0.39540000 0.12787409
0.39535000 0.12787658
0.39530000 0.12787907
0.39525000 0.12788156
0.39520000 0.12788405
0.39515000 0.12788653
0.39510000 0.12788901
0.39505000 0.12789149
0.39500000 0.12789397
0.39495000 0.12789644
0.39490000 0.12789892
0.39485000 0.12790139
0.39480000 0.12790386
0.39475000 0.12790632
0.39470000 0.12790879
0.39465000 0.12791125
0.39460000 0.12791371
0.39455000 0.12791616
0.39450000 0.12791862
0.39445000 0.12792107
0.39440000 0.12792352
0.39435000 0.12792597
0.39430000 0.12792842
0.39425000 0.12793086
0.39420000 0.12793330
0.39415000 0.12793574
0.39410000 0.12793818
0.39405000 0.12794061
0.39400000 0.12794304
0.39395000 0.12794547
0.39390000 0.12794790
0.39385000 0.12795033
0.39380000 0.12795275
0.39375000 0.12795517
0.39370000 0.12795759
0.39365000 0.12796001
0.39360000 0.12796242
0.39355000 0.12796483
0.39350000 0.12796724
0.39345000 0.12796965
0.39340000 0.12797206
0.39335000 0.12797446
0.39330000 0.12797686
0.39325000 0.12797926
0.39320000 0.12798166
0.39315000 0.12798405
0.39310000 0.12798644
0.39305000 0.12798883
0.39300000 0.12799122
0.39295000 0.12799360
0.39290000 0.12799599
0.39285000 0.12799837
0.39280000 0.12800075
0.39275000 0.12800312
0.39270000 0.12800550
0.39265000 0.12800787
0.39260000 0.12801024
0.39255000 0.12801260
0.39250000 0.12801497
0.39245000 0.12801733
0.39240000 0.12801969
0.39235000 0.12802205
0.39230000 0.12802440
0.39225000 0.12802676
0.39220000 0.12802911
0.39215000 0.12803146
0.39210000 0.12803380
0.39205000 0.12803615
0.39200000 0.12803849
0.39195000 0.12804083
0.39190000 0.12804317
0.39185000 0.12804550
0.39180000 0.12804783
0.39175000 0.12805016
0.39170000 0.12805249
0.39165000 0.12805482
0.39160000 0.12805714
0.39155000 0.12805946
0.39150000 0.12806178
0.39145000 0.12806410
0.39140000 0.12806642
0.39135000 0.12806873
0.39130000 0.12807104
0.39125000 0.12807335
0.39120000 0.12807565
0.39115000 0.12807795
0.39110000 0.12808026
0.39105000 0.12808255
0.39100000 0.12808485
0.39095000 0.12808714
0.39090000 0.12808944
0.39085000 0.12809173
0.39080000 0.12809401
0.39075000 0.12809630
0.39070000 0.12809858
0.39065000 0.12810086
0.39060000 0.12810314
0.39055000 0.12810542
0.39050000 0.12810769
0.39045000 0.12810996
0.39040000 0.12811223
0.39035000 0.12811450
0.39030000 0.12811676
0.39025000 0.12811902
0.39020000 0.12812128
0.39015000 0.12812354
0.39010000 0.12812580
0.39005000 0.12812805
0.39000000 0.12813030
0.38995000 0.12813255
0.38990000 0.12813479
0.38985000 0.12813704
0.38980000 0.12813928
0.38975000 0.12814152
0.38970000 0.12814376
0.38965000 0.12814599
0.38960000 0.12814822
0.38955000 0.12815045
0.38950000 0.12815268
0.38945000 0.12815491
0.38940000 0.12815713
0.38935000 0.12815935
0.38930000 0.12816157
0.38925000 0.12816378
0.38920000 0.12816600
0.38915000 0.12816821
0.38910000 0.12817042
0.38905000 0.12817263
0.38900000 0.12817483
0.38895000 0.12817703
0.38890000 0.12817923
0.38885000 0.12818143
0.38880000 0.12818363
0.38875000 0.12818582
0.38870000 0.12818801
0.38865000 0.12819020
0.38860000 0.12819239
0.38855000 0.12819457
0.38850000 0.12819675
0.38845000 0.12819893
0.38840000 0.12820111
0.38835000 0.12820328
0.38830000 0.12820546
0.38825000 0.12820763
0.38820000 0.12820979
0.38815000 0.12821196
0.38810000 0.12821412
0.38805000 0.12821628
0.38800000 0.12821844
0.38795000 0.12822060
0.38790000 0.12822275
0.38785000 0.12822490
0.38780000 0.12822705
0.38775000 0.12822920
0.38770000 0.12823134
0.38765000 0.12823349
0.38760000 0.12823563
0.38755000 0.12823776
0.38750000 0.12823990
0.38745000 0.12824203
0.38740000 0.12824416
0.38735000 0.12824629
0.38730000 0.12824842
0.38725000 0.12825054
0.38720000 0.12825266
0.38715000 0.12825478
0.38710000 0.12825690
0.38705000 0.12825901
0.38700000 0.12826113
0.38695000 0.12826324
0.38690000 0.12826534
0.38685000 0.12826745
0.38680000 0.12826955
0.38675000 0.12827165
0.38670000 0.12827375
0.38665000 0.12827585
0.38660000 0.12827794
0.38655000 0.12828003
0.38650000 0.12828212
0.38645000 0.12828421
0.38640000 0.12828629
0.38635000 0.12828837
0.38630000 0.12829045
0.38625000 0.12829253
0.38620000 0.12829460
0.38615000 0.12829668
0.38610000 0.12829875
0.38605000 0.12830081
0.38600000 0.12830288
0.38595000 0.12830494
0.38590000 0.12830700
0.38585000 0.12830906
0.38580000 0.12831112
0.38575000 0.12831317
0.38570000 0.12831522
0.38565000 0.12831727
0.38560000 0.12831932
0.38555000 0.12832136
0.38550000 0.12832341
0.38545000 0.12832545
0.38540000 0.12832748
0.38535000 0.12832952
0.38530000 0.12833155
0.38525000 0.12833358
0.38520000 0.12833561
0.38515000 0.12833764
0.38510000 0.12833966
0.38505000 0.12834168
0.38500000 0.12834370
0.38495000 0.12834571
0.38490000 0.12834773
0.38485000 0.12834974
0.38480000 0.12835175
0.38475000 0.12835376
0.38470000 0.12835576
0.38465000 0.12835776
0.38460000 0.12835976
0.38455000 0.12836176
0.38450000 0.12836376
0.38445000 0.12836575
0.38440000 0.12836774
0.38435000 0.12836973
0.38430000 0.12837171
0.38425000 0.12837370
0.38420000 0.12837568
0.38415000 0.12837766
0.38410000 0.12837963
0.38405000 0.12838161
0.38400000 0.12838358
0.38395000 0.12838555
0.38390000 0.12838751
0.38385000 0.12838948
0.38380000 0.12839144
0.38375000 0.12839340
0.38370000 0.12839536
0.38365000 0.12839731
0.38360000 0.12839927
0.38355000 0.12840122
0.38350000 0.12840316
0.38345000 0.12840511
0.38340000 0.12840705
0.38335000 0.12840899
0.38330000 0.12841093
0.38325000 0.12841287
0.38320000 0.12841480
0.38315000 0.12841673
0.38310000 0.12841866
0.38305000 0.12842059
0.38300000 0.12842251
0.38295000 0.12842444
0.38290000 0.12842636
0.38285000 0.12842827
0.38280000 0.12843019
0.38275000 0.12843210
0.38270000 0.12843401
0.38265000 0.12843592
0.38260000 0.12843782
0.38255000 0.12843973
0.38250000 0.12844163
0.38245000 0.12844353
0.38240000 0.12844542
0.38235000 0.12844731
0.38230000 0.12844921
0.38225000 0.12845109
0.38220000 0.12845298
0.38215000 0.12845486
0.38210000 0.12845675
0.38205000 0.12845863
0.38200000 0.12846050
0.38195000 0.12846238
0.38190000 0.12846425
0.38185000 0.12846612
0.38180000 0.12846799
0.38175000 0.12846985
0.38170000 0.12847171
0.38165000 0.12847357
0.38160000 0.12847543
0.38155000 0.12847729
0.38150000 0.12847914
0.38145000 0.12848099
0.38140000 0.12848284
0.38135000 0.12848468
0.38130000 0.12848653
0.38125000 0.12848837
0.38120000 0.12849021
0.38115000 0.12849204
0.38110000 0.12849388
0.38105000 0.12849571
0.38100000 0.12849754
0.38095000 0.12849936
0.38090000 0.12850119
0.38085000 0.12850301
0.38080000 0.12850483
0.38075000 0.12850665
0.38070000 0.12850846
0.38065000 0.12851027
0.38060000 0.12851208
0.38055000 0.12851389
0.38050000 0.12851570
0.38045000 0.12851750
0.38040000 0.12851930
0.38035000 0.12852110
0.38030000 0.12852289
0.38025000 0.12852468
0.38020000 0.12852648
0.38015000 0.12852826
0.38010000 0.12853005
0.38005000 0.12853183
0.38000000 0.12853361
0.37995000 0.12853539
0.37990000 0.12853717
0.37985000 0.12853894
0.37980000 0.12854071
0.37975000 0.12854248
0.37970000 0.12854425
0.37965000 0.12854601
0.37960000 0.12854778
0.37955000 0.12854954
0.37950000 0.12855129
0.37945000 0.12855305
0.37940000 0.12855480
0.37935000 0.12855655
0.37930000 0.12855830
0.37925000 0.12856004
0.37920000 0.12856178
0.37915000 0.12856352
0.37910000 0.12856526
0.37905000 0.12856700
0.37900000 0.12856873
0.37895000 0.12857046
0.37890000 0.12857219
0.37885000 0.12857391
0.37880000 0.12857564
0.37875000 0.12857736
0.37870000 0.12857908
0.37865000 0.12858079
0.37860000 0.12858250
0.37855000 0.12858422
0.37850000 0.12858592
0.37845000 0.12858763
0.37840000 0.12858933
0.37835000 0.12859104
0.37830000 0.12859273
0.37825000 0.12859443
0.37820000 0.12859612
0.37815000 0.12859782
0.37810000 0.12859951
0.37805000 0.12860119
0.37800000 0.12860288
0.37795000 0.12860456
0.37790000 0.12860624
0.37785000 0.12860792
0.37780000 0.12860959
0.37775000 0.12861126
0.37770000 0.12861293
0.37765000 0.12861460
0.37760000 0.12861626
0.37755000 0.12861793
0.37750000 0.12861959
0.37745000 0.12862124
0.37740000 0.12862290
0.37735000 0.12862455
0.37730000 0.12862620
0.37725000 0.12862785
0.37720000 0.12862950
0.37715000 0.12863114
0.37710000 0.12863278
0.37705000 0.12863442
0.37700000 0.12863605
0.37695000 0.12863769
0.37690000 0.12863932
0.37685000 0.12864095
0.37680000 0.12864257
0.37675000 0.12864419
0.37670000 0.12864582
0.37665000 0.12864743
0.37660000 0.12864905
0.37655000 0.12865066
0.37650000 0.12865228
0.37645000 0.12865388
0.37640000 0.12865549
0.37635000 0.12865709
0.37630000 0.12865870
0.37625000 0.12866029
0.37620000 0.12866189
0.37615000 0.12866349
0.37610000 0.12866508
0.37605000 0.12866667
0.37600000 0.12866825
0.37595000 0.12866984
0.37590000 0.12867142
0.37585000 0.12867300
0.37580000 0.12867458
0.37575000 0.12867615
0.37570000 0.12867772
0.37565000 0.12867929
0.37560000 0.12868086
0.37555000 0.12868242
0.37550000 0.12868398
0.37545000 0.12868554
0.37540000 0.12868710
0.37535000 0.12868866
0.37530000 0.12869021
0.37525000 0.12869176
0.37520000 0.12869331
0.37515000 0.12869485
0.37510000 0.12869639
0.37505000 0.12869793
0.37500000 0.12869947
0.37495000 0.12870101
0.37490000 0.12870254
0.37485000 0.12870407
0.37480000 0.12870560
0.37475000 0.12870712
0.37470000 0.12870864
0.37465000 0.12871016
0.37460000 0.12871168
0.37455000 0.12871320
0.37450000 0.12871471
0.37445000 0.12871622
0.37440000 0.12871773
0.37435000 0.12871923
0.37430000 0.12872074
0.37425000 0.12872224
0.37420000 0.12872374
0.37415000 0.12872523
0.37410000 0.12872672
0.37405000 0.12872822
0.37400000 0.12872970
0.37395000 0.12873119
0.37390000 0.12873267
0.37385000 0.12873415
0.37380000 0.12873563
0.37375000 0.12873711
0.37370000 0.12873858
0.37365000 0.12874005
0.37360000 0.12874152
0.37355000 0.12874298
0.37350000 0.12874445
0.37345000 0.12874591
0.37340000 0.12874737
0.37335000 0.12874882
0.37330000 0.12875028
0.37325000 0.12875173
0.37320000 0.12875318
0.37315000 0.12875462
0.37310000 0.12875606
0.37305000 0.12875751
0.37300000 0.12875894
0.37295000 0.12876038
0.37290000 0.12876181
0.37285000 0.12876324
0.37280000 0.12876467
0.37275000 0.12876610
0.37270000 0.12876752
0.37265000 0.12876894
0.37260000 0.12877036
0.37255000 0.12877178
0.37250000 0.12877319
0.37245000 0.12877460
0.37240000 0.12877601
0.37235000 0.12877742
0.37230000 0.12877882
0.37225000 0.12878022
0.37220000 0.12878162
0.37215000 0.12878302
0.37210000 0.12878441
0.37205000 0.12878580
0.37200000 0.12878719
0.37195000 0.12878857
0.37190000 0.12878996
0.37185000 0.12879134
0.37180000 0.12879272
0.37175000 0.12879409
0.37170000 0.12879547
0.37165000 0.12879684
0.37160000 0.12879821
0.37155000 0.12879957
0.37150000 0.12880094
0.37145000 0.12880230
0.37140000 0.12880366
0.37135000 0.12880501
0.37130000 0.12880636
0.37125000 0.12880772
0.37120000 0.12880906
0.37115000 0.12881041
0.37110000 0.12881175
0.37105000 0.12881309
0.37100000 0.12881443
0.37095000 0.12881577
0.37090000 0.12881710
0.37085000 0.12881843
0.37080000 0.12881976
0.37075000 0.12882109
0.37070000 0.12882241
0.37065000 0.12882373
0.37060000 0.12882505
0.37055000 0.12882636
0.37050000 0.12882768
0.37045000 0.12882899
0.37040000 0.12883030
0.37035000 0.12883160
0.37030000 0.12883290
0.37025000 0.12883421
0.37020000 0.12883550
0.37015000 0.12883680
0.37010000 0.12883809
0.37005000 0.12883938
0.37000000 0.12884067
0.36995000 0.12884196
0.36990000 0.12884324
0.36985000 0.12884452
0.36980000 0.12884580
0.36975000 0.12884707
0.36970000 0.12884834
0.36965000 0.12884961
0.36960000 0.12885088
0.36955000 0.12885215
0.36950000 0.12885341
0.36945000 0.12885467
0.36940000 0.12885593
0.36935000 0.12885718
0.36930000 0.12885843
0.36925000 0.12885968
0.36920000 0.12886093
0.36915000 0.12886218
0.36910000 0.12886342
0.36905000 0.12886466
0.36900000 0.12886590
0.36895000 0.12886713
0.36890000 0.12886836
0.36885000 0.12886959
0.36880000 0.12887082
0.36875000 0.12887204
0.36870000 0.12887327
0.36865000 0.12887449
0.36860000 0.12887570
0.36855000 0.12887692
0.36850000 0.12887813
0.36845000 0.12887934
0.36840000 0.12888054
0.36835000 0.12888175
0.36830000 0.12888295
0.36825000 0.12888415
0.36820000 0.12888535
0.36815000 0.12888654
0.36810000 0.12888773
0.36805000 0.12888892
0.36800000 0.12889011
0.36795000 0.12889129
0.36790000 0.12889247
0.36785000 0.12889365
0.36780000 0.12889483
0.36775000 0.12889600
0.36770000 0.12889717
0.36765000 0.12889834
0.36760000 0.12889950
0.36755000 0.12890067
0.36750000 0.12890183
0.36745000 0.12890299
0.36740000 0.12890414
0.36735000 0.12890530
0.36730000 0.12890645
0.36725000 0.12890759
0.36720000 0.12890874
0.36715000 0.12890988
0.36710000 0.12891102
0.36705000 0.12891216
0.36700000 0.12891329
0.36695000 0.12891443
0.36690000 0.12891556
0.36685000 0.12891668
0.36680000 0.12891781
0.36675000 0.12891893
0.36670000 0.12892005
0.36665000 0.12892117
0.36660000 0.12892228
0.36655000 0.12892340
0.36650000 0.12892450
0.36645000 0.12892561
0.36640000 0.12892672
0.36635000 0.12892782
0.36630000 0.12892892
0.36625000 0.12893001
0.36620000 0.12893111
0.36615000 0.12893220
0.36610000 0.12893329
0.36605000 0.12893437
0.36600000 0.12893546
0.36595000 0.12893654
0.36590000 0.12893762
0.36585000 0.12893869
0.36580000 0.12893977
0.36575000 0.12894084
0.36570000 0.12894190
0.36565000 0.12894297
0.36560000 0.12894403
0.36555000 0.12894509
0.36550000 0.12894615
0.36545000 0.12894721
0.36540000 0.12894826
0.36535000 0.12894931
0.36530000 0.12895036
0.36525000 0.12895140
0.36520000 0.12895244
0.36515000 0.12895348
0.36510000 0.12895452
0.36505000 0.12895556
0.36500000 0.12895659
0.36495000 0.12895762
0.36490000 0.12895864
0.36485000 0.12895967
0.36480000 0.12896069
0.36475000 0.12896171
0.36470000 0.12896272
0.36465000 0.12896374
0.36460000 0.12896475
0.36455000 0.12896576
0.36450000 0.12896676
0.36445000 0.12896777
0.36440000 0.12896877
0.36435000 0.12896977
0.36430000 0.12897076
0.36425000 0.12897175
0.36420000 0.12897274
0.36415000 0.12897373
0.36410000 0.12897472
0.36405000 0.12897570
0.36400000 0.12897668
0.36395000 0.12897766
0.36390000 0.12897863
0.36385000 0.12897960
0.36380000 0.12898057
0.36375000 0.12898154
0.36370000 0.12898251
0.36365000 0.12898347
0.36360000 0.12898443
0.36355000 0.12898538
0.36350000 0.12898634
0.36345000 0.12898729
0.36340000 0.12898824
0.36335000 0.12898918
0.36330000 0.12899013
0.36325000 0.12899107
0.36320000 0.12899200
0.36315000 0.12899294
0.36310000 0.12899387
0.36305000 0.12899480
0.36300000 0.12899573
0.36295000 0.12899666
0.36290000 0.12899758
0.36285000 0.12899850
0.36280000 0.12899942
0.36275000 0.12900033
0.36270000 0.12900124
0.36265000 0.12900215
0.36260000 0.12900306
0.36255000 0.12900396
0.36250000 0.12900486
0.36245000 0.12900576
0.36240000 0.12900666
0.36235000 0.12900755
0.36230000 0.12900844
0.36225000 0.12900933
0.36220000 0.12901022
0.36215000 0.12901110
0.36210000 0.12901198
0.36205000 0.12901286
0.36200000 0.12901373
0.36195000 0.12901461
0.36190000 0.12901548
0.36185000 0.12901634
0.36180000 0.12901721
0.36175000 0.12901807
0.36170000 0.12901893
0.36165000 0.12901979
0.36160000 0.12902064
0.36155000 0.12902149
0.36150000 0.12902234
0.36145000 0.12902319
0.36140000 0.12902403
0.36135000 0.12902487
0.36130000 0.12902571
0.36125000 0.12902655
0.36120000 0.12902738
0.36115000 0.12902821
0.36110000 0.12902904
0.36105000 0.12902986
0.36100000 0.12903068
0.36095000 0.12903150
0.36090000 0.12903232
0.36085000 0.12903314
0.36080000 0.12903395
0.36075000 0.12903476
0.36070000 0.12903556
0.36065000 0.12903637
0.36060000 0.12903717
0.36055000 0.12903797
0.36050000 0.12903876
0.36045000 0.12903956
0.36040000 0.12904035
0.36035000 0.12904113
0.36030000 0.12904192
0.36025000 0.12904270
0.36020000 0.12904348
0.36015000 0.12904426
0.36010000 0.12904503
0.36005000 0.12904581
0.36000000 0.12904658
0.35995000 0.12904734
0.35990000 0.12904811
0.35985000 0.12904887
0.35980000 0.12904963
0.35975000 0.12905038
0.35970000 0.12905114
0.35965000 0.12905189
0.35960000 0.12905263
0.35955000 0.12905338
0.35950000 0.12905412
0.35945000 0.12905486
0.35940000 0.12905560
0.35935000 0.12905633
0.35930000 0.12905707
0.35925000 0.12905780
0.35920000 0.12905852
0.35915000 0.12905925
0.35910000 0.12905997
0.35905000 0.12906069
0.35900000 0.12906140
0.35895000 0.12906212
0.35890000 0.12906283
0.35885000 0.12906354
0.35880000 0.12906424
0.35875000 0.12906494
0.35870000 0.12906564
0.35865000 0.12906634
0.35860000 0.12906703
0.35855000 0.12906773
0.35850000 0.12906842
0.35845000 0.12906910
0.35840000 0.12906979
0.35835000 0.12907047
0.35830000 0.12907115
0.35825000 0.12907182
0.35820000 0.12907250
0.35815000 0.12907317
0.35810000 0.12907383
0.35805000 0.12907450
0.35800000 0.12907516
0.35795000 0.12907582
0.35790000 0.12907648
0.35785000 0.12907713
0.35780000 0.12907778
0.35775000 0.12907843
0.35770000 0.12907908
0.35765000 0.12907972
0.35760000 0.12908036
0.35755000 0.12908100
0.35750000 0.12908164
0.35745000 0.12908227
0.35740000 0.12908290
0.35735000 0.12908353
0.35730000 0.12908415
0.35725000 0.12908477
0.35720000 0.12908539
0.35715000 0.12908601
0.35710000 0.12908662
0.35705000 0.12908724
0.35700000 0.12908784
0.35695000 0.12908845
0.35690000 0.12908905
0.35685000 0.12908965
0.35680000 0.12909025
0.35675000 0.12909085
0.35670000 0.12909144
0.35665000 0.12909203
0.35660000 0.12909262
0.35655000 0.12909320
0.35650000 0.12909378
0.35645000 0.12909436
0.35640000 0.12909494
0.35635000 0.12909551
0.35630000 0.12909608
0.35625000 0.12909665
0.35620000 0.12909721
0.35615000 0.12909778
0.35610000 0.12909834
0.35605000 0.12909889
0.35600000 0.12909945
0.35595000 0.12910000
0.35590000 0.12910055
0.35585000 0.12910109
0.35580000 0.12910164
0.35575000 0.12910218
0.35570000 0.12910272
0.35565000 0.12910325
0.35560000 0.12910379
0.35555000 0.12910431
0.35550000 0.12910484
0.35545000 0.12910537
0.35540000 0.12910589
0.35535000 0.12910641
0.35530000 0.12910692
0.35525000 0.12910744
0.35520000 0.12910795
0.35515000 0.12910846
0.35510000 0.12910896
0.35505000 0.12910946
0.35500000 0.12910996
0.35495000 0.12911046
0.35490000 0.12911096
0.35485000 0.12911145
0.35480000 0.12911194
0.35475000 0.12911242
0.35470000 0.12911291
0.35465000 0.12911339
0.35460000 0.12911387
0.35455000 0.12911434
0.35450000 0.12911481
0.35445000 0.12911528
0.35440000 0.12911575
0.35435000 0.12911622
0.35430000 0.12911668
0.35425000 0.12911714
0.35420000 0.12911759
0.35415000 0.12911805
0.35410000 0.12911850
0.35405000 0.12911894
0.35400000 0.12911939
0.35395000 0.12911983
0.35390000 0.12912027
0.35385000 0.12912071
0.35380000 0.12912114
0.35375000 0.12912157
0.35370000 0.12912200
0.35365000 0.12912243
0.35360000 0.12912285
0.35355000 0.12912327
0.35350000 0.12912369
0.35345000 0.12912411
0.35340000 0.12912452
0.35335000 0.12912493
0.35330000 0.12912533
0.35325000 0.12912574
0.35320000 0.12912614
0.35315000 0.12912654
0.35310000 0.12912693
0.35305000 0.12912733
0.35300000 0.12912772
0.35295000 0.12912811
0.35290000 0.12912849
0.35285000 0.12912887
0.35280000 0.12912925
0.35275000 0.12912963
0.35270000 0.12913000
0.35265000 0.12913037
0.35260000 0.12913074
0.35255000 0.12913111
0.35250000 0.12913147
0.35245000 0.12913183
0.35240000 0.12913219
0.35235000 0.12913254
0.35230000 0.12913289
0.35225000 0.12913324
0.35220000 0.12913359
0.35215000 0.12913393
0.35210000 0.12913427
0.35205000 0.12913461
0.35200000 0.12913494
0.35195000 0.12913527
0.35190000 0.12913560
0.35185000 0.12913593
0.35180000 0.12913625
0.35175000 0.12913658
0.35170000 0.12913689
0.35165000 0.12913721
0.35160000 0.12913752
0.35155000 0.12913783
0.35150000 0.12913814
0.35145000 0.12913844
0.35140000 0.12913875
0.35135000 0.12913904
0.35130000 0.12913934
0.35125000 0.12913963
0.35120000 0.12913992
0.35115000 0.12914021
0.35110000 0.12914050
0.35105000 0.12914078
0.35100000 0.12914106
0.35095000 0.12914134
0.35090000 0.12914161
0.35085000 0.12914188
0.35080000 0.12914215
0.35075000 0.12914241
0.35070000 0.12914268
0.35065000 0.12914294
0.35060000 0.12914319
0.35055000 0.12914345
0.35050000 0.12914370
0.35045000 0.12914395
0.35040000 0.12914419
0.35035000 0.12914444
0.35030000 0.12914468
0.35025000 0.12914492
0.35020000 0.12914515
0.35015000 0.12914538
0.35010000 0.12914561
0.35005000 0.12914584
0.35000000 0.12914606
0.34995000 0.12914628
0.34990000 0.12914650
0.34985000 0.12914671
0.34980000 0.12914693
0.34975000 0.12914714
0.34970000 0.12914734
0.34965000 0.12914755
0.34960000 0.12914775
0.34955000 0.12914795
0.34950000 0.12914814
0.34945000 0.12914833
0.34940000 0.12914852
0.34935000 0.12914871
0.34930000 0.12914890
0.34925000 0.12914908
0.34920000 0.12914926
0.34915000 0.12914943
0.34910000 0.12914960
0.34905000 0.12914977
0.34900000 0.12914994
0.34895000 0.12915011
0.34890000 0.12915027
0.34885000 0.12915043
0.34880000 0.12915058
0.34875000 0.12915074
0.34870000 0.12915089
0.34865000 0.12915103
0.34860000 0.12915118
0.34855000 0.12915132
0.34850000 0.12915146
0.34845000 0.12915160
0.34840000 0.12915173
0.34835000 0.12915186
0.34830000 0.12915199
0.34825000 0.12915211
0.34820000 0.12915224
0.34815000 0.12915236
0.34810000 0.12915247
0.34805000 0.12915259
0.34800000 0.12915270
0.34795000 0.12915281
0.34790000 0.12915291
0.34785000 0.12915301
0.34780000 0.12915311
0.34775000 0.12915321
0.34770000 0.12915330
0.34765000 0.12915339
0.34760000 0.12915348
0.34755000 0.12915357
0.34750000 0.12915365
0.34745000 0.12915373
0.34740000 0.12915381
0.34735000 0.12915388
0.34730000 0.12915395
0.34725000 0.12915402
0.34720000 0.12915409
0.34715000 0.12915415
0.34710000 0.12915421
0.34705000 0.12915427
0.34700000 0.12915432
0.34695000 0.12915437
0.34690000 0.12915442
0.34685000 0.12915447
0.34680000 0.12915451
0.34675000 0.12915455
0.34670000 0.12915459
0.34665000 0.12915462
0.34660000 0.12915465
0.34655000 0.12915468
0.34650000 0.12915471
0.34645000 0.12915473
0.34640000 0.12915475
0.34635000 0.12915477
0.34630000 0.12915478
0.34625000 0.12915479
0.34620000 0.12915480
0.34615000 0.12915481
0.34610000 0.12915481
0.34605000 0.12915481
0.34600000 0.12915481
0.34595000 0.12915480
0.34590000 0.12915479
0.34585000 0.12915478
0.34580000 0.12915477
0.34575000 0.12915475
0.34570000 0.12915473
0.34565000 0.12915471
0.34560000 0.12915468
0.34555000 0.12915465
0.34550000 0.12915462
0.34545000 0.12915459
0.34540000 0.12915455
0.34535000 0.12915451
0.34530000 0.12915447
0.34525000 0.12915442
0.34520000 0.12915437
0.34515000 0.12915432
0.34510000 0.12915427
0.34505000 0.12915421
0.34500000 0.12915415
0.34495000 0.12915408
0.34490000 0.12915402
0.34485000 0.12915395
0.34480000 0.12915388
0.34475000 0.12915380
0.34470000 0.12915373
0.34465000 0.12915365
0.34460000 0.12915356
0.34455000 0.12915348
0.34450000 0.12915339
0.34445000 0.12915330
0.34440000 0.12915320
0.34435000 0.12915310
0.34430000 0.12915300
0.34425000 0.12915290
0.34420000 0.12915279
0.34415000 0.12915268
0.34410000 0.12915257
0.34405000 0.12915246
0.34400000 0.12915234
0.34395000 0.12915222
0.34390000 0.12915210
0.34385000 0.12915197
0.34380000 0.12915184
0.34375000 0.12915171
0.34370000 0.12915157
0.34365000 0.12915143
0.34360000 0.12915129
0.34355000 0.12915115
0.34350000 0.12915100
0.34345000 0.12915085
0.34340000 0.12915070
0.34335000 0.12915054
0.34330000 0.12915039
0.34325000 0.12915022
0.34320000 0.12915006
0.34315000 0.12914989
0.34310000 0.12914972
0.34305000 0.12914955
0.34300000 0.12914938
0.34295000 0.12914920
0.34290000 0.12914901
0.34285000 0.12914883
0.34280000 0.12914864
0.34275000 0.12914845
0.34270000 0.12914826
0.34265000 0.12914806
0.34260000 0.12914786
0.34255000 0.12914766
0.34250000 0.12914746
0.34245000 0.12914725
0.34240000 0.12914704
0.34235000 0.12914683
0.34230000 0.12914661
0.34225000 0.12914639
0.34220000 0.12914617
0.34215000 0.12914594
0.34210000 0.12914571
0.34205000 0.12914548
0.34200000 0.12914525
0.34195000 0.12914501
0.34190000 0.12914477
0.34185000 0.12914453
0.34180000 0.12914428
0.34175000 0.12914404
0.34170000 0.12914378
0.34165000 0.12914353
0.34160000 0.12914327
0.34155000 0.12914301
0.34150000 0.12914275
0.34145000 0.12914248
0.34140000 0.12914221
0.34135000 0.12914194
0.34130000 0.12914167
0.34125000 0.12914139
0.34120000 0.12914111
0.34115000 0.12914082
0.34110000 0.12914054
0.34105000 0.12914025
0.34100000 0.12913995
0.34095000 0.12913966
0.34090000 0.12913936
0.34085000 0.12913906
0.34080000 0.12913876
0.34075000 0.12913845
0.34070000 0.12913814
0.34065000 0.12913782
0.34060000 0.12913751
0.34055000 0.12913719
0.34050000 0.12913687
0.34045000 0.12913654
0.34040000 0.12913622
0.34035000 0.12913588
0.34030000 0.12913555
0.34025000 0.12913521
0.34020000 0.12913487
0.34015000 0.12913453
0.34010000 0.12913419
0.34005000 0.12913384
0.34000000 0.12913349
0.33995000 0.12913313
0.33990000 0.12913277
0.33985000 0.12913241
0.33980000 0.12913205
0.33975000 0.12913169
0.33970000 0.12913132
0.33965000 0.12913094
0.33960000 0.12913057
0.33955000 0.12913019
0.33950000 0.12912981
0.33945000 0.12912943
0.33940000 0.12912904
0.33935000 0.12912865
0.33930000 0.12912826
0.33925000 0.12912786
0.33920000 0.12912746
0.33915000 0.12912706
0.33910000 0.12912666
0.33905000 0.12912625
0.33900000 0.12912584
0.33895000 0.12912542
0.33890000 0.12912501
0.33885000 0.12912459
0.33880000 0.12912417
0.33875000 0.12912374
0.33870000 0.12912331
0.33865000 0.12912288
0.33860000 0.12912245
0.33855000 0.12912201
0.33850000 0.12912157
0.33845000 0.12912113
0.33840000 0.12912068
0.33835000 0.12912023
0.33830000 0.12911978
0.33825000 0.12911932
0.33820000 0.12911887
0.33815000 0.12911840
0.33810000 0.12911794
0.33805000 0.12911747
0.33800000 0.12911700
0.33795000 0.12911653
0.33790000 0.12911605
0.33785000 0.12911557
0.33780000 0.12911509
0.33775000 0.12911461
0.33770000 0.12911412
0.33765000 0.12911363
0.33760000 0.12911314
0.33755000 0.12911264
0.33750000 0.12911214
0.33745000 0.12911164
0.33740000 0.12911113
0.33735000 0.12911062
0.33730000 0.12911011
0.33725000 0.12910959
0.33720000 0.12910908
0.33715000 0.12910856
0.33710000 0.12910803
0.33705000 0.12910750
0.33700000 0.12910698
0.33695000 0.12910644
0.33690000 0.12910591
0.33685000 0.12910537
0.33680000 0.12910483
0.33675000 0.12910428
0.33670000 0.12910373
0.33665000 0.12910318
0.33660000 0.12910263
0.33655000 0.12910207
0.33650000 0.12910151
0.33645000 0.12910095
0.33640000 0.12910038
0.33635000 0.12909981
0.33630000 0.12909924
0.33625000 0.12909867
0.33620000 0.12909809
0.33615000 0.12909751
0.33610000 0.12909693
0.33605000 0.12909634
0.33600000 0.12909575
0.33595000 0.12909516
0.33590000 0.12909456
0.33585000 0.12909396
0.33580000 0.12909336
0.33575000 0.12909275
0.33570000 0.12909215
0.33565000 0.12909153
0.33560000 0.12909092
0.33555000 0.12909030
0.33550000 0.12908968
0.33545000 0.12908906
0.33540000 0.12908843
0.33535000 0.12908781
0.33530000 0.12908717
0.33525000 0.12908654
0.33520000 0.12908590
0.33515000 0.12908526
0.33510000 0.12908461
0.33505000 0.12908397
0.33500000 0.12908332
0.33495000 0.12908266
0.33490000 0.12908201
0.33485000 0.12908135
0.33480000 0.12908068
0.33475000 0.12908002
0.33470000 0.12907935
0.33465000 0.12907868
0.33460000 0.12907800
0.33455000 0.12907733
0.33450000 0.12907665
0.33445000 0.12907596
0.33440000 0.12907528
0.33435000 0.12907459
0.33430000 0.12907389
0.33425000 0.12907320
0.33420000 0.12907250
0.33415000 0.12907180
0.33410000 0.12907109
0.33405000 0.12907038
0.33400000 0.12906967
0.33395000 0.12906896
0.33390000 0.12906824
0.33385000 0.12906752
0.33380000 0.12906680
0.33375000 0.12906607
0.33370000 0.12906534
0.33365000 0.12906461
0.33360000 0.12906387
0.33355000 0.12906314
0.33350000 0.12906239
0.33345000 0.12906165
0.33340000 0.12906090
0.33335000 0.12906015
0.33330000 0.12905940
0.33325000 0.12905864
0.33320000 0.12905788
0.33315000 0.12905712
0.33310000 0.12905635
0.33305000 0.12905558
0.33300000 0.12905481
0.33295000 0.12905404
0.33290000 0.12905326
0.33285000 0.12905248
0.33280000 0.12905169
0.33275000 0.12905090
0.33270000 0.12905011
0.33265000 0.12904932
0.33260000 0.12904852
0.33255000 0.12904772
0.33250000 0.12904692
0.33245000 0.12904612
0.33240000 0.12904531
0.33235000 0.12904449
0.33230000 0.12904368
0.33225000 0.12904286
0.33220000 0.12904204
0.33215000 0.12904122
0.33210000 0.12904039
0.33205000 0.12903956
0.33200000 0.12903873
0.33195000 0.12903789
0.33190000 0.12903705
0.33185000 0.12903621
0.33180000 0.12903536
0.33175000 0.12903451
0.33170000 0.12903366
0.33165000 0.12903280
0.33160000 0.12903195
0.33155000 0.12903109
0.33150000 0.12903022
0.33145000 0.12902935
0.33140000 0.12902848
0.33135000 0.12902761
0.33130000 0.12902673
0.33125000 0.12902585
0.33120000 0.12902497
0.33115000 0.12902408
0.33110000 0.12902320
0.33105000 0.12902230
0.33100000 0.12902141
0.33095000 0.12902051
0.33090000 0.12901961
0.33085000 0.12901870
0.33080000 0.12901780
0.33075000 0.12901689
0.33070000 0.12901597
0.33065000 0.12901506
0.33060000 0.12901414
0.33055000 0.12901321
0.33050000 0.12901229
0.33045000 0.12901136
0.33040000 0.12901043
0.33035000 0.12900949
0.33030000 0.12900855
0.33025000 0.12900761
0.33020000 0.12900666
0.33015000 0.12900572
0.33010000 0.12900477
0.33005000 0.12900381
0.33000000 0.12900285
0.32995000 0.12900189
0.32990000 0.12900093
0.32985000 0.12899996
0.32980000 0.12899899
0.32975000 0.12899802
0.32970000 0.12899705
0.32965000 0.12899607
0.32960000 0.12899509
0.32955000 0.12899410
0.32950000 0.12899311
0.32945000 0.12899212
0.32940000 0.12899113
0.32935000 0.12899013
0.32930000 0.12898913
0.32925000 0.12898812
0.32920000 0.12898712
0.32915000 0.12898611
0.32910000 0.12898509
0.32905000 0.12898408
0.32900000 0.12898306
0.32895000 0.12898203
0.32890000 0.12898101
0.32885000 0.12897998
0.32880000 0.12897895
0.32875000 0.12897791
0.32870000 0.12897687
0.32865000 0.12897583
0.32860000 0.12897479
0.32855000 0.12897374
0.32850000 0.12897269
0.32845000 0.12897164
0.32840000 0.12897058
0.32835000 0.12896952
0.32830000 0.12896846
0.32825000 0.12896739
0.32820000 0.12896632
0.32815000 0.12896525
0.32810000 0.12896417
0.32805000 0.12896309
0.32800000 0.12896201
0.32795000 0.12896092
0.32790000 0.12895984
0.32785000 0.12895874
0.32780000 0.12895765
0.32775000 0.12895655
0.32770000 0.12895545
0.32765000 0.12895435
0.32760000 0.12895324
0.32755000 0.12895213
0.32750000 0.12895101
0.32745000 0.12894990
0.32740000 0.12894878
0.32735000 0.12894765
0.32730000 0.12894653
0.32725000 0.12894540
0.32720000 0.12894427
0.32715000 0.12894313
0.32710000 0.12894199
0.32705000 0.12894085
0.32700000 0.12893970
0.32695000 0.12893856
0.32690000 0.12893740
0.32685000 0.12893625
0.32680000 0.12893509
0.32675000 0.12893393
0.32670000 0.12893277
0.32665000 0.12893160
0.32660000 0.12893043
0.32655000 0.12892926
0.32650000 0.12892808
0.32645000 0.12892690
0.32640000 0.12892572
0.32635000 0.12892453
0.32630000 0.12892334
0.32625000 0.12892215
0.32620000 0.12892095
0.32615000 0.12891975
0.32610000 0.12891855
0.32605000 0.12891734
0.32600000 0.12891614
0.32595000 0.12891492
0.32590000 0.12891371
0.32585000 0.12891249
0.32580000 0.12891127
0.32575000 0.12891005
0.32570000 0.12890882
0.32565000 0.12890759
0.32560000 0.12890635
0.32555000 0.12890512
0.32550000 0.12890388
0.32545000 0.12890263
0.32540000 0.12890139
0.32535000 0.12890014
0.32530000 0.12889888
0.32525000 0.12889763
0.32520000 0.12889637
0.32515000 0.12889510
0.32510000 0.12889384
0.32505000 0.12889257
0.32500000 0.12889130
0.32495000 0.12889002
0.32490000 0.12888874
0.32485000 0.12888746
0.32480000 0.12888618
0.32475000 0.12888489
0.32470000 0.12888360
0.32465000 0.12888230
0.32460000 0.12888101
0.32455000 0.12887970
0.32450000 0.12887840
0.32445000 0.12887709
0.32440000 0.12887578
0.32435000 0.12887447
0.32430000 0.12887315
0.32425000 0.12887183
0.32420000 0.12887051
0.32415000 0.12886918
0.32410000 0.12886785
0.32405000 0.12886652
0.32400000 0.12886518
0.32395000 0.12886384
0.32390000 0.12886250
0.32385000 0.12886116
0.32380000 0.12885981
0.32375000 0.12885845
0.32370000 0.12885710
0.32365000 0.12885574
0.32360000 0.12885438
0.32355000 0.12885301
0.32350000 0.12885164
0.32345000 0.12885027
0.32340000 0.12884890
0.32335000 0.12884752
0.32330000 0.12884614
0.32325000 0.12884476
0.32320000 0.12884337
0.32315000 0.12884198
0.32310000 0.12884058
0.32305000 0.12883919
0.32300000 0.12883778
0.32295000 0.12883638
0.32290000 0.12883497
0.32285000 0.12883356
0.32280000 0.12883215
0.32275000 0.12883073
0.32270000 0.12882931
0.32265000 0.12882789
0.32260000 0.12882646
0.32255000 0.12882504
0.32250000 0.12882360
0.32245000 0.12882217
0.32240000 0.12882073
0.32235000 0.12881928
0.32230000 0.12881784
0.32225000 0.12881639
0.32220000 0.12881494
0.32215000 0.12881348
0.32210000 0.12881202
0.32205000 0.12881056
0.32200000 0.12880910
0.32195000 0.12880763
0.32190000 0.12880616
0.32185000 0.12880468
0.32180000 0.12880320
0.32175000 0.12880172
0.32170000 0.12880024
0.32165000 0.12879875
0.32160000 0.12879726
0.32155000 0.12879576
0.32150000 0.12879427
0.32145000 0.12879277
0.32140000 0.12879126
0.32135000 0.12878975
0.32130000 0.12878824
0.32125000 0.12878673
0.32120000 0.12878521
0.32115000 0.12878369
0.32110000 0.12878217
0.32105000 0.12878064
0.32100000 0.12877911
0.32095000 0.12877758
0.32090000 0.12877604
0.32085000 0.12877450
0.32080000 0.12877296
0.32075000 0.12877141
0.32070000 0.12876986
0.32065000 0.12876831
0.32060000 0.12876675
0.32055000 0.12876519
0.32050000 0.12876363
0.32045000 0.12876206
0.32040000 0.12876049
0.32035000 0.12875892
0.32030000 0.12875735
0.32025000 0.12875577
0.32020000 0.12875418
0.32015000 0.12875260
0.32010000 0.12875101
0.32005000 0.12874942
0.32000000 0.12874782
0.31995000 0.12874622
0.31990000 0.12874462
0.31985000 0.12874302
0.31980000 0.12874141
0.31975000 0.12873980
0.31970000 0.12873818
0.31965000 0.12873656
0.31960000 0.12873494
0.31955000 0.12873332
0.31950000 0.12873169
0.31945000 0.12873006
0.31940000 0.12872842
0.31935000 0.12872678
0.31930000 0.12872514
0.31925000 0.12872350
0.31920000 0.12872185
0.31915000 0.12872020
0.31910000 0.12871854
0.31905000 0.12871688
0.31900000 0.12871522
0.31895000 0.12871356
0.31890000 0.12871189
0.31885000 0.12871022
0.31880000 0.12870855
0.31875000 0.12870687
0.31870000 0.12870519
0.31865000 0.12870350
0.31860000 0.12870182
0.31855000 0.12870012
0.31850000 0.12869843
0.31845000 0.12869673
0.31840000 0.12869503
0.31835000 0.12869333
0.31830000 0.12869162
0.31825000 0.12868991
0.31820000 0.12868820
0.31815000 0.12868648
0.31810000 0.12868476
0.31805000 0.12868303
0.31800000 0.12868131
0.31795000 0.12867958
0.31790000 0.12867784
0.31785000 0.12867611
0.31780000 0.12867436
0.31775000 0.12867262
0.31770000 0.12867087
0.31765000 0.12866912
0.31760000 0.12866737
0.31755000 0.12866561
0.31750000 0.12866385
0.31745000 0.12866209
0.31740000 0.12866032
0.31735000 0.12865855
0.31730000 0.12865678
0.31725000 0.12865500
0.31720000 0.12865322
0.31715000 0.12865144
0.31710000 0.12864965
0.31705000 0.12864786
0.31700000 0.12864607
0.31695000 0.12864427
0.31690000 0.12864247
0.31685000 0.12864067
0.31680000 0.12863886
0.31675000 0.12863705
0.31670000 0.12863523
0.31665000 0.12863342
0.31660000 0.12863160
0.31655000 0.12862977
0.31650000 0.12862795
0.31645000 0.12862612
0.31640000 0.12862428
0.31635000 0.12862245
0.31630000 0.12862061
0.31625000 0.12861876
0.31620000 0.12861692
0.31615000 0.12861507
0.31610000 0.12861321
0.31605000 0.12861135
0.31600000 0.12860949
0.31595000 0.12860763
0.31590000 0.12860576
0.31585000 0.12860389
0.31580000 0.12860202
0.31575000 0.12860014
0.31570000 0.12859826
0.31565000 0.12859638
0.31560000 0.12859449
0.31555000 0.12859260
0.31550000 0.12859071
0.31545000 0.12858881
0.31540000 0.12858691
0.31535000 0.12858501
0.31530000 0.12858310
0.31525000 0.12858119
0.31520000 0.12857927
0.31515000 0.12857736
0.31510000 0.12857544
0.31505000 0.12857351
0.31500000 0.12857158
0.31495000 0.12856965
0.31490000 0.12856772
0.31485000 0.12856578
0.31480000 0.12856384
0.31475000 0.12856190
0.31470000 0.12855995
0.31465000 0.12855800
0.31460000 0.12855604
0.31455000 0.12855409
0.31450000 0.12855213
0.31445000 0.12855016
0.31440000 0.12854819
0.31435000 0.12854622
0.31430000 0.12854425
0.31425000 0.12854227
0.31420000 0.12854029
0.31415000 0.12853830
0.31410000 0.12853632
0.31405000 0.12853432
0.31400000 0.12853233
0.31395000 0.12853033
0.31390000 0.12852833
0.31385000 0.12852633
0.31380000 0.12852432
0.31375000 0.12852231
0.31370000 0.12852029
0.31365000 0.12851827
0.31360000 0.12851625
0.31355000 0.12851422
0.31350000 0.12851220
0.31345000 0.12851016
0.31340000 0.12850813
0.31335000 0.12850609
0.31330000 0.12850405
0.31325000 0.12850200
0.31320000 0.12849995
0.31315000 0.12849790
0.31310000 0.12849584
0.31305000 0.12849379
0.31300000 0.12849172
0.31295000 0.12848966
0.31290000 0.12848759
0.31285000 0.12848552
0.31280000 0.12848344
0.31275000 0.12848136
0.31270000 0.12847928
0.31265000 0.12847719
0.31260000 0.12847510
0.31255000 0.12847301
0.31250000 0.12847091
0.31245000 0.12846881
0.31240000 0.12846671
0.31235000 0.12846460
0.31230000 0.12846249
0.31225000 0.12846038
0.31220000 0.12845826
0.31215000 0.12845614
0.31210000 0.12845402
0.31205000 0.12845189
0.31200000 0.12844976
0.31195000 0.12844762
0.31190000 0.12844549
0.31185000 0.12844335
0.31180000 0.12844120
0.31175000 0.12843905
0.31170000 0.12843690
0.31165000 0.12843475
0.31160000 0.12843259
0.31155000 0.12843043
0.31150000 0.12842826
0.31145000 0.12842609
0.31140000 0.12842392
0.31135000 0.12842175
0.31130000 0.12841957
0.31125000 0.12841739
0.31120000 0.12841520
0.31115000 0.12841301
0.31110000 0.12841082
0.31105000 0.12840862
0.31100000 0.12840643
0.31095000 0.12840422
0.31090000 0.12840202
0.31085000 0.12839981
0.31080000 0.12839759
0.31075000 0.12839538
0.31070000 0.12839316
0.31065000 0.12839094
0.31060000 0.12838871
0.31055000 0.12838648
0.31050000 0.12838425
0.31045000 0.12838201
0.31040000 0.12837977
0.31035000 0.12837752
0.31030000 0.12837528
0.31025000 0.12837303
0.31020000 0.12837077
0.31015000 0.12836851
0.31010000 0.12836625
0.31005000 0.12836399
0.31000000 0.12836172
0.30995000 0.12835945
0.30990000 0.12835717
0.30985000 0.12835490
0.30980000 0.12835261
0.30975000 0.12835033
0.30970000 0.12834804
0.30965000 0.12834575
0.30960000 0.12834345
0.30955000 0.12834115
0.30950000 0.12833885
0.30945000 0.12833655
0.30940000 0.12833424
0.30935000 0.12833192
0.30930000 0.12832961
0.30925000 0.12832729
0.30920000 0.12832496
0.30915000 0.12832264
0.30910000 0.12832031
0.30905000 0.12831797
0.30900000 0.12831564
0.30895000 0.12831330
0.30890000 0.12831095
0.30885000 0.12830860
0.30880000 0.12830625
0.30875000 0.12830390
0.30870000 0.12830154
0.30865000 0.12829918
0.30860000 0.12829681
0.30855000 0.12829445
0.30850000 0.12829207
0.30845000 0.12828970
0.30840000 0.12828732
0.30835000 0.12828494
0.30830000 0.12828255
0.30825000 0.12828016
0.30820000 0.12827777
0.30815000 0.12827537
0.30810000 0.12827297
0.30805000 0.12827057
0.30800000 0.12826816
0.30795000 0.12826575
0.30790000 0.12826334
0.30785000 0.12826092
0.30780000 0.12825850
0.30775000 0.12825608
0.30770000 0.12825365
0.30765000 0.12825122
0.30760000 0.12824878
0.30755000 0.12824635
0.30750000 0.12824390
0.30745000 0.12824146
0.30740000 0.12823901
0.30735000 0.12823656
0.30730000 0.12823410
0.30725000 0.12823164
0.30720000 0.12822918
0.30715000 0.12822672
0.30710000 0.12822425
0.30705000 0.12822177
0.30700000 0.12821930
0.30695000 0.12821682
0.30690000 0.12821433
0.30685000 0.12821185
0.30680000 0.12820936
0.30675000 0.12820686
0.30670000 0.12820436
0.30665000 0.12820186
0.30660000 0.12819936
0.30655000 0.12819685
0.30650000 0.12819434
0.30645000 0.12819182
0.30640000 0.12818930
0.30635000 0.12818678
0.30630000 0.12818426
0.30625000 0.12818173
0.30620000 0.12817919
0.30615000 0.12817666
0.30610000 0.12817412
0.30605000 0.12817158
0.30600000 0.12816903
0.30595000 0.12816648
0.30590000 0.12816392
0.30585000 0.12816137
0.30580000 0.12815881
0.30575000 0.12815624
0.30570000 0.12815367
0.30565000 0.12815110
0.30560000 0.12814853
0.30555000 0.12814595
0.30550000 0.12814337
0.30545000 0.12814078
0.30540000 0.12813819
0.30535000 0.12813560
0.30530000 0.12813300
0.30525000 0.12813040
0.30520000 0.12812780
0.30515000 0.12812519
0.30510000 0.12812258
0.30505000 0.12811997
0.30500000 0.12811735
0.30495000 0.12811473
0.30490000 0.12811211
0.30485000 0.12810948
0.30480000 0.12810685
0.30475000 0.12810421
0.30470000 0.12810157
0.30465000 0.12809893
0.30460000 0.12809628
0.30455000 0.12809363
0.30450000 0.12809098
0.30445000 0.12808832
0.30440000 0.12808566
0.30435000 0.12808300
0.30430000 0.12808033
0.30425000 0.12807766
0.30420000 0.12807499
0.30415000 0.12807231
0.30410000 0.12806963
0.30405000 0.12806695
0.30400000 0.12806426
0.30395000 0.12806156
0.30390000 0.12805887
0.30385000 0.12805617
0.30380000 0.12805347
0.30375000 0.12805076
0.30370000 0.12804805
0.30365000 0.12804534
0.30360000 0.12804262
0.30355000 0.12803990
0.30350000 0.12803718
0.30345000 0.12803445
0.30340000 0.12803172
0.30335000 0.12802898
0.30330000 0.12802624
0.30325000 0.12802350
0.30320000 0.12802076
0.30315000 0.12801801
0.30310000 0.12801526
0.30305000 0.12801250
0.30300000 0.12800974
0.30295000 0.12800698
0.30290000 0.12800421
0.30285000 0.12800144
0.30280000 0.12799866
0.30275000 0.12799589
0.30270000 0.12799311
0.30265000 0.12799032
0.30260000 0.12798753
0.30255000 0.12798474
0.30250000 0.12798195
0.30245000 0.12797915
0.30240000 0.12797634
0.30235000 0.12797354
0.30230000 0.12797073
0.30225000 0.12796791
0.30220000 0.12796510
0.30215000 0.12796228
0.30210000 0.12795945
0.30205000 0.12795662
0.30200000 0.12795379
0.30195000 0.12795096
0.30190000 0.12794812
0.30185000 0.12794528
0.30180000 0.12794243
0.30175000 0.12793958
0.30170000 0.12793673
0.30165000 0.12793387
0.30160000 0.12793101
0.30155000 0.12792815
0.30150000 0.12792528
0.30145000 0.12792241
0.30140000 0.12791953
0.30135000 0.12791666
0.30130000 0.12791377
0.30125000 0.12791089
0.30120000 0.12790800
0.30115000 0.12790511
0.30110000 0.12790221
0.30105000 0.12789931
0.30100000 0.12789641
0.30095000 0.12789350
0.30090000 0.12789059
0.30085000 0.12788767
0.30080000 0.12788476
0.30075000 0.12788183
0.30070000 0.12787891
0.30065000 0.12787598
0.30060000 0.12787305
0.30055000 0.12787011
0.30050000 0.12786717
0.30045000 0.12786423
0.30040000 0.12786128
0.30035000 0.12785833
0.30030000 0.12785538
0.30025000 0.12785242
0.30020000 0.12784946
0.30015000 0.12784649
0.30010000 0.12784352
0.30005000 0.12784055
0.30000000 0.12783757
0.29995000 0.12783459
0.29990000 0.12783161
0.29985000 0.12782862
0.29980000 0.12782563
0.29975000 0.12782264
0.29970000 0.12781964
0.29965000 0.12781664
0.29960000 0.12781364
0.29955000 0.12781063
0.29950000 0.12780761
0.29945000 0.12780460
0.29940000 0.12780158
0.29935000 0.12779856
0.29930000 0.12779553
0.29925000 0.12779250
0.29920000 0.12778946
0.29915000 0.12778643
0.29910000 0.12778338
0.29905000 0.12778034
0.29900000 0.12777729
0.29895000 0.12777424
0.29890000 0.12777118
0.29885000 0.12776812
0.29880000 0.12776506
0.29875000 0.12776199
0.29870000 0.12775892
0.29865000 0.12775585
0.29860000 0.12775277
0.29855000 0.12774969
0.29850000 0.12774660
0.29845000 0.12774351
0.29840000 0.12774042
0.29835000 0.12773732
0.29830000 0.12773422
0.29825000 0.12773112
0.29820000 0.12772801
0.29815000 0.12772490
0.29810000 0.12772179
0.29805000 0.12771867
0.29800000 0.12771555
0.29795000 0.12771242
0.29790000 0.12770929
0.29785000 0.12770616
0.29780000 0.12770302
0.29775000 0.12769988
0.29770000 0.12769674
0.29765000 0.12769359
0.29760000 0.12769044
0.29755000 0.12768728
0.29750000 0.12768412
0.29745000 0.12768096
0.29740000 0.12767780
0.29735000 0.12767463
0.29730000 0.12767145
0.29725000 0.12766827
0.29720000 0.12766509
0.29715000 0.12766191
0.29710000 0.12765872
0.29705000 0.12765553
0.29700000 0.12765233
0.29695000 0.12764913
0.29690000 0.12764593
0.29685000 0.12764272
0.29680000 0.12763951
0.29675000 0.12763630
0.29670000 0.12763308
0.29665000 0.12762986
0.29660000 0.12762664
0.29655000 0.12762341
0.29650000 0.12762018
0.29645000 0.12761694
0.29640000 0.12761370
0.29635000 0.12761046
0.29630000 0.12760721
0.29625000 0.12760396
0.29620000 0.12760070
0.29615000 0.12759744
0.29610000 0.12759418
0.29605000 0.12759092
0.29600000 0.12758765
0.29595000 0.12758437
0.29590000 0.12758110
0.29585000 0.12757782
0.29580000 0.12757453
0.29575000 0.12757124
0.29570000 0.12756795
0.29565000 0.12756466
0.29560000 0.12756136
0.29555000 0.12755805
0.29550000 0.12755475
0.29545000 0.12755144
0.29540000 0.12754812
0.29535000 0.12754481
0.29530000 0.12754148
0.29525000 0.12753816
0.29520000 0.12753483
0.29515000 0.12753150
0.29510000 0.12752816
0.29505000 0.12752482
0.29500000 0.12752148
0.29495000 0.12751813
0.29490000 0.12751478
0.29485000 0.12751142
0.29480000 0.12750806
0.29475000 0.12750470
0.29470000 0.12750134
0.29465000 0.12749797
0.29460000 0.12749459
0.29455000 0.12749121
0.29450000 0.12748783
0.29445000 0.12748445
0.29440000 0.12748106
0.29435000 0.12747767
0.29430000 0.12747427
0.29425000 0.12747087
0.29420000 0.12746747
0.29415000 0.12746406
0.29410000 0.12746065
0.29405000 0.12745724
0.29400000 0.12745382
0.29395000 0.12745039
0.29390000 0.12744697
0.29385000 0.12744354
0.29380000 0.12744011
0.29375000 0.12743667
0.29370000 0.12743323
0.29365000 0.12742978
0.29360000 0.12742633
0.29355000 0.12742288
0.29350000 0.12741943
0.29345000 0.12741597
0.29340000 0.12741250
0.29335000 0.12740904
0.29330000 0.12740556
0.29325000 0.12740209
0.29320000 0.12739861
0.29315000 0.12739513
0.29310000 0.12739164
0.29305000 0.12738815
0.29300000 0.12738466
0.29295000 0.12738116
0.29290000 0.12737766
0.29285000 0.12737416
0.29280000 0.12737065
0.29275000 0.12736714
0.29270000 0.12736362
0.29265000 0.12736010
0.29260000 0.12735658
0.29255000 0.12735305
0.29250000 0.12734952
0.29245000 0.12734598
0.29240000 0.12734244
0.29235000 0.12733890
0.29230000 0.12733535
0.29225000 0.12733180
0.29220000 0.12732825
0.29215000 0.12732469
0.29210000 0.12732113
0.29205000 0.12731757
0.29200000 0.12731400
0.29195000 0.12731042
0.29190000 0.12730685
0.29185000 0.12730327
0.29180000 0.12729968
0.29175000 0.12729610
0.29170000 0.12729250
0.29165000 0.12728891
0.29160000 0.12728531
0.29155000 0.12728171
0.29150000 0.12727810
0.29145000 0.12727449
0.29140000 0.12727087
0.29135000 0.12726726
0.29130000 0.12726363
0.29125000 0.12726001
0.29120000 0.12725638
0.29115000 0.12725274
0.29110000 0.12724911
0.29105000 0.12724547
0.29100000 0.12724182
0.29095000 0.12723817
0.29090000 0.12723452
0.29085000 0.12723086
0.29080000 0.12722720
0.29075000 0.12722354
0.29070000 0.12721987
0.29065000 0.12721620
0.29060000 0.12721253
0.29055000 0.12720885
0.29050000 0.12720516
0.29045000 0.12720148
0.29040000 0.12719779
0.29035000 0.12719409
0.29030000 0.12719039
0.29025000 0.12718669
0.29020000 0.12718299
0.29015000 0.12717928
0.29010000 0.12717556
0.29005000 0.12717185
0.29000000 0.12716813
0.28995000 0.12716440
0.28990000 0.12716067
0.28985000 0.12715694
0.28980000 0.12715320
0.28975000 0.12714946
0.28970000 0.12714572
0.28965000 0.12714197
0.28960000 0.12713822
0.28955000 0.12713447
0.28950000 0.12713071
0.28945000 0.12712694
0.28940000 0.12712318
0.28935000 0.12711941
0.28930000 0.12711563
0.28925000 0.12711185
0.28920000 0.12710807
0.28915000 0.12710428
0.28910000 0.12710049
0.28905000 0.12709670
0.28900000 0.12709290
0.28895000 0.12708910
0.28890000 0.12708530
0.28885000 0.12708149
0.28880000 0.12707767
0.28875000 0.12707386
0.28870000 0.12707004
0.28865000 0.12706621
0.28860000 0.12706238
0.28855000 0.12705855
0.28850000 0.12705472
0.28845000 0.12705088
0.28840000 0.12704703
0.28835000 0.12704318
0.28830000 0.12703933
0.28825000 0.12703548
0.28820000 0.12703162
0.28815000 0.12702776
0.28810000 0.12702389
0.28805000 0.12702002
0.28800000 0.12701614
0.28795000 0.12701227
0.28790000 0.12700838
0.28785000 0.12700450
0.28780000 0.12700061
0.28775000 0.12699671
0.28770000 0.12699282
0.28765000 0.12698891
0.28760000 0.12698501
0.28755000 0.12698110
0.28750000 0.12697719
0.28745000 0.12697327
0.28740000 0.12696935
0.28735000 0.12696542
0.28730000 0.12696149
0.28725000 0.12695756
0.28720000 0.12695363
0.28715000 0.12694969
0.28710000 0.12694574
0.28705000 0.12694179
0.28700000 0.12693784
0.28695000 0.12693389
0.28690000 0.12692993
0.28685000 0.12692596
0.28680000 0.12692199
0.28675000 0.12691802
0.28670000 0.12691405
0.28665000 0.12691007
0.28660000 0.12690609
0.28655000 0.12690210
0.28650000 0.12689811
0.28645000 0.12689411
0.28640000 0.12689012
0.28635000 0.12688611
0.28630000 0.12688211
0.28625000 0.12687810
0.28620000 0.12687408
0.28615000 0.12687006
0.28610000 0.12686604
0.28605000 0.12686202
0.28600000 0.12685799
0.28595000 0.12685395
0.28590000 0.12684992
0.28585000 0.12684588
0.28580000 0.12684183
0.28575000 0.12683778
0.28570000 0.12683373
0.28565000 0.12682967
0.28560000 0.12682561
0.28555000 0.12682155
0.28550000 0.12681748
0.28545000 0.12681340
0.28540000 0.12680933
0.28535000 0.12680525
0.28530000 0.12680116
0.28525000 0.12679708
0.28520000 0.12679298
0.28515000 0.12678889
0.28510000 0.12678479
0.28505000 0.12678068
0.28500000 0.12677658
0.28495000 0.12677246
0.28490000 0.12676835
0.28485000 0.12676423
0.28480000 0.12676011
0.28475000 0.12675598
0.28470000 0.12675185
0.28465000 0.12674771
0.28460000 0.12674357
0.28455000 0.12673943
0.28450000 0.12673528
0.28445000 0.12673113
0.28440000 0.12672698
0.28435000 0.12672282
0.28430000 0.12671866
0.28425000 0.12671449
0.28420000 0.12671032
0.28415000 0.12670614
0.28410000 0.12670197
0.28405000 0.12669778
0.28400000 0.12669360
0.28395000 0.12668941
0.28390000 0.12668521
0.28385000 0.12668102
0.28380000 0.12667681
0.28375000 0.12667261
0.28370000 0.12666840
0.28365000 0.12666418
0.28360000 0.12665997
0.28355000 0.12665574
0.28350000 0.12665152
0.28345000 0.12664729
0.28340000 0.12664306
0.28335000 0.12663882
0.28330000 0.12663458
0.28325000 0.12663033
0.28320000 0.12662608
0.28315000 0.12662183
0.28310000 0.12661757
0.28305000 0.12661331
0.28300000 0.12660905
0.28295000 0.12660478
0.28290000 0.12660050
0.28285000 0.12659623
0.28280000 0.12659195
0.28275000 0.12658766
0.28270000 0.12658337
0.28265000 0.12657908
0.28260000 0.12657478
0.28255000 0.12657048
0.28250000 0.12656618
0.28245000 0.12656187
0.28240000 0.12655755
0.28235000 0.12655324
0.28230000 0.12654892
0.28225000 0.12654459
0.28220000 0.12654026
0.28215000 0.12653593
0.28210000 0.12653160
0.28205000 0.12652726
0.28200000 0.12652291
0.28195000 0.12651856
0.28190000 0.12651421
0.28185000 0.12650985
0.28180000 0.12650549
0.28175000 0.12650113
0.28170000 0.12649676
0.28165000 0.12649239
0.28160000 0.12648801
0.28155000 0.12648363
0.28150000 0.12647925
0.28145000 0.12647486
0.28140000 0.12647047
0.28135000 0.12646607
0.28130000 0.12646167
0.28125000 0.12645727
0.28120000 0.12645286
0.28115000 0.12644845
0.28110000 0.12644403
0.28105000 0.12643961
0.28100000 0.12643519
0.28095000 0.12643076
0.28090000 0.12642633
0.28085000 0.12642189
0.28080000 0.12641745
0.28075000 0.12641301
0.28070000 0.12640856
0.28065000 0.12640411
0.28060000 0.12639965
0.28055000 0.12639519
0.28050000 0.12639073
0.28045000 0.12638626
0.28040000 0.12638179
0.28035000 0.12637731
0.28030000 0.12637283
0.28025000 0.12636835
0.28020000 0.12636386
0.28015000 0.12635937
0.28010000 0.12635487
0.28005000 0.12635037
0.28000000 0.12634587
0.27995000 0.12634136
0.27990000 0.12633685
0.27985000 0.12633233
0.27980000 0.12632781
0.27975000 0.12632328
0.27970000 0.12631876
0.27965000 0.12631422
0.27960000 0.12630969
0.27955000 0.12630515
0.27950000 0.12630060
0.27945000 0.12629606
0.27940000 0.12629150
0.27935000 0.12628695
0.27930000 0.12628239
0.27925000 0.12627782
0.27920000 0.12627325
0.27915000 0.12626868
0.27910000 0.12626410
0.27905000 0.12625952
0.27900000 0.12625494
0.27895000 0.12625035
0.27890000 0.12624576
0.27885000 0.12624116
0.27880000 0.12623656
0.27875000 0.12623196
0.27870000 0.12622735
0.27865000 0.12622273
0.27860000 0.12621812
0.27855000 0.12621350
0.27850000 0.12620887
0.27845000 0.12620424
0.27840000 0.12619961
0.27835000 0.12619497
0.27830000 0.12619033
0.27825000 0.12618569
0.27820000 0.12618104
0.27815000 0.12617638
0.27810000 0.12617173
0.27805000 0.12616706
0.27800000 0.12616240
0.27795000 0.12615773
0.27790000 0.12615306
0.27785000 0.12614838
0.27780000 0.12614370
0.27775000 0.12613901
0.27770000 0.12613432
0.27765000 0.12612963
0.27760000 0.12612493
0.27755000 0.12612023
0.27750000 0.12611552
0.27745000 0.12611081
0.27740000 0.12610610
0.27735000 0.12610138
0.27730000 0.12609666
0.27725000 0.12609193
0.27720000 0.12608720
0.27715000 0.12608247
0.27710000 0.12607773
0.27705000 0.12607298
0.27700000 0.12606824
0.27695000 0.12606349
0.27690000 0.12605873
0.27685000 0.12605397
0.27680000 0.12604921
0.27675000 0.12604444
0.27670000 0.12603967
0.27665000 0.12603490
0.27660000 0.12603012
0.27655000 0.12602534
0.27650000 0.12602055
0.27645000 0.12601576
0.27640000 0.12601096
0.27635000 0.12600616
0.27630000 0.12600136
0.27625000 0.12599655
0.27620000 0.12599174
0.27615000 0.12598692
0.27610000 0.12598210
0.27605000 0.12597728
0.27600000 0.12597245
0.27595000 0.12596762
0.27590000 0.12596278
0.27585000 0.12595794
0.27580000 0.12595309
0.27575000 0.12594825
0.27570000 0.12594339
0.27565000 0.12593854
0.27560000 0.12593367
0.27555000 0.12592881
0.27550000 0.12592394
0.27545000 0.12591907
0.27540000 0.12591419
0.27535000 0.12590931
0.27530000 0.12590442
0.27525000 0.12589953
0.27520000 0.12589464
0.27515000 0.12588974
0.27510000 0.12588484
0.27505000 0.12587993
0.27500000 0.12587502
0.27495000 0.12587011
0.27490000 0.12586519
0.27485000 0.12586027
0.27480000 0.12585534
0.27475000 0.12585041
0.27470000 0.12584547
0.27465000 0.12584053
0.27460000 0.12583559
0.27455000 0.12583064
0.27450000 0.12582569
0.27445000 0.12582074
0.27440000 0.12581578
0.27435000 0.12581081
0.27430000 0.12580585
0.27425000 0.12580087
0.27420000 0.12579590
0.27415000 0.12579092
0.27410000 0.12578593
0.27405000 0.12578094
0.27400000 0.12577595
0.27395000 0.12577095
0.27390000 0.12576595
0.27385000 0.12576095
0.27380000 0.12575594
0.27375000 0.12575093
0.27370000 0.12574591
0.27365000 0.12574089
0.27360000 0.12573586
0.27355000 0.12573083
0.27350000 0.12572580
0.27345000 0.12572076
0.27340000 0.12571572
0.27335000 0.12571067
0.27330000 0.12570562
0.27325000 0.12570056
0.27320000 0.12569550
0.27315000 0.12569044
0.27310000 0.12568537
0.27305000 0.12568030
0.27300000 0.12567523
0.27295000 0.12567015
0.27290000 0.12566506
0.27285000 0.12565998
0.27280000 0.12565488
0.27275000 0.12564979
0.27270000 0.12564469
0.27265000 0.12563958
0.27260000 0.12563447
0.27255000 0.12562936
0.27250000 0.12562424
0.27245000 0.12561912
0.27240000 0.12561400
0.27235000 0.12560887
0.27230000 0.12560373
0.27225000 0.12559860
0.27220000 0.12559345
0.27215000 0.12558831
0.27210000 0.12558316
0.27205000 0.12557800
0.27200000 0.12557284
0.27195000 0.12556768
0.27190000 0.12556251
0.27185000 0.12555734
0.27180000 0.12555217
0.27175000 0.12554699
0.27170000 0.12554180
0.27165000 0.12553661
0.27160000 0.12553142
0.27155000 0.12552623
0.27150000 0.12552103
0.27145000 0.12551582
0.27140000 0.12551061
0.27135000 0.12550540
0.27130000 0.12550018
0.27125000 0.12549496
0.27120000 0.12548973
0.27115000 0.12548451
0.27110000 0.12547927
0.27105000 0.12547403
0.27100000 0.12546879
0.27095000 0.12546354
0.27090000 0.12545829
0.27085000 0.12545304
0.27080000 0.12544778
0.27075000 0.12544252
0.27070000 0.12543725
0.27065000 0.12543198
0.27060000 0.12542670
0.27055000 0.12542142
0.27050000 0.12541614
0.27045000 0.12541085
0.27040000 0.12540555
0.27035000 0.12540026
0.27030000 0.12539496
0.27025000 0.12538965
0.27020000 0.12538434
0.27015000 0.12537903
0.27010000 0.12537371
0.27005000 0.12536839
0.27000000 0.12536306
0.26995000 0.12535773
0.26990000 0.12535240
0.26985000 0.12534706
0.26980000 0.12534171
0.26975000 0.12533637
0.26970000 0.12533101
0.26965000 0.12532566
0.26960000 0.12532030
0.26955000 0.12531493
0.26950000 0.12530957
0.26945000 0.12530419
0.26940000 0.12529882
0.26935000 0.12529343
0.26930000 0.12528805
0.26925000 0.12528266
0.26920000 0.12527727
0.26915000 0.12527187
0.26910000 0.12526646
0.26905000 0.12526106
0.26900000 0.12525565
0.26895000 0.12525023
0.26890000 0.12524481
0.26885000 0.12523939
0.26880000 0.12523396
0.26875000 0.12522853
0.26870000 0.12522309
0.26865000 0.12521765
0.26860000 0.12521221
0.26855000 0.12520676
0.26850000 0.12520131
0.26845000 0.12519585
0.26840000 0.12519039
0.26835000 0.12518492
0.26830000 0.12517945
0.26825000 0.12517398
0.26820000 0.12516850
0.26815000 0.12516302
0.26810000 0.12515753
0.26805000 0.12515204
0.26800000 0.12514654
0.26795000 0.12514104
0.26790000 0.12513554
0.26785000 0.12513003
0.26780000 0.12512452
0.26775000 0.12511900
0.26770000 0.12511348
0.26765000 0.12510795
0.26760000 0.12510242
0.26755000 0.12509689
0.26750000 0.12509135
0.26745000 0.12508581
0.26740000 0.12508026
0.26735000 0.12507471
0.26730000 0.12506916
0.26725000 0.12506360
0.26720000 0.12505803
0.26715000 0.12505246
0.26710000 0.12504689
0.26705000 0.12504132
0.26700000 0.12503573
0.26695000 0.12503015
0.26690000 0.12502456
0.26685000 0.12501897
0.26680000 0.12501337
0.26675000 0.12500777
0.26670000 0.12500216
0.26665000 0.12499655
0.26660000 0.12499093
0.26655000 0.12498531
0.26650000 0.12497969
0.26645000 0.12497406
0.26640000 0.12496843
0.26635000 0.12496279
0.26630000 0.12495715
0.26625000 0.12495151
0.26620000 0.12494586
0.26615000 0.12494021
0.26610000 0.12493455
0.26605000 0.12492889
0.26600000 0.12492322
0.26595000 0.12491755
0.26590000 0.12491187
0.26585000 0.12490619
0.26580000 0.12490051
0.26575000 0.12489482
0.26570000 0.12488913
0.26565000 0.12488343
0.26560000 0.12487773
0.26555000 0.12487203
0.26550000 0.12486632
0.26545000 0.12486060
0.26540000 0.12485489
0.26535000 0.12484916
0.26530000 0.12484344
0.26525000 0.12483771
0.26520000 0.12483197
0.26515000 0.12482623
0.26510000 0.12482049
0.26505000 0.12481474
0.26500000 0.12480899
0.26495000 0.12480323
0.26490000 0.12479747
0.26485000 0.12479170
0.26480000 0.12478593
0.26475000 0.12478016
0.26470000 0.12477438
0.26465000 0.12476860
0.26460000 0.12476281
0.26455000 0.12475702
0.26450000 0.12475123
0.26445000 0.12474543
0.26440000 0.12473962
0.26435000 0.12473381
0.26430000 0.12472800
0.26425000 0.12472218
0.26420000 0.12471636
0.26415000 0.12471053
0.26410000 0.12470470
0.26405000 0.12469887
0.26400000 0.12469303
0.26395000 0.12468719
0.26390000 0.12468134
0.26385000 0.12467549
0.26380000 0.12466963
0.26375000 0.12466377
0.26370000 0.12465791
0.26365000 0.12465204
0.26360000 0.12464616
0.26355000 0.12464029
0.26350000 0.12463440
0.26345000 0.12462852
0.26340000 0.12462263
0.26335000 0.12461673
0.26330000 0.12461083
0.26325000 0.12460493
0.26320000 0.12459902
0.26315000 0.12459311
0.26310000 0.12458719
0.26305000 0.12458127
0.26300000 0.12457534
0.26295000 0.12456941
0.26290000 0.12456348
0.26285000 0.12455754
0.26280000 0.12455160
0.26275000 0.12454565
0.26270000 0.12453970
0.26265000 0.12453374
0.26260000 0.12452778
0.26255000 0.12452181
0.26250000 0.12451584
0.26245000 0.12450987
0.26240000 0.12450389
0.26235000 0.12449791
0.26230000 0.12449192
0.26225000 0.12448593
0.26220000 0.12447994
0.26215000 0.12447394
0.26210000 0.12446793
0.26205000 0.12446192
0.26200000 0.12445591
0.26195000 0.12444989
0.26190000 0.12444387
0.26185000 0.12443785
0.26180000 0.12443182
0.26175000 0.12442578
0.26170000 0.12441974
0.26165000 0.12441370
0.26160000 0.12440765
0.26155000 0.12440160
0.26150000 0.12439554
0.26145000 0.12438948
0.26140000 0.12438341
0.26135000 0.12437734
0.26130000 0.12437127
0.26125000 0.12436519
0.26120000 0.12435911
0.26115000 0.12435302
0.26110000 0.12434693
0.26105000 0.12434083
0.26100000 0.12433473
0.26095000 0.12432863
0.26090000 0.12432252
0.26085000 0.12431640
0.26080000 0.12431029
0.26075000 0.12430416
0.26070000 0.12429804
0.26065000 0.12429191
0.26060000 0.12428577
0.26055000 0.12427963
0.26050000 0.12427349
0.26045000 0.12426734
0.26040000 0.12426118
0.26035000 0.12425502
0.26030000 0.12424886
0.26025000 0.12424270
0.26020000 0.12423653
0.26015000 0.12423035
0.26010000 0.12422417
0.26005000 0.12421799
0.26000000 0.12421180
0.25995000 0.12420560
0.25990000 0.12419941
0.25985000 0.12419320
0.25980000 0.12418700
0.25975000 0.12418079
0.25970000 0.12417457
0.25965000 0.12416835
0.25960000 0.12416213
0.25955000 0.12415590
0.25950000 0.12414967
0.25945000 0.12414343
0.25940000 0.12413719
0.25935000 0.12413094
0.25930000 0.12412469
0.25925000 0.12411844
0.25920000 0.12411218
0.25915000 0.12410591
0.25910000 0.12409965
0.25905000 0.12409337
0.25900000 0.12408710
0.25895000 0.12408081
0.25890000 0.12407453
0.25885000 0.12406824
0.25880000 0.12406194
0.25875000 0.12405564
0.25870000 0.12404934
0.25865000 0.12404303
0.25860000 0.12403672
0.25855000 0.12403040
0.25850000 0.12402408
0.25845000 0.12401775
0.25840000 0.12401142
0.25835000 0.12400509
0.25830000 0.12399875
0.25825000 0.12399241
0.25820000 0.12398606
0.25815000 0.12397971
0.25810000 0.12397335
0.25805000 0.12396699
0.25800000 0.12396062
0.25795000 0.12395425
0.25790000 0.12394788
0.25785000 0.12394150
0.25780000 0.12393511
0.25775000 0.12392872
0.25770000 0.12392233
0.25765000 0.12391594
0.25760000 0.12390953
0.25755000 0.12390313
0.25750000 0.12389672
0.25745000 0.12389030
0.25740000 0.12388388
0.25735000 0.12387746
0.25730000 0.12387103
0.25725000 0.12386460
0.25720000 0.12385816
0.25715000 0.12385172
0.25710000 0.12384527
0.25705000 0.12383882
0.25700000 0.12383237
0.25695000 0.12382591
0.25690000 0.12381944
0.25685000 0.12381297
0.25680000 0.12380650
0.25675000 0.12380002
0.25670000 0.12379354
0.25665000 0.12378705
0.25660000 0.12378056
0.25655000 0.12377407
0.25650000 0.12376757
0.25645000 0.12376106
0.25640000 0.12375455
0.25635000 0.12374804
0.25630000 0.12374152
0.25625000 0.12373500
0.25620000 0.12372847
0.25615000 0.12372194
0.25610000 0.12371541
0.25605000 0.12370887
0.25600000 0.12370232
0.25595000 0.12369577
0.25590000 0.12368922
0.25585000 0.12368266
0.25580000 0.12367610
0.25575000 0.12366953
0.25570000 0.12366296
0.25565000 0.12365638
0.25560000 0.12364980
0.25555000 0.12364321
0.25550000 0.12363662
0.25545000 0.12363003
0.25540000 0.12362343
0.25535000 0.12361683
0.25530000 0.12361022
0.25525000 0.12360361
0.25520000 0.12359699
0.25515000 0.12359037
0.25510000 0.12358374
0.25505000 0.12357711
0.25500000 0.12357048
0.25495000 0.12356384
0.25490000 0.12355719
0.25485000 0.12355055
0.25480000 0.12354389
0.25475000 0.12353724
0.25470000 0.12353057
0.25465000 0.12352391
0.25460000 0.12351724
0.25455000 0.12351056
0.25450000 0.12350388
0.25445000 0.12349719
0.25440000 0.12349051
0.25435000 0.12348381
0.25430000 0.12347711
0.25425000 0.12347041
0.25420000 0.12346370
0.25415000 0.12345699
0.25410000 0.12345028
0.25405000 0.12344355
0.25400000 0.12343683
0.25395000 0.12343010
0.25390000 0.12342336
0.25385000 0.12341663
0.25380000 0.12340988
0.25375000 0.12340313
0.25370000 0.12339638
0.25365000 0.12338962
0.25360000 0.12338286
0.25355000 0.12337610
0.25350000 0.12336932
0.25345000 0.12336255
0.25340000 0.12335577
0.25335000 0.12334899
0.25330000 0.12334220
0.25325000 0.12333540
0.25320000 0.12332860
0.25315000 0.12332180
0.25310000 0.12331499
0.25305000 0.12330818
0.25300000 0.12330137
0.25295000 0.12329455
0.25290000 0.12328772
0.25285000 0.12328089
0.25280000 0.12327406
0.25275000 0.12326722
0.25270000 0.12326037
0.25265000 0.12325352
0.25260000 0.12324667
0.25255000 0.12323981
0.25250000 0.12323295
0.25245000 0.12322609
0.25240000 0.12321921
0.25235000 0.12321234
0.25230000 0.12320546
0.25225000 0.12319857
0.25220000 0.12319168
0.25215000 0.12318479
0.25210000 0.12317789
0.25205000 0.12317099
0.25200000 0.12316408
0.25195000 0.12315717
0.25190000 0.12315025
0.25185000 0.12314333
0.25180000 0.12313640
0.25175000 0.12312947
0.25170000 0.12312254
0.25165000 0.12311560
0.25160000 0.12310866
0.25155000 0.12310171
0.25150000 0.12309475
0.25145000 0.12308779
0.25140000 0.12308083
0.25135000 0.12307386
0.25130000 0.12306689
0.25125000 0.12305992
0.25120000 0.12305294
0.25115000 0.12304595
0.25110000 0.12303896
0.25105000 0.12303197
0.25100000 0.12302497
0.25095000 0.12301796
0.25090000 0.12301095
0.25085000 0.12300394
0.25080000 0.12299692
0.25075000 0.12298990
0.25070000 0.12298287
0.25065000 0.12297584
0.25060000 0.12296881
0.25055000 0.12296176
0.25050000 0.12295472
0.25045000 0.12294767
0.25040000 0.12294061
0.25035000 0.12293356
0.25030000 0.12292649
0.25025000 0.12291942
0.25020000 0.12291235
0.25015000 0.12290527
0.25010000 0.12289819
0.25005000 0.12289110
0.25000000 0.12288401
0.24995000 0.12287692
0.24990000 0.12286982
0.24985000 0.12286271
0.24980000 0.12285560
0.24975000 0.12284849
0.24970000 0.12284137
0.24965000 0.12283424
0.24960000 0.12282711
0.24955000 0.12281998
0.24950000 0.12281284
0.24945000 0.12280570
0.24940000 0.12279855
0.24935000 0.12279140
0.24930000 0.12278425
0.24925000 0.12277709
0.24920000 0.12276992
0.24915000 0.12276275
0.24910000 0.12275557
0.24905000 0.12274840
0.24900000 0.12274121
0.24895000 0.12273402
0.24890000 0.12272683
0.24885000 0.12271963
0.24880000 0.12271243
0.24875000 0.12270522
0.24870000 0.12269801
0.24865000 0.12269079
0.24860000 0.12268357
0.24855000 0.12267635
0.24850000 0.12266912
0.24845000 0.12266188
0.24840000 0.12265464
0.24835000 0.12264740
0.24830000 0.12264015
0.24825000 0.12263289
0.24820000 0.12262564
0.24815000 0.12261837
0.24810000 0.12261110
0.24805000 0.12260383
0.24800000 0.12259656
0.24795000 0.12258927
0.24790000 0.12258199
0.24785000 0.12257470
0.24780000 0.12256740
0.24775000 0.12256010
0.24770000 0.12255280
0.24765000 0.12254549
0.24760000 0.12253817
0.24755000 0.12253085
0.24750000 0.12252353
0.24745000 0.12251620
0.24740000 0.12250887
0.24735000 0.12250153
0.24730000 0.12249419
0.24725000 0.12248684
0.24720000 0.12247949
0.24715000 0.12247213
0.24710000 0.12246477
0.24705000 0.12245741
0.24700000 0.12245004
0.24695000 0.12244266
0.24690000 0.12243528
0.24685000 0.12242790
0.24680000 0.12242051
0.24675000 0.12241312
0.24670000 0.12240572
0.24665000 0.12239831
0.24660000 0.12239091
0.24655000 0.12238349
0.24650000 0.12237608
0.24645000 0.12236865
0.24640000 0.12236123
0.24635000 0.12235380
0.24630000 0.12234636
0.24625000 0.12233892
0.24620000 0.12233147
0.24615000 0.12232402
0.24610000 0.12231657
0.24605000 0.12230911
0.24600000 0.12230165
0.24595000 0.12229418
0.24590000 0.12228670
0.24585000 0.12227923
0.24580000 0.12227174
0.24575000 0.12226426
0.24570000 0.12225676
0.24565000 0.12224927
0.24560000 0.12224176
0.24555000 0.12223426
0.24550000 0.12222675
0.24545000 0.12221923
0.24540000 0.12221171
0.24535000 0.12220419
0.24530000 0.12219666
0.24525000 0.12218912
0.24520000 0.12218158
0.24515000 0.12217404
0.24510000 0.12216649
0.24505000 0.12215894
0.24500000 0.12215138
0.24495000 0.12214381
0.24490000 0.12213625
0.24485000 0.12212867
0.24480000 0.12212110
0.24475000 0.12211351
0.24470000 0.12210593
0.24465000 0.12209834
0.24460000 0.12209074
0.24455000 0.12208314
0.24450000 0.12207553
0.24445000 0.12206792
0.24440000 0.12206031
0.24435000 0.12205269
0.24430000 0.12204507
0.24425000 0.12203744
0.24420000 0.12202980
0.24415000 0.12202216
0.24410000 0.12201452
0.24405000 0.12200687
0.24400000 0.12199922
0.24395000 0.12199156
0.24390000 0.12198390
0.24385000 0.12197623
0.24380000 0.12196856
0.24375000 0.12196088
0.24370000 0.12195320
0.24365000 0.12194552
0.24360000 0.12193783
0.24355000 0.12193013
0.24350000 0.12192243
0.24345000 0.12191473
0.24340000 0.12190702
0.24335000 0.12189930
0.24330000 0.12189158
0.24325000 0.12188386
0.24320000 0.12187613
0.24315000 0.12186839
0.24310000 0.12186066
0.24305000 0.12185291
0.24300000 0.12184517
0.24295000 0.12183741
0.24290000 0.12182966
0.24285000 0.12182189
0.24280000 0.12181413
0.24275000 0.12180636
0.24270000 0.12179858
0.24265000 0.12179080
0.24260000 0.12178301
0.24255000 0.12177522
0.24250000 0.12176743
0.24245000 0.12175963
0.24240000 0.12175182
0.24235000 0.12174401
0.24230000 0.12173620
0.24225000 0.12172838
0.24220000 0.12172055
0.24215000 0.12171272
0.24210000 0.12170489
0.24205000 0.12169705
0.24200000 0.12168921
0.24195000 0.12168136
0.24190000 0.12167351
0.24185000 0.12166565
0.24180000 0.12165779
0.24175000 0.12164992
0.24170000 0.12164205
0.24165000 0.12163417
0.24160000 0.12162629
0.24155000 0.12161840
0.24150000 0.12161051
0.24145000 0.12160262
0.24140000 0.12159472
0.24135000 0.12158681
0.24130000 0.12157890
0.24125000 0.12157098
0.24120000 0.12156307
0.24115000 0.12155514
0.24110000 0.12154721
0.24105000 0.12153928
0.24100000 0.12153134
0.24095000 0.12152339
0.24090000 0.12151545
0.24085000 0.12150749
0.24080000 0.12149953
0.24075000 0.12149157
0.24070000 0.12148360
0.24065000 0.12147563
0.24060000 0.12146765
0.24055000 0.12145967
0.24050000 0.12145168
0.24045000 0.12144369
0.24040000 0.12143569
0.24035000 0.12142769
0.24030000 0.12141969
0.24025000 0.12141167
0.24020000 0.12140366
0.24015000 0.12139564
0.24010000 0.12138761
0.24005000 0.12137958
0.24000000 0.12137155
0.23995000 0.12136351
0.23990000 0.12135546
0.23985000 0.12134741
0.23980000 0.12133936
0.23975000 0.12133130
0.23970000 0.12132323
0.23965000 0.12131516
0.23960000 0.12130709
0.23955000 0.12129901
0.23950000 0.12129093
0.23945000 0.12128284
0.23940000 0.12127475
0.23935000 0.12126665
0.23930000 0.12125855
0.23925000 0.12125044
0.23920000 0.12124233
0.23915000 0.12123421
0.23910000 0.12122609
0.23905000 0.12121796
0.23900000 0.12120983
0.23895000 0.12120169
0.23890000 0.12119355
0.23885000 0.12118540
0.23880000 0.12117725
0.23875000 0.12116909
0.23870000 0.12116093
0.23865000 0.12115277
0.23860000 0.12114460
0.23855000 0.12113642
0.23850000 0.12112824
0.23845000 0.12112006
0.23840000 0.12111187
0.23835000 0.12110367
0.23830000 0.12109547
0.23825000 0.12108727
0.23820000 0.12107906
0.23815000 0.12107084
0.23810000 0.12106262
0.23805000 0.12105440
0.23800000 0.12104617
0.23795000 0.12103794
0.23790000 0.12102970
0.23785000 0.12102145
0.23780000 0.12101321
0.23775000 0.12100495
0.23770000 0.12099669
0.23765000 0.12098843
0.23760000 0.12098016
0.23755000 0.12097189
0.23750000 0.12096361
0.23745000 0.12095533
0.23740000 0.12094704
0.23735000 0.12093875
0.23730000 0.12093045
0.23725000 0.12092215
0.23720000 0.12091384
0.23715000 0.12090553
0.23710000 0.12089722
0.23705000 0.12088889
0.23700000 0.12088057
0.23695000 0.12087224
0.23690000 0.12086390
0.23685000 0.12085556
0.23680000 0.12084721
0.23675000 0.12083886
0.23670000 0.12083051
0.23665000 0.12082215
0.23660000 0.12081378
0.23655000 0.12080541
0.23650000 0.12079703
0.23645000 0.12078865
0.23640000 0.12078027
0.23635000 0.12077188
0.23630000 0.12076348
0.23625000 0.12075508
0.23620000 0.12074668
0.23615000 0.12073827
0.23610000 0.12072986
0.23605000 0.12072144
0.23600000 0.12071301
0.23595000 0.12070458
0.23590000 0.12069615
0.23585000 0.12068771
0.23580000 0.12067927
0.23575000 0.12067082
0.23570000 0.12066236
0.23565000 0.12065390
0.23560000 0.12064544
0.23555000 0.12063697
0.23550000 0.12062850
0.23545000 0.12062002
0.23540000 0.12061154
0.23535000 0.12060305
0.23530000 0.12059456
0.23525000 0.12058606
0.23520000 0.12057756
0.23515000 0.12056905
0.23510000 0.12056053
0.23505000 0.12055202
0.23500000 0.12054349
0.23495000 0.12053497
0.23490000 0.12052643
0.23485000 0.12051790
0.23480000 0.12050935
0.23475000 0.12050081
0.23470000 0.12049226
0.23465000 0.12048370
0.23460000 0.12047514
0.23455000 0.12046657
0.23450000 0.12045800
0.23445000 0.12044942
0.23440000 0.12044084
0.23435000 0.12043225
0.23430000 0.12042366
0.23425000 0.12041506
0.23420000 0.12040646
0.23415000 0.12039786
0.23410000 0.12038924
0.23405000 0.12038063
0.23400000 0.12037201
0.23395000 0.12036338
0.23390000 0.12035475
0.23385000 0.12034611
0.23380000 0.12033747
0.23375000 0.12032883
0.23370000 0.12032017
0.23365000 0.12031152
0.23360000 0.12030286
0.23355000 0.12029419
0.23350000 0.12028552
0.23345000 0.12027685
0.23340000 0.12026816
0.23335000 0.12025948
0.23330000 0.12025079
0.23325000 0.12024209
0.23320000 0.12023339
0.23315000 0.12022469
0.23310000 0.12021598
0.23305000 0.12020726
0.23300000 0.12019854
0.23295000 0.12018982
0.23290000 0.12018109
0.23285000 0.12017235
0.23280000 0.12016361
0.23275000 0.12015486
0.23270000 0.12014611
0.23265000 0.12013736
0.23260000 0.12012860
0.23255000 0.12011983
0.23250000 0.12011106
0.23245000 0.12010229
0.23240000 0.12009351
0.23235000 0.12008472
0.23230000 0.12007593
0.23225000 0.12006714
0.23220000 0.12005834
0.23215000 0.12004953
0.23210000 0.12004072
0.23205000 0.12003191
0.23200000 0.12002309
0.23195000 0.12001426
0.23190000 0.12000543
0.23185000 0.11999660
0.23180000 0.11998776
0.23175000 0.11997891
0.23170000 0.11997006
0.23165000 0.11996121
0.23160000 0.11995235
0.23155000 0.11994348
0.23150000 0.11993462
0.23145000 0.11992574
0.23140000 0.11991686
0.23135000 0.11990798
0.23130000 0.11989909
0.23125000 0.11989019
0.23120000 0.11988129
0.23115000 0.11987239
0.23110000 0.11986348
0.23105000 0.11985456
0.23100000 0.11984564
0.23095000 0.11983672
0.23090000 0.11982779
0.23085000 0.11981885
0.23080000 0.11980991
0.23075000 0.11980097
0.23070000 0.11979202
0.23065000 0.11978306
0.23060000 0.11977410
0.23055000 0.11976514
0.23050000 0.11975617
0.23045000 0.11974719
0.23040000 0.11973821
0.23035000 0.11972923
0.23030000 0.11972024
0.23025000 0.11971124
0.23020000 0.11970224
0.23015000 0.11969324
0.23010000 0.11968423
0.23005000 0.11967521
0.23000000 0.11966619
0.22995000 0.11965717
0.22990000 0.11964814
0.22985000 0.11963910
0.22980000 0.11963006
0.22975000 0.11962102
0.22970000 0.11961197
0.22965000 0.11960291
0.22960000 0.11959385
0.22955000 0.11958478
0.22950000 0.11957571
0.22945000 0.11956664
0.22940000 0.11955756
0.22935000 0.11954847
0.22930000 0.11953938
0.22925000 0.11953029
0.22920000 0.11952119
0.22915000 0.11951208
0.22910000 0.11950297
0.22905000 0.11949385
0.22900000 0.11948473
0.22895000 0.11947561
0.22890000 0.11946647
0.22885000 0.11945734
0.22880000 0.11944820
0.22875000 0.11943905
0.22870000 0.11942990
0.22865000 0.11942074
0.22860000 0.11941158
0.22855000 0.11940242
0.22850000 0.11939324
0.22845000 0.11938407
0.22840000 0.11937489
0.22835000 0.11936570
0.22830000 0.11935651
0.22825000 0.11934731
0.22820000 0.11933811
0.22815000 0.11932890
0.22810000 0.11931969
0.22805000 0.11931047
0.22800000 0.11930125
0.22795000 0.11929202
0.22790000 0.11928279
0.22785000 0.11927356
0.22780000 0.11926431
0.22775000 0.11925507
0.22770000 0.11924581
0.22765000 0.11923656
0.22760000 0.11922729
0.22755000 0.11921803
0.22750000 0.11920875
0.22745000 0.11919947
0.22740000 0.11919019
0.22735000 0.11918090
0.22730000 0.11917161
0.22725000 0.11916231
0.22720000 0.11915301
0.22715000 0.11914370
0.22710000 0.11913439
0.22705000 0.11912507
0.22700000 0.11911574
0.22695000 0.11910642
0.22690000 0.11909708
0.22685000 0.11908774
0.22680000 0.11907840
0.22675000 0.11906905
0.22670000 0.11905970
0.22665000 0.11905034
0.22660000 0.11904097
0.22655000 0.11903160
0.22650000 0.11902223
0.22645000 0.11901285
0.22640000 0.11900346
0.22635000 0.11899407
0.22630000 0.11898468
0.22625000 0.11897528
0.22620000 0.11896587
0.22615000 0.11895646
0.22610000 0.11894705
0.22605000 0.11893763
0.22600000 0.11892820
0.22595000 0.11891877
0.22590000 0.11890934
0.22585000 0.11889989
0.22580000 0.11889045
0.22575000 0.11888100
0.22570000 0.11887154
0.22565000 0.11886208
0.22560000 0.11885261
0.22555000 0.11884314
0.22550000 0.11883367
0.22545000 0.11882418
0.22540000 0.11881470
0.22535000 0.11880520
0.22530000 0.11879571
0.22525000 0.11878620
0.22520000 0.11877670
0.22515000 0.11876718
0.22510000 0.11875767
0.22505000 0.11874814
0.22500000 0.11873862
0.22495000 0.11872908
0.22490000 0.11871954
0.22485000 0.11871000
0.22480000 0.11870045
0.22475000 0.11869090
0.22470000 0.11868134
0.22465000 0.11867178
0.22460000 0.11866221
0.22455000 0.11865263
0.22450000 0.11864305
0.22445000 0.11863347
0.22440000 0.11862388
0.22435000 0.11861429
0.22430000 0.11860469
0.22425000 0.11859508
0.22420000 0.11858547
0.22415000 0.11857585
0.22410000 0.11856623
0.22405000 0.11855661
0.22400000 0.11854698
0.22395000 0.11853734
0.22390000 0.11852770
0.22385000 0.11851805
0.22380000 0.11850840
0.22375000 0.11849875
0.22370000 0.11848909
0.22365000 0.11847942
0.22360000 0.11846975
0.22355000 0.11846007
0.22350000 0.11845039
0.22345000 0.11844070
0.22340000 0.11843101
0.22335000 0.11842131
0.22330000 0.11841161
0.22325000 0.11840190
0.22320000 0.11839218
0.22315000 0.11838247
0.22310000 0.11837274
0.22305000 0.11836301
0.22300000 0.11835328
0.22295000 0.11834354
0.22290000 0.11833380
0.22285000 0.11832405
0.22280000 0.11831429
0.22275000 0.11830453
0.22270000 0.11829477
0.22265000 0.11828500
0.22260000 0.11827522
0.22255000 0.11826544
0.22250000 0.11825566
0.22245000 0.11824587
0.22240000 0.11823607
0.22235000 0.11822627
0.22230000 0.11821646
0.22225000 0.11820665
0.22220000 0.11819683
0.22215000 0.11818701
0.22210000 0.11817718
0.22205000 0.11816735
0.22200000 0.11815751
0.22195000 0.11814767
0.22190000 0.11813782
0.22185000 0.11812797
0.22180000 0.11811811
0.22175000 0.11810825
0.22170000 0.11809838
0.22165000 0.11808851
0.22160000 0.11807863
0.22155000 0.11806874
0.22150000 0.11805885
0.22145000 0.11804896
0.22140000 0.11803906
0.22135000 0.11802915
0.22130000 0.11801924
0.22125000 0.11800933
0.22120000 0.11799941
0.22115000 0.11798948
0.22110000 0.11797955
0.22105000 0.11796961
0.22100000 0.11795967
0.22095000 0.11794973
0.22090000 0.11793977
0.22085000 0.11792982
0.22080000 0.11791985
0.22075000 0.11790989
0.22070000 0.11789991
0.22065000 0.11788993
0.22060000 0.11787995
0.22055000 0.11786996
0.22050000 0.11785997
0.22045000 0.11784997
0.22040000 0.11783997
0.22035000 0.11782996
0.22030000 0.11781994
0.22025000 0.11780992
0.22020000 0.11779990
0.22015000 0.11778987
0.22010000 0.11777983
0.22005000 0.11776979
0.22000000 0.11775975
0.21995000 0.11774969
0.21990000 0.11773964
0.21985000 0.11772958
0.21980000 0.11771951
0.21975000 0.11770944
0.21970000 0.11769936
0.21965000 0.11768928
0.21960000 0.11767919
0.21955000 0.11766910
0.21950000 0.11765900
0.21945000 0.11764889
0.21940000 0.11763879
0.21935000 0.11762867
0.21930000 0.11761855
0.21925000 0.11760843
0.21920000 0.11759830
0.21915000 0.11758816
0.21910000 0.11757802
0.21905000 0.11756788
0.21900000 0.11755773
0.21895000 0.11754757
0.21890000 0.11753741
0.21885000 0.11752724
0.21880000 0.11751707
0.21875000 0.11750689
0.21870000 0.11749671
0.21865000 0.11748652
0.21860000 0.11747633
0.21855000 0.11746613
0.21850000 0.11745593
0.21845000 0.11744572
0.21840000 0.11743551
0.21835000 0.11742529
0.21830000 0.11741506
0.21825000 0.11740483
0.21820000 0.11739460
0.21815000 0.11738436
0.21810000 0.11737411
0.21805000 0.11736386
0.21800000 0.11735361
0.21795000 0.11734335
0.21790000 0.11733308
0.21785000 0.11732281
0.21780000 0.11731253
0.21775000 0.11730225
0.21770000 0.11729196
0.21765000 0.11728167
0.21760000 0.11727137
0.21755000 0.11726107
0.21750000 0.11725076
0.21745000 0.11724044
0.21740000 0.11723012
0.21735000 0.11721980
0.21730000 0.11720947
0.21725000 0.11719913
0.21720000 0.11718879
0.21715000 0.11717845
0.21710000 0.11716810
0.21705000 0.11715774
0.21700000 0.11714738
0.21695000 0.11713701
0.21690000 0.11712664
0.21685000 0.11711626
0.21680000 0.11710588
0.21675000 0.11709549
0.21670000 0.11708510
0.21665000 0.11707470
0.21660000 0.11706430
0.21655000 0.11705389
0.21650000 0.11704347
0.21645000 0.11703305
0.21640000 0.11702263
0.21635000 0.11701220
0.21630000 0.11700176
0.21625000 0.11699132
0.21620000 0.11698087
0.21615000 0.11697042
0.21610000 0.11695996
0.21605000 0.11694950
0.21600000 0.11693903
0.21595000 0.11692856
0.21590000 0.11691808
0.21585000 0.11690760
0.21580000 0.11689711
0.21575000 0.11688662
0.21570000 0.11687612
0.21565000 0.11686561
0.21560000 0.11685510
0.21555000 0.11684459
0.21550000 0.11683407
0.21545000 0.11682354
0.21540000 0.11681301
0.21535000 0.11680247
0.21530000 0.11679193
0.21525000 0.11678138
0.21520000 0.11677083
0.21515000 0.11676027
0.21510000 0.11674971
0.21505000 0.11673914
0.21500000 0.11672856
0.21495000 0.11671798
0.21490000 0.11670740
0.21485000 0.11669681
0.21480000 0.11668621
0.21475000 0.11667561
0.21470000 0.11666501
0.21465000 0.11665440
0.21460000 0.11664378
0.21455000 0.11663316
0.21450000 0.11662253
0.21445000 0.11661190
0.21440000 0.11660126
0.21435000 0.11659062
0.21430000 0.11657997
0.21425000 0.11656931
0.21420000 0.11655865
0.21415000 0.11654799
0.21410000 0.11653732
0.21405000 0.11652664
0.21400000 0.11651596
0.21395000 0.11650528
0.21390000 0.11649458
0.21385000 0.11648389
0.21380000 0.11647319
0.21375000 0.11646248
0.21370000 0.11645176
0.21365000 0.11644105
0.21360000 0.11643032
0.21355000 0.11641959
0.21350000 0.11640886
0.21345000 0.11639812
0.21340000 0.11638737
0.21335000 0.11637662
0.21330000 0.11636587
0.21325000 0.11635511
0.21320000 0.11634434
0.21315000 0.11633357
0.21310000 0.11632279
0.21305000 0.11631201
0.21300000 0.11630122
0.21295000 0.11629043
0.21290000 0.11627963
0.21285000 0.11626882
0.21280000 0.11625801
0.21275000 0.11624720
0.21270000 0.11623638
0.21265000 0.11622555
0.21260000 0.11621472
0.21255000 0.11620388
0.21250000 0.11619304
0.21245000 0.11618220
0.21240000 0.11617134
0.21235000 0.11616048
0.21230000 0.11614962
0.21225000 0.11613875
0.21220000 0.11612788
0.21215000 0.11611700
0.21210000 0.11610611
0.21205000 0.11609522
0.21200000 0.11608433
0.21195000 0.11607343
0.21190000 0.11606252
0.21185000 0.11605161
0.21180000 0.11604069
0.21175000 0.11602977
0.21170000 0.11601884
0.21165000 0.11600791
0.21160000 0.11599697
0.21155000 0.11598602
0.21150000 0.11597507
0.21145000 0.11596412
0.21140000 0.11595316
0.21135000 0.11594219
0.21130000 0.11593122
0.21125000 0.11592024
0.21120000 0.11590926
0.21115000 0.11589827
0.21110000 0.11588728
0.21105000 0.11587628
0.21100000 0.11586528
0.21095000 0.11585427
0.21090000 0.11584326
0.21085000 0.11583224
0.21080000 0.11582121
0.21075000 0.11581018
0.21070000 0.11579914
0.21065000 0.11578810
0.21060000 0.11577705
0.21055000 0.11576600
0.21050000 0.11575494
0.21045000 0.11574388
0.21040000 0.11573281
0.21035000 0.11572174
0.21030000 0.11571066
0.21025000 0.11569957
0.21020000 0.11568848
0.21015000 0.11567739
0.21010000 0.11566629
0.21005000 0.11565518
0.21000000 0.11564407
0.20995000 0.11563295
0.20990000 0.11562183
0.20985000 0.11561070
0.20980000 0.11559956
0.20975000 0.11558842
0.20970000 0.11557728
0.20965000 0.11556613
0.20960000 0.11555497
0.20955000 0.11554381
0.20950000 0.11553265
0.20945000 0.11552147
0.20940000 0.11551030
0.20935000 0.11549911
0.20930000 0.11548793
0.20925000 0.11547673
0.20920000 0.11546553
0.20915000 0.11545433
0.20910000 0.11544312
0.20905000 0.11543190
0.20900000 0.11542068
0.20895000 0.11540946
0.20890000 0.11539822
0.20885000 0.11538699
0.20880000 0.11537574
0.20875000 0.11536449
0.20870000 0.11535324
0.20865000 0.11534198
0.20860000 0.11533072
0.20855000 0.11531945
0.20850000 0.11530817
0.20845000 0.11529689
0.20840000 0.11528560
0.20835000 0.11527431
0.20830000 0.11526301
0.20825000 0.11525171
0.20820000 0.11524040
0.20815000 0.11522909
0.20810000 0.11521777
0.20805000 0.11520645
0.20800000 0.11519512
0.20795000 0.11518378
0.20790000 0.11517244
0.20785000 0.11516109
0.20780000 0.11514974
0.20775000 0.11513838
0.20770000 0.11512702
0.20765000 0.11511565
0.20760000 0.11510428
0.20755000 0.11509290
0.20750000 0.11508151
0.20745000 0.11507012
0.20740000 0.11505873
0.20735000 0.11504732
0.20730000 0.11503592
0.20725000 0.11502451
0.20720000 0.11501309
0.20715000 0.11500166
0.20710000 0.11499024
0.20705000 0.11497880
0.20700000 0.11496736
0.20695000 0.11495592
0.20690000 0.11494447
0.20685000 0.11493301
0.20680000 0.11492155
0.20675000 0.11491008
0.20670000 0.11489861
0.20665000 0.11488713
0.20660000 0.11487565
0.20655000 0.11486416
0.20650000 0.11485266
0.20645000 0.11484116
0.20640000 0.11482966
0.20635000 0.11481814
0.20630000 0.11480663
0.20625000 0.11479510
0.20620000 0.11478358
0.20615000 0.11477204
0.20610000 0.11476051
0.20605000 0.11474896
0.20600000 0.11473741
0.20595000 0.11472586
0.20590000 0.11471429
0.20585000 0.11470273
0.20580000 0.11469116
0.20575000 0.11467958
0.20570000 0.11466800
0.20565000 0.11465641
0.20560000 0.11464481
0.20555000 0.11463321
0.20550000 0.11462161
0.20545000 0.11461000
0.20540000 0.11459838
0.20535000 0.11458676
0.20530000 0.11457513
0.20525000 0.11456350
0.20520000 0.11455186
0.20515000 0.11454022
0.20510000 0.11452857
0.20505000 0.11451692
0.20500000 0.11450526
0.20495000 0.11449359
0.20490000 0.11448192
0.20485000 0.11447024
0.20480000 0.11445856
0.20475000 0.11444687
0.20470000 0.11443518
0.20465000 0.11442348
0.20460000 0.11441178
0.20455000 0.11440007
0.20450000 0.11438835
0.20445000 0.11437663
0.20440000 0.11436490
0.20435000 0.11435317
0.20430000 0.11434143
0.20425000 0.11432969
0.20420000 0.11431794
0.20415000 0.11430619
0.20410000 0.11429443
0.20405000 0.11428266
0.20400000 0.11427089
0.20395000 0.11425911
0.20390000 0.11424733
0.20385000 0.11423554
0.20380000 0.11422375
0.20375000 0.11421195
0.20370000 0.11420015
0.20365000 0.11418834
0.20360000 0.11417652
0.20355000 0.11416470
0.20350000 0.11415287
0.20345000 0.11414104
0.20340000 0.11412920
0.20335000 0.11411736
0.20330000 0.11410551
0.20325000 0.11409366
0.20320000 0.11408180
0.20315000 0.11406993
0.20310000 0.11405806
0.20305000 0.11404619
0.20300000 0.11403430
0.20295000 0.11402242
0.20290000 0.11401052
0.20285000 0.11399862
0.20280000 0.11398672
0.20275000 0.11397481
0.20270000 0.11396289
0.20265000 0.11395097
0.20260000 0.11393905
0.20255000 0.11392711
0.20250000 0.11391518
0.20245000 0.11390323
0.20240000 0.11389128
0.20235000 0.11387933
0.20230000 0.11386737
0.20225000 0.11385540
0.20220000 0.11384343
0.20215000 0.11383145
0.20210000 0.11381947
0.20205000 0.11380748
0.20200000 0.11379549
0.20195000 0.11378349
0.20190000 0.11377149
0.20185000 0.11375947
0.20180000 0.11374746
0.20175000 0.11373544
0.20170000 0.11372341
0.20165000 0.11371138
0.20160000 0.11369934
0.20155000 0.11368729
0.20150000 0.11367524
0.20145000 0.11366319
0.20140000 0.11365113
0.20135000 0.11363906
0.20130000 0.11362699
0.20125000 0.11361491
0.20120000 0.11360283
0.20115000 0.11359074
0.20110000 0.11357865
0.20105000 0.11356655
0.20100000 0.11355444
0.20095000 0.11354233
0.20090000 0.11353021
0.20085000 0.11351809
0.20080000 0.11350596
0.20075000 0.11349383
0.20070000 0.11348169
0.20065000 0.11346954
0.20060000 0.11345739
0.20055000 0.11344524
0.20050000 0.11343308
0.20045000 0.11342091
0.20040000 0.11340873
0.20035000 0.11339656
0.20030000 0.11338437
0.20025000 0.11337218
0.20020000 0.11335999
0.20015000 0.11334779
0.20010000 0.11333558
0.20005000 0.11332337
0.20000000 0.11331115
0.19995000 0.11329892
0.19990000 0.11328670
0.19985000 0.11327446
0.19980000 0.11326222
0.19975000 0.11324997
0.19970000 0.11323772
0.19965000 0.11322546
0.19960000 0.11321320
0.19955000 0.11320093
0.19950000 0.11318866
0.19945000 0.11317638
0.19940000 0.11316409
0.19935000 0.11315180
0.19930000 0.11313951
0.19925000 0.11312720
0.19920000 0.11311489
0.19915000 0.11310258
0.19910000 0.11309026
0.19905000 0.11307794
0.19900000 0.11306561
0.19895000 0.11305327
0.19890000 0.11304093
0.19885000 0.11302858
0.19880000 0.11301623
0.19875000 0.11300387
0.19870000 0.11299150
0.19865000 0.11297913
0.19860000 0.11296676
0.19855000 0.11295437
0.19850000 0.11294199
0.19845000 0.11292959
0.19840000 0.11291720
0.19835000 0.11290479
0.19830000 0.11289238
0.19825000 0.11287997
0.19820000 0.11286755
0.19815000 0.11285512
0.19810000 0.11284269
0.19805000 0.11283025
0.19800000 0.11281780
0.19795000 0.11280535
0.19790000 0.11279290
0.19785000 0.11278044
0.19780000 0.11276797
0.19775000 0.11275550
0.19770000 0.11274302
0.19765000 0.11273054
0.19760000 0.11271805
0.19755000 0.11270555
0.19750000 0.11269305
0.19745000 0.11268055
0.19740000 0.11266804
0.19735000 0.11265552
0.19730000 0.11264300
0.19725000 0.11263047
0.19720000 0.11261793
0.19715000 0.11260539
0.19710000 0.11259285
0.19705000 0.11258029
0.19700000 0.11256774
0.19695000 0.11255517
0.19690000 0.11254261
0.19685000 0.11253003
0.19680000 0.11251745
0.19675000 0.11250486
0.19670000 0.11249227
0.19665000 0.11247968
0.19660000 0.11246707
0.19655000 0.11245447
0.19650000 0.11244185
0.19645000 0.11242923
0.19640000 0.11241661
0.19635000 0.11240397
0.19630000 0.11239134
0.19625000 0.11237869
0.19620000 0.11236605
0.19615000 0.11235339
0.19610000 0.11234073
0.19605000 0.11232807
0.19600000 0.11231540
0.19595000 0.11230272
0.19590000 0.11229004
0.19585000 0.11227735
0.19580000 0.11226465
0.19575000 0.11225195
0.19570000 0.11223925
0.19565000 0.11222654
0.19560000 0.11221382
0.19555000 0.11220110
0.19550000 0.11218837
0.19545000 0.11217564
0.19540000 0.11216290
0.19535000 0.11215015
0.19530000 0.11213740
0.19525000 0.11212464
0.19520000 0.11211188
0.19515000 0.11209911
0.19510000 0.11208634
0.19505000 0.11207356
0.19500000 0.11206077
0.19495000 0.11204798
0.19490000 0.11203519
0.19485000 0.11202238
0.19480000 0.11200957
0.19475000 0.11199676
0.19470000 0.11198394
0.19465000 0.11197112
0.19460000 0.11195828
0.19455000 0.11194545
0.19450000 0.11193260
0.19445000 0.11191976
0.19440000 0.11190690
0.19435000 0.11189404
0.19430000 0.11188118
0.19425000 0.11186831
0.19420000 0.11185543
0.19415000 0.11184255
0.19410000 0.11182966
0.19405000 0.11181676
0.19400000 0.11180386
0.19395000 0.11179096
0.19390000 0.11177804
0.19385000 0.11176513
0.19380000 0.11175220
0.19375000 0.11173928
0.19370000 0.11172634
0.19365000 0.11171340
0.19360000 0.11170046
0.19355000 0.11168750
0.19350000 0.11167455
0.19345000 0.11166158
0.19340000 0.11164861
0.19335000 0.11163564
0.19330000 0.11162266
0.19325000 0.11160967
0.19320000 0.11159668
0.19315000 0.11158368
0.19310000 0.11157068
0.19305000 0.11155767
0.19300000 0.11154465
0.19295000 0.11153163
0.19290000 0.11151861
0.19285000 0.11150558
0.19280000 0.11149254
0.19275000 0.11147949
0.19270000 0.11146644
0.19265000 0.11145339
0.19260000 0.11144033
0.19255000 0.11142726
0.19250000 0.11141419
0.19245000 0.11140111
0.19240000 0.11138802
0.19235000 0.11137493
0.19230000 0.11136184
0.19225000 0.11134874
0.19220000 0.11133563
0.19215000 0.11132252
0.19210000 0.11130940
0.19205000 0.11129627
0.19200000 0.11128314
0.19195000 0.11127001
0.19190000 0.11125687
0.19185000 0.11124372
0.19180000 0.11123056
0.19175000 0.11121740
0.19170000 0.11120424
0.19165000 0.11119107
0.19160000 0.11117789
0.19155000 0.11116471
0.19150000 0.11115152
0.19145000 0.11113833
0.19140000 0.11112513
0.19135000 0.11111192
0.19130000 0.11109871
0.19125000 0.11108549
0.19120000 0.11107227
0.19115000 0.11105904
0.19110000 0.11104581
0.19105000 0.11103257
0.19100000 0.11101932
0.19095000 0.11100607
0.19090000 0.11099281
0.19085000 0.11097955
0.19080000 0.11096628
0.19075000 0.11095300
0.19070000 0.11093972
0.19065000 0.11092644
0.19060000 0.11091314
0.19055000 0.11089984
0.19050000 0.11088654
0.19045000 0.11087323
0.19040000 0.11085991
0.19035000 0.11084659
0.19030000 0.11083327
0.19025000 0.11081993
0.19020000 0.11080659
0.19015000 0.11079325
0.19010000 0.11077990
0.19005000 0.11076654
0.19000000 0.11075318
0.18995000 0.11073981
0.18990000 0.11072644
0.18985000 0.11071306
0.18980000 0.11069967
0.18975000 0.11068628
0.18970000 0.11067288
0.18965000 0.11065948
0.18960000 0.11064607
0.18955000 0.11063266
0.18950000 0.11061924
0.18945000 0.11060581
0.18940000 0.11059238
0.18935000 0.11057894
0.18930000 0.11056550
0.18925000 0.11055205
0.18920000 0.11053859
0.18915000 0.11052513
0.18910000 0.11051166
0.18905000 0.11049819
0.18900000 0.11048471
0.18895000 0.11047123
0.18890000 0.11045774
0.18885000 0.11044424
0.18880000 0.11043074
0.18875000 0.11041723
0.18870000 0.11040372
0.18865000 0.11039020
0.18860000 0.11037667
0.18855000 0.11036314
0.18850000 0.11034960
0.18845000 0.11033606
0.18840000 0.11032251
0.18835000 0.11030896
0.18830000 0.11029540
0.18825000 0.11028183
0.18820000 0.11026826
0.18815000 0.11025468
0.18810000 0.11024110
0.18805000 0.11022751
0.18800000 0.11021391
0.18795000 0.11020031
0.18790000 0.11018670
0.18785000 0.11017309
0.18780000 0.11015947
0.18775000 0.11014584
0.18770000 0.11013221
0.18765000 0.11011858
0.18760000 0.11010493
0.18755000 0.11009129
0.18750000 0.11007763
0.18745000 0.11006397
0.18740000 0.11005031
0.18735000 0.11003663
0.18730000 0.11002296
0.18725000 0.11000927
0.18720000 0.10999558
0.18715000 0.10998189
0.18710000 0.10996819
0.18705000 0.10995448
0.18700000 0.10994077
0.18695000 0.10992705
0.18690000 0.10991332
0.18685000 0.10989959
0.18680000 0.10988586
0.18675000 0.10987212
0.18670000 0.10985837
0.18665000 0.10984461
0.18660000 0.10983085
0.18655000 0.10981709
0.18650000 0.10980332
0.18645000 0.10978954
0.18640000 0.10977576
0.18635000 0.10976197
0.18630000 0.10974817
0.18625000 0.10973437
0.18620000 0.10972056
0.18615000 0.10970675
0.18610000 0.10969293
0.18605000 0.10967911
0.18600000 0.10966528
0.18595000 0.10965144
0.18590000 0.10963760
0.18585000 0.10962375
0.18580000 0.10960990
0.18575000 0.10959604
0.18570000 0.10958217
0.18565000 0.10956830
0.18560000 0.10955442
0.18555000 0.10954054
0.18550000 0.10952665
0.18545000 0.10951275
0.18540000 0.10949885
0.18535000 0.10948495
0.18530000 0.10947103
0.18525000 0.10945711
0.18520000 0.10944319
0.18515000 0.10942926
0.18510000 0.10941532
0.18505000 0.10940138
0.18500000 0.10938743
0.18495000 0.10937348
0.18490000 0.10935952
0.18485000 0.10934555
0.18480000 0.10933158
0.18475000 0.10931760
0.18470000 0.10930362
0.18465000 0.10928963
0.18460000 0.10927563
0.18455000 0.10926163
0.18450000 0.10924762
0.18445000 0.10923361
0.18440000 0.10921959
0.18435000 0.10920557
0.18430000 0.10919153
0.18425000 0.10917750
0.18420000 0.10916345
0.18415000 0.10914941
0.18410000 0.10913535
0.18405000 0.10912129
0.18400000 0.10910722
0.18395000 0.10909315
0.18390000 0.10907907
0.18385000 0.10906499
0.18380000 0.10905090
0.18375000 0.10903680
0.18370000 0.10902270
0.18365000 0.10900859
0.18360000 0.10899448
0.18355000 0.10898036
0.18350000 0.10896623
0.18345000 0.10895210
0.18340000 0.10893796
0.18335000 0.10892382
0.18330000 0.10890967
0.18325000 0.10889551
0.18320000 0.10888135
0.18315000 0.10886718
0.18310000 0.10885301
0.18305000 0.10883883
0.18300000 0.10882464
0.18295000 0.10881045
0.18290000 0.10879626
0.18285000 0.10878205
0.18280000 0.10876784
0.18275000 0.10875363
0.18270000 0.10873941
0.18265000 0.10872518
0.18260000 0.10871095
0.18255000 0.10869671
0.18250000 0.10868246
0.18245000 0.10866821
0.18240000 0.10865396
0.18235000 0.10863969
0.18230000 0.10862543
0.18225000 0.10861115
0.18220000 0.10859687
0.18215000 0.10858258
0.18210000 0.10856829
0.18205000 0.10855399
0.18200000 0.10853969
0.18195000 0.10852538
0.18190000 0.10851106
0.18185000 0.10849674
0.18180000 0.10848241
0.18175000 0.10846808
0.18170000 0.10845374
0.18165000 0.10843939
0.18160000 0.10842504
0.18155000 0.10841068
0.18150000 0.10839632
0.18145000 0.10838195
0.18140000 0.10836757
0.18135000 0.10835319
0.18130000 0.10833880
0.18125000 0.10832441
0.18120000 0.10831001
0.18115000 0.10829560
0.18110000 0.10828119
0.18105000 0.10826677
0.18100000 0.10825235
0.18095000 0.10823792
0.18090000 0.10822348
0.18085000 0.10820904
0.18080000 0.10819460
0.18075000 0.10818014
0.18070000 0.10816568
0.18065000 0.10815122
0.18060000 0.10813675
0.18055000 0.10812227
0.18050000 0.10810778
0.18045000 0.10809329
0.18040000 0.10807880
0.18035000 0.10806430
0.18030000 0.10804979
0.18025000 0.10803528
0.18020000 0.10802076
0.18015000 0.10800623
0.18010000 0.10799170
0.18005000 0.10797716
0.18000000 0.10796262
0.17995000 0.10794807
0.17990000 0.10793351
0.17985000 0.10791895
0.17980000 0.10790439
0.17975000 0.10788981
0.17970000 0.10787523
0.17965000 0.10786065
0.17960000 0.10784606
0.17955000 0.10783146
0.17950000 0.10781686
0.17945000 0.10780225
0.17940000 0.10778763
0.17935000 0.10777301
0.17930000 0.10775838
0.17925000 0.10774375
0.17920000 0.10772911
0.17915000 0.10771446
0.17910000 0.10769981
0.17905000 0.10768515
0.17900000 0.10767049
0.17895000 0.10765582
0.17890000 0.10764115
0.17885000 0.10762646
0.17880000 0.10761178
0.17875000 0.10759708
0.17870000 0.10758238
0.17865000 0.10756768
0.17860000 0.10755297
0.17855000 0.10753825
0.17850000 0.10752353
0.17845000 0.10750880
0.17840000 0.10749406
0.17835000 0.10747932
0.17830000 0.10746457
0.17825000 0.10744982
0.17820000 0.10743506
0.17815000 0.10742029
0.17810000 0.10740552
0.17805000 0.10739074
0.17800000 0.10737596
0.17795000 0.10736117
0.17790000 0.10734637
0.17785000 0.10733157
0.17780000 0.10731676
0.17775000 0.10730195
0.17770000 0.10728713
0.17765000 0.10727230
0.17760000 0.10725747
0.17755000 0.10724263
0.17750000 0.10722779
0.17745000 0.10721294
0.17740000 0.10719808
0.17735000 0.10718322
0.17730000 0.10716835
0.17725000 0.10715347
0.17720000 0.10713859
0.17715000 0.10712371
0.17710000 0.10710881
0.17705000 0.10709392
0.17700000 0.10707901
0.17695000 0.10706410
0.17690000 0.10704918
0.17685000 0.10703426
0.17680000 0.10701933
0.17675000 0.10700440
0.17670000 0.10698946
0.17665000 0.10697451
0.17660000 0.10695956
0.17655000 0.10694460
0.17650000 0.10692963
0.17645000 0.10691466
0.17640000 0.10689968
0.17635000 0.10688470
0.17630000 0.10686971
0.17625000 0.10685471
0.17620000 0.10683971
0.17615000 0.10682471
0.17610000 0.10680969
0.17605000 0.10679467
0.17600000 0.10677965
0.17595000 0.10676461
0.17590000 0.10674958
0.17585000 0.10673453
0.17580000 0.10671948
0.17575000 0.10670443
0.17570000 0.10668936
0.17565000 0.10667430
0.17560000 0.10665922
0.17555000 0.10664414
0.17550000 0.10662905
0.17545000 0.10661396
0.17540000 0.10659886
0.17535000 0.10658376
0.17530000 0.10656865
0.17525000 0.10655353
0.17520000 0.10653841
0.17515000 0.10652328
0.17510000 0.10650814
0.17505000 0.10649300
0.17500000 0.10647786
0.17495000 0.10646270
0.17490000 0.10644754
0.17485000 0.10643238
0.17480000 0.10641721
0.17475000 0.10640203
0.17470000 0.10638684
0.17465000 0.10637165
0.17460000 0.10635646
0.17455000 0.10634126
0.17450000 0.10632605
0.17445000 0.10631083
0.17440000 0.10629561
0.17435000 0.10628039
0.17430000 0.10626516
0.17425000 0.10624992
0.17420000 0.10623467
0.17415000 0.10621942
0.17410000 0.10620416
0.17405000 0.10618890
0.17400000 0.10617363
0.17395000 0.10615836
0.17390000 0.10614308
0.17385000 0.10612779
0.17380000 0.10611250
0.17375000 0.10609720
0.17370000 0.10608189
0.17365000 0.10606658
0.17360000 0.10605126
0.17355000 0.10603594
0.17350000 0.10602061
0.17345000 0.10600527
0.17340000 0.10598993
0.17335000 0.10597458
0.17330000 0.10595923
0.17325000 0.10594386
0.17320000 0.10592850
0.17315000 0.10591313
0.17310000 0.10589775
0.17305000 0.10588236
0.17300000 0.10586697
0.17295000 0.10585157
0.17290000 0.10583617
0.17285000 0.10582076
0.17280000 0.10580534
0.17275000 0.10578992
0.17270000 0.10577449
0.17265000 0.10575906
0.17260000 0.10574362
0.17255000 0.10572817
0.17250000 0.10571272
0.17245000 0.10569726
0.17240000 0.10568180
0.17235000 0.10566633
0.17230000 0.10565085
0.17225000 0.10563537
0.17220000 0.10561988
0.17215000 0.10560438
0.17210000 0.10558888
0.17205000 0.10557337
0.17200000 0.10555786
0.17195000 0.10554234
0.17190000 0.10552682
0.17185000 0.10551128
0.17180000 0.10549575
0.17175000 0.10548020
0.17170000 0.10546465
0.17165000 0.10544909
0.17160000 0.10543353
0.17155000 0.10541796
0.17150000 0.10540239
0.17145000 0.10538681
0.17140000 0.10537122
0.17135000 0.10535563
0.17130000 0.10534003
0.17125000 0.10532442
0.17120000 0.10530881
0.17115000 0.10529319
0.17110000 0.10527757
0.17105000 0.10526194
0.17100000 0.10524630
0.17095000 0.10523066
0.17090000 0.10521501
0.17085000 0.10519935
0.17080000 0.10518369
0.17075000 0.10516803
0.17070000 0.10515235
0.17065000 0.10513667
0.17060000 0.10512099
0.17055000 0.10510530
0.17050000 0.10508960
0.17045000 0.10507389
0.17040000 0.10505818
0.17035000 0.10504247
0.17030000 0.10502674
0.17025000 0.10501102
0.17020000 0.10499528
0.17015000 0.10497954
0.17010000 0.10496379
0.17005000 0.10494804
0.17000000 0.10493228
0.16995000 0.10491651
0.16990000 0.10490074
0.16985000 0.10488496
0.16980000 0.10486918
0.16975000 0.10485339
0.16970000 0.10483759
0.16965000 0.10482179
0.16960000 0.10480598
0.16955000 0.10479017
0.16950000 0.10477434
0.16945000 0.10475852
0.16940000 0.10474268
0.16935000 0.10472684
0.16930000 0.10471100
0.16925000 0.10469515
0.16920000 0.10467929
0.16915000 0.10466342
0.16910000 0.10464755
0.16905000 0.10463168
0.16900000 0.10461579
0.16895000 0.10459990
0.16890000 0.10458401
0.16885000 0.10456811
0.16880000 0.10455220
0.16875000 0.10453629
0.16870000 0.10452037
0.16865000 0.10450444
0.16860000 0.10448851
0.16855000 0.10447257
0.16850000 0.10445662
0.16845000 0.10444067
0.16840000 0.10442471
0.16835000 0.10440875
0.16830000 0.10439278
0.16825000 0.10437681
0.16820000 0.10436082
0.16815000 0.10434484
0.16810000 0.10432884
0.16805000 0.10431284
0.16800000 0.10429683
0.16795000 0.10428082
0.16790000 0.10426480
0.16785000 0.10424878
0.16780000 0.10423274
0.16775000 0.10421671
0.16770000 0.10420066
0.16765000 0.10418461
0.16760000 0.10416856
0.16755000 0.10415249
0.16750000 0.10413643
0.16745000 0.10412035
0.16740000 0.10410427
0.16735000 0.10408818
0.16730000 0.10407209
0.16725000 0.10405599
0.16720000 0.10403988
0.16715000 0.10402377
0.16710000 0.10400765
0.16705000 0.10399153
0.16700000 0.10397540
0.16695000 0.10395926
0.16690000 0.10394312
0.16685000 0.10392697
0.16680000 0.10391081
0.16675000 0.10389465
0.16670000 0.10387848
0.16665000 0.10386231
0.16660000 0.10384613
0.16655000 0.10382994
0.16650000 0.10381375
0.16645000 0.10379755
0.16640000 0.10378134
0.16635000 0.10376513
0.16630000 0.10374891
0.16625000 0.10373269
0.16620000 0.10371646
0.16615000 0.10370022
0.16610000 0.10368398
0.16605000 0.10366773
0.16600000 0.10365147
0.16595000 0.10363521
0.16590000 0.10361894
0.16585000 0.10360267
0.16580000 0.10358639
0.16575000 0.10357010
0.16570000 0.10355381
0.16565000 0.10353751
0.16560000 0.10352121
0.16555000 0.10350490
0.16550000 0.10348858
0.16545000 0.10347225
0.16540000 0.10345592
0.16535000 0.10343959
0.16530000 0.10342325
0.16525000 0.10340690
0.16520000 0.10339054
0.16515000 0.10337418
0.16510000 0.10335781
0.16505000 0.10334144
0.16500000 0.10332506
0.16495000 0.10330867
0.16490000 0.10329228
0.16485000 0.10327588
0.16480000 0.10325948
0.16475000 0.10324307
0.16470000 0.10322665
0.16465000 0.10321022
0.16460000 0.10319379
0.16455000 0.10317736
0.16450000 0.10316092
0.16445000 0.10314447
0.16440000 0.10312801
0.16435000 0.10311155
0.16430000 0.10309508
0.16425000 0.10307861
0.16420000 0.10306213
0.16415000 0.10304564
0.16410000 0.10302915
0.16405000 0.10301265
0.16400000 0.10299615
0.16395000 0.10297964
0.16390000 0.10296312
0.16385000 0.10294659
0.16380000 0.10293006
0.16375000 0.10291353
0.16370000 0.10289698
0.16365000 0.10288044
0.16360000 0.10286388
0.16355000 0.10284732
0.16350000 0.10283075
0.16345000 0.10281418
0.16340000 0.10279760
0.16335000 0.10278101
0.16330000 0.10276442
0.16325000 0.10274782
0.16320000 0.10273121
0.16315000 0.10271460
0.16310000 0.10269798
0.16305000 0.10268136
0.16300000 0.10266473
0.16295000 0.10264809
0.16290000 0.10263145
0.16285000 0.10261480
0.16280000 0.10259815
0.16275000 0.10258148
0.16270000 0.10256482
0.16265000 0.10254814
0.16260000 0.10253146
0.16255000 0.10251477
0.16250000 0.10249808
0.16245000 0.10248138
0.16240000 0.10246468
0.16235000 0.10244796
0.16230000 0.10243124
0.16225000 0.10241452
0.16220000 0.10239779
0.16215000 0.10238105
0.16210000 0.10236431
0.16205000 0.10234756
0.16200000 0.10233080
0.16195000 0.10231404
0.16190000 0.10229727
0.16185000 0.10228050
0.16180000 0.10226372
0.16175000 0.10224693
0.16170000 0.10223013
0.16165000 0.10221333
0.16160000 0.10219653
0.16155000 0.10217972
0.16150000 0.10216290
0.16145000 0.10214607
0.16140000 0.10212924
0.16135000 0.10211240
0.16130000 0.10209556
0.16125000 0.10207871
0.16120000 0.10206185
0.16115000 0.10204499
0.16110000 0.10202812
0.16105000 0.10201124
0.16100000 0.10199436
0.16095000 0.10197747
0.16090000 0.10196058
0.16085000 0.10194368
0.16080000 0.10192677
0.16075000 0.10190985
0.16070000 0.10189294
0.16065000 0.10187601
0.16060000 0.10185908
0.16055000 0.10184214
0.16050000 0.10182519
0.16045000 0.10180824
0.16040000 0.10179128
0.16035000 0.10177432
0.16030000 0.10175735
0.16025000 0.10174037
0.16020000 0.10172339
0.16015000 0.10170640
0.16010000 0.10168940
0.16005000 0.10167240
0.16000000 0.10165539
0.15995000 0.10163838
0.15990000 0.10162136
0.15985000 0.10160433
0.15980000 0.10158730
0.15975000 0.10157026
0.15970000 0.10155321
0.15965000 0.10153616
0.15960000 0.10151910
0.15955000 0.10150203
0.15950000 0.10148496
0.15945000 0.10146789
0.15940000 0.10145080
0.15935000 0.10143371
0.15930000 0.10141661
0.15925000 0.10139951
0.15920000 0.10138240
0.15915000 0.10136528
0.15910000 0.10134816
0.15905000 0.10133103
0.15900000 0.10131390
0.15895000 0.10129676
0.15890000 0.10127961
0.15885000 0.10126246
0.15880000 0.10124530
0.15875000 0.10122813
0.15870000 0.10121096
0.15865000 0.10119378
0.15860000 0.10117659
0.15855000 0.10115940
0.15850000 0.10114220
0.15845000 0.10112500
0.15840000 0.10110779
0.15835000 0.10109057
0.15830000 0.10107335
0.15825000 0.10105612
0.15820000 0.10103888
0.15815000 0.10102164
0.15810000 0.10100439
0.15805000 0.10098713
0.15800000 0.10096987
0.15795000 0.10095260
0.15790000 0.10093533
0.15785000 0.10091805
0.15780000 0.10090076
0.15775000 0.10088347
0.15770000 0.10086617
0.15765000 0.10084886
0.15760000 0.10083155
0.15755000 0.10081423
0.15750000 0.10079690
0.15745000 0.10077957
0.15740000 0.10076223
0.15735000 0.10074489
0.15730000 0.10072754
0.15725000 0.10071018
0.15720000 0.10069282
0.15715000 0.10067545
0.15710000 0.10065807
0.15705000 0.10064069
0.15700000 0.10062330
0.15695000 0.10060591
0.15690000 0.10058850
0.15685000 0.10057110
0.15680000 0.10055368
0.15675000 0.10053626
0.15670000 0.10051883
0.15665000 0.10050140
0.15660000 0.10048396
0.15655000 0.10046651
0.15650000 0.10044906
0.15645000 0.10043160
0.15640000 0.10041414
0.15635000 0.10039667
0.15630000 0.10037919
0.15625000 0.10036170
0.15620000 0.10034421
0.15615000 0.10032672
0.15610000 0.10030921
0.15605000 0.10029170
0.15600000 0.10027419
0.15595000 0.10025666
0.15590000 0.10023913
0.15585000 0.10022160
0.15580000 0.10020406
0.15575000 0.10018651
0.15570000 0.10016895
0.15565000 0.10015139
0.15560000 0.10013383
0.15555000 0.10011625
0.15550000 0.10009867
0.15545000 0.10008108
0.15540000 0.10006349
0.15535000 0.10004589
0.15530000 0.10002829
0.15525000 0.10001067
0.15520000 0.09999306
0.15515000 0.09997543
0.15510000 0.09995780
0.15505000 0.09994016
0.15500000 0.09992252
0.15495000 0.09990487
0.15490000 0.09988721
0.15485000 0.09986955
0.15480000 0.09985188
0.15475000 0.09983420
0.15470000 0.09981652
0.15465000 0.09979883
0.15460000 0.09978114
0.15455000 0.09976343
0.15450000 0.09974573
0.15445000 0.09972801
0.15440000 0.09971029
0.15435000 0.09969256
0.15430000 0.09967483
0.15425000 0.09965709
0.15420000 0.09963934
0.15415000 0.09962159
0.15410000 0.09960383
0.15405000 0.09958606
0.15400000 0.09956829
0.15395000 0.09955051
0.15390000 0.09953273
0.15385000 0.09951494
0.15380000 0.09949714
0.15375000 0.09947934
0.15370000 0.09946153
0.15365000 0.09944371
0.15360000 0.09942588
0.15355000 0.09940806
0.15350000 0.09939022
0.15345000 0.09937238
0.15340000 0.09935453
0.15335000 0.09933667
0.15330000 0.09931881
0.15325000 0.09930094
0.15320000 0.09928307
0.15315000 0.09926519
0.15310000 0.09924730
0.15305000 0.09922940
0.15300000 0.09921150
0.15295000 0.09919360
0.15290000 0.09917568
0.15285000 0.09915776
0.15280000 0.09913984
0.15275000 0.09912191
0.15270000 0.09910397
0.15265000 0.09908602
0.15260000 0.09906807
0.15255000 0.09905011
0.15250000 0.09903215
0.15245000 0.09901418
0.15240000 0.09899620
0.15235000 0.09897821
0.15230000 0.09896022
0.15225000 0.09894223
0.15220000 0.09892422
0.15215000 0.09890621
0.15210000 0.09888820
0.15205000 0.09887017
0.15200000 0.09885215
0.15195000 0.09883411
0.15190000 0.09881607
0.15185000 0.09879802
0.15180000 0.09877997
0.15175000 0.09876190
0.15170000 0.09874384
0.15165000 0.09872576
0.15160000 0.09870768
0.15155000 0.09868960
0.15150000 0.09867150
0.15145000 0.09865340
0.15140000 0.09863530
0.15135000 0.09861718
0.15130000 0.09859906
0.15125000 0.09858094
0.15120000 0.09856281
0.15115000 0.09854467
0.15110000 0.09852652
0.15105000 0.09850837
0.15100000 0.09849021
0.15095000 0.09847205
0.15090000 0.09845388
0.15085000 0.09843570
0.15080000 0.09841752
0.15075000 0.09839933
0.15070000 0.09838113
0.15065000 0.09836293
0.15060000 0.09834472
0.15055000 0.09832650
0.15050000 0.09830828
0.15045000 0.09829005
0.15040000 0.09827182
0.15035000 0.09825357
0.15030000 0.09823533
0.15025000 0.09821707
0.15020000 0.09819881
0.15015000 0.09818054
0.15010000 0.09816227
0.15005000 0.09814399
0.15000000 0.09812570
0.14995000 0.09810741
0.14990000 0.09808911
0.14985000 0.09807080
0.14980000 0.09805249
0.14975000 0.09803417
0.14970000 0.09801584
0.14965000 0.09799751
0.14960000 0.09797917
0.14955000 0.09796083
0.14950000 0.09794248
0.14945000 0.09792412
0.14940000 0.09790575
0.14935000 0.09788738
0.14930000 0.09786900
0.14925000 0.09785062
0.14920000 0.09783223
0.14915000 0.09781383
0.14910000 0.09779543
0.14905000 0.09777702
0.14900000 0.09775860
0.14895000 0.09774018
0.14890000 0.09772175
0.14885000 0.09770331
0.14880000 0.09768487
0.14875000 0.09766642
0.14870000 0.09764797
0.14865000 0.09762951
0.14860000 0.09761104
0.14855000 0.09759256
0.14850000 0.09757408
0.14845000 0.09755560
0.14840000 0.09753710
0.14835000 0.09751860
0.14830000 0.09750009
0.14825000 0.09748158
0.14820000 0.09746306
0.14815000 0.09744453
0.14810000 0.09742600
0.14805000 0.09740746
0.14800000 0.09738891
0.14795000 0.09737036
0.14790000 0.09735180
0.14785000 0.09733324
0.14780000 0.09731467
0.14775000 0.09729609
0.14770000 0.09727750
0.14765000 0.09725891
0.14760000 0.09724031
0.14755000 0.09722171
0.14750000 0.09720310
0.14745000 0.09718448
0.14740000 0.09716586
0.14735000 0.09714722
0.14730000 0.09712859
0.14725000 0.09710994
0.14720000 0.09709129
0.14715000 0.09707264
0.14710000 0.09705397
0.14705000 0.09703531
0.14700000 0.09701663
0.14695000 0.09699795
0.14690000 0.09697926
0.14685000 0.09696056
0.14680000 0.09694186
0.14675000 0.09692315
0.14670000 0.09690444
0.14665000 0.09688572
0.14660000 0.09686699
0.14655000 0.09684825
0.14650000 0.09682951
0.14645000 0.09681076
0.14640000 0.09679201
0.14635000 0.09677325
0.14630000 0.09675448
0.14625000 0.09673571
0.14620000 0.09671693
0.14615000 0.09669814
0.14610000 0.09667935
0.14605000 0.09666055
0.14600000 0.09664174
0.14595000 0.09662293
0.14590000 0.09660411
0.14585000 0.09658529
0.14580000 0.09656645
0.14575000 0.09654761
0.14570000 0.09652877
0.14565000 0.09650992
0.14560000 0.09649106
0.14555000 0.09647219
0.14550000 0.09645332
0.14545000 0.09643444
0.14540000 0.09641556
0.14535000 0.09639667
0.14530000 0.09637777
0.14525000 0.09635887
0.14520000 0.09633996
0.14515000 0.09632104
0.14510000 0.09630212
0.14505000 0.09628319
0.14500000 0.09626425
0.14495000 0.09624531
0.14490000 0.09622636
0.14485000 0.09620740
0.14480000 0.09618844
0.14475000 0.09616947
0.14470000 0.09615049
0.14465000 0.09613151
0.14460000 0.09611252
0.14455000 0.09609353
0.14450000 0.09607452
0.14445000 0.09605552
0.14440000 0.09603650
0.14435000 0.09601748
0.14430000 0.09599845
0.14425000 0.09597942
0.14420000 0.09596038
0.14415000 0.09594133
0.14410000 0.09592227
0.14405000 0.09590321
0.14400000 0.09588415
0.14395000 0.09586507
0.14390000 0.09584599
0.14385000 0.09582690
0.14380000 0.09580781
0.14375000 0.09578871
0.14370000 0.09576960
0.14365000 0.09575049
0.14360000 0.09573137
0.14355000 0.09571225
0.14350000 0.09569311
0.14345000 0.09567397
0.14340000 0.09565483
0.14335000 0.09563568
0.14330000 0.09561652
0.14325000 0.09559735
0.14320000 0.09557818
0.14315000 0.09555900
0.14310000 0.09553981
0.14305000 0.09552062
0.14300000 0.09550142
0.14295000 0.09548222
0.14290000 0.09546301
0.14285000 0.09544379
0.14280000 0.09542457
0.14275000 0.09540534
0.14270000 0.09538610
0.14265000 0.09536685
0.14260000 0.09534760
0.14255000 0.09532835
0.14250000 0.09530908
0.14245000 0.09528981
0.14240000 0.09527053
0.14235000 0.09525125
0.14230000 0.09523196
0.14225000 0.09521266
0.14220000 0.09519336
0.14215000 0.09517405
0.14210000 0.09515473
0.14205000 0.09513541
0.14200000 0.09511608
0.14195000 0.09509675
0.14190000 0.09507740
0.14185000 0.09505805
0.14180000 0.09503870
0.14175000 0.09501934
0.14170000 0.09499997
0.14165000 0.09498059
0.14160000 0.09496121
0.14155000 0.09494182
0.14150000 0.09492243
0.14145000 0.09490302
0.14140000 0.09488362
0.14135000 0.09486420
0.14130000 0.09484478
0.14125000 0.09482535
0.14120000 0.09480592
0.14115000 0.09478648
0.14110000 0.09476703
0.14105000 0.09474757
0.14100000 0.09472811
0.14095000 0.09470865
0.14090000 0.09468917
0.14085000 0.09466969
0.14080000 0.09465020
0.14075000 0.09463071
0.14070000 0.09461121
0.14065000 0.09459170
0.14060000 0.09457219
0.14055000 0.09455267
0.14050000 0.09453314
0.14045000 0.09451361
0.14040000 0.09449407
0.14035000 0.09447452
0.14030000 0.09445497
0.14025000 0.09443541
0.14020000 0.09441584
0.14015000 0.09439627
0.14010000 0.09437669
0.14005000 0.09435711
0.14000000 0.09433751
0.13995000 0.09431791
0.13990000 0.09429831
0.13985000 0.09427870
0.13980000 0.09425908
0.13975000 0.09423945
0.13970000 0.09421982
0.13965000 0.09420018
0.13960000 0.09418053
0.13955000 0.09416088
0.13950000 0.09414122
0.13945000 0.09412156
0.13940000 0.09410189
0.13935000 0.09408221
0.13930000 0.09406252
0.13925000 0.09404283
0.13920000 0.09402313
0.13915000 0.09400343
0.13910000 0.09398372
0.13905000 0.09396400
0.13900000 0.09394428
0.13895000 0.09392455
0.13890000 0.09390481
0.13885000 0.09388506
0.13880000 0.09386531
0.13875000 0.09384555
0.13870000 0.09382579
0.13865000 0.09380602
0.13860000 0.09378624
0.13855000 0.09376646
0.13850000 0.09374667
0.13845000 0.09372687
0.13840000 0.09370707
0.13835000 0.09368726
0.13830000 0.09366744
0.13825000 0.09364762
0.13820000 0.09362779
0.13815000 0.09360795
0.13810000 0.09358811
0.13805000 0.09356826
0.13800000 0.09354840
0.13795000 0.09352854
0.13790000 0.09350867
0.13785000 0.09348879
0.13780000 0.09346891
0.13775000 0.09344902
0.13770000 0.09342912
0.13765000 0.09340922
0.13760000 0.09338931
0.13755000 0.09336939
0.13750000 0.09334947
0.13745000 0.09332954
0.13740000 0.09330960
0.13735000 0.09328966
0.13730000 0.09326971
0.13725000 0.09324976
0.13720000 0.09322979
0.13715000 0.09320982
0.13710000 0.09318985
0.13705000 0.09316987
0.13700000 0.09314988
0.13695000 0.09312988
0.13690000 0.09310988
0.13685000 0.09308987
0.13680000 0.09306985
0.13675000 0.09304983
0.13670000 0.09302980
0.13665000 0.09300977
0.13660000 0.09298973
0.13655000 0.09296968
0.13650000 0.09294962
0.13645000 0.09292956
0.13640000 0.09290949
0.13635000 0.09288942
0.13630000 0.09286933
0.13625000 0.09284925
0.13620000 0.09282915
0.13615000 0.09280905
0.13610000 0.09278894
0.13605000 0.09276883
0.13600000 0.09274870
0.13595000 0.09272858
0.13590000 0.09270844
0.13585000 0.09268830
0.13580000 0.09266815
0.13575000 0.09264800
0.13570000 0.09262784
0.13565000 0.09260767
0.13560000 0.09258749
0.13555000 0.09256731
0.13550000 0.09254712
0.13545000 0.09252693
0.13540000 0.09250673
0.13535000 0.09248652
0.13530000 0.09246630
0.13525000 0.09244608
0.13520000 0.09242586
0.13515000 0.09240562
0.13510000 0.09238538
0.13505000 0.09236513
0.13500000 0.09234488
0.13495000 0.09232462
0.13490000 0.09230435
0.13485000 0.09228407
0.13480000 0.09226379
0.13475000 0.09224351
0.13470000 0.09222321
0.13465000 0.09220291
0.13460000 0.09218260
0.13455000 0.09216229
0.13450000 0.09214197
0.13445000 0.09212164
0.13440000 0.09210131
0.13435000 0.09208096
0.13430000 0.09206062
0.13425000 0.09204026
0.13420000 0.09201990
0.13415000 0.09199953
0.13410000 0.09197916
0.13405000 0.09195878
0.13400000 0.09193839
0.13395000 0.09191800
0.13390000 0.09189760
0.13385000 0.09187719
0.13380000 0.09185677
0.13375000 0.09183635
0.13370000 0.09181593
0.13365000 0.09179549
0.13360000 0.09177505
0.13355000 0.09175460
0.13350000 0.09173415
0.13345000 0.09171369
0.13340000 0.09169322
0.13335000 0.09167275
0.13330000 0.09165227
0.13325000 0.09163178
0.13320000 0.09161129
0.13315000 0.09159078
0.13310000 0.09157028
0.13305000 0.09154976
0.13300000 0.09152924
0.13295000 0.09150871
0.13290000 0.09148818
0.13285000 0.09146764
0.13280000 0.09144709
0.13275000 0.09142654
0.13270000 0.09140598
0.13265000 0.09138541
0.13260000 0.09136484
0.13255000 0.09134426
0.13250000 0.09132367
0.13245000 0.09130307
0.13240000 0.09128247
0.13235000 0.09126187
0.13230000 0.09124125
0.13225000 0.09122063
0.13220000 0.09120000
0.13215000 0.09117937
0.13210000 0.09115873
0.13205000 0.09113808
0.13200000 0.09111743
0.13195000 0.09109676
0.13190000 0.09107610
0.13185000 0.09105542
0.13180000 0.09103474
0.13175000 0.09101405
0.13170000 0.09099336
0.13165000 0.09097266
0.13160000 0.09095195
0.13155000 0.09093124
0.13150000 0.09091052
0.13145000 0.09088979
0.13140000 0.09086905
0.13135000 0.09084831
0.13130000 0.09082756
0.13125000 0.09080681
0.13120000 0.09078605
0.13115000 0.09076528
0.13110000 0.09074451
0.13105000 0.09072373
0.13100000 0.09070294
0.13095000 0.09068214
0.13090000 0.09066134
0.13085000 0.09064053
0.13080000 0.09061972
0.13075000 0.09059890
0.13070000 0.09057807
0.13065000 0.09055723
0.13060000 0.09053639
0.13055000 0.09051554
0.13050000 0.09049469
0.13045000 0.09047383
0.13040000 0.09045296
0.13035000 0.09043208
0.13030000 0.09041120
0.13025000 0.09039031
0.13020000 0.09036942
0.13015000 0.09034852
0.13010000 0.09032761
0.13005000 0.09030669
0.13000000 0.09028577
0.12995000 0.09026484
0.12990000 0.09024391
0.12985000 0.09022297
0.12980000 0.09020202
0.12975000 0.09018106
0.12970000 0.09016010
0.12965000 0.09013913
0.12960000 0.09011816
0.12955000 0.09009717
0.12950000 0.09007619
0.12945000 0.09005519
0.12940000 0.09003419
0.12935000 0.09001318
0.12930000 0.08999216
0.12925000 0.08997114
0.12920000 0.08995011
0.12915000 0.08992908
0.12910000 0.08990803
0.12905000 0.08988698
0.12900000 0.08986593
0.12895000 0.08984487
0.12890000 0.08982380
0.12885000 0.08980272
0.12880000 0.08978164
0.12875000 0.08976055
0.12870000 0.08973945
0.12865000 0.08971835
0.12860000 0.08969724
0.12855000 0.08967612
0.12850000 0.08965500
0.12845000 0.08963387
0.12840000 0.08961273
0.12835000 0.08959159
0.12830000 0.08957044
0.12825000 0.08954928
0.12820000 0.08952812
0.12815000 0.08950695
0.12810000 0.08948577
0.12805000 0.08946459
0.12800000 0.08944340
0.12795000 0.08942220
0.12790000 0.08940100
0.12785000 0.08937979
0.12780000 0.08935857
0.12775000 0.08933735
0.12770000 0.08931612
0.12765000 0.08929488
0.12760000 0.08927364
0.12755000 0.08925239
0.12750000 0.08923113
0.12745000 0.08920986
0.12740000 0.08918859
0.12735000 0.08916732
0.12730000 0.08914603
0.12725000 0.08912474
0.12720000 0.08910344
0.12715000 0.08908214
0.12710000 0.08906083
0.12705000 0.08903951
0.12700000 0.08901818
0.12695000 0.08899685
0.12690000 0.08897551
0.12685000 0.08895417
0.12680000 0.08893282
0.12675000 0.08891146
0.12670000 0.08889009
0.12665000 0.08886872
0.12660000 0.08884734
0.12655000 0.08882596
0.12650000 0.08880457
0.12645000 0.08878317
0.12640000 0.08876176
0.12635000 0.08874035
0.12630000 0.08871893
0.12625000 0.08869750
0.12620000 0.08867607
0.12615000 0.08865463
0.12610000 0.08863319
0.12605000 0.08861173
0.12600000 0.08859028
0.12595000 0.08856881
0.12590000 0.08854734
0.12585000 0.08852586
0.12580000 0.08850437
0.12575000 0.08848288
0.12570000 0.08846138
0.12565000 0.08843987
0.12560000 0.08841836
0.12555000 0.08839684
0.12550000 0.08837531
0.12545000 0.08835378
0.12540000 0.08833224
0.12535000 0.08831069
0.12530000 0.08828914
0.12525000 0.08826758
0.12520000 0.08824601
0.12515000 0.08822443
0.12510000 0.08820285
0.12505000 0.08818127
0.12500000 0.08815967
0.12495000 0.08813807
0.12490000 0.08811646
0.12485000 0.08809485
0.12480000 0.08807323
0.12475000 0.08805160
0.12470000 0.08802996
0.12465000 0.08800832
0.12460000 0.08798667
0.12455000 0.08796502
0.12450000 0.08794336
0.12445000 0.08792169
0.12440000 0.08790001
0.12435000 0.08787833
0.12430000 0.08785664
0.12425000 0.08783495
0.12420000 0.08781324
0.12415000 0.08779154
0.12410000 0.08776982
0.12405000 0.08774810
0.12400000 0.08772637
0.12395000 0.08770463
0.12390000 0.08768289
0.12385000 0.08766114
0.12380000 0.08763938
0.12375000 0.08761762
0.12370000 0.08759585
0.12365000 0.08757407
0.12360000 0.08755229
0.12355000 0.08753050
0.12350000 0.08750870
0.12345000 0.08748690
0.12340000 0.08746509
0.12335000 0.08744327
0.12330000 0.08742145
0.12325000 0.08739962
0.12320000 0.08737778
0.12315000 0.08735593
0.12310000 0.08733408
0.12305000 0.08731223
0.12300000 0.08729036
0.12295000 0.08726849
0.12290000 0.08724661
0.12285000 0.08722473
0.12280000 0.08720283
0.12275000 0.08718094
0.12270000 0.08715903
0.12265000 0.08713712
0.12260000 0.08711520
0.12255000 0.08709327
0.12250000 0.08707134
0.12245000 0.08704940
0.12240000 0.08702746
0.12235000 0.08700551
0.12230000 0.08698355
0.12225000 0.08696158
0.12220000 0.08693961
0.12215000 0.08691763
0.12210000 0.08689564
0.12205000 0.08687365
0.12200000 0.08685165
0.12195000 0.08682964
0.12190000 0.08680763
0.12185000 0.08678561
0.12180000 0.08676358
0.12175000 0.08674155
0.12170000 0.08671950
0.12165000 0.08669746
0.12160000 0.08667540
0.12155000 0.08665334
0.12150000 0.08663127
0.12145000 0.08660920
0.12140000 0.08658712
0.12135000 0.08656503
0.12130000 0.08654294
0.12125000 0.08652083
0.12120000 0.08649872
0.12115000 0.08647661
0.12110000 0.08645449
0.12105000 0.08643236
0.12100000 0.08641022
0.12095000 0.08638808
0.12090000 0.08636593
0.12085000 0.08634378
0.12080000 0.08632161
0.12075000 0.08629944
0.12070000 0.08627727
0.12065000 0.08625508
0.12060000 0.08623289
0.12055000 0.08621070
0.12050000 0.08618849
0.12045000 0.08616628
0.12040000 0.08614407
0.12035000 0.08612184
0.12030000 0.08609961
0.12025000 0.08607737
0.12020000 0.08605513
0.12015000 0.08603288
0.12010000 0.08601062
0.12005000 0.08598836
0.12000000 0.08596608
0.11995000 0.08594381
0.11990000 0.08592152
0.11985000 0.08589923
0.11980000 0.08587693
0.11975000 0.08585463
0.11970000 0.08583231
0.11965000 0.08580999
0.11960000 0.08578767
0.11955000 0.08576534
0.11950000 0.08574300
0.11945000 0.08572065
0.11940000 0.08569830
0.11935000 0.08567594
0.11930000 0.08565357
0.11925000 0.08563120
0.11920000 0.08560882
0.11915000 0.08558643
0.11910000 0.08556404
0.11905000 0.08554164
0.11900000 0.08551923
0.11895000 0.08549682
0.11890000 0.08547439
0.11885000 0.08545197
0.11880000 0.08542953
0.11875000 0.08540709
0.11870000 0.08538464
0.11865000 0.08536219
0.11860000 0.08533973
0.11855000 0.08531726
0.11850000 0.08529478
0.11845000 0.08527230
0.11840000 0.08524981
0.11835000 0.08522731
0.11830000 0.08520481
0.11825000 0.08518230
0.11820000 0.08515979
0.11815000 0.08513726
0.11810000 0.08511473
0.11805000 0.08509220
0.11800000 0.08506965
0.11795000 0.08504710
0.11790000 0.08502455
0.11785000 0.08500198
0.11780000 0.08497941
0.11775000 0.08495683
0.11770000 0.08493425
0.11765000 0.08491166
0.11760000 0.08488906
0.11755000 0.08486645
0.11750000 0.08484384
0.11745000 0.08482122
0.11740000 0.08479860
0.11735000 0.08477597
0.11730000 0.08475333
0.11725000 0.08473068
0.11720000 0.08470803
0.11715000 0.08468537
0.11710000 0.08466270
0.11705000 0.08464003
0.11700000 0.08461735
0.11695000 0.08459467
0.11690000 0.08457197
0.11685000 0.08454927
0.11680000 0.08452656
0.11675000 0.08450385
0.11670000 0.08448113
0.11665000 0.08445840
0.11660000 0.08443567
0.11655000 0.08441293
0.11650000 0.08439018
0.11645000 0.08436742
0.11640000 0.08434466
0.11635000 0.08432189
0.11630000 0.08429912
0.11625000 0.08427634
0.11620000 0.08425355
0.11615000 0.08423075
0.11610000 0.08420795
0.11605000 0.08418514
0.11600000 0.08416232
0.11595000 0.08413950
0.11590000 0.08411667
0.11585000 0.08409383
0.11580000 0.08407099
0.11575000 0.08404814
0.11570000 0.08402528
0.11565000 0.08400242
0.11560000 0.08397955
0.11555000 0.08395667
0.11550000 0.08393379
0.11545000 0.08391089
0.11540000 0.08388800
0.11535000 0.08386509
0.11530000 0.08384218
0.11525000 0.08381926
0.11520000 0.08379634
0.11515000 0.08377340
0.11510000 0.08375046
0.11505000 0.08372752
0.11500000 0.08370456
0.11495000 0.08368160
0.11490000 0.08365864
0.11485000 0.08363566
0.11480000 0.08361268
0.11475000 0.08358970
0.11470000 0.08356670
0.11465000 0.08354370
0.11460000 0.08352070
0.11455000 0.08349768
0.11450000 0.08347466
0.11445000 0.08345163
0.11440000 0.08342860
0.11435000 0.08340556
0.11430000 0.08338251
0.11425000 0.08335945
0.11420000 0.08333639
0.11415000 0.08331332
0.11410000 0.08329024
0.11405000 0.08326716
0.11400000 0.08324407
0.11395000 0.08322097
0.11390000 0.08319787
0.11385000 0.08317476
0.11380000 0.08315164
0.11375000 0.08312852
0.11370000 0.08310539
0.11365000 0.08308225
0.11360000 0.08305911
0.11355000 0.08303596
0.11350000 0.08301280
0.11345000 0.08298963
0.11340000 0.08296646
0.11335000 0.08294328
0.11330000 0.08292010
0.11325000 0.08289691
0.11320000 0.08287371
0.11315000 0.08285050
0.11310000 0.08282729
0.11305000 0.08280407
0.11300000 0.08278084
0.11295000 0.08275761
0.11290000 0.08273437
0.11285000 0.08271112
0.11280000 0.08268787
0.11275000 0.08266461
0.11270000 0.08264134
0.11265000 0.08261806
0.11260000 0.08259478
0.11255000 0.08257149
0.11250000 0.08254820
0.11245000 0.08252490
0.11240000 0.08250159
0.11235000 0.08247827
0.11230000 0.08245495
0.11225000 0.08243162
0.11220000 0.08240828
0.11215000 0.08238494
0.11210000 0.08236159
0.11205000 0.08233823
0.11200000 0.08231487
0.11195000 0.08229150
0.11190000 0.08226812
0.11185000 0.08224474
0.11180000 0.08222135
0.11175000 0.08219795
0.11170000 0.08217454
0.11165000 0.08215113
0.11160000 0.08212771
0.11155000 0.08210429
0.11150000 0.08208086
0.11145000 0.08205742
0.11140000 0.08203397
0.11135000 0.08201052
0.11130000 0.08198706
0.11125000 0.08196359
0.11120000 0.08194012
0.11115000 0.08191664
0.11110000 0.08189315
0.11105000 0.08186966
0.11100000 0.08184616
0.11095000 0.08182265
0.11090000 0.08179913
0.11085000 0.08177561
0.11080000 0.08175208
0.11075000 0.08172855
0.11070000 0.08170501
0.11065000 0.08168146
0.11060000 0.08165790
0.11055000 0.08163434
0.11050000 0.08161077
0.11045000 0.08158719
0.11040000 0.08156361
0.11035000 0.08154002
0.11030000 0.08151642
0.11025000 0.08149282
0.11020000 0.08146921
0.11015000 0.08144559
0.11010000 0.08142197
0.11005000 0.08139833
0.11000000 0.08137470
0.10995000 0.08135105
0.10990000 0.08132740
0.10985000 0.08130374
0.10980000 0.08128007
0.10975000 0.08125640
0.10970000 0.08123272
0.10965000 0.08120904
0.10960000 0.08118534
0.10955000 0.08116164
0.10950000 0.08113793
0.10945000 0.08111422
0.10940000 0.08109050
0.10935000 0.08106677
0.10930000 0.08104304
0.10925000 0.08101930
0.10920000 0.08099555
0.10915000 0.08097179
0.10910000 0.08094803
0.10905000 0.08092426
0.10900000 0.08090049
0.10895000 0.08087670
0.10890000 0.08085291
0.10885000 0.08082912
0.10880000 0.08080531
0.10875000 0.08078150
0.10870000 0.08075769
0.10865000 0.08073386
0.10860000 0.08071003
0.10855000 0.08068619
0.10850000 0.08066235
0.10845000 0.08063850
0.10840000 0.08061464
0.10835000 0.08059077
0.10830000 0.08056690
0.10825000 0.08054302
0.10820000 0.08051914
0.10815000 0.08049524
0.10810000 0.08047134
0.10805000 0.08044744
0.10800000 0.08042352
0.10795000 0.08039960
0.10790000 0.08037568
0.10785000 0.08035174
0.10780000 0.08032780
0.10775000 0.08030385
0.10770000 0.08027990
0.10765000 0.08025594
0.10760000 0.08023197
0.10755000 0.08020799
0.10750000 0.08018401
0.10745000 0.08016002
0.10740000 0.08013602
0.10735000 0.08011202
0.10730000 0.08008801
0.10725000 0.08006399
0.10720000 0.08003997
0.10715000 0.08001594
0.10710000 0.07999190
0.10705000 0.07996786
0.10700000 0.07994381
0.10695000 0.07991975
0.10690000 0.07989568
0.10685000 0.07987161
0.10680000 0.07984753
0.10675000 0.07982345
0.10670000 0.07979935
0.10665000 0.07977525
0.10660000 0.07975115
0.10655000 0.07972703
0.10650000 0.07970291
0.10645000 0.07967879
0.10640000 0.07965465
0.10635000 0.07963051
0.10630000 0.07960636
0.10625000 0.07958221
0.10620000 0.07955805
0.10615000 0.07953388
0.10610000 0.07950970
0.10605000 0.07948552
0.10600000 0.07946133
0.10595000 0.07943713
0.10590000 0.07941293
0.10585000 0.07938872
0.10580000 0.07936450
0.10575000 0.07934028
0.10570000 0.07931605
0.10565000 0.07929181
0.10560000 0.07926757
0.10555000 0.07924332
0.10550000 0.07921906
0.10545000 0.07919479
0.10540000 0.07917052
0.10535000 0.07914624
0.10530000 0.07912195
0.10525000 0.07909766
0.10520000 0.07907336
0.10515000 0.07904905
0.10510000 0.07902474
0.10505000 0.07900042
0.10500000 0.07897609
0.10495000 0.07895176
0.10490000 0.07892742
0.10485000 0.07890307
0.10480000 0.07887871
0.10475000 0.07885435
0.10470000 0.07882998
0.10465000 0.07880561
0.10460000 0.07878122
0.10455000 0.07875683
0.10450000 0.07873244
0.10445000 0.07870803
0.10440000 0.07868362
0.10435000 0.07865921
0.10430000 0.07863478
0.10425000 0.07861035
0.10420000 0.07858591
0.10415000 0.07856147
0.10410000 0.07853702
0.10405000 0.07851256
0.10400000 0.07848809
0.10395000 0.07846362
0.10390000 0.07843914
0.10385000 0.07841465
0.10380000 0.07839016
0.10375000 0.07836566
0.10370000 0.07834115
0.10365000 0.07831664
0.10360000 0.07829212
0.10355000 0.07826759
0.10350000 0.07824305
0.10345000 0.07821851
0.10340000 0.07819396
0.10335000 0.07816941
0.10330000 0.07814484
0.10325000 0.07812028
0.10320000 0.07809570
0.10315000 0.07807112
0.10310000 0.07804653
0.10305000 0.07802193
0.10300000 0.07799732
0.10295000 0.07797271
0.10290000 0.07794809
0.10285000 0.07792347
0.10280000 0.07789884
0.10275000 0.07787420
0.10270000 0.07784955
0.10265000 0.07782490
0.10260000 0.07780024
0.10255000 0.07777557
0.10250000 0.07775090
0.10245000 0.07772622
0.10240000 0.07770153
0.10235000 0.07767684
0.10230000 0.07765214
0.10225000 0.07762743
0.10220000 0.07760272
0.10215000 0.07757799
0.10210000 0.07755326
0.10205000 0.07752853
0.10200000 0.07750379
0.10195000 0.07747904
0.10190000 0.07745428
0.10185000 0.07742952
0.10180000 0.07740475
0.10175000 0.07737997
0.10170000 0.07735518
0.10165000 0.07733039
0.10160000 0.07730559
0.10155000 0.07728079
0.10150000 0.07725598
0.10145000 0.07723116
0.10140000 0.07720633
0.10135000 0.07718150
0.10130000 0.07715666
0.10125000 0.07713181
0.10120000 0.07710696
0.10115000 0.07708210
0.10110000 0.07705723
0.10105000 0.07703236
0.10100000 0.07700748
0.10095000 0.07698259
0.10090000 0.07695769
0.10085000 0.07693279
0.10080000 0.07690788
0.10075000 0.07688296
0.10070000 0.07685804
0.10065000 0.07683311
0.10060000 0.07680817
0.10055000 0.07678323
0.10050000 0.07675828
0.10045000 0.07673332
0.10040000 0.07670836
0.10035000 0.07668338
0.10030000 0.07665841
0.10025000 0.07663342
0.10020000 0.07660843
0.10015000 0.07658343
0.10010000 0.07655842
0.10005000 0.07653341
0.10000000 0.07650839
0.09995000 0.07648336
0.09990000 0.07645833
0.09985000 0.07643329
0.09980000 0.07640824
0.09975000 0.07638318
0.09970000 0.07635812
0.09965000 0.07633305
0.09960000 0.07630798
0.09955000 0.07628289
0.09950000 0.07625780
0.09945000 0.07623271
0.09940000 0.07620760
0.09935000 0.07618249
0.09930000 0.07615738
0.09925000 0.07613225
0.09920000 0.07610712
0.09915000 0.07608198
0.09910000 0.07605684
0.09905000 0.07603168
0.09900000 0.07600652
0.09895000 0.07598136
0.09890000 0.07595618
0.09885000 0.07593100
0.09880000 0.07590582
0.09875000 0.07588062
0.09870000 0.07585542
0.09865000 0.07583021
0.09860000 0.07580500
0.09855000 0.07577978
0.09850000 0.07575455
0.09845000 0.07572931
0.09840000 0.07570407
0.09835000 0.07567882
0.09830000 0.07565356
0.09825000 0.07562830
0.09820000 0.07560303
0.09815000 0.07557775
0.09810000 0.07555247
0.09805000 0.07552718
0.09800000 0.07550188
0.09795000 0.07547657
0.09790000 0.07545126
0.09785000 0.07542594
0.09780000 0.07540061
0.09775000 0.07537528
0.09770000 0.07534994
0.09765000 0.07532459
0.09760000 0.07529924
0.09755000 0.07527388
0.09750000 0.07524851
0.09745000 0.07522314
0.09740000 0.07519775
0.09735000 0.07517237
0.09730000 0.07514697
0.09725000 0.07512157
0.09720000 0.07509616
0.09715000 0.07507074
0.09710000 0.07504532
0.09705000 0.07501989
0.09700000 0.07499445
0.09695000 0.07496900
0.09690000 0.07494355
0.09685000 0.07491809
0.09680000 0.07489263
0.09675000 0.07486715
0.09670000 0.07484168
0.09665000 0.07481619
0.09660000 0.07479070
0.09655000 0.07476519
0.09650000 0.07473969
0.09645000 0.07471417
0.09640000 0.07468865
0.09635000 0.07466312
0.09630000 0.07463759
0.09625000 0.07461205
0.09620000 0.07458650
0.09615000 0.07456094
0.09610000 0.07453538
0.09605000 0.07450981
0.09600000 0.07448423
0.09595000 0.07445865
0.09590000 0.07443305
0.09585000 0.07440746
0.09580000 0.07438185
0.09575000 0.07435624
0.09570000 0.07433062
0.09565000 0.07430499
0.09560000 0.07427936
0.09555000 0.07425372
0.09550000 0.07422808
0.09545000 0.07420242
0.09540000 0.07417676
0.09535000 0.07415109
0.09530000 0.07412542
0.09525000 0.07409974
0.09520000 0.07407405
0.09515000 0.07404835
0.09510000 0.07402265
0.09505000 0.07399694
0.09500000 0.07397122
0.09495000 0.07394550
0.09490000 0.07391977
0.09485000 0.07389403
0.09480000 0.07386829
0.09475000 0.07384253
0.09470000 0.07381678
0.09465000 0.07379101
0.09460000 0.07376524
0.09455000 0.07373946
0.09450000 0.07371367
0.09445000 0.07368788
0.09440000 0.07366208
0.09435000 0.07363627
0.09430000 0.07361045
0.09425000 0.07358463
0.09420000 0.07355880
0.09415000 0.07353297
0.09410000 0.07350713
0.09405000 0.07348128
0.09400000 0.07345542
0.09395000 0.07342956
0.09390000 0.07340369
0.09385000 0.07337781
0.09380000 0.07335193
0.09375000 0.07332603
0.09370000 0.07330014
0.09365000 0.07327423
0.09360000 0.07324832
0.09355000 0.07322240
0.09350000 0.07319647
0.09345000 0.07317054
0.09340000 0.07314460
0.09335000 0.07311865
0.09330000 0.07309270
0.09325000 0.07306673
0.09320000 0.07304077
0.09315000 0.07301479
0.09310000 0.07298881
0.09305000 0.07296282
0.09300000 0.07293682
0.09295000 0.07291082
0.09290000 0.07288481
0.09285000 0.07285879
0.09280000 0.07283277
0.09275000 0.07280674
0.09270000 0.07278070
0.09265000 0.07275465
0.09260000 0.07272860
0.09255000 0.07270254
0.09250000 0.07267647
0.09245000 0.07265040
0.09240000 0.07262432
0.09235000 0.07259823
0.09230000 0.07257214
0.09225000 0.07254604
0.09220000 0.07251993
0.09215000 0.07249381
0.09210000 0.07246769
0.09205000 0.07244156
0.09200000 0.07241543
0.09195000 0.07238928
0.09190000 0.07236313
0.09185000 0.07233697
0.09180000 0.07231081
0.09175000 0.07228464
0.09170000 0.07225846
0.09165000 0.07223227
0.09160000 0.07220608
0.09155000 0.07217988
0.09150000 0.07215368
0.09145000 0.07212746
0.09140000 0.07210124
0.09135000 0.07207501
0.09130000 0.07204878
0.09125000 0.07202254
0.09120000 0.07199629
0.09115000 0.07197003
0.09110000 0.07194377
0.09105000 0.07191750
0.09100000 0.07189123
0.09095000 0.07186494
0.09090000 0.07183865
0.09085000 0.07181235
0.09080000 0.07178605
0.09075000 0.07175974
0.09070000 0.07173342
0.09065000 0.07170709
0.09060000 0.07168076
0.09055000 0.07165442
0.09050000 0.07162807
0.09045000 0.07160172
0.09040000 0.07157536
0.09035000 0.07154899
0.09030000 0.07152262
0.09025000 0.07149623
0.09020000 0.07146984
0.09015000 0.07144345
0.09010000 0.07141705
0.09005000 0.07139064
0.09000000 0.07136422
0.08995000 0.07133779
0.08990000 0.07131136
0.08985000 0.07128493
0.08980000 0.07125848
0.08975000 0.07123203
0.08970000 0.07120557
0.08965000 0.07117910
0.08960000 0.07115263
0.08955000 0.07112615
0.08950000 0.07109966
0.08945000 0.07107317
0.08940000 0.07104667
0.08935000 0.07102016
0.08930000 0.07099364
0.08925000 0.07096712
0.08920000 0.07094059
0.08915000 0.07091405
0.08910000 0.07088751
0.08905000 0.07086096
0.08900000 0.07083440
0.08895000 0.07080784
0.08890000 0.07078127
0.08885000 0.07075469
0.08880000 0.07072810
0.08875000 0.07070151
0.08870000 0.07067491
0.08865000 0.07064830
0.08860000 0.07062169
0.08855000 0.07059507
0.08850000 0.07056844
0.08845000 0.07054180
0.08840000 0.07051516
0.08835000 0.07048851
0.08830000 0.07046186
0.08825000 0.07043519
0.08820000 0.07040852
0.08815000 0.07038185
0.08810000 0.07035516
0.08805000 0.07032847
0.08800000 0.07030177
0.08795000 0.07027507
0.08790000 0.07024835
0.08785000 0.07022163
0.08780000 0.07019491
0.08775000 0.07016817
0.08770000 0.07014143
0.08765000 0.07011469
0.08760000 0.07008793
0.08755000 0.07006117
0.08750000 0.07003440
0.08745000 0.07000762
0.08740000 0.06998084
0.08735000 0.06995405
0.08730000 0.06992725
0.08725000 0.06990045
0.08720000 0.06987364
0.08715000 0.06984682
0.08710000 0.06982000
0.08705000 0.06979316
0.08700000 0.06976632
0.08695000 0.06973948
0.08690000 0.06971262
0.08685000 0.06968576
0.08680000 0.06965890
0.08675000 0.06963202
0.08670000 0.06960514
0.08665000 0.06957825
0.08660000 0.06955136
0.08655000 0.06952445
0.08650000 0.06949754
0.08645000 0.06947063
0.08640000 0.06944370
0.08635000 0.06941677
0.08630000 0.06938983
0.08625000 0.06936289
0.08620000 0.06933594
0.08615000 0.06930898
0.08610000 0.06928201
0.08605000 0.06925504
0.08600000 0.06922806
0.08595000 0.06920107
0.08590000 0.06917407
0.08585000 0.06914707
0.08580000 0.06912006
0.08575000 0.06909305
0.08570000 0.06906602
0.08565000 0.06903899
0.08560000 0.06901196
0.08555000 0.06898491
0.08550000 0.06895786
0.08545000 0.06893080
0.08540000 0.06890374
0.08535000 0.06887667
0.08530000 0.06884959
0.08525000 0.06882250
0.08520000 0.06879541
0.08515000 0.06876831
0.08510000 0.06874120
0.08505000 0.06871408
0.08500000 0.06868696
0.08495000 0.06865983
0.08490000 0.06863270
0.08485000 0.06860555
0.08480000 0.06857840
0.08475000 0.06855125
0.08470000 0.06852408
0.08465000 0.06849691
0.08460000 0.06846973
0.08455000 0.06844255
0.08450000 0.06841535
0.08445000 0.06838815
0.08440000 0.06836095
0.08435000 0.06833373
0.08430000 0.06830651
0.08425000 0.06827929
0.08420000 0.06825205
0.08415000 0.06822481
0.08410000 0.06819756
0.08405000 0.06817030
0.08400000 0.06814304
0.08395000 0.06811577
0.08390000 0.06808849
0.08385000 0.06806121
0.08380000 0.06803391
0.08375000 0.06800662
0.08370000 0.06797931
0.08365000 0.06795200
0.08360000 0.06792468
0.08355000 0.06789735
0.08350000 0.06787002
0.08345000 0.06784267
0.08340000 0.06781533
0.08335000 0.06778797
0.08330000 0.06776061
0.08325000 0.06773324
0.08320000 0.06770586
0.08315000 0.06767848
0.08310000 0.06765109
0.08305000 0.06762369
0.08300000 0.06759628
0.08295000 0.06756887
0.08290000 0.06754145
0.08285000 0.06751402
0.08280000 0.06748659
0.08275000 0.06745915
0.08270000 0.06743170
0.08265000 0.06740425
0.08260000 0.06737678
0.08255000 0.06734932
0.08250000 0.06732184
0.08245000 0.06729436
0.08240000 0.06726687
0.08235000 0.06723937
0.08230000 0.06721186
0.08225000 0.06718435
0.08220000 0.06715683
0.08215000 0.06712931
0.08210000 0.06710177
0.08205000 0.06707423
0.08200000 0.06704669
0.08195000 0.06701913
0.08190000 0.06699157
0.08185000 0.06696400
0.08180000 0.06693643
0.08175000 0.06690884
0.08170000 0.06688125
0.08165000 0.06685366
0.08160000 0.06682605
0.08155000 0.06679844
0.08150000 0.06677082
0.08145000 0.06674320
0.08140000 0.06671557
0.08135000 0.06668793
0.08130000 0.06666028
0.08125000 0.06663262
0.08120000 0.06660496
0.08115000 0.06657730
0.08110000 0.06654962
0.08105000 0.06652194
0.08100000 0.06649425
0.08095000 0.06646655
0.08090000 0.06643885
0.08085000 0.06641114
0.08080000 0.06638342
0.08075000 0.06635569
0.08070000 0.06632796
0.08065000 0.06630022
0.08060000 0.06627248
0.08055000 0.06624472
0.08050000 0.06621696
0.08045000 0.06618919
0.08040000 0.06616142
0.08035000 0.06613364
0.08030000 0.06610585
0.08025000 0.06607805
0.08020000 0.06605025
0.08015000 0.06602244
0.08010000 0.06599462
0.08005000 0.06596679
0.08000000 0.06593896
0.07995000 0.06591112
0.07990000 0.06588327
0.07985000 0.06585542
0.07980000 0.06582756
0.07975000 0.06579969
0.07970000 0.06577182
0.07965000 0.06574394
0.07960000 0.06571605
0.07955000 0.06568815
0.07950000 0.06566025
0.07945000 0.06563234
0.07940000 0.06560442
0.07935000 0.06557649
0.07930000 0.06554856
0.07925000 0.06552062
0.07920000 0.06549268
0.07915000 0.06546472
0.07910000 0.06543676
0.07905000 0.06540879
0.07900000 0.06538082
0.07895000 0.06535284
0.07890000 0.06532485
0.07885000 0.06529685
0.07880000 0.06526885
0.07875000 0.06524084
0.07870000 0.06521282
0.07865000 0.06518479
0.07860000 0.06515676
0.07855000 0.06512872
0.07850000 0.06510068
0.07845000 0.06507262
0.07840000 0.06504456
0.07835000 0.06501649
0.07830000 0.06498842
0.07825000 0.06496034
0.07820000 0.06493225
0.07815000 0.06490415
0.07810000 0.06487605
0.07805000 0.06484794
0.07800000 0.06481982
0.07795000 0.06479169
0.07790000 0.06476356
0.07785000 0.06473542
0.07780000 0.06470727
0.07775000 0.06467912
0.07770000 0.06465096
0.07765000 0.06462279
0.07760000 0.06459461
0.07755000 0.06456643
0.07750000 0.06453824
0.07745000 0.06451005
0.07740000 0.06448184
0.07735000 0.06445363
0.07730000 0.06442541
0.07725000 0.06439719
0.07720000 0.06436895
0.07715000 0.06434071
0.07710000 0.06431247
0.07705000 0.06428421
0.07700000 0.06425595
0.07695000 0.06422768
0.07690000 0.06419941
0.07685000 0.06417112
0.07680000 0.06414283
0.07675000 0.06411453
0.07670000 0.06408623
0.07665000 0.06405792
0.07660000 0.06402960
0.07655000 0.06400127
0.07650000 0.06397294
0.07645000 0.06394460
0.07640000 0.06391625
0.07635000 0.06388790
0.07630000 0.06385953
0.07625000 0.06383116
0.07620000 0.06380279
0.07615000 0.06377440
0.07610000 0.06374601
0.07605000 0.06371762
0.07600000 0.06368921
0.07595000 0.06366080
0.07590000 0.06363238
0.07585000 0.06360395
0.07580000 0.06357552
0.07575000 0.06354708
0.07570000 0.06351863
0.07565000 0.06349017
0.07560000 0.06346171
0.07555000 0.06343324
0.07550000 0.06340476
0.07545000 0.06337628
0.07540000 0.06334778
0.07535000 0.06331929
0.07530000 0.06329078
0.07525000 0.06326227
0.07520000 0.06323375
0.07515000 0.06320522
0.07510000 0.06317668
0.07505000 0.06314814
0.07500000 0.06311959
0.07495000 0.06309103
0.07490000 0.06306247
0.07485000 0.06303390
0.07480000 0.06300532
0.07475000 0.06297674
0.07470000 0.06294814
0.07465000 0.06291954
0.07460000 0.06289094
0.07455000 0.06286232
0.07450000 0.06283370
0.07445000 0.06280507
0.07440000 0.06277643
0.07435000 0.06274779
0.07430000 0.06271914
0.07425000 0.06269048
0.07420000 0.06266182
0.07415000 0.06263314
0.07410000 0.06260447
0.07405000 0.06257578
0.07400000 0.06254708
0.07395000 0.06251838
0.07390000 0.06248967
0.07385000 0.06246096
0.07380000 0.06243224
0.07375000 0.06240351
0.07370000 0.06237477
0.07365000 0.06234602
0.07360000 0.06231727
0.07355000 0.06228851
0.07350000 0.06225975
0.07345000 0.06223097
0.07340000 0.06220219
0.07335000 0.06217340
0.07330000 0.06214461
0.07325000 0.06211581
0.07320000 0.06208700
0.07315000 0.06205818
0.07310000 0.06202935
0.07305000 0.06200052
0.07300000 0.06197168
0.07295000 0.06194284
0.07290000 0.06191398
0.07285000 0.06188512
0.07280000 0.06185626
0.07275000 0.06182738
0.07270000 0.06179850
0.07265000 0.06176961
0.07260000 0.06174071
0.07255000 0.06171181
0.07250000 0.06168289
0.07245000 0.06165398
0.07240000 0.06162505
0.07235000 0.06159612
0.07230000 0.06156718
0.07225000 0.06153823
0.07220000 0.06150927
0.07215000 0.06148031
0.07210000 0.06145134
0.07205000 0.06142236
0.07200000 0.06139338
0.07195000 0.06136439
0.07190000 0.06133539
0.07185000 0.06130638
0.07180000 0.06127737
0.07175000 0.06124835
0.07170000 0.06121932
0.07165000 0.06119029
0.07160000 0.06116124
0.07155000 0.06113219
0.07150000 0.06110314
0.07145000 0.06107407
0.07140000 0.06104500
0.07135000 0.06101592
0.07130000 0.06098683
0.07125000 0.06095774
0.07120000 0.06092864
0.07115000 0.06089953
0.07110000 0.06087042
0.07105000 0.06084129
0.07100000 0.06081216
0.07095000 0.06078303
0.07090000 0.06075388
0.07085000 0.06072473
0.07080000 0.06069557
0.07075000 0.06066640
0.07070000 0.06063723
0.07065000 0.06060805
0.07060000 0.06057886
0.07055000 0.06054966
0.07050000 0.06052046
0.07045000 0.06049125
0.07040000 0.06046203
0.07035000 0.06043281
0.07030000 0.06040357
0.07025000 0.06037433
0.07020000 0.06034509
0.07015000 0.06031583
0.07010000 0.06028657
0.07005000 0.06025730
0.07000000 0.06022803
0.06995000 0.06019874
0.06990000 0.06016945
0.06985000 0.06014015
0.06980000 0.06011085
0.06975000 0.06008153
0.06970000 0.06005221
0.06965000 0.06002288
0.06960000 0.05999355
0.06955000 0.05996421
0.06950000 0.05993486
0.06945000 0.05990550
0.06940000 0.05987614
0.06935000 0.05984676
0.06930000 0.05981738
0.06925000 0.05978800
0.06920000 0.05975860
0.06915000 0.05972920
0.06910000 0.05969979
0.06905000 0.05967038
0.06900000 0.05964096
0.06895000 0.05961152
0.06890000 0.05958209
0.06885000 0.05955264
0.06880000 0.05952319
0.06875000 0.05949373
0.06870000 0.05946426
0.06865000 0.05943479
0.06860000 0.05940530
0.06855000 0.05937581
0.06850000 0.05934632
0.06845000 0.05931681
0.06840000 0.05928730
0.06835000 0.05925778
0.06830000 0.05922826
0.06825000 0.05919872
0.06820000 0.05916918
0.06815000 0.05913963
0.06810000 0.05911008
0.06805000 0.05908051
0.06800000 0.05905094
0.06795000 0.05902137
0.06790000 0.05899178
0.06785000 0.05896219
0.06780000 0.05893259
0.06775000 0.05890298
0.06770000 0.05887336
0.06765000 0.05884374
0.06760000 0.05881411
0.06755000 0.05878447
0.06750000 0.05875483
0.06745000 0.05872518
0.06740000 0.05869552
0.06735000 0.05866585
0.06730000 0.05863618
0.06725000 0.05860650
0.06720000 0.05857681
0.06715000 0.05854711
0.06710000 0.05851741
0.06705000 0.05848770
0.06700000 0.05845798
0.06695000 0.05842825
0.06690000 0.05839852
0.06685000 0.05836878
0.06680000 0.05833903
0.06675000 0.05830927
0.06670000 0.05827951
0.06665000 0.05824974
0.06660000 0.05821996
0.06655000 0.05819017
0.06650000 0.05816038
0.06645000 0.05813058
0.06640000 0.05810077
0.06635000 0.05807096
0.06630000 0.05804114
0.06625000 0.05801130
0.06620000 0.05798147
0.06615000 0.05795162
0.06610000 0.05792177
0.06605000 0.05789191
0.06600000 0.05786204
0.06595000 0.05783217
0.06590000 0.05780229
0.06585000 0.05777240
0.06580000 0.05774250
0.06575000 0.05771259
0.06570000 0.05768268
0.06565000 0.05765276
0.06560000 0.05762284
0.06555000 0.05759290
0.06550000 0.05756296
0.06545000 0.05753301
0.06540000 0.05750305
0.06535000 0.05747309
0.06530000 0.05744312
0.06525000 0.05741314
0.06520000 0.05738315
0.06515000 0.05735316
0.06510000 0.05732315
0.06505000 0.05729314
0.06500000 0.05726313
0.06495000 0.05723310
0.06490000 0.05720307
0.06485000 0.05717303
0.06480000 0.05714299
0.06475000 0.05711293
0.06470000 0.05708287
0.06465000 0.05705280
0.06460000 0.05702272
0.06455000 0.05699264
0.06450000 0.05696255
0.06445000 0.05693245
0.06440000 0.05690234
0.06435000 0.05687223
0.06430000 0.05684211
0.06425000 0.05681198
0.06420000 0.05678184
0.06415000 0.05675170
0.06410000 0.05672154
0.06405000 0.05669139
0.06400000 0.05666122
0.06395000 0.05663104
0.06390000 0.05660086
0.06385000 0.05657067
0.06380000 0.05654048
0.06375000 0.05651027
0.06370000 0.05648006
0.06365000 0.05644984
0.06360000 0.05641961
0.06355000 0.05638938
0.06350000 0.05635914
0.06345000 0.05632889
0.06340000 0.05629863
0.06335000 0.05626836
0.06330000 0.05623809
0.06325000 0.05620781
0.06320000 0.05617752
0.06315000 0.05614723
0.06310000 0.05611693
0.06305000 0.05608662
0.06300000 0.05605630
0.06295000 0.05602597
0.06290000 0.05599564
0.06285000 0.05596530
0.06280000 0.05593495
0.06275000 0.05590460
0.06270000 0.05587423
0.06265000 0.05584386
0.06260000 0.05581348
0.06255000 0.05578310
0.06250000 0.05575271
0.06245000 0.05572230
0.06240000 0.05569190
0.06235000 0.05566148
0.06230000 0.05563106
0.06225000 0.05560062
0.06220000 0.05557018
0.06215000 0.05553974
0.06210000 0.05550928
0.06205000 0.05547882
0.06200000 0.05544835
0.06195000 0.05541788
0.06190000 0.05538739
0.06185000 0.05535690
0.06180000 0.05532640
0.06175000 0.05529589
0.06170000 0.05526538
0.06165000 0.05523485
0.06160000 0.05520432
0.06155000 0.05517378
0.06150000 0.05514324
0.06145000 0.05511268
0.06140000 0.05508212
0.06135000 0.05505156
0.06130000 0.05502098
0.06125000 0.05499039
0.06120000 0.05495980
0.06115000 0.05492920
0.06110000 0.05489860
0.06105000 0.05486798
0.06100000 0.05483736
0.06095000 0.05480673
0.06090000 0.05477609
0.06085000 0.05474545
0.06080000 0.05471480
0.06075000 0.05468413
0.06070000 0.05465347
0.06065000 0.05462279
0.06060000 0.05459211
0.06055000 0.05456142
0.06050000 0.05453072
0.06045000 0.05450001
0.06040000 0.05446930
0.06035000 0.05443857
0.06030000 0.05440784
0.06025000 0.05437711
0.06020000 0.05434636
0.06015000 0.05431561
0.06010000 0.05428485
0.06005000 0.05425408
0.06000000 0.05422330
0.05995000 0.05419252
0.05990000 0.05416173
0.05985000 0.05413093
0.05980000 0.05410012
0.05975000 0.05406931
0.05970000 0.05403849
0.05965000 0.05400766
0.05960000 0.05397682
0.05955000 0.05394597
0.05950000 0.05391512
0.05945000 0.05388426
0.05940000 0.05385339
0.05935000 0.05382252
0.05930000 0.05379163
0.05925000 0.05376074
0.05920000 0.05372984
0.05915000 0.05369893
0.05910000 0.05366802
0.05905000 0.05363709
0.05900000 0.05360616
0.05895000 0.05357523
0.05890000 0.05354428
0.05885000 0.05351333
0.05880000 0.05348236
0.05875000 0.05345139
0.05870000 0.05342042
0.05865000 0.05338943
0.05860000 0.05335844
0.05855000 0.05332744
0.05850000 0.05329643
0.05845000 0.05326541
0.05840000 0.05323439
0.05835000 0.05320336
0.05830000 0.05317232
0.05825000 0.05314127
0.05820000 0.05311022
0.05815000 0.05307915
0.05810000 0.05304808
0.05805000 0.05301700
0.05800000 0.05298592
0.05795000 0.05295482
0.05790000 0.05292372
0.05785000 0.05289261
0.05780000 0.05286149
0.05775000 0.05283037
0.05770000 0.05279923
0.05765000 0.05276809
0.05760000 0.05273694
0.05755000 0.05270578
0.05750000 0.05267462
0.05745000 0.05264345
0.05740000 0.05261227
0.05735000 0.05258108
0.05730000 0.05254988
0.05725000 0.05251868
0.05720000 0.05248746
0.05715000 0.05245624
0.05710000 0.05242502
0.05705000 0.05239378
0.05700000 0.05236254
0.05695000 0.05233129
0.05690000 0.05230003
0.05685000 0.05226876
0.05680000 0.05223748
0.05675000 0.05220620
0.05670000 0.05217491
0.05665000 0.05214361
0.05660000 0.05211230
0.05655000 0.05208099
0.05650000 0.05204967
0.05645000 0.05201833
0.05640000 0.05198700
0.05635000 0.05195565
0.05630000 0.05192430
0.05625000 0.05189293
0.05620000 0.05186156
0.05615000 0.05183018
0.05610000 0.05179880
0.05605000 0.05176740
0.05600000 0.05173600
0.05595000 0.05170459
0.05590000 0.05167317
0.05585000 0.05164175
0.05580000 0.05161031
0.05575000 0.05157887
0.05570000 0.05154742
0.05565000 0.05151596
0.05560000 0.05148450
0.05555000 0.05145302
0.05550000 0.05142154
0.05545000 0.05139005
0.05540000 0.05135855
0.05535000 0.05132705
0.05530000 0.05129553
0.05525000 0.05126401
0.05520000 0.05123248
0.05515000 0.05120094
0.05510000 0.05116940
0.05505000 0.05113784
0.05500000 0.05110628
0.05495000 0.05107471
0.05490000 0.05104313
0.05485000 0.05101155
0.05480000 0.05097995
0.05475000 0.05094835
0.05470000 0.05091674
0.05465000 0.05088512
0.05460000 0.05085350
0.05455000 0.05082186
0.05450000 0.05079022
0.05445000 0.05075857
0.05440000 0.05072691
0.05435000 0.05069524
0.05430000 0.05066357
0.05425000 0.05063188
0.05420000 0.05060019
0.05415000 0.05056849
0.05410000 0.05053679
0.05405000 0.05050507
0.05400000 0.05047335
0.05395000 0.05044162
0.05390000 0.05040988
0.05385000 0.05037813
0.05380000 0.05034637
0.05375000 0.05031461
0.05370000 0.05028284
0.05365000 0.05025105
0.05360000 0.05021927
0.05355000 0.05018747
0.05350000 0.05015566
0.05345000 0.05012385
0.05340000 0.05009203
0.05335000 0.05006020
0.05330000 0.05002836
0.05325000 0.04999652
0.05320000 0.04996466
0.05315000 0.04993280
0.05310000 0.04990093
0.05305000 0.04986905
0.05300000 0.04983717
0.05295000 0.04980527
0.05290000 0.04977337
0.05285000 0.04974146
0.05280000 0.04970954
0.05275000 0.04967761
0.05270000 0.04964567
0.05265000 0.04961373
0.05260000 0.04958178
0.05255000 0.04954982
0.05250000 0.04951785
0.05245000 0.04948587
0.05240000 0.04945388
0.05235000 0.04942189
0.05230000 0.04938989
0.05225000 0.04935788
0.05220000 0.04932586
0.05215000 0.04929383
0.05210000 0.04926180
0.05205000 0.04922976
0.05200000 0.04919770
0.05195000 0.04916564
0.05190000 0.04913358
0.05185000 0.04910150
0.05180000 0.04906941
0.05175000 0.04903732
0.05170000 0.04900522
0.05165000 0.04897311
0.05160000 0.04894099
0.05155000 0.04890887
0.05150000 0.04887673
0.05145000 0.04884459
0.05140000 0.04881244
0.05135000 0.04878028
0.05130000 0.04874811
0.05125000 0.04871593
0.05120000 0.04868375
0.05115000 0.04865155
0.05110000 0.04861935
0.05105000 0.04858714
0.05100000 0.04855492
0.05095000 0.04852270
0.05090000 0.04849046
0.05085000 0.04845822
0.05080000 0.04842596
0.05075000 0.04839370
0.05070000 0.04836143
0.05065000 0.04832916
0.05060000 0.04829687
0.05055000 0.04826458
0.05050000 0.04823227
0.05045000 0.04819996
0.05040000 0.04816764
0.05035000 0.04813532
0.05030000 0.04810298
0.05025000 0.04807063
0.05020000 0.04803828
0.05015000 0.04800592
0.05010000 0.04797355
0.05005000 0.04794117
0.05000000 0.04790878
0.04995000 0.04787639
0.04990000 0.04784398
0.04985000 0.04781157
0.04980000 0.04777915
0.04975000 0.04774672
0.04970000 0.04771428
0.04965000 0.04768183
0.04960000 0.04764938
0.04955000 0.04761691
0.04950000 0.04758444
0.04945000 0.04755196
0.04940000 0.04751947
0.04935000 0.04748697
0.04930000 0.04745446
0.04925000 0.04742195
0.04920000 0.04738942
0.04915000 0.04735689
0.04910000 0.04732435
0.04905000 0.04729180
0.04900000 0.04725924
0.04895000 0.04722667
0.04890000 0.04719409
0.04885000 0.04716151
0.04880000 0.04712892
0.04875000 0.04709631
0.04870000 0.04706370
0.04865000 0.04703108
0.04860000 0.04699846
0.04855000 0.04696582
0.04850000 0.04693318
0.04845000 0.04690052
0.04840000 0.04686786
0.04835000 0.04683519
0.04830000 0.04680251
0.04825000 0.04676982
0.04820000 0.04673712
0.04815000 0.04670441
0.04810000 0.04667170
0.04805000 0.04663898
0.04800000 0.04660624
0.04795000 0.04657350
0.04790000 0.04654075
0.04785000 0.04650799
0.04780000 0.04647523
0.04775000 0.04644245
0.04770000 0.04640966
0.04765000 0.04637687
0.04760000 0.04634407
0.04755000 0.04631126
0.04750000 0.04627844
0.04745000 0.04624561
0.04740000 0.04621277
0.04735000 0.04617992
0.04730000 0.04614707
0.04725000 0.04611420
0.04720000 0.04608133
0.04715000 0.04604845
0.04710000 0.04601556
0.04705000 0.04598266
0.04700000 0.04594975
0.04695000 0.04591683
0.04690000 0.04588390
0.04685000 0.04585097
0.04680000 0.04581802
0.04675000 0.04578507
0.04670000 0.04575211
0.04665000 0.04571914
0.04660000 0.04568616
0.04655000 0.04565317
0.04650000 0.04562017
0.04645000 0.04558716
0.04640000 0.04555415
0.04635000 0.04552112
0.04630000 0.04548809
0.04625000 0.04545504
0.04620000 0.04542199
0.04615000 0.04538893
0.04610000 0.04535586
0.04605000 0.04532278
0.04600000 0.04528969
0.04595000 0.04525660
0.04590000 0.04522349
0.04585000 0.04519038
0.04580000 0.04515725
0.04575000 0.04512412
0.04570000 0.04509098
0.04565000 0.04505783
0.04560000 0.04502466
0.04555000 0.04499149
0.04550000 0.04495832
0.04545000 0.04492513
0.04540000 0.04489193
0.04535000 0.04485872
0.04530000 0.04482551
0.04525000 0.04479228
0.04520000 0.04475905
0.04515000 0.04472581
0.04510000 0.04469256
0.04505000 0.04465930
0.04500000 0.04462602
0.04495000 0.04459275
0.04490000 0.04455946
0.04485000 0.04452616
0.04480000 0.04449285
0.04475000 0.04445953
0.04470000 0.04442621
0.04465000 0.04439287
0.04460000 0.04435953
0.04455000 0.04432618
0.04450000 0.04429281
0.04445000 0.04425944
0.04440000 0.04422606
0.04435000 0.04419267
0.04430000 0.04415927
0.04425000 0.04412586
0.04420000 0.04409244
0.04415000 0.04405901
0.04410000 0.04402558
0.04405000 0.04399213
0.04400000 0.04395867
0.04395000 0.04392521
0.04390000 0.04389173
0.04385000 0.04385825
0.04380000 0.04382475
0.04375000 0.04379125
0.04370000 0.04375774
0.04365000 0.04372422
0.04360000 0.04369069
0.04355000 0.04365714
0.04350000 0.04362359
0.04345000 0.04359003
0.04340000 0.04355647
0.04335000 0.04352289
0.04330000 0.04348930
0.04325000 0.04345570
0.04320000 0.04342209
0.04315000 0.04338848
0.04310000 0.04335485
0.04305000 0.04332121
0.04300000 0.04328757
0.04295000 0.04325391
0.04290000 0.04322025
0.04285000 0.04318657
0.04280000 0.04315289
0.04275000 0.04311920
0.04270000 0.04308549
0.04265000 0.04305178
0.04260000 0.04301806
0.04255000 0.04298433
0.04250000 0.04295059
0.04245000 0.04291683
0.04240000 0.04288307
0.04235000 0.04284930
0.04230000 0.04281552
0.04225000 0.04278173
0.04220000 0.04274793
0.04215000 0.04271412
0.04210000 0.04268030
0.04205000 0.04264647
0.04200000 0.04261264
0.04195000 0.04257879
0.04190000 0.04254493
0.04185000 0.04251106
0.04180000 0.04247718
0.04175000 0.04244329
0.04170000 0.04240940
0.04165000 0.04237549
0.04160000 0.04234157
0.04155000 0.04230764
0.04150000 0.04227371
0.04145000 0.04223976
0.04140000 0.04220580
0.04135000 0.04217184
0.04130000 0.04213786
0.04125000 0.04210387
0.04120000 0.04206988
0.04115000 0.04203587
0.04110000 0.04200185
0.04105000 0.04196783
0.04100000 0.04193379
0.04095000 0.04189974
0.04090000 0.04186569
0.04085000 0.04183162
0.04080000 0.04179754
0.04075000 0.04176346
0.04070000 0.04172936
0.04065000 0.04169525
0.04060000 0.04166114
0.04055000 0.04162701
0.04050000 0.04159287
0.04045000 0.04155872
0.04040000 0.04152457
0.04035000 0.04149040
0.04030000 0.04145622
0.04025000 0.04142203
0.04020000 0.04138784
0.04015000 0.04135363
0.04010000 0.04131941
0.04005000 0.04128518
0.04000000 0.04125094
0.03995000 0.04121669
0.03990000 0.04118243
0.03985000 0.04114816
0.03980000 0.04111388
0.03975000 0.04107959
0.03970000 0.04104529
0.03965000 0.04101098
0.03960000 0.04097666
0.03955000 0.04094233
0.03950000 0.04090798
0.03945000 0.04087363
0.03940000 0.04083927
0.03935000 0.04080490
0.03930000 0.04077051
0.03925000 0.04073612
0.03920000 0.04070171
0.03915000 0.04066730
0.03910000 0.04063287
0.03905000 0.04059844
0.03900000 0.04056399
0.03895000 0.04052953
0.03890000 0.04049507
0.03885000 0.04046059
0.03880000 0.04042610
0.03875000 0.04039160
0.03870000 0.04035709
0.03865000 0.04032257
0.03860000 0.04028804
0.03855000 0.04025350
0.03850000 0.04021894
0.03845000 0.04018438
0.03840000 0.04014981
0.03835000 0.04011522
0.03830000 0.04008063
0.03825000 0.04004602
0.03820000 0.04001141
0.03815000 0.03997678
0.03810000 0.03994214
0.03805000 0.03990749
0.03800000 0.03987283
0.03795000 0.03983816
0.03790000 0.03980348
0.03785000 0.03976879
0.03780000 0.03973409
0.03775000 0.03969937
0.03770000 0.03966465
0.03765000 0.03962991
0.03760000 0.03959516
0.03755000 0.03956041
0.03750000 0.03952564
0.03745000 0.03949086
0.03740000 0.03945607
0.03735000 0.03942127
0.03730000 0.03938645
0.03725000 0.03935163
0.03720000 0.03931680
0.03715000 0.03928195
0.03710000 0.03924709
0.03705000 0.03921223
0.03700000 0.03917735
0.03695000 0.03914246
0.03690000 0.03910756
0.03685000 0.03907264
0.03680000 0.03903772
0.03675000 0.03900279
0.03670000 0.03896784
0.03665000 0.03893288
0.03660000 0.03889791
0.03655000 0.03886293
0.03650000 0.03882794
0.03645000 0.03879294
0.03640000 0.03875793
0.03635000 0.03872290
0.03630000 0.03868787
0.03625000 0.03865282
0.03620000 0.03861776
0.03615000 0.03858269
0.03610000 0.03854761
0.03605000 0.03851251
0.03600000 0.03847741
0.03595000 0.03844229
0.03590000 0.03840716
0.03585000 0.03837202
0.03580000 0.03833687
0.03575000 0.03830171
0.03570000 0.03826654
0.03565000 0.03823135
0.03560000 0.03819615
0.03555000 0.03816095
0.03550000 0.03812573
0.03545000 0.03809049
0.03540000 0.03805525
0.03535000 0.03801999
0.03530000 0.03798473
0.03525000 0.03794945
0.03520000 0.03791416
0.03515000 0.03787885
0.03510000 0.03784354
0.03505000 0.03780821
0.03500000 0.03777288
0.03495000 0.03773753
0.03490000 0.03770216
0.03485000 0.03766679
0.03480000 0.03763140
0.03475000 0.03759601
0.03470000 0.03756060
0.03465000 0.03752518
0.03460000 0.03748974
0.03455000 0.03745430
0.03450000 0.03741884
0.03445000 0.03738337
0.03440000 0.03734789
0.03435000 0.03731239
0.03430000 0.03727689
0.03425000 0.03724137
0.03420000 0.03720584
0.03415000 0.03717030
0.03410000 0.03713474
0.03405000 0.03709917
0.03400000 0.03706359
0.03395000 0.03702800
0.03390000 0.03699240
0.03385000 0.03695678
0.03380000 0.03692115
0.03375000 0.03688551
0.03370000 0.03684986
0.03365000 0.03681419
0.03360000 0.03677852
0.03355000 0.03674282
0.03350000 0.03670712
0.03345000 0.03667141
0.03340000 0.03663568
0.03335000 0.03659994
0.03330000 0.03656418
0.03325000 0.03652842
0.03320000 0.03649264
0.03315000 0.03645685
0.03310000 0.03642104
0.03305000 0.03638523
0.03300000 0.03634940
0.03295000 0.03631355
0.03290000 0.03627770
0.03285000 0.03624183
0.03280000 0.03620595
0.03275000 0.03617006
0.03270000 0.03613415
0.03265000 0.03609823
0.03260000 0.03606230
0.03255000 0.03602635
0.03250000 0.03599040
0.03245000 0.03595443
0.03240000 0.03591844
0.03235000 0.03588244
0.03230000 0.03584643
0.03225000 0.03581041
0.03220000 0.03577437
0.03215000 0.03573833
0.03210000 0.03570226
0.03205000 0.03566619
0.03200000 0.03563010
0.03195000 0.03559399
0.03190000 0.03555788
0.03185000 0.03552175
0.03180000 0.03548561
0.03175000 0.03544945
0.03170000 0.03541328
0.03165000 0.03537710
0.03160000 0.03534090
0.03155000 0.03530469
0.03150000 0.03526847
0.03145000 0.03523223
0.03140000 0.03519598
0.03135000 0.03515972
0.03130000 0.03512344
0.03125000 0.03508715
0.03120000 0.03505085
0.03115000 0.03501453
0.03110000 0.03497820
0.03105000 0.03494185
0.03100000 0.03490549
0.03095000 0.03486912
0.03090000 0.03483273
0.03085000 0.03479633
0.03080000 0.03475991
0.03075000 0.03472348
0.03070000 0.03468704
0.03065000 0.03465058
0.03060000 0.03461411
0.03055000 0.03457763
0.03050000 0.03454113
0.03045000 0.03450462
0.03040000 0.03446809
0.03035000 0.03443155
0.03030000 0.03439499
0.03025000 0.03435842
0.03020000 0.03432184
0.03015000 0.03428524
0.03010000 0.03424862
0.03005000 0.03421200
0.03000000 0.03417535
0.02995000 0.03413870
0.02990000 0.03410203
0.02985000 0.03406534
0.02980000 0.03402864
0.02975000 0.03399193
0.02970000 0.03395520
0.02965000 0.03391845
0.02960000 0.03388170
0.02955000 0.03384492
0.02950000 0.03380813
0.02945000 0.03377133
0.02940000 0.03373451
0.02935000 0.03369768
0.02930000 0.03366083
0.02925000 0.03362397
0.02920000 0.03358710
0.02915000 0.03355020
0.02910000 0.03351330
0.02905000 0.03347637
0.02900000 0.03343944
0.02895000 0.03340248
0.02890000 0.03336552
0.02885000 0.03332853
0.02880000 0.03329154
0.02875000 0.03325452
0.02870000 0.03321749
0.02865000 0.03318045
0.02860000 0.03314339
0.02855000 0.03310631
0.02850000 0.03306922
0.02845000 0.03303212
0.02840000 0.03299500
0.02835000 0.03295786
0.02830000 0.03292071
0.02825000 0.03288354
0.02820000 0.03284636
0.02815000 0.03280916
0.02810000 0.03277194
0.02805000 0.03273471
0.02800000 0.03269746
0.02795000 0.03266020
0.02790000 0.03262292
0.02785000 0.03258562
0.02780000 0.03254831
0.02775000 0.03251099
0.02770000 0.03247364
0.02765000 0.03243628
0.02760000 0.03239891
0.02755000 0.03236152
0.02750000 0.03232411
0.02745000 0.03228668
0.02740000 0.03224924
0.02735000 0.03221179
0.02730000 0.03217431
0.02725000 0.03213682
0.02720000 0.03209932
0.02715000 0.03206179
0.02710000 0.03202425
0.02705000 0.03198670
0.02700000 0.03194912
0.02695000 0.03191153
0.02690000 0.03187393
0.02685000 0.03183630
0.02680000 0.03179866
0.02675000 0.03176100
0.02670000 0.03172333
0.02665000 0.03168564
0.02660000 0.03164793
0.02655000 0.03161020
0.02650000 0.03157246
0.02645000 0.03153470
0.02640000 0.03149692
0.02635000 0.03145913
0.02630000 0.03142132
0.02625000 0.03138349
0.02620000 0.03134564
0.02615000 0.03130778
0.02610000 0.03126989
0.02605000 0.03123199
0.02600000 0.03119408
0.02595000 0.03115614
0.02590000 0.03111819
0.02585000 0.03108022
0.02580000 0.03104223
0.02575000 0.03100422
0.02570000 0.03096620
0.02565000 0.03092816
0.02560000 0.03089010
0.02555000 0.03085202
0.02550000 0.03081392
0.02545000 0.03077581
0.02540000 0.03073767
0.02535000 0.03069952
0.02530000 0.03066135
0.02525000 0.03062316
0.02520000 0.03058496
0.02515000 0.03054673
0.02510000 0.03050849
0.02505000 0.03047023
0.02500000 0.03043194
0.02495000 0.03039364
0.02490000 0.03035532
0.02485000 0.03031699
0.02480000 0.03027863
0.02475000 0.03024025
0.02470000 0.03020186
0.02465000 0.03016344
0.02460000 0.03012501
0.02455000 0.03008656
0.02450000 0.03004809
0.02445000 0.03000960
0.02440000 0.02997108
0.02435000 0.02993255
0.02430000 0.02989400
0.02425000 0.02985544
0.02420000 0.02981685
0.02415000 0.02977824
0.02410000 0.02973961
0.02405000 0.02970096
0.02400000 0.02966229
0.02395000 0.02962360
0.02390000 0.02958490
0.02385000 0.02954617
0.02380000 0.02950742
0.02375000 0.02946865
0.02370000 0.02942986
0.02365000 0.02939105
0.02360000 0.02935222
0.02355000 0.02931337
0.02350000 0.02927450
0.02345000 0.02923561
0.02340000 0.02919670
0.02335000 0.02915776
0.02330000 0.02911881
0.02325000 0.02907983
0.02320000 0.02904084
0.02315000 0.02900182
0.02310000 0.02896278
0.02305000 0.02892372
0.02300000 0.02888464
0.02295000 0.02884554
0.02290000 0.02880642
0.02285000 0.02876727
0.02280000 0.02872811
0.02275000 0.02868892
0.02270000 0.02864971
0.02265000 0.02861048
0.02260000 0.02857122
0.02255000 0.02853195
0.02250000 0.02849265
0.02245000 0.02845333
0.02240000 0.02841399
0.02235000 0.02837463
0.02230000 0.02833524
0.02225000 0.02829583
0.02220000 0.02825640
0.02215000 0.02821695
0.02210000 0.02817747
0.02205000 0.02813797
0.02200000 0.02809845
0.02195000 0.02805890
0.02190000 0.02801934
0.02185000 0.02797975
0.02180000 0.02794013
0.02175000 0.02790049
0.02170000 0.02786083
0.02165000 0.02782115
0.02160000 0.02778144
0.02155000 0.02774171
0.02150000 0.02770196
0.02145000 0.02766218
0.02140000 0.02762238
0.02135000 0.02758255
0.02130000 0.02754270
0.02125000 0.02750283
0.02120000 0.02746293
0.02115000 0.02742301
0.02110000 0.02738306
0.02105000 0.02734309
0.02100000 0.02730309
0.02095000 0.02726307
0.02090000 0.02722303
0.02085000 0.02718296
0.02080000 0.02714286
0.02075000 0.02710274
0.02070000 0.02706260
0.02065000 0.02702243
0.02060000 0.02698223
0.02055000 0.02694201
0.02050000 0.02690176
0.02045000 0.02686149
0.02040000 0.02682119
0.02035000 0.02678087
0.02030000 0.02674052
0.02025000 0.02670014
0.02020000 0.02665974
0.02015000 0.02661931
0.02010000 0.02657886
0.02005000 0.02653838
0.02000000 0.02649787
0.01995000 0.02645734
0.01990000 0.02641678
0.01985000 0.02637619
0.01980000 0.02633558
0.01975000 0.02629493
0.01970000 0.02625426
0.01965000 0.02621357
0.01960000 0.02617284
0.01955000 0.02613209
0.01950000 0.02609131
0.01945000 0.02605051
0.01940000 0.02600967
0.01935000 0.02596881
0.01930000 0.02592792
0.01925000 0.02588700
0.01920000 0.02584606
0.01915000 0.02580508
0.01910000 0.02576408
0.01905000 0.02572304
0.01900000 0.02568198
0.01895000 0.02564089
0.01890000 0.02559977
0.01885000 0.02555862
0.01880000 0.02551744
0.01875000 0.02547624
0.01870000 0.02543500
0.01865000 0.02539373
0.01860000 0.02535243
0.01855000 0.02531111
0.01850000 0.02526975
0.01845000 0.02522836
0.01840000 0.02518694
0.01835000 0.02514550
0.01830000 0.02510402
0.01825000 0.02506251
0.01820000 0.02502097
0.01815000 0.02497940
0.01810000 0.02493779
0.01805000 0.02489616
0.01800000 0.02485449
0.01795000 0.02481279
0.01790000 0.02477107
0.01785000 0.02472930
0.01780000 0.02468751
0.01775000 0.02464569
0.01770000 0.02460383
0.01765000 0.02456194
0.01760000 0.02452001
0.01755000 0.02447806
0.01750000 0.02443607
0.01745000 0.02439405
0.01740000 0.02435199
0.01735000 0.02430990
0.01730000 0.02426778
0.01725000 0.02422562
0.01720000 0.02418343
0.01715000 0.02414121
0.01710000 0.02409895
0.01705000 0.02405666
0.01700000 0.02401433
0.01695000 0.02397197
0.01690000 0.02392957
0.01685000 0.02388714
0.01680000 0.02384467
0.01675000 0.02380217
0.01670000 0.02375963
0.01665000 0.02371706
0.01660000 0.02367444
0.01655000 0.02363180
0.01650000 0.02358912
0.01645000 0.02354640
0.01640000 0.02350364
0.01635000 0.02346085
0.01630000 0.02341802
0.01625000 0.02337515
0.01620000 0.02333224
0.01615000 0.02328930
0.01610000 0.02324632
0.01605000 0.02320330
0.01600000 0.02316024
0.01595000 0.02311715
0.01590000 0.02307402
0.01585000 0.02303084
0.01580000 0.02298763
0.01575000 0.02294438
0.01570000 0.02290109
0.01565000 0.02285776
0.01560000 0.02281439
0.01555000 0.02277098
0.01550000 0.02272753
0.01545000 0.02268404
0.01540000 0.02264051
0.01535000 0.02259693
0.01530000 0.02255332
0.01525000 0.02250966
0.01520000 0.02246597
0.01515000 0.02242223
0.01510000 0.02237845
0.01505000 0.02233462
0.01500000 0.02229076
0.01495000 0.02224685
0.01490000 0.02220290
0.01485000 0.02215890
0.01480000 0.02211486
0.01475000 0.02207078
0.01470000 0.02202666
0.01465000 0.02198249
0.01460000 0.02193827
0.01455000 0.02189401
0.01450000 0.02184971
0.01445000 0.02180536
0.01440000 0.02176096
0.01435000 0.02171652
0.01430000 0.02167203
0.01425000 0.02162750
0.01420000 0.02158292
0.01415000 0.02153829
0.01410000 0.02149361
0.01405000 0.02144889
0.01400000 0.02140412
0.01395000 0.02135931
0.01390000 0.02131444
0.01385000 0.02126952
0.01380000 0.02122456
0.01375000 0.02117955
0.01370000 0.02113449
0.01365000 0.02108937
0.01360000 0.02104421
0.01355000 0.02099900
0.01350000 0.02095374
0.01345000 0.02090842
0.01340000 0.02086306
0.01335000 0.02081764
0.01330000 0.02077217
0.01325000 0.02072665
0.01320000 0.02068107
0.01315000 0.02063545
0.01310000 0.02058977
0.01305000 0.02054403
0.01300000 0.02049824
0.01295000 0.02045240
0.01290000 0.02040650
0.01285000 0.02036055
0.01280000 0.02031454
0.01275000 0.02026848
0.01270000 0.02022236
0.01265000 0.02017618
0.01260000 0.02012995
0.01255000 0.02008366
0.01250000 0.02003731
0.01245000 0.01999091
0.01240000 0.01994444
0.01235000 0.01989792
0.01230000 0.01985134
0.01225000 0.01980469
0.01220000 0.01975799
0.01215000 0.01971123
0.01210000 0.01966441
0.01205000 0.01961752
0.01200000 0.01957058
0.01195000 0.01952357
0.01190000 0.01947650
0.01185000 0.01942936
0.01180000 0.01938216
0.01175000 0.01933490
0.01170000 0.01928758
0.01165000 0.01924019
0.01160000 0.01919273
0.01155000 0.01914521
0.01150000 0.01909762
0.01145000 0.01904997
0.01140000 0.01900225
0.01135000 0.01895446
0.01130000 0.01890660
0.01125000 0.01885867
0.01120000 0.01881068
0.01115000 0.01876261
0.01110000 0.01871448
0.01105000 0.01866627
0.01100000 0.01861800
0.01095000 0.01856965
0.01090000 0.01852123
0.01085000 0.01847273
0.01080000 0.01842416
0.01075000 0.01837552
0.01070000 0.01832681
0.01065000 0.01827801
0.01060000 0.01822915
0.01055000 0.01818020
0.01050000 0.01813118
0.01045000 0.01808208
0.01040000 0.01803291
0.01035000 0.01798365
0.01030000 0.01793432
0.01025000 0.01788490
0.01020000 0.01783541
0.01015000 0.01778583
0.01010000 0.01773617
0.01005000 0.01768643
0.01000000 0.01763660
0.00995000 0.01758669
0.00990000 0.01753670
0.00985000 0.01748662
0.00980000 0.01743645
0.00975000 0.01738620
0.00970000 0.01733586
0.00965000 0.01728543
0.00960000 0.01723491
0.00955000 0.01718430
0.00950000 0.01713360
0.00945000 0.01708281
0.00940000 0.01703192
0.00935000 0.01698095
0.00930000 0.01692988
0.00925000 0.01687871
0.00920000 0.01682745
0.00915000 0.01677609
0.00910000 0.01672463
0.00905000 0.01667308
0.00900000 0.01662143
0.00895000 0.01656967
0.00890000 0.01651782
0.00885000 0.01646586
0.00880000 0.01641380
0.00875000 0.01636164
0.00870000 0.01630937
0.00865000 0.01625699
0.00860000 0.01620451
0.00855000 0.01615192
0.00850000 0.01609922
0.00845000 0.01604642
0.00840000 0.01599350
0.00835000 0.01594046
0.00830000 0.01588732
0.00825000 0.01583406
0.00820000 0.01578068
0.00815000 0.01572719
0.00810000 0.01567358
0.00805000 0.01561985
0.00800000 0.01556600
0.00795000 0.01551203
0.00790000 0.01545793
0.00785000 0.01540371
0.00780000 0.01534937
0.00775000 0.01529490
0.00770000 0.01524030
0.00765000 0.01518557
0.00760000 0.01513071
0.00755000 0.01507572
0.00750000 0.01502059
0.00745000 0.01496533
0.00740000 0.01490994
0.00735000 0.01485440
0.00730000 0.01479873
0.00725000 0.01474291
0.00720000 0.01468695
0.00715000 0.01463085
0.00710000 0.01457460
0.00705000 0.01451820
0.00700000 0.01446165
0.00695000 0.01440495
0.00690000 0.01434810
0.00685000 0.01429109
0.00680000 0.01423393
0.00675000 0.01417661
0.00670000 0.01411912
0.00665000 0.01406148
0.00660000 0.01400367
0.00655000 0.01394569
0.00650000 0.01388755
0.00645000 0.01382923
0.00640000 0.01377074
0.00635000 0.01371208
0.00630000 0.01365324
0.00625000 0.01359422
0.00620000 0.01353502
0.00615000 0.01347563
0.00610000 0.01341606
0.00605000 0.01335629
0.00600000 0.01329634
0.00595000 0.01323619
0.00590000 0.01317585
0.00585000 0.01311530
0.00580000 0.01305455
0.00575000 0.01299360
0.00570000 0.01293244
0.00565000 0.01287107
0.00560000 0.01280948
0.00555000 0.01274768
0.00550000 0.01268565
0.00545000 0.01262341
0.00540000 0.01256093
0.00535000 0.01249823
0.00530000 0.01243529
0.00525000 0.01237211
0.00520000 0.01230870
0.00515000 0.01224504
0.00510000 0.01218113
0.00505000 0.01211697
0.00500000 0.01205255
0.00495000 0.01198787
0.00490000 0.01192293
0.00485000 0.01185771
0.00480000 0.01179223
0.00475000 0.01172646
0.00470000 0.01166042
0.00465000 0.01159408
0.00460000 0.01152746
0.00455000 0.01146053
0.00450000 0.01139330
0.00445000 0.01132577
0.00440000 0.01125792
0.00435000 0.01118975
0.00430000 0.01112126
0.00425000 0.01105243
0.00420000 0.01098327
0.00415000 0.01091376
0.00410000 0.01084390
0.00405000 0.01077369
0.00400000 0.01070311
0.00395000 0.01063216
0.00390000 0.01056083
0.00385000 0.01048911
0.00380000 0.01041700
0.00375000 0.01034449
0.00370000 0.01027156
0.00365000 0.01019822
0.00360000 0.01012444
0.00355000 0.01005023
0.00350000 0.00997557
0.00345000 0.00990044
0.00340000 0.00982485
0.00335000 0.00974878
0.00330000 0.00967222
0.00325000 0.00959515
0.00320000 0.00951757
0.00315000 0.00943946
0.00310000 0.00936081
0.00305000 0.00928161
0.00300000 0.00920183
0.00295000 0.00912147
0.00290000 0.00904051
0.00285000 0.00895894
0.00280000 0.00887673
0.00275000 0.00879387
0.00270000 0.00871034
0.00265000 0.00862613
0.00260000 0.00854120
0.00255000 0.00845554
0.00250000 0.00836913
0.00245000 0.00828195
0.00240000 0.00819396
0.00235000 0.00810515
0.00230000 0.00801548
0.00225000 0.00792493
0.00220000 0.00783346
0.00215000 0.00774104
0.00210000 0.00764765
0.00205000 0.00755324
0.00200000 0.00745777
0.00195000 0.00736120
0.00190000 0.00726350
0.00185000 0.00716460
0.00180000 0.00706447
0.00175000 0.00696305
0.00170000 0.00686028
0.00165000 0.00675610
0.00160000 0.00665044
0.00155000 0.00654324
0.00150000 0.00643442
0.00145000 0.00632388
0.00140000 0.00621155
0.00135000 0.00609731
0.00130000 0.00598107
0.00125000 0.00586271
0.00120000 0.00574208
0.00115000 0.00561905
0.00110000 0.00549345
0.00105000 0.00536511
0.00100000 0.00523383
0.00095000 0.00509936
0.00090000 0.00496147
0.00085000 0.00481984
0.00080000 0.00467415
0.00075000 0.00452400
0.00070000 0.00436893
0.00065000 0.00420840
0.00060000 0.00404175
0.00055000 0.00386820
0.00050000 0.00368677
0.00045000 0.00349624
0.00040000 0.00329502
0.00035000 0.00308102
0.00030000 0.00285138
0.00025000 0.00260194
0.00020000 0.00232635
0.00015000 0.00201390
0.00010000 0.00164371
0.00005000 0.00116183
0.00000000 0.00000000
0.00005000 -0.00116079
0.00010000 -0.00164077
0.00015000 -0.00200850
0.00020000 -0.00231804
0.00025000 -0.00259033
0.00030000 -0.00283612
0.00035000 -0.00306180
0.00040000 -0.00327154
0.00045000 -0.00346822
0.00050000 -0.00365397
0.00055000 -0.00383036
0.00060000 -0.00399865
0.00065000 -0.00415981
0.00070000 -0.00431464
0.00075000 -0.00446380
0.00080000 -0.00460785
0.00085000 -0.00474724
0.00090000 -0.00488239
0.00095000 -0.00501362
0.00100000 -0.00514125
0.00105000 -0.00526553
0.00110000 -0.00538669
0.00115000 -0.00550495
0.00120000 -0.00562048
0.00125000 -0.00573346
0.00130000 -0.00584403
0.00135000 -0.00595231
0.00140000 -0.00605845
0.00145000 -0.00616254
0.00150000 -0.00626470
0.00155000 -0.00636501
0.00160000 -0.00646356
0.00165000 -0.00656043
0.00170000 -0.00665569
0.00175000 -0.00674941
0.00180000 -0.00684166
0.00185000 -0.00693249
0.00190000 -0.00702197
0.00195000 -0.00711013
0.00200000 -0.00719703
0.00205000 -0.00728272
0.00210000 -0.00736724
0.00215000 -0.00745062
0.00220000 -0.00753291
0.00225000 -0.00761414
0.00230000 -0.00769434
0.00235000 -0.00777355
0.00240000 -0.00785180
0.00245000 -0.00792912
0.00250000 -0.00800553
0.00255000 -0.00808105
0.00260000 -0.00815573
0.00265000 -0.00822956
0.00270000 -0.00830259
0.00275000 -0.00837483
0.00280000 -0.00844630
0.00285000 -0.00851702
0.00290000 -0.00858702
0.00295000 -0.00865630
0.00300000 -0.00872488
0.00305000 -0.00879279
0.00310000 -0.00886003
0.00315000 -0.00892663
0.00320000 -0.00899259
0.00325000 -0.00905794
0.00330000 -0.00912267
0.00335000 -0.00918682
0.00340000 -0.00925039
0.00345000 -0.00931338
0.00350000 -0.00937583
0.00355000 -0.00943772
0.00360000 -0.00949909
0.00365000 -0.00955992
0.00370000 -0.00962025
0.00375000 -0.00968007
0.00380000 -0.00973940
0.00385000 -0.00979824
0.00390000 -0.00985661
0.00395000 -0.00991450
0.00400000 -0.00997194
0.00405000 -0.01002893
0.00410000 -0.01008547
0.00415000 -0.01014158
0.00420000 -0.01019726
0.00425000 -0.01025251
0.00430000 -0.01030736
0.00435000 -0.01036179
0.00440000 -0.01041582
0.00445000 -0.01046946
0.00450000 -0.01052271
0.00455000 -0.01057558
0.00460000 -0.01062807
0.00465000 -0.01068019
0.00470000 -0.01073194
0.00475000 -0.01078334
0.00480000 -0.01083438
0.00485000 -0.01088507
0.00490000 -0.01093541
0.00495000 -0.01098542
0.00500000 -0.01103509
0.00505000 -0.01108443
0.00510000 -0.01113344
0.00515000 -0.01118213
0.00520000 -0.01123051
0.00525000 -0.01127857
0.00530000 -0.01132633
0.00535000 -0.01137378
0.00540000 -0.01142093
0.00545000 -0.01146778
0.00550000 -0.01151434
0.00555000 -0.01156061
0.00560000 -0.01160659
0.00565000 -0.01165229
0.00570000 -0.01169772
0.00575000 -0.01174286
0.00580000 -0.01178774
0.00585000 -0.01183235
0.00590000 -0.01187669
0.00595000 -0.01192077
0.00600000 -0.01196459
0.00605000 -0.01200815
0.00610000 -0.01205146
0.00615000 -0.01209451
0.00620000 -0.01213732
0.00625000 -0.01217989
0.00630000 -0.01222221
0.00635000 -0.01226429
0.00640000 -0.01230614
0.00645000 -0.01234775
0.00650000 -0.01238913
0.00655000 -0.01243027
0.00660000 -0.01247119
0.00665000 -0.01251189
0.00670000 -0.01255236
0.00675000 -0.01259262
0.00680000 -0.01263265
0.00685000 -0.01267247
0.00690000 -0.01271207
0.00695000 -0.01275146
0.00700000 -0.01279065
0.00705000 -0.01282962
0.00710000 -0.01286839
0.00715000 -0.01290696
0.00720000 -0.01294532
0.00725000 -0.01298349
0.00730000 -0.01302145
0.00735000 -0.01305922
0.00740000 -0.01309680
0.00745000 -0.01313418
0.00750000 -0.01317138
0.00755000 -0.01320838
0.00760000 -0.01324520
0.00765000 -0.01328183
0.00770000 -0.01331828
0.00775000 -0.01335454
0.00780000 -0.01339063
0.00785000 -0.01342653
0.00790000 -0.01346226
0.00795000 -0.01349781
0.00800000 -0.01353319
0.00805000 -0.01356839
0.00810000 -0.01360342
0.00815000 -0.01363829
0.00820000 -0.01367298
0.00825000 -0.01370751
0.00830000 -0.01374187
0.00835000 -0.01377606
0.00840000 -0.01381009
0.00845000 -0.01384396
0.00850000 -0.01387767
0.00855000 -0.01391122
0.00860000 -0.01394462
0.00865000 -0.01397785
0.00870000 -0.01401093
0.00875000 -0.01404385
0.00880000 -0.01407663
0.00885000 -0.01410925
0.00890000 -0.01414172
0.00895000 -0.01417403
0.00900000 -0.01420620
0.00905000 -0.01423823
0.00910000 -0.01427010
0.00915000 -0.01430183
0.00920000 -0.01433342
0.00925000 -0.01436486
0.00930000 -0.01439617
0.00935000 -0.01442733
0.00940000 -0.01445835
0.00945000 -0.01448923
0.00950000 -0.01451997
0.00955000 -0.01455058
0.00960000 -0.01458105
0.00965000 -0.01461138
0.00970000 -0.01464158
0.00975000 -0.01467165
0.00980000 -0.01470158
0.00985000 -0.01473138
0.00990000 -0.01476106
0.00995000 -0.01479060
0.01000000 -0.01482001
0.01005000 -0.01484930
0.01010000 -0.01487846
0.01015000 -0.01490749
0.01020000 -0.01493640
0.01025000 -0.01496518
0.01030000 -0.01499384
0.01035000 -0.01502237
0.01040000 -0.01505079
0.01045000 -0.01507908
0.01050000 -0.01510725
0.01055000 -0.01513530
0.01060000 -0.01516323
0.01065000 -0.01519105
0.01070000 -0.01521874
0.01075000 -0.01524632
0.01080000 -0.01527379
0.01085000 -0.01530113
0.01090000 -0.01532837
0.01095000 -0.01535549
0.01100000 -0.01538249
0.01105000 -0.01540939
0.01110000 -0.01543617
0.01115000 -0.01546284
0.01120000 -0.01548940
0.01125000 -0.01551585
0.01130000 -0.01554219
0.01135000 -0.01556842
0.01140000 -0.01559454
0.01145000 -0.01562056
0.01150000 -0.01564647
0.01155000 -0.01567228
0.01160000 -0.01569797
0.01165000 -0.01572357
0.01170000 -0.01574906
0.01175000 -0.01577444
0.01180000 -0.01579973
0.01185000 -0.01582491
0.01190000 -0.01584999
0.01195000 -0.01587496
0.01200000 -0.01589984
0.01205000 -0.01592462
0.01210000 -0.01594929
0.01215000 -0.01597387
0.01220000 -0.01599835
0.01225000 -0.01602273
0.01230000 -0.01604701
0.01235000 -0.01607120
0.01240000 -0.01609529
0.01245000 -0.01611929
0.01250000 -0.01614319
0.01255000 -0.01616699
0.01260000 -0.01619070
0.01265000 -0.01621432
0.01270000 -0.01623784
0.01275000 -0.01626127
0.01280000 -0.01628461
0.01285000 -0.01630785
0.01290000 -0.01633101
0.01295000 -0.01635407
0.01300000 -0.01637704
0.01305000 -0.01639993
0.01310000 -0.01642272
0.01315000 -0.01644542
0.01320000 -0.01646804
0.01325000 -0.01649057
0.01330000 -0.01651301
0.01335000 -0.01653536
0.01340000 -0.01655763
0.01345000 -0.01657981
0.01350000 -0.01660190
0.01355000 -0.01662391
0.01360000 -0.01664583
0.01365000 -0.01666767
0.01370000 -0.01668942
0.01375000 -0.01671109
0.01380000 -0.01673268
0.01385000 -0.01675418
0.01390000 -0.01677560
0.01395000 -0.01679694
0.01400000 -0.01681820
0.01405000 -0.01683937
0.01410000 -0.01686047
0.01415000 -0.01688148
0.01420000 -0.01690241
0.01425000 -0.01692327
0.01430000 -0.01694404
0.01435000 -0.01696473
0.01440000 -0.01698535
0.01445000 -0.01700589
0.01450000 -0.01702634
0.01455000 -0.01704673
0.01460000 -0.01706703
0.01465000 -0.01708726
0.01470000 -0.01710741
0.01475000 -0.01712748
0.01480000 -0.01714748
0.01485000 -0.01716740
0.01490000 -0.01718725
0.01495000 -0.01720702
0.01500000 -0.01722672
0.01505000 -0.01724634
0.01510000 -0.01726589
0.01515000 -0.01728536
0.01520000 -0.01730477
0.01525000 -0.01732410
0.01530000 -0.01734335
0.01535000 -0.01736254
0.01540000 -0.01738165
0.01545000 -0.01740069
0.01550000 -0.01741966
0.01555000 -0.01743856
0.01560000 -0.01745738
0.01565000 -0.01747614
0.01570000 -0.01749483
0.01575000 -0.01751344
0.01580000 -0.01753199
0.01585000 -0.01755047
0.01590000 -0.01756888
0.01595000 -0.01758722
0.01600000 -0.01760549
0.01605000 -0.01762369
0.01610000 -0.01764183
0.01615000 -0.01765990
0.01620000 -0.01767790
0.01625000 -0.01769583
0.01630000 -0.01771370
0.01635000 -0.01773150
0.01640000 -0.01774924
0.01645000 -0.01776691
0.01650000 -0.01778451
0.01655000 -0.01780205
0.01660000 -0.01781952
0.01665000 -0.01783693
0.01670000 -0.01785427
0.01675000 -0.01787155
0.01680000 -0.01788877
0.01685000 -0.01790592
0.01690000 -0.01792301
0.01695000 -0.01794003
0.01700000 -0.01795699
0.01705000 -0.01797389
0.01710000 -0.01799073
0.01715000 -0.01800750
0.01720000 -0.01802421
0.01725000 -0.01804086
0.01730000 -0.01805745
0.01735000 -0.01807398
0.01740000 -0.01809045
0.01745000 -0.01810685
0.01750000 -0.01812320
0.01755000 -0.01813948
0.01760000 -0.01815571
0.01765000 -0.01817187
0.01770000 -0.01818798
0.01775000 -0.01820402
0.01780000 -0.01822001
0.01785000 -0.01823593
0.01790000 -0.01825180
0.01795000 -0.01826761
0.01800000 -0.01828336
0.01805000 -0.01829906
0.01810000 -0.01831469
0.01815000 -0.01833027
0.01820000 -0.01834579
0.01825000 -0.01836126
0.01830000 -0.01837666
0.01835000 -0.01839201
0.01840000 -0.01840730
0.01845000 -0.01842254
0.01850000 -0.01843772
0.01855000 -0.01845284
0.01860000 -0.01846791
0.01865000 -0.01848293
0.01870000 -0.01849788
0.01875000 -0.01851279
0.01880000 -0.01852763
0.01885000 -0.01854243
0.01890000 -0.01855716
0.01895000 -0.01857185
0.01900000 -0.01858648
0.01905000 -0.01860105
0.01910000 -0.01861557
0.01915000 -0.01863004
0.01920000 -0.01864446
0.01925000 -0.01865882
0.01930000 -0.01867313
0.01935000 -0.01868738
0.01940000 -0.01870158
0.01945000 -0.01871573
0.01950000 -0.01872983
0.01955000 -0.01874388
0.01960000 -0.01875787
0.01965000 -0.01877181
0.01970000 -0.01878570
0.01975000 -0.01879954
0.01980000 -0.01881333
0.01985000 -0.01882707
0.01990000 -0.01884075
0.01995000 -0.01885439
0.02000000 -0.01886797
0.02005000 -0.01888151
0.02010000 -0.01889499
0.02015000 -0.01890843
0.02020000 -0.01892181
0.02025000 -0.01893515
0.02030000 -0.01894843
0.02035000 -0.01896167
0.02040000 -0.01897486
0.02045000 -0.01898799
0.02050000 -0.01900108
0.02055000 -0.01901412
0.02060000 -0.01902711
0.02065000 -0.01904006
0.02070000 -0.01905295
0.02075000 -0.01906580
0.02080000 -0.01907860
0.02085000 -0.01909135
0.02090000 -0.01910405
0.02095000 -0.01911671
0.02100000 -0.01912932
0.02105000 -0.01914188
0.02110000 -0.01915440
0.02115000 -0.01916687
0.02120000 -0.01917929
0.02125000 -0.01919166
0.02130000 -0.01920399
0.02135000 -0.01921628
0.02140000 -0.01922851
0.02145000 -0.01924070
0.02150000 -0.01925285
0.02155000 -0.01926495
0.02160000 -0.01927700
0.02165000 -0.01928901
0.02170000 -0.01930098
0.02175000 -0.01931290
0.02180000 -0.01932477
0.02185000 -0.01933660
0.02190000 -0.01934838
0.02195000 -0.01936012
0.02200000 -0.01937182
0.02205000 -0.01938347
0.02210000 -0.01939508
0.02215000 -0.01940664
0.02220000 -0.01941816
0.02225000 -0.01942964
0.02230000 -0.01944107
0.02235000 -0.01945246
0.02240000 -0.01946381
0.02245000 -0.01947511
0.02250000 -0.01948637
0.02255000 -0.01949759
0.02260000 -0.01950876
0.02265000 -0.01951990
0.02270000 -0.01953098
0.02275000 -0.01954203
0.02280000 -0.01955304
0.02285000 -0.01956400
0.02290000 -0.01957492
0.02295000 -0.01958580
0.02300000 -0.01959664
0.02305000 -0.01960744
0.02310000 -0.01961819
0.02315000 -0.01962891
0.02320000 -0.01963958
0.02325000 -0.01965021
0.02330000 -0.01966080
0.02335000 -0.01967135
0.02340000 -0.01968186
0.02345000 -0.01969233
0.02350000 -0.01970276
0.02355000 -0.01971315
0.02360000 -0.01972349
0.02365000 -0.01973380
0.02370000 -0.01974407
0.02375000 -0.01975430
0.02380000 -0.01976449
0.02385000 -0.01977463
0.02390000 -0.01978474
0.02395000 -0.01979481
0.02400000 -0.01980484
0.02405000 -0.01981484
0.02410000 -0.01982479
0.02415000 -0.01983470
0.02420000 -0.01984458
0.02425000 -0.01985441
0.02430000 -0.01986421
0.02435000 -0.01987397
0.02440000 -0.01988369
0.02445000 -0.01989337
0.02450000 -0.01990302
0.02455000 -0.01991262
0.02460000 -0.01992219
0.02465000 -0.01993172
0.02470000 -0.01994122
0.02475000 -0.01995067
0.02480000 -0.01996009
0.02485000 -0.01996947
0.02490000 -0.01997881
0.02495000 -0.01998812
0.02500000 -0.01999739
0.02505000 -0.02000662
0.02510000 -0.02001582
0.02515000 -0.02002498
0.02520000 -0.02003410
0.02525000 -0.02004318
0.02530000 -0.02005223
0.02535000 -0.02006125
0.02540000 -0.02007022
0.02545000 -0.02007916
0.02550000 -0.02008807
0.02555000 -0.02009694
0.02560000 -0.02010577
0.02565000 -0.02011457
0.02570000 -0.02012333
0.02575000 -0.02013205
0.02580000 -0.02014074
0.02585000 -0.02014940
0.02590000 -0.02015802
0.02595000 -0.02016660
0.02600000 -0.02017515
0.02605000 -0.02018367
0.02610000 -0.02019215
0.02615000 -0.02020059
0.02620000 -0.02020900
0.02625000 -0.02021738
0.02630000 -0.02022572
0.02635000 -0.02023403
0.02640000 -0.02024230
0.02645000 -0.02025054
0.02650000 -0.02025874
0.02655000 -0.02026691
0.02660000 -0.02027505
0.02665000 -0.02028315
0.02670000 -0.02029122
0.02675000 -0.02029926
0.02680000 -0.02030726
0.02685000 -0.02031523
0.02690000 -0.02032316
0.02695000 -0.02033107
0.02700000 -0.02033894
0.02705000 -0.02034677
0.02710000 -0.02035457
0.02715000 -0.02036234
0.02720000 -0.02037008
0.02725000 -0.02037778
0.02730000 -0.02038546
0.02735000 -0.02039309
0.02740000 -0.02040070
0.02745000 -0.02040827
0.02750000 -0.02041582
0.02755000 -0.02042333
0.02760000 -0.02043080
0.02765000 -0.02043825
0.02770000 -0.02044566
0.02775000 -0.02045304
0.02780000 -0.02046039
0.02785000 -0.02046771
0.02790000 -0.02047500
0.02795000 -0.02048225
0.02800000 -0.02048947
0.02805000 -0.02049666
0.02810000 -0.02050382
0.02815000 -0.02051095
0.02820000 -0.02051805
0.02825000 -0.02052512
0.02830000 -0.02053215
0.02835000 -0.02053916
0.02840000 -0.02054613
0.02845000 -0.02055308
0.02850000 -0.02055999
0.02855000 -0.02056687
0.02860000 -0.02057372
0.02865000 -0.02058054
0.02870000 -0.02058733
0.02875000 -0.02059409
0.02880000 -0.02060082
0.02885000 -0.02060752
0.02890000 -0.02061419
0.02895000 -0.02062083
0.02900000 -0.02062744
0.02905000 -0.02063402
0.02910000 -0.02064057
0.02915000 -0.02064710
0.02920000 -0.02065359
0.02925000 -0.02066005
0.02930000 -0.02066648
0.02935000 -0.02067288
0.02940000 -0.02067926
0.02945000 -0.02068560
0.02950000 -0.02069192
0.02955000 -0.02069820
0.02960000 -0.02070446
0.02965000 -0.02071069
0.02970000 -0.02071689
0.02975000 -0.02072306
0.02980000 -0.02072920
0.02985000 -0.02073531
0.02990000 -0.02074139
0.02995000 -0.02074745
0.03000000 -0.02075348
0.03005000 -0.02075948
0.03010000 -0.02076545
0.03015000 -0.02077139
0.03020000 -0.02077730
0.03025000 -0.02078319
0.03030000 -0.02078905
0.03035000 -0.02079488
0.03040000 -0.02080068
0.03045000 -0.02080645
0.03050000 -0.02081220
0.03055000 -0.02081792
0.03060000 -0.02082361
0.03065000 -0.02082927
0.03070000 -0.02083491
0.03075000 -0.02084052
0.03080000 -0.02084610
0.03085000 -0.02085166
0.03090000 -0.02085718
0.03095000 -0.02086268
0.03100000 -0.02086815
0.03105000 -0.02087360
0.03110000 -0.02087902
0.03115000 -0.02088441
0.03120000 -0.02088978
0.03125000 -0.02089511
0.03130000 -0.02090043
0.03135000 -0.02090571
0.03140000 -0.02091097
0.03145000 -0.02091620
0.03150000 -0.02092141
0.03155000 -0.02092658
0.03160000 -0.02093174
0.03165000 -0.02093686
0.03170000 -0.02094196
0.03175000 -0.02094704
0.03180000 -0.02095209
0.03185000 -0.02095711
0.03190000 -0.02096210
0.03195000 -0.02096707
0.03200000 -0.02097202
0.03205000 -0.02097694
0.03210000 -0.02098183
0.03215000 -0.02098670
0.03220000 -0.02099154
0.03225000 -0.02099635
0.03230000 -0.02100114
0.03235000 -0.02100591
0.03240000 -0.02101065
0.03245000 -0.02101536
0.03250000 -0.02102005
0.03255000 -0.02102472
0.03260000 -0.02102936
0.03265000 -0.02103397
0.03270000 -0.02103856
0.03275000 -0.02104312
0.03280000 -0.02104766
0.03285000 -0.02105218
0.03290000 -0.02105667
0.03295000 -0.02106113
0.03300000 -0.02106557
0.03305000 -0.02106999
0.03310000 -0.02107438
0.03315000 -0.02107874
0.03320000 -0.02108309
0.03325000 -0.02108741
0.03330000 -0.02109170
0.03335000 -0.02109597
0.03340000 -0.02110021
0.03345000 -0.02110443
0.03350000 -0.02110863
0.03355000 -0.02111280
0.03360000 -0.02111695
0.03365000 -0.02112108
0.03370000 -0.02112518
0.03375000 -0.02112926
0.03380000 -0.02113331
0.03385000 -0.02113734
0.03390000 -0.02114135
0.03395000 -0.02114533
0.03400000 -0.02114929
0.03405000 -0.02115322
0.03410000 -0.02115714
0.03415000 -0.02116103
0.03420000 -0.02116489
0.03425000 -0.02116873
0.03430000 -0.02117255
0.03435000 -0.02117635
0.03440000 -0.02118012
0.03445000 -0.02118387
0.03450000 -0.02118760
0.03455000 -0.02119130
0.03460000 -0.02119498
0.03465000 -0.02119864
0.03470000 -0.02120228
0.03475000 -0.02120589
0.03480000 -0.02120948
0.03485000 -0.02121305
0.03490000 -0.02121659
0.03495000 -0.02122011
0.03500000 -0.02122361
0.03505000 -0.02122709
0.03510000 -0.02123054
0.03515000 -0.02123398
0.03520000 -0.02123739
0.03525000 -0.02124077
0.03530000 -0.02124414
0.03535000 -0.02124748
0.03540000 -0.02125080
0.03545000 -0.02125410
0.03550000 -0.02125738
0.03555000 -0.02126064
0.03560000 -0.02126387
0.03565000 -0.02126708
0.03570000 -0.02127027
0.03575000 -0.02127344
0.03580000 -0.02127659
0.03585000 -0.02127971
0.03590000 -0.02128282
0.03595000 -0.02128590
0.03600000 -0.02128896
0.03605000 -0.02129200
0.03610000 -0.02129501
0.03615000 -0.02129801
0.03620000 -0.02130098
0.03625000 -0.02130394
0.03630000 -0.02130687
0.03635000 -0.02130978
0.03640000 -0.02131267
0.03645000 -0.02131554
0.03650000 -0.02131839
0.03655000 -0.02132121
0.03660000 -0.02132402
0.03665000 -0.02132680
0.03670000 -0.02132957
0.03675000 -0.02133231
0.03680000 -0.02133503
0.03685000 -0.02133773
0.03690000 -0.02134041
0.03695000 -0.02134307
0.03700000 -0.02134571
0.03705000 -0.02134833
0.03710000 -0.02135093
0.03715000 -0.02135351
0.03720000 -0.02135607
0.03725000 -0.02135860
0.03730000 -0.02136112
0.03735000 -0.02136362
0.03740000 -0.02136610
0.03745000 -0.02136855
0.03750000 -0.02137099
0.03755000 -0.02137340
0.03760000 -0.02137580
0.03765000 -0.02137818
0.03770000 -0.02138053
0.03775000 -0.02138287
0.03780000 -0.02138518
0.03785000 -0.02138748
0.03790000 -0.02138976
0.03795000 -0.02139201
0.03800000 -0.02139425
0.03805000 -0.02139647
0.03810000 -0.02139867
0.03815000 -0.02140084
0.03820000 -0.02140300
0.03825000 -0.02140514
0.03830000 -0.02140726
0.03835000 -0.02140936
0.03840000 -0.02141144
0.03845000 -0.02141350
0.03850000 -0.02141555
0.03855000 -0.02141757
0.03860000 -0.02141957
0.03865000 -0.02142156
0.03870000 -0.02142352
0.03875000 -0.02142547
0.03880000 -0.02142740
0.03885000 -0.02142931
0.03890000 -0.02143119
0.03895000 -0.02143307
0.03900000 -0.02143492
0.03905000 -0.02143675
0.03910000 -0.02143856
0.03915000 -0.02144036
0.03920000 -0.02144213
0.03925000 -0.02144389
0.03930000 -0.02144563
0.03935000 -0.02144735
0.03940000 -0.02144905
0.03945000 -0.02145074
0.03950000 -0.02145240
0.03955000 -0.02145405
0.03960000 -0.02145568
0.03965000 -0.02145728
0.03970000 -0.02145888
0.03975000 -0.02146045
0.03980000 -0.02146200
0.03985000 -0.02146354
0.03990000 -0.02146506
0.03995000 -0.02146656
0.04000000 -0.02146804
0.04005000 -0.02146950
0.04010000 -0.02147095
0.04015000 -0.02147238
0.04020000 -0.02147379
0.04025000 -0.02147518
0.04030000 -0.02147655
0.04035000 -0.02147791
0.04040000 -0.02147925
0.04045000 -0.02148057
0.04050000 -0.02148187
0.04055000 -0.02148316
0.04060000 -0.02148442
0.04065000 -0.02148567
0.04070000 -0.02148691
0.04075000 -0.02148812
0.04080000 -0.02148932
0.04085000 -0.02149050
0.04090000 -0.02149166
0.04095000 -0.02149280
0.04100000 -0.02149393
0.04105000 -0.02149504
0.04110000 -0.02149613
0.04115000 -0.02149721
0.04120000 -0.02149827
0.04125000 -0.02149931
0.04130000 -0.02150033
0.04135000 -0.02150134
0.04140000 -0.02150233
0.04145000 -0.02150330
0.04150000 -0.02150426
0.04155000 -0.02150520
0.04160000 -0.02150612
0.04165000 -0.02150702
0.04170000 -0.02150791
0.04175000 -0.02150878
0.04180000 -0.02150964
0.04185000 -0.02151047
0.04190000 -0.02151130
0.04195000 -0.02151210
0.04200000 -0.02151289
0.04205000 -0.02151366
0.04210000 -0.02151441
0.04215000 -0.02151515
0.04220000 -0.02151587
0.04225000 -0.02151658
0.04230000 -0.02151726
0.04235000 -0.02151794
0.04240000 -0.02151859
0.04245000 -0.02151923
0.04250000 -0.02151985
0.04255000 -0.02152046
0.04260000 -0.02152105
0.04265000 -0.02152162
0.04270000 -0.02152218
0.04275000 -0.02152272
0.04280000 -0.02152325
0.04285000 -0.02152376
0.04290000 -0.02152425
0.04295000 -0.02152473
0.04300000 -0.02152519
0.04305000 -0.02152563
0.04310000 -0.02152606
0.04315000 -0.02152647
0.04320000 -0.02152687
0.04325000 -0.02152725
0.04330000 -0.02152762
0.04335000 -0.02152797
0.04340000 -0.02152830
0.04345000 -0.02152862
0.04350000 -0.02152893
0.04355000 -0.02152921
0.04360000 -0.02152948
0.04365000 -0.02152974
0.04370000 -0.02152998
0.04375000 -0.02153021
0.04380000 -0.02153041
0.04385000 -0.02153061
0.04390000 -0.02153079
0.04395000 -0.02153095
0.04400000 -0.02153110
0.04405000 -0.02153123
0.04410000 -0.02153135
0.04415000 -0.02153145
0.04420000 -0.02153154
0.04425000 -0.02153161
0.04430000 -0.02153166
0.04435000 -0.02153171
0.04440000 -0.02153173
0.04445000 -0.02153174
0.04450000 -0.02153174
0.04455000 -0.02153172
0.04460000 -0.02153168
0.04465000 -0.02153164
0.04470000 -0.02153157
0.04475000 -0.02153149
0.04480000 -0.02153140
0.04485000 -0.02153129
0.04490000 -0.02153117
0.04495000 -0.02153103
0.04500000 -0.02153088
0.04505000 -0.02153071
0.04510000 -0.02153052
0.04515000 -0.02153033
0.04520000 -0.02153012
0.04525000 -0.02152989
0.04530000 -0.02152965
0.04535000 -0.02152939
0.04540000 -0.02152912
0.04545000 -0.02152884
0.04550000 -0.02152854
0.04555000 -0.02152823
0.04560000 -0.02152790
0.04565000 -0.02152756
0.04570000 -0.02152720
0.04575000 -0.02152683
0.04580000 -0.02152644
0.04585000 -0.02152604
0.04590000 -0.02152563
0.04595000 -0.02152520
0.04600000 -0.02152476
0.04605000 -0.02152430
0.04610000 -0.02152383
0.04615000 -0.02152335
0.04620000 -0.02152285
0.04625000 -0.02152234
0.04630000 -0.02152181
0.04635000 -0.02152127
0.04640000 -0.02152071
0.04645000 -0.02152015
0.04650000 -0.02151956
0.04655000 -0.02151897
0.04660000 -0.02151836
0.04665000 -0.02151773
0.04670000 -0.02151710
0.04675000 -0.02151644
0.04680000 -0.02151578
0.04685000 -0.02151510
0.04690000 -0.02151441
0.04695000 -0.02151370
0.04700000 -0.02151298
0.04705000 -0.02151225
0.04710000 -0.02151150
0.04715000 -0.02151074
0.04720000 -0.02150997
0.04725000 -0.02150918
0.04730000 -0.02150838
0.04735000 -0.02150756
0.04740000 -0.02150674
0.04745000 -0.02150589
0.04750000 -0.02150504
0.04755000 -0.02150417
0.04760000 -0.02150329
0.04765000 -0.02150240
0.04770000 -0.02150149
0.04775000 -0.02150057
0.04780000 -0.02149963
0.04785000 -0.02149868
0.04790000 -0.02149772
0.04795000 -0.02149675
0.04800000 -0.02149576
0.04805000 -0.02149476
0.04810000 -0.02149375
0.04815000 -0.02149272
0.04820000 -0.02149169
0.04825000 -0.02149063
0.04830000 -0.02148957
0.04835000 -0.02148849
0.04840000 -0.02148740
0.04845000 -0.02148630
0.04850000 -0.02148518
0.04855000 -0.02148405
0.04860000 -0.02148291
0.04865000 -0.02148175
0.04870000 -0.02148059
0.04875000 -0.02147941
0.04880000 -0.02147821
0.04885000 -0.02147701
0.04890000 -0.02147579
0.04895000 -0.02147456
0.04900000 -0.02147331
0.04905000 -0.02147206
0.04910000 -0.02147079
0.04915000 -0.02146951
0.04920000 -0.02146822
0.04925000 -0.02146691
0.04930000 -0.02146559
0.04935000 -0.02146426
0.04940000 -0.02146292
0.04945000 -0.02146156
0.04950000 -0.02146019
0.04955000 -0.02145881
0.04960000 -0.02145742
0.04965000 -0.02145601
0.04970000 -0.02145460
0.04975000 -0.02145317
0.04980000 -0.02145173
0.04985000 -0.02145027
0.04990000 -0.02144881
0.04995000 -0.02144733
0.05000000 -0.02144584
0.05005000 -0.02144434
0.05010000 -0.02144282
0.05015000 -0.02144129
0.05020000 -0.02143976
0.05025000 -0.02143821
0.05030000 -0.02143664
0.05035000 -0.02143507
0.05040000 -0.02143348
0.05045000 -0.02143188
0.05050000 -0.02143027
0.05055000 -0.02142865
0.05060000 -0.02142702
0.05065000 -0.02142537
0.05070000 -0.02142372
0.05075000 -0.02142205
0.05080000 -0.02142037
0.05085000 -0.02141867
0.05090000 -0.02141697
0.05095000 -0.02141525
0.05100000 -0.02141353
0.05105000 -0.02141179
0.05110000 -0.02141004
0.05115000 -0.02140827
0.05120000 -0.02140650
0.05125000 -0.02140472
0.05130000 -0.02140292
0.05135000 -0.02140111
0.05140000 -0.02139929
0.05145000 -0.02139746
0.05150000 -0.02139562
0.05155000 -0.02139376
0.05160000 -0.02139190
0.05165000 -0.02139002
0.05170000 -0.02138813
0.05175000 -0.02138623
0.05180000 -0.02138432
0.05185000 -0.02138240
0.05190000 -0.02138047
0.05195000 -0.02137852
0.05200000 -0.02137657
0.05205000 -0.02137460
0.05210000 -0.02137262
0.05215000 -0.02137063
0.05220000 -0.02136863
0.05225000 -0.02136662
0.05230000 -0.02136460
0.05235000 -0.02136256
0.05240000 -0.02136052
0.05245000 -0.02135846
0.05250000 -0.02135640
0.05255000 -0.02135432
0.05260000 -0.02135223
0.05265000 -0.02135013
0.05270000 -0.02134802
0.05275000 -0.02134590
0.05280000 -0.02134377
0.05285000 -0.02134163
0.05290000 -0.02133947
0.05295000 -0.02133731
0.05300000 -0.02133513
0.05305000 -0.02133295
0.05310000 -0.02133075
0.05315000 -0.02132854
0.05320000 -0.02132633
0.05325000 -0.02132410
0.05330000 -0.02132186
0.05335000 -0.02131961
0.05340000 -0.02131735
0.05345000 -0.02131508
0.05350000 -0.02131280
0.05355000 -0.02131050
0.05360000 -0.02130820
0.05365000 -0.02130589
0.05370000 -0.02130356
0.05375000 -0.02130123
0.05380000 -0.02129888
0.05385000 -0.02129653
0.05390000 -0.02129416
0.05395000 -0.02129179
0.05400000 -0.02128940
0.05405000 -0.02128701
0.05410000 -0.02128460
0.05415000 -0.02128218
0.05420000 -0.02127975
0.05425000 -0.02127732
0.05430000 -0.02127487
0.05435000 -0.02127241
0.05440000 -0.02126994
0.05445000 -0.02126746
0.05450000 -0.02126497
0.05455000 -0.02126248
0.05460000 -0.02125997
0.05465000 -0.02125745
0.05470000 -0.02125492
0.05475000 -0.02125238
0.05480000 -0.02124983
0.05485000 -0.02124727
0.05490000 -0.02124470
0.05495000 -0.02124212
0.05500000 -0.02123953
0.05505000 -0.02123693
0.05510000 -0.02123433
0.05515000 -0.02123171
0.05520000 -0.02122908
0.05525000 -0.02122644
0.05530000 -0.02122379
0.05535000 -0.02122113
0.05540000 -0.02121846
0.05545000 -0.02121579
0.05550000 -0.02121310
0.05555000 -0.02121040
0.05560000 -0.02120769
0.05565000 -0.02120498
0.05570000 -0.02120225
0.05575000 -0.02119951
0.05580000 -0.02119677
0.05585000 -0.02119401
0.05590000 -0.02119125
0.05595000 -0.02118847
0.05600000 -0.02118569
0.05605000 -0.02118289
0.05610000 -0.02118009
0.05615000 -0.02117728
0.05620000 -0.02117445
0.05625000 -0.02117162
0.05630000 -0.02116878
0.05635000 -0.02116593
0.05640000 -0.02116307
0.05645000 -0.02116020
0.05650000 -0.02115732
0.05655000 -0.02115443
0.05660000 -0.02115153
0.05665000 -0.02114862
0.05670000 -0.02114571
0.05675000 -0.02114278
0.05680000 -0.02113985
0.05685000 -0.02113690
0.05690000 -0.02113395
0.05695000 -0.02113099
0.05700000 -0.02112801
0.05705000 -0.02112503
0.05710000 -0.02112204
0.05715000 -0.02111904
0.05720000 -0.02111603
0.05725000 -0.02111301
0.05730000 -0.02110999
0.05735000 -0.02110695
0.05740000 -0.02110390
0.05745000 -0.02110085
0.05750000 -0.02109779
0.05755000 -0.02109471
0.05760000 -0.02109163
0.05765000 -0.02108854
0.05770000 -0.02108544
0.05775000 -0.02108233
0.05780000 -0.02107922
0.05785000 -0.02107609
0.05790000 -0.02107296
0.05795000 -0.02106981
0.05800000 -0.02106666
0.05805000 -0.02106350
0.05810000 -0.02106033
0.05815000 -0.02105715
0.05820000 -0.02105396
0.05825000 -0.02105076
0.05830000 -0.02104756
0.05835000 -0.02104434
0.05840000 -0.02104112
0.05845000 -0.02103789
0.05850000 -0.02103465
0.05855000 -0.02103140
0.05860000 -0.02102814
0.05865000 -0.02102487
0.05870000 -0.02102160
0.05875000 -0.02101831
0.05880000 -0.02101502
0.05885000 -0.02101172
0.05890000 -0.02100841
0.05895000 -0.02100509
0.05900000 -0.02100177
0.05905000 -0.02099843
0.05910000 -0.02099509
0.05915000 -0.02099173
0.05920000 -0.02098837
0.05925000 -0.02098500
0.05930000 -0.02098163
0.05935000 -0.02097824
0.05940000 -0.02097485
0.05945000 -0.02097144
0.05950000 -0.02096803
0.05955000 -0.02096461
0.05960000 -0.02096119
0.05965000 -0.02095775
0.05970000 -0.02095431
0.05975000 -0.02095085
0.05980000 -0.02094739
0.05985000 -0.02094392
0.05990000 -0.02094045
0.05995000 -0.02093696
0.06000000 -0.02093347
0.06005000 -0.02092997
0.06010000 -0.02092646
0.06015000 -0.02092294
0.06020000 -0.02091941
0.06025000 -0.02091588
0.06030000 -0.02091233
0.06035000 -0.02090878
0.06040000 -0.02090523
0.06045000 -0.02090166
0.06050000 -0.02089808
0.06055000 -0.02089450
0.06060000 -0.02089091
0.06065000 -0.02088731
0.06070000 -0.02088370
0.06075000 -0.02088009
0.06080000 -0.02087647
0.06085000 -0.02087284
0.06090000 -0.02086920
0.06095000 -0.02086555
0.06100000 -0.02086190
0.06105000 -0.02085824
0.06110000 -0.02085457
0.06115000 -0.02085089
0.06120000 -0.02084720
0.06125000 -0.02084351
0.06130000 -0.02083981
0.06135000 -0.02083610
0.06140000 -0.02083238
0.06145000 -0.02082866
0.06150000 -0.02082492
0.06155000 -0.02082118
0.06160000 -0.02081744
0.06165000 -0.02081368
0.06170000 -0.02080992
0.06175000 -0.02080615
0.06180000 -0.02080237
0.06185000 -0.02079858
0.06190000 -0.02079479
0.06195000 -0.02079099
0.06200000 -0.02078718
0.06205000 -0.02078336
0.06210000 -0.02077954
0.06215000 -0.02077571
0.06220000 -0.02077187
0.06225000 -0.02076802
0.06230000 -0.02076417
0.06235000 -0.02076031
0.06240000 -0.02075644
0.06245000 -0.02075256
0.06250000 -0.02074868
0.06255000 -0.02074479
0.06260000 -0.02074089
0.06265000 -0.02073699
0.06270000 -0.02073307
0.06275000 -0.02072915
0.06280000 -0.02072522
0.06285000 -0.02072129
0.06290000 -0.02071735
0.06295000 -0.02071340
0.06300000 -0.02070944
0.06305000 -0.02070547
0.06310000 -0.02070150
0.06315000 -0.02069752
0.06320000 -0.02069354
0.06325000 -0.02068955
0.06330000 -0.02068554
0.06335000 -0.02068154
0.06340000 -0.02067752
0.06345000 -0.02067350
0.06350000 -0.02066947
0.06355000 -0.02066543
0.06360000 -0.02066139
0.06365000 -0.02065734
0.06370000 -0.02065328
0.06375000 -0.02064922
0.06380000 -0.02064515
0.06385000 -0.02064107
0.06390000 -0.02063698
0.06395000 -0.02063289
0.06400000 -0.02062879
0.06405000 -0.02062468
0.06410000 -0.02062057
0.06415000 -0.02061645
0.06420000 -0.02061232
0.06425000 -0.02060819
0.06430000 -0.02060405
0.06435000 -0.02059990
0.06440000 -0.02059574
0.06445000 -0.02059158
0.06450000 -0.02058741
0.06455000 -0.02058324
0.06460000 -0.02057905
0.06465000 -0.02057486
0.06470000 -0.02057067
0.06475000 -0.02056647
0.06480000 -0.02056226
0.06485000 -0.02055804
0.06490000 -0.02055382
0.06495000 -0.02054959
0.06500000 -0.02054535
0.06505000 -0.02054111
0.06510000 -0.02053686
0.06515000 -0.02053260
0.06520000 -0.02052834
0.06525000 -0.02052407
0.06530000 -0.02051979
0.06535000 -0.02051551
0.06540000 -0.02051122
0.06545000 -0.02050692
0.06550000 -0.02050262
0.06555000 -0.02049831
0.06560000 -0.02049399
0.06565000 -0.02048967
0.06570000 -0.02048534
0.06575000 -0.02048100
0.06580000 -0.02047666
0.06585000 -0.02047231
0.06590000 -0.02046796
0.06595000 -0.02046359
0.06600000 -0.02045923
0.06605000 -0.02045485
0.06610000 -0.02045047
0.06615000 -0.02044608
0.06620000 -0.02044169
0.06625000 -0.02043729
0.06630000 -0.02043288
0.06635000 -0.02042847
0.06640000 -0.02042405
0.06645000 -0.02041962
0.06650000 -0.02041519
0.06655000 -0.02041075
0.06660000 -0.02040631
0.06665000 -0.02040186
0.06670000 -0.02039740
0.06675000 -0.02039294
0.06680000 -0.02038847
0.06685000 -0.02038399
0.06690000 -0.02037951
0.06695000 -0.02037502
0.06700000 -0.02037053
0.06705000 -0.02036602
0.06710000 -0.02036152
0.06715000 -0.02035700
0.06720000 -0.02035249
0.06725000 -0.02034796
0.06730000 -0.02034343
0.06735000 -0.02033889
0.06740000 -0.02033435
0.06745000 -0.02032980
0.06750000 -0.02032524
0.06755000 -0.02032068
0.06760000 -0.02031611
0.06765000 -0.02031154
0.06770000 -0.02030696
0.06775000 -0.02030237
0.06780000 -0.02029778
0.06785000 -0.02029318
0.06790000 -0.02028858
0.06795000 -0.02028397
0.06800000 -0.02027935
0.06805000 -0.02027473
0.06810000 -0.02027010
0.06815000 -0.02026547
0.06820000 -0.02026083
0.06825000 -0.02025618
0.06830000 -0.02025153
0.06835000 -0.02024687
0.06840000 -0.02024221
0.06845000 -0.02023754
0.06850000 -0.02023287
0.06855000 -0.02022819
0.06860000 -0.02022350
0.06865000 -0.02021881
0.06870000 -0.02021411
0.06875000 -0.02020941
0.06880000 -0.02020470
0.06885000 -0.02019998
0.06890000 -0.02019526
0.06895000 -0.02019054
0.06900000 -0.02018580
0.06905000 -0.02018107
0.06910000 -0.02017632
0.06915000 -0.02017157
0.06920000 -0.02016682
0.06925000 -0.02016206
0.06930000 -0.02015729
0.06935000 -0.02015252
0.06940000 -0.02014774
0.06945000 -0.02014296
0.06950000 -0.02013817
0.06955000 -0.02013338
0.06960000 -0.02012858
0.06965000 -0.02012377
0.06970000 -0.02011896
0.06975000 -0.02011414
0.06980000 -0.02010932
0.06985000 -0.02010449
0.06990000 -0.02009966
0.06995000 -0.02009482
0.07000000 -0.02008998
0.07005000 -0.02008513
0.07010000 -0.02008027
0.07015000 -0.02007541
0.07020000 -0.02007055
0.07025000 -0.02006568
0.07030000 -0.02006080
0.07035000 -0.02005592
0.07040000 -0.02005103
0.07045000 -0.02004614
0.07050000 -0.02004124
0.07055000 -0.02003634
0.07060000 -0.02003143
0.07065000 -0.02002652
0.07070000 -0.02002160
0.07075000 -0.02001667
0.07080000 -0.02001174
0.07085000 -0.02000681
0.07090000 -0.02000187
0.07095000 -0.01999692
0.07100000 -0.01999197
0.07105000 -0.01998701
0.07110000 -0.01998205
0.07115000 -0.01997709
0.07120000 -0.01997211
0.07125000 -0.01996714
0.07130000 -0.01996215
0.07135000 -0.01995717
0.07140000 -0.01995217
0.07145000 -0.01994718
0.07150000 -0.01994217
0.07155000 -0.01993717
0.07160000 -0.01993215
0.07165000 -0.01992714
0.07170000 -0.01992211
0.07175000 -0.01991708
0.07180000 -0.01991205
0.07185000 -0.01990701
0.07190000 -0.01990197
0.07195000 -0.01989692
0.07200000 -0.01989187
0.07205000 -0.01988681
0.07210000 -0.01988175
0.07215000 -0.01987668
0.07220000 -0.01987160
0.07225000 -0.01986652
0.07230000 -0.01986144
0.07235000 -0.01985635
0.07240000 -0.01985126
0.07245000 -0.01984616
0.07250000 -0.01984106
0.07255000 -0.01983595
0.07260000 -0.01983084
0.07265000 -0.01982572
0.07270000 -0.01982060
0.07275000 -0.01981547
0.07280000 -0.01981034
0.07285000 -0.01980520
0.07290000 -0.01980006
0.07295000 -0.01979491
0.07300000 -0.01978976
0.07305000 -0.01978460
0.07310000 -0.01977944
0.07315000 -0.01977428
0.07320000 -0.01976910
0.07325000 -0.01976393
0.07330000 -0.01975875
0.07335000 -0.01975356
0.07340000 -0.01974837
0.07345000 -0.01974318
0.07350000 -0.01973798
0.07355000 -0.01973278
0.07360000 -0.01972757
0.07365000 -0.01972235
0.07370000 -0.01971714
0.07375000 -0.01971191
0.07380000 -0.01970669
0.07385000 -0.01970145
0.07390000 -0.01969622
0.07395000 -0.01969098
0.07400000 -0.01968573
0.07405000 -0.01968048
0.07410000 -0.01967522
0.07415000 -0.01966997
0.07420000 -0.01966470
0.07425000 -0.01965943
0.07430000 -0.01965416
0.07435000 -0.01964888
0.07440000 -0.01964360
0.07445000 -0.01963831
0.07450000 -0.01963302
0.07455000 -0.01962773
0.07460000 -0.01962243
0.07465000 -0.01961712
0.07470000 -0.01961181
0.07475000 -0.01960650
0.07480000 -0.01960118
0.07485000 -0.01959586
0.07490000 -0.01959053
0.07495000 -0.01958520
0.07500000 -0.01957986
0.07505000 -0.01957452
0.07510000 -0.01956918
0.07515000 -0.01956383
0.07520000 -0.01955848
0.07525000 -0.01955312
0.07530000 -0.01954776
0.07535000 -0.01954239
0.07540000 -0.01953702
0.07545000 -0.01953164
0.07550000 -0.01952627
0.07555000 -0.01952088
0.07560000 -0.01951549
0.07565000 -0.01951010
0.07570000 -0.01950471
0.07575000 -0.01949930
0.07580000 -0.01949390
0.07585000 -0.01948849
0.07590000 -0.01948308
0.07595000 -0.01947766
0.07600000 -0.01947224
0.07605000 -0.01946681
0.07610000 -0.01946138
0.07615000 -0.01945595
0.07620000 -0.01945051
0.07625000 -0.01944507
0.07630000 -0.01943962
0.07635000 -0.01943417
0.07640000 -0.01942871
0.07645000 -0.01942325
0.07650000 -0.01941779
0.07655000 -0.01941232
0.07660000 -0.01940685
0.07665000 -0.01940138
0.07670000 -0.01939590
0.07675000 -0.01939041
0.07680000 -0.01938492
0.07685000 -0.01937943
0.07690000 -0.01937394
0.07695000 -0.01936844
0.07700000 -0.01936293
0.07705000 -0.01935742
0.07710000 -0.01935191
0.07715000 -0.01934640
0.07720000 -0.01934088
0.07725000 -0.01933535
0.07730000 -0.01932982
0.07735000 -0.01932429
0.07740000 -0.01931876
0.07745000 -0.01931322
0.07750000 -0.01930767
0.07755000 -0.01930213
0.07760000 -0.01929657
0.07765000 -0.01929102
0.07770000 -0.01928546
0.07775000 -0.01927990
0.07780000 -0.01927433
0.07785000 -0.01926876
0.07790000 -0.01926318
0.07795000 -0.01925760
0.07800000 -0.01925202
0.07805000 -0.01924643
0.07810000 -0.01924084
0.07815000 -0.01923525
0.07820000 -0.01922965
0.07825000 -0.01922405
0.07830000 -0.01921845
0.07835000 -0.01921284
0.07840000 -0.01920722
0.07845000 -0.01920161
0.07850000 -0.01919599
0.07855000 -0.01919036
0.07860000 -0.01918473
0.07865000 -0.01917910
0.07870000 -0.01917347
0.07875000 -0.01916783
0.07880000 -0.01916219
0.07885000 -0.01915654
0.07890000 -0.01915089
0.07895000 -0.01914524
0.07900000 -0.01913958
0.07905000 -0.01913392
0.07910000 -0.01912825
0.07915000 -0.01912258
0.07920000 -0.01911691
0.07925000 -0.01911124
0.07930000 -0.01910556
0.07935000 -0.01909987
0.07940000 -0.01909419
0.07945000 -0.01908850
0.07950000 -0.01908280
0.07955000 -0.01907711
0.07960000 -0.01907141
0.07965000 -0.01906570
0.07970000 -0.01905999
0.07975000 -0.01905428
0.07980000 -0.01904857
0.07985000 -0.01904285
0.07990000 -0.01903713
0.07995000 -0.01903140
0.08000000 -0.01902567
0.08005000 -0.01901994
0.08010000 -0.01901420
0.08015000 -0.01900847
0.08020000 -0.01900272
0.08025000 -0.01899698
0.08030000 -0.01899123
0.08035000 -0.01898547
0.08040000 -0.01897972
0.08045000 -0.01897396
0.08050000 -0.01896819
0.08055000 -0.01896243
0.08060000 -0.01895666
0.08065000 -0.01895088
0.08070000 -0.01894511
0.08075000 -0.01893933
0.08080000 -0.01893354
0.08085000 -0.01892776
0.08090000 -0.01892197
0.08095000 -0.01891617
0.08100000 -0.01891038
0.08105000 -0.01890458
0.08110000 -0.01889877
0.08115000 -0.01889297
0.08120000 -0.01888716
0.08125000 -0.01888134
0.08130000 -0.01887553
0.08135000 -0.01886971
0.08140000 -0.01886388
0.08145000 -0.01885806
0.08150000 -0.01885223
0.08155000 -0.01884639
0.08160000 -0.01884056
0.08165000 -0.01883472
0.08170000 -0.01882888
0.08175000 -0.01882303
0.08180000 -0.01881718
0.08185000 -0.01881133
0.08190000 -0.01880547
0.08195000 -0.01879962
0.08200000 -0.01879375
0.08205000 -0.01878789
0.08210000 -0.01878202
0.08215000 -0.01877615
0.08220000 -0.01877028
0.08225000 -0.01876440
0.08230000 -0.01875852
0.08235000 -0.01875263
0.08240000 -0.01874675
0.08245000 -0.01874086
0.08250000 -0.01873497
0.08255000 -0.01872907
0.08260000 -0.01872317
0.08265000 -0.01871727
0.08270000 -0.01871136
0.08275000 -0.01870546
0.08280000 -0.01869955
0.08285000 -0.01869363
0.08290000 -0.01868771
0.08295000 -0.01868179
0.08300000 -0.01867587
0.08305000 -0.01866994
0.08310000 -0.01866402
0.08315000 -0.01865808
0.08320000 -0.01865215
0.08325000 -0.01864621
0.08330000 -0.01864027
0.08335000 -0.01863433
0.08340000 -0.01862838
0.08345000 -0.01862243
0.08350000 -0.01861648
0.08355000 -0.01861052
0.08360000 -0.01860456
0.08365000 -0.01859860
0.08370000 -0.01859264
0.08375000 -0.01858667
0.08380000 -0.01858070
0.08385000 -0.01857473
0.08390000 -0.01856875
0.08395000 -0.01856277
0.08400000 -0.01855679
0.08405000 -0.01855081
0.08410000 -0.01854482
0.08415000 -0.01853883
0.08420000 -0.01853284
0.08425000 -0.01852684
0.08430000 -0.01852084
0.08435000 -0.01851484
0.08440000 -0.01850884
0.08445000 -0.01850283
0.08450000 -0.01849682
0.08455000 -0.01849081
0.08460000 -0.01848479
0.08465000 -0.01847878
0.08470000 -0.01847276
0.08475000 -0.01846673
0.08480000 -0.01846071
0.08485000 -0.01845468
0.08490000 -0.01844865
0.08495000 -0.01844261
0.08500000 -0.01843657
0.08505000 -0.01843053
0.08510000 -0.01842449
0.08515000 -0.01841845
0.08520000 -0.01841240
0.08525000 -0.01840635
0.08530000 -0.01840030
0.08535000 -0.01839424
0.08540000 -0.01838818
0.08545000 -0.01838212
0.08550000 -0.01837606
0.08555000 -0.01836999
0.08560000 -0.01836392
0.08565000 -0.01835785
0.08570000 -0.01835178
0.08575000 -0.01834570
0.08580000 -0.01833962
0.08585000 -0.01833354
0.08590000 -0.01832746
0.08595000 -0.01832137
0.08600000 -0.01831528
0.08605000 -0.01830919
0.08610000 -0.01830310
0.08615000 -0.01829700
0.08620000 -0.01829090
0.08625000 -0.01828480
0.08630000 -0.01827869
0.08635000 -0.01827259
0.08640000 -0.01826648
0.08645000 -0.01826036
0.08650000 -0.01825425
0.08655000 -0.01824813
0.08660000 -0.01824201
0.08665000 -0.01823589
0.08670000 -0.01822977
0.08675000 -0.01822364
0.08680000 -0.01821751
0.08685000 -0.01821138
0.08690000 -0.01820525
0.08695000 -0.01819911
0.08700000 -0.01819297
0.08705000 -0.01818683
0.08710000 -0.01818069
0.08715000 -0.01817454
0.08720000 -0.01816839
0.08725000 -0.01816224
0.08730000 -0.01815609
0.08735000 -0.01814993
0.08740000 -0.01814377
0.08745000 -0.01813761
0.08750000 -0.01813145
0.08755000 -0.01812529
0.08760000 -0.01811912
0.08765000 -0.01811295
0.08770000 -0.01810678
0.08775000 -0.01810060
0.08780000 -0.01809443
0.08785000 -0.01808825
0.08790000 -0.01808207
0.08795000 -0.01807588
0.08800000 -0.01806970
0.08805000 -0.01806351
0.08810000 -0.01805732
0.08815000 -0.01805113
0.08820000 -0.01804493
0.08825000 -0.01803874
0.08830000 -0.01803254
0.08835000 -0.01802634
0.08840000 -0.01802013
0.08845000 -0.01801393
0.08850000 -0.01800772
0.08855000 -0.01800151
0.08860000 -0.01799530
0.08865000 -0.01798908
0.08870000 -0.01798286
0.08875000 -0.01797665
0.08880000 -0.01797042
0.08885000 -0.01796420
0.08890000 -0.01795798
0.08895000 -0.01795175
0.08900000 -0.01794552
0.08905000 -0.01793929
0.08910000 -0.01793305
0.08915000 -0.01792682
0.08920000 -0.01792058
0.08925000 -0.01791434
0.08930000 -0.01790810
0.08935000 -0.01790185
0.08940000 -0.01789560
0.08945000 -0.01788936
0.08950000 -0.01788311
0.08955000 -0.01787685
0.08960000 -0.01787060
0.08965000 -0.01786434
0.08970000 -0.01785808
0.08975000 -0.01785182
0.08980000 -0.01784556
0.08985000 -0.01783929
0.08990000 -0.01783303
0.08995000 -0.01782676
0.09000000 -0.01782048
0.09005000 -0.01781421
0.09010000 -0.01780794
0.09015000 -0.01780166
0.09020000 -0.01779538
0.09025000 -0.01778910
0.09030000 -0.01778282
0.09035000 -0.01777653
0.09040000 -0.01777024
0.09045000 -0.01776396
0.09050000 -0.01775766
0.09055000 -0.01775137
0.09060000 -0.01774508
0.09065000 -0.01773878
0.09070000 -0.01773248
0.09075000 -0.01772618
0.09080000 -0.01771988
0.09085000 -0.01771357
0.09090000 -0.01770727
0.09095000 -0.01770096
0.09100000 -0.01769465
0.09105000 -0.01768834
0.09110000 -0.01768202
0.09115000 -0.01767571
0.09120000 -0.01766939
0.09125000 -0.01766307
0.09130000 -0.01765675
0.09135000 -0.01765043
0.09140000 -0.01764410
0.09145000 -0.01763777
0.09150000 -0.01763145
0.09155000 -0.01762512
0.09160000 -0.01761878
0.09165000 -0.01761245
0.09170000 -0.01760611
0.09175000 -0.01759978
0.09180000 -0.01759344
0.09185000 -0.01758710
0.09190000 -0.01758075
0.09195000 -0.01757441
0.09200000 -0.01756806
0.09205000 -0.01756171
0.09210000 -0.01755536
0.09215000 -0.01754901
0.09220000 -0.01754266
0.09225000 -0.01753630
0.09230000 -0.01752995
0.09235000 -0.01752359
0.09240000 -0.01751723
0.09245000 -0.01751087
0.09250000 -0.01750450
0.09255000 -0.01749814
0.09260000 -0.01749177
0.09265000 -0.01748540
0.09270000 -0.01747903
0.09275000 -0.01747266
0.09280000 -0.01746628
0.09285000 -0.01745991
0.09290000 -0.01745353
0.09295000 -0.01744715
0.09300000 -0.01744077
0.09305000 -0.01743439
0.09310000 -0.01742801
0.09315000 -0.01742162
0.09320000 -0.01741523
0.09325000 -0.01740884
0.09330000 -0.01740245
0.09335000 -0.01739606
0.09340000 -0.01738967
0.09345000 -0.01738327
0.09350000 -0.01737688
0.09355000 -0.01737048
0.09360000 -0.01736408
0.09365000 -0.01735768
0.09370000 -0.01735128
0.09375000 -0.01734487
0.09380000 -0.01733847
0.09385000 -0.01733206
0.09390000 -0.01732565
0.09395000 -0.01731924
0.09400000 -0.01731283
0.09405000 -0.01730641
0.09410000 -0.01730000
0.09415000 -0.01729358
0.09420000 -0.01728716
0.09425000 -0.01728074
0.09430000 -0.01727432
0.09435000 -0.01726790
0.09440000 -0.01726148
0.09445000 -0.01725505
0.09450000 -0.01724862
0.09455000 -0.01724219
0.09460000 -0.01723576
0.09465000 -0.01722933
0.09470000 -0.01722290
0.09475000 -0.01721647
0.09480000 -0.01721003
0.09485000 -0.01720359
0.09490000 -0.01719715
0.09495000 -0.01719071
0.09500000 -0.01718427
0.09505000 -0.01717783
0.09510000 -0.01717139
0.09515000 -0.01716494
0.09520000 -0.01715849
0.09525000 -0.01715204
0.09530000 -0.01714559
0.09535000 -0.01713914
0.09540000 -0.01713269
0.09545000 -0.01712624
0.09550000 -0.01711978
0.09555000 -0.01711332
0.09560000 -0.01710687
0.09565000 -0.01710041
0.09570000 -0.01709395
0.09575000 -0.01708748
0.09580000 -0.01708102
0.09585000 -0.01707456
0.09590000 -0.01706809
0.09595000 -0.01706162
0.09600000 -0.01705515
0.09605000 -0.01704869
0.09610000 -0.01704221
0.09615000 -0.01703574
0.09620000 -0.01702927
0.09625000 -0.01702279
0.09630000 -0.01701632
0.09635000 -0.01700984
0.09640000 -0.01700336
0.09645000 -0.01699688
0.09650000 -0.01699040
0.09655000 -0.01698392
0.09660000 -0.01697743
0.09665000 -0.01697095
0.09670000 -0.01696446
0.09675000 -0.01695797
0.09680000 -0.01695148
0.09685000 -0.01694499
0.09690000 -0.01693850
0.09695000 -0.01693201
0.09700000 -0.01692552
0.09705000 -0.01691902
0.09710000 -0.01691253
0.09715000 -0.01690603
0.09720000 -0.01689953
0.09725000 -0.01689303
0.09730000 -0.01688653
0.09735000 -0.01688003
0.09740000 -0.01687353
0.09745000 -0.01686702
0.09750000 -0.01686052
0.09755000 -0.01685401
0.09760000 -0.01684750
0.09765000 -0.01684100
0.09770000 -0.01683449
0.09775000 -0.01682798
0.09780000 -0.01682146
0.09785000 -0.01681495
0.09790000 -0.01680844
0.09795000 -0.01680192
0.09800000 -0.01679540
0.09805000 -0.01678889
0.09810000 -0.01678237
0.09815000 -0.01677585
0.09820000 -0.01676933
0.09825000 -0.01676281
0.09830000 -0.01675628
0.09835000 -0.01674976
0.09840000 -0.01674323
0.09845000 -0.01673671
0.09850000 -0.01673018
0.09855000 -0.01672365
0.09860000 -0.01671712
0.09865000 -0.01671059
0.09870000 -0.01670406
0.09875000 -0.01669753
0.09880000 -0.01669100
0.09885000 -0.01668446
0.09890000 -0.01667793
0.09895000 -0.01667139
0.09900000 -0.01666485
0.09905000 -0.01665832
0.09910000 -0.01665178
0.09915000 -0.01664524
0.09920000 -0.01663870
0.09925000 -0.01663215
0.09930000 -0.01662561
0.09935000 -0.01661907
0.09940000 -0.01661252
0.09945000 -0.01660598
0.09950000 -0.01659943
0.09955000 -0.01659288
0.09960000 -0.01658633
0.09965000 -0.01657978
0.09970000 -0.01657323
0.09975000 -0.01656668
0.09980000 -0.01656013
0.09985000 -0.01655358
0.09990000 -0.01654702
0.09995000 -0.01654047
0.10000000 -0.01653391
0.10005000 -0.01652735
0.10010000 -0.01652080
0.10015000 -0.01651424
0.10020000 -0.01650768
0.10025000 -0.01650112
0.10030000 -0.01649456
0.10035000 -0.01648799
0.10040000 -0.01648143
0.10045000 -0.01647487
0.10050000 -0.01646830
0.10055000 -0.01646174
0.10060000 -0.01645517
0.10065000 -0.01644860
0.10070000 -0.01644204
0.10075000 -0.01643547
0.10080000 -0.01642890
0.10085000 -0.01642233
0.10090000 -0.01641576
0.10095000 -0.01640918
0.10100000 -0.01640261
0.10105000 -0.01639604
0.10110000 -0.01638946
0.10115000 -0.01638289
0.10120000 -0.01637631
0.10125000 -0.01636974
0.10130000 -0.01636316
0.10135000 -0.01635658
0.10140000 -0.01635000
0.10145000 -0.01634342
0.10150000 -0.01633684
0.10155000 -0.01633026
0.10160000 -0.01632368
0.10165000 -0.01631709
0.10170000 -0.01631051
0.10175000 -0.01630393
0.10180000 -0.01629734
0.10185000 -0.01629076
0.10190000 -0.01628417
0.10195000 -0.01627758
0.10200000 -0.01627099
0.10205000 -0.01626441
0.10210000 -0.01625782
0.10215000 -0.01625123
0.10220000 -0.01624464
0.10225000 -0.01623805
0.10230000 -0.01623145
0.10235000 -0.01622486
0.10240000 -0.01621827
0.10245000 -0.01621167
0.10250000 -0.01620508
0.10255000 -0.01619848
0.10260000 -0.01619189
0.10265000 -0.01618529
0.10270000 -0.01617869
0.10275000 -0.01617210
0.10280000 -0.01616550
0.10285000 -0.01615890
0.10290000 -0.01615230
0.10295000 -0.01614570
0.10300000 -0.01613910
0.10305000 -0.01613250
0.10310000 -0.01612589
0.10315000 -0.01611929
0.10320000 -0.01611269
0.10325000 -0.01610608
0.10330000 -0.01609948
0.10335000 -0.01609287
0.10340000 -0.01608627
0.10345000 -0.01607966
0.10350000 -0.01607306
0.10355000 -0.01606645
0.10360000 -0.01605984
0.10365000 -0.01605323
0.10370000 -0.01604662
0.10375000 -0.01604001
0.10380000 -0.01603340
0.10385000 -0.01602679
0.10390000 -0.01602018
0.10395000 -0.01601357
0.10400000 -0.01600696
0.10405000 -0.01600034
0.10410000 -0.01599373
0.10415000 -0.01598712
0.10420000 -0.01598050
0.10425000 -0.01597389
0.10430000 -0.01596727
0.10435000 -0.01596066
0.10440000 -0.01595404
0.10445000 -0.01594742
0.10450000 -0.01594081
0.10455000 -0.01593419
0.10460000 -0.01592757
0.10465000 -0.01592095
0.10470000 -0.01591433
0.10475000 -0.01590771
0.10480000 -0.01590109
0.10485000 -0.01589447
0.10490000 -0.01588785
0.10495000 -0.01588123
0.10500000 -0.01587461
0.10505000 -0.01586799
0.10510000 -0.01586136
0.10515000 -0.01585474
0.10520000 -0.01584812
0.10525000 -0.01584149
0.10530000 -0.01583487
0.10535000 -0.01582824
0.10540000 -0.01582162
0.10545000 -0.01581499
0.10550000 -0.01580837
0.10555000 -0.01580174
0.10560000 -0.01579511
0.10565000 -0.01578849
0.10570000 -0.01578186
0.10575000 -0.01577523
0.10580000 -0.01576860
0.10585000 -0.01576197
0.10590000 -0.01575534
0.10595000 -0.01574872
0.10600000 -0.01574209
0.10605000 -0.01573546
0.10610000 -0.01572882
0.10615000 -0.01572219
0.10620000 -0.01571556
0.10625000 -0.01570893
0.10630000 -0.01570230
0.10635000 -0.01569567
0.10640000 -0.01568903
0.10645000 -0.01568240
0.10650000 -0.01567577
0.10655000 -0.01566914
0.10660000 -0.01566250
0.10665000 -0.01565587
0.10670000 -0.01564923
0.10675000 -0.01564260
0.10680000 -0.01563596
0.10685000 -0.01562933
0.10690000 -0.01562269
0.10695000 -0.01561606
0.10700000 -0.01560942
0.10705000 -0.01560279
0.10710000 -0.01559615
0.10715000 -0.01558951
0.10720000 -0.01558287
0.10725000 -0.01557624
0.10730000 -0.01556960
0.10735000 -0.01556296
0.10740000 -0.01555632
0.10745000 -0.01554969
0.10750000 -0.01554305
0.10755000 -0.01553641
0.10760000 -0.01552977
0.10765000 -0.01552313
0.10770000 -0.01551649
0.10775000 -0.01550985
0.10780000 -0.01550321
0.10785000 -0.01549657
0.10790000 -0.01548993
0.10795000 -0.01548329
0.10800000 -0.01547665
0.10805000 -0.01547001
0.10810000 -0.01546337
0.10815000 -0.01545673
0.10820000 -0.01545009
0.10825000 -0.01544344
0.10830000 -0.01543680
0.10835000 -0.01543016
0.10840000 -0.01542352
0.10845000 -0.01541688
0.10850000 -0.01541023
0.10855000 -0.01540359
0.10860000 -0.01539695
0.10865000 -0.01539030
0.10870000 -0.01538366
0.10875000 -0.01537702
0.10880000 -0.01537038
0.10885000 -0.01536373
0.10890000 -0.01535709
0.10895000 -0.01535044
0.10900000 -0.01534380
0.10905000 -0.01533716
0.10910000 -0.01533051
0.10915000 -0.01532387
0.10920000 -0.01531723
0.10925000 -0.01531058
0.10930000 -0.01530394
0.10935000 -0.01529729
0.10940000 -0.01529065
0.10945000 -0.01528400
0.10950000 -0.01527736
0.10955000 -0.01527071
0.10960000 -0.01526407
0.10965000 -0.01525742
0.10970000 -0.01525078
0.10975000 -0.01524413
0.10980000 -0.01523749
0.10985000 -0.01523084
0.10990000 -0.01522420
0.10995000 -0.01521755
0.11000000 -0.01521091
0.11005000 -0.01520426
0.11010000 -0.01519762
0.11015000 -0.01519097
0.11020000 -0.01518433
0.11025000 -0.01517768
0.11030000 -0.01517103
0.11035000 -0.01516439
0.11040000 -0.01515774
0.11045000 -0.01515110
0.11050000 -0.01514445
0.11055000 -0.01513781
0.11060000 -0.01513116
0.11065000 -0.01512452
0.11070000 -0.01511787
0.11075000 -0.01511122
0.11080000 -0.01510458
0.11085000 -0.01509793
0.11090000 -0.01509129
0.11095000 -0.01508464
0.11100000 -0.01507800
0.11105000 -0.01507135
0.11110000 -0.01506471
0.11115000 -0.01505806
0.11120000 -0.01505142
0.11125000 -0.01504477
0.11130000 -0.01503813
0.11135000 -0.01503148
0.11140000 -0.01502484
0.11145000 -0.01501819
0.11150000 -0.01501155
0.11155000 -0.01500490
0.11160000 -0.01499826
0.11165000 -0.01499161
0.11170000 -0.01498497
0.11175000 -0.01497832
0.11180000 -0.01497168
0.11185000 -0.01496503
0.11190000 -0.01495839
0.11195000 -0.01495174
0.11200000 -0.01494510
0.11205000 -0.01493846
0.11210000 -0.01493181
0.11215000 -0.01492517
0.11220000 -0.01491853
0.11225000 -0.01491188
0.11230000 -0.01490524
0.11235000 -0.01489859
0.11240000 -0.01489195
0.11245000 -0.01488531
0.11250000 -0.01487867
0.11255000 -0.01487202
0.11260000 -0.01486538
0.11265000 -0.01485874
0.11270000 -0.01485210
0.11275000 -0.01484545
0.11280000 -0.01483881
0.11285000 -0.01483217
0.11290000 -0.01482553
0.11295000 -0.01481889
0.11300000 -0.01481225
0.11305000 -0.01480560
0.11310000 -0.01479896
0.11315000 -0.01479232
0.11320000 -0.01478568
0.11325000 -0.01477904
0.11330000 -0.01477240
0.11335000 -0.01476576
0.11340000 -0.01475912
0.11345000 -0.01475248
0.11350000 -0.01474584
0.11355000 -0.01473920
0.11360000 -0.01473256
0.11365000 -0.01472592
0.11370000 -0.01471929
0.11375000 -0.01471265
0.11380000 -0.01470601
0.11385000 -0.01469937
0.11390000 -0.01469273
0.11395000 -0.01468610
0.11400000 -0.01467946
0.11405000 -0.01467282
0.11410000 -0.01466619
0.11415000 -0.01465955
0.11420000 -0.01465291
0.11425000 -0.01464628
0.11430000 -0.01463964
0.11435000 -0.01463301
0.11440000 -0.01462637
0.11445000 -0.01461974
0.11450000 -0.01461310
0.11455000 -0.01460647
0.11460000 -0.01459983
0.11465000 -0.01459320
0.11470000 -0.01458656
0.11475000 -0.01457993
0.11480000 -0.01457330
0.11485000 -0.01456667
0.11490000 -0.01456003
0.11495000 -0.01455340
0.11500000 -0.01454677
0.11505000 -0.01454014
0.11510000 -0.01453351
0.11515000 -0.01452688
0.11520000 -0.01452025
0.11525000 -0.01451362
0.11530000 -0.01450699
0.11535000 -0.01450036
0.11540000 -0.01449373
0.11545000 -0.01448710
0.11550000 -0.01448047
0.11555000 -0.01447384
0.11560000 -0.01446721
0.11565000 -0.01446059
0.11570000 -0.01445396
0.11575000 -0.01444733
0.11580000 -0.01444070
0.11585000 -0.01443408
0.11590000 -0.01442745
0.11595000 -0.01442083
0.11600000 -0.01441420
0.11605000 -0.01440758
0.11610000 -0.01440095
0.11615000 -0.01439433
0.11620000 -0.01438771
0.11625000 -0.01438108
0.11630000 -0.01437446
0.11635000 -0.01436784
0.11640000 -0.01436121
0.11645000 -0.01435459
0.11650000 -0.01434797
0.11655000 -0.01434135
0.11660000 -0.01433473
0.11665000 -0.01432811
0.11670000 -0.01432149
0.11675000 -0.01431487
0.11680000 -0.01430825
0.11685000 -0.01430163
0.11690000 -0.01429502
0.11695000 -0.01428840
0.11700000 -0.01428178
0.11705000 -0.01427517
0.11710000 -0.01426855
0.11715000 -0.01426193
0.11720000 -0.01425532
0.11725000 -0.01424870
0.11730000 -0.01424209
0.11735000 -0.01423547
0.11740000 -0.01422886
0.11745000 -0.01422225
0.11750000 -0.01421563
0.11755000 -0.01420902
0.11760000 -0.01420241
0.11765000 -0.01419580
0.11770000 -0.01418919
0.11775000 -0.01418258
0.11780000 -0.01417597
0.11785000 -0.01416936
0.11790000 -0.01416275
0.11795000 -0.01415614
0.11800000 -0.01414953
0.11805000 -0.01414293
0.11810000 -0.01413632
0.11815000 -0.01412971
0.11820000 -0.01412311
0.11825000 -0.01411650
0.11830000 -0.01410990
0.11835000 -0.01410329
0.11840000 -0.01409669
0.11845000 -0.01409008
0.11850000 -0.01408348
0.11855000 -0.01407688
0.11860000 -0.01407028
0.11865000 -0.01406368
0.11870000 -0.01405708
0.11875000 -0.01405048
0.11880000 -0.01404388
0.11885000 -0.01403728
0.11890000 -0.01403068
0.11895000 -0.01402408
0.11900000 -0.01401748
0.11905000 -0.01401088
0.11910000 -0.01400429
0.11915000 -0.01399769
0.11920000 -0.01399110
0.11925000 -0.01398450
0.11930000 -0.01397791
0.11935000 -0.01397131
0.11940000 -0.01396472
0.11945000 -0.01395813
0.11950000 -0.01395154
0.11955000 -0.01394495
0.11960000 -0.01393835
0.11965000 -0.01393176
0.11970000 -0.01392517
0.11975000 -0.01391859
0.11980000 -0.01391200
0.11985000 -0.01390541
0.11990000 -0.01389882
0.11995000 -0.01389224
0.12000000 -0.01388565
0.12005000 -0.01387906
0.12010000 -0.01387248
0.12015000 -0.01386589
0.12020000 -0.01385931
0.12025000 -0.01385273
0.12030000 -0.01384615
0.12035000 -0.01383956
0.12040000 -0.01383298
0.12045000 -0.01382640
0.12050000 -0.01381982
0.12055000 -0.01381324
0.12060000 -0.01380666
0.12065000 -0.01380009
0.12070000 -0.01379351
0.12075000 -0.01378693
0.12080000 -0.01378036
0.12085000 -0.01377378
0.12090000 -0.01376721
0.12095000 -0.01376063
0.12100000 -0.01375406
0.12105000 -0.01374749
0.12110000 -0.01374091
0.12115000 -0.01373434
0.12120000 -0.01372777
0.12125000 -0.01372120
0.12130000 -0.01371463
0.12135000 -0.01370806
0.12140000 -0.01370150
0.12145000 -0.01369493
0.12150000 -0.01368836
0.12155000 -0.01368180
0.12160000 -0.01367523
0.12165000 -0.01366867
0.12170000 -0.01366210
0.12175000 -0.01365554
0.12180000 -0.01364898
0.12185000 -0.01364241
0.12190000 -0.01363585
0.12195000 -0.01362929
0.12200000 -0.01362273
0.12205000 -0.01361617
0.12210000 -0.01360962
0.12215000 -0.01360306
0.12220000 -0.01359650
0.12225000 -0.01358994
0.12230000 -0.01358339
0.12235000 -0.01357683
0.12240000 -0.01357028
0.12245000 -0.01356373
0.12250000 -0.01355718
0.12255000 -0.01355062
0.12260000 -0.01354407
0.12265000 -0.01353752
0.12270000 -0.01353097
0.12275000 -0.01352442
0.12280000 -0.01351788
0.12285000 -0.01351133
0.12290000 -0.01350478
0.12295000 -0.01349824
0.12300000 -0.01349169
0.12305000 -0.01348515
0.12310000 -0.01347860
0.12315000 -0.01347206
0.12320000 -0.01346552
0.12325000 -0.01345898
0.12330000 -0.01345244
0.12335000 -0.01344590
0.12340000 -0.01343936
0.12345000 -0.01343282
0.12350000 -0.01342629
0.12355000 -0.01341975
0.12360000 -0.01341321
0.12365000 -0.01340668
0.12370000 -0.01340014
0.12375000 -0.01339361
0.12380000 -0.01338708
0.12385000 -0.01338055
0.12390000 -0.01337402
0.12395000 -0.01336749
0.12400000 -0.01336096
0.12405000 -0.01335443
0.12410000 -0.01334790
0.12415000 -0.01334137
0.12420000 -0.01333485
0.12425000 -0.01332832
0.12430000 -0.01332180
0.12435000 -0.01331528
0.12440000 -0.01330875
0.12445000 -0.01330223
0.12450000 -0.01329571
0.12455000 -0.01328919
0.12460000 -0.01328267
0.12465000 -0.01327615
0.12470000 -0.01326964
0.12475000 -0.01326312
0.12480000 -0.01325660
0.12485000 -0.01325009
0.12490000 -0.01324357
0.12495000 -0.01323706
0.12500000 -0.01323055
0.12505000 -0.01322404
0.12510000 -0.01321753
0.12515000 -0.01321102
0.12520000 -0.01320451
0.12525000 -0.01319800
0.12530000 -0.01319149
0.12535000 -0.01318499
0.12540000 -0.01317848
0.12545000 -0.01317198
0.12550000 -0.01316547
0.12555000 -0.01315897
0.12560000 -0.01315247
0.12565000 -0.01314597
0.12570000 -0.01313947
0.12575000 -0.01313297
0.12580000 -0.01312647
0.12585000 -0.01311997
0.12590000 -0.01311348
0.12595000 -0.01310698
0.12600000 -0.01310049
0.12605000 -0.01309399
0.12610000 -0.01308750
0.12615000 -0.01308101
0.12620000 -0.01307452
0.12625000 -0.01306803
0.12630000 -0.01306154
0.12635000 -0.01305505
0.12640000 -0.01304856
0.12645000 -0.01304208
0.12650000 -0.01303559
0.12655000 -0.01302911
0.12660000 -0.01302262
0.12665000 -0.01301614
0.12670000 -0.01300966
0.12675000 -0.01300318
0.12680000 -0.01299670
0.12685000 -0.01299022
0.12690000 -0.01298374
0.12695000 -0.01297727
0.12700000 -0.01297079
0.12705000 -0.01296432
0.12710000 -0.01295784
0.12715000 -0.01295137
0.12720000 -0.01294490
0.12725000 -0.01293843
0.12730000 -0.01293196
0.12735000 -0.01292549
0.12740000 -0.01291902
0.12745000 -0.01291255
0.12750000 -0.01290608
0.12755000 -0.01289962
0.12760000 -0.01289316
0.12765000 -0.01288669
0.12770000 -0.01288023
0.12775000 -0.01287377
0.12780000 -0.01286731
0.12785000 -0.01286085
0.12790000 -0.01285439
0.12795000 -0.01284793
0.12800000 -0.01284148
0.12805000 -0.01283502
0.12810000 -0.01282857
0.12815000 -0.01282211
0.12820000 -0.01281566
0.12825000 -0.01280921
0.12830000 -0.01280276
0.12835000 -0.01279631
0.12840000 -0.01278986
0.12845000 -0.01278342
0.12850000 -0.01277697
0.12855000 -0.01277052
0.12860000 -0.01276408
0.12865000 -0.01275764
0.12870000 -0.01275120
0.12875000 -0.01274475
0.12880000 -0.01273831
0.12885000 -0.01273188
0.12890000 -0.01272544
0.12895000 -0.01271900
0.12900000 -0.01271257
0.12905000 -0.01270613
0.12910000 -0.01269970
0.12915000 -0.01269326
0.12920000 -0.01268683
0.12925000 -0.01268040
0.12930000 -0.01267397
0.12935000 -0.01266754
0.12940000 -0.01266112
0.12945000 -0.01265469
0.12950000 -0.01264827
0.12955000 -0.01264184
0.12960000 -0.01263542
0.12965000 -0.01262900
0.12970000 -0.01262258
0.12975000 -0.01261616
0.12980000 -0.01260974
0.12985000 -0.01260332
0.12990000 -0.01259690
0.12995000 -0.01259049
0.13000000 -0.01258407
0.13005000 -0.01257766
0.13010000 -0.01257125
0.13015000 -0.01256484
0.13020000 -0.01255843
0.13025000 -0.01255202
0.13030000 -0.01254561
0.13035000 -0.01253920
0.13040000 -0.01253280
0.13045000 -0.01252639
0.13050000 -0.01251999
0.13055000 -0.01251359
0.13060000 -0.01250719
0.13065000 -0.01250079
0.13070000 -0.01249439
0.13075000 -0.01248799
0.13080000 -0.01248159
0.13085000 -0.01247520
0.13090000 -0.01246880
0.13095000 -0.01246241
0.13100000 -0.01245602
0.13105000 -0.01244962
0.13110000 -0.01244323
0.13115000 -0.01243685
0.13120000 -0.01243046
0.13125000 -0.01242407
0.13130000 -0.01241769
0.13135000 -0.01241130
0.13140000 -0.01240492
0.13145000 -0.01239854
0.13150000 -0.01239216
0.13155000 -0.01238578
0.13160000 -0.01237940
0.13165000 -0.01237302
0.13170000 -0.01236664
0.13175000 -0.01236027
0.13180000 -0.01235390
0.13185000 -0.01234752
0.13190000 -0.01234115
0.13195000 -0.01233478
0.13200000 -0.01232841
0.13205000 -0.01232204
0.13210000 -0.01231568
0.13215000 -0.01230931
0.13220000 -0.01230295
0.13225000 -0.01229658
0.13230000 -0.01229022
0.13235000 -0.01228386
0.13240000 -0.01227750
0.13245000 -0.01227114
0.13250000 -0.01226478
0.13255000 -0.01225843
0.13260000 -0.01225207
0.13265000 -0.01224572
0.13270000 -0.01223937
0.13275000 -0.01223301
0.13280000 -0.01222666
0.13285000 -0.01222031
0.13290000 -0.01221397
0.13295000 -0.01220762
0.13300000 -0.01220127
0.13305000 -0.01219493
0.13310000 -0.01218859
0.13315000 -0.01218225
0.13320000 -0.01217590
0.13325000 -0.01216957
0.13330000 -0.01216323
0.13335000 -0.01215689
0.13340000 -0.01215055
0.13345000 -0.01214422
0.13350000 -0.01213789
0.13355000 -0.01213155
0.13360000 -0.01212522
0.13365000 -0.01211889
0.13370000 -0.01211257
0.13375000 -0.01210624
0.13380000 -0.01209991
0.13385000 -0.01209359
0.13390000 -0.01208726
0.13395000 -0.01208094
0.13400000 -0.01207462
0.13405000 -0.01206830
0.13410000 -0.01206198
0.13415000 -0.01205567
0.13420000 -0.01204935
0.13425000 -0.01204304
0.13430000 -0.01203672
0.13435000 -0.01203041
0.13440000 -0.01202410
0.13445000 -0.01201779
0.13450000 -0.01201148
0.13455000 -0.01200517
0.13460000 -0.01199887
0.13465000 -0.01199256
0.13470000 -0.01198626
0.13475000 -0.01197996
0.13480000 -0.01197366
0.13485000 -0.01196736
0.13490000 -0.01196106
0.13495000 -0.01195476
0.13500000 -0.01194847
0.13505000 -0.01194217
0.13510000 -0.01193588
0.13515000 -0.01192959
0.13520000 -0.01192330
0.13525000 -0.01191701
0.13530000 -0.01191072
0.13535000 -0.01190443
0.13540000 -0.01189815
0.13545000 -0.01189186
0.13550000 -0.01188558
0.13555000 -0.01187930
0.13560000 -0.01187302
0.13565000 -0.01186674
0.13570000 -0.01186046
0.13575000 -0.01185419
0.13580000 -0.01184791
0.13585000 -0.01184164
0.13590000 -0.01183537
0.13595000 -0.01182910
0.13600000 -0.01182283
0.13605000 -0.01181656
0.13610000 -0.01181029
0.13615000 -0.01180402
0.13620000 -0.01179776
0.13625000 -0.01179150
0.13630000 -0.01178524
0.13635000 -0.01177897
0.13640000 -0.01177272
0.13645000 -0.01176646
0.13650000 -0.01176020
0.13655000 -0.01175395
0.13660000 -0.01174769
0.13665000 -0.01174144
0.13670000 -0.01173519
0.13675000 -0.01172894
0.13680000 -0.01172269
0.13685000 -0.01171644
0.13690000 -0.01171020
0.13695000 -0.01170395
0.13700000 -0.01169771
0.13705000 -0.01169147
0.13710000 -0.01168523
0.13715000 -0.01167899
0.13720000 -0.01167275
0.13725000 -0.01166652
0.13730000 -0.01166028
0.13735000 -0.01165405
0.13740000 -0.01164782
0.13745000 -0.01164158
0.13750000 -0.01163536
0.13755000 -0.01162913
0.13760000 -0.01162290
0.13765000 -0.01161668
0.13770000 -0.01161045
0.13775000 -0.01160423
0.13780000 -0.01159801
0.13785000 -0.01159179
0.13790000 -0.01158557
0.13795000 -0.01157935
0.13800000 -0.01157314
0.13805000 -0.01156692
0.13810000 -0.01156071
0.13815000 -0.01155450
0.13820000 -0.01154829
0.13825000 -0.01154208
0.13830000 -0.01153587
0.13835000 -0.01152967
0.13840000 -0.01152346
0.13845000 -0.01151726
0.13850000 -0.01151106
0.13855000 -0.01150486
0.13860000 -0.01149866
0.13865000 -0.01149246
0.13870000 -0.01148626
0.13875000 -0.01148007
0.13880000 -0.01147388
0.13885000 -0.01146768
0.13890000 -0.01146149
0.13895000 -0.01145530
0.13900000 -0.01144912
0.13905000 -0.01144293
0.13910000 -0.01143674
0.13915000 -0.01143056
0.13920000 -0.01142438
0.13925000 -0.01141820
0.13930000 -0.01141202
0.13935000 -0.01140584
0.13940000 -0.01139967
0.13945000 -0.01139349
0.13950000 -0.01138732
0.13955000 -0.01138115
0.13960000 -0.01137497
0.13965000 -0.01136881
0.13970000 -0.01136264
0.13975000 -0.01135647
0.13980000 -0.01135031
0.13985000 -0.01134414
0.13990000 -0.01133798
0.13995000 -0.01133182
0.14000000 -0.01132566
0.14005000 -0.01131950
0.14010000 -0.01131335
0.14015000 -0.01130719
0.14020000 -0.01130104
0.14025000 -0.01129489
0.14030000 -0.01128874
0.14035000 -0.01128259
0.14040000 -0.01127644
0.14045000 -0.01127029
0.14050000 -0.01126415
0.14055000 -0.01125801
0.14060000 -0.01125187
0.14065000 -0.01124573
0.14070000 -0.01123959
0.14075000 -0.01123345
0.14080000 -0.01122731
0.14085000 -0.01122118
0.14090000 -0.01121505
0.14095000 -0.01120892
0.14100000 -0.01120279
0.14105000 -0.01119666
0.14110000 -0.01119053
0.14115000 -0.01118440
0.14120000 -0.01117828
0.14125000 -0.01117216
0.14130000 -0.01116604
0.14135000 -0.01115992
0.14140000 -0.01115380
0.14145000 -0.01114768
0.14150000 -0.01114157
0.14155000 -0.01113545
0.14160000 -0.01112934
0.14165000 -0.01112323
0.14170000 -0.01111712
0.14175000 -0.01111102
0.14180000 -0.01110491
0.14185000 -0.01109880
0.14190000 -0.01109270
0.14195000 -0.01108660
0.14200000 -0.01108050
0.14205000 -0.01107440
0.14210000 -0.01106830
0.14215000 -0.01106221
0.14220000 -0.01105611
0.14225000 -0.01105002
0.14230000 -0.01104393
0.14235000 -0.01103784
0.14240000 -0.01103175
0.14245000 -0.01102567
0.14250000 -0.01101958
0.14255000 -0.01101350
0.14260000 -0.01100742
0.14265000 -0.01100134
0.14270000 -0.01099526
0.14275000 -0.01098918
0.14280000 -0.01098310
0.14285000 -0.01097703
0.14290000 -0.01097096
0.14295000 -0.01096489
0.14300000 -0.01095882
0.14305000 -0.01095275
0.14310000 -0.01094668
0.14315000 -0.01094062
0.14320000 -0.01093455
0.14325000 -0.01092849
0.14330000 -0.01092243
0.14335000 -0.01091637
0.14340000 -0.01091031
0.14345000 -0.01090426
0.14350000 -0.01089820
0.14355000 -0.01089215
0.14360000 -0.01088610
0.14365000 -0.01088005
0.14370000 -0.01087400
0.14375000 -0.01086796
0.14380000 -0.01086191
0.14385000 -0.01085587
0.14390000 -0.01084982
0.14395000 -0.01084378
0.14400000 -0.01083775
0.14405000 -0.01083171
0.14410000 -0.01082567
0.14415000 -0.01081964
0.14420000 -0.01081361
0.14425000 -0.01080757
0.14430000 -0.01080155
0.14435000 -0.01079552
0.14440000 -0.01078949
0.14445000 -0.01078347
0.14450000 -0.01077744
0.14455000 -0.01077142
0.14460000 -0.01076540
0.14465000 -0.01075938
0.14470000 -0.01075337
0.14475000 -0.01074735
0.14480000 -0.01074134
0.14485000 -0.01073533
0.14490000 -0.01072931
0.14495000 -0.01072331
0.14500000 -0.01071730
0.14505000 -0.01071129
0.14510000 -0.01070529
0.14515000 -0.01069929
0.14520000 -0.01069328
0.14525000 -0.01068729
0.14530000 -0.01068129
0.14535000 -0.01067529
0.14540000 -0.01066930
0.14545000 -0.01066330
0.14550000 -0.01065731
0.14555000 -0.01065132
0.14560000 -0.01064533
0.14565000 -0.01063935
0.14570000 -0.01063336
0.14575000 -0.01062738
0.14580000 -0.01062140
0.14585000 -0.01061542
0.14590000 -0.01060944
0.14595000 -0.01060346
0.14600000 -0.01059749
0.14605000 -0.01059151
0.14610000 -0.01058554
0.14615000 -0.01057957
0.14620000 -0.01057360
0.14625000 -0.01056763
0.14630000 -0.01056167
0.14635000 -0.01055570
0.14640000 -0.01054974
0.14645000 -0.01054378
0.14650000 -0.01053782
0.14655000 -0.01053186
0.14660000 -0.01052591
0.14665000 -0.01051995
0.14670000 -0.01051400
0.14675000 -0.01050805
0.14680000 -0.01050210
0.14685000 -0.01049615
0.14690000 -0.01049020
0.14695000 -0.01048426
0.14700000 -0.01047832
0.14705000 -0.01047237
0.14710000 -0.01046643
0.14715000 -0.01046050
0.14720000 -0.01045456
0.14725000 -0.01044862
0.14730000 -0.01044269
0.14735000 -0.01043676
0.14740000 -0.01043083
0.14745000 -0.01042490
0.14750000 -0.01041898
0.14755000 -0.01041305
0.14760000 -0.01040713
0.14765000 -0.01040121
0.14770000 -0.01039529
0.14775000 -0.01038937
0.14780000 -0.01038345
0.14785000 -0.01037753
0.14790000 -0.01037162
0.14795000 -0.01036571
0.14800000 -0.01035980
0.14805000 -0.01035389
0.14810000 -0.01034798
0.14815000 -0.01034208
0.14820000 -0.01033618
0.14825000 -0.01033027
0.14830000 -0.01032437
0.14835000 -0.01031847
0.14840000 -0.01031258
0.14845000 -0.01030668
0.14850000 -0.01030079
0.14855000 -0.01029490
0.14860000 -0.01028901
0.14865000 -0.01028312
0.14870000 -0.01027723
0.14875000 -0.01027135
0.14880000 -0.01026546
0.14885000 -0.01025958
0.14890000 -0.01025370
0.14895000 -0.01024782
0.14900000 -0.01024195
0.14905000 -0.01023607
0.14910000 -0.01023020
0.14915000 -0.01022433
0.14920000 -0.01021846
0.14925000 -0.01021259
0.14930000 -0.01020672
0.14935000 -0.01020086
0.14940000 -0.01019499
0.14945000 -0.01018913
0.14950000 -0.01018327
0.14955000 -0.01017741
0.14960000 -0.01017156
0.14965000 -0.01016570
0.14970000 -0.01015985
0.14975000 -0.01015400
0.14980000 -0.01014815
0.14985000 -0.01014230
0.14990000 -0.01013645
0.14995000 -0.01013061
0.15000000 -0.01012476
0.15005000 -0.01011892
0.15010000 -0.01011308
0.15015000 -0.01010724
0.15020000 -0.01010141
0.15025000 -0.01009557
0.15030000 -0.01008974
0.15035000 -0.01008391
0.15040000 -0.01007808
0.15045000 -0.01007225
0.15050000 -0.01006643
0.15055000 -0.01006060
0.15060000 -0.01005478
0.15065000 -0.01004896
0.15070000 -0.01004314
0.15075000 -0.01003732
0.15080000 -0.01003151
0.15085000 -0.01002569
0.15090000 -0.01001988
0.15095000 -0.01001407
0.15100000 -0.01000826
0.15105000 -0.01000245
0.15110000 -0.00999665
0.15115000 -0.00999085
0.15120000 -0.00998504
0.15125000 -0.00997924
0.15130000 -0.00997344
0.15135000 -0.00996765
0.15140000 -0.00996185
0.15145000 -0.00995606
0.15150000 -0.00995027
0.15155000 -0.00994448
0.15160000 -0.00993869
0.15165000 -0.00993290
0.15170000 -0.00992712
0.15175000 -0.00992134
0.15180000 -0.00991555
0.15185000 -0.00990978
0.15190000 -0.00990400
0.15195000 -0.00989822
0.15200000 -0.00989245
0.15205000 -0.00988668
0.15210000 -0.00988090
0.15215000 -0.00987514
0.15220000 -0.00986937
0.15225000 -0.00986360
0.15230000 -0.00985784
0.15235000 -0.00985208
0.15240000 -0.00984632
0.15245000 -0.00984056
0.15250000 -0.00983480
0.15255000 -0.00982905
0.15260000 -0.00982329
0.15265000 -0.00981754
0.15270000 -0.00981179
0.15275000 -0.00980604
0.15280000 -0.00980030
0.15285000 -0.00979455
0.15290000 -0.00978881
0.15295000 -0.00978307
0.15300000 -0.00977733
0.15305000 -0.00977159
0.15310000 -0.00976586
0.15315000 -0.00976012
0.15320000 -0.00975439
0.15325000 -0.00974866
0.15330000 -0.00974293
0.15335000 -0.00973720
0.15340000 -0.00973148
0.15345000 -0.00972576
0.15350000 -0.00972003
0.15355000 -0.00971431
0.15360000 -0.00970860
0.15365000 -0.00970288
0.15370000 -0.00969717
0.15375000 -0.00969145
0.15380000 -0.00968574
0.15385000 -0.00968003
0.15390000 -0.00967432
0.15395000 -0.00966862
0.15400000 -0.00966291
0.15405000 -0.00965721
0.15410000 -0.00965151
0.15415000 -0.00964581
0.15420000 -0.00964012
0.15425000 -0.00963442
0.15430000 -0.00962873
0.15435000 -0.00962304
0.15440000 -0.00961735
0.15445000 -0.00961166
0.15450000 -0.00960597
0.15455000 -0.00960029
0.15460000 -0.00959461
0.15465000 -0.00958893
0.15470000 -0.00958325
0.15475000 -0.00957757
0.15480000 -0.00957189
0.15485000 -0.00956622
0.15490000 -0.00956055
0.15495000 -0.00955488
0.15500000 -0.00954921
0.15505000 -0.00954354
0.15510000 -0.00953788
0.15515000 -0.00953222
0.15520000 -0.00952656
0.15525000 -0.00952090
0.15530000 -0.00951524
0.15535000 -0.00950958
0.15540000 -0.00950393
0.15545000 -0.00949828
0.15550000 -0.00949263
0.15555000 -0.00948698
0.15560000 -0.00948133
0.15565000 -0.00947569
0.15570000 -0.00947005
0.15575000 -0.00946440
0.15580000 -0.00945876
0.15585000 -0.00945313
0.15590000 -0.00944749
0.15595000 -0.00944186
0.15600000 -0.00943623
0.15605000 -0.00943059
0.15610000 -0.00942497
0.15615000 -0.00941934
0.15620000 -0.00941371
0.15625000 -0.00940809
0.15630000 -0.00940247
0.15635000 -0.00939685
0.15640000 -0.00939123
0.15645000 -0.00938562
0.15650000 -0.00938000
0.15655000 -0.00937439
0.15660000 -0.00936878
0.15665000 -0.00936317
0.15670000 -0.00935757
0.15675000 -0.00935196
0.15680000 -0.00934636
0.15685000 -0.00934076
0.15690000 -0.00933516
0.15695000 -0.00932956
0.15700000 -0.00932396
0.15705000 -0.00931837
0.15710000 -0.00931278
0.15715000 -0.00930719
0.15720000 -0.00930160
0.15725000 -0.00929601
0.15730000 -0.00929043
0.15735000 -0.00928484
0.15740000 -0.00927926
0.15745000 -0.00927368
0.15750000 -0.00926811
0.15755000 -0.00926253
0.15760000 -0.00925696
0.15765000 -0.00925138
0.15770000 -0.00924581
0.15775000 -0.00924025
0.15780000 -0.00923468
0.15785000 -0.00922911
0.15790000 -0.00922355
0.15795000 -0.00921799
0.15800000 -0.00921243
0.15805000 -0.00920687
0.15810000 -0.00920132
0.15815000 -0.00919577
0.15820000 -0.00919021
0.15825000 -0.00918466
0.15830000 -0.00917912
0.15835000 -0.00917357
0.15840000 -0.00916803
0.15845000 -0.00916248
0.15850000 -0.00915694
0.15855000 -0.00915140
0.15860000 -0.00914587
0.15865000 -0.00914033
0.15870000 -0.00913480
0.15875000 -0.00912927
0.15880000 -0.00912374
0.15885000 -0.00911821
0.15890000 -0.00911268
0.15895000 -0.00910716
0.15900000 -0.00910164
0.15905000 -0.00909612
0.15910000 -0.00909060
0.15915000 -0.00908508
0.15920000 -0.00907957
0.15925000 -0.00907405
0.15930000 -0.00906854
0.15935000 -0.00906303
0.15940000 -0.00905753
0.15945000 -0.00905202
0.15950000 -0.00904652
0.15955000 -0.00904102
0.15960000 -0.00903552
0.15965000 -0.00903002
0.15970000 -0.00902452
0.15975000 -0.00901903
0.15980000 -0.00901354
0.15985000 -0.00900804
0.15990000 -0.00900256
0.15995000 -0.00899707
0.16000000 -0.00899158
0.16005000 -0.00898610
0.16010000 -0.00898062
0.16015000 -0.00897514
0.16020000 -0.00896966
0.16025000 -0.00896419
0.16030000 -0.00895871
0.16035000 -0.00895324
0.16040000 -0.00894777
0.16045000 -0.00894230
0.16050000 -0.00893684
0.16055000 -0.00893137
0.16060000 -0.00892591
0.16065000 -0.00892045
0.16070000 -0.00891499
0.16075000 -0.00890954
0.16080000 -0.00890408
0.16085000 -0.00889863
0.16090000 -0.00889318
0.16095000 -0.00888773
0.16100000 -0.00888228
0.16105000 -0.00887683
0.16110000 -0.00887139
0.16115000 -0.00886595
0.16120000 -0.00886051
0.16125000 -0.00885507
0.16130000 -0.00884964
0.16135000 -0.00884420
0.16140000 -0.00883877
0.16145000 -0.00883334
0.16150000 -0.00882791
0.16155000 -0.00882248
0.16160000 -0.00881706
0.16165000 -0.00881164
0.16170000 -0.00880621
0.16175000 -0.00880080
0.16180000 -0.00879538
0.16185000 -0.00878996
0.16190000 -0.00878455
0.16195000 -0.00877914
0.16200000 -0.00877373
0.16205000 -0.00876832
0.16210000 -0.00876291
0.16215000 -0.00875751
0.16220000 -0.00875211
0.16225000 -0.00874671
0.16230000 -0.00874131
0.16235000 -0.00873591
0.16240000 -0.00873052
0.16245000 -0.00872513
0.16250000 -0.00871974
0.16255000 -0.00871435
0.16260000 -0.00870896
0.16265000 -0.00870358
0.16270000 -0.00869819
0.16275000 -0.00869281
0.16280000 -0.00868743
0.16285000 -0.00868205
0.16290000 -0.00867668
0.16295000 -0.00867131
0.16300000 -0.00866593
0.16305000 -0.00866056
0.16310000 -0.00865520
0.16315000 -0.00864983
0.16320000 -0.00864447
0.16325000 -0.00863910
0.16330000 -0.00863374
0.16335000 -0.00862839
0.16340000 -0.00862303
0.16345000 -0.00861768
0.16350000 -0.00861232
0.16355000 -0.00860697
0.16360000 -0.00860162
0.16365000 -0.00859628
0.16370000 -0.00859093
0.16375000 -0.00858559
0.16380000 -0.00858025
0.16385000 -0.00857491
0.16390000 -0.00856957
0.16395000 -0.00856424
0.16400000 -0.00855890
0.16405000 -0.00855357
0.16410000 -0.00854824
0.16415000 -0.00854291
0.16420000 -0.00853759
0.16425000 -0.00853226
0.16430000 -0.00852694
0.16435000 -0.00852162
0.16440000 -0.00851631
0.16445000 -0.00851099
0.16450000 -0.00850567
0.16455000 -0.00850036
0.16460000 -0.00849505
0.16465000 -0.00848974
0.16470000 -0.00848444
0.16475000 -0.00847913
0.16480000 -0.00847383
0.16485000 -0.00846853
0.16490000 -0.00846323
0.16495000 -0.00845793
0.16500000 -0.00845264
0.16505000 -0.00844735
0.16510000 -0.00844205
0.16515000 -0.00843677
0.16520000 -0.00843148
0.16525000 -0.00842619
0.16530000 -0.00842091
0.16535000 -0.00841563
0.16540000 -0.00841035
0.16545000 -0.00840507
0.16550000 -0.00839980
0.16555000 -0.00839452
0.16560000 -0.00838925
0.16565000 -0.00838398
0.16570000 -0.00837871
0.16575000 -0.00837345
0.16580000 -0.00836818
0.16585000 -0.00836292
0.16590000 -0.00835766
0.16595000 -0.00835240
0.16600000 -0.00834715
0.16605000 -0.00834189
0.16610000 -0.00833664
0.16615000 -0.00833139
0.16620000 -0.00832614
0.16625000 -0.00832089
0.16630000 -0.00831565
0.16635000 -0.00831041
0.16640000 -0.00830516
0.16645000 -0.00829993
0.16650000 -0.00829469
0.16655000 -0.00828945
0.16660000 -0.00828422
0.16665000 -0.00827899
0.16670000 -0.00827376
0.16675000 -0.00826853
0.16680000 -0.00826331
0.16685000 -0.00825808
0.16690000 -0.00825286
0.16695000 -0.00824764
0.16700000 -0.00824243
0.16705000 -0.00823721
0.16710000 -0.00823200
0.16715000 -0.00822679
0.16720000 -0.00822158
0.16725000 -0.00821637
0.16730000 -0.00821116
0.16735000 -0.00820596
0.16740000 -0.00820076
0.16745000 -0.00819556
0.16750000 -0.00819036
0.16755000 -0.00818516
0.16760000 -0.00817997
0.16765000 -0.00817478
0.16770000 -0.00816959
0.16775000 -0.00816440
0.16780000 -0.00815921
0.16785000 -0.00815403
0.16790000 -0.00814885
0.16795000 -0.00814367
0.16800000 -0.00813849
0.16805000 -0.00813331
0.16810000 -0.00812814
0.16815000 -0.00812296
0.16820000 -0.00811779
0.16825000 -0.00811262
0.16830000 -0.00810746
0.16835000 -0.00810229
0.16840000 -0.00809713
0.16845000 -0.00809197
0.16850000 -0.00808681
0.16855000 -0.00808165
0.16860000 -0.00807650
0.16865000 -0.00807134
0.16870000 -0.00806619
0.16875000 -0.00806104
0.16880000 -0.00805590
0.16885000 -0.00805075
0.16890000 -0.00804561
0.16895000 -0.00804047
0.16900000 -0.00803533
0.16905000 -0.00803019
0.16910000 -0.00802506
0.16915000 -0.00801992
0.16920000 -0.00801479
0.16925000 -0.00800966
0.16930000 -0.00800453
0.16935000 -0.00799941
0.16940000 -0.00799429
0.16945000 -0.00798916
0.16950000 -0.00798404
0.16955000 -0.00797893
0.16960000 -0.00797381
0.16965000 -0.00796870
0.16970000 -0.00796359
0.16975000 -0.00795848
0.16980000 -0.00795337
0.16985000 -0.00794826
0.16990000 -0.00794316
0.16995000 -0.00793806
0.17000000 -0.00793296
0.17005000 -0.00792786
0.17010000 -0.00792276
0.17015000 -0.00791767
0.17020000 -0.00791258
0.17025000 -0.00790749
0.17030000 -0.00790240
0.17035000 -0.00789731
0.17040000 -0.00789223
0.17045000 -0.00788715
0.17050000 -0.00788206
0.17055000 -0.00787699
0.17060000 -0.00787191
0.17065000 -0.00786684
0.17070000 -0.00786176
0.17075000 -0.00785669
0.17080000 -0.00785162
0.17085000 -0.00784656
0.17090000 -0.00784149
0.17095000 -0.00783643
0.17100000 -0.00783137
0.17105000 -0.00782631
0.17110000 -0.00782126
0.17115000 -0.00781620
0.17120000 -0.00781115
0.17125000 -0.00780610
0.17130000 -0.00780105
0.17135000 -0.00779600
0.17140000 -0.00779096
0.17145000 -0.00778592
0.17150000 -0.00778088
0.17155000 -0.00777584
0.17160000 -0.00777080
0.17165000 -0.00776577
0.17170000 -0.00776073
0.17175000 -0.00775570
0.17180000 -0.00775067
0.17185000 -0.00774565
0.17190000 -0.00774062
0.17195000 -0.00773560
0.17200000 -0.00773058
0.17205000 -0.00772556
0.17210000 -0.00772054
0.17215000 -0.00771553
0.17220000 -0.00771051
0.17225000 -0.00770550
0.17230000 -0.00770049
0.17235000 -0.00769549
0.17240000 -0.00769048
0.17245000 -0.00768548
0.17250000 -0.00768048
0.17255000 -0.00767548
0.17260000 -0.00767048
0.17265000 -0.00766549
0.17270000 -0.00766049
0.17275000 -0.00765550
0.17280000 -0.00765051
0.17285000 -0.00764553
0.17290000 -0.00764054
0.17295000 -0.00763556
0.17300000 -0.00763058
0.17305000 -0.00762560
0.17310000 -0.00762062
0.17315000 -0.00761565
0.17320000 -0.00761067
0.17325000 -0.00760570
0.17330000 -0.00760073
0.17335000 -0.00759576
0.17340000 -0.00759080
0.17345000 -0.00758584
0.17350000 -0.00758087
0.17355000 -0.00757592
0.17360000 -0.00757096
0.17365000 -0.00756600
0.17370000 -0.00756105
0.17375000 -0.00755610
0.17380000 -0.00755115
0.17385000 -0.00754620
0.17390000 -0.00754126
0.17395000 -0.00753631
0.17400000 -0.00753137
0.17405000 -0.00752643
0.17410000 -0.00752149
0.17415000 -0.00751656
0.17420000 -0.00751163
0.17425000 -0.00750669
0.17430000 -0.00750177
0.17435000 -0.00749684
0.17440000 -0.00749191
0.17445000 -0.00748699
0.17450000 -0.00748207
0.17455000 -0.00747715
0.17460000 -0.00747223
0.17465000 -0.00746732
0.17470000 -0.00746240
0.17475000 -0.00745749
0.17480000 -0.00745258
0.17485000 -0.00744767
0.17490000 -0.00744277
0.17495000 -0.00743787
0.17500000 -0.00743296
0.17505000 -0.00742806
0.17510000 -0.00742317
0.17515000 -0.00741827
0.17520000 -0.00741338
0.17525000 -0.00740849
0.17530000 -0.00740360
0.17535000 -0.00739871
0.17540000 -0.00739382
0.17545000 -0.00738894
0.17550000 -0.00738406
0.17555000 -0.00737918
0.17560000 -0.00737430
0.17565000 -0.00736943
0.17570000 -0.00736455
0.17575000 -0.00735968
0.17580000 -0.00735481
0.17585000 -0.00734995
0.17590000 -0.00734508
0.17595000 -0.00734022
0.17600000 -0.00733536
0.17605000 -0.00733050
0.17610000 -0.00732564
0.17615000 -0.00732078
0.17620000 -0.00731593
0.17625000 -0.00731108
0.17630000 -0.00730623
0.17635000 -0.00730138
0.17640000 -0.00729654
0.17645000 -0.00729169
0.17650000 -0.00728685
0.17655000 -0.00728201
0.17660000 -0.00727718
0.17665000 -0.00727234
0.17670000 -0.00726751
0.17675000 -0.00726268
0.17680000 -0.00725785
0.17685000 -0.00725302
0.17690000 -0.00724819
0.17695000 -0.00724337
0.17700000 -0.00723855
0.17705000 -0.00723373
0.17710000 -0.00722891
0.17715000 -0.00722410
0.17720000 -0.00721928
0.17725000 -0.00721447
0.17730000 -0.00720966
0.17735000 -0.00720486
0.17740000 -0.00720005
0.17745000 -0.00719525
0.17750000 -0.00719045
0.17755000 -0.00718565
0.17760000 -0.00718085
0.17765000 -0.00717605
0.17770000 -0.00717126
0.17775000 -0.00716647
0.17780000 -0.00716168
0.17785000 -0.00715689
0.17790000 -0.00715211
0.17795000 -0.00714733
0.17800000 -0.00714254
0.17805000 -0.00713777
0.17810000 -0.00713299
0.17815000 -0.00712821
0.17820000 -0.00712344
0.17825000 -0.00711867
0.17830000 -0.00711390
0.17835000 -0.00710913
0.17840000 -0.00710437
0.17845000 -0.00709960
0.17850000 -0.00709484
0.17855000 -0.00709008
0.17860000 -0.00708533
0.17865000 -0.00708057
0.17870000 -0.00707582
0.17875000 -0.00707107
0.17880000 -0.00706632
0.17885000 -0.00706157
0.17890000 -0.00705683
0.17895000 -0.00705209
0.17900000 -0.00704734
0.17905000 -0.00704261
0.17910000 -0.00703787
0.17915000 -0.00703313
0.17920000 -0.00702840
0.17925000 -0.00702367
0.17930000 -0.00701894
0.17935000 -0.00701421
0.17940000 -0.00700949
0.17945000 -0.00700477
0.17950000 -0.00700005
0.17955000 -0.00699533
0.17960000 -0.00699061
0.17965000 -0.00698590
0.17970000 -0.00698118
0.17975000 -0.00697647
0.17980000 -0.00697176
0.17985000 -0.00696706
0.17990000 -0.00696235
0.17995000 -0.00695765
0.18000000 -0.00695295
0.18005000 -0.00694825
0.18010000 -0.00694355
0.18015000 -0.00693886
0.18020000 -0.00693417
0.18025000 -0.00692948
0.18030000 -0.00692479
0.18035000 -0.00692010
0.18040000 -0.00691542
0.18045000 -0.00691073
0.18050000 -0.00690605
0.18055000 -0.00690137
0.18060000 -0.00689670
0.18065000 -0.00689202
0.18070000 -0.00688735
0.18075000 -0.00688268
0.18080000 -0.00687801
0.18085000 -0.00687335
0.18090000 -0.00686868
0.18095000 -0.00686402
0.18100000 -0.00685936
0.18105000 -0.00685470
0.18110000 -0.00685004
0.18115000 -0.00684539
0.18120000 -0.00684074
0.18125000 -0.00683609
0.18130000 -0.00683144
0.18135000 -0.00682679
0.18140000 -0.00682215
0.18145000 -0.00681751
0.18150000 -0.00681287
0.18155000 -0.00680823
0.18160000 -0.00680359
0.18165000 -0.00679896
0.18170000 -0.00679433
0.18175000 -0.00678970
0.18180000 -0.00678507
0.18185000 -0.00678044
0.18190000 -0.00677582
0.18195000 -0.00677120
0.18200000 -0.00676658
0.18205000 -0.00676196
0.18210000 -0.00675734
0.18215000 -0.00675273
0.18220000 -0.00674812
0.18225000 -0.00674351
0.18230000 -0.00673890
0.18235000 -0.00673429
0.18240000 -0.00672969
0.18245000 -0.00672509
0.18250000 -0.00672049
0.18255000 -0.00671589
0.18260000 -0.00671129
0.18265000 -0.00670670
0.18270000 -0.00670211
0.18275000 -0.00669752
0.18280000 -0.00669293
0.18285000 -0.00668834
0.18290000 -0.00668376
0.18295000 -0.00667918
0.18300000 -0.00667460
0.18305000 -0.00667002
0.18310000 -0.00666545
0.18315000 -0.00666087
0.18320000 -0.00665630
0.18325000 -0.00665173
0.18330000 -0.00664716
0.18335000 -0.00664260
0.18340000 -0.00663803
0.18345000 -0.00663347
0.18350000 -0.00662891
0.18355000 -0.00662436
0.18360000 -0.00661980
0.18365000 -0.00661525
0.18370000 -0.00661070
0.18375000 -0.00660615
0.18380000 -0.00660160
0.18385000 -0.00659705
0.18390000 -0.00659251
0.18395000 -0.00658797
0.18400000 -0.00658343
0.18405000 -0.00657889
0.18410000 -0.00657436
0.18415000 -0.00656982
0.18420000 -0.00656529
0.18425000 -0.00656076
0.18430000 -0.00655624
0.18435000 -0.00655171
0.18440000 -0.00654719
0.18445000 -0.00654267
0.18450000 -0.00653815
0.18455000 -0.00653363
0.18460000 -0.00652912
0.18465000 -0.00652460
0.18470000 -0.00652009
0.18475000 -0.00651558
0.18480000 -0.00651108
0.18485000 -0.00650657
0.18490000 -0.00650207
0.18495000 -0.00649757
0.18500000 -0.00649307
0.18505000 -0.00648857
0.18510000 -0.00648408
0.18515000 -0.00647958
0.18520000 -0.00647509
0.18525000 -0.00647060
0.18530000 -0.00646612
0.18535000 -0.00646163
0.18540000 -0.00645715
0.18545000 -0.00645267
0.18550000 -0.00644819
0.18555000 -0.00644371
0.18560000 -0.00643924
0.18565000 -0.00643477
0.18570000 -0.00643030
0.18575000 -0.00642583
0.18580000 -0.00642136
0.18585000 -0.00641690
0.18590000 -0.00641243
0.18595000 -0.00640797
0.18600000 -0.00640351
0.18605000 -0.00639906
0.18610000 -0.00639460
0.18615000 -0.00639015
0.18620000 -0.00638570
0.18625000 -0.00638125
0.18630000 -0.00637681
0.18635000 -0.00637236
0.18640000 -0.00636792
0.18645000 -0.00636348
0.18650000 -0.00635904
0.18655000 -0.00635460
0.18660000 -0.00635017
0.18665000 -0.00634574
0.18670000 -0.00634131
0.18675000 -0.00633688
0.18680000 -0.00633245
0.18685000 -0.00632803
0.18690000 -0.00632361
0.18695000 -0.00631919
0.18700000 -0.00631477
0.18705000 -0.00631035
0.18710000 -0.00630594
0.18715000 -0.00630153
0.18720000 -0.00629712
0.18725000 -0.00629271
0.18730000 -0.00628830
0.18735000 -0.00628390
0.18740000 -0.00627949
0.18745000 -0.00627509
0.18750000 -0.00627070
0.18755000 -0.00626630
0.18760000 -0.00626191
0.18765000 -0.00625751
0.18770000 -0.00625312
0.18775000 -0.00624874
0.18780000 -0.00624435
0.18785000 -0.00623997
0.18790000 -0.00623559
0.18795000 -0.00623121
0.18800000 -0.00622683
0.18805000 -0.00622245
0.18810000 -0.00621808
0.18815000 -0.00621371
0.18820000 -0.00620934
0.18825000 -0.00620497
0.18830000 -0.00620060
0.18835000 -0.00619624
0.18840000 -0.00619188
0.18845000 -0.00618752
0.18850000 -0.00618316
0.18855000 -0.00617880
0.18860000 -0.00617445
0.18865000 -0.00617010
0.18870000 -0.00616575
0.18875000 -0.00616140
0.18880000 -0.00615706
0.18885000 -0.00615271
0.18890000 -0.00614837
0.18895000 -0.00614403
0.18900000 -0.00613969
0.18905000 -0.00613536
0.18910000 -0.00613103
0.18915000 -0.00612669
0.18920000 -0.00612236
0.18925000 -0.00611804
0.18930000 -0.00611371
0.18935000 -0.00610939
0.18940000 -0.00610507
0.18945000 -0.00610075
0.18950000 -0.00609643
0.18955000 -0.00609211
0.18960000 -0.00608780
0.18965000 -0.00608349
0.18970000 -0.00607918
0.18975000 -0.00607487
0.18980000 -0.00607057
0.18985000 -0.00606626
0.18990000 -0.00606196
0.18995000 -0.00605766
0.19000000 -0.00605337
0.19005000 -0.00604907
0.19010000 -0.00604478
0.19015000 -0.00604049
0.19020000 -0.00603620
0.19025000 -0.00603191
0.19030000 -0.00602762
0.19035000 -0.00602334
0.19040000 -0.00601906
0.19045000 -0.00601478
0.19050000 -0.00601050
0.19055000 -0.00600623
0.19060000 -0.00600196
0.19065000 -0.00599768
0.19070000 -0.00599342
0.19075000 -0.00598915
0.19080000 -0.00598488
0.19085000 -0.00598062
0.19090000 -0.00597636
0.19095000 -0.00597210
0.19100000 -0.00596784
0.19105000 -0.00596359
0.19110000 -0.00595934
0.19115000 -0.00595508
0.19120000 -0.00595084
0.19125000 -0.00594659
0.19130000 -0.00594234
0.19135000 -0.00593810
0.19140000 -0.00593386
0.19145000 -0.00592962
0.19150000 -0.00592538
0.19155000 -0.00592115
0.19160000 -0.00591692
0.19165000 -0.00591268
0.19170000 -0.00590846
0.19175000 -0.00590423
0.19180000 -0.00590000
0.19185000 -0.00589578
0.19190000 -0.00589156
0.19195000 -0.00588734
0.19200000 -0.00588312
0.19205000 -0.00587891
0.19210000 -0.00587470
0.19215000 -0.00587049
0.19220000 -0.00586628
0.19225000 -0.00586207
0.19230000 -0.00585787
0.19235000 -0.00585366
0.19240000 -0.00584946
0.19245000 -0.00584526
0.19250000 -0.00584107
0.19255000 -0.00583687
0.19260000 -0.00583268
0.19265000 -0.00582849
0.19270000 -0.00582430
0.19275000 -0.00582011
0.19280000 -0.00581593
0.19285000 -0.00581174
0.19290000 -0.00580756
0.19295000 -0.00580339
0.19300000 -0.00579921
0.19305000 -0.00579503
0.19310000 -0.00579086
0.19315000 -0.00578669
0.19320000 -0.00578252
0.19325000 -0.00577835
0.19330000 -0.00577419
0.19335000 -0.00577003
0.19340000 -0.00576587
0.19345000 -0.00576171
0.19350000 -0.00575755
0.19355000 -0.00575340
0.19360000 -0.00574924
0.19365000 -0.00574509
0.19370000 -0.00574094
0.19375000 -0.00573680
0.19380000 -0.00573265
0.19385000 -0.00572851
0.19390000 -0.00572437
0.19395000 -0.00572023
0.19400000 -0.00571609
0.19405000 -0.00571196
0.19410000 -0.00570783
0.19415000 -0.00570370
0.19420000 -0.00569957
0.19425000 -0.00569544
0.19430000 -0.00569132
0.19435000 -0.00568719
0.19440000 -0.00568307
0.19445000 -0.00567895
0.19450000 -0.00567484
0.19455000 -0.00567072
0.19460000 -0.00566661
0.19465000 -0.00566250
0.19470000 -0.00565839
0.19475000 -0.00565428
0.19480000 -0.00565018
0.19485000 -0.00564608
0.19490000 -0.00564198
0.19495000 -0.00563788
0.19500000 -0.00563378
0.19505000 -0.00562968
0.19510000 -0.00562559
0.19515000 -0.00562150
0.19520000 -0.00561741
0.19525000 -0.00561333
0.19530000 -0.00560924
0.19535000 -0.00560516
0.19540000 -0.00560108
0.19545000 -0.00559700
0.19550000 -0.00559292
0.19555000 -0.00558885
0.19560000 -0.00558477
0.19565000 -0.00558070
0.19570000 -0.00557663
0.19575000 -0.00557257
0.19580000 -0.00556850
0.19585000 -0.00556444
0.19590000 -0.00556038
0.19595000 -0.00555632
0.19600000 -0.00555226
0.19605000 -0.00554821
0.19610000 -0.00554416
0.19615000 -0.00554011
0.19620000 -0.00553606
0.19625000 -0.00553201
0.19630000 -0.00552796
0.19635000 -0.00552392
0.19640000 -0.00551988
0.19645000 -0.00551584
0.19650000 -0.00551180
0.19655000 -0.00550777
0.19660000 -0.00550374
0.19665000 -0.00549971
0.19670000 -0.00549568
0.19675000 -0.00549165
0.19680000 -0.00548763
0.19685000 -0.00548360
0.19690000 -0.00547958
0.19695000 -0.00547556
0.19700000 -0.00547155
0.19705000 -0.00546753
0.19710000 -0.00546352
0.19715000 -0.00545951
0.19720000 -0.00545550
0.19725000 -0.00545149
0.19730000 -0.00544748
0.19735000 -0.00544348
0.19740000 -0.00543948
0.19745000 -0.00543548
0.19750000 -0.00543148
0.19755000 -0.00542749
0.19760000 -0.00542350
0.19765000 -0.00541950
0.19770000 -0.00541552
0.19775000 -0.00541153
0.19780000 -0.00540754
0.19785000 -0.00540356
0.19790000 -0.00539958
0.19795000 -0.00539560
0.19800000 -0.00539162
0.19805000 -0.00538765
0.19810000 -0.00538367
0.19815000 -0.00537970
0.19820000 -0.00537573
0.19825000 -0.00537176
0.19830000 -0.00536780
0.19835000 -0.00536384
0.19840000 -0.00535987
0.19845000 -0.00535591
0.19850000 -0.00535196
0.19855000 -0.00534800
0.19860000 -0.00534405
0.19865000 -0.00534010
0.19870000 -0.00533615
0.19875000 -0.00533220
0.19880000 -0.00532825
0.19885000 -0.00532431
0.19890000 -0.00532037
0.19895000 -0.00531643
0.19900000 -0.00531249
0.19905000 -0.00530856
0.19910000 -0.00530462
0.19915000 -0.00530069
0.19920000 -0.00529676
0.19925000 -0.00529283
0.19930000 -0.00528891
0.19935000 -0.00528498
0.19940000 -0.00528106
0.19945000 -0.00527714
0.19950000 -0.00527322
0.19955000 -0.00526931
0.19960000 -0.00526539
0.19965000 -0.00526148
0.19970000 -0.00525757
0.19975000 -0.00525366
0.19980000 -0.00524976
0.19985000 -0.00524585
0.19990000 -0.00524195
0.19995000 -0.00523805
0.20000000 -0.00523415
0.20005000 -0.00523026
0.20010000 -0.00522636
0.20015000 -0.00522247
0.20020000 -0.00521858
0.20025000 -0.00521469
0.20030000 -0.00521080
0.20035000 -0.00520692
0.20040000 -0.00520304
0.20045000 -0.00519916
0.20050000 -0.00519528
0.20055000 -0.00519140
0.20060000 -0.00518753
0.20065000 -0.00518365
0.20070000 -0.00517978
0.20075000 -0.00517591
0.20080000 -0.00517205
0.20085000 -0.00516818
0.20090000 -0.00516432
0.20095000 -0.00516046
0.20100000 -0.00515660
0.20105000 -0.00515274
0.20110000 -0.00514889
0.20115000 -0.00514504
0.20120000 -0.00514119
0.20125000 -0.00513734
0.20130000 -0.00513349
0.20135000 -0.00512964
0.20140000 -0.00512580
0.20145000 -0.00512196
0.20150000 -0.00511812
0.20155000 -0.00511428
0.20160000 -0.00511045
0.20165000 -0.00510662
0.20170000 -0.00510278
0.20175000 -0.00509895
0.20180000 -0.00509513
0.20185000 -0.00509130
0.20190000 -0.00508748
0.20195000 -0.00508366
0.20200000 -0.00507984
0.20205000 -0.00507602
0.20210000 -0.00507220
0.20215000 -0.00506839
0.20220000 -0.00506458
0.20225000 -0.00506077
0.20230000 -0.00505696
0.20235000 -0.00505316
0.20240000 -0.00504935
0.20245000 -0.00504555
0.20250000 -0.00504175
0.20255000 -0.00503795
0.20260000 -0.00503416
0.20265000 -0.00503036
0.20270000 -0.00502657
0.20275000 -0.00502278
0.20280000 -0.00501899
0.20285000 -0.00501520
0.20290000 -0.00501142
0.20295000 -0.00500764
0.20300000 -0.00500386
0.20305000 -0.00500008
0.20310000 -0.00499630
0.20315000 -0.00499253
0.20320000 -0.00498876
0.20325000 -0.00498498
0.20330000 -0.00498122
0.20335000 -0.00497745
0.20340000 -0.00497368
0.20345000 -0.00496992
0.20350000 -0.00496616
0.20355000 -0.00496240
0.20360000 -0.00495864
0.20365000 -0.00495489
0.20370000 -0.00495114
0.20375000 -0.00494739
0.20380000 -0.00494364
0.20385000 -0.00493989
0.20390000 -0.00493614
0.20395000 -0.00493240
0.20400000 -0.00492866
0.20405000 -0.00492492
0.20410000 -0.00492118
0.20415000 -0.00491745
0.20420000 -0.00491371
0.20425000 -0.00490998
0.20430000 -0.00490625
0.20435000 -0.00490252
0.20440000 -0.00489880
0.20445000 -0.00489507
0.20450000 -0.00489135
0.20455000 -0.00488763
0.20460000 -0.00488391
0.20465000 -0.00488020
0.20470000 -0.00487648
0.20475000 -0.00487277
0.20480000 -0.00486906
0.20485000 -0.00486535
0.20490000 -0.00486165
0.20495000 -0.00485794
0.20500000 -0.00485424
0.20505000 -0.00485054
0.20510000 -0.00484684
0.20515000 -0.00484314
0.20520000 -0.00483945
0.20525000 -0.00483576
0.20530000 -0.00483207
0.20535000 -0.00482838
0.20540000 -0.00482469
0.20545000 -0.00482100
0.20550000 -0.00481732
0.20555000 -0.00481364
0.20560000 -0.00480996
0.20565000 -0.00480628
0.20570000 -0.00480261
0.20575000 -0.00479893
0.20580000 -0.00479526
0.20585000 -0.00479159
0.20590000 -0.00478793
0.20595000 -0.00478426
0.20600000 -0.00478060
0.20605000 -0.00477693
0.20610000 -0.00477327
0.20615000 -0.00476962
0.20620000 -0.00476596
0.20625000 -0.00476231
0.20630000 -0.00475865
0.20635000 -0.00475500
0.20640000 -0.00475136
0.20645000 -0.00474771
0.20650000 -0.00474406
0.20655000 -0.00474042
0.20660000 -0.00473678
0.20665000 -0.00473314
0.20670000 -0.00472951
0.20675000 -0.00472587
0.20680000 -0.00472224
0.20685000 -0.00471861
0.20690000 -0.00471498
0.20695000 -0.00471135
0.20700000 -0.00470773
0.20705000 -0.00470410
0.20710000 -0.00470048
0.20715000 -0.00469686
0.20720000 -0.00469324
0.20725000 -0.00468963
0.20730000 -0.00468602
0.20735000 -0.00468240
0.20740000 -0.00467879
0.20745000 -0.00467519
0.20750000 -0.00467158
0.20755000 -0.00466798
0.20760000 -0.00466437
0.20765000 -0.00466077
0.20770000 -0.00465718
0.20775000 -0.00465358
0.20780000 -0.00464998
0.20785000 -0.00464639
0.20790000 -0.00464280
0.20795000 -0.00463921
0.20800000 -0.00463563
0.20805000 -0.00463204
0.20810000 -0.00462846
0.20815000 -0.00462488
0.20820000 -0.00462130
0.20825000 -0.00461772
0.20830000 -0.00461415
0.20835000 -0.00461057
0.20840000 -0.00460700
0.20845000 -0.00460343
0.20850000 -0.00459986
0.20855000 -0.00459630
0.20860000 -0.00459273
0.20865000 -0.00458917
0.20870000 -0.00458561
0.20875000 -0.00458205
0.20880000 -0.00457850
0.20885000 -0.00457494
0.20890000 -0.00457139
0.20895000 -0.00456784
0.20900000 -0.00456429
0.20905000 -0.00456075
0.20910000 -0.00455720
0.20915000 -0.00455366
0.20920000 -0.00455012
0.20925000 -0.00454658
0.20930000 -0.00454304
0.20935000 -0.00453951
0.20940000 -0.00453597
0.20945000 -0.00453244
0.20950000 -0.00452891
0.20955000 -0.00452539
0.20960000 -0.00452186
0.20965000 -0.00451834
0.20970000 -0.00451482
0.20975000 -0.00451130
0.20980000 -0.00450778
0.20985000 -0.00450426
0.20990000 -0.00450075
0.20995000 -0.00449723
0.21000000 -0.00449372
0.21005000 -0.00449022
0.21010000 -0.00448671
0.21015000 -0.00448320
0.21020000 -0.00447970
0.21025000 -0.00447620
0.21030000 -0.00447270
0.21035000 -0.00446921
0.21040000 -0.00446571
0.21045000 -0.00446222
0.21050000 -0.00445873
0.21055000 -0.00445524
0.21060000 -0.00445175
0.21065000 -0.00444826
0.21070000 -0.00444478
0.21075000 -0.00444130
0.21080000 -0.00443782
0.21085000 -0.00443434
0.21090000 -0.00443086
0.21095000 -0.00442739
0.21100000 -0.00442392
0.21105000 -0.00442045
0.21110000 -0.00441698
0.21115000 -0.00441351
0.21120000 -0.00441005
0.21125000 -0.00440658
0.21130000 -0.00440312
0.21135000 -0.00439966
0.21140000 -0.00439620
0.21145000 -0.00439275
0.21150000 -0.00438930
0.21155000 -0.00438584
0.21160000 -0.00438239
0.21165000 -0.00437895
0.21170000 -0.00437550
0.21175000 -0.00437206
0.21180000 -0.00436861
0.21185000 -0.00436517
0.21190000 -0.00436174
0.21195000 -0.00435830
0.21200000 -0.00435486
0.21205000 -0.00435143
0.21210000 -0.00434800
0.21215000 -0.00434457
0.21220000 -0.00434114
0.21225000 -0.00433772
0.21230000 -0.00433430
0.21235000 -0.00433087
0.21240000 -0.00432745
0.21245000 -0.00432404
0.21250000 -0.00432062
0.21255000 -0.00431721
0.21260000 -0.00431380
0.21265000 -0.00431039
0.21270000 -0.00430698
0.21275000 -0.00430357
0.21280000 -0.00430017
0.21285000 -0.00429676
0.21290000 -0.00429336
0.21295000 -0.00428996
0.21300000 -0.00428657
0.21305000 -0.00428317
0.21310000 -0.00427978
0.21315000 -0.00427639
0.21320000 -0.00427300
0.21325000 -0.00426961
0.21330000 -0.00426622
0.21335000 -0.00426284
0.21340000 -0.00425946
0.21345000 -0.00425608
0.21350000 -0.00425270
0.21355000 -0.00424932
0.21360000 -0.00424595
0.21365000 -0.00424258
0.21370000 -0.00423920
0.21375000 -0.00423584
0.21380000 -0.00423247
0.21385000 -0.00422910
0.21390000 -0.00422574
0.21395000 -0.00422238
0.21400000 -0.00421902
0.21405000 -0.00421566
0.21410000 -0.00421230
0.21415000 -0.00420895
0.21420000 -0.00420560
0.21425000 -0.00420225
0.21430000 -0.00419890
0.21435000 -0.00419555
0.21440000 -0.00419221
0.21445000 -0.00418887
0.21450000 -0.00418552
0.21455000 -0.00418219
0.21460000 -0.00417885
0.21465000 -0.00417551
0.21470000 -0.00417218
0.21475000 -0.00416885
0.21480000 -0.00416552
0.21485000 -0.00416219
0.21490000 -0.00415886
0.21495000 -0.00415554
0.21500000 -0.00415222
0.21505000 -0.00414890
0.21510000 -0.00414558
0.21515000 -0.00414226
0.21520000 -0.00413895
0.21525000 -0.00413563
0.21530000 -0.00413232
0.21535000 -0.00412901
0.21540000 -0.00412570
0.21545000 -0.00412240
0.21550000 -0.00411909
0.21555000 -0.00411579
0.21560000 -0.00411249
0.21565000 -0.00410919
0.21570000 -0.00410590
0.21575000 -0.00410260
0.21580000 -0.00409931
0.21585000 -0.00409602
0.21590000 -0.00409273
0.21595000 -0.00408944
0.21600000 -0.00408616
0.21605000 -0.00408287
0.21610000 -0.00407959
0.21615000 -0.00407631
0.21620000 -0.00407303
0.21625000 -0.00406976
0.21630000 -0.00406648
0.21635000 -0.00406321
0.21640000 -0.00405994
0.21645000 -0.00405667
0.21650000 -0.00405341
0.21655000 -0.00405014
0.21660000 -0.00404688
0.21665000 -0.00404362
0.21670000 -0.00404036
0.21675000 -0.00403710
0.21680000 -0.00403384
0.21685000 -0.00403059
0.21690000 -0.00402734
0.21695000 -0.00402409
0.21700000 -0.00402084
0.21705000 -0.00401759
0.21710000 -0.00401435
0.21715000 -0.00401110
0.21720000 -0.00400786
0.21725000 -0.00400462
0.21730000 -0.00400138
0.21735000 -0.00399815
0.21740000 -0.00399491
0.21745000 -0.00399168
0.21750000 -0.00398845
0.21755000 -0.00398522
0.21760000 -0.00398200
0.21765000 -0.00397877
0.21770000 -0.00397555
0.21775000 -0.00397233
0.21780000 -0.00396911
0.21785000 -0.00396589
0.21790000 -0.00396268
0.21795000 -0.00395946
0.21800000 -0.00395625
0.21805000 -0.00395304
0.21810000 -0.00394983
0.21815000 -0.00394663
0.21820000 -0.00394342
0.21825000 -0.00394022
0.21830000 -0.00393702
0.21835000 -0.00393382
0.21840000 -0.00393062
0.21845000 -0.00392743
0.21850000 -0.00392423
0.21855000 -0.00392104
0.21860000 -0.00391785
0.21865000 -0.00391466
0.21870000 -0.00391148
0.21875000 -0.00390829
0.21880000 -0.00390511
0.21885000 -0.00390193
0.21890000 -0.00389875
0.21895000 -0.00389557
0.21900000 -0.00389240
0.21905000 -0.00388922
0.21910000 -0.00388605
0.21915000 -0.00388288
0.21920000 -0.00387971
0.21925000 -0.00387654
0.21930000 -0.00387338
0.21935000 -0.00387022
0.21940000 -0.00386706
0.21945000 -0.00386390
0.21950000 -0.00386074
0.21955000 -0.00385758
0.21960000 -0.00385443
0.21965000 -0.00385128
0.21970000 -0.00384813
0.21975000 -0.00384498
0.21980000 -0.00384183
0.21985000 -0.00383869
0.21990000 -0.00383555
0.21995000 -0.00383241
0.22000000 -0.00382927
0.22005000 -0.00382613
0.22010000 -0.00382299
0.22015000 -0.00381986
0.22020000 -0.00381673
0.22025000 -0.00381360
0.22030000 -0.00381047
0.22035000 -0.00380734
0.22040000 -0.00380422
0.22045000 -0.00380109
0.22050000 -0.00379797
0.22055000 -0.00379485
0.22060000 -0.00379174
0.22065000 -0.00378862
0.22070000 -0.00378551
0.22075000 -0.00378239
0.22080000 -0.00377928
0.22085000 -0.00377617
0.22090000 -0.00377307
0.22095000 -0.00376996
0.22100000 -0.00376686
0.22105000 -0.00376376
0.22110000 -0.00376066
0.22115000 -0.00375756
0.22120000 -0.00375446
0.22125000 -0.00375137
0.22130000 -0.00374828
0.22135000 -0.00374519
0.22140000 -0.00374210
0.22145000 -0.00373901
0.22150000 -0.00373593
0.22155000 -0.00373284
0.22160000 -0.00372976
0.22165000 -0.00372668
0.22170000 -0.00372360
0.22175000 -0.00372053
0.22180000 -0.00371745
0.22185000 -0.00371438
0.22190000 -0.00371131
0.22195000 -0.00370824
0.22200000 -0.00370517
0.22205000 -0.00370210
0.22210000 -0.00369904
0.22215000 -0.00369598
0.22220000 -0.00369292
0.22225000 -0.00368986
0.22230000 -0.00368680
0.22235000 -0.00368375
0.22240000 -0.00368069
0.22245000 -0.00367764
0.22250000 -0.00367459
0.22255000 -0.00367155
0.22260000 -0.00366850
0.22265000 -0.00366546
0.22270000 -0.00366241
0.22275000 -0.00365937
0.22280000 -0.00365633
0.22285000 -0.00365330
0.22290000 -0.00365026
0.22295000 -0.00364723
0.22300000 -0.00364419
0.22305000 -0.00364116
0.22310000 -0.00363814
0.22315000 -0.00363511
0.22320000 -0.00363208
0.22325000 -0.00362906
0.22330000 -0.00362604
0.22335000 -0.00362302
0.22340000 -0.00362000
0.22345000 -0.00361699
0.22350000 -0.00361397
0.22355000 -0.00361096
0.22360000 -0.00360795
0.22365000 -0.00360494
0.22370000 -0.00360193
0.22375000 -0.00359893
0.22380000 -0.00359592
0.22385000 -0.00359292
0.22390000 -0.00358992
0.22395000 -0.00358692
0.22400000 -0.00358393
0.22405000 -0.00358093
0.22410000 -0.00357794
0.22415000 -0.00357495
0.22420000 -0.00357196
0.22425000 -0.00356897
0.22430000 -0.00356599
0.22435000 -0.00356300
0.22440000 -0.00356002
0.22445000 -0.00355704
0.22450000 -0.00355406
0.22455000 -0.00355108
0.22460000 -0.00354811
0.22465000 -0.00354513
0.22470000 -0.00354216
0.22475000 -0.00353919
0.22480000 -0.00353622
0.22485000 -0.00353326
0.22490000 -0.00353029
0.22495000 -0.00352733
0.22500000 -0.00352437
0.22505000 -0.00352141
0.22510000 -0.00351845
0.22515000 -0.00351549
0.22520000 -0.00351254
0.22525000 -0.00350959
0.22530000 -0.00350663
0.22535000 -0.00350369
0.22540000 -0.00350074
0.22545000 -0.00349779
0.22550000 -0.00349485
0.22555000 -0.00349191
0.22560000 -0.00348897
0.22565000 -0.00348603
0.22570000 -0.00348309
0.22575000 -0.00348015
0.22580000 -0.00347722
0.22585000 -0.00347429
0.22590000 -0.00347136
0.22595000 -0.00346843
0.22600000 -0.00346550
0.22605000 -0.00346258
0.22610000 -0.00345966
0.22615000 -0.00345674
0.22620000 -0.00345382
0.22625000 -0.00345090
0.22630000 -0.00344798
0.22635000 -0.00344507
0.22640000 -0.00344215
0.22645000 -0.00343924
0.22650000 -0.00343633
0.22655000 -0.00343343
0.22660000 -0.00343052
0.22665000 -0.00342762
0.22670000 -0.00342472
0.22675000 -0.00342181
0.22680000 -0.00341892
0.22685000 -0.00341602
0.22690000 -0.00341312
0.22695000 -0.00341023
0.22700000 -0.00340734
0.22705000 -0.00340445
0.22710000 -0.00340156
0.22715000 -0.00339867
0.22720000 -0.00339579
0.22725000 -0.00339290
0.22730000 -0.00339002
0.22735000 -0.00338714
0.22740000 -0.00338426
0.22745000 -0.00338139
0.22750000 -0.00337851
0.22755000 -0.00337564
0.22760000 -0.00337277
0.22765000 -0.00336990
0.22770000 -0.00336703
0.22775000 -0.00336417
0.22780000 -0.00336130
0.22785000 -0.00335844
0.22790000 -0.00335558
0.22795000 -0.00335272
0.22800000 -0.00334986
0.22805000 -0.00334701
0.22810000 -0.00334415
0.22815000 -0.00334130
0.22820000 -0.00333845
0.22825000 -0.00333560
0.22830000 -0.00333275
0.22835000 -0.00332991
0.22840000 -0.00332706
0.22845000 -0.00332422
0.22850000 -0.00332138
0.22855000 -0.00331854
0.22860000 -0.00331571
0.22865000 -0.00331287
0.22870000 -0.00331004
0.22875000 -0.00330721
0.22880000 -0.00330438
0.22885000 -0.00330155
0.22890000 -0.00329872
0.22895000 -0.00329589
0.22900000 -0.00329307
0.22905000 -0.00329025
0.22910000 -0.00328743
0.22915000 -0.00328461
0.22920000 -0.00328180
0.22925000 -0.00327898
0.22930000 -0.00327617
0.22935000 -0.00327336
0.22940000 -0.00327055
0.22945000 -0.00326774
0.22950000 -0.00326493
0.22955000 -0.00326213
0.22960000 -0.00325932
0.22965000 -0.00325652
0.22970000 -0.00325372
0.22975000 -0.00325093
0.22980000 -0.00324813
0.22985000 -0.00324534
0.22990000 -0.00324254
0.22995000 -0.00323975
0.23000000 -0.00323696
0.23005000 -0.00323417
0.23010000 -0.00323139
0.23015000 -0.00322860
0.23020000 -0.00322582
0.23025000 -0.00322304
0.23030000 -0.00322026
0.23035000 -0.00321748
0.23040000 -0.00321471
0.23045000 -0.00321193
0.23050000 -0.00320916
0.23055000 -0.00320639
0.23060000 -0.00320362
0.23065000 -0.00320085
0.23070000 -0.00319809
0.23075000 -0.00319532
0.23080000 -0.00319256
0.23085000 -0.00318980
0.23090000 -0.00318704
0.23095000 -0.00318428
0.23100000 -0.00318153
0.23105000 -0.00317878
0.23110000 -0.00317602
0.23115000 -0.00317327
0.23120000 -0.00317052
0.23125000 -0.00316778
0.23130000 -0.00316503
0.23135000 -0.00316229
0.23140000 -0.00315954
0.23145000 -0.00315680
0.23150000 -0.00315406
0.23155000 -0.00315133
0.23160000 -0.00314859
0.23165000 -0.00314586
0.23170000 -0.00314313
0.23175000 -0.00314039
0.23180000 -0.00313767
0.23185000 -0.00313494
0.23190000 -0.00313221
0.23195000 -0.00312949
0.23200000 -0.00312677
0.23205000 -0.00312405
0.23210000 -0.00312133
0.23215000 -0.00311861
0.23220000 -0.00311589
0.23225000 -0.00311318
0.23230000 -0.00311047
0.23235000 -0.00310776
0.23240000 -0.00310505
0.23245000 -0.00310234
0.23250000 -0.00309964
0.23255000 -0.00309693
0.23260000 -0.00309423
0.23265000 -0.00309153
0.23270000 -0.00308883
0.23275000 -0.00308613
0.23280000 -0.00308344
0.23285000 -0.00308074
0.23290000 -0.00307805
0.23295000 -0.00307536
0.23300000 -0.00307267
0.23305000 -0.00306998
0.23310000 -0.00306730
0.23315000 -0.00306461
0.23320000 -0.00306193
0.23325000 -0.00305925
0.23330000 -0.00305657
0.23335000 -0.00305389
0.23340000 -0.00305122
0.23345000 -0.00304854
0.23350000 -0.00304587
0.23355000 -0.00304320
0.23360000 -0.00304053
0.23365000 -0.00303786
0.23370000 -0.00303520
0.23375000 -0.00303253
0.23380000 -0.00302987
0.23385000 -0.00302721
0.23390000 -0.00302455
0.23395000 -0.00302189
0.23400000 -0.00301924
0.23405000 -0.00301658
0.23410000 -0.00301393
0.23415000 -0.00301128
0.23420000 -0.00300863
0.23425000 -0.00300598
0.23430000 -0.00300333
0.23435000 -0.00300069
0.23440000 -0.00299805
0.23445000 -0.00299540
0.23450000 -0.00299276
0.23455000 -0.00299013
0.23460000 -0.00298749
0.23465000 -0.00298485
0.23470000 -0.00298222
0.23475000 -0.00297959
0.23480000 -0.00297696
0.23485000 -0.00297433
0.23490000 -0.00297170
0.23495000 -0.00296908
0.23500000 -0.00296646
0.23505000 -0.00296383
0.23510000 -0.00296121
0.23515000 -0.00295860
0.23520000 -0.00295598
0.23525000 -0.00295336
0.23530000 -0.00295075
0.23535000 -0.00294814
0.23540000 -0.00294553
0.23545000 -0.00294292
0.23550000 -0.00294031
0.23555000 -0.00293770
0.23560000 -0.00293510
0.23565000 -0.00293250
0.23570000 -0.00292990
0.23575000 -0.00292730
0.23580000 -0.00292470
0.23585000 -0.00292211
0.23590000 -0.00291951
0.23595000 -0.00291692
0.23600000 -0.00291433
0.23605000 -0.00291174
0.23610000 -0.00290915
0.23615000 -0.00290656
0.23620000 -0.00290398
0.23625000 -0.00290140
0.23630000 -0.00289881
0.23635000 -0.00289623
0.23640000 -0.00289366
0.23645000 -0.00289108
0.23650000 -0.00288850
0.23655000 -0.00288593
0.23660000 -0.00288336
0.23665000 -0.00288079
0.23670000 -0.00287822
0.23675000 -0.00287565
0.23680000 -0.00287309
0.23685000 -0.00287052
0.23690000 -0.00286796
0.23695000 -0.00286540
0.23700000 -0.00286284
0.23705000 -0.00286029
0.23710000 -0.00285773
0.23715000 -0.00285518
0.23720000 -0.00285262
0.23725000 -0.00285007
0.23730000 -0.00284752
0.23735000 -0.00284498
0.23740000 -0.00284243
0.23745000 -0.00283988
0.23750000 -0.00283734
0.23755000 -0.00283480
0.23760000 -0.00283226
0.23765000 -0.00282972
0.23770000 -0.00282719
0.23775000 -0.00282465
0.23780000 -0.00282212
0.23785000 -0.00281959
0.23790000 -0.00281706
0.23795000 -0.00281453
0.23800000 -0.00281200
0.23805000 -0.00280947
0.23810000 -0.00280695
0.23815000 -0.00280443
0.23820000 -0.00280191
0.23825000 -0.00279939
0.23830000 -0.00279687
0.23835000 -0.00279435
0.23840000 -0.00279184
0.23845000 -0.00278933
0.23850000 -0.00278682
0.23855000 -0.00278431
0.23860000 -0.00278180
0.23865000 -0.00277929
0.23870000 -0.00277679
0.23875000 -0.00277428
0.23880000 -0.00277178
0.23885000 -0.00276928
0.23890000 -0.00276678
0.23895000 -0.00276429
0.23900000 -0.00276179
0.23905000 -0.00275930
0.23910000 -0.00275680
0.23915000 -0.00275431
0.23920000 -0.00275182
0.23925000 -0.00274934
0.23930000 -0.00274685
0.23935000 -0.00274437
0.23940000 -0.00274188
0.23945000 -0.00273940
0.23950000 -0.00273692
0.23955000 -0.00273444
0.23960000 -0.00273197
0.23965000 -0.00272949
0.23970000 -0.00272702
0.23975000 -0.00272455
0.23980000 -0.00272208
0.23985000 -0.00271961
0.23990000 -0.00271714
0.23995000 -0.00271467
0.24000000 -0.00271221
0.24005000 -0.00270975
0.24010000 -0.00270729
0.24015000 -0.00270483
0.24020000 -0.00270237
0.24025000 -0.00269991
0.24030000 -0.00269746
0.24035000 -0.00269501
0.24040000 -0.00269255
0.24045000 -0.00269010
0.24050000 -0.00268765
0.24055000 -0.00268521
0.24060000 -0.00268276
0.24065000 -0.00268032
0.24070000 -0.00267788
0.24075000 -0.00267544
0.24080000 -0.00267300
0.24085000 -0.00267056
0.24090000 -0.00266812
0.24095000 -0.00266569
0.24100000 -0.00266325
0.24105000 -0.00266082
0.24110000 -0.00265839
0.24115000 -0.00265596
0.24120000 -0.00265354
0.24125000 -0.00265111
0.24130000 -0.00264869
0.24135000 -0.00264627
0.24140000 -0.00264385
0.24145000 -0.00264143
0.24150000 -0.00263901
0.24155000 -0.00263659
0.24160000 -0.00263418
0.24165000 -0.00263177
0.24170000 -0.00262935
0.24175000 -0.00262694
0.24180000 -0.00262454
0.24185000 -0.00262213
0.24190000 -0.00261972
0.24195000 -0.00261732
0.24200000 -0.00261492
0.24205000 -0.00261252
0.24210000 -0.00261012
0.24215000 -0.00260772
0.24220000 -0.00260532
0.24225000 -0.00260293
0.24230000 -0.00260054
0.24235000 -0.00259814
0.24240000 -0.00259575
0.24245000 -0.00259336
0.24250000 -0.00259098
0.24255000 -0.00258859
0.24260000 -0.00258621
0.24265000 -0.00258383
0.24270000 -0.00258145
0.24275000 -0.00257907
0.24280000 -0.00257669
0.24285000 -0.00257431
0.24290000 -0.00257194
0.24295000 -0.00256956
0.24300000 -0.00256719
0.24305000 -0.00256482
0.24310000 -0.00256245
0.24315000 -0.00256009
0.24320000 -0.00255772
0.24325000 -0.00255536
0.24330000 -0.00255299
0.24335000 -0.00255063
0.24340000 -0.00254827
0.24345000 -0.00254591
0.24350000 -0.00254356
0.24355000 -0.00254120
0.24360000 -0.00253885
0.24365000 -0.00253650
0.24370000 -0.00253415
0.24375000 -0.00253180
0.24380000 -0.00252945
0.24385000 -0.00252710
0.24390000 -0.00252476
0.24395000 -0.00252242
0.24400000 -0.00252007
0.24405000 -0.00251773
0.24410000 -0.00251540
0.24415000 -0.00251306
0.24420000 -0.00251072
0.24425000 -0.00250839
0.24430000 -0.00250606
0.24435000 -0.00250372
0.24440000 -0.00250140
0.24445000 -0.00249907
0.24450000 -0.00249674
0.24455000 -0.00249442
0.24460000 -0.00249209
0.24465000 -0.00248977
0.24470000 -0.00248745
0.24475000 -0.00248513
0.24480000 -0.00248281
0.24485000 -0.00248050
0.24490000 -0.00247818
0.24495000 -0.00247587
0.24500000 -0.00247356
0.24505000 -0.00247125
0.24510000 -0.00246894
0.24515000 -0.00246663
0.24520000 -0.00246433
0.24525000 -0.00246202
0.24530000 -0.00245972
0.24535000 -0.00245742
0.24540000 -0.00245512
0.24545000 -0.00245282
0.24550000 -0.00245052
0.24555000 -0.00244823
0.24560000 -0.00244593
0.24565000 -0.00244364
0.24570000 -0.00244135
0.24575000 -0.00243906
0.24580000 -0.00243677
0.24585000 -0.00243449
0.24590000 -0.00243220
0.24595000 -0.00242992
0.24600000 -0.00242764
0.24605000 -0.00242536
0.24610000 -0.00242308
0.24615000 -0.00242080
0.24620000 -0.00241852
0.24625000 -0.00241625
0.24630000 -0.00241398
0.24635000 -0.00241170
0.24640000 -0.00240943
0.24645000 -0.00240717
0.24650000 -0.00240490
0.24655000 -0.00240263
0.24660000 -0.00240037
0.24665000 -0.00239811
0.24670000 -0.00239584
0.24675000 -0.00239358
0.24680000 -0.00239133
0.24685000 -0.00238907
0.24690000 -0.00238681
0.24695000 -0.00238456
0.24700000 -0.00238231
0.24705000 -0.00238006
0.24710000 -0.00237781
0.24715000 -0.00237556
0.24720000 -0.00237331
0.24725000 -0.00237107
0.24730000 -0.00236882
0.24735000 -0.00236658
0.24740000 -0.00236434
0.24745000 -0.00236210
0.24750000 -0.00235986
0.24755000 -0.00235762
0.24760000 -0.00235539
0.24765000 -0.00235316
0.24770000 -0.00235092
0.24775000 -0.00234869
0.24780000 -0.00234646
0.24785000 -0.00234424
0.24790000 -0.00234201
0.24795000 -0.00233978
0.24800000 -0.00233756
0.24805000 -0.00233534
0.24810000 -0.00233312
0.24815000 -0.00233090
0.24820000 -0.00232868
0.24825000 -0.00232646
0.24830000 -0.00232425
0.24835000 -0.00232204
0.24840000 -0.00231982
0.24845000 -0.00231761
0.24850000 -0.00231541
0.24855000 -0.00231320
0.24860000 -0.00231099
0.24865000 -0.00230879
0.24870000 -0.00230658
0.24875000 -0.00230438
0.24880000 -0.00230218
0.24885000 -0.00229998
0.24890000 -0.00229778
0.24895000 -0.00229559
0.24900000 -0.00229339
0.24905000 -0.00229120
0.24910000 -0.00228901
0.24915000 -0.00228682
0.24920000 -0.00228463
0.24925000 -0.00228244
0.24930000 -0.00228026
0.24935000 -0.00227807
0.24940000 -0.00227589
0.24945000 -0.00227371
0.24950000 -0.00227152
0.24955000 -0.00226935
0.24960000 -0.00226717
0.24965000 -0.00226499
0.24970000 -0.00226282
0.24975000 -0.00226064
0.24980000 -0.00225847
0.24985000 -0.00225630
0.24990000 -0.00225413
0.24995000 -0.00225197
0.25000000 -0.00224980
0.25005000 -0.00224763
0.25010000 -0.00224547
0.25015000 -0.00224331
0.25020000 -0.00224115
0.25025000 -0.00223899
0.25030000 -0.00223683
0.25035000 -0.00223468
0.25040000 -0.00223252
0.25045000 -0.00223037
0.25050000 -0.00222821
0.25055000 -0.00222606
0.25060000 -0.00222391
0.25065000 -0.00222177
0.25070000 -0.00221962
0.25075000 -0.00221748
0.25080000 -0.00221533
0.25085000 -0.00221319
0.25090000 -0.00221105
0.25095000 -0.00220891
0.25100000 -0.00220677
0.25105000 -0.00220464
0.25110000 -0.00220250
0.25115000 -0.00220037
0.25120000 -0.00219823
0.25125000 -0.00219610
0.25130000 -0.00219397
0.25135000 -0.00219184
0.25140000 -0.00218972
0.25145000 -0.00218759
0.25150000 -0.00218547
0.25155000 -0.00218335
0.25160000 -0.00218122
0.25165000 -0.00217911
0.25170000 -0.00217699
0.25175000 -0.00217487
0.25180000 -0.00217275
0.25185000 -0.00217064
0.25190000 -0.00216853
0.25195000 -0.00216642
0.25200000 -0.00216431
0.25205000 -0.00216220
0.25210000 -0.00216009
0.25215000 -0.00215798
0.25220000 -0.00215588
0.25225000 -0.00215378
0.25230000 -0.00215167
0.25235000 -0.00214957
0.25240000 -0.00214747
0.25245000 -0.00214538
0.25250000 -0.00214328
0.25255000 -0.00214119
0.25260000 -0.00213909
0.25265000 -0.00213700
0.25270000 -0.00213491
0.25275000 -0.00213282
0.25280000 -0.00213073
0.25285000 -0.00212865
0.25290000 -0.00212656
0.25295000 -0.00212448
0.25300000 -0.00212239
0.25305000 -0.00212031
0.25310000 -0.00211823
0.25315000 -0.00211616
0.25320000 -0.00211408
0.25325000 -0.00211200
0.25330000 -0.00210993
0.25335000 -0.00210786
0.25340000 -0.00210578
0.25345000 -0.00210371
0.25350000 -0.00210165
0.25355000 -0.00209958
0.25360000 -0.00209751
0.25365000 -0.00209545
0.25370000 -0.00209338
0.25375000 -0.00209132
0.25380000 -0.00208926
0.25385000 -0.00208720
0.25390000 -0.00208514
0.25395000 -0.00208309
0.25400000 -0.00208103
0.25405000 -0.00207898
0.25410000 -0.00207693
0.25415000 -0.00207488
0.25420000 -0.00207283
0.25425000 -0.00207078
0.25430000 -0.00206873
0.25435000 -0.00206668
0.25440000 -0.00206464
0.25445000 -0.00206260
0.25450000 -0.00206056
0.25455000 -0.00205852
0.25460000 -0.00205648
0.25465000 -0.00205444
0.25470000 -0.00205240
0.25475000 -0.00205037
0.25480000 -0.00204833
0.25485000 -0.00204630
0.25490000 -0.00204427
0.25495000 -0.00204224
0.25500000 -0.00204021
0.25505000 -0.00203819
0.25510000 -0.00203616
0.25515000 -0.00203414
0.25520000 -0.00203212
0.25525000 -0.00203009
0.25530000 -0.00202807
0.25535000 -0.00202606
0.25540000 -0.00202404
0.25545000 -0.00202202
0.25550000 -0.00202001
0.25555000 -0.00201799
0.25560000 -0.00201598
0.25565000 -0.00201397
0.25570000 -0.00201196
0.25575000 -0.00200995
0.25580000 -0.00200795
0.25585000 -0.00200594
0.25590000 -0.00200394
0.25595000 -0.00200193
0.25600000 -0.00199993
0.25605000 -0.00199793
0.25610000 -0.00199593
0.25615000 -0.00199394
0.25620000 -0.00199194
0.25625000 -0.00198995
0.25630000 -0.00198795
0.25635000 -0.00198596
0.25640000 -0.00198397
0.25645000 -0.00198198
0.25650000 -0.00197999
0.25655000 -0.00197801
0.25660000 -0.00197602
0.25665000 -0.00197404
0.25670000 -0.00197205
0.25675000 -0.00197007
0.25680000 -0.00196809
0.25685000 -0.00196611
0.25690000 -0.00196413
0.25695000 -0.00196216
0.25700000 -0.00196018
0.25705000 -0.00195821
0.25710000 -0.00195624
0.25715000 -0.00195427
0.25720000 -0.00195230
0.25725000 -0.00195033
0.25730000 -0.00194836
0.25735000 -0.00194640
0.25740000 -0.00194443
0.25745000 -0.00194247
0.25750000 -0.00194051
0.25755000 -0.00193855
0.25760000 -0.00193659
0.25765000 -0.00193463
0.25770000 -0.00193267
0.25775000 -0.00193072
0.25780000 -0.00192876
0.25785000 -0.00192681
0.25790000 -0.00192486
0.25795000 -0.00192291
0.25800000 -0.00192096
0.25805000 -0.00191901
0.25810000 -0.00191707
0.25815000 -0.00191512
0.25820000 -0.00191318
0.25825000 -0.00191123
0.25830000 -0.00190929
0.25835000 -0.00190735
0.25840000 -0.00190542
0.25845000 -0.00190348
0.25850000 -0.00190154
0.25855000 -0.00189961
0.25860000 -0.00189767
0.25865000 -0.00189574
0.25870000 -0.00189381
0.25875000 -0.00189188
0.25880000 -0.00188995
0.25885000 -0.00188803
0.25890000 -0.00188610
0.25895000 -0.00188418
0.25900000 -0.00188225
0.25905000 -0.00188033
0.25910000 -0.00187841
0.25915000 -0.00187649
0.25920000 -0.00187458
0.25925000 -0.00187266
0.25930000 -0.00187074
0.25935000 -0.00186883
0.25940000 -0.00186692
0.25945000 -0.00186500
0.25950000 -0.00186309
0.25955000 -0.00186119
0.25960000 -0.00185928
0.25965000 -0.00185737
0.25970000 -0.00185547
0.25975000 -0.00185356
0.25980000 -0.00185166
0.25985000 -0.00184976
0.25990000 -0.00184786
0.25995000 -0.00184596
0.26000000 -0.00184406
0.26005000 -0.00184217
0.26010000 -0.00184027
0.26015000 -0.00183838
0.26020000 -0.00183649
0.26025000 -0.00183459
0.26030000 -0.00183270
0.26035000 -0.00183082
0.26040000 -0.00182893
0.26045000 -0.00182704
0.26050000 -0.00182516
0.26055000 -0.00182327
0.26060000 -0.00182139
0.26065000 -0.00181951
0.26070000 -0.00181763
0.26075000 -0.00181575
0.26080000 -0.00181387
0.26085000 -0.00181200
0.26090000 -0.00181012
0.26095000 -0.00180825
0.26100000 -0.00180638
0.26105000 -0.00180451
0.26110000 -0.00180264
0.26115000 -0.00180077
0.26120000 -0.00179890
0.26125000 -0.00179704
0.26130000 -0.00179517
0.26135000 -0.00179331
0.26140000 -0.00179144
0.26145000 -0.00178958
0.26150000 -0.00178772
0.26155000 -0.00178587
0.26160000 -0.00178401
0.26165000 -0.00178215
0.26170000 -0.00178030
0.26175000 -0.00177844
0.26180000 -0.00177659
0.26185000 -0.00177474
0.26190000 -0.00177289
0.26195000 -0.00177104
0.26200000 -0.00176919
0.26205000 -0.00176735
0.26210000 -0.00176550
0.26215000 -0.00176366
0.26220000 -0.00176182
0.26225000 -0.00175998
0.26230000 -0.00175814
0.26235000 -0.00175630
0.26240000 -0.00175446
0.26245000 -0.00175262
0.26250000 -0.00175079
0.26255000 -0.00174895
0.26260000 -0.00174712
0.26265000 -0.00174529
0.26270000 -0.00174346
0.26275000 -0.00174163
0.26280000 -0.00173980
0.26285000 -0.00173798
0.26290000 -0.00173615
0.26295000 -0.00173433
0.26300000 -0.00173250
0.26305000 -0.00173068
0.26310000 -0.00172886
0.26315000 -0.00172704
0.26320000 -0.00172523
0.26325000 -0.00172341
0.26330000 -0.00172159
0.26335000 -0.00171978
0.26340000 -0.00171797
0.26345000 -0.00171615
0.26350000 -0.00171434
0.26355000 -0.00171253
0.26360000 -0.00171073
0.26365000 -0.00170892
0.26370000 -0.00170711
0.26375000 -0.00170531
0.26380000 -0.00170351
0.26385000 -0.00170170
0.26390000 -0.00169990
0.26395000 -0.00169810
0.26400000 -0.00169630
0.26405000 -0.00169451
0.26410000 -0.00169271
0.26415000 -0.00169092
0.26420000 -0.00168912
0.26425000 -0.00168733
0.26430000 -0.00168554
0.26435000 -0.00168375
0.26440000 -0.00168196
0.26445000 -0.00168017
0.26450000 -0.00167839
0.26455000 -0.00167660
0.26460000 -0.00167482
0.26465000 -0.00167303
0.26470000 -0.00167125
0.26475000 -0.00166947
0.26480000 -0.00166769
0.26485000 -0.00166591
0.26490000 -0.00166414
0.26495000 -0.00166236
0.26500000 -0.00166059
0.26505000 -0.00165881
0.26510000 -0.00165704
0.26515000 -0.00165527
0.26520000 -0.00165350
0.26525000 -0.00165173
0.26530000 -0.00164996
0.26535000 -0.00164820
0.26540000 -0.00164643
0.26545000 -0.00164467
0.26550000 -0.00164291
0.26555000 -0.00164115
0.26560000 -0.00163939
0.26565000 -0.00163763
0.26570000 -0.00163587
0.26575000 -0.00163411
0.26580000 -0.00163236
0.26585000 -0.00163060
0.26590000 -0.00162885
0.26595000 -0.00162710
0.26600000 -0.00162535
0.26605000 -0.00162360
0.26610000 -0.00162185
0.26615000 -0.00162010
0.26620000 -0.00161835
0.26625000 -0.00161661
0.26630000 -0.00161486
0.26635000 -0.00161312
0.26640000 -0.00161138
0.26645000 -0.00160964
0.26650000 -0.00160790
0.26655000 -0.00160616
0.26660000 -0.00160443
0.26665000 -0.00160269
0.26670000 -0.00160096
0.26675000 -0.00159922
0.26680000 -0.00159749
0.26685000 -0.00159576
0.26690000 -0.00159403
0.26695000 -0.00159230
0.26700000 -0.00159057
0.26705000 -0.00158885
0.26710000 -0.00158712
0.26715000 -0.00158540
0.26720000 -0.00158368
0.26725000 -0.00158195
0.26730000 -0.00158023
0.26735000 -0.00157851
0.26740000 -0.00157680
0.26745000 -0.00157508
0.26750000 -0.00157336
0.26755000 -0.00157165
0.26760000 -0.00156993
0.26765000 -0.00156822
0.26770000 -0.00156651
0.26775000 -0.00156480
0.26780000 -0.00156309
0.26785000 -0.00156138
0.26790000 -0.00155968
0.26795000 -0.00155797
0.26800000 -0.00155627
0.26805000 -0.00155456
0.26810000 -0.00155286
0.26815000 -0.00155116
0.26820000 -0.00154946
0.26825000 -0.00154776
0.26830000 -0.00154606
0.26835000 -0.00154437
0.26840000 -0.00154267
0.26845000 -0.00154098
0.26850000 -0.00153928
0.26855000 -0.00153759
0.26860000 -0.00153590
0.26865000 -0.00153421
0.26870000 -0.00153252
0.26875000 -0.00153084
0.26880000 -0.00152915
0.26885000 -0.00152747
0.26890000 -0.00152578
0.26895000 -0.00152410
0.26900000 -0.00152242
0.26905000 -0.00152074
0.26910000 -0.00151906
0.26915000 -0.00151738
0.26920000 -0.00151570
0.26925000 -0.00151403
0.26930000 -0.00151235
0.26935000 -0.00151068
0.26940000 -0.00150900
0.26945000 -0.00150733
0.26950000 -0.00150566
0.26955000 -0.00150399
0.26960000 -0.00150232
0.26965000 -0.00150066
0.26970000 -0.00149899
0.26975000 -0.00149733
0.26980000 -0.00149566
0.26985000 -0.00149400
0.26990000 -0.00149234
0.26995000 -0.00149068
0.27000000 -0.00148902
0.27005000 -0.00148736
0.27010000 -0.00148570
0.27015000 -0.00148405
0.27020000 -0.00148239
0.27025000 -0.00148074
0.27030000 -0.00147909
0.27035000 -0.00147743
0.27040000 -0.00147578
0.27045000 -0.00147413
0.27050000 -0.00147249
0.27055000 -0.00147084
0.27060000 -0.00146919
0.27065000 -0.00146755
0.27070000 -0.00146590
0.27075000 -0.00146426
0.27080000 -0.00146262
0.27085000 -0.00146098
0.27090000 -0.00145934
0.27095000 -0.00145770
0.27100000 -0.00145607
0.27105000 -0.00145443
0.27110000 -0.00145279
0.27115000 -0.00145116
0.27120000 -0.00144953
0.27125000 -0.00144790
0.27130000 -0.00144627
0.27135000 -0.00144464
0.27140000 -0.00144301
0.27145000 -0.00144138
0.27150000 -0.00143975
0.27155000 -0.00143813
0.27160000 -0.00143650
0.27165000 -0.00143488
0.27170000 -0.00143326
0.27175000 -0.00143164
0.27180000 -0.00143002
0.27185000 -0.00142840
0.27190000 -0.00142678
0.27195000 -0.00142517
0.27200000 -0.00142355
0.27205000 -0.00142194
0.27210000 -0.00142032
0.27215000 -0.00141871
0.27220000 -0.00141710
0.27225000 -0.00141549
0.27230000 -0.00141388
0.27235000 -0.00141227
0.27240000 -0.00141067
0.27245000 -0.00140906
0.27250000 -0.00140746
0.27255000 -0.00140585
0.27260000 -0.00140425
0.27265000 -0.00140265
0.27270000 -0.00140105
0.27275000 -0.00139945
0.27280000 -0.00139785
0.27285000 -0.00139625
0.27290000 -0.00139466
0.27295000 -0.00139306
0.27300000 -0.00139147
0.27305000 -0.00138988
0.27310000 -0.00138828
0.27315000 -0.00138669
0.27320000 -0.00138510
0.27325000 -0.00138352
0.27330000 -0.00138193
0.27335000 -0.00138034
0.27340000 -0.00137876
0.27345000 -0.00137717
0.27350000 -0.00137559
0.27355000 -0.00137401
0.27360000 -0.00137243
0.27365000 -0.00137085
0.27370000 -0.00136927
0.27375000 -0.00136769
0.27380000 -0.00136611
0.27385000 -0.00136454
0.27390000 -0.00136296
0.27395000 -0.00136139
0.27400000 -0.00135981
0.27405000 -0.00135824
0.27410000 -0.00135667
0.27415000 -0.00135510
0.27420000 -0.00135353
0.27425000 -0.00135197
0.27430000 -0.00135040
0.27435000 -0.00134883
0.27440000 -0.00134727
0.27445000 -0.00134571
0.27450000 -0.00134414
0.27455000 -0.00134258
0.27460000 -0.00134102
0.27465000 -0.00133946
0.27470000 -0.00133791
0.27475000 -0.00133635
0.27480000 -0.00133479
0.27485000 -0.00133324
0.27490000 -0.00133168
0.27495000 -0.00133013
0.27500000 -0.00132858
0.27505000 -0.00132703
0.27510000 -0.00132548
0.27515000 -0.00132393
0.27520000 -0.00132238
0.27525000 -0.00132084
0.27530000 -0.00131929
0.27535000 -0.00131774
0.27540000 -0.00131620
0.27545000 -0.00131466
0.27550000 -0.00131312
0.27555000 -0.00131158
0.27560000 -0.00131004
0.27565000 -0.00130850
0.27570000 -0.00130696
0.27575000 -0.00130542
0.27580000 -0.00130389
0.27585000 -0.00130235
0.27590000 -0.00130082
0.27595000 -0.00129929
0.27600000 -0.00129776
0.27605000 -0.00129623
0.27610000 -0.00129470
0.27615000 -0.00129317
0.27620000 -0.00129164
0.27625000 -0.00129012
0.27630000 -0.00128859
0.27635000 -0.00128707
0.27640000 -0.00128554
0.27645000 -0.00128402
0.27650000 -0.00128250
0.27655000 -0.00128098
0.27660000 -0.00127946
0.27665000 -0.00127794
0.27670000 -0.00127643
0.27675000 -0.00127491
0.27680000 -0.00127339
0.27685000 -0.00127188
0.27690000 -0.00127037
0.27695000 -0.00126886
0.27700000 -0.00126734
0.27705000 -0.00126583
0.27710000 -0.00126432
0.27715000 -0.00126282
0.27720000 -0.00126131
0.27725000 -0.00125980
0.27730000 -0.00125830
0.27735000 -0.00125679
0.27740000 -0.00125529
0.27745000 -0.00125379
0.27750000 -0.00125229
0.27755000 -0.00125079
0.27760000 -0.00124929
0.27765000 -0.00124779
0.27770000 -0.00124629
0.27775000 -0.00124480
0.27780000 -0.00124330
0.27785000 -0.00124181
0.27790000 -0.00124032
0.27795000 -0.00123882
0.27800000 -0.00123733
0.27805000 -0.00123584
0.27810000 -0.00123435
0.27815000 -0.00123286
0.27820000 -0.00123138
0.27825000 -0.00122989
0.27830000 -0.00122841
0.27835000 -0.00122692
0.27840000 -0.00122544
0.27845000 -0.00122396
0.27850000 -0.00122247
0.27855000 -0.00122099
0.27860000 -0.00121951
0.27865000 -0.00121804
0.27870000 -0.00121656
0.27875000 -0.00121508
0.27880000 -0.00121361
0.27885000 -0.00121213
0.27890000 -0.00121066
0.27895000 -0.00120919
0.27900000 -0.00120771
0.27905000 -0.00120624
0.27910000 -0.00120477
0.27915000 -0.00120331
0.27920000 -0.00120184
0.27925000 -0.00120037
0.27930000 -0.00119890
0.27935000 -0.00119744
0.27940000 -0.00119598
0.27945000 -0.00119451
0.27950000 -0.00119305
0.27955000 -0.00119159
0.27960000 -0.00119013
0.27965000 -0.00118867
0.27970000 -0.00118721
0.27975000 -0.00118576
0.27980000 -0.00118430
0.27985000 -0.00118285
0.27990000 -0.00118139
0.27995000 -0.00117994
0.28000000 -0.00117849
0.28005000 -0.00117703
0.28010000 -0.00117558
0.28015000 -0.00117413
0.28020000 -0.00117269
0.28025000 -0.00117124
0.28030000 -0.00116979
0.28035000 -0.00116835
0.28040000 -0.00116690
0.28045000 -0.00116546
0.28050000 -0.00116401
0.28055000 -0.00116257
0.28060000 -0.00116113
0.28065000 -0.00115969
0.28070000 -0.00115825
0.28075000 -0.00115681
0.28080000 -0.00115538
0.28085000 -0.00115394
0.28090000 -0.00115251
0.28095000 -0.00115107
0.28100000 -0.00114964
0.28105000 -0.00114821
0.28110000 -0.00114677
0.28115000 -0.00114534
0.28120000 -0.00114391
0.28125000 -0.00114249
0.28130000 -0.00114106
0.28135000 -0.00113963
0.28140000 -0.00113821
0.28145000 -0.00113678
0.28150000 -0.00113536
0.28155000 -0.00113393
0.28160000 -0.00113251
0.28165000 -0.00113109
0.28170000 -0.00112967
0.28175000 -0.00112825
0.28180000 -0.00112683
0.28185000 -0.00112541
0.28190000 -0.00112400
0.28195000 -0.00112258
0.28200000 -0.00112117
0.28205000 -0.00111975
0.28210000 -0.00111834
0.28215000 -0.00111693
0.28220000 -0.00111552
0.28225000 -0.00111411
0.28230000 -0.00111270
0.28235000 -0.00111129
0.28240000 -0.00110988
0.28245000 -0.00110848
0.28250000 -0.00110707
0.28255000 -0.00110567
0.28260000 -0.00110426
0.28265000 -0.00110286
0.28270000 -0.00110146
0.28275000 -0.00110006
0.28280000 -0.00109866
0.28285000 -0.00109726
0.28290000 -0.00109586
0.28295000 -0.00109446
0.28300000 -0.00109307
0.28305000 -0.00109167
0.28310000 -0.00109028
0.28315000 -0.00108888
0.28320000 -0.00108749
0.28325000 -0.00108610
0.28330000 -0.00108471
0.28335000 -0.00108332
0.28340000 -0.00108193
0.28345000 -0.00108054
0.28350000 -0.00107915
0.28355000 -0.00107777
0.28360000 -0.00107638
0.28365000 -0.00107500
0.28370000 -0.00107361
0.28375000 -0.00107223
0.28380000 -0.00107085
0.28385000 -0.00106947
0.28390000 -0.00106809
0.28395000 -0.00106671
0.28400000 -0.00106533
0.28405000 -0.00106395
0.28410000 -0.00106258
0.28415000 -0.00106120
0.28420000 -0.00105983
0.28425000 -0.00105845
0.28430000 -0.00105708
0.28435000 -0.00105571
0.28440000 -0.00105434
0.28445000 -0.00105297
0.28450000 -0.00105160
0.28455000 -0.00105023
0.28460000 -0.00104886
0.28465000 -0.00104749
0.28470000 -0.00104613
0.28475000 -0.00104476
0.28480000 -0.00104340
0.28485000 -0.00104203
0.28490000 -0.00104067
0.28495000 -0.00103931
0.28500000 -0.00103795
0.28505000 -0.00103659
0.28510000 -0.00103523
0.28515000 -0.00103387
0.28520000 -0.00103252
0.28525000 -0.00103116
0.28530000 -0.00102980
0.28535000 -0.00102845
0.28540000 -0.00102710
0.28545000 -0.00102574
0.28550000 -0.00102439
0.28555000 -0.00102304
0.28560000 -0.00102169
0.28565000 -0.00102034
0.28570000 -0.00101899
0.28575000 -0.00101765
0.28580000 -0.00101630
0.28585000 -0.00101495
0.28590000 -0.00101361
0.28595000 -0.00101226
0.28600000 -0.00101092
0.28605000 -0.00100958
0.28610000 -0.00100824
0.28615000 -0.00100690
0.28620000 -0.00100556
0.28625000 -0.00100422
0.28630000 -0.00100288
0.28635000 -0.00100154
0.28640000 -0.00100021
0.28645000 -0.00099887
0.28650000 -0.00099754
0.28655000 -0.00099620
0.28660000 -0.00099487
0.28665000 -0.00099354
0.28670000 -0.00099221
0.28675000 -0.00099088
0.28680000 -0.00098955
0.28685000 -0.00098822
0.28690000 -0.00098689
0.28695000 -0.00098556
0.28700000 -0.00098424
0.28705000 -0.00098291
0.28710000 -0.00098159
0.28715000 -0.00098026
0.28720000 -0.00097894
0.28725000 -0.00097762
0.28730000 -0.00097630
0.28735000 -0.00097498
0.28740000 -0.00097366
0.28745000 -0.00097234
0.28750000 -0.00097102
0.28755000 -0.00096970
0.28760000 -0.00096839
0.28765000 -0.00096707
0.28770000 -0.00096576
0.28775000 -0.00096444
0.28780000 -0.00096313
0.28785000 -0.00096182
0.28790000 -0.00096051
0.28795000 -0.00095920
0.28800000 -0.00095789
0.28805000 -0.00095658
0.28810000 -0.00095527
0.28815000 -0.00095397
0.28820000 -0.00095266
0.28825000 -0.00095135
0.28830000 -0.00095005
0.28835000 -0.00094875
0.28840000 -0.00094744
0.28845000 -0.00094614
0.28850000 -0.00094484
0.28855000 -0.00094354
0.28860000 -0.00094224
0.28865000 -0.00094094
0.28870000 -0.00093964
0.28875000 -0.00093835
0.28880000 -0.00093705
0.28885000 -0.00093576
0.28890000 -0.00093446
0.28895000 -0.00093317
0.28900000 -0.00093187
0.28905000 -0.00093058
0.28910000 -0.00092929
0.28915000 -0.00092800
0.28920000 -0.00092671
0.28925000 -0.00092542
0.28930000 -0.00092413
0.28935000 -0.00092285
0.28940000 -0.00092156
0.28945000 -0.00092028
0.28950000 -0.00091899
0.28955000 -0.00091771
0.28960000 -0.00091642
0.28965000 -0.00091514
0.28970000 -0.00091386
0.28975000 -0.00091258
0.28980000 -0.00091130
0.28985000 -0.00091002
0.28990000 -0.00090874
0.28995000 -0.00090746
0.29000000 -0.00090619
0.29005000 -0.00090491
0.29010000 -0.00090364
0.29015000 -0.00090236
0.29020000 -0.00090109
0.29025000 -0.00089981
0.29030000 -0.00089854
0.29035000 -0.00089727
0.29040000 -0.00089600
0.29045000 -0.00089473
0.29050000 -0.00089346
0.29055000 -0.00089219
0.29060000 -0.00089093
0.29065000 -0.00088966
0.29070000 -0.00088839
0.29075000 -0.00088713
0.29080000 -0.00088587
0.29085000 -0.00088460
0.29090000 -0.00088334
0.29095000 -0.00088208
0.29100000 -0.00088082
0.29105000 -0.00087956
0.29110000 -0.00087830
0.29115000 -0.00087704
0.29120000 -0.00087578
0.29125000 -0.00087452
0.29130000 -0.00087327
0.29135000 -0.00087201
0.29140000 -0.00087076
0.29145000 -0.00086950
0.29150000 -0.00086825
0.29155000 -0.00086700
0.29160000 -0.00086575
0.29165000 -0.00086450
0.29170000 -0.00086325
0.29175000 -0.00086200
0.29180000 -0.00086075
0.29185000 -0.00085950
0.29190000 -0.00085825
0.29195000 -0.00085701
0.29200000 -0.00085576
0.29205000 -0.00085452
0.29210000 -0.00085327
0.29215000 -0.00085203
0.29220000 -0.00085079
0.29225000 -0.00084955
0.29230000 -0.00084830
0.29235000 -0.00084706
0.29240000 -0.00084582
0.29245000 -0.00084459
0.29250000 -0.00084335
0.29255000 -0.00084211
0.29260000 -0.00084088
0.29265000 -0.00083964
0.29270000 -0.00083840
0.29275000 -0.00083717
0.29280000 -0.00083594
0.29285000 -0.00083470
0.29290000 -0.00083347
0.29295000 -0.00083224
0.29300000 -0.00083101
0.29305000 -0.00082978
0.29310000 -0.00082855
0.29315000 -0.00082733
0.29320000 -0.00082610
0.29325000 -0.00082487
0.29330000 -0.00082365
0.29335000 -0.00082242
0.29340000 -0.00082120
0.29345000 -0.00081997
0.29350000 -0.00081875
0.29355000 -0.00081753
0.29360000 -0.00081631
0.29365000 -0.00081509
0.29370000 -0.00081387
0.29375000 -0.00081265
0.29380000 -0.00081143
0.29385000 -0.00081021
0.29390000 -0.00080900
0.29395000 -0.00080778
0.29400000 -0.00080656
0.29405000 -0.00080535
0.29410000 -0.00080414
0.29415000 -0.00080292
0.29420000 -0.00080171
0.29425000 -0.00080050
0.29430000 -0.00079929
0.29435000 -0.00079808
0.29440000 -0.00079687
0.29445000 -0.00079566
0.29450000 -0.00079445
0.29455000 -0.00079324
0.29460000 -0.00079204
0.29465000 -0.00079083
0.29470000 -0.00078963
0.29475000 -0.00078842
0.29480000 -0.00078722
0.29485000 -0.00078601
0.29490000 -0.00078481
0.29495000 -0.00078361
0.29500000 -0.00078241
0.29505000 -0.00078121
0.29510000 -0.00078001
0.29515000 -0.00077881
0.29520000 -0.00077761
0.29525000 -0.00077642
0.29530000 -0.00077522
0.29535000 -0.00077402
0.29540000 -0.00077283
0.29545000 -0.00077164
0.29550000 -0.00077044
0.29555000 -0.00076925
0.29560000 -0.00076806
0.29565000 -0.00076686
0.29570000 -0.00076567
0.29575000 -0.00076448
0.29580000 -0.00076329
0.29585000 -0.00076211
0.29590000 -0.00076092
0.29595000 -0.00075973
0.29600000 -0.00075854
0.29605000 -0.00075736
0.29610000 -0.00075617
0.29615000 -0.00075499
0.29620000 -0.00075381
0.29625000 -0.00075262
0.29630000 -0.00075144
0.29635000 -0.00075026
0.29640000 -0.00074908
0.29645000 -0.00074790
0.29650000 -0.00074672
0.29655000 -0.00074554
0.29660000 -0.00074436
0.29665000 -0.00074318
0.29670000 -0.00074201
0.29675000 -0.00074083
0.29680000 -0.00073966
0.29685000 -0.00073848
0.29690000 -0.00073731
0.29695000 -0.00073613
0.29700000 -0.00073496
0.29705000 -0.00073379
0.29710000 -0.00073262
0.29715000 -0.00073145
0.29720000 -0.00073028
0.29725000 -0.00072911
0.29730000 -0.00072794
0.29735000 -0.00072677
0.29740000 -0.00072561
0.29745000 -0.00072444
0.29750000 -0.00072327
0.29755000 -0.00072211
0.29760000 -0.00072094
0.29765000 -0.00071978
0.29770000 -0.00071862
0.29775000 -0.00071745
0.29780000 -0.00071629
0.29785000 -0.00071513
0.29790000 -0.00071397
0.29795000 -0.00071281
0.29800000 -0.00071165
0.29805000 -0.00071050
0.29810000 -0.00070934
0.29815000 -0.00070818
0.29820000 -0.00070702
0.29825000 -0.00070587
0.29830000 -0.00070471
0.29835000 -0.00070356
0.29840000 -0.00070241
0.29845000 -0.00070125
0.29850000 -0.00070010
0.29855000 -0.00069895
0.29860000 -0.00069780
0.29865000 -0.00069665
0.29870000 -0.00069550
0.29875000 -0.00069435
0.29880000 -0.00069320
0.29885000 -0.00069205
0.29890000 -0.00069091
0.29895000 -0.00068976
0.29900000 -0.00068862
0.29905000 -0.00068747
0.29910000 -0.00068633
0.29915000 -0.00068518
0.29920000 -0.00068404
0.29925000 -0.00068290
0.29930000 -0.00068176
0.29935000 -0.00068061
0.29940000 -0.00067947
0.29945000 -0.00067833
0.29950000 -0.00067720
0.29955000 -0.00067606
0.29960000 -0.00067492
0.29965000 -0.00067378
0.29970000 -0.00067265
0.29975000 -0.00067151
0.29980000 -0.00067038
0.29985000 -0.00066924
0.29990000 -0.00066811
0.29995000 -0.00066697
0.30000000 -0.00066584
0.30005000 -0.00066471
0.30010000 -0.00066358
0.30015000 -0.00066245
0.30020000 -0.00066132
0.30025000 -0.00066019
0.30030000 -0.00065906
0.30035000 -0.00065793
0.30040000 -0.00065680
0.30045000 -0.00065568
0.30050000 -0.00065455
0.30055000 -0.00065343
0.30060000 -0.00065230
0.30065000 -0.00065118
0.30070000 -0.00065005
0.30075000 -0.00064893
0.30080000 -0.00064781
0.30085000 -0.00064669
0.30090000 -0.00064556
0.30095000 -0.00064444
0.30100000 -0.00064332
0.30105000 -0.00064221
0.30110000 -0.00064109
0.30115000 -0.00063997
0.30120000 -0.00063885
0.30125000 -0.00063773
0.30130000 -0.00063662
0.30135000 -0.00063550
0.30140000 -0.00063439
0.30145000 -0.00063327
0.30150000 -0.00063216
0.30155000 -0.00063105
0.30160000 -0.00062994
0.30165000 -0.00062882
0.30170000 -0.00062771
0.30175000 -0.00062660
0.30180000 -0.00062549
0.30185000 -0.00062438
0.30190000 -0.00062327
0.30195000 -0.00062217
0.30200000 -0.00062106
0.30205000 -0.00061995
0.30210000 -0.00061885
0.30215000 -0.00061774
0.30220000 -0.00061664
0.30225000 -0.00061553
0.30230000 -0.00061443
0.30235000 -0.00061332
0.30240000 -0.00061222
0.30245000 -0.00061112
0.30250000 -0.00061002
0.30255000 -0.00060892
0.30260000 -0.00060782
0.30265000 -0.00060672
0.30270000 -0.00060562
0.30275000 -0.00060452
0.30280000 -0.00060342
0.30285000 -0.00060233
0.30290000 -0.00060123
0.30295000 -0.00060013
0.30300000 -0.00059904
0.30305000 -0.00059794
0.30310000 -0.00059685
0.30315000 -0.00059576
0.30320000 -0.00059466
0.30325000 -0.00059357
0.30330000 -0.00059248
0.30335000 -0.00059139
0.30340000 -0.00059030
0.30345000 -0.00058921
0.30350000 -0.00058812
0.30355000 -0.00058703
0.30360000 -0.00058594
0.30365000 -0.00058485
0.30370000 -0.00058377
0.30375000 -0.00058268
0.30380000 -0.00058159
0.30385000 -0.00058051
0.30390000 -0.00057942
0.30395000 -0.00057834
0.30400000 -0.00057726
0.30405000 -0.00057617
0.30410000 -0.00057509
0.30415000 -0.00057401
0.30420000 -0.00057293
0.30425000 -0.00057185
0.30430000 -0.00057077
0.30435000 -0.00056969
0.30440000 -0.00056861
0.30445000 -0.00056753
0.30450000 -0.00056645
0.30455000 -0.00056538
0.30460000 -0.00056430
0.30465000 -0.00056322
0.30470000 -0.00056215
0.30475000 -0.00056107
0.30480000 -0.00056000
0.30485000 -0.00055893
0.30490000 -0.00055785
0.30495000 -0.00055678
0.30500000 -0.00055571
0.30505000 -0.00055464
0.30510000 -0.00055357
0.30515000 -0.00055250
0.30520000 -0.00055143
0.30525000 -0.00055036
0.30530000 -0.00054929
0.30535000 -0.00054822
0.30540000 -0.00054715
0.30545000 -0.00054609
0.30550000 -0.00054502
0.30555000 -0.00054395
0.30560000 -0.00054289
0.30565000 -0.00054182
0.30570000 -0.00054076
0.30575000 -0.00053970
0.30580000 -0.00053863
0.30585000 -0.00053757
0.30590000 -0.00053651
0.30595000 -0.00053545
0.30600000 -0.00053439
0.30605000 -0.00053333
0.30610000 -0.00053227
0.30615000 -0.00053121
0.30620000 -0.00053015
0.30625000 -0.00052909
0.30630000 -0.00052803
0.30635000 -0.00052698
0.30640000 -0.00052592
0.30645000 -0.00052486
0.30650000 -0.00052381
0.30655000 -0.00052275
0.30660000 -0.00052170
0.30665000 -0.00052065
0.30670000 -0.00051959
0.30675000 -0.00051854
0.30680000 -0.00051749
0.30685000 -0.00051644
0.30690000 -0.00051539
0.30695000 -0.00051433
0.30700000 -0.00051328
0.30705000 -0.00051224
0.30710000 -0.00051119
0.30715000 -0.00051014
0.30720000 -0.00050909
0.30725000 -0.00050804
0.30730000 -0.00050700
0.30735000 -0.00050595
0.30740000 -0.00050491
0.30745000 -0.00050386
0.30750000 -0.00050282
0.30755000 -0.00050177
0.30760000 -0.00050073
0.30765000 -0.00049968
0.30770000 -0.00049864
0.30775000 -0.00049760
0.30780000 -0.00049656
0.30785000 -0.00049552
0.30790000 -0.00049448
0.30795000 -0.00049344
0.30800000 -0.00049240
0.30805000 -0.00049136
0.30810000 -0.00049032
0.30815000 -0.00048928
0.30820000 -0.00048825
0.30825000 -0.00048721
0.30830000 -0.00048617
0.30835000 -0.00048514
0.30840000 -0.00048410
0.30845000 -0.00048307
0.30850000 -0.00048203
0.30855000 -0.00048100
0.30860000 -0.00047997
0.30865000 -0.00047893
0.30870000 -0.00047790
0.30875000 -0.00047687
0.30880000 -0.00047584
0.30885000 -0.00047481
0.30890000 -0.00047378
0.30895000 -0.00047275
0.30900000 -0.00047172
0.30905000 -0.00047069
0.30910000 -0.00046966
0.30915000 -0.00046864
0.30920000 -0.00046761
0.30925000 -0.00046658
0.30930000 -0.00046556
0.30935000 -0.00046453
0.30940000 -0.00046351
0.30945000 -0.00046248
0.30950000 -0.00046146
0.30955000 -0.00046044
0.30960000 -0.00045941
0.30965000 -0.00045839
0.30970000 -0.00045737
0.30975000 -0.00045635
0.30980000 -0.00045533
0.30985000 -0.00045430
0.30990000 -0.00045328
0.30995000 -0.00045227
0.31000000 -0.00045125
0.31005000 -0.00045023
0.31010000 -0.00044921
0.31015000 -0.00044819
0.31020000 -0.00044718
0.31025000 -0.00044616
0.31030000 -0.00044514
0.31035000 -0.00044413
0.31040000 -0.00044311
0.31045000 -0.00044210
0.31050000 -0.00044108
0.31055000 -0.00044007
0.31060000 -0.00043906
0.31065000 -0.00043804
0.31070000 -0.00043703
0.31075000 -0.00043602
0.31080000 -0.00043501
0.31085000 -0.00043400
0.31090000 -0.00043299
0.31095000 -0.00043198
0.31100000 -0.00043097
0.31105000 -0.00042996
0.31110000 -0.00042895
0.31115000 -0.00042794
0.31120000 -0.00042694
0.31125000 -0.00042593
0.31130000 -0.00042492
0.31135000 -0.00042392
0.31140000 -0.00042291
0.31145000 -0.00042191
0.31150000 -0.00042090
0.31155000 -0.00041990
0.31160000 -0.00041889
0.31165000 -0.00041789
0.31170000 -0.00041689
0.31175000 -0.00041589
0.31180000 -0.00041488
0.31185000 -0.00041388
0.31190000 -0.00041288
0.31195000 -0.00041188
0.31200000 -0.00041088
0.31205000 -0.00040988
0.31210000 -0.00040888
0.31215000 -0.00040788
0.31220000 -0.00040689
0.31225000 -0.00040589
0.31230000 -0.00040489
0.31235000 -0.00040389
0.31240000 -0.00040290
0.31245000 -0.00040190
0.31250000 -0.00040091
0.31255000 -0.00039991
0.31260000 -0.00039892
0.31265000 -0.00039792
0.31270000 -0.00039693
0.31275000 -0.00039594
0.31280000 -0.00039494
0.31285000 -0.00039395
0.31290000 -0.00039296
0.31295000 -0.00039197
0.31300000 -0.00039098
0.31305000 -0.00038999
0.31310000 -0.00038900
0.31315000 -0.00038801
0.31320000 -0.00038702
0.31325000 -0.00038603
0.31330000 -0.00038504
0.31335000 -0.00038406
0.31340000 -0.00038307
0.31345000 -0.00038208
0.31350000 -0.00038110
0.31355000 -0.00038011
0.31360000 -0.00037912
0.31365000 -0.00037814
0.31370000 -0.00037715
0.31375000 -0.00037617
0.31380000 -0.00037519
0.31385000 -0.00037420
0.31390000 -0.00037322
0.31395000 -0.00037224
0.31400000 -0.00037126
0.31405000 -0.00037027
0.31410000 -0.00036929
0.31415000 -0.00036831
0.31420000 -0.00036733
0.31425000 -0.00036635
0.31430000 -0.00036537
0.31435000 -0.00036439
0.31440000 -0.00036341
0.31445000 -0.00036244
0.31450000 -0.00036146
0.31455000 -0.00036048
0.31460000 -0.00035950
0.31465000 -0.00035853
0.31470000 -0.00035755
0.31475000 -0.00035658
0.31480000 -0.00035560
0.31485000 -0.00035463
0.31490000 -0.00035365
0.31495000 -0.00035268
0.31500000 -0.00035170
0.31505000 -0.00035073
0.31510000 -0.00034976
0.31515000 -0.00034879
0.31520000 -0.00034782
0.31525000 -0.00034684
0.31530000 -0.00034587
0.31535000 -0.00034490
0.31540000 -0.00034393
0.31545000 -0.00034296
0.31550000 -0.00034199
0.31555000 -0.00034102
0.31560000 -0.00034006
0.31565000 -0.00033909
0.31570000 -0.00033812
0.31575000 -0.00033715
0.31580000 -0.00033619
0.31585000 -0.00033522
0.31590000 -0.00033425
0.31595000 -0.00033329
0.31600000 -0.00033232
0.31605000 -0.00033136
0.31610000 -0.00033039
0.31615000 -0.00032943
0.31620000 -0.00032846
0.31625000 -0.00032750
0.31630000 -0.00032654
0.31635000 -0.00032558
0.31640000 -0.00032461
0.31645000 -0.00032365
0.31650000 -0.00032269
0.31655000 -0.00032173
0.31660000 -0.00032077
0.31665000 -0.00031981
0.31670000 -0.00031885
0.31675000 -0.00031789
0.31680000 -0.00031693
0.31685000 -0.00031597
0.31690000 -0.00031502
0.31695000 -0.00031406
0.31700000 -0.00031310
0.31705000 -0.00031214
0.31710000 -0.00031119
0.31715000 -0.00031023
0.31720000 -0.00030927
0.31725000 -0.00030832
0.31730000 -0.00030736
0.31735000 -0.00030641
0.31740000 -0.00030546
0.31745000 -0.00030450
0.31750000 -0.00030355
0.31755000 -0.00030259
0.31760000 -0.00030164
0.31765000 -0.00030069
0.31770000 -0.00029974
0.31775000 -0.00029879
0.31780000 -0.00029783
0.31785000 -0.00029688
0.31790000 -0.00029593
0.31795000 -0.00029498
0.31800000 -0.00029403
0.31805000 -0.00029308
0.31810000 -0.00029214
0.31815000 -0.00029119
0.31820000 -0.00029024
0.31825000 -0.00028929
0.31830000 -0.00028834
0.31835000 -0.00028740
0.31840000 -0.00028645
0.31845000 -0.00028550
0.31850000 -0.00028456
0.31855000 -0.00028361
0.31860000 -0.00028267
0.31865000 -0.00028172
0.31870000 -0.00028078
0.31875000 -0.00027983
0.31880000 -0.00027889
0.31885000 -0.00027795
0.31890000 -0.00027700
0.31895000 -0.00027606
0.31900000 -0.00027512
0.31905000 -0.00027418
0.31910000 -0.00027323
0.31915000 -0.00027229
0.31920000 -0.00027135
0.31925000 -0.00027041
0.31930000 -0.00026947
0.31935000 -0.00026853
0.31940000 -0.00026759
0.31945000 -0.00026665
0.31950000 -0.00026571
0.31955000 -0.00026477
0.31960000 -0.00026384
0.31965000 -0.00026290
0.31970000 -0.00026196
0.31975000 -0.00026102
0.31980000 -0.00026009
0.31985000 -0.00025915
0.31990000 -0.00025822
0.31995000 -0.00025728
0.32000000 -0.00025634
0.32005000 -0.00025541
0.32010000 -0.00025448
0.32015000 -0.00025354
0.32020000 -0.00025261
0.32025000 -0.00025167
0.32030000 -0.00025074
0.32035000 -0.00024981
0.32040000 -0.00024887
0.32045000 -0.00024794
0.32050000 -0.00024701
0.32055000 -0.00024608
0.32060000 -0.00024515
0.32065000 -0.00024422
0.32070000 -0.00024329
0.32075000 -0.00024236
0.32080000 -0.00024143
0.32085000 -0.00024050
0.32090000 -0.00023957
0.32095000 -0.00023864
0.32100000 -0.00023771
0.32105000 -0.00023678
0.32110000 -0.00023585
0.32115000 -0.00023493
0.32120000 -0.00023400
0.32125000 -0.00023307
0.32130000 -0.00023215
0.32135000 -0.00023122
0.32140000 -0.00023029
0.32145000 -0.00022937
0.32150000 -0.00022844
0.32155000 -0.00022752
0.32160000 -0.00022659
0.32165000 -0.00022567
0.32170000 -0.00022475
0.32175000 -0.00022382
0.32180000 -0.00022290
0.32185000 -0.00022198
0.32190000 -0.00022105
0.32195000 -0.00022013
0.32200000 -0.00021921
0.32205000 -0.00021829
0.32210000 -0.00021737
0.32215000 -0.00021644
0.32220000 -0.00021552
0.32225000 -0.00021460
0.32230000 -0.00021368
0.32235000 -0.00021276
0.32240000 -0.00021184
0.32245000 -0.00021092
0.32250000 -0.00021001
0.32255000 -0.00020909
0.32260000 -0.00020817
0.32265000 -0.00020725
0.32270000 -0.00020633
0.32275000 -0.00020542
0.32280000 -0.00020450
0.32285000 -0.00020358
0.32290000 -0.00020267
0.32295000 -0.00020175
0.32300000 -0.00020083
0.32305000 -0.00019992
0.32310000 -0.00019900
0.32315000 -0.00019809
0.32320000 -0.00019717
0.32325000 -0.00019626
0.32330000 -0.00019534
0.32335000 -0.00019443
0.32340000 -0.00019352
0.32345000 -0.00019260
0.32350000 -0.00019169
0.32355000 -0.00019078
0.32360000 -0.00018987
0.32365000 -0.00018895
0.32370000 -0.00018804
0.32375000 -0.00018713
0.32380000 -0.00018622
0.32385000 -0.00018531
0.32390000 -0.00018440
0.32395000 -0.00018349
0.32400000 -0.00018258
0.32405000 -0.00018167
0.32410000 -0.00018076
0.32415000 -0.00017985
0.32420000 -0.00017894
0.32425000 -0.00017803
0.32430000 -0.00017713
0.32435000 -0.00017622
0.32440000 -0.00017531
0.32445000 -0.00017440
0.32450000 -0.00017350
0.32455000 -0.00017259
0.32460000 -0.00017168
0.32465000 -0.00017078
0.32470000 -0.00016987
0.32475000 -0.00016897
0.32480000 -0.00016806
0.32485000 -0.00016715
0.32490000 -0.00016625
0.32495000 -0.00016535
0.32500000 -0.00016444
0.32505000 -0.00016354
0.32510000 -0.00016263
0.32515000 -0.00016173
0.32520000 -0.00016083
0.32525000 -0.00015992
0.32530000 -0.00015902
0.32535000 -0.00015812
0.32540000 -0.00015722
0.32545000 -0.00015632
0.32550000 -0.00015541
0.32555000 -0.00015451
0.32560000 -0.00015361
0.32565000 -0.00015271
0.32570000 -0.00015181
0.32575000 -0.00015091
0.32580000 -0.00015001
0.32585000 -0.00014911
0.32590000 -0.00014821
0.32595000 -0.00014731
0.32600000 -0.00014641
0.32605000 -0.00014551
0.32610000 -0.00014462
0.32615000 -0.00014372
0.32620000 -0.00014282
0.32625000 -0.00014192
0.32630000 -0.00014102
0.32635000 -0.00014013
0.32640000 -0.00013923
0.32645000 -0.00013833
0.32650000 -0.00013744
0.32655000 -0.00013654
0.32660000 -0.00013565
0.32665000 -0.00013475
0.32670000 -0.00013386
0.32675000 -0.00013296
0.32680000 -0.00013207
0.32685000 -0.00013117
0.32690000 -0.00013028
0.32695000 -0.00012938
0.32700000 -0.00012849
0.32705000 -0.00012760
0.32710000 -0.00012670
0.32715000 -0.00012581
0.32720000 -0.00012492
0.32725000 -0.00012402
0.32730000 -0.00012313
0.32735000 -0.00012224
0.32740000 -0.00012135
0.32745000 -0.00012046
0.32750000 -0.00011956
0.32755000 -0.00011867
0.32760000 -0.00011778
0.32765000 -0.00011689
0.32770000 -0.00011600
0.32775000 -0.00011511
0.32780000 -0.00011422
0.32785000 -0.00011333
0.32790000 -0.00011244
0.32795000 -0.00011155
0.32800000 -0.00011066
0.32805000 -0.00010977
0.32810000 -0.00010889
0.32815000 -0.00010800
0.32820000 -0.00010711
0.32825000 -0.00010622
0.32830000 -0.00010533
0.32835000 -0.00010445
0.32840000 -0.00010356
0.32845000 -0.00010267
0.32850000 -0.00010179
0.32855000 -0.00010090
0.32860000 -0.00010001
0.32865000 -0.00009913
0.32870000 -0.00009824
0.32875000 -0.00009736
0.32880000 -0.00009647
0.32885000 -0.00009559
0.32890000 -0.00009470
0.32895000 -0.00009382
0.32900000 -0.00009293
0.32905000 -0.00009205
0.32910000 -0.00009116
0.32915000 -0.00009028
0.32920000 -0.00008940
0.32925000 -0.00008851
0.32930000 -0.00008763
0.32935000 -0.00008675
0.32940000 -0.00008586
0.32945000 -0.00008498
0.32950000 -0.00008410
0.32955000 -0.00008322
0.32960000 -0.00008233
0.32965000 -0.00008145
0.32970000 -0.00008057
0.32975000 -0.00007969
0.32980000 -0.00007881
0.32985000 -0.00007793
0.32990000 -0.00007705
0.32995000 -0.00007617
0.33000000 -0.00007529
0.33005000 -0.00007441
0.33010000 -0.00007353
0.33015000 -0.00007265
0.33020000 -0.00007177
0.33025000 -0.00007089
0.33030000 -0.00007001
0.33035000 -0.00006913
0.33040000 -0.00006825
0.33045000 -0.00006737
0.33050000 -0.00006650
0.33055000 -0.00006562
0.33060000 -0.00006474
0.33065000 -0.00006386
0.33070000 -0.00006299
0.33075000 -0.00006211
0.33080000 -0.00006123
0.33085000 -0.00006035
0.33090000 -0.00005948
0.33095000 -0.00005860
0.33100000 -0.00005772
0.33105000 -0.00005685
0.33110000 -0.00005597
0.33115000 -0.00005510
0.33120000 -0.00005422
0.33125000 -0.00005335
0.33130000 -0.00005247
0.33135000 -0.00005160
0.33140000 -0.00005072
0.33145000 -0.00004985
0.33150000 -0.00004897
0.33155000 -0.00004810
0.33160000 -0.00004722
0.33165000 -0.00004635
0.33170000 -0.00004548
0.33175000 -0.00004460
0.33180000 -0.00004373
0.33185000 -0.00004286
0.33190000 -0.00004198
0.33195000 -0.00004111
0.33200000 -0.00004024
0.33205000 -0.00003937
0.33210000 -0.00003850
0.33215000 -0.00003762
0.33220000 -0.00003675
0.33225000 -0.00003588
0.33230000 -0.00003501
0.33235000 -0.00003414
0.33240000 -0.00003327
0.33245000 -0.00003240
0.33250000 -0.00003152
0.33255000 -0.00003065
0.33260000 -0.00002978
0.33265000 -0.00002891
0.33270000 -0.00002804
0.33275000 -0.00002717
0.33280000 -0.00002630
0.33285000 -0.00002543
0.33290000 -0.00002456
0.33295000 -0.00002370
0.33300000 -0.00002283
0.33305000 -0.00002196
0.33310000 -0.00002109
0.33315000 -0.00002022
0.33320000 -0.00001935
0.33325000 -0.00001848
0.33330000 -0.00001762
0.33335000 -0.00001675
0.33340000 -0.00001588
0.33345000 -0.00001501
0.33350000 -0.00001414
0.33355000 -0.00001328
0.33360000 -0.00001241
0.33365000 -0.00001154
0.33370000 -0.00001068
0.33375000 -0.00000981
0.33380000 -0.00000894
0.33385000 -0.00000808
0.33390000 -0.00000721
0.33395000 -0.00000634
0.33400000 -0.00000548
0.33405000 -0.00000461
0.33410000 -0.00000375
0.33415000 -0.00000288
0.33420000 -0.00000202
0.33425000 -0.00000115
0.33430000 -0.00000029
0.33435000 0.00000058
0.33440000 0.00000144
0.33445000 0.00000231
0.33450000 0.00000317
0.33455000 0.00000404
0.33460000 0.00000490
0.33465000 0.00000576
0.33470000 0.00000663
0.33475000 0.00000749
0.33480000 0.00000836
0.33485000 0.00000922
0.33490000 0.00001008
0.33495000 0.00001095
0.33500000 0.00001181
0.33505000 0.00001267
0.33510000 0.00001353
0.33515000 0.00001440
0.33520000 0.00001526
0.33525000 0.00001612
0.33530000 0.00001698
0.33535000 0.00001785
0.33540000 0.00001871
0.33545000 0.00001957
0.33550000 0.00002043
0.33555000 0.00002129
0.33560000 0.00002215
0.33565000 0.00002301
0.33570000 0.00002388
0.33575000 0.00002474
0.33580000 0.00002560
0.33585000 0.00002646
0.33590000 0.00002732
0.33595000 0.00002818
0.33600000 0.00002904
0.33605000 0.00002990
0.33610000 0.00003076
0.33615000 0.00003162
0.33620000 0.00003248
0.33625000 0.00003334
0.33630000 0.00003420
0.33635000 0.00003506
0.33640000 0.00003592
0.33645000 0.00003678
0.33650000 0.00003764
0.33655000 0.00003849
0.33660000 0.00003935
0.33665000 0.00004021
0.33670000 0.00004107
0.33675000 0.00004193
0.33680000 0.00004279
0.33685000 0.00004365
0.33690000 0.00004450
0.33695000 0.00004536
0.33700000 0.00004622
0.33705000 0.00004708
0.33710000 0.00004794
0.33715000 0.00004879
0.33720000 0.00004965
0.33725000 0.00005051
0.33730000 0.00005137
0.33735000 0.00005222
0.33740000 0.00005308
0.33745000 0.00005394
0.33750000 0.00005479
0.33755000 0.00005565
0.33760000 0.00005651
0.33765000 0.00005736
0.33770000 0.00005822
0.33775000 0.00005908
0.33780000 0.00005993
0.33785000 0.00006079
0.33790000 0.00006164
0.33795000 0.00006250
0.33800000 0.00006336
0.33805000 0.00006421
0.33810000 0.00006507
0.33815000 0.00006592
0.33820000 0.00006678
0.33825000 0.00006763
0.33830000 0.00006849
0.33835000 0.00006934
0.33840000 0.00007020
0.33845000 0.00007105
0.33850000 0.00007191
0.33855000 0.00007276
0.33860000 0.00007362
0.33865000 0.00007447
0.33870000 0.00007533
0.33875000 0.00007618
0.33880000 0.00007704
0.33885000 0.00007789
0.33890000 0.00007874
0.33895000 0.00007960
0.33900000 0.00008045
0.33905000 0.00008131
0.33910000 0.00008216
0.33915000 0.00008301
0.33920000 0.00008387
0.33925000 0.00008472
0.33930000 0.00008557
0.33935000 0.00008643
0.33940000 0.00008728
0.33945000 0.00008813
0.33950000 0.00008899
0.33955000 0.00008984
0.33960000 0.00009069
0.33965000 0.00009155
0.33970000 0.00009240
0.33975000 0.00009325
0.33980000 0.00009410
0.33985000 0.00009496
0.33990000 0.00009581
0.33995000 0.00009666
0.34000000 0.00009751
0.34005000 0.00009837
0.34010000 0.00009922
0.34015000 0.00010007
0.34020000 0.00010092
0.34025000 0.00010178
0.34030000 0.00010263
0.34035000 0.00010348
0.34040000 0.00010433
0.34045000 0.00010518
0.34050000 0.00010603
0.34055000 0.00010689
0.34060000 0.00010774
0.34065000 0.00010859
0.34070000 0.00010944
0.34075000 0.00011029
0.34080000 0.00011114
0.34085000 0.00011199
0.34090000 0.00011284
0.34095000 0.00011370
0.34100000 0.00011455
0.34105000 0.00011540
0.34110000 0.00011625
0.34115000 0.00011710
0.34120000 0.00011795
0.34125000 0.00011880
0.34130000 0.00011965
0.34135000 0.00012050
0.34140000 0.00012135
0.34145000 0.00012220
0.34150000 0.00012305
0.34155000 0.00012390
0.34160000 0.00012475
0.34165000 0.00012560
0.34170000 0.00012645
0.34175000 0.00012730
0.34180000 0.00012815
0.34185000 0.00012900
0.34190000 0.00012985
0.34195000 0.00013070
0.34200000 0.00013155
0.34205000 0.00013240
0.34210000 0.00013325
0.34215000 0.00013410
0.34220000 0.00013495
0.34225000 0.00013580
0.34230000 0.00013665
0.34235000 0.00013750
0.34240000 0.00013835
0.34245000 0.00013920
0.34250000 0.00014005
0.34255000 0.00014090
0.34260000 0.00014175
0.34265000 0.00014260
0.34270000 0.00014345
0.34275000 0.00014430
0.34280000 0.00014515
0.34285000 0.00014600
0.34290000 0.00014684
0.34295000 0.00014769
0.34300000 0.00014854
0.34305000 0.00014939
0.34310000 0.00015024
0.34315000 0.00015109
0.34320000 0.00015194
0.34325000 0.00015279
0.34330000 0.00015364
0.34335000 0.00015449
0.34340000 0.00015533
0.34345000 0.00015618
0.34350000 0.00015703
0.34355000 0.00015788
0.34360000 0.00015873
0.34365000 0.00015958
0.34370000 0.00016043
0.34375000 0.00016127
0.34380000 0.00016212
0.34385000 0.00016297
0.34390000 0.00016382
0.34395000 0.00016467
0.34400000 0.00016552
0.34405000 0.00016637
0.34410000 0.00016721
0.34415000 0.00016806
0.34420000 0.00016891
0.34425000 0.00016976
0.34430000 0.00017061
0.34435000 0.00017146
0.34440000 0.00017230
0.34445000 0.00017315
0.34450000 0.00017400
0.34455000 0.00017485
0.34460000 0.00017570
0.34465000 0.00017655
0.34470000 0.00017739
0.34475000 0.00017824
0.34480000 0.00017909
0.34485000 0.00017994
0.34490000 0.00018079
0.34495000 0.00018163
0.34500000 0.00018248
0.34505000 0.00018333
0.34510000 0.00018418
0.34515000 0.00018503
0.34520000 0.00018587
0.34525000 0.00018672
0.34530000 0.00018757
0.34535000 0.00018842
0.34540000 0.00018927
0.34545000 0.00019011
0.34550000 0.00019096
0.34555000 0.00019181
0.34560000 0.00019266
0.34565000 0.00019351
0.34570000 0.00019435
0.34575000 0.00019520
0.34580000 0.00019605
0.34585000 0.00019690
0.34590000 0.00019775
0.34595000 0.00019859
0.34600000 0.00019944
0.34605000 0.00020029
0.34610000 0.00020114
0.34615000 0.00020199
0.34620000 0.00020283
0.34625000 0.00020368
0.34630000 0.00020453
0.34635000 0.00020538
0.34640000 0.00020623
0.34645000 0.00020707
0.34650000 0.00020792
0.34655000 0.00020877
0.34660000 0.00020962
0.34665000 0.00021047
0.34670000 0.00021131
0.34675000 0.00021216
0.34680000 0.00021301
0.34685000 0.00021386
0.34690000 0.00021471
0.34695000 0.00021556
0.34700000 0.00021640
0.34705000 0.00021725
0.34710000 0.00021810
0.34715000 0.00021895
0.34720000 0.00021980
0.34725000 0.00022064
0.34730000 0.00022149
0.34735000 0.00022234
0.34740000 0.00022319
0.34745000 0.00022404
0.34750000 0.00022489
0.34755000 0.00022573
0.34760000 0.00022658
0.34765000 0.00022743
0.34770000 0.00022828
0.34775000 0.00022913
0.34780000 0.00022998
0.34785000 0.00023082
0.34790000 0.00023167
0.34795000 0.00023252
0.34800000 0.00023337
0.34805000 0.00023422
0.34810000 0.00023507
0.34815000 0.00023592
0.34820000 0.00023676
0.34825000 0.00023761
0.34830000 0.00023846
0.34835000 0.00023931
0.34840000 0.00024016
0.34845000 0.00024101
0.34850000 0.00024186
0.34855000 0.00024271
0.34860000 0.00024355
0.34865000 0.00024440
0.34870000 0.00024525
0.34875000 0.00024610
0.34880000 0.00024695
0.34885000 0.00024780
0.34890000 0.00024865
0.34895000 0.00024950
0.34900000 0.00025035
0.34905000 0.00025120
0.34910000 0.00025205
0.34915000 0.00025289
0.34920000 0.00025374
0.34925000 0.00025459
0.34930000 0.00025544
0.34935000 0.00025629
0.34940000 0.00025714
0.34945000 0.00025799
0.34950000 0.00025884
0.34955000 0.00025969
0.34960000 0.00026054
0.34965000 0.00026139
0.34970000 0.00026224
0.34975000 0.00026309
0.34980000 0.00026394
0.34985000 0.00026479
0.34990000 0.00026564
0.34995000 0.00026649
0.35000000 0.00026734
0.35005000 0.00026819
0.35010000 0.00026904
0.35015000 0.00026989
0.35020000 0.00027074
0.35025000 0.00027159
0.35030000 0.00027244
0.35035000 0.00027329
0.35040000 0.00027414
0.35045000 0.00027499
0.35050000 0.00027584
0.35055000 0.00027669
0.35060000 0.00027754
0.35065000 0.00027839
0.35070000 0.00027924
0.35075000 0.00028010
0.35080000 0.00028095
0.35085000 0.00028180
0.35090000 0.00028265
0.35095000 0.00028350
0.35100000 0.00028435
0.35105000 0.00028520
0.35110000 0.00028605
0.35115000 0.00028690
0.35120000 0.00028776
0.35125000 0.00028861
0.35130000 0.00028946
0.35135000 0.00029031
0.35140000 0.00029116
0.35145000 0.00029201
0.35150000 0.00029287
0.35155000 0.00029372
0.35160000 0.00029457
0.35165000 0.00029542
0.35170000 0.00029627
0.35175000 0.00029713
0.35180000 0.00029798
0.35185000 0.00029883
0.35190000 0.00029968
0.35195000 0.00030053
0.35200000 0.00030139
0.35205000 0.00030224
0.35210000 0.00030309
0.35215000 0.00030395
0.35220000 0.00030480
0.35225000 0.00030565
0.35230000 0.00030650
0.35235000 0.00030736
0.35240000 0.00030821
0.35245000 0.00030906
0.35250000 0.00030992
0.35255000 0.00031077
0.35260000 0.00031162
0.35265000 0.00031248
0.35270000 0.00031333
0.35275000 0.00031418
0.35280000 0.00031504
0.35285000 0.00031589
0.35290000 0.00031674
0.35295000 0.00031760
0.35300000 0.00031845
0.35305000 0.00031931
0.35310000 0.00032016
0.35315000 0.00032102
0.35320000 0.00032187
0.35325000 0.00032272
0.35330000 0.00032358
0.35335000 0.00032443
0.35340000 0.00032529
0.35345000 0.00032614
0.35350000 0.00032700
0.35355000 0.00032785
0.35360000 0.00032871
0.35365000 0.00032956
0.35370000 0.00033042
0.35375000 0.00033127
0.35380000 0.00033213
0.35385000 0.00033299
0.35390000 0.00033384
0.35395000 0.00033470
0.35400000 0.00033555
0.35405000 0.00033641
0.35410000 0.00033726
0.35415000 0.00033812
0.35420000 0.00033898
0.35425000 0.00033983
0.35430000 0.00034069
0.35435000 0.00034155
0.35440000 0.00034240
0.35445000 0.00034326
0.35450000 0.00034412
0.35455000 0.00034497
0.35460000 0.00034583
0.35465000 0.00034669
0.35470000 0.00034754
0.35475000 0.00034840
0.35480000 0.00034926
0.35485000 0.00035012
0.35490000 0.00035098
0.35495000 0.00035183
0.35500000 0.00035269
0.35505000 0.00035355
0.35510000 0.00035441
0.35515000 0.00035527
0.35520000 0.00035612
0.35525000 0.00035698
0.35530000 0.00035784
0.35535000 0.00035870
0.35540000 0.00035956
0.35545000 0.00036042
0.35550000 0.00036128
0.35555000 0.00036213
0.35560000 0.00036299
0.35565000 0.00036385
0.35570000 0.00036471
0.35575000 0.00036557
0.35580000 0.00036643
0.35585000 0.00036729
0.35590000 0.00036815
0.35595000 0.00036901
0.35600000 0.00036987
0.35605000 0.00037073
0.35610000 0.00037159
0.35615000 0.00037245
0.35620000 0.00037331
0.35625000 0.00037417
0.35630000 0.00037504
0.35635000 0.00037590
0.35640000 0.00037676
0.35645000 0.00037762
0.35650000 0.00037848
0.35655000 0.00037934
0.35660000 0.00038020
0.35665000 0.00038107
0.35670000 0.00038193
0.35675000 0.00038279
0.35680000 0.00038365
0.35685000 0.00038451
0.35690000 0.00038538
0.35695000 0.00038624
0.35700000 0.00038710
0.35705000 0.00038796
0.35710000 0.00038883
0.35715000 0.00038969
0.35720000 0.00039055
0.35725000 0.00039142
0.35730000 0.00039228
0.35735000 0.00039314
0.35740000 0.00039401
0.35745000 0.00039487
0.35750000 0.00039573
0.35755000 0.00039660
0.35760000 0.00039746
0.35765000 0.00039833
0.35770000 0.00039919
0.35775000 0.00040006
0.35780000 0.00040092
0.35785000 0.00040179
0.35790000 0.00040265
0.35795000 0.00040352
0.35800000 0.00040438
0.35805000 0.00040525
0.35810000 0.00040611
0.35815000 0.00040698
0.35820000 0.00040785
0.35825000 0.00040871
0.35830000 0.00040958
0.35835000 0.00041044
0.35840000 0.00041131
0.35845000 0.00041218
0.35850000 0.00041304
0.35855000 0.00041391
0.35860000 0.00041478
0.35865000 0.00041564
0.35870000 0.00041651
0.35875000 0.00041738
0.35880000 0.00041825
0.35885000 0.00041912
0.35890000 0.00041998
0.35895000 0.00042085
0.35900000 0.00042172
0.35905000 0.00042259
0.35910000 0.00042346
0.35915000 0.00042433
0.35920000 0.00042519
0.35925000 0.00042606
0.35930000 0.00042693
0.35935000 0.00042780
0.35940000 0.00042867
0.35945000 0.00042954
0.35950000 0.00043041
0.35955000 0.00043128
0.35960000 0.00043215
0.35965000 0.00043302
0.35970000 0.00043389
0.35975000 0.00043476
0.35980000 0.00043563
0.35985000 0.00043650
0.35990000 0.00043738
0.35995000 0.00043825
0.36000000 0.00043912
0.36005000 0.00043999
0.36010000 0.00044086
0.36015000 0.00044173
0.36020000 0.00044261
0.36025000 0.00044348
0.36030000 0.00044435
0.36035000 0.00044522
0.36040000 0.00044610
0.36045000 0.00044697
0.36050000 0.00044784
0.36055000 0.00044872
0.36060000 0.00044959
0.36065000 0.00045046
0.36070000 0.00045134
0.36075000 0.00045221
0.36080000 0.00045308
0.36085000 0.00045396
0.36090000 0.00045483
0.36095000 0.00045571
0.36100000 0.00045658
0.36105000 0.00045746
0.36110000 0.00045833
0.36115000 0.00045921
0.36120000 0.00046008
0.36125000 0.00046096
0.36130000 0.00046184
0.36135000 0.00046271
0.36140000 0.00046359
0.36145000 0.00046446
0.36150000 0.00046534
0.36155000 0.00046622
0.36160000 0.00046709
0.36165000 0.00046797
0.36170000 0.00046885
0.36175000 0.00046973
0.36180000 0.00047060
0.36185000 0.00047148
0.36190000 0.00047236
0.36195000 0.00047324
0.36200000 0.00047412
0.36205000 0.00047500
0.36210000 0.00047587
0.36215000 0.00047675
0.36220000 0.00047763
0.36225000 0.00047851
0.36230000 0.00047939
0.36235000 0.00048027
0.36240000 0.00048115
0.36245000 0.00048203
0.36250000 0.00048291
0.36255000 0.00048379
0.36260000 0.00048467
0.36265000 0.00048555
0.36270000 0.00048643
0.36275000 0.00048732
0.36280000 0.00048820
0.36285000 0.00048908
0.36290000 0.00048996
0.36295000 0.00049084
0.36300000 0.00049172
0.36305000 0.00049261
0.36310000 0.00049349
0.36315000 0.00049437
0.36320000 0.00049526
0.36325000 0.00049614
0.36330000 0.00049702
0.36335000 0.00049791
0.36340000 0.00049879
0.36345000 0.00049967
0.36350000 0.00050056
0.36355000 0.00050144
0.36360000 0.00050233
0.36365000 0.00050321
0.36370000 0.00050410
0.36375000 0.00050498
0.36380000 0.00050587
0.36385000 0.00050675
0.36390000 0.00050764
0.36395000 0.00050852
0.36400000 0.00050941
0.36405000 0.00051030
0.36410000 0.00051118
0.36415000 0.00051207
0.36420000 0.00051296
0.36425000 0.00051384
0.36430000 0.00051473
0.36435000 0.00051562
0.36440000 0.00051651
0.36445000 0.00051740
0.36450000 0.00051828
0.36455000 0.00051917
0.36460000 0.00052006
0.36465000 0.00052095
0.36470000 0.00052184
0.36475000 0.00052273
0.36480000 0.00052362
0.36485000 0.00052451
0.36490000 0.00052540
0.36495000 0.00052629
0.36500000 0.00052718
0.36505000 0.00052807
0.36510000 0.00052896
0.36515000 0.00052985
0.36520000 0.00053074
0.36525000 0.00053163
0.36530000 0.00053253
0.36535000 0.00053342
0.36540000 0.00053431
0.36545000 0.00053520
0.36550000 0.00053610
0.36555000 0.00053699
0.36560000 0.00053788
0.36565000 0.00053878
0.36570000 0.00053967
0.36575000 0.00054056
0.36580000 0.00054146
0.36585000 0.00054235
0.36590000 0.00054325
0.36595000 0.00054414
0.36600000 0.00054503
0.36605000 0.00054593
0.36610000 0.00054682
0.36615000 0.00054772
0.36620000 0.00054862
0.36625000 0.00054951
0.36630000 0.00055041
0.36635000 0.00055131
0.36640000 0.00055220
0.36645000 0.00055310
0.36650000 0.00055400
0.36655000 0.00055489
0.36660000 0.00055579
0.36665000 0.00055669
0.36670000 0.00055759
0.36675000 0.00055849
0.36680000 0.00055938
0.36685000 0.00056028
0.36690000 0.00056118
0.36695000 0.00056208
0.36700000 0.00056298
0.36705000 0.00056388
0.36710000 0.00056478
0.36715000 0.00056568
0.36720000 0.00056658
0.36725000 0.00056748
0.36730000 0.00056838
0.36735000 0.00056928
0.36740000 0.00057019
0.36745000 0.00057109
0.36750000 0.00057199
0.36755000 0.00057289
0.36760000 0.00057379
0.36765000 0.00057470
0.36770000 0.00057560
0.36775000 0.00057650
0.36780000 0.00057741
0.36785000 0.00057831
0.36790000 0.00057921
0.36795000 0.00058012
0.36800000 0.00058102
0.36805000 0.00058193
0.36810000 0.00058283
0.36815000 0.00058374
0.36820000 0.00058464
0.36825000 0.00058555
0.36830000 0.00058645
0.36835000 0.00058736
0.36840000 0.00058827
0.36845000 0.00058917
0.36850000 0.00059008
0.36855000 0.00059099
0.36860000 0.00059189
0.36865000 0.00059280
0.36870000 0.00059371
0.36875000 0.00059462
0.36880000 0.00059553
0.36885000 0.00059643
0.36890000 0.00059734
0.36895000 0.00059825
0.36900000 0.00059916
0.36905000 0.00060007
0.36910000 0.00060098
0.36915000 0.00060189
0.36920000 0.00060280
0.36925000 0.00060371
0.36930000 0.00060462
0.36935000 0.00060553
0.36940000 0.00060645
0.36945000 0.00060736
0.36950000 0.00060827
0.36955000 0.00060918
0.36960000 0.00061009
0.36965000 0.00061101
0.36970000 0.00061192
0.36975000 0.00061283
0.36980000 0.00061375
0.36985000 0.00061466
0.36990000 0.00061557
0.36995000 0.00061649
0.37000000 0.00061740
0.37005000 0.00061832
0.37010000 0.00061923
0.37015000 0.00062015
0.37020000 0.00062106
0.37025000 0.00062198
0.37030000 0.00062290
0.37035000 0.00062381
0.37040000 0.00062473
0.37045000 0.00062565
0.37050000 0.00062656
0.37055000 0.00062748
0.37060000 0.00062840
0.37065000 0.00062932
0.37070000 0.00063024
0.37075000 0.00063116
0.37080000 0.00063207
0.37085000 0.00063299
0.37090000 0.00063391
0.37095000 0.00063483
0.37100000 0.00063575
0.37105000 0.00063667
0.37110000 0.00063759
0.37115000 0.00063851
0.37120000 0.00063944
0.37125000 0.00064036
0.37130000 0.00064128
0.37135000 0.00064220
0.37140000 0.00064312
0.37145000 0.00064405
0.37150000 0.00064497
0.37155000 0.00064589
0.37160000 0.00064682
0.37165000 0.00064774
0.37170000 0.00064866
0.37175000 0.00064959
0.37180000 0.00065051
0.37185000 0.00065144
0.37190000 0.00065236
0.37195000 0.00065329
0.37200000 0.00065421
0.37205000 0.00065514
0.37210000 0.00065607
0.37215000 0.00065699
0.37220000 0.00065792
0.37225000 0.00065885
0.37230000 0.00065977
0.37235000 0.00066070
0.37240000 0.00066163
0.37245000 0.00066256
0.37250000 0.00066349
0.37255000 0.00066441
0.37260000 0.00066534
0.37265000 0.00066627
0.37270000 0.00066720
0.37275000 0.00066813
0.37280000 0.00066906
0.37285000 0.00066999
0.37290000 0.00067092
0.37295000 0.00067186
0.37300000 0.00067279
0.37305000 0.00067372
0.37310000 0.00067465
0.37315000 0.00067558
0.37320000 0.00067652
0.37325000 0.00067745
0.37330000 0.00067838
0.37335000 0.00067932
0.37340000 0.00068025
0.37345000 0.00068118
0.37350000 0.00068212
0.37355000 0.00068305
0.37360000 0.00068399
0.37365000 0.00068492
0.37370000 0.00068586
0.37375000 0.00068680
0.37380000 0.00068773
0.37385000 0.00068867
0.37390000 0.00068961
0.37395000 0.00069054
0.37400000 0.00069148
0.37405000 0.00069242
0.37410000 0.00069336
0.37415000 0.00069430
0.37420000 0.00069523
0.37425000 0.00069617
0.37430000 0.00069711
0.37435000 0.00069805
0.37440000 0.00069899
0.37445000 0.00069993
0.37450000 0.00070087
0.37455000 0.00070181
0.37460000 0.00070276
0.37465000 0.00070370
0.37470000 0.00070464
0.37475000 0.00070558
0.37480000 0.00070652
0.37485000 0.00070747
0.37490000 0.00070841
0.37495000 0.00070935
0.37500000 0.00071030
0.37505000 0.00071124
0.37510000 0.00071218
0.37515000 0.00071313
0.37520000 0.00071407
0.37525000 0.00071502
0.37530000 0.00071596
0.37535000 0.00071691
0.37540000 0.00071786
0.37545000 0.00071880
0.37550000 0.00071975
0.37555000 0.00072070
0.37560000 0.00072165
0.37565000 0.00072259
0.37570000 0.00072354
0.37575000 0.00072449
0.37580000 0.00072544
0.37585000 0.00072639
0.37590000 0.00072734
0.37595000 0.00072829
0.37600000 0.00072924
0.37605000 0.00073019
0.37610000 0.00073114
0.37615000 0.00073209
0.37620000 0.00073304
0.37625000 0.00073399
0.37630000 0.00073494
0.37635000 0.00073590
0.37640000 0.00073685
0.37645000 0.00073780
0.37650000 0.00073876
0.37655000 0.00073971
0.37660000 0.00074066
0.37665000 0.00074162
0.37670000 0.00074257
0.37675000 0.00074353
0.37680000 0.00074448
0.37685000 0.00074544
0.37690000 0.00074639
0.37695000 0.00074735
0.37700000 0.00074831
0.37705000 0.00074926
0.37710000 0.00075022
0.37715000 0.00075118
0.37720000 0.00075214
0.37725000 0.00075310
0.37730000 0.00075405
0.37735000 0.00075501
0.37740000 0.00075597
0.37745000 0.00075693
0.37750000 0.00075789
0.37755000 0.00075885
0.37760000 0.00075981
0.37765000 0.00076078
0.37770000 0.00076174
0.37775000 0.00076270
0.37780000 0.00076366
0.37785000 0.00076462
0.37790000 0.00076559
0.37795000 0.00076655
0.37800000 0.00076751
0.37805000 0.00076848
0.37810000 0.00076944
0.37815000 0.00077040
0.37820000 0.00077137
0.37825000 0.00077233
0.37830000 0.00077330
0.37835000 0.00077427
0.37840000 0.00077523
0.37845000 0.00077620
0.37850000 0.00077716
0.37855000 0.00077813
0.37860000 0.00077910
0.37865000 0.00078007
0.37870000 0.00078104
0.37875000 0.00078200
0.37880000 0.00078297
0.37885000 0.00078394
0.37890000 0.00078491
0.37895000 0.00078588
0.37900000 0.00078685
0.37905000 0.00078782
0.37910000 0.00078879
0.37915000 0.00078977
0.37920000 0.00079074
0.37925000 0.00079171
0.37930000 0.00079268
0.37935000 0.00079365
0.37940000 0.00079463
0.37945000 0.00079560
0.37950000 0.00079658
0.37955000 0.00079755
0.37960000 0.00079852
0.37965000 0.00079950
0.37970000 0.00080047
0.37975000 0.00080145
0.37980000 0.00080243
0.37985000 0.00080340
0.37990000 0.00080438
0.37995000 0.00080536
0.38000000 0.00080633
0.38005000 0.00080731
0.38010000 0.00080829
0.38015000 0.00080927
0.38020000 0.00081025
0.38025000 0.00081123
0.38030000 0.00081221
0.38035000 0.00081319
0.38040000 0.00081417
0.38045000 0.00081515
0.38050000 0.00081613
0.38055000 0.00081711
0.38060000 0.00081809
0.38065000 0.00081907
0.38070000 0.00082006
0.38075000 0.00082104
0.38080000 0.00082202
0.38085000 0.00082301
0.38090000 0.00082399
0.38095000 0.00082497
0.38100000 0.00082596
0.38105000 0.00082694
0.38110000 0.00082793
0.38115000 0.00082892
0.38120000 0.00082990
0.38125000 0.00083089
0.38130000 0.00083188
0.38135000 0.00083286
0.38140000 0.00083385
0.38145000 0.00083484
0.38150000 0.00083583
0.38155000 0.00083682
0.38160000 0.00083780
0.38165000 0.00083879
0.38170000 0.00083978
0.38175000 0.00084077
0.38180000 0.00084176
0.38185000 0.00084276
0.38190000 0.00084375
0.38195000 0.00084474
0.38200000 0.00084573
0.38205000 0.00084672
0.38210000 0.00084772
0.38215000 0.00084871
0.38220000 0.00084970
0.38225000 0.00085070
0.38230000 0.00085169
0.38235000 0.00085269
0.38240000 0.00085368
0.38245000 0.00085468
0.38250000 0.00085567
0.38255000 0.00085667
0.38260000 0.00085767
0.38265000 0.00085866
0.38270000 0.00085966
0.38275000 0.00086066
0.38280000 0.00086166
0.38285000 0.00086266
0.38290000 0.00086366
0.38295000 0.00086465
0.38300000 0.00086565
0.38305000 0.00086665
0.38310000 0.00086766
0.38315000 0.00086866
0.38320000 0.00086966
0.38325000 0.00087066
0.38330000 0.00087166
0.38335000 0.00087266
0.38340000 0.00087367
0.38345000 0.00087467
0.38350000 0.00087567
0.38355000 0.00087668
0.38360000 0.00087768
0.38365000 0.00087869
0.38370000 0.00087969
0.38375000 0.00088070
0.38380000 0.00088170
0.38385000 0.00088271
0.38390000 0.00088372
0.38395000 0.00088472
0.38400000 0.00088573
0.38405000 0.00088674
0.38410000 0.00088775
0.38415000 0.00088876
0.38420000 0.00088977
0.38425000 0.00089078
0.38430000 0.00089179
0.38435000 0.00089280
0.38440000 0.00089381
0.38445000 0.00089482
0.38450000 0.00089583
0.38455000 0.00089684
0.38460000 0.00089785
0.38465000 0.00089887
0.38470000 0.00089988
0.38475000 0.00090089
0.38480000 0.00090191
0.38485000 0.00090292
0.38490000 0.00090394
0.38495000 0.00090495
0.38500000 0.00090597
0.38505000 0.00090698
0.38510000 0.00090800
0.38515000 0.00090902
0.38520000 0.00091003
0.38525000 0.00091105
0.38530000 0.00091207
0.38535000 0.00091309
0.38540000 0.00091411
0.38545000 0.00091512
0.38550000 0.00091614
0.38555000 0.00091716
0.38560000 0.00091818
0.38565000 0.00091921
0.38570000 0.00092023
0.38575000 0.00092125
0.38580000 0.00092227
0.38585000 0.00092329
0.38590000 0.00092432
0.38595000 0.00092534
0.38600000 0.00092636
0.38605000 0.00092739
0.38610000 0.00092841
0.38615000 0.00092944
0.38620000 0.00093046
0.38625000 0.00093149
0.38630000 0.00093251
0.38635000 0.00093354
0.38640000 0.00093457
0.38645000 0.00093559
0.38650000 0.00093662
0.38655000 0.00093765
0.38660000 0.00093868
0.38665000 0.00093971
0.38670000 0.00094074
0.38675000 0.00094177
0.38680000 0.00094280
0.38685000 0.00094383
0.38690000 0.00094486
0.38695000 0.00094589
0.38700000 0.00094692
0.38705000 0.00094795
0.38710000 0.00094899
0.38715000 0.00095002
0.38720000 0.00095105
0.38725000 0.00095209
0.38730000 0.00095312
0.38735000 0.00095416
0.38740000 0.00095519
0.38745000 0.00095623
0.38750000 0.00095726
0.38755000 0.00095830
0.38760000 0.00095934
0.38765000 0.00096037
0.38770000 0.00096141
0.38775000 0.00096245
0.38780000 0.00096349
0.38785000 0.00096453
0.38790000 0.00096557
0.38795000 0.00096661
0.38800000 0.00096765
0.38805000 0.00096869
0.38810000 0.00096973
0.38815000 0.00097077
0.38820000 0.00097181
0.38825000 0.00097286
0.38830000 0.00097390
0.38835000 0.00097494
0.38840000 0.00097599
0.38845000 0.00097703
0.38850000 0.00097808
0.38855000 0.00097912
0.38860000 0.00098017
0.38865000 0.00098121
0.38870000 0.00098226
0.38875000 0.00098330
0.38880000 0.00098435
0.38885000 0.00098540
0.38890000 0.00098645
0.38895000 0.00098750
0.38900000 0.00098855
0.38905000 0.00098959
0.38910000 0.00099064
0.38915000 0.00099169
0.38920000 0.00099275
0.38925000 0.00099380
0.38930000 0.00099485
0.38935000 0.00099590
0.38940000 0.00099695
0.38945000 0.00099801
0.38950000 0.00099906
0.38955000 0.00100011
0.38960000 0.00100117
0.38965000 0.00100222
0.38970000 0.00100328
0.38975000 0.00100433
0.38980000 0.00100539
0.38985000 0.00100644
0.38990000 0.00100750
0.38995000 0.00100856
0.39000000 0.00100962
0.39005000 0.00101067
0.39010000 0.00101173
0.39015000 0.00101279
0.39020000 0.00101385
0.39025000 0.00101491
0.39030000 0.00101597
0.39035000 0.00101703
0.39040000 0.00101809
0.39045000 0.00101915
0.39050000 0.00102022
0.39055000 0.00102128
0.39060000 0.00102234
0.39065000 0.00102341
0.39070000 0.00102447
0.39075000 0.00102553
0.39080000 0.00102660
0.39085000 0.00102766
0.39090000 0.00102873
0.39095000 0.00102980
0.39100000 0.00103086
0.39105000 0.00103193
0.39110000 0.00103300
0.39115000 0.00103406
0.39120000 0.00103513
0.39125000 0.00103620
0.39130000 0.00103727
0.39135000 0.00103834
0.39140000 0.00103941
0.39145000 0.00104048
0.39150000 0.00104155
0.39155000 0.00104262
0.39160000 0.00104370
0.39165000 0.00104477
0.39170000 0.00104584
0.39175000 0.00104692
0.39180000 0.00104799
0.39185000 0.00104906
0.39190000 0.00105014
0.39195000 0.00105121
0.39200000 0.00105229
0.39205000 0.00105336
0.39210000 0.00105444
0.39215000 0.00105552
0.39220000 0.00105660
0.39225000 0.00105767
0.39230000 0.00105875
0.39235000 0.00105983
0.39240000 0.00106091
0.39245000 0.00106199
0.39250000 0.00106307
0.39255000 0.00106415
0.39260000 0.00106523
0.39265000 0.00106631
0.39270000 0.00106740
0.39275000 0.00106848
0.39280000 0.00106956
0.39285000 0.00107064
0.39290000 0.00107173
0.39295000 0.00107281
0.39300000 0.00107390
0.39305000 0.00107498
0.39310000 0.00107607
0.39315000 0.00107715
0.39320000 0.00107824
0.39325000 0.00107933
0.39330000 0.00108042
0.39335000 0.00108150
0.39340000 0.00108259
0.39345000 0.00108368
0.39350000 0.00108477
0.39355000 0.00108586
0.39360000 0.00108695
0.39365000 0.00108804
0.39370000 0.00108913
0.39375000 0.00109023
0.39380000 0.00109132
0.39385000 0.00109241
0.39390000 0.00109350
0.39395000 0.00109460
0.39400000 0.00109569
0.39405000 0.00109679
0.39410000 0.00109788
0.39415000 0.00109898
0.39420000 0.00110007
0.39425000 0.00110117
0.39430000 0.00110227
0.39435000 0.00110336
0.39440000 0.00110446
0.39445000 0.00110556
0.39450000 0.00110666
0.39455000 0.00110776
0.39460000 0.00110886
0.39465000 0.00110996
0.39470000 0.00111106
0.39475000 0.00111216
0.39480000 0.00111326
0.39485000 0.00111436
0.39490000 0.00111547
0.39495000 0.00111657
0.39500000 0.00111767
0.39505000 0.00111878
0.39510000 0.00111988
0.39515000 0.00112099
0.39520000 0.00112209
0.39525000 0.00112320
0.39530000 0.00112431
0.39535000 0.00112541
0.39540000 0.00112652
0.39545000 0.00112763
0.39550000 0.00112874
0.39555000 0.00112984
0.39560000 0.00113095
0.39565000 0.00113206
0.39570000 0.00113317
0.39575000 0.00113429
0.39580000 0.00113540
0.39585000 0.00113651
0.39590000 0.00113762
0.39595000 0.00113873
0.39600000 0.00113985
0.39605000 0.00114096
0.39610000 0.00114207
0.39615000 0.00114319
0.39620000 0.00114430
0.39625000 0.00114542
0.39630000 0.00114654
0.39635000 0.00114765
0.39640000 0.00114877
0.39645000 0.00114989
0.39650000 0.00115101
0.39655000 0.00115212
0.39660000 0.00115324
0.39665000 0.00115436
0.39670000 0.00115548
0.39675000 0.00115660
0.39680000 0.00115772
0.39685000 0.00115885
0.39690000 0.00115997
0.39695000 0.00116109
0.39700000 0.00116221
0.39705000 0.00116334
0.39710000 0.00116446
0.39715000 0.00116559
0.39720000 0.00116671
0.39725000 0.00116784
0.39730000 0.00116896
0.39735000 0.00117009
0.39740000 0.00117121
0.39745000 0.00117234
0.39750000 0.00117347
0.39755000 0.00117460
0.39760000 0.00117573
0.39765000 0.00117686
0.39770000 0.00117799
0.39775000 0.00117912
0.39780000 0.00118025
0.39785000 0.00118138
0.39790000 0.00118251
0.39795000 0.00118364
0.39800000 0.00118478
0.39805000 0.00118591
0.39810000 0.00118704
0.39815000 0.00118818
0.39820000 0.00118931
0.39825000 0.00119045
0.39830000 0.00119158
0.39835000 0.00119272
0.39840000 0.00119386
0.39845000 0.00119499
0.39850000 0.00119613
0.39855000 0.00119727
0.39860000 0.00119841
0.39865000 0.00119955
0.39870000 0.00120069
0.39875000 0.00120183
0.39880000 0.00120297
0.39885000 0.00120411
0.39890000 0.00120525
0.39895000 0.00120640
0.39900000 0.00120754
0.39905000 0.00120868
0.39910000 0.00120983
0.39915000 0.00121097
0.39920000 0.00121212
0.39925000 0.00121326
0.39930000 0.00121441
0.39935000 0.00121555
0.39940000 0.00121670
0.39945000 0.00121785
0.39950000 0.00121900
0.39955000 0.00122014
0.39960000 0.00122129
0.39965000 0.00122244
0.39970000 0.00122359
0.39975000 0.00122474
0.39980000 0.00122589
0.39985000 0.00122705
0.39990000 0.00122820
0.39995000 0.00122935
0.40000000 0.00123050
0.40005000 0.00123166
0.40010000 0.00123281
0.40015000 0.00123397
0.40020000 0.00123512
0.40025000 0.00123628
0.40030000 0.00123743
0.40035000 0.00123859
0.40040000 0.00123975
0.40045000 0.00124090
0.40050000 0.00124206
0.40055000 0.00124322
0.40060000 0.00124438
0.40065000 0.00124554
0.40070000 0.00124670
0.40075000 0.00124786
0.40080000 0.00124902
0.40085000 0.00125018
0.40090000 0.00125135
0.40095000 0.00125251
0.40100000 0.00125367
0.40105000 0.00125484
0.40110000 0.00125600
0.40115000 0.00125716
0.40120000 0.00125833
0.40125000 0.00125950
0.40130000 0.00126066
0.40135000 0.00126183
0.40140000 0.00126300
0.40145000 0.00126416
0.40150000 0.00126533
0.40155000 0.00126650
0.40160000 0.00126767
0.40165000 0.00126884
0.40170000 0.00127001
0.40175000 0.00127118
0.40180000 0.00127235
0.40185000 0.00127353
0.40190000 0.00127470
0.40195000 0.00127587
0.40200000 0.00127705
0.40205000 0.00127822
0.40210000 0.00127940
0.40215000 0.00128057
0.40220000 0.00128175
0.40225000 0.00128292
0.40230000 0.00128410
0.40235000 0.00128528
0.40240000 0.00128646
0.40245000 0.00128763
0.40250000 0.00128881
0.40255000 0.00128999
0.40260000 0.00129117
0.40265000 0.00129235
0.40270000 0.00129353
0.40275000 0.00129472
0.40280000 0.00129590
0.40285000 0.00129708
0.40290000 0.00129826
0.40295000 0.00129945
0.40300000 0.00130063
0.40305000 0.00130182
0.40310000 0.00130300
0.40315000 0.00130419
0.40320000 0.00130537
0.40325000 0.00130656
0.40330000 0.00130775
0.40335000 0.00130894
0.40340000 0.00131012
0.40345000 0.00131131
0.40350000 0.00131250
0.40355000 0.00131369
0.40360000 0.00131488
0.40365000 0.00131607
0.40370000 0.00131727
0.40375000 0.00131846
0.40380000 0.00131965
0.40385000 0.00132084
0.40390000 0.00132204
0.40395000 0.00132323
0.40400000 0.00132443
0.40405000 0.00132562
0.40410000 0.00132682
0.40415000 0.00132802
0.40420000 0.00132921
0.40425000 0.00133041
0.40430000 0.00133161
0.40435000 0.00133281
0.40440000 0.00133401
0.40445000 0.00133521
0.40450000 0.00133641
0.40455000 0.00133761
0.40460000 0.00133881
0.40465000 0.00134001
0.40470000 0.00134121
0.40475000 0.00134242
0.40480000 0.00134362
0.40485000 0.00134482
0.40490000 0.00134603
0.40495000 0.00134723
0.40500000 0.00134844
0.40505000 0.00134964
0.40510000 0.00135085
0.40515000 0.00135206
0.40520000 0.00135327
0.40525000 0.00135447
0.40530000 0.00135568
0.40535000 0.00135689
0.40540000 0.00135810
0.40545000 0.00135931
0.40550000 0.00136052
0.40555000 0.00136174
0.40560000 0.00136295
0.40565000 0.00136416
0.40570000 0.00136537
0.40575000 0.00136659
0.40580000 0.00136780
0.40585000 0.00136902
0.40590000 0.00137023
0.40595000 0.00137145
0.40600000 0.00137266
0.40605000 0.00137388
0.40610000 0.00137510
0.40615000 0.00137632
0.40620000 0.00137754
0.40625000 0.00137876
0.40630000 0.00137998
0.40635000 0.00138120
0.40640000 0.00138242
0.40645000 0.00138364
0.40650000 0.00138486
0.40655000 0.00138608
0.40660000 0.00138731
0.40665000 0.00138853
0.40670000 0.00138975
0.40675000 0.00139098
0.40680000 0.00139220
0.40685000 0.00139343
0.40690000 0.00139466
0.40695000 0.00139588
0.40700000 0.00139711
0.40705000 0.00139834
0.40710000 0.00139957
0.40715000 0.00140080
0.40720000 0.00140203
0.40725000 0.00140326
0.40730000 0.00140449
0.40735000 0.00140572
0.40740000 0.00140695
0.40745000 0.00140818
0.40750000 0.00140942
0.40755000 0.00141065
0.40760000 0.00141188
0.40765000 0.00141312
0.40770000 0.00141435
0.40775000 0.00141559
0.40780000 0.00141683
0.40785000 0.00141806
0.40790000 0.00141930
0.40795000 0.00142054
0.40800000 0.00142178
0.40805000 0.00142302
0.40810000 0.00142426
0.40815000 0.00142550
0.40820000 0.00142674
0.40825000 0.00142798
0.40830000 0.00142922
0.40835000 0.00143046
0.40840000 0.00143171
0.40845000 0.00143295
0.40850000 0.00143419
0.40855000 0.00143544
0.40860000 0.00143668
0.40865000 0.00143793
0.40870000 0.00143918
0.40875000 0.00144042
0.40880000 0.00144167
0.40885000 0.00144292
0.40890000 0.00144417
0.40895000 0.00144542
0.40900000 0.00144667
0.40905000 0.00144792
0.40910000 0.00144917
0.40915000 0.00145042
0.40920000 0.00145167
0.40925000 0.00145292
0.40930000 0.00145418
0.40935000 0.00145543
0.40940000 0.00145669
0.40945000 0.00145794
0.40950000 0.00145920
0.40955000 0.00146045
0.40960000 0.00146171
0.40965000 0.00146297
0.40970000 0.00146422
0.40975000 0.00146548
0.40980000 0.00146674
0.40985000 0.00146800
0.40990000 0.00146926
0.40995000 0.00147052
0.41000000 0.00147178
0.41005000 0.00147304
0.41010000 0.00147431
0.41015000 0.00147557
0.41020000 0.00147683
0.41025000 0.00147810
0.41030000 0.00147936
0.41035000 0.00148063
0.41040000 0.00148189
0.41045000 0.00148316
0.41050000 0.00148442
0.41055000 0.00148569
0.41060000 0.00148696
0.41065000 0.00148823
0.41070000 0.00148950
0.41075000 0.00149077
0.41080000 0.00149204
0.41085000 0.00149331
0.41090000 0.00149458
0.41095000 0.00149585
0.41100000 0.00149712
0.41105000 0.00149840
0.41110000 0.00149967
0.41115000 0.00150095
0.41120000 0.00150222
0.41125000 0.00150350
0.41130000 0.00150477
0.41135000 0.00150605
0.41140000 0.00150733
0.41145000 0.00150860
0.41150000 0.00150988
0.41155000 0.00151116
0.41160000 0.00151244
0.41165000 0.00151372
0.41170000 0.00151500
0.41175000 0.00151628
0.41180000 0.00151756
0.41185000 0.00151885
0.41190000 0.00152013
0.41195000 0.00152141
0.41200000 0.00152270
0.41205000 0.00152398
0.41210000 0.00152527
0.41215000 0.00152655
0.41220000 0.00152784
0.41225000 0.00152913
0.41230000 0.00153041
0.41235000 0.00153170
0.41240000 0.00153299
0.41245000 0.00153428
0.41250000 0.00153557
0.41255000 0.00153686
0.41260000 0.00153815
0.41265000 0.00153944
0.41270000 0.00154073
0.41275000 0.00154203
0.41280000 0.00154332
0.41285000 0.00154461
0.41290000 0.00154591
0.41295000 0.00154720
0.41300000 0.00154850
0.41305000 0.00154980
0.41310000 0.00155109
0.41315000 0.00155239
0.41320000 0.00155369
0.41325000 0.00155499
0.41330000 0.00155629
0.41335000 0.00155759
0.41340000 0.00155889
0.41345000 0.00156019
0.41350000 0.00156149
0.41355000 0.00156279
0.41360000 0.00156409
0.41365000 0.00156540
0.41370000 0.00156670
0.41375000 0.00156801
0.41380000 0.00156931
0.41385000 0.00157062
0.41390000 0.00157192
0.41395000 0.00157323
0.41400000 0.00157454
0.41405000 0.00157584
0.41410000 0.00157715
0.41415000 0.00157846
0.41420000 0.00157977
0.41425000 0.00158108
0.41430000 0.00158239
0.41435000 0.00158371
0.41440000 0.00158502
0.41445000 0.00158633
0.41450000 0.00158764
0.41455000 0.00158896
0.41460000 0.00159027
0.41465000 0.00159159
0.41470000 0.00159290
0.41475000 0.00159422
0.41480000 0.00159554
0.41485000 0.00159685
0.41490000 0.00159817
0.41495000 0.00159949
0.41500000 0.00160081
0.41505000 0.00160213
0.41510000 0.00160345
0.41515000 0.00160477
0.41520000 0.00160609
0.41525000 0.00160741
0.41530000 0.00160874
0.41535000 0.00161006
0.41540000 0.00161138
0.41545000 0.00161271
0.41550000 0.00161403
0.41555000 0.00161536
0.41560000 0.00161669
0.41565000 0.00161801
0.41570000 0.00161934
0.41575000 0.00162067
0.41580000 0.00162200
0.41585000 0.00162333
0.41590000 0.00162466
0.41595000 0.00162599
0.41600000 0.00162732
0.41605000 0.00162865
0.41610000 0.00162998
0.41615000 0.00163132
0.41620000 0.00163265
0.41625000 0.00163398
0.41630000 0.00163532
0.41635000 0.00163665
0.41640000 0.00163799
0.41645000 0.00163933
0.41650000 0.00164066
0.41655000 0.00164200
0.41660000 0.00164334
0.41665000 0.00164468
0.41670000 0.00164602
0.41675000 0.00164736
0.41680000 0.00164870
0.41685000 0.00165004
0.41690000 0.00165138
0.41695000 0.00165272
0.41700000 0.00165407
0.41705000 0.00165541
0.41710000 0.00165675
0.41715000 0.00165810
0.41720000 0.00165945
0.41725000 0.00166079
0.41730000 0.00166214
0.41735000 0.00166349
0.41740000 0.00166483
0.41745000 0.00166618
0.41750000 0.00166753
0.41755000 0.00166888
0.41760000 0.00167023
0.41765000 0.00167158
0.41770000 0.00167293
0.41775000 0.00167429
0.41780000 0.00167564
0.41785000 0.00167699
0.41790000 0.00167835
0.41795000 0.00167970
0.41800000 0.00168106
0.41805000 0.00168241
0.41810000 0.00168377
0.41815000 0.00168512
0.41820000 0.00168648
0.41825000 0.00168784
0.41830000 0.00168920
0.41835000 0.00169056
0.41840000 0.00169192
0.41845000 0.00169328
0.41850000 0.00169464
0.41855000 0.00169600
0.41860000 0.00169737
0.41865000 0.00169873
0.41870000 0.00170009
0.41875000 0.00170146
0.41880000 0.00170282
0.41885000 0.00170419
0.41890000 0.00170555
0.41895000 0.00170692
0.41900000 0.00170829
0.41905000 0.00170965
0.41910000 0.00171102
0.41915000 0.00171239
0.41920000 0.00171376
0.41925000 0.00171513
0.41930000 0.00171650
0.41935000 0.00171788
0.41940000 0.00171925
0.41945000 0.00172062
0.41950000 0.00172199
0.41955000 0.00172337
0.41960000 0.00172474
0.41965000 0.00172612
0.41970000 0.00172749
0.41975000 0.00172887
0.41980000 0.00173025
0.41985000 0.00173163
0.41990000 0.00173300
0.41995000 0.00173438
0.42000000 0.00173576
0.42005000 0.00173714
0.42010000 0.00173852
0.42015000 0.00173990
0.42020000 0.00174129
0.42025000 0.00174267
0.42030000 0.00174405
0.42035000 0.00174544
0.42040000 0.00174682
0.42045000 0.00174821
0.42050000 0.00174959
0.42055000 0.00175098
0.42060000 0.00175237
0.42065000 0.00175375
0.42070000 0.00175514
0.42075000 0.00175653
0.42080000 0.00175792
0.42085000 0.00175931
0.42090000 0.00176070
0.42095000 0.00176209
0.42100000 0.00176348
0.42105000 0.00176488
0.42110000 0.00176627
0.42115000 0.00176766
0.42120000 0.00176906
0.42125000 0.00177045
0.42130000 0.00177185
0.42135000 0.00177324
0.42140000 0.00177464
0.42145000 0.00177604
0.42150000 0.00177744
0.42155000 0.00177884
0.42160000 0.00178023
0.42165000 0.00178163
0.42170000 0.00178304
0.42175000 0.00178444
0.42180000 0.00178584
0.42185000 0.00178724
0.42190000 0.00178864
0.42195000 0.00179005
0.42200000 0.00179145
0.42205000 0.00179286
0.42210000 0.00179426
0.42215000 0.00179567
0.42220000 0.00179708
0.42225000 0.00179848
0.42230000 0.00179989
0.42235000 0.00180130
0.42240000 0.00180271
0.42245000 0.00180412
0.42250000 0.00180553
0.42255000 0.00180694
0.42260000 0.00180835
0.42265000 0.00180976
0.42270000 0.00181118
0.42275000 0.00181259
0.42280000 0.00181401
0.42285000 0.00181542
0.42290000 0.00181684
0.42295000 0.00181825
0.42300000 0.00181967
0.42305000 0.00182109
0.42310000 0.00182250
0.42315000 0.00182392
0.42320000 0.00182534
0.42325000 0.00182676
0.42330000 0.00182818
0.42335000 0.00182960
0.42340000 0.00183103
0.42345000 0.00183245
0.42350000 0.00183387
0.42355000 0.00183529
0.42360000 0.00183672
0.42365000 0.00183814
0.42370000 0.00183957
0.42375000 0.00184100
0.42380000 0.00184242
0.42385000 0.00184385
0.42390000 0.00184528
0.42395000 0.00184671
0.42400000 0.00184814
0.42405000 0.00184957
0.42410000 0.00185100
0.42415000 0.00185243
0.42420000 0.00185386
0.42425000 0.00185529
0.42430000 0.00185673
0.42435000 0.00185816
0.42440000 0.00185959
0.42445000 0.00186103
0.42450000 0.00186246
0.42455000 0.00186390
0.42460000 0.00186534
0.42465000 0.00186677
0.42470000 0.00186821
0.42475000 0.00186965
0.42480000 0.00187109
0.42485000 0.00187253
0.42490000 0.00187397
0.42495000 0.00187541
0.42500000 0.00187685
0.42505000 0.00187830
0.42510000 0.00187974
0.42515000 0.00188118
0.42520000 0.00188263
0.42525000 0.00188407
0.42530000 0.00188552
0.42535000 0.00188697
0.42540000 0.00188841
0.42545000 0.00188986
0.42550000 0.00189131
0.42555000 0.00189276
0.42560000 0.00189421
0.42565000 0.00189566
0.42570000 0.00189711
0.42575000 0.00189856
0.42580000 0.00190001
0.42585000 0.00190146
0.42590000 0.00190292
0.42595000 0.00190437
0.42600000 0.00190583
0.42605000 0.00190728
0.42610000 0.00190874
0.42615000 0.00191019
0.42620000 0.00191165
0.42625000 0.00191311
0.42630000 0.00191457
0.42635000 0.00191603
0.42640000 0.00191749
0.42645000 0.00191895
0.42650000 0.00192041
0.42655000 0.00192187
0.42660000 0.00192333
0.42665000 0.00192479
0.42670000 0.00192626
0.42675000 0.00192772
0.42680000 0.00192919
0.42685000 0.00193065
0.42690000 0.00193212
0.42695000 0.00193359
0.42700000 0.00193505
0.42705000 0.00193652
0.42710000 0.00193799
0.42715000 0.00193946
0.42720000 0.00194093
0.42725000 0.00194240
0.42730000 0.00194387
0.42735000 0.00194534
0.42740000 0.00194681
0.42745000 0.00194829
0.42750000 0.00194976
0.42755000 0.00195124
0.42760000 0.00195271
0.42765000 0.00195419
0.42770000 0.00195566
0.42775000 0.00195714
0.42780000 0.00195862
0.42785000 0.00196010
0.42790000 0.00196157
0.42795000 0.00196305
0.42800000 0.00196453
0.42805000 0.00196602
0.42810000 0.00196750
0.42815000 0.00196898
0.42820000 0.00197046
0.42825000 0.00197194
0.42830000 0.00197343
0.42835000 0.00197491
0.42840000 0.00197640
0.42845000 0.00197788
0.42850000 0.00197937
0.42855000 0.00198086
0.42860000 0.00198235
0.42865000 0.00198384
0.42870000 0.00198532
0.42875000 0.00198681
0.42880000 0.00198830
0.42885000 0.00198980
0.42890000 0.00199129
0.42895000 0.00199278
0.42900000 0.00199427
0.42905000 0.00199577
0.42910000 0.00199726
0.42915000 0.00199876
0.42920000 0.00200025
0.42925000 0.00200175
0.42930000 0.00200324
0.42935000 0.00200474
0.42940000 0.00200624
0.42945000 0.00200774
0.42950000 0.00200924
0.42955000 0.00201074
0.42960000 0.00201224
0.42965000 0.00201374
0.42970000 0.00201524
0.42975000 0.00201675
0.42980000 0.00201825
0.42985000 0.00201975
0.42990000 0.00202126
0.42995000 0.00202276
0.43000000 0.00202427
0.43005000 0.00202578
0.43010000 0.00202728
0.43015000 0.00202879
0.43020000 0.00203030
0.43025000 0.00203181
0.43030000 0.00203332
0.43035000 0.00203483
0.43040000 0.00203634
0.43045000 0.00203785
0.43050000 0.00203936
0.43055000 0.00204088
0.43060000 0.00204239
0.43065000 0.00204391
0.43070000 0.00204542
0.43075000 0.00204694
0.43080000 0.00204845
0.43085000 0.00204997
0.43090000 0.00205149
0.43095000 0.00205301
0.43100000 0.00205452
0.43105000 0.00205604
0.43110000 0.00205756
0.43115000 0.00205909
0.43120000 0.00206061
0.43125000 0.00206213
0.43130000 0.00206365
0.43135000 0.00206518
0.43140000 0.00206670
0.43145000 0.00206822
0.43150000 0.00206975
0.43155000 0.00207128
0.43160000 0.00207280
0.43165000 0.00207433
0.43170000 0.00207586
0.43175000 0.00207739
0.43180000 0.00207892
0.43185000 0.00208045
0.43190000 0.00208198
0.43195000 0.00208351
0.43200000 0.00208504
0.43205000 0.00208657
0.43210000 0.00208811
0.43215000 0.00208964
0.43220000 0.00209117
0.43225000 0.00209271
0.43230000 0.00209425
0.43235000 0.00209578
0.43240000 0.00209732
0.43245000 0.00209886
0.43250000 0.00210040
0.43255000 0.00210193
0.43260000 0.00210347
0.43265000 0.00210501
0.43270000 0.00210656
0.43275000 0.00210810
0.43280000 0.00210964
0.43285000 0.00211118
0.43290000 0.00211273
0.43295000 0.00211427
0.43300000 0.00211582
0.43305000 0.00211736
0.43310000 0.00211891
0.43315000 0.00212046
0.43320000 0.00212200
0.43325000 0.00212355
0.43330000 0.00212510
0.43335000 0.00212665
0.43340000 0.00212820
0.43345000 0.00212975
0.43350000 0.00213130
0.43355000 0.00213286
0.43360000 0.00213441
0.43365000 0.00213596
0.43370000 0.00213752
0.43375000 0.00213907
0.43380000 0.00214063
0.43385000 0.00214218
0.43390000 0.00214374
0.43395000 0.00214530
0.43400000 0.00214686
0.43405000 0.00214841
0.43410000 0.00214997
0.43415000 0.00215153
0.43420000 0.00215309
0.43425000 0.00215466
0.43430000 0.00215622
0.43435000 0.00215778
0.43440000 0.00215934
0.43445000 0.00216091
0.43450000 0.00216247
0.43455000 0.00216404
0.43460000 0.00216560
0.43465000 0.00216717
0.43470000 0.00216874
0.43475000 0.00217031
0.43480000 0.00217188
0.43485000 0.00217344
0.43490000 0.00217501
0.43495000 0.00217659
0.43500000 0.00217816
0.43505000 0.00217973
0.43510000 0.00218130
0.43515000 0.00218287
0.43520000 0.00218445
0.43525000 0.00218602
0.43530000 0.00218760
0.43535000 0.00218917
0.43540000 0.00219075
0.43545000 0.00219233
0.43550000 0.00219391
0.43555000 0.00219549
0.43560000 0.00219706
0.43565000 0.00219864
0.43570000 0.00220022
0.43575000 0.00220181
0.43580000 0.00220339
0.43585000 0.00220497
0.43590000 0.00220655
0.43595000 0.00220814
0.43600000 0.00220972
0.43605000 0.00221131
0.43610000 0.00221289
0.43615000 0.00221448
0.43620000 0.00221607
0.43625000 0.00221766
0.43630000 0.00221924
0.43635000 0.00222083
0.43640000 0.00222242
0.43645000 0.00222401
0.43650000 0.00222560
0.43655000 0.00222720
0.43660000 0.00222879
0.43665000 0.00223038
0.43670000 0.00223198
0.43675000 0.00223357
0.43680000 0.00223517
0.43685000 0.00223676
0.43690000 0.00223836
0.43695000 0.00223995
0.43700000 0.00224155
0.43705000 0.00224315
0.43710000 0.00224475
0.43715000 0.00224635
0.43720000 0.00224795
0.43725000 0.00224955
0.43730000 0.00225115
0.43735000 0.00225276
0.43740000 0.00225436
0.43745000 0.00225596
0.43750000 0.00225757
0.43755000 0.00225917
0.43760000 0.00226078
0.43765000 0.00226238
0.43770000 0.00226399
0.43775000 0.00226560
0.43780000 0.00226721
0.43785000 0.00226882
0.43790000 0.00227043
0.43795000 0.00227204
0.43800000 0.00227365
0.43805000 0.00227526
0.43810000 0.00227687
0.43815000 0.00227849
0.43820000 0.00228010
0.43825000 0.00228171
0.43830000 0.00228333
0.43835000 0.00228494
0.43840000 0.00228656
0.43845000 0.00228818
0.43850000 0.00228980
0.43855000 0.00229141
0.43860000 0.00229303
0.43865000 0.00229465
0.43870000 0.00229627
0.43875000 0.00229790
0.43880000 0.00229952
0.43885000 0.00230114
0.43890000 0.00230276
0.43895000 0.00230439
0.43900000 0.00230601
0.43905000 0.00230764
0.43910000 0.00230926
0.43915000 0.00231089
0.43920000 0.00231251
0.43925000 0.00231414
0.43930000 0.00231577
0.43935000 0.00231740
0.43940000 0.00231903
0.43945000 0.00232066
0.43950000 0.00232229
0.43955000 0.00232392
0.43960000 0.00232556
0.43965000 0.00232719
0.43970000 0.00232882
0.43975000 0.00233046
0.43980000 0.00233209
0.43985000 0.00233373
0.43990000 0.00233536
0.43995000 0.00233700
0.44000000 0.00233864
0.44005000 0.00234028
0.44010000 0.00234192
0.44015000 0.00234356
0.44020000 0.00234520
0.44025000 0.00234684
0.44030000 0.00234848
0.44035000 0.00235012
0.44040000 0.00235177
0.44045000 0.00235341
0.44050000 0.00235505
0.44055000 0.00235670
0.44060000 0.00235835
0.44065000 0.00235999
0.44070000 0.00236164
0.44075000 0.00236329
0.44080000 0.00236494
0.44085000 0.00236658
0.44090000 0.00236823
0.44095000 0.00236988
0.44100000 0.00237154
0.44105000 0.00237319
0.44110000 0.00237484
0.44115000 0.00237649
0.44120000 0.00237815
0.44125000 0.00237980
0.44130000 0.00238146
0.44135000 0.00238311
0.44140000 0.00238477
0.44145000 0.00238643
0.44150000 0.00238808
0.44155000 0.00238974
0.44160000 0.00239140
0.44165000 0.00239306
0.44170000 0.00239472
0.44175000 0.00239638
0.44180000 0.00239805
0.44185000 0.00239971
0.44190000 0.00240137
0.44195000 0.00240304
0.44200000 0.00240470
0.44205000 0.00240637
0.44210000 0.00240803
0.44215000 0.00240970
0.44220000 0.00241137
0.44225000 0.00241303
0.44230000 0.00241470
0.44235000 0.00241637
0.44240000 0.00241804
0.44245000 0.00241971
0.44250000 0.00242138
0.44255000 0.00242306
0.44260000 0.00242473
0.44265000 0.00242640
0.44270000 0.00242808
0.44275000 0.00242975
0.44280000 0.00243143
0.44285000 0.00243310
0.44290000 0.00243478
0.44295000 0.00243646
0.44300000 0.00243813
0.44305000 0.00243981
0.44310000 0.00244149
0.44315000 0.00244317
0.44320000 0.00244485
0.44325000 0.00244653
0.44330000 0.00244822
0.44335000 0.00244990
0.44340000 0.00245158
0.44345000 0.00245327
0.44350000 0.00245495
0.44355000 0.00245664
0.44360000 0.00245832
0.44365000 0.00246001
0.44370000 0.00246170
0.44375000 0.00246339
0.44380000 0.00246507
0.44385000 0.00246676
0.44390000 0.00246845
0.44395000 0.00247015
0.44400000 0.00247184
0.44405000 0.00247353
0.44410000 0.00247522
0.44415000 0.00247692
0.44420000 0.00247861
0.44425000 0.00248030
0.44430000 0.00248200
0.44435000 0.00248370
0.44440000 0.00248539
0.44445000 0.00248709
0.44450000 0.00248879
0.44455000 0.00249049
0.44460000 0.00249219
0.44465000 0.00249389
0.44470000 0.00249559
0.44475000 0.00249729
0.44480000 0.00249899
0.44485000 0.00250070
0.44490000 0.00250240
0.44495000 0.00250410
0.44500000 0.00250581
0.44505000 0.00250751
0.44510000 0.00250922
0.44515000 0.00251093
0.44520000 0.00251264
0.44525000 0.00251434
0.44530000 0.00251605
0.44535000 0.00251776
0.44540000 0.00251947
0.44545000 0.00252118
0.44550000 0.00252290
0.44555000 0.00252461
0.44560000 0.00252632
0.44565000 0.00252804
0.44570000 0.00252975
0.44575000 0.00253146
0.44580000 0.00253318
0.44585000 0.00253490
0.44590000 0.00253661
0.44595000 0.00253833
0.44600000 0.00254005
0.44605000 0.00254177
0.44610000 0.00254349
0.44615000 0.00254521
0.44620000 0.00254693
0.44625000 0.00254865
0.44630000 0.00255038
0.44635000 0.00255210
0.44640000 0.00255382
0.44645000 0.00255555
0.44650000 0.00255727
0.44655000 0.00255900
0.44660000 0.00256073
0.44665000 0.00256245
0.44670000 0.00256418
0.44675000 0.00256591
0.44680000 0.00256764
0.44685000 0.00256937
0.44690000 0.00257110
0.44695000 0.00257283
0.44700000 0.00257456
0.44705000 0.00257630
0.44710000 0.00257803
0.44715000 0.00257976
0.44720000 0.00258150
0.44725000 0.00258323
0.44730000 0.00258497
0.44735000 0.00258671
0.44740000 0.00258844
0.44745000 0.00259018
0.44750000 0.00259192
0.44755000 0.00259366
0.44760000 0.00259540
0.44765000 0.00259714
0.44770000 0.00259888
0.44775000 0.00260062
0.44780000 0.00260237
0.44785000 0.00260411
0.44790000 0.00260586
0.44795000 0.00260760
0.44800000 0.00260935
0.44805000 0.00261109
0.44810000 0.00261284
0.44815000 0.00261459
0.44820000 0.00261634
0.44825000 0.00261808
0.44830000 0.00261983
0.44835000 0.00262158
0.44840000 0.00262333
0.44845000 0.00262509
0.44850000 0.00262684
0.44855000 0.00262859
0.44860000 0.00263035
0.44865000 0.00263210
0.44870000 0.00263386
0.44875000 0.00263561
0.44880000 0.00263737
0.44885000 0.00263912
0.44890000 0.00264088
0.44895000 0.00264264
0.44900000 0.00264440
0.44905000 0.00264616
0.44910000 0.00264792
0.44915000 0.00264968
0.44920000 0.00265144
0.44925000 0.00265321
0.44930000 0.00265497
0.44935000 0.00265673
0.44940000 0.00265850
0.44945000 0.00266026
0.44950000 0.00266203
0.44955000 0.00266379
0.44960000 0.00266556
0.44965000 0.00266733
0.44970000 0.00266910
0.44975000 0.00267087
0.44980000 0.00267264
0.44985000 0.00267441
0.44990000 0.00267618
0.44995000 0.00267795
0.45000000 0.00267972
0.45005000 0.00268150
0.45010000 0.00268327
0.45015000 0.00268505
0.45020000 0.00268682
0.45025000 0.00268860
0.45030000 0.00269038
0.45035000 0.00269215
0.45040000 0.00269393
0.45045000 0.00269571
0.45050000 0.00269749
0.45055000 0.00269927
0.45060000 0.00270105
0.45065000 0.00270283
0.45070000 0.00270461
0.45075000 0.00270640
0.45080000 0.00270818
0.45085000 0.00270996
0.45090000 0.00271175
0.45095000 0.00271353
0.45100000 0.00271532
0.45105000 0.00271711
0.45110000 0.00271890
0.45115000 0.00272068
0.45120000 0.00272247
0.45125000 0.00272426
0.45130000 0.00272605
0.45135000 0.00272784
0.45140000 0.00272964
0.45145000 0.00273143
0.45150000 0.00273322
0.45155000 0.00273501
0.45160000 0.00273681
0.45165000 0.00273860
0.45170000 0.00274040
0.45175000 0.00274220
0.45180000 0.00274399
0.45185000 0.00274579
0.45190000 0.00274759
0.45195000 0.00274939
0.45200000 0.00275119
0.45205000 0.00275299
0.45210000 0.00275479
0.45215000 0.00275659
0.45220000 0.00275839
0.45225000 0.00276020
0.45230000 0.00276200
0.45235000 0.00276381
0.45240000 0.00276561
0.45245000 0.00276742
0.45250000 0.00276922
0.45255000 0.00277103
0.45260000 0.00277284
0.45265000 0.00277465
0.45270000 0.00277646
0.45275000 0.00277827
0.45280000 0.00278008
0.45285000 0.00278189
0.45290000 0.00278370
0.45295000 0.00278551
0.45300000 0.00278733
0.45305000 0.00278914
0.45310000 0.00279096
0.45315000 0.00279277
0.45320000 0.00279459
0.45325000 0.00279640
0.45330000 0.00279822
0.45335000 0.00280004
0.45340000 0.00280186
0.45345000 0.00280368
0.45350000 0.00280550
0.45355000 0.00280732
0.45360000 0.00280914
0.45365000 0.00281096
0.45370000 0.00281279
0.45375000 0.00281461
0.45380000 0.00281643
0.45385000 0.00281826
0.45390000 0.00282008
0.45395000 0.00282191
0.45400000 0.00282374
0.45405000 0.00282556
0.45410000 0.00282739
0.45415000 0.00282922
0.45420000 0.00283105
0.45425000 0.00283288
0.45430000 0.00283471
0.45435000 0.00283654
0.45440000 0.00283838
0.45445000 0.00284021
0.45450000 0.00284204
0.45455000 0.00284388
0.45460000 0.00284571
0.45465000 0.00284755
0.45470000 0.00284939
0.45475000 0.00285122
0.45480000 0.00285306
0.45485000 0.00285490
0.45490000 0.00285674
0.45495000 0.00285858
0.45500000 0.00286042
0.45505000 0.00286226
0.45510000 0.00286410
0.45515000 0.00286594
0.45520000 0.00286779
0.45525000 0.00286963
0.45530000 0.00287148
0.45535000 0.00287332
0.45540000 0.00287517
0.45545000 0.00287701
0.45550000 0.00287886
0.45555000 0.00288071
0.45560000 0.00288256
0.45565000 0.00288441
0.45570000 0.00288626
0.45575000 0.00288811
0.45580000 0.00288996
0.45585000 0.00289181
0.45590000 0.00289366
0.45595000 0.00289552
0.45600000 0.00289737
0.45605000 0.00289923
0.45610000 0.00290108
0.45615000 0.00290294
0.45620000 0.00290479
0.45625000 0.00290665
0.45630000 0.00290851
0.45635000 0.00291037
0.45640000 0.00291223
0.45645000 0.00291409
0.45650000 0.00291595
0.45655000 0.00291781
0.45660000 0.00291967
0.45665000 0.00292154
0.45670000 0.00292340
0.45675000 0.00292526
0.45680000 0.00292713
0.45685000 0.00292899
0.45690000 0.00293086
0.45695000 0.00293273
0.45700000 0.00293460
0.45705000 0.00293646
0.45710000 0.00293833
0.45715000 0.00294020
0.45720000 0.00294207
0.45725000 0.00294394
0.45730000 0.00294582
0.45735000 0.00294769
0.45740000 0.00294956
0.45745000 0.00295143
0.45750000 0.00295331
0.45755000 0.00295518
0.45760000 0.00295706
0.45765000 0.00295894
0.45770000 0.00296081
0.45775000 0.00296269
0.45780000 0.00296457
0.45785000 0.00296645
0.45790000 0.00296833
0.45795000 0.00297021
0.45800000 0.00297209
0.45805000 0.00297397
0.45810000 0.00297585
0.45815000 0.00297774
0.45820000 0.00297962
0.45825000 0.00298151
0.45830000 0.00298339
0.45835000 0.00298528
0.45840000 0.00298716
0.45845000 0.00298905
0.45850000 0.00299094
0.45855000 0.00299283
0.45860000 0.00299472
0.45865000 0.00299661
0.45870000 0.00299850
0.45875000 0.00300039
0.45880000 0.00300228
0.45885000 0.00300417
0.45890000 0.00300607
0.45895000 0.00300796
0.45900000 0.00300986
0.45905000 0.00301175
0.45910000 0.00301365
0.45915000 0.00301554
0.45920000 0.00301744
0.45925000 0.00301934
0.45930000 0.00302124
0.45935000 0.00302314
0.45940000 0.00302504
0.45945000 0.00302694
0.45950000 0.00302884
0.45955000 0.00303074
0.45960000 0.00303264
0.45965000 0.00303455
0.45970000 0.00303645
0.45975000 0.00303836
0.45980000 0.00304026
0.45985000 0.00304217
0.45990000 0.00304408
0.45995000 0.00304598
0.46000000 0.00304789
0.46005000 0.00304980
0.46010000 0.00305171
0.46015000 0.00305362
0.46020000 0.00305553
0.46025000 0.00305744
0.46030000 0.00305935
0.46035000 0.00306127
0.46040000 0.00306318
0.46045000 0.00306510
0.46050000 0.00306701
0.46055000 0.00306893
0.46060000 0.00307084
0.46065000 0.00307276
0.46070000 0.00307468
0.46075000 0.00307660
0.46080000 0.00307851
0.46085000 0.00308043
0.46090000 0.00308235
0.46095000 0.00308428
0.46100000 0.00308620
0.46105000 0.00308812
0.46110000 0.00309004
0.46115000 0.00309197
0.46120000 0.00309389
0.46125000 0.00309582
0.46130000 0.00309774
0.46135000 0.00309967
0.46140000 0.00310160
0.46145000 0.00310352
0.46150000 0.00310545
0.46155000 0.00310738
0.46160000 0.00310931
0.46165000 0.00311124
0.46170000 0.00311317
0.46175000 0.00311510
0.46180000 0.00311704
0.46185000 0.00311897
0.46190000 0.00312090
0.46195000 0.00312284
0.46200000 0.00312477
0.46205000 0.00312671
0.46210000 0.00312865
0.46215000 0.00313058
0.46220000 0.00313252
0.46225000 0.00313446
0.46230000 0.00313640
0.46235000 0.00313834
0.46240000 0.00314028
0.46245000 0.00314222
0.46250000 0.00314416
0.46255000 0.00314610
0.46260000 0.00314805
0.46265000 0.00314999
0.46270000 0.00315194
0.46275000 0.00315388
0.46280000 0.00315583
0.46285000 0.00315777
0.46290000 0.00315972
0.46295000 0.00316167
0.46300000 0.00316362
0.46305000 0.00316557
0.46310000 0.00316752
0.46315000 0.00316947
0.46320000 0.00317142
0.46325000 0.00317337
0.46330000 0.00317532
0.46335000 0.00317728
0.46340000 0.00317923
0.46345000 0.00318119
0.46350000 0.00318314
0.46355000 0.00318510
0.46360000 0.00318705
0.46365000 0.00318901
0.46370000 0.00319097
0.46375000 0.00319293
0.46380000 0.00319489
0.46385000 0.00319685
0.46390000 0.00319881
0.46395000 0.00320077
0.46400000 0.00320273
0.46405000 0.00320470
0.46410000 0.00320666
0.46415000 0.00320862
0.46420000 0.00321059
0.46425000 0.00321255
0.46430000 0.00321452
0.46435000 0.00321649
0.46440000 0.00321845
0.46445000 0.00322042
0.46450000 0.00322239
0.46455000 0.00322436
0.46460000 0.00322633
0.46465000 0.00322830
0.46470000 0.00323027
0.46475000 0.00323224
0.46480000 0.00323422
0.46485000 0.00323619
0.46490000 0.00323816
0.46495000 0.00324014
0.46500000 0.00324211
0.46505000 0.00324409
0.46510000 0.00324607
0.46515000 0.00324805
0.46520000 0.00325002
0.46525000 0.00325200
0.46530000 0.00325398
0.46535000 0.00325596
0.46540000 0.00325794
0.46545000 0.00325992
0.46550000 0.00326191
0.46555000 0.00326389
0.46560000 0.00326587
0.46565000 0.00326786
0.46570000 0.00326984
0.46575000 0.00327183
0.46580000 0.00327381
0.46585000 0.00327580
0.46590000 0.00327779
0.46595000 0.00327978
0.46600000 0.00328176
0.46605000 0.00328375
0.46610000 0.00328574
0.46615000 0.00328774
0.46620000 0.00328973
0.46625000 0.00329172
0.46630000 0.00329371
0.46635000 0.00329571
0.46640000 0.00329770
0.46645000 0.00329969
0.46650000 0.00330169
0.46655000 0.00330369
0.46660000 0.00330568
0.46665000 0.00330768
0.46670000 0.00330968
0.46675000 0.00331168
0.46680000 0.00331368
0.46685000 0.00331568
0.46690000 0.00331768
0.46695000 0.00331968
0.46700000 0.00332168
0.46705000 0.00332368
0.46710000 0.00332569
0.46715000 0.00332769
0.46720000 0.00332970
0.46725000 0.00333170
0.46730000 0.00333371
0.46735000 0.00333572
0.46740000 0.00333772
0.46745000 0.00333973
0.46750000 0.00334174
0.46755000 0.00334375
0.46760000 0.00334576
0.46765000 0.00334777
0.46770000 0.00334978
0.46775000 0.00335179
0.46780000 0.00335381
0.46785000 0.00335582
0.46790000 0.00335784
0.46795000 0.00335985
0.46800000 0.00336187
0.46805000 0.00336388
0.46810000 0.00336590
0.46815000 0.00336792
0.46820000 0.00336993
0.46825000 0.00337195
0.46830000 0.00337397
0.46835000 0.00337599
0.46840000 0.00337801
0.46845000 0.00338004
0.46850000 0.00338206
0.46855000 0.00338408
0.46860000 0.00338610
0.46865000 0.00338813
0.46870000 0.00339015
0.46875000 0.00339218
0.46880000 0.00339420
0.46885000 0.00339623
0.46890000 0.00339826
0.46895000 0.00340029
0.46900000 0.00340232
0.46905000 0.00340434
0.46910000 0.00340637
0.46915000 0.00340841
0.46920000 0.00341044
0.46925000 0.00341247
0.46930000 0.00341450
0.46935000 0.00341654
0.46940000 0.00341857
0.46945000 0.00342060
0.46950000 0.00342264
0.46955000 0.00342468
0.46960000 0.00342671
0.46965000 0.00342875
0.46970000 0.00343079
0.46975000 0.00343283
0.46980000 0.00343487
0.46985000 0.00343691
0.46990000 0.00343895
0.46995000 0.00344099
0.47000000 0.00344303
0.47005000 0.00344507
0.47010000 0.00344712
0.47015000 0.00344916
0.47020000 0.00345120
0.47025000 0.00345325
0.47030000 0.00345530
0.47035000 0.00345734
0.47040000 0.00345939
0.47045000 0.00346144
0.47050000 0.00346349
0.47055000 0.00346554
0.47060000 0.00346759
0.47065000 0.00346964
0.47070000 0.00347169
0.47075000 0.00347374
0.47080000 0.00347579
0.47085000 0.00347785
0.47090000 0.00347990
0.47095000 0.00348195
0.47100000 0.00348401
0.47105000 0.00348606
0.47110000 0.00348812
0.47115000 0.00349018
0.47120000 0.00349224
0.47125000 0.00349429
0.47130000 0.00349635
0.47135000 0.00349841
0.47140000 0.00350047
0.47145000 0.00350254
0.47150000 0.00350460
0.47155000 0.00350666
0.47160000 0.00350872
0.47165000 0.00351079
0.47170000 0.00351285
0.47175000 0.00351492
0.47180000 0.00351698
0.47185000 0.00351905
0.47190000 0.00352112
0.47195000 0.00352318
0.47200000 0.00352525
0.47205000 0.00352732
0.47210000 0.00352939
0.47215000 0.00353146
0.47220000 0.00353353
0.47225000 0.00353560
0.47230000 0.00353768
0.47235000 0.00353975
0.47240000 0.00354182
0.47245000 0.00354390
0.47250000 0.00354597
0.47255000 0.00354805
0.47260000 0.00355012
0.47265000 0.00355220
0.47270000 0.00355428
0.47275000 0.00355636
0.47280000 0.00355843
0.47285000 0.00356051
0.47290000 0.00356259
0.47295000 0.00356468
0.47300000 0.00356676
0.47305000 0.00356884
0.47310000 0.00357092
0.47315000 0.00357300
0.47320000 0.00357509
0.47325000 0.00357717
0.47330000 0.00357926
0.47335000 0.00358135
0.47340000 0.00358343
0.47345000 0.00358552
0.47350000 0.00358761
0.47355000 0.00358970
0.47360000 0.00359179
0.47365000 0.00359388
0.47370000 0.00359597
0.47375000 0.00359806
0.47380000 0.00360015
0.47385000 0.00360224
0.47390000 0.00360433
0.47395000 0.00360643
0.47400000 0.00360852
0.47405000 0.00361062
0.47410000 0.00361271
0.47415000 0.00361481
0.47420000 0.00361691
0.47425000 0.00361901
0.47430000 0.00362110
0.47435000 0.00362320
0.47440000 0.00362530
0.47445000 0.00362740
0.47450000 0.00362950
0.47455000 0.00363161
0.47460000 0.00363371
0.47465000 0.00363581
0.47470000 0.00363792
0.47475000 0.00364002
0.47480000 0.00364212
0.47485000 0.00364423
0.47490000 0.00364634
0.47495000 0.00364844
0.47500000 0.00365055
0.47505000 0.00365266
0.47510000 0.00365477
0.47515000 0.00365688
0.47520000 0.00365899
0.47525000 0.00366110
0.47530000 0.00366321
0.47535000 0.00366532
0.47540000 0.00366743
0.47545000 0.00366955
0.47550000 0.00367166
0.47555000 0.00367378
0.47560000 0.00367589
0.47565000 0.00367801
0.47570000 0.00368012
0.47575000 0.00368224
0.47580000 0.00368436
0.47585000 0.00368648
0.47590000 0.00368860
0.47595000 0.00369072
0.47600000 0.00369284
0.47605000 0.00369496
0.47610000 0.00369708
0.47615000 0.00369920
0.47620000 0.00370133
0.47625000 0.00370345
0.47630000 0.00370557
0.47635000 0.00370770
0.47640000 0.00370983
0.47645000 0.00371195
0.47650000 0.00371408
0.47655000 0.00371621
0.47660000 0.00371833
0.47665000 0.00372046
0.47670000 0.00372259
0.47675000 0.00372472
0.47680000 0.00372685
0.47685000 0.00372899
0.47690000 0.00373112
0.47695000 0.00373325
0.47700000 0.00373538
0.47705000 0.00373752
0.47710000 0.00373965
0.47715000 0.00374179
0.47720000 0.00374392
0.47725000 0.00374606
0.47730000 0.00374820
0.47735000 0.00375034
0.47740000 0.00375247
0.47745000 0.00375461
0.47750000 0.00375675
0.47755000 0.00375889
0.47760000 0.00376104
0.47765000 0.00376318
0.47770000 0.00376532
0.47775000 0.00376746
0.47780000 0.00376961
0.47785000 0.00377175
0.47790000 0.00377390
0.47795000 0.00377604
0.47800000 0.00377819
0.47805000 0.00378033
0.47810000 0.00378248
0.47815000 0.00378463
0.47820000 0.00378678
0.47825000 0.00378893
0.47830000 0.00379108
0.47835000 0.00379323
0.47840000 0.00379538
0.47845000 0.00379753
0.47850000 0.00379969
0.47855000 0.00380184
0.47860000 0.00380399
0.47865000 0.00380615
0.47870000 0.00380830
0.47875000 0.00381046
0.47880000 0.00381261
0.47885000 0.00381477
0.47890000 0.00381693
0.47895000 0.00381909
0.47900000 0.00382125
0.47905000 0.00382341
0.47910000 0.00382557
0.47915000 0.00382773
0.47920000 0.00382989
0.47925000 0.00383205
0.47930000 0.00383421
0.47935000 0.00383638
0.47940000 0.00383854
0.47945000 0.00384071
0.47950000 0.00384287
0.47955000 0.00384504
0.47960000 0.00384721
0.47965000 0.00384937
0.47970000 0.00385154
0.47975000 0.00385371
0.47980000 0.00385588
0.47985000 0.00385805
0.47990000 0.00386022
0.47995000 0.00386239
0.48000000 0.00386456
0.48005000 0.00386673
0.48010000 0.00386891
0.48015000 0.00387108
0.48020000 0.00387326
0.48025000 0.00387543
0.48030000 0.00387761
0.48035000 0.00387978
0.48040000 0.00388196
0.48045000 0.00388414
0.48050000 0.00388631
0.48055000 0.00388849
0.48060000 0.00389067
0.48065000 0.00389285
0.48070000 0.00389503
0.48075000 0.00389722
0.48080000 0.00389940
0.48085000 0.00390158
0.48090000 0.00390376
0.48095000 0.00390595
0.48100000 0.00390813
0.48105000 0.00391032
0.48110000 0.00391250
0.48115000 0.00391469
0.48120000 0.00391688
0.48125000 0.00391906
0.48130000 0.00392125
0.48135000 0.00392344
0.48140000 0.00392563
0.48145000 0.00392782
0.48150000 0.00393001
0.48155000 0.00393220
0.48160000 0.00393439
0.48165000 0.00393659
0.48170000 0.00393878
0.48175000 0.00394097
0.48180000 0.00394317
0.48185000 0.00394536
0.48190000 0.00394756
0.48195000 0.00394976
0.48200000 0.00395195
0.48205000 0.00395415
0.48210000 0.00395635
0.48215000 0.00395855
0.48220000 0.00396075
0.48225000 0.00396295
0.48230000 0.00396515
0.48235000 0.00396735
0.48240000 0.00396955
0.48245000 0.00397175
0.48250000 0.00397396
0.48255000 0.00397616
0.48260000 0.00397837
0.48265000 0.00398057
0.48270000 0.00398278
0.48275000 0.00398498
0.48280000 0.00398719
0.48285000 0.00398940
0.48290000 0.00399161
0.48295000 0.00399382
0.48300000 0.00399603
0.48305000 0.00399824
0.48310000 0.00400045
0.48315000 0.00400266
0.48320000 0.00400487
0.48325000 0.00400708
0.48330000 0.00400930
0.48335000 0.00401151
0.48340000 0.00401373
0.48345000 0.00401594
0.48350000 0.00401816
0.48355000 0.00402037
0.48360000 0.00402259
0.48365000 0.00402481
0.48370000 0.00402703
0.48375000 0.00402924
0.48380000 0.00403146
0.48385000 0.00403368
0.48390000 0.00403591
0.48395000 0.00403813
0.48400000 0.00404035
0.48405000 0.00404257
0.48410000 0.00404479
0.48415000 0.00404702
0.48420000 0.00404924
0.48425000 0.00405147
0.48430000 0.00405369
0.48435000 0.00405592
0.48440000 0.00405815
0.48445000 0.00406038
0.48450000 0.00406260
0.48455000 0.00406483
0.48460000 0.00406706
0.48465000 0.00406929
0.48470000 0.00407152
0.48475000 0.00407375
0.48480000 0.00407599
0.48485000 0.00407822
0.48490000 0.00408045
0.48495000 0.00408269
0.48500000 0.00408492
0.48505000 0.00408716
0.48510000 0.00408939
0.48515000 0.00409163
0.48520000 0.00409386
0.48525000 0.00409610
0.48530000 0.00409834
0.48535000 0.00410058
0.48540000 0.00410282
0.48545000 0.00410506
0.48550000 0.00410730
0.48555000 0.00410954
0.48560000 0.00411178
0.48565000 0.00411402
0.48570000 0.00411627
0.48575000 0.00411851
0.48580000 0.00412076
0.48585000 0.00412300
0.48590000 0.00412525
0.48595000 0.00412749
0.48600000 0.00412974
0.48605000 0.00413199
0.48610000 0.00413423
0.48615000 0.00413648
0.48620000 0.00413873
0.48625000 0.00414098
0.48630000 0.00414323
0.48635000 0.00414548
0.48640000 0.00414774
0.48645000 0.00414999
0.48650000 0.00415224
0.48655000 0.00415449
0.48660000 0.00415675
0.48665000 0.00415900
0.48670000 0.00416126
0.48675000 0.00416351
0.48680000 0.00416577
0.48685000 0.00416803
0.48690000 0.00417029
0.48695000 0.00417254
0.48700000 0.00417480
0.48705000 0.00417706
0.48710000 0.00417932
0.48715000 0.00418158
0.48720000 0.00418385
0.48725000 0.00418611
0.48730000 0.00418837
0.48735000 0.00419063
0.48740000 0.00419290
0.48745000 0.00419516
0.48750000 0.00419743
0.48755000 0.00419969
0.48760000 0.00420196
0.48765000 0.00420423
0.48770000 0.00420649
0.48775000 0.00420876
0.48780000 0.00421103
0.48785000 0.00421330
0.48790000 0.00421557
0.48795000 0.00421784
0.48800000 0.00422011
0.48805000 0.00422238
0.48810000 0.00422466
0.48815000 0.00422693
0.48820000 0.00422920
0.48825000 0.00423148
0.48830000 0.00423375
0.48835000 0.00423603
0.48840000 0.00423830
0.48845000 0.00424058
0.48850000 0.00424286
0.48855000 0.00424513
0.48860000 0.00424741
0.48865000 0.00424969
0.48870000 0.00425197
0.48875000 0.00425425
0.48880000 0.00425653
0.48885000 0.00425881
0.48890000 0.00426110
0.48895000 0.00426338
0.48900000 0.00426566
0.48905000 0.00426795
0.48910000 0.00427023
0.48915000 0.00427252
0.48920000 0.00427480
0.48925000 0.00427709
0.48930000 0.00427938
0.48935000 0.00428166
0.48940000 0.00428395
0.48945000 0.00428624
0.48950000 0.00428853
0.48955000 0.00429082
0.48960000 0.00429311
0.48965000 0.00429540
0.48970000 0.00429769
0.48975000 0.00429998
0.48980000 0.00430228
0.48985000 0.00430457
0.48990000 0.00430686
0.48995000 0.00430916
0.49000000 0.00431145
0.49005000 0.00431375
0.49010000 0.00431605
0.49015000 0.00431834
0.49020000 0.00432064
0.49025000 0.00432294
0.49030000 0.00432524
0.49035000 0.00432754
0.49040000 0.00432984
0.49045000 0.00433214
0.49050000 0.00433444
0.49055000 0.00433674
0.49060000 0.00433904
0.49065000 0.00434135
0.49070000 0.00434365
0.49075000 0.00434596
0.49080000 0.00434826
0.49085000 0.00435057
0.49090000 0.00435287
0.49095000 0.00435518
0.49100000 0.00435749
0.49105000 0.00435979
0.49110000 0.00436210
0.49115000 0.00436441
0.49120000 0.00436672
0.49125000 0.00436903
0.49130000 0.00437134
0.49135000 0.00437365
0.49140000 0.00437596
0.49145000 0.00437828
0.49150000 0.00438059
0.49155000 0.00438290
0.49160000 0.00438522
0.49165000 0.00438753
0.49170000 0.00438985
0.49175000 0.00439216
0.49180000 0.00439448
0.49185000 0.00439680
0.49190000 0.00439912
0.49195000 0.00440144
0.49200000 0.00440375
0.49205000 0.00440607
0.49210000 0.00440839
0.49215000 0.00441071
0.49220000 0.00441304
0.49225000 0.00441536
0.49230000 0.00441768
0.49235000 0.00442000
0.49240000 0.00442233
0.49245000 0.00442465
0.49250000 0.00442698
0.49255000 0.00442930
0.49260000 0.00443163
0.49265000 0.00443396
0.49270000 0.00443628
0.49275000 0.00443861
0.49280000 0.00444094
0.49285000 0.00444327
0.49290000 0.00444560
0.49295000 0.00444793
0.49300000 0.00445026
0.49305000 0.00445259
0.49310000 0.00445492
0.49315000 0.00445725
0.49320000 0.00445959
0.49325000 0.00446192
0.49330000 0.00446426
0.49335000 0.00446659
0.49340000 0.00446893
0.49345000 0.00447126
0.49350000 0.00447360
0.49355000 0.00447594
0.49360000 0.00447827
0.49365000 0.00448061
0.49370000 0.00448295
0.49375000 0.00448529
0.49380000 0.00448763
0.49385000 0.00448997
0.49390000 0.00449231
0.49395000 0.00449465
0.49400000 0.00449700
0.49405000 0.00449934
0.49410000 0.00450168
0.49415000 0.00450403
0.49420000 0.00450637
0.49425000 0.00450872
0.49430000 0.00451106
0.49435000 0.00451341
0.49440000 0.00451576
0.49445000 0.00451810
0.49450000 0.00452045
0.49455000 0.00452280
0.49460000 0.00452515
0.49465000 0.00452750
0.49470000 0.00452985
0.49475000 0.00453220
0.49480000 0.00453455
0.49485000 0.00453691
0.49490000 0.00453926
0.49495000 0.00454161
0.49500000 0.00454397
0.49505000 0.00454632
0.49510000 0.00454868
0.49515000 0.00455103
0.49520000 0.00455339
0.49525000 0.00455575
0.49530000 0.00455810
0.49535000 0.00456046
0.49540000 0.00456282
0.49545000 0.00456518
0.49550000 0.00456754
0.49555000 0.00456990
0.49560000 0.00457226
0.49565000 0.00457462
0.49570000 0.00457698
0.49575000 0.00457935
0.49580000 0.00458171
0.49585000 0.00458407
0.49590000 0.00458644
0.49595000 0.00458880
0.49600000 0.00459117
0.49605000 0.00459353
0.49610000 0.00459590
0.49615000 0.00459827
0.49620000 0.00460063
0.49625000 0.00460300
0.49630000 0.00460537
0.49635000 0.00460774
0.49640000 0.00461011
0.49645000 0.00461248
0.49650000 0.00461485
0.49655000 0.00461723
0.49660000 0.00461960
0.49665000 0.00462197
0.49670000 0.00462434
0.49675000 0.00462672
0.49680000 0.00462909
0.49685000 0.00463147
0.49690000 0.00463384
0.49695000 0.00463622
0.49700000 0.00463860
0.49705000 0.00464097
0.49710000 0.00464335
0.49715000 0.00464573
0.49720000 0.00464811
0.49725000 0.00465049
0.49730000 0.00465287
0.49735000 0.00465525
0.49740000 0.00465763
0.49745000 0.00466001
0.49750000 0.00466240
0.49755000 0.00466478
0.49760000 0.00466716
0.49765000 0.00466955
0.49770000 0.00467193
0.49775000 0.00467432
0.49780000 0.00467670
0.49785000 0.00467909
0.49790000 0.00468148
0.49795000 0.00468386
0.49800000 0.00468625
0.49805000 0.00468864
0.49810000 0.00469103
0.49815000 0.00469342
0.49820000 0.00469581
0.49825000 0.00469820
0.49830000 0.00470059
0.49835000 0.00470298
0.49840000 0.00470538
0.49845000 0.00470777
0.49850000 0.00471016
0.49855000 0.00471256
0.49860000 0.00471495
0.49865000 0.00471735
0.49870000 0.00471974
0.49875000 0.00472214
0.49880000 0.00472454
0.49885000 0.00472693
0.49890000 0.00472933
0.49895000 0.00473173
0.49900000 0.00473413
0.49905000 0.00473653
0.49910000 0.00473893
0.49915000 0.00474133
0.49920000 0.00474373
0.49925000 0.00474614
0.49930000 0.00474854
0.49935000 0.00475094
0.49940000 0.00475334
0.49945000 0.00475575
0.49950000 0.00475815
0.49955000 0.00476056
0.49960000 0.00476297
0.49965000 0.00476537
0.49970000 0.00476778
0.49975000 0.00477019
0.49980000 0.00477259
0.49985000 0.00477500
0.49990000 0.00477741
0.49995000 0.00477982
0.50000000 0.00478223
0.50005000 0.00478464
0.50010000 0.00478705
0.50015000 0.00478947
0.50020000 0.00479188
0.50025000 0.00479429
0.50030000 0.00479671
0.50035000 0.00479912
0.50040000 0.00480154
0.50045000 0.00480395
0.50050000 0.00480637
0.50055000 0.00480878
0.50060000 0.00481120
0.50065000 0.00481362
0.50070000 0.00481604
0.50075000 0.00481845
0.50080000 0.00482087
0.50085000 0.00482329
0.50090000 0.00482571
0.50095000 0.00482813
0.50100000 0.00483055
0.50105000 0.00483298
0.50110000 0.00483540
0.50115000 0.00483782
0.50120000 0.00484025
0.50125000 0.00484267
0.50130000 0.00484509
0.50135000 0.00484752
0.50140000 0.00484994
0.50145000 0.00485237
0.50150000 0.00485480
0.50155000 0.00485722
0.50160000 0.00485965
0.50165000 0.00486208
0.50170000 0.00486451
0.50175000 0.00486694
0.50180000 0.00486937
0.50185000 0.00487180
0.50190000 0.00487423
0.50195000 0.00487666
0.50200000 0.00487909
0.50205000 0.00488153
0.50210000 0.00488396
0.50215000 0.00488639
0.50220000 0.00488883
0.50225000 0.00489126
0.50230000 0.00489370
0.50235000 0.00489613
0.50240000 0.00489857
0.50245000 0.00490101
0.50250000 0.00490345
0.50255000 0.00490588
0.50260000 0.00490832
0.50265000 0.00491076
0.50270000 0.00491320
0.50275000 0.00491564
0.50280000 0.00491808
0.50285000 0.00492052
0.50290000 0.00492297
0.50295000 0.00492541
0.50300000 0.00492785
0.50305000 0.00493029
0.50310000 0.00493274
0.50315000 0.00493518
0.50320000 0.00493763
0.50325000 0.00494007
0.50330000 0.00494252
0.50335000 0.00494497
0.50340000 0.00494741
0.50345000 0.00494986
0.50350000 0.00495231
0.50355000 0.00495476
0.50360000 0.00495721
0.50365000 0.00495966
0.50370000 0.00496211
0.50375000 0.00496456
0.50380000 0.00496701
0.50385000 0.00496946
0.50390000 0.00497191
0.50395000 0.00497437
0.50400000 0.00497682
0.50405000 0.00497927
0.50410000 0.00498173
0.50415000 0.00498418
0.50420000 0.00498664
0.50425000 0.00498910
0.50430000 0.00499155
0.50435000 0.00499401
0.50440000 0.00499647
0.50445000 0.00499893
0.50450000 0.00500138
0.50455000 0.00500384
0.50460000 0.00500630
0.50465000 0.00500876
0.50470000 0.00501123
0.50475000 0.00501369
0.50480000 0.00501615
0.50485000 0.00501861
0.50490000 0.00502107
0.50495000 0.00502354
0.50500000 0.00502600
0.50505000 0.00502847
0.50510000 0.00503093
0.50515000 0.00503340
0.50520000 0.00503586
0.50525000 0.00503833
0.50530000 0.00504080
0.50535000 0.00504326
0.50540000 0.00504573
0.50545000 0.00504820
0.50550000 0.00505067
0.50555000 0.00505314
0.50560000 0.00505561
0.50565000 0.00505808
0.50570000 0.00506055
0.50575000 0.00506302
0.50580000 0.00506550
0.50585000 0.00506797
0.50590000 0.00507044
0.50595000 0.00507292
0.50600000 0.00507539
0.50605000 0.00507787
0.50610000 0.00508034
0.50615000 0.00508282
0.50620000 0.00508529
0.50625000 0.00508777
0.50630000 0.00509025
0.50635000 0.00509273
0.50640000 0.00509521
0.50645000 0.00509769
0.50650000 0.00510016
0.50655000 0.00510264
0.50660000 0.00510513
0.50665000 0.00510761
0.50670000 0.00511009
0.50675000 0.00511257
0.50680000 0.00511505
0.50685000 0.00511754
0.50690000 0.00512002
0.50695000 0.00512250
0.50700000 0.00512499
0.50705000 0.00512747
0.50710000 0.00512996
0.50715000 0.00513245
0.50720000 0.00513493
0.50725000 0.00513742
0.50730000 0.00513991
0.50735000 0.00514240
0.50740000 0.00514489
0.50745000 0.00514737
0.50750000 0.00514986
0.50755000 0.00515235
0.50760000 0.00515485
0.50765000 0.00515734
0.50770000 0.00515983
0.50775000 0.00516232
0.50780000 0.00516481
0.50785000 0.00516731
0.50790000 0.00516980
0.50795000 0.00517230
0.50800000 0.00517479
0.50805000 0.00517729
0.50810000 0.00517978
0.50815000 0.00518228
0.50820000 0.00518478
0.50825000 0.00518727
0.50830000 0.00518977
0.50835000 0.00519227
0.50840000 0.00519477
0.50845000 0.00519727
0.50850000 0.00519977
0.50855000 0.00520227
0.50860000 0.00520477
0.50865000 0.00520727
0.50870000 0.00520977
0.50875000 0.00521227
0.50880000 0.00521478
0.50885000 0.00521728
0.50890000 0.00521979
0.50895000 0.00522229
0.50900000 0.00522479
0.50905000 0.00522730
0.50910000 0.00522981
0.50915000 0.00523231
0.50920000 0.00523482
0.50925000 0.00523733
0.50930000 0.00523983
0.50935000 0.00524234
0.50940000 0.00524485
0.50945000 0.00524736
0.50950000 0.00524987
0.50955000 0.00525238
0.50960000 0.00525489
0.50965000 0.00525740
0.50970000 0.00525992
0.50975000 0.00526243
0.50980000 0.00526494
0.50985000 0.00526745
0.50990000 0.00526997
0.50995000 0.00527248
0.51000000 0.00527500
0.51005000 0.00527751
0.51010000 0.00528003
0.51015000 0.00528255
0.51020000 0.00528506
0.51025000 0.00528758
0.51030000 0.00529010
0.51035000 0.00529262
0.51040000 0.00529513
0.51045000 0.00529765
0.51050000 0.00530017
0.51055000 0.00530269
0.51060000 0.00530521
0.51065000 0.00530774
0.51070000 0.00531026
0.51075000 0.00531278
0.51080000 0.00531530
0.51085000 0.00531783
0.51090000 0.00532035
0.51095000 0.00532287
0.51100000 0.00532540
0.51105000 0.00532792
0.51110000 0.00533045
0.51115000 0.00533298
0.51120000 0.00533550
0.51125000 0.00533803
0.51130000 0.00534056
0.51135000 0.00534308
0.51140000 0.00534561
0.51145000 0.00534814
0.51150000 0.00535067
0.51155000 0.00535320
0.51160000 0.00535573
0.51165000 0.00535826
0.51170000 0.00536079
0.51175000 0.00536333
0.51180000 0.00536586
0.51185000 0.00536839
0.51190000 0.00537093
0.51195000 0.00537346
0.51200000 0.00537599
0.51205000 0.00537853
0.51210000 0.00538106
0.51215000 0.00538360
0.51220000 0.00538614
0.51225000 0.00538867
0.51230000 0.00539121
0.51235000 0.00539375
0.51240000 0.00539629
0.51245000 0.00539882
0.51250000 0.00540136
0.51255000 0.00540390
0.51260000 0.00540644
0.51265000 0.00540898
0.51270000 0.00541152
0.51275000 0.00541407
0.51280000 0.00541661
0.51285000 0.00541915
0.51290000 0.00542169
0.51295000 0.00542424
0.51300000 0.00542678
0.51305000 0.00542933
0.51310000 0.00543187
0.51315000 0.00543442
0.51320000 0.00543696
0.51325000 0.00543951
0.51330000 0.00544205
0.51335000 0.00544460
0.51340000 0.00544715
0.51345000 0.00544970
0.51350000 0.00545225
0.51355000 0.00545479
0.51360000 0.00545734
0.51365000 0.00545989
0.51370000 0.00546245
0.51375000 0.00546500
0.51380000 0.00546755
0.51385000 0.00547010
0.51390000 0.00547265
0.51395000 0.00547520
0.51400000 0.00547776
0.51405000 0.00548031
0.51410000 0.00548287
0.51415000 0.00548542
0.51420000 0.00548798
0.51425000 0.00549053
0.51430000 0.00549309
0.51435000 0.00549564
0.51440000 0.00549820
0.51445000 0.00550076
0.51450000 0.00550332
0.51455000 0.00550587
0.51460000 0.00550843
0.51465000 0.00551099
0.51470000 0.00551355
0.51475000 0.00551611
0.51480000 0.00551867
0.51485000 0.00552124
0.51490000 0.00552380
0.51495000 0.00552636
0.51500000 0.00552892
0.51505000 0.00553148
0.51510000 0.00553405
0.51515000 0.00553661
0.51520000 0.00553918
0.51525000 0.00554174
0.51530000 0.00554431
0.51535000 0.00554687
0.51540000 0.00554944
0.51545000 0.00555201
0.51550000 0.00555457
0.51555000 0.00555714
0.51560000 0.00555971
0.51565000 0.00556228
0.51570000 0.00556485
0.51575000 0.00556742
0.51580000 0.00556999
0.51585000 0.00557256
0.51590000 0.00557513
0.51595000 0.00557770
0.51600000 0.00558027
0.51605000 0.00558284
0.51610000 0.00558541
0.51615000 0.00558799
0.51620000 0.00559056
0.51625000 0.00559313
0.51630000 0.00559571
0.51635000 0.00559828
0.51640000 0.00560086
0.51645000 0.00560344
0.51650000 0.00560601
0.51655000 0.00560859
0.51660000 0.00561117
0.51665000 0.00561374
0.51670000 0.00561632
0.51675000 0.00561890
0.51680000 0.00562148
0.51685000 0.00562406
0.51690000 0.00562664
0.51695000 0.00562922
0.51700000 0.00563180
0.51705000 0.00563438
0.51710000 0.00563696
0.51715000 0.00563954
0.51720000 0.00564213
0.51725000 0.00564471
0.51730000 0.00564729
0.51735000 0.00564988
0.51740000 0.00565246
0.51745000 0.00565505
0.51750000 0.00565763
0.51755000 0.00566022
0.51760000 0.00566280
0.51765000 0.00566539
0.51770000 0.00566798
0.51775000 0.00567056
0.51780000 0.00567315
0.51785000 0.00567574
0.51790000 0.00567833
0.51795000 0.00568092
0.51800000 0.00568351
0.51805000 0.00568610
0.51810000 0.00568869
0.51815000 0.00569128
0.51820000 0.00569387
0.51825000 0.00569646
0.51830000 0.00569905
0.51835000 0.00570165
0.51840000 0.00570424
0.51845000 0.00570683
0.51850000 0.00570943
0.51855000 0.00571202
0.51860000 0.00571462
0.51865000 0.00571721
0.51870000 0.00571981
0.51875000 0.00572240
0.51880000 0.00572500
0.51885000 0.00572760
0.51890000 0.00573019
0.51895000 0.00573279
0.51900000 0.00573539
0.51905000 0.00573799
0.51910000 0.00574059
0.51915000 0.00574319
0.51920000 0.00574579
0.51925000 0.00574839
0.51930000 0.00575099
0.51935000 0.00575359
0.51940000 0.00575619
0.51945000 0.00575880
0.51950000 0.00576140
0.51955000 0.00576400
0.51960000 0.00576660
0.51965000 0.00576921
0.51970000 0.00577181
0.51975000 0.00577442
0.51980000 0.00577702
0.51985000 0.00577963
0.51990000 0.00578223
0.51995000 0.00578484
0.52000000 0.00578745
0.52005000 0.00579006
0.52010000 0.00579266
0.52015000 0.00579527
0.52020000 0.00579788
0.52025000 0.00580049
0.52030000 0.00580310
0.52035000 0.00580571
0.52040000 0.00580832
0.52045000 0.00581093
0.52050000 0.00581354
0.52055000 0.00581615
0.52060000 0.00581876
0.52065000 0.00582138
0.52070000 0.00582399
0.52075000 0.00582660
0.52080000 0.00582922
0.52085000 0.00583183
0.52090000 0.00583445
0.52095000 0.00583706
0.52100000 0.00583968
0.52105000 0.00584229
0.52110000 0.00584491
0.52115000 0.00584752
0.52120000 0.00585014
0.52125000 0.00585276
0.52130000 0.00585538
0.52135000 0.00585799
0.52140000 0.00586061
0.52145000 0.00586323
0.52150000 0.00586585
0.52155000 0.00586847
0.52160000 0.00587109
0.52165000 0.00587371
0.52170000 0.00587633
0.52175000 0.00587896
0.52180000 0.00588158
0.52185000 0.00588420
0.52190000 0.00588682
0.52195000 0.00588945
0.52200000 0.00589207
0.52205000 0.00589469
0.52210000 0.00589732
0.52215000 0.00589994
0.52220000 0.00590257
0.52225000 0.00590519
0.52230000 0.00590782
0.52235000 0.00591045
0.52240000 0.00591307
0.52245000 0.00591570
0.52250000 0.00591833
0.52255000 0.00592096
0.52260000 0.00592359
0.52265000 0.00592622
0.52270000 0.00592884
0.52275000 0.00593147
0.52280000 0.00593410
0.52285000 0.00593674
0.52290000 0.00593937
0.52295000 0.00594200
0.52300000 0.00594463
0.52305000 0.00594726
0.52310000 0.00594989
0.52315000 0.00595253
0.52320000 0.00595516
0.52325000 0.00595779
0.52330000 0.00596043
0.52335000 0.00596306
0.52340000 0.00596570
0.52345000 0.00596833
0.52350000 0.00597097
0.52355000 0.00597361
0.52360000 0.00597624
0.52365000 0.00597888
0.52370000 0.00598152
0.52375000 0.00598416
0.52380000 0.00598679
0.52385000 0.00598943
0.52390000 0.00599207
0.52395000 0.00599471
0.52400000 0.00599735
0.52405000 0.00599999
0.52410000 0.00600263
0.52415000 0.00600527
0.52420000 0.00600791
0.52425000 0.00601056
0.52430000 0.00601320
0.52435000 0.00601584
0.52440000 0.00601848
0.52445000 0.00602113
0.52450000 0.00602377
0.52455000 0.00602641
0.52460000 0.00602906
0.52465000 0.00603170
0.52470000 0.00603435
0.52475000 0.00603700
0.52480000 0.00603964
0.52485000 0.00604229
0.52490000 0.00604494
0.52495000 0.00604758
0.52500000 0.00605023
0.52505000 0.00605288
0.52510000 0.00605553
0.52515000 0.00605818
0.52520000 0.00606082
0.52525000 0.00606347
0.52530000 0.00606612
0.52535000 0.00606877
0.52540000 0.00607143
0.52545000 0.00607408
0.52550000 0.00607673
0.52555000 0.00607938
0.52560000 0.00608203
0.52565000 0.00608469
0.52570000 0.00608734
0.52575000 0.00608999
0.52580000 0.00609265
0.52585000 0.00609530
0.52590000 0.00609795
0.52595000 0.00610061
0.52600000 0.00610327
0.52605000 0.00610592
0.52610000 0.00610858
0.52615000 0.00611123
0.52620000 0.00611389
0.52625000 0.00611655
0.52630000 0.00611921
0.52635000 0.00612186
0.52640000 0.00612452
0.52645000 0.00612718
0.52650000 0.00612984
0.52655000 0.00613250
0.52660000 0.00613516
0.52665000 0.00613782
0.52670000 0.00614048
0.52675000 0.00614314
0.52680000 0.00614580
0.52685000 0.00614846
0.52690000 0.00615113
0.52695000 0.00615379
0.52700000 0.00615645
0.52705000 0.00615912
0.52710000 0.00616178
0.52715000 0.00616444
0.52720000 0.00616711
0.52725000 0.00616977
0.52730000 0.00617244
0.52735000 0.00617510
0.52740000 0.00617777
0.52745000 0.00618044
0.52750000 0.00618310
0.52755000 0.00618577
0.52760000 0.00618844
0.52765000 0.00619110
0.52770000 0.00619377
0.52775000 0.00619644
0.52780000 0.00619911
0.52785000 0.00620178
0.52790000 0.00620445
0.52795000 0.00620712
0.52800000 0.00620979
0.52805000 0.00621246
0.52810000 0.00621513
0.52815000 0.00621780
0.52820000 0.00622047
0.52825000 0.00622315
0.52830000 0.00622582
0.52835000 0.00622849
0.52840000 0.00623116
0.52845000 0.00623384
0.52850000 0.00623651
0.52855000 0.00623919
0.52860000 0.00624186
0.52865000 0.00624454
0.52870000 0.00624721
0.52875000 0.00624989
0.52880000 0.00625256
0.52885000 0.00625524
0.52890000 0.00625792
0.52895000 0.00626059
0.52900000 0.00626327
0.52905000 0.00626595
0.52910000 0.00626863
0.52915000 0.00627131
0.52920000 0.00627399
0.52925000 0.00627667
0.52930000 0.00627935
0.52935000 0.00628203
0.52940000 0.00628471
0.52945000 0.00628739
0.52950000 0.00629007
0.52955000 0.00629275
0.52960000 0.00629543
0.52965000 0.00629811
0.52970000 0.00630080
0.52975000 0.00630348
0.52980000 0.00630616
0.52985000 0.00630885
0.52990000 0.00631153
0.52995000 0.00631421
0.53000000 0.00631690
0.53005000 0.00631958
0.53010000 0.00632227
0.53015000 0.00632495
0.53020000 0.00632764
0.53025000 0.00633033
0.53030000 0.00633301
0.53035000 0.00633570
0.53040000 0.00633839
0.53045000 0.00634108
0.53050000 0.00634376
0.53055000 0.00634645
0.53060000 0.00634914
0.53065000 0.00635183
0.53070000 0.00635452
0.53075000 0.00635721
0.53080000 0.00635990
0.53085000 0.00636259
0.53090000 0.00636528
0.53095000 0.00636797
0.53100000 0.00637066
0.53105000 0.00637336
0.53110000 0.00637605
0.53115000 0.00637874
0.53120000 0.00638143
0.53125000 0.00638413
0.53130000 0.00638682
0.53135000 0.00638951
0.53140000 0.00639221
0.53145000 0.00639490
0.53150000 0.00639760
0.53155000 0.00640029
0.53160000 0.00640299
0.53165000 0.00640569
0.53170000 0.00640838
0.53175000 0.00641108
0.53180000 0.00641378
0.53185000 0.00641647
0.53190000 0.00641917
0.53195000 0.00642187
0.53200000 0.00642457
0.53205000 0.00642726
0.53210000 0.00642996
0.53215000 0.00643266
0.53220000 0.00643536
0.53225000 0.00643806
0.53230000 0.00644076
0.53235000 0.00644346
0.53240000 0.00644616
0.53245000 0.00644887
0.53250000 0.00645157
0.53255000 0.00645427
0.53260000 0.00645697
0.53265000 0.00645967
0.53270000 0.00646238
0.53275000 0.00646508
0.53280000 0.00646778
0.53285000 0.00647049
0.53290000 0.00647319
0.53295000 0.00647590
0.53300000 0.00647860
0.53305000 0.00648131
0.53310000 0.00648401
0.53315000 0.00648672
0.53320000 0.00648942
0.53325000 0.00649213
0.53330000 0.00649484
0.53335000 0.00649755
0.53340000 0.00650025
0.53345000 0.00650296
0.53350000 0.00650567
0.53355000 0.00650838
0.53360000 0.00651109
0.53365000 0.00651380
0.53370000 0.00651650
0.53375000 0.00651921
0.53380000 0.00652192
0.53385000 0.00652463
0.53390000 0.00652735
0.53395000 0.00653006
0.53400000 0.00653277
0.53405000 0.00653548
0.53410000 0.00653819
0.53415000 0.00654090
0.53420000 0.00654362
0.53425000 0.00654633
0.53430000 0.00654904
0.53435000 0.00655176
0.53440000 0.00655447
0.53445000 0.00655718
0.53450000 0.00655990
0.53455000 0.00656261
0.53460000 0.00656533
0.53465000 0.00656804
0.53470000 0.00657076
0.53475000 0.00657348
0.53480000 0.00657619
0.53485000 0.00657891
0.53490000 0.00658163
0.53495000 0.00658434
0.53500000 0.00658706
0.53505000 0.00658978
0.53510000 0.00659250
0.53515000 0.00659522
0.53520000 0.00659793
0.53525000 0.00660065
0.53530000 0.00660337
0.53535000 0.00660609
0.53540000 0.00660881
0.53545000 0.00661153
0.53550000 0.00661425
0.53555000 0.00661697
0.53560000 0.00661970
0.53565000 0.00662242
0.53570000 0.00662514
0.53575000 0.00662786
0.53580000 0.00663058
0.53585000 0.00663331
0.53590000 0.00663603
0.53595000 0.00663875
0.53600000 0.00664148
0.53605000 0.00664420
0.53610000 0.00664692
0.53615000 0.00664965
0.53620000 0.00665237
0.53625000 0.00665510
0.53630000 0.00665782
0.53635000 0.00666055
0.53640000 0.00666328
0.53645000 0.00666600
0.53650000 0.00666873
0.53655000 0.00667146
0.53660000 0.00667418
0.53665000 0.00667691
0.53670000 0.00667964
0.53675000 0.00668237
0.53680000 0.00668510
0.53685000 0.00668782
0.53690000 0.00669055
0.53695000 0.00669328
0.53700000 0.00669601
0.53705000 0.00669874
0.53710000 0.00670147
0.53715000 0.00670420
0.53720000 0.00670693
0.53725000 0.00670966
0.53730000 0.00671240
0.53735000 0.00671513
0.53740000 0.00671786
0.53745000 0.00672059
0.53750000 0.00672332
0.53755000 0.00672606
0.53760000 0.00672879
0.53765000 0.00673152
0.53770000 0.00673426
0.53775000 0.00673699
0.53780000 0.00673973
0.53785000 0.00674246
0.53790000 0.00674519
0.53795000 0.00674793
0.53800000 0.00675066
0.53805000 0.00675340
0.53810000 0.00675614
0.53815000 0.00675887
0.53820000 0.00676161
0.53825000 0.00676435
0.53830000 0.00676708
0.53835000 0.00676982
0.53840000 0.00677256
0.53845000 0.00677530
0.53850000 0.00677803
0.53855000 0.00678077
0.53860000 0.00678351
0.53865000 0.00678625
0.53870000 0.00678899
0.53875000 0.00679173
0.53880000 0.00679447
0.53885000 0.00679721
0.53890000 0.00679995
0.53895000 0.00680269
0.53900000 0.00680543
0.53905000 0.00680817
0.53910000 0.00681091
0.53915000 0.00681365
0.53920000 0.00681640
0.53925000 0.00681914
0.53930000 0.00682188
0.53935000 0.00682462
0.53940000 0.00682737
0.53945000 0.00683011
0.53950000 0.00683285
0.53955000 0.00683560
0.53960000 0.00683834
0.53965000 0.00684109
0.53970000 0.00684383
0.53975000 0.00684658
0.53980000 0.00684932
0.53985000 0.00685207
0.53990000 0.00685481
0.53995000 0.00685756
0.54000000 0.00686031
0.54005000 0.00686305
0.54010000 0.00686580
0.54015000 0.00686855
0.54020000 0.00687129
0.54025000 0.00687404
0.54030000 0.00687679
0.54035000 0.00687954
0.54040000 0.00688229
0.54045000 0.00688503
0.54050000 0.00688778
0.54055000 0.00689053
0.54060000 0.00689328
0.54065000 0.00689603
0.54070000 0.00689878
0.54075000 0.00690153
0.54080000 0.00690428
0.54085000 0.00690703
0.54090000 0.00690978
0.54095000 0.00691253
0.54100000 0.00691529
0.54105000 0.00691804
0.54110000 0.00692079
0.54115000 0.00692354
0.54120000 0.00692630
0.54125000 0.00692905
0.54130000 0.00693180
0.54135000 0.00693455
0.54140000 0.00693731
0.54145000 0.00694006
0.54150000 0.00694282
0.54155000 0.00694557
0.54160000 0.00694832
0.54165000 0.00695108
0.54170000 0.00695383
0.54175000 0.00695659
0.54180000 0.00695935
0.54185000 0.00696210
0.54190000 0.00696486
0.54195000 0.00696761
0.54200000 0.00697037
0.54205000 0.00697313
0.54210000 0.00697588
0.54215000 0.00697864
0.54220000 0.00698140
0.54225000 0.00698416
0.54230000 0.00698691
0.54235000 0.00698967
0.54240000 0.00699243
0.54245000 0.00699519
0.54250000 0.00699795
0.54255000 0.00700071
0.54260000 0.00700347
0.54265000 0.00700623
0.54270000 0.00700899
0.54275000 0.00701175
0.54280000 0.00701451
0.54285000 0.00701727
0.54290000 0.00702003
0.54295000 0.00702279
0.54300000 0.00702555
0.54305000 0.00702831
0.54310000 0.00703108
0.54315000 0.00703384
0.54320000 0.00703660
0.54325000 0.00703936
0.54330000 0.00704213
0.54335000 0.00704489
0.54340000 0.00704765
0.54345000 0.00705042
0.54350000 0.00705318
0.54355000 0.00705594
0.54360000 0.00705871
0.54365000 0.00706147
0.54370000 0.00706424
0.54375000 0.00706700
0.54380000 0.00706977
0.54385000 0.00707253
0.54390000 0.00707530
0.54395000 0.00707806
0.54400000 0.00708083
0.54405000 0.00708360
0.54410000 0.00708636
0.54415000 0.00708913
0.54420000 0.00709190
0.54425000 0.00709466
0.54430000 0.00709743
0.54435000 0.00710020
0.54440000 0.00710297
0.54445000 0.00710574
0.54450000 0.00710850
0.54455000 0.00711127
0.54460000 0.00711404
0.54465000 0.00711681
0.54470000 0.00711958
0.54475000 0.00712235
0.54480000 0.00712512
0.54485000 0.00712789
0.54490000 0.00713066
0.54495000 0.00713343
0.54500000 0.00713620
0.54505000 0.00713897
0.54510000 0.00714174
0.54515000 0.00714451
0.54520000 0.00714729
0.54525000 0.00715006
0.54530000 0.00715283
0.54535000 0.00715560
0.54540000 0.00715837
0.54545000 0.00716115
0.54550000 0.00716392
0.54555000 0.00716669
0.54560000 0.00716946
0.54565000 0.00717224
0.54570000 0.00717501
0.54575000 0.00717779
0.54580000 0.00718056
0.54585000 0.00718333
0.54590000 0.00718611
0.54595000 0.00718888
0.54600000 0.00719166
0.54605000 0.00719443
0.54610000 0.00719721
0.54615000 0.00719998
0.54620000 0.00720276
0.54625000 0.00720554
0.54630000 0.00720831
0.54635000 0.00721109
0.54640000 0.00721387
0.54645000 0.00721664
0.54650000 0.00721942
0.54655000 0.00722220
0.54660000 0.00722497
0.54665000 0.00722775
0.54670000 0.00723053
0.54675000 0.00723331
0.54680000 0.00723609
0.54685000 0.00723886
0.54690000 0.00724164
0.54695000 0.00724442
0.54700000 0.00724720
0.54705000 0.00724998
0.54710000 0.00725276
0.54715000 0.00725554
0.54720000 0.00725832
0.54725000 0.00726110
0.54730000 0.00726388
0.54735000 0.00726666
0.54740000 0.00726944
0.54745000 0.00727222
0.54750000 0.00727500
0.54755000 0.00727778
0.54760000 0.00728056
0.54765000 0.00728335
0.54770000 0.00728613
0.54775000 0.00728891
0.54780000 0.00729169
0.54785000 0.00729447
0.54790000 0.00729726
0.54795000 0.00730004
0.54800000 0.00730282
0.54805000 0.00730561
0.54810000 0.00730839
0.54815000 0.00731117
0.54820000 0.00731396
0.54825000 0.00731674
0.54830000 0.00731952
0.54835000 0.00732231
0.54840000 0.00732509
0.54845000 0.00732788
0.54850000 0.00733066
0.54855000 0.00733345
0.54860000 0.00733623
0.54865000 0.00733902
0.54870000 0.00734180
0.54875000 0.00734459
0.54880000 0.00734738
0.54885000 0.00735016
0.54890000 0.00735295
0.54895000 0.00735574
0.54900000 0.00735852
0.54905000 0.00736131
0.54910000 0.00736410
0.54915000 0.00736688
0.54920000 0.00736967
0.54925000 0.00737246
0.54930000 0.00737525
0.54935000 0.00737803
0.54940000 0.00738082
0.54945000 0.00738361
0.54950000 0.00738640
0.54955000 0.00738919
0.54960000 0.00739198
0.54965000 0.00739477
0.54970000 0.00739756
0.54975000 0.00740035
0.54980000 0.00740313
0.54985000 0.00740592
0.54990000 0.00740871
0.54995000 0.00741150
0.55000000 0.00741430
0.55005000 0.00741709
0.55010000 0.00741988
0.55015000 0.00742267
0.55020000 0.00742546
0.55025000 0.00742825
0.55030000 0.00743104
0.55035000 0.00743383
0.55040000 0.00743662
0.55045000 0.00743942
0.55050000 0.00744221
0.55055000 0.00744500
0.55060000 0.00744779
0.55065000 0.00745058
0.55070000 0.00745338
0.55075000 0.00745617
0.55080000 0.00745896
0.55085000 0.00746176
0.55090000 0.00746455
0.55095000 0.00746734
0.55100000 0.00747014
0.55105000 0.00747293
0.55110000 0.00747572
0.55115000 0.00747852
0.55120000 0.00748131
0.55125000 0.00748411
0.55130000 0.00748690
0.55135000 0.00748970
0.55140000 0.00749249
0.55145000 0.00749529
0.55150000 0.00749808
0.55155000 0.00750088
0.55160000 0.00750367
0.55165000 0.00750647
0.55170000 0.00750927
0.55175000 0.00751206
0.55180000 0.00751486
0.55185000 0.00751765
0.55190000 0.00752045
0.55195000 0.00752325
0.55200000 0.00752604
0.55205000 0.00752884
0.55210000 0.00753164
0.55215000 0.00753444
0.55220000 0.00753723
0.55225000 0.00754003
0.55230000 0.00754283
0.55235000 0.00754563
0.55240000 0.00754842
0.55245000 0.00755122
0.55250000 0.00755402
0.55255000 0.00755682
0.55260000 0.00755962
0.55265000 0.00756242
0.55270000 0.00756522
0.55275000 0.00756802
0.55280000 0.00757081
0.55285000 0.00757361
0.55290000 0.00757641
0.55295000 0.00757921
0.55300000 0.00758201
0.55305000 0.00758481
0.55310000 0.00758761
0.55315000 0.00759041
0.55320000 0.00759321
0.55325000 0.00759601
0.55330000 0.00759882
0.55335000 0.00760162
0.55340000 0.00760442
0.55345000 0.00760722
0.55350000 0.00761002
0.55355000 0.00761282
0.55360000 0.00761562
0.55365000 0.00761842
0.55370000 0.00762123
0.55375000 0.00762403
0.55380000 0.00762683
0.55385000 0.00762963
0.55390000 0.00763243
0.55395000 0.00763524
0.55400000 0.00763804
0.55405000 0.00764084
0.55410000 0.00764365
0.55415000 0.00764645
0.55420000 0.00764925
0.55425000 0.00765206
0.55430000 0.00765486
0.55435000 0.00765766
0.55440000 0.00766047
0.55445000 0.00766327
0.55450000 0.00766607
0.55455000 0.00766888
0.55460000 0.00767168
0.55465000 0.00767449
0.55470000 0.00767729
0.55475000 0.00768010
0.55480000 0.00768290
0.55485000 0.00768570
0.55490000 0.00768851
0.55495000 0.00769131
0.55500000 0.00769412
0.55505000 0.00769693
0.55510000 0.00769973
0.55515000 0.00770254
0.55520000 0.00770534
0.55525000 0.00770815
0.55530000 0.00771095
0.55535000 0.00771376
0.55540000 0.00771657
0.55545000 0.00771937
0.55550000 0.00772218
0.55555000 0.00772499
0.55560000 0.00772779
0.55565000 0.00773060
0.55570000 0.00773341
0.55575000 0.00773621
0.55580000 0.00773902
0.55585000 0.00774183
0.55590000 0.00774464
0.55595000 0.00774744
0.55600000 0.00775025
0.55605000 0.00775306
0.55610000 0.00775587
0.55615000 0.00775867
0.55620000 0.00776148
0.55625000 0.00776429
0.55630000 0.00776710
0.55635000 0.00776991
0.55640000 0.00777272
0.55645000 0.00777552
0.55650000 0.00777833
0.55655000 0.00778114
0.55660000 0.00778395
0.55665000 0.00778676
0.55670000 0.00778957
0.55675000 0.00779238
0.55680000 0.00779519
0.55685000 0.00779800
0.55690000 0.00780081
0.55695000 0.00780362
0.55700000 0.00780643
0.55705000 0.00780924
0.55710000 0.00781205
0.55715000 0.00781486
0.55720000 0.00781767
0.55725000 0.00782048
0.55730000 0.00782329
0.55735000 0.00782610
0.55740000 0.00782891
0.55745000 0.00783172
0.55750000 0.00783453
0.55755000 0.00783734
0.55760000 0.00784015
0.55765000 0.00784296
0.55770000 0.00784577
0.55775000 0.00784859
0.55780000 0.00785140
0.55785000 0.00785421
0.55790000 0.00785702
0.55795000 0.00785983
0.55800000 0.00786264
0.55805000 0.00786546
0.55810000 0.00786827
0.55815000 0.00787108
0.55820000 0.00787389
0.55825000 0.00787670
0.55830000 0.00787952
0.55835000 0.00788233
0.55840000 0.00788514
0.55845000 0.00788795
0.55850000 0.00789077
0.55855000 0.00789358
0.55860000 0.00789639
0.55865000 0.00789921
0.55870000 0.00790202
0.55875000 0.00790483
0.55880000 0.00790765
0.55885000 0.00791046
0.55890000 0.00791327
0.55895000 0.00791609
0.55900000 0.00791890
0.55905000 0.00792171
0.55910000 0.00792453
0.55915000 0.00792734
0.55920000 0.00793016
0.55925000 0.00793297
0.55930000 0.00793578
0.55935000 0.00793860
0.55940000 0.00794141
0.55945000 0.00794423
0.55950000 0.00794704
0.55955000 0.00794986
0.55960000 0.00795267
0.55965000 0.00795548
0.55970000 0.00795830
0.55975000 0.00796111
0.55980000 0.00796393
0.55985000 0.00796674
0.55990000 0.00796956
0.55995000 0.00797237
0.56000000 0.00797519
0.56005000 0.00797800
0.56010000 0.00798082
0.56015000 0.00798364
0.56020000 0.00798645
0.56025000 0.00798927
0.56030000 0.00799208
0.56035000 0.00799490
0.56040000 0.00799771
0.56045000 0.00800053
0.56050000 0.00800335
0.56055000 0.00800616
0.56060000 0.00800898
0.56065000 0.00801179
0.56070000 0.00801461
0.56075000 0.00801743
0.56080000 0.00802024
0.56085000 0.00802306
0.56090000 0.00802588
0.56095000 0.00802869
0.56100000 0.00803151
0.56105000 0.00803433
0.56110000 0.00803714
0.56115000 0.00803996
0.56120000 0.00804278
0.56125000 0.00804559
0.56130000 0.00804841
0.56135000 0.00805123
0.56140000 0.00805404
0.56145000 0.00805686
0.56150000 0.00805968
0.56155000 0.00806250
0.56160000 0.00806531
0.56165000 0.00806813
0.56170000 0.00807095
0.56175000 0.00807377
0.56180000 0.00807658
0.56185000 0.00807940
0.56190000 0.00808222
0.56195000 0.00808504
0.56200000 0.00808785
0.56205000 0.00809067
0.56210000 0.00809349
0.56215000 0.00809631
0.56220000 0.00809913
0.56225000 0.00810194
0.56230000 0.00810476
0.56235000 0.00810758
0.56240000 0.00811040
0.56245000 0.00811322
0.56250000 0.00811603
0.56255000 0.00811885
0.56260000 0.00812167
0.56265000 0.00812449
0.56270000 0.00812731
0.56275000 0.00813013
0.56280000 0.00813295
0.56285000 0.00813576
0.56290000 0.00813858
0.56295000 0.00814140
0.56300000 0.00814422
0.56305000 0.00814704
0.56310000 0.00814986
0.56315000 0.00815268
0.56320000 0.00815550
0.56325000 0.00815831
0.56330000 0.00816113
0.56335000 0.00816395
0.56340000 0.00816677
0.56345000 0.00816959
0.56350000 0.00817241
0.56355000 0.00817523
0.56360000 0.00817805
0.56365000 0.00818087
0.56370000 0.00818369
0.56375000 0.00818651
0.56380000 0.00818933
0.56385000 0.00819215
0.56390000 0.00819497
0.56395000 0.00819778
0.56400000 0.00820060
0.56405000 0.00820342
0.56410000 0.00820624
0.56415000 0.00820906
0.56420000 0.00821188
0.56425000 0.00821470
0.56430000 0.00821752
0.56435000 0.00822034
0.56440000 0.00822316
0.56445000 0.00822598
0.56450000 0.00822880
0.56455000 0.00823162
0.56460000 0.00823444
0.56465000 0.00823726
0.56470000 0.00824008
0.56475000 0.00824290
0.56480000 0.00824572
0.56485000 0.00824854
0.56490000 0.00825136
0.56495000 0.00825418
0.56500000 0.00825700
0.56505000 0.00825982
0.56510000 0.00826264
0.56515000 0.00826546
0.56520000 0.00826828
0.56525000 0.00827110
0.56530000 0.00827392
0.56535000 0.00827674
0.56540000 0.00827956
0.56545000 0.00828238
0.56550000 0.00828520
0.56555000 0.00828802
0.56560000 0.00829084
0.56565000 0.00829366
0.56570000 0.00829648
0.56575000 0.00829931
0.56580000 0.00830213
0.56585000 0.00830495
0.56590000 0.00830777
0.56595000 0.00831059
0.56600000 0.00831341
0.56605000 0.00831623
0.56610000 0.00831905
0.56615000 0.00832187
0.56620000 0.00832469
0.56625000 0.00832751
0.56630000 0.00833033
0.56635000 0.00833315
0.56640000 0.00833597
0.56645000 0.00833879
0.56650000 0.00834161
0.56655000 0.00834443
0.56660000 0.00834725
0.56665000 0.00835007
0.56670000 0.00835289
0.56675000 0.00835572
0.56680000 0.00835854
0.56685000 0.00836136
0.56690000 0.00836418
0.56695000 0.00836700
0.56700000 0.00836982
0.56705000 0.00837264
0.56710000 0.00837546
0.56715000 0.00837828
0.56720000 0.00838110
0.56725000 0.00838392
0.56730000 0.00838674
0.56735000 0.00838956
0.56740000 0.00839238
0.56745000 0.00839520
0.56750000 0.00839802
0.56755000 0.00840084
0.56760000 0.00840367
0.56765000 0.00840649
0.56770000 0.00840931
0.56775000 0.00841213
0.56780000 0.00841495
0.56785000 0.00841777
0.56790000 0.00842059
0.56795000 0.00842341
0.56800000 0.00842623
0.56805000 0.00842905
0.56810000 0.00843187
0.56815000 0.00843469
0.56820000 0.00843751
0.56825000 0.00844033
0.56830000 0.00844315
0.56835000 0.00844597
0.56840000 0.00844879
0.56845000 0.00845161
0.56850000 0.00845443
0.56855000 0.00845726
0.56860000 0.00846008
0.56865000 0.00846290
0.56870000 0.00846572
0.56875000 0.00846854
0.56880000 0.00847136
0.56885000 0.00847418
0.56890000 0.00847700
0.56895000 0.00847982
0.56900000 0.00848264
0.56905000 0.00848546
0.56910000 0.00848828
0.56915000 0.00849110
0.56920000 0.00849392
0.56925000 0.00849674
0.56930000 0.00849956
0.56935000 0.00850238
0.56940000 0.00850520
0.56945000 0.00850802
0.56950000 0.00851084
0.56955000 0.00851366
0.56960000 0.00851648
0.56965000 0.00851930
0.56970000 0.00852212
0.56975000 0.00852494
0.56980000 0.00852776
0.56985000 0.00853058
0.56990000 0.00853340
0.56995000 0.00853622
0.57000000 0.00853904
0.57005000 0.00854186
0.57010000 0.00854468
0.57015000 0.00854750
0.57020000 0.00855032
0.57025000 0.00855314
0.57030000 0.00855596
0.57035000 0.00855878
0.57040000 0.00856159
0.57045000 0.00856441
0.57050000 0.00856723
0.57055000 0.00857005
0.57060000 0.00857287
0.57065000 0.00857569
0.57070000 0.00857851
0.57075000 0.00858133
0.57080000 0.00858415
0.57085000 0.00858697
0.57090000 0.00858979
0.57095000 0.00859261
0.57100000 0.00859543
0.57105000 0.00859824
0.57110000 0.00860106
0.57115000 0.00860388
0.57120000 0.00860670
0.57125000 0.00860952
0.57130000 0.00861234
0.57135000 0.00861516
0.57140000 0.00861798
0.57145000 0.00862080
0.57150000 0.00862361
0.57155000 0.00862643
0.57160000 0.00862925
0.57165000 0.00863207
0.57170000 0.00863489
0.57175000 0.00863771
0.57180000 0.00864052
0.57185000 0.00864334
0.57190000 0.00864616
0.57195000 0.00864898
0.57200000 0.00865180
0.57205000 0.00865462
0.57210000 0.00865743
0.57215000 0.00866025
0.57220000 0.00866307
0.57225000 0.00866589
0.57230000 0.00866870
0.57235000 0.00867152
0.57240000 0.00867434
0.57245000 0.00867716
0.57250000 0.00867998
0.57255000 0.00868279
0.57260000 0.00868561
0.57265000 0.00868843
0.57270000 0.00869124
0.57275000 0.00869406
0.57280000 0.00869688
0.57285000 0.00869970
0.57290000 0.00870251
0.57295000 0.00870533
0.57300000 0.00870815
0.57305000 0.00871096
0.57310000 0.00871378
0.57315000 0.00871660
0.57320000 0.00871941
0.57325000 0.00872223
0.57330000 0.00872505
0.57335000 0.00872786
0.57340000 0.00873068
0.57345000 0.00873350
0.57350000 0.00873631
0.57355000 0.00873913
0.57360000 0.00874195
0.57365000 0.00874476
0.57370000 0.00874758
0.57375000 0.00875039
0.57380000 0.00875321
0.57385000 0.00875603
0.57390000 0.00875884
0.57395000 0.00876166
0.57400000 0.00876447
0.57405000 0.00876729
0.57410000 0.00877010
0.57415000 0.00877292
0.57420000 0.00877573
0.57425000 0.00877855
0.57430000 0.00878136
0.57435000 0.00878418
0.57440000 0.00878699
0.57445000 0.00878981
0.57450000 0.00879262
0.57455000 0.00879544
0.57460000 0.00879825
0.57465000 0.00880107
0.57470000 0.00880388
0.57475000 0.00880670
0.57480000 0.00880951
0.57485000 0.00881233
0.57490000 0.00881514
0.57495000 0.00881795
0.57500000 0.00882077
0.57505000 0.00882358
0.57510000 0.00882640
0.57515000 0.00882921
0.57520000 0.00883202
0.57525000 0.00883484
0.57530000 0.00883765
0.57535000 0.00884046
0.57540000 0.00884328
0.57545000 0.00884609
0.57550000 0.00884890
0.57555000 0.00885172
0.57560000 0.00885453
0.57565000 0.00885734
0.57570000 0.00886016
0.57575000 0.00886297
0.57580000 0.00886578
0.57585000 0.00886859
0.57590000 0.00887141
0.57595000 0.00887422
0.57600000 0.00887703
0.57605000 0.00887984
0.57610000 0.00888265
0.57615000 0.00888547
0.57620000 0.00888828
0.57625000 0.00889109
0.57630000 0.00889390
0.57635000 0.00889671
0.57640000 0.00889952
0.57645000 0.00890234
0.57650000 0.00890515
0.57655000 0.00890796
0.57660000 0.00891077
0.57665000 0.00891358
0.57670000 0.00891639
0.57675000 0.00891920
0.57680000 0.00892201
0.57685000 0.00892482
0.57690000 0.00892763
0.57695000 0.00893044
0.57700000 0.00893325
0.57705000 0.00893606
0.57710000 0.00893887
0.57715000 0.00894168
0.57720000 0.00894449
0.57725000 0.00894730
0.57730000 0.00895011
0.57735000 0.00895292
0.57740000 0.00895573
0.57745000 0.00895854
0.57750000 0.00896135
0.57755000 0.00896416
0.57760000 0.00896697
0.57765000 0.00896978
0.57770000 0.00897258
0.57775000 0.00897539
0.57780000 0.00897820
0.57785000 0.00898101
0.57790000 0.00898382
0.57795000 0.00898663
0.57800000 0.00898943
0.57805000 0.00899224
0.57810000 0.00899505
0.57815000 0.00899786
0.57820000 0.00900066
0.57825000 0.00900347
0.57830000 0.00900628
0.57835000 0.00900909
0.57840000 0.00901189
0.57845000 0.00901470
0.57850000 0.00901751
0.57855000 0.00902031
0.57860000 0.00902312
0.57865000 0.00902593
0.57870000 0.00902873
0.57875000 0.00903154
0.57880000 0.00903434
0.57885000 0.00903715
0.57890000 0.00903996
0.57895000 0.00904276
0.57900000 0.00904557
0.57905000 0.00904837
0.57910000 0.00905118
0.57915000 0.00905398
0.57920000 0.00905679
0.57925000 0.00905959
0.57930000 0.00906240
0.57935000 0.00906520
0.57940000 0.00906801
0.57945000 0.00907081
0.57950000 0.00907361
0.57955000 0.00907642
0.57960000 0.00907922
0.57965000 0.00908203
0.57970000 0.00908483
0.57975000 0.00908763
0.57980000 0.00909044
0.57985000 0.00909324
0.57990000 0.00909604
0.57995000 0.00909885
0.58000000 0.00910165
0.58005000 0.00910445
0.58010000 0.00910725
0.58015000 0.00911006
0.58020000 0.00911286
0.58025000 0.00911566
0.58030000 0.00911846
0.58035000 0.00912126
0.58040000 0.00912407
0.58045000 0.00912687
0.58050000 0.00912967
0.58055000 0.00913247
0.58060000 0.00913527
0.58065000 0.00913807
0.58070000 0.00914087
0.58075000 0.00914367
0.58080000 0.00914647
0.58085000 0.00914927
0.58090000 0.00915207
0.58095000 0.00915487
0.58100000 0.00915767
0.58105000 0.00916047
0.58110000 0.00916327
0.58115000 0.00916607
0.58120000 0.00916887
0.58125000 0.00917167
0.58130000 0.00917447
0.58135000 0.00917727
0.58140000 0.00918007
0.58145000 0.00918287
0.58150000 0.00918566
0.58155000 0.00918846
0.58160000 0.00919126
0.58165000 0.00919406
0.58170000 0.00919686
0.58175000 0.00919965
0.58180000 0.00920245
0.58185000 0.00920525
0.58190000 0.00920805
0.58195000 0.00921084
0.58200000 0.00921364
0.58205000 0.00921644
0.58210000 0.00921923
0.58215000 0.00922203
0.58220000 0.00922482
0.58225000 0.00922762
0.58230000 0.00923042
0.58235000 0.00923321
0.58240000 0.00923601
0.58245000 0.00923880
0.58250000 0.00924160
0.58255000 0.00924439
0.58260000 0.00924719
0.58265000 0.00924998
0.58270000 0.00925278
0.58275000 0.00925557
0.58280000 0.00925836
0.58285000 0.00926116
0.58290000 0.00926395
0.58295000 0.00926674
0.58300000 0.00926954
0.58305000 0.00927233
0.58310000 0.00927512
0.58315000 0.00927792
0.58320000 0.00928071
0.58325000 0.00928350
0.58330000 0.00928629
0.58335000 0.00928909
0.58340000 0.00929188
0.58345000 0.00929467
0.58350000 0.00929746
0.58355000 0.00930025
0.58360000 0.00930304
0.58365000 0.00930584
0.58370000 0.00930863
0.58375000 0.00931142
0.58380000 0.00931421
0.58385000 0.00931700
0.58390000 0.00931979
0.58395000 0.00932258
0.58400000 0.00932537
0.58405000 0.00932816
0.58410000 0.00933095
0.58415000 0.00933374
0.58420000 0.00933652
0.58425000 0.00933931
0.58430000 0.00934210
0.58435000 0.00934489
0.58440000 0.00934768
0.58445000 0.00935047
0.58450000 0.00935325
0.58455000 0.00935604
0.58460000 0.00935883
0.58465000 0.00936162
0.58470000 0.00936440
0.58475000 0.00936719
0.58480000 0.00936998
0.58485000 0.00937276
0.58490000 0.00937555
0.58495000 0.00937834
0.58500000 0.00938112
0.58505000 0.00938391
0.58510000 0.00938669
0.58515000 0.00938948
0.58520000 0.00939226
0.58525000 0.00939505
0.58530000 0.00939783
0.58535000 0.00940062
0.58540000 0.00940340
0.58545000 0.00940619
0.58550000 0.00940897
0.58555000 0.00941176
0.58560000 0.00941454
0.58565000 0.00941732
0.58570000 0.00942010
0.58575000 0.00942289
0.58580000 0.00942567
0.58585000 0.00942845
0.58590000 0.00943124
0.58595000 0.00943402
0.58600000 0.00943680
0.58605000 0.00943958
0.58610000 0.00944236
0.58615000 0.00944514
0.58620000 0.00944792
0.58625000 0.00945071
0.58630000 0.00945349
0.58635000 0.00945627
0.58640000 0.00945905
0.58645000 0.00946183
0.58650000 0.00946461
0.58655000 0.00946739
0.58660000 0.00947017
0.58665000 0.00947294
0.58670000 0.00947572
0.58675000 0.00947850
0.58680000 0.00948128
0.58685000 0.00948406
0.58690000 0.00948684
0.58695000 0.00948961
0.58700000 0.00949239
0.58705000 0.00949517
0.58710000 0.00949795
0.58715000 0.00950072
0.58720000 0.00950350
0.58725000 0.00950628
0.58730000 0.00950905
0.58735000 0.00951183
0.58740000 0.00951461
0.58745000 0.00951738
0.58750000 0.00952016
0.58755000 0.00952293
0.58760000 0.00952571
0.58765000 0.00952848
0.58770000 0.00953126
0.58775000 0.00953403
0.58780000 0.00953680
0.58785000 0.00953958
0.58790000 0.00954235
0.58795000 0.00954512
0.58800000 0.00954790
0.58805000 0.00955067
0.58810000 0.00955344
0.58815000 0.00955622
0.58820000 0.00955899
0.58825000 0.00956176
0.58830000 0.00956453
0.58835000 0.00956730
0.58840000 0.00957007
0.58845000 0.00957284
0.58850000 0.00957562
0.58855000 0.00957839
0.58860000 0.00958116
0.58865000 0.00958393
0.58870000 0.00958670
0.58875000 0.00958947
0.58880000 0.00959223
0.58885000 0.00959500
0.58890000 0.00959777
0.58895000 0.00960054
0.58900000 0.00960331
0.58905000 0.00960608
0.58910000 0.00960885
0.58915000 0.00961161
0.58920000 0.00961438
0.58925000 0.00961715
0.58930000 0.00961991
0.58935000 0.00962268
0.58940000 0.00962545
0.58945000 0.00962821
0.58950000 0.00963098
0.58955000 0.00963374
0.58960000 0.00963651
0.58965000 0.00963928
0.58970000 0.00964204
0.58975000 0.00964481
0.58980000 0.00964757
0.58985000 0.00965033
0.58990000 0.00965310
0.58995000 0.00965586
0.59000000 0.00965862
0.59005000 0.00966139
0.59010000 0.00966415
0.59015000 0.00966691
0.59020000 0.00966968
0.59025000 0.00967244
0.59030000 0.00967520
0.59035000 0.00967796
0.59040000 0.00968072
0.59045000 0.00968348
0.59050000 0.00968624
0.59055000 0.00968900
0.59060000 0.00969176
0.59065000 0.00969452
0.59070000 0.00969728
0.59075000 0.00970004
0.59080000 0.00970280
0.59085000 0.00970556
0.59090000 0.00970832
0.59095000 0.00971108
0.59100000 0.00971384
0.59105000 0.00971660
0.59110000 0.00971935
0.59115000 0.00972211
0.59120000 0.00972487
0.59125000 0.00972762
0.59130000 0.00973038
0.59135000 0.00973314
0.59140000 0.00973589
0.59145000 0.00973865
0.59150000 0.00974140
0.59155000 0.00974416
0.59160000 0.00974691
0.59165000 0.00974967
0.59170000 0.00975242
0.59175000 0.00975518
0.59180000 0.00975793
0.59185000 0.00976068
0.59190000 0.00976344
0.59195000 0.00976619
0.59200000 0.00976894
0.59205000 0.00977170
0.59210000 0.00977445
0.59215000 0.00977720
0.59220000 0.00977995
0.59225000 0.00978270
0.59230000 0.00978545
0.59235000 0.00978821
0.59240000 0.00979096
0.59245000 0.00979371
0.59250000 0.00979646
0.59255000 0.00979921
0.59260000 0.00980195
0.59265000 0.00980470
0.59270000 0.00980745
0.59275000 0.00981020
0.59280000 0.00981295
0.59285000 0.00981570
0.59290000 0.00981844
0.59295000 0.00982119
0.59300000 0.00982394
0.59305000 0.00982669
0.59310000 0.00982943
0.59315000 0.00983218
0.59320000 0.00983492
0.59325000 0.00983767
0.59330000 0.00984042
0.59335000 0.00984316
0.59340000 0.00984590
0.59345000 0.00984865
0.59350000 0.00985139
0.59355000 0.00985414
0.59360000 0.00985688
0.59365000 0.00985962
0.59370000 0.00986237
0.59375000 0.00986511
0.59380000 0.00986785
0.59385000 0.00987059
0.59390000 0.00987334
0.59395000 0.00987608
0.59400000 0.00987882
0.59405000 0.00988156
0.59410000 0.00988430
0.59415000 0.00988704
0.59420000 0.00988978
0.59425000 0.00989252
0.59430000 0.00989526
0.59435000 0.00989800
0.59440000 0.00990074
0.59445000 0.00990347
0.59450000 0.00990621
0.59455000 0.00990895
0.59460000 0.00991169
0.59465000 0.00991443
0.59470000 0.00991716
0.59475000 0.00991990
0.59480000 0.00992264
0.59485000 0.00992537
0.59490000 0.00992811
0.59495000 0.00993084
0.59500000 0.00993358
0.59505000 0.00993631
0.59510000 0.00993905
0.59515000 0.00994178
0.59520000 0.00994451
0.59525000 0.00994725
0.59530000 0.00994998
0.59535000 0.00995271
0.59540000 0.00995545
0.59545000 0.00995818
0.59550000 0.00996091
0.59555000 0.00996364
0.59560000 0.00996637
0.59565000 0.00996910
0.59570000 0.00997183
0.59575000 0.00997456
0.59580000 0.00997729
0.59585000 0.00998002
0.59590000 0.00998275
0.59595000 0.00998548
0.59600000 0.00998821
0.59605000 0.00999094
0.59610000 0.00999367
0.59615000 0.00999639
0.59620000 0.00999912
0.59625000 0.01000185
0.59630000 0.01000458
0.59635000 0.01000730
0.59640000 0.01001003
0.59645000 0.01001275
0.59650000 0.01001548
0.59655000 0.01001820
0.59660000 0.01002093
0.59665000 0.01002365
0.59670000 0.01002638
0.59675000 0.01002910
0.59680000 0.01003182
0.59685000 0.01003455
0.59690000 0.01003727
0.59695000 0.01003999
0.59700000 0.01004271
0.59705000 0.01004544
0.59710000 0.01004816
0.59715000 0.01005088
0.59720000 0.01005360
0.59725000 0.01005632
0.59730000 0.01005904
0.59735000 0.01006176
0.59740000 0.01006448
0.59745000 0.01006720
0.59750000 0.01006992
0.59755000 0.01007263
0.59760000 0.01007535
0.59765000 0.01007807
0.59770000 0.01008079
0.59775000 0.01008350
0.59780000 0.01008622
0.59785000 0.01008894
0.59790000 0.01009165
0.59795000 0.01009437
0.59800000 0.01009708
0.59805000 0.01009980
0.59810000 0.01010251
0.59815000 0.01010523
0.59820000 0.01010794
0.59825000 0.01011065
0.59830000 0.01011337
0.59835000 0.01011608
0.59840000 0.01011879
0.59845000 0.01012150
0.59850000 0.01012421
0.59855000 0.01012693
0.59860000 0.01012964
0.59865000 0.01013235
0.59870000 0.01013506
0.59875000 0.01013777
0.59880000 0.01014048
0.59885000 0.01014319
0.59890000 0.01014590
0.59895000 0.01014860
0.59900000 0.01015131
0.59905000 0.01015402
0.59910000 0.01015673
0.59915000 0.01015943
0.59920000 0.01016214
0.59925000 0.01016485
0.59930000 0.01016755
0.59935000 0.01017026
0.59940000 0.01017296
0.59945000 0.01017567
0.59950000 0.01017837
0.59955000 0.01018108
0.59960000 0.01018378
0.59965000 0.01018648
0.59970000 0.01018919
0.59975000 0.01019189
0.59980000 0.01019459
0.59985000 0.01019729
0.59990000 0.01019999
0.59995000 0.01020270
0.60000000 0.01020540
0.60005000 0.01020810
0.60010000 0.01021080
0.60015000 0.01021350
0.60020000 0.01021620
0.60025000 0.01021889
0.60030000 0.01022159
0.60035000 0.01022429
0.60040000 0.01022699
0.60045000 0.01022969
0.60050000 0.01023238
0.60055000 0.01023508
0.60060000 0.01023778
0.60065000 0.01024047
0.60070000 0.01024317
0.60075000 0.01024586
0.60080000 0.01024856
0.60085000 0.01025125
0.60090000 0.01025395
0.60095000 0.01025664
0.60100000 0.01025933
0.60105000 0.01026203
0.60110000 0.01026472
0.60115000 0.01026741
0.60120000 0.01027010
0.60125000 0.01027279
0.60130000 0.01027548
0.60135000 0.01027817
0.60140000 0.01028086
0.60145000 0.01028355
0.60150000 0.01028624
0.60155000 0.01028893
0.60160000 0.01029162
0.60165000 0.01029431
0.60170000 0.01029700
0.60175000 0.01029968
0.60180000 0.01030237
0.60185000 0.01030506
0.60190000 0.01030774
0.60195000 0.01031043
0.60200000 0.01031312
0.60205000 0.01031580
0.60210000 0.01031848
0.60215000 0.01032117
0.60220000 0.01032385
0.60225000 0.01032654
0.60230000 0.01032922
0.60235000 0.01033190
0.60240000 0.01033458
0.60245000 0.01033727
0.60250000 0.01033995
0.60255000 0.01034263
0.60260000 0.01034531
0.60265000 0.01034799
0.60270000 0.01035067
0.60275000 0.01035335
0.60280000 0.01035603
0.60285000 0.01035871
0.60290000 0.01036138
0.60295000 0.01036406
0.60300000 0.01036674
0.60305000 0.01036942
0.60310000 0.01037209
0.60315000 0.01037477
0.60320000 0.01037744
0.60325000 0.01038012
0.60330000 0.01038279
0.60335000 0.01038547
0.60340000 0.01038814
0.60345000 0.01039082
0.60350000 0.01039349
0.60355000 0.01039616
0.60360000 0.01039884
0.60365000 0.01040151
0.60370000 0.01040418
0.60375000 0.01040685
0.60380000 0.01040952
0.60385000 0.01041219
0.60390000 0.01041486
0.60395000 0.01041753
0.60400000 0.01042020
0.60405000 0.01042287
0.60410000 0.01042554
0.60415000 0.01042820
0.60420000 0.01043087
0.60425000 0.01043354
0.60430000 0.01043620
0.60435000 0.01043887
0.60440000 0.01044154
0.60445000 0.01044420
0.60450000 0.01044687
0.60455000 0.01044953
0.60460000 0.01045220
0.60465000 0.01045486
0.60470000 0.01045752
0.60475000 0.01046018
0.60480000 0.01046285
0.60485000 0.01046551
0.60490000 0.01046817
0.60495000 0.01047083
0.60500000 0.01047349
0.60505000 0.01047615
0.60510000 0.01047881
0.60515000 0.01048147
0.60520000 0.01048413
0.60525000 0.01048679
0.60530000 0.01048945
0.60535000 0.01049210
0.60540000 0.01049476
0.60545000 0.01049742
0.60550000 0.01050007
0.60555000 0.01050273
0.60560000 0.01050538
0.60565000 0.01050804
0.60570000 0.01051069
0.60575000 0.01051335
0.60580000 0.01051600
0.60585000 0.01051865
0.60590000 0.01052131
0.60595000 0.01052396
0.60600000 0.01052661
0.60605000 0.01052926
0.60610000 0.01053191
0.60615000 0.01053456
0.60620000 0.01053721
0.60625000 0.01053986
0.60630000 0.01054251
0.60635000 0.01054516
0.60640000 0.01054781
0.60645000 0.01055046
0.60650000 0.01055310
0.60655000 0.01055575
0.60660000 0.01055840
0.60665000 0.01056104
0.60670000 0.01056369
0.60675000 0.01056633
0.60680000 0.01056898
0.60685000 0.01057162
0.60690000 0.01057427
0.60695000 0.01057691
0.60700000 0.01057955
0.60705000 0.01058220
0.60710000 0.01058484
0.60715000 0.01058748
0.60720000 0.01059012
0.60725000 0.01059276
0.60730000 0.01059540
0.60735000 0.01059804
0.60740000 0.01060068
0.60745000 0.01060332
0.60750000 0.01060596
0.60755000 0.01060859
0.60760000 0.01061123
0.60765000 0.01061387
0.60770000 0.01061650
0.60775000 0.01061914
0.60780000 0.01062178
0.60785000 0.01062441
0.60790000 0.01062705
0.60795000 0.01062968
0.60800000 0.01063231
0.60805000 0.01063495
0.60810000 0.01063758
0.60815000 0.01064021
0.60820000 0.01064284
0.60825000 0.01064547
0.60830000 0.01064810
0.60835000 0.01065073
0.60840000 0.01065336
0.60845000 0.01065599
0.60850000 0.01065862
0.60855000 0.01066125
0.60860000 0.01066388
0.60865000 0.01066651
0.60870000 0.01066913
0.60875000 0.01067176
0.60880000 0.01067439
0.60885000 0.01067701
0.60890000 0.01067964
0.60895000 0.01068226
0.60900000 0.01068489
0.60905000 0.01068751
0.60910000 0.01069013
0.60915000 0.01069275
0.60920000 0.01069538
0.60925000 0.01069800
0.60930000 0.01070062
0.60935000 0.01070324
0.60940000 0.01070586
0.60945000 0.01070848
0.60950000 0.01071110
0.60955000 0.01071372
0.60960000 0.01071634
0.60965000 0.01071895
0.60970000 0.01072157
0.60975000 0.01072419
0.60980000 0.01072680
0.60985000 0.01072942
0.60990000 0.01073204
0.60995000 0.01073465
0.61000000 0.01073727
0.61005000 0.01073988
0.61010000 0.01074249
0.61015000 0.01074511
0.61020000 0.01074772
0.61025000 0.01075033
0.61030000 0.01075294
0.61035000 0.01075555
0.61040000 0.01075816
0.61045000 0.01076077
0.61050000 0.01076338
0.61055000 0.01076599
0.61060000 0.01076860
0.61065000 0.01077121
0.61070000 0.01077381
0.61075000 0.01077642
0.61080000 0.01077903
0.61085000 0.01078163
0.61090000 0.01078424
0.61095000 0.01078684
0.61100000 0.01078945
0.61105000 0.01079205
0.61110000 0.01079466
0.61115000 0.01079726
0.61120000 0.01079986
0.61125000 0.01080246
0.61130000 0.01080506
0.61135000 0.01080767
0.61140000 0.01081027
0.61145000 0.01081287
0.61150000 0.01081546
0.61155000 0.01081806
0.61160000 0.01082066
0.61165000 0.01082326
0.61170000 0.01082586
0.61175000 0.01082845
0.61180000 0.01083105
0.61185000 0.01083365
0.61190000 0.01083624
0.61195000 0.01083884
0.61200000 0.01084143
0.61205000 0.01084402
0.61210000 0.01084662
0.61215000 0.01084921
0.61220000 0.01085180
0.61225000 0.01085439
0.61230000 0.01085698
0.61235000 0.01085957
0.61240000 0.01086217
0.61245000 0.01086475
0.61250000 0.01086734
0.61255000 0.01086993
0.61260000 0.01087252
0.61265000 0.01087511
0.61270000 0.01087769
0.61275000 0.01088028
0.61280000 0.01088287
0.61285000 0.01088545
0.61290000 0.01088804
0.61295000 0.01089062
0.61300000 0.01089320
0.61305000 0.01089579
0.61310000 0.01089837
0.61315000 0.01090095
0.61320000 0.01090353
0.61325000 0.01090612
0.61330000 0.01090870
0.61335000 0.01091128
0.61340000 0.01091386
0.61345000 0.01091643
0.61350000 0.01091901
0.61355000 0.01092159
0.61360000 0.01092417
0.61365000 0.01092675
0.61370000 0.01092932
0.61375000 0.01093190
0.61380000 0.01093447
0.61385000 0.01093705
0.61390000 0.01093962
0.61395000 0.01094220
0.61400000 0.01094477
0.61405000 0.01094734
0.61410000 0.01094991
0.61415000 0.01095248
0.61420000 0.01095506
0.61425000 0.01095763
0.61430000 0.01096020
0.61435000 0.01096276
0.61440000 0.01096533
0.61445000 0.01096790
0.61450000 0.01097047
0.61455000 0.01097304
0.61460000 0.01097560
0.61465000 0.01097817
0.61470000 0.01098073
0.61475000 0.01098330
0.61480000 0.01098586
0.61485000 0.01098843
0.61490000 0.01099099
0.61495000 0.01099355
0.61500000 0.01099612
0.61505000 0.01099868
0.61510000 0.01100124
0.61515000 0.01100380
0.61520000 0.01100636
0.61525000 0.01100892
0.61530000 0.01101148
0.61535000 0.01101403
0.61540000 0.01101659
0.61545000 0.01101915
0.61550000 0.01102171
0.61555000 0.01102426
0.61560000 0.01102682
0.61565000 0.01102937
0.61570000 0.01103193
0.61575000 0.01103448
0.61580000 0.01103703
0.61585000 0.01103959
0.61590000 0.01104214
0.61595000 0.01104469
0.61600000 0.01104724
0.61605000 0.01104979
0.61610000 0.01105234
0.61615000 0.01105489
0.61620000 0.01105744
0.61625000 0.01105999
0.61630000 0.01106254
0.61635000 0.01106508
0.61640000 0.01106763
0.61645000 0.01107017
0.61650000 0.01107272
0.61655000 0.01107526
0.61660000 0.01107781
0.61665000 0.01108035
0.61670000 0.01108290
0.61675000 0.01108544
0.61680000 0.01108798
0.61685000 0.01109052
0.61690000 0.01109306
0.61695000 0.01109560
0.61700000 0.01109814
0.61705000 0.01110068
0.61710000 0.01110322
0.61715000 0.01110576
0.61720000 0.01110829
0.61725000 0.01111083
0.61730000 0.01111337
0.61735000 0.01111590
0.61740000 0.01111844
0.61745000 0.01112097
0.61750000 0.01112351
0.61755000 0.01112604
0.61760000 0.01112857
0.61765000 0.01113110
0.61770000 0.01113363
0.61775000 0.01113617
0.61780000 0.01113870
0.61785000 0.01114123
0.61790000 0.01114375
0.61795000 0.01114628
0.61800000 0.01114881
0.61805000 0.01115134
0.61810000 0.01115386
0.61815000 0.01115639
0.61820000 0.01115892
0.61825000 0.01116144
0.61830000 0.01116397
0.61835000 0.01116649
0.61840000 0.01116901
0.61845000 0.01117154
0.61850000 0.01117406
0.61855000 0.01117658
0.61860000 0.01117910
0.61865000 0.01118162
0.61870000 0.01118414
0.61875000 0.01118666
0.61880000 0.01118918
0.61885000 0.01119169
0.61890000 0.01119421
0.61895000 0.01119673
0.61900000 0.01119924
0.61905000 0.01120176
0.61910000 0.01120427
0.61915000 0.01120679
0.61920000 0.01120930
0.61925000 0.01121182
0.61930000 0.01121433
0.61935000 0.01121684
0.61940000 0.01121935
0.61945000 0.01122186
0.61950000 0.01122437
0.61955000 0.01122688
0.61960000 0.01122939
0.61965000 0.01123190
0.61970000 0.01123440
0.61975000 0.01123691
0.61980000 0.01123942
0.61985000 0.01124192
0.61990000 0.01124443
0.61995000 0.01124693
0.62000000 0.01124944
0.62005000 0.01125194
0.62010000 0.01125444
0.62015000 0.01125695
0.62020000 0.01125945
0.62025000 0.01126195
0.62030000 0.01126445
0.62035000 0.01126695
0.62040000 0.01126945
0.62045000 0.01127194
0.62050000 0.01127444
0.62055000 0.01127694
0.62060000 0.01127944
0.62065000 0.01128193
0.62070000 0.01128443
0.62075000 0.01128692
0.62080000 0.01128942
0.62085000 0.01129191
0.62090000 0.01129440
0.62095000 0.01129689
0.62100000 0.01129938
0.62105000 0.01130188
0.62110000 0.01130437
0.62115000 0.01130686
0.62120000 0.01130934
0.62125000 0.01131183
0.62130000 0.01131432
0.62135000 0.01131681
0.62140000 0.01131929
0.62145000 0.01132178
0.62150000 0.01132427
0.62155000 0.01132675
0.62160000 0.01132923
0.62165000 0.01133172
0.62170000 0.01133420
0.62175000 0.01133668
0.62180000 0.01133916
0.62185000 0.01134164
0.62190000 0.01134412
0.62195000 0.01134660
0.62200000 0.01134908
0.62205000 0.01135156
0.62210000 0.01135404
0.62215000 0.01135651
0.62220000 0.01135899
0.62225000 0.01136147
0.62230000 0.01136394
0.62235000 0.01136642
0.62240000 0.01136889
0.62245000 0.01137136
0.62250000 0.01137384
0.62255000 0.01137631
0.62260000 0.01137878
0.62265000 0.01138125
0.62270000 0.01138372
0.62275000 0.01138619
0.62280000 0.01138866
0.62285000 0.01139112
0.62290000 0.01139359
0.62295000 0.01139606
0.62300000 0.01139852
0.62305000 0.01140099
0.62310000 0.01140345
0.62315000 0.01140592
0.62320000 0.01140838
0.62325000 0.01141084
0.62330000 0.01141331
0.62335000 0.01141577
0.62340000 0.01141823
0.62345000 0.01142069
0.62350000 0.01142315
0.62355000 0.01142561
0.62360000 0.01142807
0.62365000 0.01143052
0.62370000 0.01143298
0.62375000 0.01143544
0.62380000 0.01143789
0.62385000 0.01144035
0.62390000 0.01144280
0.62395000 0.01144525
0.62400000 0.01144771
0.62405000 0.01145016
0.62410000 0.01145261
0.62415000 0.01145506
0.62420000 0.01145751
0.62425000 0.01145996
0.62430000 0.01146241
0.62435000 0.01146486
0.62440000 0.01146731
0.62445000 0.01146975
0.62450000 0.01147220
0.62455000 0.01147464
0.62460000 0.01147709
0.62465000 0.01147953
0.62470000 0.01148198
0.62475000 0.01148442
0.62480000 0.01148686
0.62485000 0.01148930
0.62490000 0.01149174
0.62495000 0.01149418
0.62500000 0.01149662
0.62505000 0.01149906
0.62510000 0.01150150
0.62515000 0.01150394
0.62520000 0.01150638
0.62525000 0.01150881
0.62530000 0.01151125
0.62535000 0.01151368
0.62540000 0.01151612
0.62545000 0.01151855
0.62550000 0.01152098
0.62555000 0.01152341
0.62560000 0.01152585
0.62565000 0.01152828
0.62570000 0.01153071
0.62575000 0.01153314
0.62580000 0.01153556
0.62585000 0.01153799
0.62590000 0.01154042
0.62595000 0.01154285
0.62600000 0.01154527
0.62605000 0.01154770
0.62610000 0.01155012
0.62615000 0.01155254
0.62620000 0.01155497
0.62625000 0.01155739
0.62630000 0.01155981
0.62635000 0.01156223
0.62640000 0.01156465
0.62645000 0.01156707
0.62650000 0.01156949
0.62655000 0.01157191
0.62660000 0.01157433
0.62665000 0.01157675
0.62670000 0.01157916
0.62675000 0.01158158
0.62680000 0.01158399
0.62685000 0.01158641
0.62690000 0.01158882
0.62695000 0.01159123
0.62700000 0.01159364
0.62705000 0.01159606
0.62710000 0.01159847
0.62715000 0.01160088
0.62720000 0.01160329
0.62725000 0.01160569
0.62730000 0.01160810
0.62735000 0.01161051
0.62740000 0.01161292
0.62745000 0.01161532
0.62750000 0.01161773
0.62755000 0.01162013
0.62760000 0.01162253
0.62765000 0.01162494
0.62770000 0.01162734
0.62775000 0.01162974
0.62780000 0.01163214
0.62785000 0.01163454
0.62790000 0.01163694
0.62795000 0.01163934
0.62800000 0.01164174
0.62805000 0.01164414
0.62810000 0.01164653
0.62815000 0.01164893
0.62820000 0.01165132
0.62825000 0.01165372
0.62830000 0.01165611
0.62835000 0.01165850
0.62840000 0.01166090
0.62845000 0.01166329
0.62850000 0.01166568
0.62855000 0.01166807
0.62860000 0.01167046
0.62865000 0.01167285
0.62870000 0.01167523
0.62875000 0.01167762
0.62880000 0.01168001
0.62885000 0.01168239
0.62890000 0.01168478
0.62895000 0.01168716
0.62900000 0.01168955
0.62905000 0.01169193
0.62910000 0.01169431
0.62915000 0.01169669
0.62920000 0.01169907
0.62925000 0.01170145
0.62930000 0.01170383
0.62935000 0.01170621
0.62940000 0.01170859
0.62945000 0.01171097
0.62950000 0.01171334
0.62955000 0.01171572
0.62960000 0.01171809
0.62965000 0.01172047
0.62970000 0.01172284
0.62975000 0.01172521
0.62980000 0.01172759
0.62985000 0.01172996
0.62990000 0.01173233
0.62995000 0.01173470
0.63000000 0.01173707
0.63005000 0.01173944
0.63010000 0.01174180
0.63015000 0.01174417
0.63020000 0.01174654
0.63025000 0.01174890
0.63030000 0.01175127
0.63035000 0.01175363
0.63040000 0.01175599
0.63045000 0.01175836
0.63050000 0.01176072
0.63055000 0.01176308
0.63060000 0.01176544
0.63065000 0.01176780
0.63070000 0.01177016
0.63075000 0.01177252
0.63080000 0.01177487
0.63085000 0.01177723
0.63090000 0.01177958
0.63095000 0.01178194
0.63100000 0.01178429
0.63105000 0.01178665
0.63110000 0.01178900
0.63115000 0.01179135
0.63120000 0.01179370
0.63125000 0.01179605
0.63130000 0.01179840
0.63135000 0.01180075
0.63140000 0.01180310
0.63145000 0.01180545
0.63150000 0.01180780
0.63155000 0.01181014
0.63160000 0.01181249
0.63165000 0.01181483
0.63170000 0.01181717
0.63175000 0.01181952
0.63180000 0.01182186
0.63185000 0.01182420
0.63190000 0.01182654
0.63195000 0.01182888
0.63200000 0.01183122
0.63205000 0.01183356
0.63210000 0.01183590
0.63215000 0.01183823
0.63220000 0.01184057
0.63225000 0.01184291
0.63230000 0.01184524
0.63235000 0.01184757
0.63240000 0.01184991
0.63245000 0.01185224
0.63250000 0.01185457
0.63255000 0.01185690
0.63260000 0.01185923
0.63265000 0.01186156
0.63270000 0.01186389
0.63275000 0.01186622
0.63280000 0.01186854
0.63285000 0.01187087
0.63290000 0.01187320
0.63295000 0.01187552
0.63300000 0.01187785
0.63305000 0.01188017
0.63310000 0.01188249
0.63315000 0.01188481
0.63320000 0.01188713
0.63325000 0.01188945
0.63330000 0.01189177
0.63335000 0.01189409
0.63340000 0.01189641
0.63345000 0.01189873
0.63350000 0.01190104
0.63355000 0.01190336
0.63360000 0.01190567
0.63365000 0.01190799
0.63370000 0.01191030
0.63375000 0.01191261
0.63380000 0.01191492
0.63385000 0.01191723
0.63390000 0.01191954
0.63395000 0.01192185
0.63400000 0.01192416
0.63405000 0.01192647
0.63410000 0.01192877
0.63415000 0.01193108
0.63420000 0.01193339
0.63425000 0.01193569
0.63430000 0.01193799
0.63435000 0.01194030
0.63440000 0.01194260
0.63445000 0.01194490
0.63450000 0.01194720
0.63455000 0.01194950
0.63460000 0.01195180
0.63465000 0.01195410
0.63470000 0.01195639
0.63475000 0.01195869
0.63480000 0.01196099
0.63485000 0.01196328
0.63490000 0.01196558
0.63495000 0.01196787
0.63500000 0.01197016
0.63505000 0.01197245
0.63510000 0.01197475
0.63515000 0.01197704
0.63520000 0.01197932
0.63525000 0.01198161
0.63530000 0.01198390
0.63535000 0.01198619
0.63540000 0.01198847
0.63545000 0.01199076
0.63550000 0.01199304
0.63555000 0.01199533
0.63560000 0.01199761
0.63565000 0.01199989
0.63570000 0.01200217
0.63575000 0.01200446
0.63580000 0.01200674
0.63585000 0.01200901
0.63590000 0.01201129
0.63595000 0.01201357
0.63600000 0.01201585
0.63605000 0.01201812
0.63610000 0.01202040
0.63615000 0.01202267
0.63620000 0.01202494
0.63625000 0.01202722
0.63630000 0.01202949
0.63635000 0.01203176
0.63640000 0.01203403
0.63645000 0.01203630
0.63650000 0.01203857
0.63655000 0.01204083
0.63660000 0.01204310
0.63665000 0.01204537
0.63670000 0.01204763
0.63675000 0.01204990
0.63680000 0.01205216
0.63685000 0.01205442
0.63690000 0.01205669
0.63695000 0.01205895
0.63700000 0.01206121
0.63705000 0.01206347
0.63710000 0.01206573
0.63715000 0.01206798
0.63720000 0.01207024
0.63725000 0.01207250
0.63730000 0.01207475
0.63735000 0.01207701
0.63740000 0.01207926
0.63745000 0.01208151
0.63750000 0.01208376
0.63755000 0.01208602
0.63760000 0.01208827
0.63765000 0.01209052
0.63770000 0.01209276
0.63775000 0.01209501
0.63780000 0.01209726
0.63785000 0.01209951
0.63790000 0.01210175
0.63795000 0.01210400
0.63800000 0.01210624
0.63805000 0.01210848
0.63810000 0.01211073
0.63815000 0.01211297
0.63820000 0.01211521
0.63825000 0.01211745
0.63830000 0.01211969
0.63835000 0.01212192
0.63840000 0.01212416
0.63845000 0.01212640
0.63850000 0.01212863
0.63855000 0.01213087
0.63860000 0.01213310
0.63865000 0.01213533
0.63870000 0.01213757
0.63875000 0.01213980
0.63880000 0.01214203
0.63885000 0.01214426
0.63890000 0.01214649
0.63895000 0.01214871
0.63900000 0.01215094
0.63905000 0.01215317
0.63910000 0.01215539
0.63915000 0.01215762
0.63920000 0.01215984
0.63925000 0.01216206
0.63930000 0.01216428
0.63935000 0.01216651
0.63940000 0.01216873
0.63945000 0.01217095
0.63950000 0.01217316
0.63955000 0.01217538
0.63960000 0.01217760
0.63965000 0.01217982
0.63970000 0.01218203
0.63975000 0.01218424
0.63980000 0.01218646
0.63985000 0.01218867
0.63990000 0.01219088
0.63995000 0.01219309
0.64000000 0.01219530
0.64005000 0.01219751
0.64010000 0.01219972
0.64015000 0.01220193
0.64020000 0.01220414
0.64025000 0.01220634
0.64030000 0.01220855
0.64035000 0.01221075
0.64040000 0.01221295
0.64045000 0.01221516
0.64050000 0.01221736
0.64055000 0.01221956
0.64060000 0.01222176
0.64065000 0.01222396
0.64070000 0.01222615
0.64075000 0.01222835
0.64080000 0.01223055
0.64085000 0.01223274
0.64090000 0.01223494
0.64095000 0.01223713
0.64100000 0.01223932
0.64105000 0.01224152
0.64110000 0.01224371
0.64115000 0.01224590
0.64120000 0.01224809
0.64125000 0.01225028
0.64130000 0.01225246
0.64135000 0.01225465
0.64140000 0.01225684
0.64145000 0.01225902
0.64150000 0.01226120
0.64155000 0.01226339
0.64160000 0.01226557
0.64165000 0.01226775
0.64170000 0.01226993
0.64175000 0.01227211
0.64180000 0.01227429
0.64185000 0.01227647
0.64190000 0.01227865
0.64195000 0.01228082
0.64200000 0.01228300
0.64205000 0.01228517
0.64210000 0.01228735
0.64215000 0.01228952
0.64220000 0.01229169
0.64225000 0.01229386
0.64230000 0.01229603
0.64235000 0.01229820
0.64240000 0.01230037
0.64245000 0.01230254
0.64250000 0.01230470
0.64255000 0.01230687
0.64260000 0.01230903
0.64265000 0.01231120
0.64270000 0.01231336
0.64275000 0.01231552
0.64280000 0.01231768
0.64285000 0.01231984
0.64290000 0.01232200
0.64295000 0.01232416
0.64300000 0.01232632
0.64305000 0.01232848
0.64310000 0.01233063
0.64315000 0.01233279
0.64320000 0.01233494
0.64325000 0.01233710
0.64330000 0.01233925
0.64335000 0.01234140
0.64340000 0.01234355
0.64345000 0.01234570
0.64350000 0.01234785
0.64355000 0.01235000
0.64360000 0.01235214
0.64365000 0.01235429
0.64370000 0.01235643
0.64375000 0.01235858
0.64380000 0.01236072
0.64385000 0.01236286
0.64390000 0.01236501
0.64395000 0.01236715
0.64400000 0.01236929
0.64405000 0.01237142
0.64410000 0.01237356
0.64415000 0.01237570
0.64420000 0.01237784
0.64425000 0.01237997
0.64430000 0.01238211
0.64435000 0.01238424
0.64440000 0.01238637
0.64445000 0.01238850
0.64450000 0.01239063
0.64455000 0.01239276
0.64460000 0.01239489
0.64465000 0.01239702
0.64470000 0.01239915
0.64475000 0.01240127
0.64480000 0.01240340
0.64485000 0.01240552
0.64490000 0.01240765
0.64495000 0.01240977
0.64500000 0.01241189
0.64505000 0.01241401
0.64510000 0.01241613
0.64515000 0.01241825
0.64520000 0.01242037
0.64525000 0.01242248
0.64530000 0.01242460
0.64535000 0.01242672
0.64540000 0.01242883
0.64545000 0.01243094
0.64550000 0.01243306
0.64555000 0.01243517
0.64560000 0.01243728
0.64565000 0.01243939
0.64570000 0.01244150
0.64575000 0.01244360
0.64580000 0.01244571
0.64585000 0.01244782
0.64590000 0.01244992
0.64595000 0.01245203
0.64600000 0.01245413
0.64605000 0.01245623
0.64610000 0.01245833
0.64615000 0.01246043
0.64620000 0.01246253
0.64625000 0.01246463
0.64630000 0.01246673
0.64635000 0.01246882
0.64640000 0.01247092
0.64645000 0.01247302
0.64650000 0.01247511
0.64655000 0.01247720
0.64660000 0.01247929
0.64665000 0.01248138
0.64670000 0.01248348
0.64675000 0.01248556
0.64680000 0.01248765
0.64685000 0.01248974
0.64690000 0.01249183
0.64695000 0.01249391
0.64700000 0.01249600
0.64705000 0.01249808
0.64710000 0.01250016
0.64715000 0.01250224
0.64720000 0.01250432
0.64725000 0.01250640
0.64730000 0.01250848
0.64735000 0.01251056
0.64740000 0.01251264
0.64745000 0.01251471
0.64750000 0.01251679
0.64755000 0.01251886
0.64760000 0.01252094
0.64765000 0.01252301
0.64770000 0.01252508
0.64775000 0.01252715
0.64780000 0.01252922
0.64785000 0.01253129
0.64790000 0.01253336
0.64795000 0.01253542
0.64800000 0.01253749
0.64805000 0.01253955
0.64810000 0.01254162
0.64815000 0.01254368
0.64820000 0.01254574
0.64825000 0.01254780
0.64830000 0.01254986
0.64835000 0.01255192
0.64840000 0.01255398
0.64845000 0.01255604
0.64850000 0.01255809
0.64855000 0.01256015
0.64860000 0.01256220
0.64865000 0.01256425
0.64870000 0.01256631
0.64875000 0.01256836
0.64880000 0.01257041
0.64885000 0.01257246
0.64890000 0.01257451
0.64895000 0.01257655
0.64900000 0.01257860
0.64905000 0.01258065
0.64910000 0.01258269
0.64915000 0.01258473
0.64920000 0.01258678
0.64925000 0.01258882
0.64930000 0.01259086
0.64935000 0.01259290
0.64940000 0.01259494
0.64945000 0.01259698
0.64950000 0.01259901
0.64955000 0.01260105
0.64960000 0.01260308
0.64965000 0.01260512
0.64970000 0.01260715
0.64975000 0.01260918
0.64980000 0.01261121
0.64985000 0.01261324
0.64990000 0.01261527
0.64995000 0.01261730
0.65000000 0.01261933
0.65005000 0.01262135
0.65010000 0.01262338
0.65015000 0.01262540
0.65020000 0.01262743
0.65025000 0.01262945
0.65030000 0.01263147
0.65035000 0.01263349
0.65040000 0.01263551
0.65045000 0.01263753
0.65050000 0.01263954
0.65055000 0.01264156
0.65060000 0.01264358
0.65065000 0.01264559
0.65070000 0.01264760
0.65075000 0.01264962
0.65080000 0.01265163
0.65085000 0.01265364
0.65090000 0.01265565
0.65095000 0.01265766
0.65100000 0.01265966
0.65105000 0.01266167
0.65110000 0.01266368
0.65115000 0.01266568
0.65120000 0.01266768
0.65125000 0.01266969
0.65130000 0.01267169
0.65135000 0.01267369
0.65140000 0.01267569
0.65145000 0.01267769
0.65150000 0.01267969
0.65155000 0.01268168
0.65160000 0.01268368
0.65165000 0.01268567
0.65170000 0.01268767
0.65175000 0.01268966
0.65180000 0.01269165
0.65185000 0.01269364
0.65190000 0.01269563
0.65195000 0.01269762
0.65200000 0.01269961
0.65205000 0.01270159
0.65210000 0.01270358
0.65215000 0.01270556
0.65220000 0.01270755
0.65225000 0.01270953
0.65230000 0.01271151
0.65235000 0.01271349
0.65240000 0.01271547
0.65245000 0.01271745
0.65250000 0.01271943
0.65255000 0.01272141
0.65260000 0.01272338
0.65265000 0.01272536
0.65270000 0.01272733
0.65275000 0.01272930
0.65280000 0.01273128
0.65285000 0.01273325
0.65290000 0.01273522
0.65295000 0.01273718
0.65300000 0.01273915
0.65305000 0.01274112
0.65310000 0.01274308
0.65315000 0.01274505
0.65320000 0.01274701
0.65325000 0.01274898
0.65330000 0.01275094
0.65335000 0.01275290
0.65340000 0.01275486
0.65345000 0.01275682
0.65350000 0.01275877
0.65355000 0.01276073
0.65360000 0.01276269
0.65365000 0.01276464
0.65370000 0.01276659
0.65375000 0.01276855
0.65380000 0.01277050
0.65385000 0.01277245
0.65390000 0.01277440
0.65395000 0.01277635
0.65400000 0.01277829
0.65405000 0.01278024
0.65410000 0.01278218
0.65415000 0.01278413
0.65420000 0.01278607
0.65425000 0.01278801
0.65430000 0.01278996
0.65435000 0.01279190
0.65440000 0.01279383
0.65445000 0.01279577
0.65450000 0.01279771
0.65455000 0.01279965
0.65460000 0.01280158
0.65465000 0.01280352
0.65470000 0.01280545
0.65475000 0.01280738
0.65480000 0.01280931
0.65485000 0.01281124
0.65490000 0.01281317
0.65495000 0.01281510
0.65500000 0.01281703
0.65505000 0.01281895
0.65510000 0.01282088
0.65515000 0.01282280
0.65520000 0.01282472
0.65525000 0.01282664
0.65530000 0.01282856
0.65535000 0.01283048
0.65540000 0.01283240
0.65545000 0.01283432
0.65550000 0.01283624
0.65555000 0.01283815
0.65560000 0.01284007
0.65565000 0.01284198
0.65570000 0.01284389
0.65575000 0.01284580
0.65580000 0.01284771
0.65585000 0.01284962
0.65590000 0.01285153
0.65595000 0.01285344
0.65600000 0.01285534
0.65605000 0.01285725
0.65610000 0.01285915
0.65615000 0.01286106
0.65620000 0.01286296
0.65625000 0.01286486
0.65630000 0.01286676
0.65635000 0.01286866
0.65640000 0.01287056
0.65645000 0.01287245
0.65650000 0.01287435
0.65655000 0.01287624
0.65660000 0.01287814
0.65665000 0.01288003
0.65670000 0.01288192
0.65675000 0.01288381
0.65680000 0.01288570
0.65685000 0.01288759
0.65690000 0.01288948
0.65695000 0.01289136
0.65700000 0.01289325
0.65705000 0.01289513
0.65710000 0.01289701
0.65715000 0.01289890
0.65720000 0.01290078
0.65725000 0.01290266
0.65730000 0.01290454
0.65735000 0.01290641
0.65740000 0.01290829
0.65745000 0.01291017
0.65750000 0.01291204
0.65755000 0.01291391
0.65760000 0.01291579
0.65765000 0.01291766
0.65770000 0.01291953
0.65775000 0.01292140
0.65780000 0.01292327
0.65785000 0.01292513
0.65790000 0.01292700
0.65795000 0.01292886
0.65800000 0.01293073
0.65805000 0.01293259
0.65810000 0.01293445
0.65815000 0.01293631
0.65820000 0.01293817
0.65825000 0.01294003
0.65830000 0.01294189
0.65835000 0.01294374
0.65840000 0.01294560
0.65845000 0.01294745
0.65850000 0.01294931
0.65855000 0.01295116
0.65860000 0.01295301
0.65865000 0.01295486
0.65870000 0.01295671
0.65875000 0.01295856
0.65880000 0.01296040
0.65885000 0.01296225
0.65890000 0.01296410
0.65895000 0.01296594
0.65900000 0.01296778
0.65905000 0.01296962
0.65910000 0.01297146
0.65915000 0.01297330
0.65920000 0.01297514
0.65925000 0.01297698
0.65930000 0.01297881
0.65935000 0.01298065
0.65940000 0.01298248
0.65945000 0.01298431
0.65950000 0.01298615
0.65955000 0.01298798
0.65960000 0.01298981
0.65965000 0.01299164
0.65970000 0.01299346
0.65975000 0.01299529
0.65980000 0.01299711
0.65985000 0.01299894
0.65990000 0.01300076
0.65995000 0.01300258
0.66000000 0.01300440
0.66005000 0.01300622
0.66010000 0.01300804
0.66015000 0.01300986
0.66020000 0.01301168
0.66025000 0.01301349
0.66030000 0.01301531
0.66035000 0.01301712
0.66040000 0.01301893
0.66045000 0.01302074
0.66050000 0.01302255
0.66055000 0.01302436
0.66060000 0.01302617
0.66065000 0.01302797
0.66070000 0.01302978
0.66075000 0.01303158
0.66080000 0.01303339
0.66085000 0.01303519
0.66090000 0.01303699
0.66095000 0.01303879
0.66100000 0.01304059
0.66105000 0.01304239
0.66110000 0.01304419
0.66115000 0.01304598
0.66120000 0.01304778
0.66125000 0.01304957
0.66130000 0.01305136
0.66135000 0.01305315
0.66140000 0.01305494
0.66145000 0.01305673
0.66150000 0.01305852
0.66155000 0.01306031
0.66160000 0.01306209
0.66165000 0.01306388
0.66170000 0.01306566
0.66175000 0.01306744
0.66180000 0.01306922
0.66185000 0.01307100
0.66190000 0.01307278
0.66195000 0.01307456
0.66200000 0.01307634
0.66205000 0.01307811
0.66210000 0.01307989
0.66215000 0.01308166
0.66220000 0.01308343
0.66225000 0.01308520
0.66230000 0.01308697
0.66235000 0.01308874
0.66240000 0.01309051
0.66245000 0.01309228
0.66250000 0.01309404
0.66255000 0.01309581
0.66260000 0.01309757
0.66265000 0.01309933
0.66270000 0.01310110
0.66275000 0.01310286
0.66280000 0.01310461
0.66285000 0.01310637
0.66290000 0.01310813
0.66295000 0.01310988
0.66300000 0.01311164
0.66305000 0.01311339
0.66310000 0.01311514
0.66315000 0.01311690
0.66320000 0.01311865
0.66325000 0.01312039
0.66330000 0.01312214
0.66335000 0.01312389
0.66340000 0.01312563
0.66345000 0.01312738
0.66350000 0.01312912
0.66355000 0.01313086
0.66360000 0.01313261
0.66365000 0.01313434
0.66370000 0.01313608
0.66375000 0.01313782
0.66380000 0.01313956
0.66385000 0.01314129
0.66390000 0.01314303
0.66395000 0.01314476
0.66400000 0.01314649
0.66405000 0.01314822
0.66410000 0.01314995
0.66415000 0.01315168
0.66420000 0.01315341
0.66425000 0.01315513
0.66430000 0.01315686
0.66435000 0.01315858
0.66440000 0.01316031
0.66445000 0.01316203
0.66450000 0.01316375
0.66455000 0.01316547
0.66460000 0.01316719
0.66465000 0.01316890
0.66470000 0.01317062
0.66475000 0.01317233
0.66480000 0.01317405
0.66485000 0.01317576
0.66490000 0.01317747
0.66495000 0.01317918
0.66500000 0.01318089
0.66505000 0.01318260
0.66510000 0.01318431
0.66515000 0.01318601
0.66520000 0.01318772
0.66525000 0.01318942
0.66530000 0.01319112
0.66535000 0.01319282
0.66540000 0.01319452
0.66545000 0.01319622
0.66550000 0.01319792
0.66555000 0.01319962
0.66560000 0.01320131
0.66565000 0.01320301
0.66570000 0.01320470
0.66575000 0.01320639
0.66580000 0.01320808
0.66585000 0.01320977
0.66590000 0.01321146
0.66595000 0.01321315
0.66600000 0.01321483
0.66605000 0.01321652
0.66610000 0.01321820
0.66615000 0.01321988
0.66620000 0.01322157
0.66625000 0.01322325
0.66630000 0.01322492
0.66635000 0.01322660
0.66640000 0.01322828
0.66645000 0.01322996
0.66650000 0.01323163
0.66655000 0.01323330
0.66660000 0.01323498
0.66665000 0.01323665
0.66670000 0.01323832
0.66675000 0.01323998
0.66680000 0.01324165
0.66685000 0.01324332
0.66690000 0.01324498
0.66695000 0.01324665
0.66700000 0.01324831
0.66705000 0.01324997
0.66710000 0.01325163
0.66715000 0.01325329
0.66720000 0.01325495
0.66725000 0.01325661
0.66730000 0.01325826
0.66735000 0.01325992
0.66740000 0.01326157
0.66745000 0.01326322
0.66750000 0.01326488
0.66755000 0.01326653
0.66760000 0.01326817
0.66765000 0.01326982
0.66770000 0.01327147
0.66775000 0.01327311
0.66780000 0.01327476
0.66785000 0.01327640
0.66790000 0.01327804
0.66795000 0.01327968
0.66800000 0.01328132
0.66805000 0.01328296
0.66810000 0.01328460
0.66815000 0.01328623
0.66820000 0.01328787
0.66825000 0.01328950
0.66830000 0.01329113
0.66835000 0.01329277
0.66840000 0.01329440
0.66845000 0.01329602
0.66850000 0.01329765
0.66855000 0.01329928
0.66860000 0.01330090
0.66865000 0.01330253
0.66870000 0.01330415
0.66875000 0.01330577
0.66880000 0.01330739
0.66885000 0.01330901
0.66890000 0.01331063
0.66895000 0.01331225
0.66900000 0.01331386
0.66905000 0.01331548
0.66910000 0.01331709
0.66915000 0.01331870
0.66920000 0.01332031
0.66925000 0.01332192
0.66930000 0.01332353
0.66935000 0.01332514
0.66940000 0.01332675
0.66945000 0.01332835
0.66950000 0.01332995
0.66955000 0.01333156
0.66960000 0.01333316
0.66965000 0.01333476
0.66970000 0.01333636
0.66975000 0.01333796
0.66980000 0.01333955
0.66985000 0.01334115
0.66990000 0.01334274
0.66995000 0.01334434
0.67000000 0.01334593
0.67005000 0.01334752
0.67010000 0.01334911
0.67015000 0.01335070
0.67020000 0.01335228
0.67025000 0.01335387
0.67030000 0.01335545
0.67035000 0.01335704
0.67040000 0.01335862
0.67045000 0.01336020
0.67050000 0.01336178
0.67055000 0.01336336
0.67060000 0.01336494
0.67065000 0.01336651
0.67070000 0.01336809
0.67075000 0.01336966
0.67080000 0.01337123
0.67085000 0.01337281
0.67090000 0.01337438
0.67095000 0.01337594
0.67100000 0.01337751
0.67105000 0.01337908
0.67110000 0.01338064
0.67115000 0.01338221
0.67120000 0.01338377
0.67125000 0.01338533
0.67130000 0.01338689
0.67135000 0.01338845
0.67140000 0.01339001
0.67145000 0.01339157
0.67150000 0.01339312
0.67155000 0.01339468
0.67160000 0.01339623
0.67165000 0.01339778
0.67170000 0.01339933
0.67175000 0.01340088
0.67180000 0.01340243
0.67185000 0.01340398
0.67190000 0.01340552
0.67195000 0.01340707
0.67200000 0.01340861
0.67205000 0.01341015
0.67210000 0.01341170
0.67215000 0.01341324
0.67220000 0.01341477
0.67225000 0.01341631
0.67230000 0.01341785
0.67235000 0.01341938
0.67240000 0.01342092
0.67245000 0.01342245
0.67250000 0.01342398
0.67255000 0.01342551
0.67260000 0.01342704
0.67265000 0.01342857
0.67270000 0.01343009
0.67275000 0.01343162
0.67280000 0.01343314
0.67285000 0.01343466
0.67290000 0.01343619
0.67295000 0.01343771
0.67300000 0.01343922
0.67305000 0.01344074
0.67310000 0.01344226
0.67315000 0.01344377
0.67320000 0.01344529
0.67325000 0.01344680
0.67330000 0.01344831
0.67335000 0.01344982
0.67340000 0.01345133
0.67345000 0.01345284
0.67350000 0.01345435
0.67355000 0.01345585
0.67360000 0.01345736
0.67365000 0.01345886
0.67370000 0.01346036
0.67375000 0.01346186
0.67380000 0.01346336
0.67385000 0.01346486
0.67390000 0.01346635
0.67395000 0.01346785
0.67400000 0.01346934
0.67405000 0.01347084
0.67410000 0.01347233
0.67415000 0.01347382
0.67420000 0.01347531
0.67425000 0.01347680
0.67430000 0.01347828
0.67435000 0.01347977
0.67440000 0.01348125
0.67445000 0.01348274
0.67450000 0.01348422
0.67455000 0.01348570
0.67460000 0.01348718
0.67465000 0.01348865
0.67470000 0.01349013
0.67475000 0.01349161
0.67480000 0.01349308
0.67485000 0.01349455
0.67490000 0.01349603
0.67495000 0.01349750
0.67500000 0.01349897
0.67505000 0.01350043
0.67510000 0.01350190
0.67515000 0.01350337
0.67520000 0.01350483
0.67525000 0.01350629
0.67530000 0.01350775
0.67535000 0.01350921
0.67540000 0.01351067
0.67545000 0.01351213
0.67550000 0.01351359
0.67555000 0.01351504
0.67560000 0.01351650
0.67565000 0.01351795
0.67570000 0.01351940
0.67575000 0.01352085
0.67580000 0.01352230
0.67585000 0.01352375
0.67590000 0.01352520
0.67595000 0.01352664
0.67600000 0.01352809
0.67605000 0.01352953
0.67610000 0.01353097
0.67615000 0.01353241
0.67620000 0.01353385
0.67625000 0.01353529
0.67630000 0.01353672
0.67635000 0.01353816
0.67640000 0.01353959
0.67645000 0.01354103
0.67650000 0.01354246
0.67655000 0.01354389
0.67660000 0.01354532
0.67665000 0.01354674
0.67670000 0.01354817
0.67675000 0.01354959
0.67680000 0.01355102
0.67685000 0.01355244
0.67690000 0.01355386
0.67695000 0.01355528
0.67700000 0.01355670
0.67705000 0.01355812
0.67710000 0.01355953
0.67715000 0.01356095
0.67720000 0.01356236
0.67725000 0.01356378
0.67730000 0.01356519
0.67735000 0.01356660
0.67740000 0.01356800
0.67745000 0.01356941
0.67750000 0.01357082
0.67755000 0.01357222
0.67760000 0.01357363
0.67765000 0.01357503
0.67770000 0.01357643
0.67775000 0.01357783
0.67780000 0.01357923
0.67785000 0.01358062
0.67790000 0.01358202
0.67795000 0.01358341
0.67800000 0.01358481
0.67805000 0.01358620
0.67810000 0.01358759
0.67815000 0.01358898
0.67820000 0.01359037
0.67825000 0.01359175
0.67830000 0.01359314
0.67835000 0.01359452
0.67840000 0.01359591
0.67845000 0.01359729
0.67850000 0.01359867
0.67855000 0.01360005
0.67860000 0.01360142
0.67865000 0.01360280
0.67870000 0.01360417
0.67875000 0.01360555
0.67880000 0.01360692
0.67885000 0.01360829
0.67890000 0.01360966
0.67895000 0.01361103
0.67900000 0.01361240
0.67905000 0.01361376
0.67910000 0.01361513
0.67915000 0.01361649
0.67920000 0.01361785
0.67925000 0.01361922
0.67930000 0.01362057
0.67935000 0.01362193
0.67940000 0.01362329
0.67945000 0.01362465
0.67950000 0.01362600
0.67955000 0.01362735
0.67960000 0.01362870
0.67965000 0.01363006
0.67970000 0.01363140
0.67975000 0.01363275
0.67980000 0.01363410
0.67985000 0.01363544
0.67990000 0.01363679
0.67995000 0.01363813
0.68000000 0.01363947
0.68005000 0.01364081
0.68010000 0.01364215
0.68015000 0.01364349
0.68020000 0.01364482
0.68025000 0.01364616
0.68030000 0.01364749
0.68035000 0.01364882
0.68040000 0.01365016
0.68045000 0.01365148
0.68050000 0.01365281
0.68055000 0.01365414
0.68060000 0.01365547
0.68065000 0.01365679
0.68070000 0.01365811
0.68075000 0.01365943
0.68080000 0.01366076
0.68085000 0.01366207
0.68090000 0.01366339
0.68095000 0.01366471
0.68100000 0.01366602
0.68105000 0.01366734
0.68110000 0.01366865
0.68115000 0.01366996
0.68120000 0.01367127
0.68125000 0.01367258
0.68130000 0.01367389
0.68135000 0.01367519
0.68140000 0.01367650
0.68145000 0.01367780
0.68150000 0.01367910
0.68155000 0.01368040
0.68160000 0.01368170
0.68165000 0.01368300
0.68170000 0.01368430
0.68175000 0.01368559
0.68180000 0.01368689
0.68185000 0.01368818
0.68190000 0.01368947
0.68195000 0.01369076
0.68200000 0.01369205
0.68205000 0.01369334
0.68210000 0.01369462
0.68215000 0.01369591
0.68220000 0.01369719
0.68225000 0.01369847
0.68230000 0.01369975
0.68235000 0.01370103
0.68240000 0.01370231
0.68245000 0.01370359
0.68250000 0.01370486
0.68255000 0.01370614
0.68260000 0.01370741
0.68265000 0.01370868
0.68270000 0.01370995
0.68275000 0.01371122
0.68280000 0.01371249
0.68285000 0.01371375
0.68290000 0.01371502
0.68295000 0.01371628
0.68300000 0.01371754
0.68305000 0.01371881
0.68310000 0.01372007
0.68315000 0.01372132
0.68320000 0.01372258
0.68325000 0.01372384
0.68330000 0.01372509
0.68335000 0.01372634
0.68340000 0.01372759
0.68345000 0.01372884
0.68350000 0.01373009
0.68355000 0.01373134
0.68360000 0.01373259
0.68365000 0.01373383
0.68370000 0.01373507
0.68375000 0.01373632
0.68380000 0.01373756
0.68385000 0.01373880
0.68390000 0.01374003
0.68395000 0.01374127
0.68400000 0.01374251
0.68405000 0.01374374
0.68410000 0.01374497
0.68415000 0.01374620
0.68420000 0.01374743
0.68425000 0.01374866
0.68430000 0.01374989
0.68435000 0.01375112
0.68440000 0.01375234
0.68445000 0.01375356
0.68450000 0.01375479
0.68455000 0.01375601
0.68460000 0.01375723
0.68465000 0.01375844
0.68470000 0.01375966
0.68475000 0.01376087
0.68480000 0.01376209
0.68485000 0.01376330
0.68490000 0.01376451
0.68495000 0.01376572
0.68500000 0.01376693
0.68505000 0.01376814
0.68510000 0.01376934
0.68515000 0.01377055
0.68520000 0.01377175
0.68525000 0.01377295
0.68530000 0.01377415
0.68535000 0.01377535
0.68540000 0.01377655
0.68545000 0.01377774
0.68550000 0.01377894
0.68555000 0.01378013
0.68560000 0.01378132
0.68565000 0.01378251
0.68570000 0.01378370
0.68575000 0.01378489
0.68580000 0.01378608
0.68585000 0.01378726
0.68590000 0.01378845
0.68595000 0.01378963
0.68600000 0.01379081
0.68605000 0.01379199
0.68610000 0.01379317
0.68615000 0.01379435
0.68620000 0.01379552
0.68625000 0.01379670
0.68630000 0.01379787
0.68635000 0.01379904
0.68640000 0.01380021
0.68645000 0.01380138
0.68650000 0.01380255
0.68655000 0.01380371
0.68660000 0.01380488
0.68665000 0.01380604
0.68670000 0.01380720
0.68675000 0.01380836
0.68680000 0.01380952
0.68685000 0.01381068
0.68690000 0.01381184
0.68695000 0.01381299
0.68700000 0.01381415
0.68705000 0.01381530
0.68710000 0.01381645
0.68715000 0.01381760
0.68720000 0.01381875
0.68725000 0.01381990
0.68730000 0.01382104
0.68735000 0.01382218
0.68740000 0.01382333
0.68745000 0.01382447
0.68750000 0.01382561
0.68755000 0.01382675
0.68760000 0.01382788
0.68765000 0.01382902
0.68770000 0.01383015
0.68775000 0.01383129
0.68780000 0.01383242
0.68785000 0.01383355
0.68790000 0.01383468
0.68795000 0.01383581
0.68800000 0.01383693
0.68805000 0.01383806
0.68810000 0.01383918
0.68815000 0.01384030
0.68820000 0.01384142
0.68825000 0.01384254
0.68830000 0.01384366
0.68835000 0.01384478
0.68840000 0.01384589
0.68845000 0.01384701
0.68850000 0.01384812
0.68855000 0.01384923
0.68860000 0.01385034
0.68865000 0.01385145
0.68870000 0.01385255
0.68875000 0.01385366
0.68880000 0.01385476
0.68885000 0.01385587
0.68890000 0.01385697
0.68895000 0.01385807
0.68900000 0.01385916
0.68905000 0.01386026
0.68910000 0.01386136
0.68915000 0.01386245
0.68920000 0.01386354
0.68925000 0.01386464
0.68930000 0.01386573
0.68935000 0.01386681
0.68940000 0.01386790
0.68945000 0.01386899
0.68950000 0.01387007
0.68955000 0.01387116
0.68960000 0.01387224
0.68965000 0.01387332
0.68970000 0.01387440
0.68975000 0.01387547
0.68980000 0.01387655
0.68985000 0.01387762
0.68990000 0.01387870
0.68995000 0.01387977
0.69000000 0.01388084
0.69005000 0.01388191
0.69010000 0.01388298
0.69015000 0.01388404
0.69020000 0.01388511
0.69025000 0.01388617
0.69030000 0.01388723
0.69035000 0.01388829
0.69040000 0.01388935
0.69045000 0.01389041
0.69050000 0.01389147
0.69055000 0.01389252
0.69060000 0.01389358
0.69065000 0.01389463
0.69070000 0.01389568
0.69075000 0.01389673
0.69080000 0.01389778
0.69085000 0.01389882
0.69090000 0.01389987
0.69095000 0.01390091
0.69100000 0.01390195
0.69105000 0.01390299
0.69110000 0.01390403
0.69115000 0.01390507
0.69120000 0.01390611
0.69125000 0.01390714
0.69130000 0.01390818
0.69135000 0.01390921
0.69140000 0.01391024
0.69145000 0.01391127
0.69150000 0.01391230
0.69155000 0.01391333
0.69160000 0.01391435
0.69165000 0.01391537
0.69170000 0.01391640
0.69175000 0.01391742
0.69180000 0.01391844
0.69185000 0.01391946
0.69190000 0.01392047
0.69195000 0.01392149
0.69200000 0.01392250
0.69205000 0.01392351
0.69210000 0.01392453
0.69215000 0.01392554
0.69220000 0.01392654
0.69225000 0.01392755
0.69230000 0.01392856
0.69235000 0.01392956
0.69240000 0.01393056
0.69245000 0.01393156
0.69250000 0.01393256
0.69255000 0.01393356
0.69260000 0.01393456
0.69265000 0.01393555
0.69270000 0.01393655
0.69275000 0.01393754
0.69280000 0.01393853
0.69285000 0.01393952
0.69290000 0.01394051
0.69295000 0.01394150
0.69300000 0.01394248
0.69305000 0.01394347
0.69310000 0.01394445
0.69315000 0.01394543
0.69320000 0.01394641
0.69325000 0.01394739
0.69330000 0.01394836
0.69335000 0.01394934
0.69340000 0.01395031
0.69345000 0.01395129
0.69350000 0.01395226
0.69355000 0.01395323
0.69360000 0.01395420
0.69365000 0.01395516
0.69370000 0.01395613
0.69375000 0.01395709
0.69380000 0.01395805
0.69385000 0.01395902
0.69390000 0.01395997
0.69395000 0.01396093
0.69400000 0.01396189
0.69405000 0.01396284
0.69410000 0.01396380
0.69415000 0.01396475
0.69420000 0.01396570
0.69425000 0.01396665
0.69430000 0.01396760
0.69435000 0.01396855
0.69440000 0.01396949
0.69445000 0.01397044
0.69450000 0.01397138
0.69455000 0.01397232
0.69460000 0.01397326
0.69465000 0.01397420
0.69470000 0.01397513
0.69475000 0.01397607
0.69480000 0.01397700
0.69485000 0.01397793
0.69490000 0.01397886
0.69495000 0.01397979
0.69500000 0.01398072
0.69505000 0.01398165
0.69510000 0.01398257
0.69515000 0.01398350
0.69520000 0.01398442
0.69525000 0.01398534
0.69530000 0.01398626
0.69535000 0.01398718
0.69540000 0.01398809
0.69545000 0.01398901
0.69550000 0.01398992
0.69555000 0.01399083
0.69560000 0.01399174
0.69565000 0.01399265
0.69570000 0.01399356
0.69575000 0.01399446
0.69580000 0.01399537
0.69585000 0.01399627
0.69590000 0.01399717
0.69595000 0.01399807
0.69600000 0.01399897
0.69605000 0.01399987
0.69610000 0.01400077
0.69615000 0.01400166
0.69620000 0.01400255
0.69625000 0.01400345
0.69630000 0.01400434
0.69635000 0.01400522
0.69640000 0.01400611
0.69645000 0.01400700
0.69650000 0.01400788
0.69655000 0.01400876
0.69660000 0.01400964
0.69665000 0.01401052
0.69670000 0.01401140
0.69675000 0.01401228
0.69680000 0.01401316
0.69685000 0.01401403
0.69690000 0.01401490
0.69695000 0.01401577
0.69700000 0.01401664
0.69705000 0.01401751
0.69710000 0.01401838
0.69715000 0.01401924
0.69720000 0.01402011
0.69725000 0.01402097
0.69730000 0.01402183
0.69735000 0.01402269
0.69740000 0.01402355
0.69745000 0.01402440
0.69750000 0.01402526
0.69755000 0.01402611
0.69760000 0.01402696
0.69765000 0.01402781
0.69770000 0.01402866
0.69775000 0.01402951
0.69780000 0.01403036
0.69785000 0.01403120
0.69790000 0.01403204
0.69795000 0.01403288
0.69800000 0.01403372
0.69805000 0.01403456
0.69810000 0.01403540
0.69815000 0.01403624
0.69820000 0.01403707
0.69825000 0.01403790
0.69830000 0.01403873
0.69835000 0.01403956
0.69840000 0.01404039
0.69845000 0.01404122
0.69850000 0.01404204
0.69855000 0.01404287
0.69860000 0.01404369
0.69865000 0.01404451
0.69870000 0.01404533
0.69875000 0.01404615
0.69880000 0.01404697
0.69885000 0.01404778
0.69890000 0.01404859
0.69895000 0.01404941
0.69900000 0.01405022
0.69905000 0.01405103
0.69910000 0.01405183
0.69915000 0.01405264
0.69920000 0.01405344
0.69925000 0.01405425
0.69930000 0.01405505
0.69935000 0.01405585
0.69940000 0.01405665
0.69945000 0.01405744
0.69950000 0.01405824
0.69955000 0.01405903
0.69960000 0.01405983
0.69965000 0.01406062
0.69970000 0.01406141
0.69975000 0.01406220
0.69980000 0.01406298
0.69985000 0.01406377
0.69990000 0.01406455
0.69995000 0.01406533
0.70000000 0.01406612
0.70005000 0.01406689
0.70010000 0.01406767
0.70015000 0.01406845
0.70020000 0.01406922
0.70025000 0.01407000
0.70030000 0.01407077
0.70035000 0.01407154
0.70040000 0.01407231
0.70045000 0.01407307
0.70050000 0.01407384
0.70055000 0.01407461
0.70060000 0.01407537
0.70065000 0.01407613
0.70070000 0.01407689
0.70075000 0.01407765
0.70080000 0.01407840
0.70085000 0.01407916
0.70090000 0.01407991
0.70095000 0.01408067
0.70100000 0.01408142
0.70105000 0.01408217
0.70110000 0.01408291
0.70115000 0.01408366
0.70120000 0.01408440
0.70125000 0.01408515
0.70130000 0.01408589
0.70135000 0.01408663
0.70140000 0.01408737
0.70145000 0.01408811
0.70150000 0.01408884
0.70155000 0.01408958
0.70160000 0.01409031
0.70165000 0.01409104
0.70170000 0.01409177
0.70175000 0.01409250
0.70180000 0.01409323
0.70185000 0.01409395
0.70190000 0.01409467
0.70195000 0.01409540
0.70200000 0.01409612
0.70205000 0.01409684
0.70210000 0.01409755
0.70215000 0.01409827
0.70220000 0.01409899
0.70225000 0.01409970
0.70230000 0.01410041
0.70235000 0.01410112
0.70240000 0.01410183
0.70245000 0.01410254
0.70250000 0.01410324
0.70255000 0.01410395
0.70260000 0.01410465
0.70265000 0.01410535
0.70270000 0.01410605
0.70275000 0.01410675
0.70280000 0.01410744
0.70285000 0.01410814
0.70290000 0.01410883
0.70295000 0.01410952
0.70300000 0.01411021
0.70305000 0.01411090
0.70310000 0.01411159
0.70315000 0.01411228
0.70320000 0.01411296
0.70325000 0.01411364
0.70330000 0.01411433
0.70335000 0.01411501
0.70340000 0.01411568
0.70345000 0.01411636
0.70350000 0.01411704
0.70355000 0.01411771
0.70360000 0.01411838
0.70365000 0.01411905
0.70370000 0.01411972
0.70375000 0.01412039
0.70380000 0.01412106
0.70385000 0.01412172
0.70390000 0.01412238
0.70395000 0.01412304
0.70400000 0.01412370
0.70405000 0.01412436
0.70410000 0.01412502
0.70415000 0.01412568
0.70420000 0.01412633
0.70425000 0.01412698
0.70430000 0.01412763
0.70435000 0.01412828
0.70440000 0.01412893
0.70445000 0.01412958
0.70450000 0.01413022
0.70455000 0.01413086
0.70460000 0.01413151
0.70465000 0.01413215
0.70470000 0.01413279
0.70475000 0.01413342
0.70480000 0.01413406
0.70485000 0.01413469
0.70490000 0.01413532
0.70495000 0.01413596
0.70500000 0.01413658
0.70505000 0.01413721
0.70510000 0.01413784
0.70515000 0.01413846
0.70520000 0.01413909
0.70525000 0.01413971
0.70530000 0.01414033
0.70535000 0.01414095
0.70540000 0.01414157
0.70545000 0.01414218
0.70550000 0.01414279
0.70555000 0.01414341
0.70560000 0.01414402
0.70565000 0.01414463
0.70570000 0.01414524
0.70575000 0.01414584
0.70580000 0.01414645
0.70585000 0.01414705
0.70590000 0.01414765
0.70595000 0.01414825
0.70600000 0.01414885
0.70605000 0.01414945
0.70610000 0.01415004
0.70615000 0.01415064
0.70620000 0.01415123
0.70625000 0.01415182
0.70630000 0.01415241
0.70635000 0.01415300
0.70640000 0.01415359
0.70645000 0.01415417
0.70650000 0.01415475
0.70655000 0.01415533
0.70660000 0.01415591
0.70665000 0.01415649
0.70670000 0.01415707
0.70675000 0.01415765
0.70680000 0.01415822
0.70685000 0.01415879
0.70690000 0.01415936
0.70695000 0.01415993
0.70700000 0.01416050
0.70705000 0.01416107
0.70710000 0.01416163
0.70715000 0.01416219
0.70720000 0.01416276
0.70725000 0.01416332
0.70730000 0.01416387
0.70735000 0.01416443
0.70740000 0.01416499
0.70745000 0.01416554
0.70750000 0.01416609
0.70755000 0.01416664
0.70760000 0.01416719
0.70765000 0.01416774
0.70770000 0.01416829
0.70775000 0.01416883
0.70780000 0.01416937
0.70785000 0.01416992
0.70790000 0.01417046
0.70795000 0.01417099
0.70800000 0.01417153
0.70805000 0.01417207
0.70810000 0.01417260
0.70815000 0.01417313
0.70820000 0.01417366
0.70825000 0.01417419
0.70830000 0.01417472
0.70835000 0.01417524
0.70840000 0.01417577
0.70845000 0.01417629
0.70850000 0.01417681
0.70855000 0.01417733
0.70860000 0.01417785
0.70865000 0.01417837
0.70870000 0.01417888
0.70875000 0.01417939
0.70880000 0.01417991
0.70885000 0.01418042
0.70890000 0.01418092
0.70895000 0.01418143
0.70900000 0.01418194
0.70905000 0.01418244
0.70910000 0.01418294
0.70915000 0.01418344
0.70920000 0.01418394
0.70925000 0.01418444
0.70930000 0.01418494
0.70935000 0.01418543
0.70940000 0.01418592
0.70945000 0.01418642
0.70950000 0.01418691
0.70955000 0.01418739
0.70960000 0.01418788
0.70965000 0.01418837
0.70970000 0.01418885
0.70975000 0.01418933
0.70980000 0.01418981
0.70985000 0.01419029
0.70990000 0.01419077
0.70995000 0.01419124
0.71000000 0.01419172
0.71005000 0.01419219
0.71010000 0.01419266
0.71015000 0.01419313
0.71020000 0.01419360
0.71025000 0.01419406
0.71030000 0.01419453
0.71035000 0.01419499
0.71040000 0.01419545
0.71045000 0.01419591
0.71050000 0.01419637
0.71055000 0.01419683
0.71060000 0.01419728
0.71065000 0.01419774
0.71070000 0.01419819
0.71075000 0.01419864
0.71080000 0.01419909
0.71085000 0.01419954
0.71090000 0.01419998
0.71095000 0.01420043
0.71100000 0.01420087
0.71105000 0.01420131
0.71110000 0.01420175
0.71115000 0.01420219
0.71120000 0.01420262
0.71125000 0.01420306
0.71130000 0.01420349
0.71135000 0.01420392
0.71140000 0.01420435
0.71145000 0.01420478
0.71150000 0.01420521
0.71155000 0.01420563
0.71160000 0.01420606
0.71165000 0.01420648
0.71170000 0.01420690
0.71175000 0.01420732
0.71180000 0.01420774
0.71185000 0.01420815
0.71190000 0.01420857
0.71195000 0.01420898
0.71200000 0.01420939
0.71205000 0.01420980
0.71210000 0.01421021
0.71215000 0.01421061
0.71220000 0.01421102
0.71225000 0.01421142
0.71230000 0.01421182
0.71235000 0.01421222
0.71240000 0.01421262
0.71245000 0.01421302
0.71250000 0.01421341
0.71255000 0.01421380
0.71260000 0.01421420
0.71265000 0.01421459
0.71270000 0.01421498
0.71275000 0.01421536
0.71280000 0.01421575
0.71285000 0.01421613
0.71290000 0.01421651
0.71295000 0.01421689
0.71300000 0.01421727
0.71305000 0.01421765
0.71310000 0.01421803
0.71315000 0.01421840
0.71320000 0.01421877
0.71325000 0.01421915
0.71330000 0.01421952
0.71335000 0.01421988
0.71340000 0.01422025
0.71345000 0.01422061
0.71350000 0.01422098
0.71355000 0.01422134
0.71360000 0.01422170
0.71365000 0.01422206
0.71370000 0.01422241
0.71375000 0.01422277
0.71380000 0.01422312
0.71385000 0.01422347
0.71390000 0.01422383
0.71395000 0.01422417
0.71400000 0.01422452
0.71405000 0.01422487
0.71410000 0.01422521
0.71415000 0.01422555
0.71420000 0.01422589
0.71425000 0.01422623
0.71430000 0.01422657
0.71435000 0.01422691
0.71440000 0.01422724
0.71445000 0.01422757
0.71450000 0.01422790
0.71455000 0.01422823
0.71460000 0.01422856
0.71465000 0.01422889
0.71470000 0.01422921
0.71475000 0.01422954
0.71480000 0.01422986
0.71485000 0.01423018
0.71490000 0.01423050
0.71495000 0.01423081
0.71500000 0.01423113
0.71505000 0.01423144
0.71510000 0.01423175
0.71515000 0.01423206
0.71520000 0.01423237
0.71525000 0.01423268
0.71530000 0.01423298
0.71535000 0.01423329
0.71540000 0.01423359
0.71545000 0.01423389
0.71550000 0.01423419
0.71555000 0.01423449
0.71560000 0.01423478
0.71565000 0.01423508
0.71570000 0.01423537
0.71575000 0.01423566
0.71580000 0.01423595
0.71585000 0.01423624
0.71590000 0.01423652
0.71595000 0.01423681
0.71600000 0.01423709
0.71605000 0.01423737
0.71610000 0.01423765
0.71615000 0.01423793
0.71620000 0.01423821
0.71625000 0.01423848
0.71630000 0.01423875
0.71635000 0.01423903
0.71640000 0.01423930
0.71645000 0.01423956
0.71650000 0.01423983
0.71655000 0.01424010
0.71660000 0.01424036
0.71665000 0.01424062
0.71670000 0.01424088
0.71675000 0.01424114
0.71680000 0.01424140
0.71685000 0.01424165
0.71690000 0.01424191
0.71695000 0.01424216
0.71700000 0.01424241
0.71705000 0.01424266
0.71710000 0.01424290
0.71715000 0.01424315
0.71720000 0.01424339
0.71725000 0.01424364
0.71730000 0.01424388
0.71735000 0.01424412
0.71740000 0.01424435
0.71745000 0.01424459
0.71750000 0.01424482
0.71755000 0.01424506
0.71760000 0.01424529
0.71765000 0.01424552
0.71770000 0.01424574
0.71775000 0.01424597
0.71780000 0.01424619
0.71785000 0.01424642
0.71790000 0.01424664
0.71795000 0.01424686
0.71800000 0.01424708
0.71805000 0.01424729
0.71810000 0.01424751
0.71815000 0.01424772
0.71820000 0.01424793
0.71825000 0.01424814
0.71830000 0.01424835
0.71835000 0.01424856
0.71840000 0.01424876
0.71845000 0.01424896
0.71850000 0.01424917
0.71855000 0.01424937
0.71860000 0.01424956
0.71865000 0.01424976
0.71870000 0.01424996
0.71875000 0.01425015
0.71880000 0.01425034
0.71885000 0.01425053
0.71890000 0.01425072
0.71895000 0.01425091
0.71900000 0.01425109
0.71905000 0.01425128
0.71910000 0.01425146
0.71915000 0.01425164
0.71920000 0.01425182
0.71925000 0.01425200
0.71930000 0.01425217
0.71935000 0.01425234
0.71940000 0.01425252
0.71945000 0.01425269
0.71950000 0.01425286
0.71955000 0.01425302
0.71960000 0.01425319
0.71965000 0.01425335
0.71970000 0.01425352
0.71975000 0.01425368
0.71980000 0.01425384
0.71985000 0.01425399
0.71990000 0.01425415
0.71995000 0.01425430
0.72000000 0.01425446
0.72005000 0.01425461
0.72010000 0.01425476
0.72015000 0.01425490
0.72020000 0.01425505
0.72025000 0.01425519
0.72030000 0.01425534
0.72035000 0.01425548
0.72040000 0.01425562
0.72045000 0.01425576
0.72050000 0.01425589
0.72055000 0.01425603
0.72060000 0.01425616
0.72065000 0.01425629
0.72070000 0.01425642
0.72075000 0.01425655
0.72080000 0.01425667
0.72085000 0.01425680
0.72090000 0.01425692
0.72095000 0.01425704
0.72100000 0.01425716
0.72105000 0.01425728
0.72110000 0.01425740
0.72115000 0.01425751
0.72120000 0.01425762
0.72125000 0.01425774
0.72130000 0.01425785
0.72135000 0.01425795
0.72140000 0.01425806
0.72145000 0.01425817
0.72150000 0.01425827
0.72155000 0.01425837
0.72160000 0.01425847
0.72165000 0.01425857
0.72170000 0.01425867
0.72175000 0.01425876
0.72180000 0.01425885
0.72185000 0.01425895
0.72190000 0.01425904
0.72195000 0.01425912
0.72200000 0.01425921
0.72205000 0.01425930
0.72210000 0.01425938
0.72215000 0.01425946
0.72220000 0.01425954
0.72225000 0.01425962
0.72230000 0.01425970
0.72235000 0.01425977
0.72240000 0.01425984
0.72245000 0.01425992
0.72250000 0.01425999
0.72255000 0.01426005
0.72260000 0.01426012
0.72265000 0.01426019
0.72270000 0.01426025
0.72275000 0.01426031
0.72280000 0.01426037
0.72285000 0.01426043
0.72290000 0.01426049
0.72295000 0.01426054
0.72300000 0.01426060
0.72305000 0.01426065
0.72310000 0.01426070
0.72315000 0.01426075
0.72320000 0.01426079
0.72325000 0.01426084
0.72330000 0.01426088
0.72335000 0.01426092
0.72340000 0.01426096
0.72345000 0.01426100
0.72350000 0.01426104
0.72355000 0.01426108
0.72360000 0.01426111
0.72365000 0.01426114
0.72370000 0.01426117
0.72375000 0.01426120
0.72380000 0.01426123
0.72385000 0.01426125
0.72390000 0.01426128
0.72395000 0.01426130
0.72400000 0.01426132
0.72405000 0.01426134
0.72410000 0.01426135
0.72415000 0.01426137
0.72420000 0.01426138
0.72425000 0.01426140
0.72430000 0.01426141
0.72435000 0.01426141
0.72440000 0.01426142
0.72445000 0.01426143
0.72450000 0.01426143
0.72455000 0.01426143
0.72460000 0.01426143
0.72465000 0.01426143
0.72470000 0.01426143
0.72475000 0.01426142
0.72480000 0.01426142
0.72485000 0.01426141
0.72490000 0.01426140
0.72495000 0.01426139
0.72500000 0.01426137
0.72505000 0.01426136
0.72510000 0.01426134
0.72515000 0.01426133
0.72520000 0.01426131
0.72525000 0.01426128
0.72530000 0.01426126
0.72535000 0.01426124
0.72540000 0.01426121
0.72545000 0.01426118
0.72550000 0.01426115
0.72555000 0.01426112
0.72560000 0.01426109
0.72565000 0.01426105
0.72570000 0.01426102
0.72575000 0.01426098
0.72580000 0.01426094
0.72585000 0.01426090
0.72590000 0.01426085
0.72595000 0.01426081
0.72600000 0.01426076
0.72605000 0.01426071
0.72610000 0.01426066
0.72615000 0.01426061
0.72620000 0.01426056
0.72625000 0.01426050
0.72630000 0.01426045
0.72635000 0.01426039
0.72640000 0.01426033
0.72645000 0.01426027
0.72650000 0.01426020
0.72655000 0.01426014
0.72660000 0.01426007
0.72665000 0.01426000
0.72670000 0.01425993
0.72675000 0.01425986
0.72680000 0.01425979
0.72685000 0.01425971
0.72690000 0.01425964
0.72695000 0.01425956
0.72700000 0.01425948
0.72705000 0.01425940
0.72710000 0.01425931
0.72715000 0.01425923
0.72720000 0.01425914
0.72725000 0.01425905
0.72730000 0.01425896
0.72735000 0.01425887
0.72740000 0.01425878
0.72745000 0.01425868
0.72750000 0.01425859
0.72755000 0.01425849
0.72760000 0.01425839
0.72765000 0.01425828
0.72770000 0.01425818
0.72775000 0.01425808
0.72780000 0.01425797
0.72785000 0.01425786
0.72790000 0.01425775
0.72795000 0.01425764
0.72800000 0.01425752
0.72805000 0.01425741
0.72810000 0.01425729
0.72815000 0.01425717
0.72820000 0.01425705
0.72825000 0.01425693
0.72830000 0.01425681
0.72835000 0.01425668
0.72840000 0.01425655
0.72845000 0.01425642
0.72850000 0.01425629
0.72855000 0.01425616
0.72860000 0.01425603
0.72865000 0.01425589
0.72870000 0.01425575
0.72875000 0.01425561
0.72880000 0.01425547
0.72885000 0.01425533
0.72890000 0.01425519
0.72895000 0.01425504
0.72900000 0.01425489
0.72905000 0.01425474
0.72910000 0.01425459
0.72915000 0.01425444
0.72920000 0.01425429
0.72925000 0.01425413
0.72930000 0.01425397
0.72935000 0.01425381
0.72940000 0.01425365
0.72945000 0.01425349
0.72950000 0.01425332
0.72955000 0.01425316
0.72960000 0.01425299
0.72965000 0.01425282
0.72970000 0.01425265
0.72975000 0.01425248
0.72980000 0.01425230
0.72985000 0.01425213
0.72990000 0.01425195
0.72995000 0.01425177
0.73000000 0.01425159
0.73005000 0.01425140
0.73010000 0.01425122
0.73015000 0.01425103
0.73020000 0.01425084
0.73025000 0.01425065
0.73030000 0.01425046
0.73035000 0.01425027
0.73040000 0.01425007
0.73045000 0.01424988
0.73050000 0.01424968
0.73055000 0.01424948
0.73060000 0.01424928
0.73065000 0.01424907
0.73070000 0.01424887
0.73075000 0.01424866
0.73080000 0.01424845
0.73085000 0.01424824
0.73090000 0.01424803
0.73095000 0.01424781
0.73100000 0.01424760
0.73105000 0.01424738
0.73110000 0.01424716
0.73115000 0.01424694
0.73120000 0.01424672
0.73125000 0.01424650
0.73130000 0.01424627
0.73135000 0.01424604
0.73140000 0.01424581
0.73145000 0.01424558
0.73150000 0.01424535
0.73155000 0.01424512
0.73160000 0.01424488
0.73165000 0.01424464
0.73170000 0.01424440
0.73175000 0.01424416
0.73180000 0.01424392
0.73185000 0.01424368
0.73190000 0.01424343
0.73195000 0.01424318
0.73200000 0.01424293
0.73205000 0.01424268
0.73210000 0.01424243
0.73215000 0.01424217
0.73220000 0.01424192
0.73225000 0.01424166
0.73230000 0.01424140
0.73235000 0.01424114
0.73240000 0.01424087
0.73245000 0.01424061
0.73250000 0.01424034
0.73255000 0.01424007
0.73260000 0.01423980
0.73265000 0.01423953
0.73270000 0.01423926
0.73275000 0.01423898
0.73280000 0.01423871
0.73285000 0.01423843
0.73290000 0.01423815
0.73295000 0.01423787
0.73300000 0.01423758
0.73305000 0.01423730
0.73310000 0.01423701
0.73315000 0.01423672
0.73320000 0.01423643
0.73325000 0.01423614
0.73330000 0.01423584
0.73335000 0.01423555
0.73340000 0.01423525
0.73345000 0.01423495
0.73350000 0.01423465
0.73355000 0.01423435
0.73360000 0.01423404
0.73365000 0.01423374
0.73370000 0.01423343
0.73375000 0.01423312
0.73380000 0.01423281
0.73385000 0.01423250
0.73390000 0.01423218
0.73395000 0.01423186
0.73400000 0.01423155
0.73405000 0.01423123
0.73410000 0.01423091
0.73415000 0.01423058
0.73420000 0.01423026
0.73425000 0.01422993
0.73430000 0.01422960
0.73435000 0.01422927
0.73440000 0.01422894
0.73445000 0.01422861
0.73450000 0.01422827
0.73455000 0.01422793
0.73460000 0.01422760
0.73465000 0.01422726
0.73470000 0.01422691
0.73475000 0.01422657
0.73480000 0.01422622
0.73485000 0.01422588
0.73490000 0.01422553
0.73495000 0.01422518
0.73500000 0.01422483
0.73505000 0.01422447
0.73510000 0.01422412
0.73515000 0.01422376
0.73520000 0.01422340
0.73525000 0.01422304
0.73530000 0.01422267
0.73535000 0.01422231
0.73540000 0.01422194
0.73545000 0.01422158
0.73550000 0.01422121
0.73555000 0.01422084
0.73560000 0.01422046
0.73565000 0.01422009
0.73570000 0.01421971
0.73575000 0.01421933
0.73580000 0.01421895
0.73585000 0.01421857
0.73590000 0.01421819
0.73595000 0.01421780
0.73600000 0.01421742
0.73605000 0.01421703
0.73610000 0.01421664
0.73615000 0.01421625
0.73620000 0.01421585
0.73625000 0.01421546
0.73630000 0.01421506
0.73635000 0.01421466
0.73640000 0.01421426
0.73645000 0.01421386
0.73650000 0.01421345
0.73655000 0.01421305
0.73660000 0.01421264
0.73665000 0.01421223
0.73670000 0.01421182
0.73675000 0.01421141
0.73680000 0.01421099
0.73685000 0.01421058
0.73690000 0.01421016
0.73695000 0.01420974
0.73700000 0.01420932
0.73705000 0.01420889
0.73710000 0.01420847
0.73715000 0.01420804
0.73720000 0.01420761
0.73725000 0.01420718
0.73730000 0.01420675
0.73735000 0.01420632
0.73740000 0.01420588
0.73745000 0.01420545
0.73750000 0.01420501
0.73755000 0.01420457
0.73760000 0.01420413
0.73765000 0.01420368
0.73770000 0.01420324
0.73775000 0.01420279
0.73780000 0.01420234
0.73785000 0.01420189
0.73790000 0.01420144
0.73795000 0.01420098
0.73800000 0.01420053
0.73805000 0.01420007
0.73810000 0.01419961
0.73815000 0.01419915
0.73820000 0.01419868
0.73825000 0.01419822
0.73830000 0.01419775
0.73835000 0.01419729
0.73840000 0.01419682
0.73845000 0.01419634
0.73850000 0.01419587
0.73855000 0.01419540
0.73860000 0.01419492
0.73865000 0.01419444
0.73870000 0.01419396
0.73875000 0.01419348
0.73880000 0.01419299
0.73885000 0.01419251
0.73890000 0.01419202
0.73895000 0.01419153
0.73900000 0.01419104
0.73905000 0.01419055
0.73910000 0.01419006
0.73915000 0.01418956
0.73920000 0.01418906
0.73925000 0.01418856
0.73930000 0.01418806
0.73935000 0.01418756
0.73940000 0.01418705
0.73945000 0.01418655
0.73950000 0.01418604
0.73955000 0.01418553
0.73960000 0.01418502
0.73965000 0.01418451
0.73970000 0.01418399
0.73975000 0.01418347
0.73980000 0.01418296
0.73985000 0.01418244
0.73990000 0.01418191
0.73995000 0.01418139
0.74000000 0.01418086
0.74005000 0.01418034
0.74010000 0.01417981
0.74015000 0.01417928
0.74020000 0.01417875
0.74025000 0.01417821
0.74030000 0.01417768
0.74035000 0.01417714
0.74040000 0.01417660
0.74045000 0.01417606
0.74050000 0.01417551
0.74055000 0.01417497
0.74060000 0.01417442
0.74065000 0.01417388
0.74070000 0.01417333
0.74075000 0.01417277
0.74080000 0.01417222
0.74085000 0.01417167
0.74090000 0.01417111
0.74095000 0.01417055
0.74100000 0.01416999
0.74105000 0.01416943
0.74110000 0.01416887
0.74115000 0.01416830
0.74120000 0.01416773
0.74125000 0.01416716
0.74130000 0.01416659
0.74135000 0.01416602
0.74140000 0.01416545
0.74145000 0.01416487
0.74150000 0.01416429
0.74155000 0.01416371
0.74160000 0.01416313
0.74165000 0.01416255
0.74170000 0.01416196
0.74175000 0.01416138
0.74180000 0.01416079
0.74185000 0.01416020
0.74190000 0.01415961
0.74195000 0.01415902
0.74200000 0.01415842
0.74205000 0.01415782
0.74210000 0.01415722
0.74215000 0.01415662
0.74220000 0.01415602
0.74225000 0.01415542
0.74230000 0.01415481
0.74235000 0.01415421
0.74240000 0.01415360
0.74245000 0.01415299
0.74250000 0.01415237
0.74255000 0.01415176
0.74260000 0.01415114
0.74265000 0.01415052
0.74270000 0.01414991
0.74275000 0.01414928
0.74280000 0.01414866
0.74285000 0.01414804
0.74290000 0.01414741
0.74295000 0.01414678
0.74300000 0.01414615
0.74305000 0.01414552
0.74310000 0.01414489
0.74315000 0.01414425
0.74320000 0.01414361
0.74325000 0.01414297
0.74330000 0.01414233
0.74335000 0.01414169
0.74340000 0.01414105
0.74345000 0.01414040
0.74350000 0.01413975
0.74355000 0.01413910
0.74360000 0.01413845
0.74365000 0.01413780
0.74370000 0.01413715
0.74375000 0.01413649
0.74380000 0.01413583
0.74385000 0.01413517
0.74390000 0.01413451
0.74395000 0.01413385
0.74400000 0.01413318
0.74405000 0.01413252
0.74410000 0.01413185
0.74415000 0.01413118
0.74420000 0.01413050
0.74425000 0.01412983
0.74430000 0.01412915
0.74435000 0.01412848
0.74440000 0.01412780
0.74445000 0.01412712
0.74450000 0.01412643
0.74455000 0.01412575
0.74460000 0.01412506
0.74465000 0.01412438
0.74470000 0.01412369
0.74475000 0.01412300
0.74480000 0.01412230
0.74485000 0.01412161
0.74490000 0.01412091
0.74495000 0.01412021
0.74500000 0.01411951
0.74505000 0.01411881
0.74510000 0.01411811
0.74515000 0.01411740
0.74520000 0.01411669
0.74525000 0.01411598
0.74530000 0.01411527
0.74535000 0.01411456
0.74540000 0.01411385
0.74545000 0.01411313
0.74550000 0.01411241
0.74555000 0.01411169
0.74560000 0.01411097
0.74565000 0.01411025
0.74570000 0.01410953
0.74575000 0.01410880
0.74580000 0.01410807
0.74585000 0.01410734
0.74590000 0.01410661
0.74595000 0.01410588
0.74600000 0.01410514
0.74605000 0.01410440
0.74610000 0.01410366
0.74615000 0.01410292
0.74620000 0.01410218
0.74625000 0.01410144
0.74630000 0.01410069
0.74635000 0.01409994
0.74640000 0.01409919
0.74645000 0.01409844
0.74650000 0.01409769
0.74655000 0.01409694
0.74660000 0.01409618
0.74665000 0.01409542
0.74670000 0.01409466
0.74675000 0.01409390
0.74680000 0.01409314
0.74685000 0.01409237
0.74690000 0.01409160
0.74695000 0.01409084
0.74700000 0.01409007
0.74705000 0.01408929
0.74710000 0.01408852
0.74715000 0.01408774
0.74720000 0.01408697
0.74725000 0.01408619
0.74730000 0.01408541
0.74735000 0.01408462
0.74740000 0.01408384
0.74745000 0.01408305
0.74750000 0.01408226
0.74755000 0.01408147
0.74760000 0.01408068
0.74765000 0.01407989
0.74770000 0.01407909
0.74775000 0.01407830
0.74780000 0.01407750
0.74785000 0.01407670
0.74790000 0.01407590
0.74795000 0.01407509
0.74800000 0.01407429
0.74805000 0.01407348
0.74810000 0.01407267
0.74815000 0.01407186
0.74820000 0.01407105
0.74825000 0.01407023
0.74830000 0.01406942
0.74835000 0.01406860
0.74840000 0.01406778
0.74845000 0.01406696
0.74850000 0.01406613
0.74855000 0.01406531
0.74860000 0.01406448
0.74865000 0.01406365
0.74870000 0.01406282
0.74875000 0.01406199
0.74880000 0.01406116
0.74885000 0.01406032
0.74890000 0.01405948
0.74895000 0.01405864
0.74900000 0.01405780
0.74905000 0.01405696
0.74910000 0.01405612
0.74915000 0.01405527
0.74920000 0.01405442
0.74925000 0.01405357
0.74930000 0.01405272
0.74935000 0.01405187
0.74940000 0.01405101
0.74945000 0.01405016
0.74950000 0.01404930
0.74955000 0.01404844
0.74960000 0.01404757
0.74965000 0.01404671
0.74970000 0.01404585
0.74975000 0.01404498
0.74980000 0.01404411
0.74985000 0.01404324
0.74990000 0.01404236
0.74995000 0.01404149
0.75000000 0.01404061
0.75005000 0.01403974
0.75010000 0.01403886
0.75015000 0.01403798
0.75020000 0.01403709
0.75025000 0.01403621
0.75030000 0.01403532
0.75035000 0.01403443
0.75040000 0.01403354
0.75045000 0.01403265
0.75050000 0.01403175
0.75055000 0.01403086
0.75060000 0.01402996
0.75065000 0.01402906
0.75070000 0.01402816
0.75075000 0.01402726
0.75080000 0.01402635
0.75085000 0.01402545
0.75090000 0.01402454
0.75095000 0.01402363
0.75100000 0.01402272
0.75105000 0.01402181
0.75110000 0.01402089
0.75115000 0.01401997
0.75120000 0.01401905
0.75125000 0.01401813
0.75130000 0.01401721
0.75135000 0.01401629
0.75140000 0.01401536
0.75145000 0.01401444
0.75150000 0.01401351
0.75155000 0.01401257
0.75160000 0.01401164
0.75165000 0.01401071
0.75170000 0.01400977
0.75175000 0.01400883
0.75180000 0.01400789
0.75185000 0.01400695
0.75190000 0.01400601
0.75195000 0.01400506
0.75200000 0.01400412
0.75205000 0.01400317
0.75210000 0.01400222
0.75215000 0.01400126
0.75220000 0.01400031
0.75225000 0.01399935
0.75230000 0.01399840
0.75235000 0.01399744
0.75240000 0.01399648
0.75245000 0.01399551
0.75250000 0.01399455
0.75255000 0.01399358
0.75260000 0.01399261
0.75265000 0.01399164
0.75270000 0.01399067
0.75275000 0.01398970
0.75280000 0.01398872
0.75285000 0.01398775
0.75290000 0.01398677
0.75295000 0.01398579
0.75300000 0.01398481
0.75305000 0.01398382
0.75310000 0.01398284
0.75315000 0.01398185
0.75320000 0.01398086
0.75325000 0.01397987
0.75330000 0.01397887
0.75335000 0.01397788
0.75340000 0.01397688
0.75345000 0.01397588
0.75350000 0.01397488
0.75355000 0.01397388
0.75360000 0.01397288
0.75365000 0.01397187
0.75370000 0.01397087
0.75375000 0.01396986
0.75380000 0.01396885
0.75385000 0.01396783
0.75390000 0.01396682
0.75395000 0.01396580
0.75400000 0.01396479
0.75405000 0.01396377
0.75410000 0.01396275
0.75415000 0.01396172
0.75420000 0.01396070
0.75425000 0.01395967
0.75430000 0.01395864
0.75435000 0.01395761
0.75440000 0.01395658
0.75445000 0.01395555
0.75450000 0.01395451
0.75455000 0.01395347
0.75460000 0.01395244
0.75465000 0.01395139
0.75470000 0.01395035
0.75475000 0.01394931
0.75480000 0.01394826
0.75485000 0.01394721
0.75490000 0.01394616
0.75495000 0.01394511
0.75500000 0.01394406
0.75505000 0.01394300
0.75510000 0.01394195
0.75515000 0.01394089
0.75520000 0.01393983
0.75525000 0.01393877
0.75530000 0.01393770
0.75535000 0.01393664
0.75540000 0.01393557
0.75545000 0.01393450
0.75550000 0.01393343
0.75555000 0.01393236
0.75560000 0.01393128
0.75565000 0.01393021
0.75570000 0.01392913
0.75575000 0.01392805
0.75580000 0.01392697
0.75585000 0.01392588
0.75590000 0.01392480
0.75595000 0.01392371
0.75600000 0.01392262
0.75605000 0.01392153
0.75610000 0.01392044
0.75615000 0.01391935
0.75620000 0.01391825
0.75625000 0.01391715
0.75630000 0.01391605
0.75635000 0.01391495
0.75640000 0.01391385
0.75645000 0.01391274
0.75650000 0.01391164
0.75655000 0.01391053
0.75660000 0.01390942
0.75665000 0.01390831
0.75670000 0.01390719
0.75675000 0.01390608
0.75680000 0.01390496
0.75685000 0.01390384
0.75690000 0.01390272
0.75695000 0.01390160
0.75700000 0.01390048
0.75705000 0.01389935
0.75710000 0.01389822
0.75715000 0.01389709
0.75720000 0.01389596
0.75725000 0.01389483
0.75730000 0.01389369
0.75735000 0.01389256
0.75740000 0.01389142
0.75745000 0.01389028
0.75750000 0.01388914
0.75755000 0.01388799
0.75760000 0.01388685
0.75765000 0.01388570
0.75770000 0.01388455
0.75775000 0.01388340
0.75780000 0.01388225
0.75785000 0.01388109
0.75790000 0.01387994
0.75795000 0.01387878
0.75800000 0.01387762
0.75805000 0.01387646
0.75810000 0.01387530
0.75815000 0.01387413
0.75820000 0.01387296
0.75825000 0.01387180
0.75830000 0.01387062
0.75835000 0.01386945
0.75840000 0.01386828
0.75845000 0.01386710
0.75850000 0.01386593
0.75855000 0.01386475
0.75860000 0.01386357
0.75865000 0.01386238
0.75870000 0.01386120
0.75875000 0.01386001
0.75880000 0.01385882
0.75885000 0.01385763
0.75890000 0.01385644
0.75895000 0.01385525
0.75900000 0.01385405
0.75905000 0.01385286
0.75910000 0.01385166
0.75915000 0.01385046
0.75920000 0.01384926
0.75925000 0.01384805
0.75930000 0.01384685
0.75935000 0.01384564
0.75940000 0.01384443
0.75945000 0.01384322
0.75950000 0.01384200
0.75955000 0.01384079
0.75960000 0.01383957
0.75965000 0.01383836
0.75970000 0.01383714
0.75975000 0.01383591
0.75980000 0.01383469
0.75985000 0.01383346
0.75990000 0.01383224
0.75995000 0.01383101
0.76000000 0.01382978
0.76005000 0.01382855
0.76010000 0.01382731
0.76015000 0.01382607
0.76020000 0.01382484
0.76025000 0.01382360
0.76030000 0.01382236
0.76035000 0.01382111
0.76040000 0.01381987
0.76045000 0.01381862
0.76050000 0.01381737
0.76055000 0.01381612
0.76060000 0.01381487
0.76065000 0.01381362
0.76070000 0.01381236
0.76075000 0.01381110
0.76080000 0.01380985
0.76085000 0.01380858
0.76090000 0.01380732
0.76095000 0.01380606
0.76100000 0.01380479
0.76105000 0.01380352
0.76110000 0.01380225
0.76115000 0.01380098
0.76120000 0.01379971
0.76125000 0.01379843
0.76130000 0.01379716
0.76135000 0.01379588
0.76140000 0.01379460
0.76145000 0.01379332
0.76150000 0.01379203
0.76155000 0.01379075
0.76160000 0.01378946
0.76165000 0.01378817
0.76170000 0.01378688
0.76175000 0.01378559
0.76180000 0.01378429
0.76185000 0.01378299
0.76190000 0.01378170
0.76195000 0.01378040
0.76200000 0.01377909
0.76205000 0.01377779
0.76210000 0.01377649
0.76215000 0.01377518
0.76220000 0.01377387
0.76225000 0.01377256
0.76230000 0.01377125
0.76235000 0.01376993
0.76240000 0.01376862
0.76245000 0.01376730
0.76250000 0.01376598
0.76255000 0.01376466
0.76260000 0.01376334
0.76265000 0.01376201
0.76270000 0.01376068
0.76275000 0.01375936
0.76280000 0.01375803
0.76285000 0.01375669
0.76290000 0.01375536
0.76295000 0.01375402
0.76300000 0.01375269
0.76305000 0.01375135
0.76310000 0.01375001
0.76315000 0.01374867
0.76320000 0.01374732
0.76325000 0.01374597
0.76330000 0.01374463
0.76335000 0.01374328
0.76340000 0.01374193
0.76345000 0.01374057
0.76350000 0.01373922
0.76355000 0.01373786
0.76360000 0.01373650
0.76365000 0.01373514
0.76370000 0.01373378
0.76375000 0.01373242
0.76380000 0.01373105
0.76385000 0.01372968
0.76390000 0.01372831
0.76395000 0.01372694
0.76400000 0.01372557
0.76405000 0.01372420
0.76410000 0.01372282
0.76415000 0.01372144
0.76420000 0.01372006
0.76425000 0.01371868
0.76430000 0.01371730
0.76435000 0.01371591
0.76440000 0.01371453
0.76445000 0.01371314
0.76450000 0.01371175
0.76455000 0.01371035
0.76460000 0.01370896
0.76465000 0.01370756
0.76470000 0.01370617
0.76475000 0.01370477
0.76480000 0.01370337
0.76485000 0.01370196
0.76490000 0.01370056
0.76495000 0.01369915
0.76500000 0.01369774
0.76505000 0.01369633
0.76510000 0.01369492
0.76515000 0.01369351
0.76520000 0.01369209
0.76525000 0.01369068
0.76530000 0.01368926
0.76535000 0.01368784
0.76540000 0.01368642
0.76545000 0.01368499
0.76550000 0.01368357
0.76555000 0.01368214
0.76560000 0.01368071
0.76565000 0.01367928
0.76570000 0.01367784
0.76575000 0.01367641
0.76580000 0.01367497
0.76585000 0.01367353
0.76590000 0.01367209
0.76595000 0.01367065
0.76600000 0.01366921
0.76605000 0.01366776
0.76610000 0.01366632
0.76615000 0.01366487
0.76620000 0.01366342
0.76625000 0.01366196
0.76630000 0.01366051
0.76635000 0.01365905
0.76640000 0.01365760
0.76645000 0.01365614
0.76650000 0.01365467
0.76655000 0.01365321
0.76660000 0.01365175
0.76665000 0.01365028
0.76670000 0.01364881
0.76675000 0.01364734
0.76680000 0.01364587
0.76685000 0.01364440
0.76690000 0.01364292
0.76695000 0.01364144
0.76700000 0.01363996
0.76705000 0.01363848
0.76710000 0.01363700
0.76715000 0.01363552
0.76720000 0.01363403
0.76725000 0.01363254
0.76730000 0.01363105
0.76735000 0.01362956
0.76740000 0.01362807
0.76745000 0.01362657
0.76750000 0.01362508
0.76755000 0.01362358
0.76760000 0.01362208
0.76765000 0.01362058
0.76770000 0.01361907
0.76775000 0.01361757
0.76780000 0.01361606
0.76785000 0.01361455
0.76790000 0.01361304
0.76795000 0.01361153
0.76800000 0.01361001
0.76805000 0.01360849
0.76810000 0.01360698
0.76815000 0.01360546
0.76820000 0.01360394
0.76825000 0.01360241
0.76830000 0.01360089
0.76835000 0.01359936
0.76840000 0.01359783
0.76845000 0.01359630
0.76850000 0.01359477
0.76855000 0.01359323
0.76860000 0.01359170
0.76865000 0.01359016
0.76870000 0.01358862
0.76875000 0.01358708
0.76880000 0.01358554
0.76885000 0.01358399
0.76890000 0.01358245
0.76895000 0.01358090
0.76900000 0.01357935
0.76905000 0.01357780
0.76910000 0.01357624
0.76915000 0.01357469
0.76920000 0.01357313
0.76925000 0.01357157
0.76930000 0.01357001
0.76935000 0.01356845
0.76940000 0.01356689
0.76945000 0.01356532
0.76950000 0.01356375
0.76955000 0.01356218
0.76960000 0.01356061
0.76965000 0.01355904
0.76970000 0.01355747
0.76975000 0.01355589
0.76980000 0.01355431
0.76985000 0.01355273
0.76990000 0.01355115
0.76995000 0.01354957
0.77000000 0.01354798
0.77005000 0.01354639
0.77010000 0.01354481
0.77015000 0.01354322
0.77020000 0.01354162
0.77025000 0.01354003
0.77030000 0.01353843
0.77035000 0.01353684
0.77040000 0.01353524
0.77045000 0.01353364
0.77050000 0.01353203
0.77055000 0.01353043
0.77060000 0.01352882
0.77065000 0.01352721
0.77070000 0.01352560
0.77075000 0.01352399
0.77080000 0.01352238
0.77085000 0.01352076
0.77090000 0.01351915
0.77095000 0.01351753
0.77100000 0.01351591
0.77105000 0.01351428
0.77110000 0.01351266
0.77115000 0.01351103
0.77120000 0.01350941
0.77125000 0.01350778
0.77130000 0.01350615
0.77135000 0.01350451
0.77140000 0.01350288
0.77145000 0.01350124
0.77150000 0.01349960
0.77155000 0.01349797
0.77160000 0.01349632
0.77165000 0.01349468
0.77170000 0.01349303
0.77175000 0.01349139
0.77180000 0.01348974
0.77185000 0.01348809
0.77190000 0.01348644
0.77195000 0.01348478
0.77200000 0.01348313
0.77205000 0.01348147
0.77210000 0.01347981
0.77215000 0.01347815
0.77220000 0.01347649
0.77225000 0.01347482
0.77230000 0.01347315
0.77235000 0.01347149
0.77240000 0.01346982
0.77245000 0.01346815
0.77250000 0.01346647
0.77255000 0.01346480
0.77260000 0.01346312
0.77265000 0.01346144
0.77270000 0.01345976
0.77275000 0.01345808
0.77280000 0.01345639
0.77285000 0.01345471
0.77290000 0.01345302
0.77295000 0.01345133
0.77300000 0.01344964
0.77305000 0.01344795
0.77310000 0.01344625
0.77315000 0.01344456
0.77320000 0.01344286
0.77325000 0.01344116
0.77330000 0.01343946
0.77335000 0.01343776
0.77340000 0.01343605
0.77345000 0.01343434
0.77350000 0.01343263
0.77355000 0.01343092
0.77360000 0.01342921
0.77365000 0.01342750
0.77370000 0.01342578
0.77375000 0.01342407
0.77380000 0.01342235
0.77385000 0.01342063
0.77390000 0.01341890
0.77395000 0.01341718
0.77400000 0.01341545
0.77405000 0.01341372
0.77410000 0.01341199
0.77415000 0.01341026
0.77420000 0.01340853
0.77425000 0.01340679
0.77430000 0.01340506
0.77435000 0.01340332
0.77440000 0.01340158
0.77445000 0.01339984
0.77450000 0.01339809
0.77455000 0.01339635
0.77460000 0.01339460
0.77465000 0.01339285
0.77470000 0.01339110
0.77475000 0.01338935
0.77480000 0.01338759
0.77485000 0.01338584
0.77490000 0.01338408
0.77495000 0.01338232
0.77500000 0.01338056
0.77505000 0.01337880
0.77510000 0.01337703
0.77515000 0.01337527
0.77520000 0.01337350
0.77525000 0.01337173
0.77530000 0.01336996
0.77535000 0.01336818
0.77540000 0.01336641
0.77545000 0.01336463
0.77550000 0.01336285
0.77555000 0.01336107
0.77560000 0.01335929
0.77565000 0.01335750
0.77570000 0.01335572
0.77575000 0.01335393
0.77580000 0.01335214
0.77585000 0.01335035
0.77590000 0.01334856
0.77595000 0.01334676
0.77600000 0.01334497
0.77605000 0.01334317
0.77610000 0.01334137
0.77615000 0.01333957
0.77620000 0.01333776
0.77625000 0.01333596
0.77630000 0.01333415
0.77635000 0.01333234
0.77640000 0.01333053
0.77645000 0.01332872
0.77650000 0.01332691
0.77655000 0.01332509
0.77660000 0.01332327
0.77665000 0.01332145
0.77670000 0.01331963
0.77675000 0.01331781
0.77680000 0.01331599
0.77685000 0.01331416
0.77690000 0.01331233
0.77695000 0.01331050
0.77700000 0.01330867
0.77705000 0.01330684
0.77710000 0.01330500
0.77715000 0.01330317
0.77720000 0.01330133
0.77725000 0.01329949
0.77730000 0.01329765
0.77735000 0.01329580
0.77740000 0.01329396
0.77745000 0.01329211
0.77750000 0.01329026
0.77755000 0.01328841
0.77760000 0.01328656
0.77765000 0.01328471
0.77770000 0.01328285
0.77775000 0.01328099
0.77780000 0.01327913
0.77785000 0.01327727
0.77790000 0.01327541
0.77795000 0.01327355
0.77800000 0.01327168
0.77805000 0.01326981
0.77810000 0.01326794
0.77815000 0.01326607
0.77820000 0.01326420
0.77825000 0.01326232
0.77830000 0.01326044
0.77835000 0.01325857
0.77840000 0.01325669
0.77845000 0.01325480
0.77850000 0.01325292
0.77855000 0.01325104
0.77860000 0.01324915
0.77865000 0.01324726
0.77870000 0.01324537
0.77875000 0.01324348
0.77880000 0.01324158
0.77885000 0.01323969
0.77890000 0.01323779
0.77895000 0.01323589
0.77900000 0.01323399
0.77905000 0.01323208
0.77910000 0.01323018
0.77915000 0.01322827
0.77920000 0.01322637
0.77925000 0.01322446
0.77930000 0.01322254
0.77935000 0.01322063
0.77940000 0.01321872
0.77945000 0.01321680
0.77950000 0.01321488
0.77955000 0.01321296
0.77960000 0.01321104
0.77965000 0.01320912
0.77970000 0.01320719
0.77975000 0.01320526
0.77980000 0.01320333
0.77985000 0.01320140
0.77990000 0.01319947
0.77995000 0.01319754
0.78000000 0.01319560
0.78005000 0.01319366
0.78010000 0.01319172
0.78015000 0.01318978
0.78020000 0.01318784
0.78025000 0.01318589
0.78030000 0.01318395
0.78035000 0.01318200
0.78040000 0.01318005
0.78045000 0.01317810
0.78050000 0.01317615
0.78055000 0.01317419
0.78060000 0.01317223
0.78065000 0.01317028
0.78070000 0.01316832
0.78075000 0.01316635
0.78080000 0.01316439
0.78085000 0.01316242
0.78090000 0.01316046
0.78095000 0.01315849
0.78100000 0.01315652
0.78105000 0.01315455
0.78110000 0.01315257
0.78115000 0.01315060
0.78120000 0.01314862
0.78125000 0.01314664
0.78130000 0.01314466
0.78135000 0.01314268
0.78140000 0.01314069
0.78145000 0.01313871
0.78150000 0.01313672
0.78155000 0.01313473
0.78160000 0.01313274
0.78165000 0.01313074
0.78170000 0.01312875
0.78175000 0.01312675
0.78180000 0.01312475
0.78185000 0.01312275
0.78190000 0.01312075
0.78195000 0.01311875
0.78200000 0.01311674
0.78205000 0.01311474
0.78210000 0.01311273
0.78215000 0.01311072
0.78220000 0.01310871
0.78225000 0.01310669
0.78230000 0.01310468
0.78235000 0.01310266
0.78240000 0.01310064
0.78245000 0.01309862
0.78250000 0.01309660
0.78255000 0.01309457
0.78260000 0.01309255
0.78265000 0.01309052
0.78270000 0.01308849
0.78275000 0.01308646
0.78280000 0.01308443
0.78285000 0.01308239
0.78290000 0.01308035
0.78295000 0.01307832
0.78300000 0.01307628
0.78305000 0.01307424
0.78310000 0.01307219
0.78315000 0.01307015
0.78320000 0.01306810
0.78325000 0.01306605
0.78330000 0.01306400
0.78335000 0.01306195
0.78340000 0.01305990
0.78345000 0.01305784
0.78350000 0.01305578
0.78355000 0.01305373
0.78360000 0.01305167
0.78365000 0.01304960
0.78370000 0.01304754
0.78375000 0.01304547
0.78380000 0.01304341
0.78385000 0.01304134
0.78390000 0.01303927
0.78395000 0.01303719
0.78400000 0.01303512
0.78405000 0.01303304
0.78410000 0.01303097
0.78415000 0.01302889
0.78420000 0.01302681
0.78425000 0.01302472
0.78430000 0.01302264
0.78435000 0.01302055
0.78440000 0.01301847
0.78445000 0.01301638
0.78450000 0.01301428
0.78455000 0.01301219
0.78460000 0.01301010
0.78465000 0.01300800
0.78470000 0.01300590
0.78475000 0.01300380
0.78480000 0.01300170
0.78485000 0.01299960
0.78490000 0.01299749
0.78495000 0.01299539
0.78500000 0.01299328
0.78505000 0.01299117
0.78510000 0.01298905
0.78515000 0.01298694
0.78520000 0.01298483
0.78525000 0.01298271
0.78530000 0.01298059
0.78535000 0.01297847
0.78540000 0.01297635
0.78545000 0.01297422
0.78550000 0.01297210
0.78555000 0.01296997
0.78560000 0.01296784
0.78565000 0.01296571
0.78570000 0.01296358
0.78575000 0.01296144
0.78580000 0.01295931
0.78585000 0.01295717
0.78590000 0.01295503
0.78595000 0.01295289
0.78600000 0.01295075
0.78605000 0.01294860
0.78610000 0.01294646
0.78615000 0.01294431
0.78620000 0.01294216
0.78625000 0.01294001
0.78630000 0.01293786
0.78635000 0.01293570
0.78640000 0.01293354
0.78645000 0.01293139
0.78650000 0.01292923
0.78655000 0.01292706
0.78660000 0.01292490
0.78665000 0.01292274
0.78670000 0.01292057
0.78675000 0.01291840
0.78680000 0.01291623
0.78685000 0.01291406
0.78690000 0.01291189
0.78695000 0.01290971
0.78700000 0.01290753
0.78705000 0.01290536
0.78710000 0.01290318
0.78715000 0.01290099
0.78720000 0.01289881
0.78725000 0.01289662
0.78730000 0.01289444
0.78735000 0.01289225
0.78740000 0.01289006
0.78745000 0.01288787
0.78750000 0.01288567
0.78755000 0.01288348
0.78760000 0.01288128
0.78765000 0.01287908
0.78770000 0.01287688
0.78775000 0.01287468
0.78780000 0.01287247
0.78785000 0.01287027
0.78790000 0.01286806
0.78795000 0.01286585
0.78800000 0.01286364
0.78805000 0.01286143
0.78810000 0.01285921
0.78815000 0.01285700
0.78820000 0.01285478
0.78825000 0.01285256
0.78830000 0.01285034
0.78835000 0.01284812
0.78840000 0.01284589
0.78845000 0.01284367
0.78850000 0.01284144
0.78855000 0.01283921
0.78860000 0.01283698
0.78865000 0.01283475
0.78870000 0.01283251
0.78875000 0.01283027
0.78880000 0.01282804
0.78885000 0.01282580
0.78890000 0.01282356
0.78895000 0.01282131
0.78900000 0.01281907
0.78905000 0.01281682
0.78910000 0.01281457
0.78915000 0.01281232
0.78920000 0.01281007
0.78925000 0.01280782
0.78930000 0.01280556
0.78935000 0.01280331
0.78940000 0.01280105
0.78945000 0.01279879
0.78950000 0.01279653
0.78955000 0.01279426
0.78960000 0.01279200
0.78965000 0.01278973
0.78970000 0.01278746
0.78975000 0.01278519
0.78980000 0.01278292
0.78985000 0.01278065
0.78990000 0.01277837
0.78995000 0.01277610
0.79000000 0.01277382
0.79005000 0.01277154
0.79010000 0.01276926
0.79015000 0.01276697
0.79020000 0.01276469
0.79025000 0.01276240
0.79030000 0.01276011
0.79035000 0.01275782
0.79040000 0.01275553
0.79045000 0.01275324
0.79050000 0.01275094
0.79055000 0.01274864
0.79060000 0.01274634
0.79065000 0.01274404
0.79070000 0.01274174
0.79075000 0.01273944
0.79080000 0.01273713
0.79085000 0.01273482
0.79090000 0.01273252
0.79095000 0.01273021
0.79100000 0.01272789
0.79105000 0.01272558
0.79110000 0.01272326
0.79115000 0.01272095
0.79120000 0.01271863
0.79125000 0.01271631
0.79130000 0.01271399
0.79135000 0.01271166
0.79140000 0.01270934
0.79145000 0.01270701
0.79150000 0.01270468
0.79155000 0.01270235
0.79160000 0.01270002
0.79165000 0.01269768
0.79170000 0.01269535
0.79175000 0.01269301
0.79180000 0.01269067
0.79185000 0.01268833
0.79190000 0.01268599
0.79195000 0.01268364
0.79200000 0.01268130
0.79205000 0.01267895
0.79210000 0.01267660
0.79215000 0.01267425
0.79220000 0.01267190
0.79225000 0.01266954
0.79230000 0.01266719
0.79235000 0.01266483
0.79240000 0.01266247
0.79245000 0.01266011
0.79250000 0.01265775
0.79255000 0.01265538
0.79260000 0.01265302
0.79265000 0.01265065
0.79270000 0.01264828
0.79275000 0.01264591
0.79280000 0.01264354
0.79285000 0.01264117
0.79290000 0.01263879
0.79295000 0.01263641
0.79300000 0.01263403
0.79305000 0.01263165
0.79310000 0.01262927
0.79315000 0.01262689
0.79320000 0.01262450
0.79325000 0.01262211
0.79330000 0.01261972
0.79335000 0.01261733
0.79340000 0.01261494
0.79345000 0.01261255
0.79350000 0.01261015
0.79355000 0.01260775
0.79360000 0.01260535
0.79365000 0.01260295
0.79370000 0.01260055
0.79375000 0.01259815
0.79380000 0.01259574
0.79385000 0.01259333
0.79390000 0.01259093
0.79395000 0.01258851
0.79400000 0.01258610
0.79405000 0.01258369
0.79410000 0.01258127
0.79415000 0.01257886
0.79420000 0.01257644
0.79425000 0.01257402
0.79430000 0.01257159
0.79435000 0.01256917
0.79440000 0.01256674
0.79445000 0.01256432
0.79450000 0.01256189
0.79455000 0.01255946
0.79460000 0.01255703
0.79465000 0.01255459
0.79470000 0.01255216
0.79475000 0.01254972
0.79480000 0.01254728
0.79485000 0.01254484
0.79490000 0.01254240
0.79495000 0.01253995
0.79500000 0.01253751
0.79505000 0.01253506
0.79510000 0.01253261
0.79515000 0.01253016
0.79520000 0.01252771
0.79525000 0.01252526
0.79530000 0.01252280
0.79535000 0.01252034
0.79540000 0.01251789
0.79545000 0.01251542
0.79550000 0.01251296
0.79555000 0.01251050
0.79560000 0.01250803
0.79565000 0.01250557
0.79570000 0.01250310
0.79575000 0.01250063
0.79580000 0.01249816
0.79585000 0.01249568
0.79590000 0.01249321
0.79595000 0.01249073
0.79600000 0.01248825
0.79605000 0.01248577
0.79610000 0.01248329
0.79615000 0.01248081
0.79620000 0.01247832
0.79625000 0.01247584
0.79630000 0.01247335
0.79635000 0.01247086
0.79640000 0.01246837
0.79645000 0.01246587
0.79650000 0.01246338
0.79655000 0.01246088
0.79660000 0.01245838
0.79665000 0.01245588
0.79670000 0.01245338
0.79675000 0.01245088
0.79680000 0.01244838
0.79685000 0.01244587
0.79690000 0.01244336
0.79695000 0.01244085
0.79700000 0.01243834
0.79705000 0.01243583
0.79710000 0.01243331
0.79715000 0.01243080
0.79720000 0.01242828
0.79725000 0.01242576
0.79730000 0.01242324
0.79735000 0.01242072
0.79740000 0.01241819
0.79745000 0.01241567
0.79750000 0.01241314
0.79755000 0.01241061
0.79760000 0.01240808
0.79765000 0.01240555
0.79770000 0.01240301
0.79775000 0.01240048
0.79780000 0.01239794
0.79785000 0.01239540
0.79790000 0.01239286
0.79795000 0.01239032
0.79800000 0.01238777
0.79805000 0.01238523
0.79810000 0.01238268
0.79815000 0.01238013
0.79820000 0.01237758
0.79825000 0.01237503
0.79830000 0.01237248
0.79835000 0.01236992
0.79840000 0.01236737
0.79845000 0.01236481
0.79850000 0.01236225
0.79855000 0.01235969
0.79860000 0.01235712
0.79865000 0.01235456
0.79870000 0.01235199
0.79875000 0.01234942
0.79880000 0.01234685
0.79885000 0.01234428
0.79890000 0.01234171
0.79895000 0.01233913
0.79900000 0.01233656
0.79905000 0.01233398
0.79910000 0.01233140
0.79915000 0.01232882
0.79920000 0.01232624
0.79925000 0.01232365
0.79930000 0.01232107
0.79935000 0.01231848
0.79940000 0.01231589
0.79945000 0.01231330
0.79950000 0.01231071
0.79955000 0.01230811
0.79960000 0.01230552
0.79965000 0.01230292
0.79970000 0.01230032
0.79975000 0.01229772
0.79980000 0.01229512
0.79985000 0.01229251
0.79990000 0.01228991
0.79995000 0.01228730
0.80000000 0.01228469
0.80005000 0.01228208
0.80010000 0.01227947
0.80015000 0.01227686
0.80020000 0.01227424
0.80025000 0.01227163
0.80030000 0.01226901
0.80035000 0.01226639
0.80040000 0.01226377
0.80045000 0.01226114
0.80050000 0.01225852
0.80055000 0.01225589
0.80060000 0.01225326
0.80065000 0.01225063
0.80070000 0.01224800
0.80075000 0.01224537
0.80080000 0.01224274
0.80085000 0.01224010
0.80090000 0.01223746
0.80095000 0.01223482
0.80100000 0.01223218
0.80105000 0.01222954
0.80110000 0.01222690
0.80115000 0.01222425
0.80120000 0.01222160
0.80125000 0.01221896
0.80130000 0.01221630
0.80135000 0.01221365
0.80140000 0.01221100
0.80145000 0.01220834
0.80150000 0.01220569
0.80155000 0.01220303
0.80160000 0.01220037
0.80165000 0.01219771
0.80170000 0.01219504
0.80175000 0.01219238
0.80180000 0.01218971
0.80185000 0.01218705
0.80190000 0.01218438
0.80195000 0.01218171
0.80200000 0.01217903
0.80205000 0.01217636
0.80210000 0.01217368
0.80215000 0.01217101
0.80220000 0.01216833
0.80225000 0.01216565
0.80230000 0.01216296
0.80235000 0.01216028
0.80240000 0.01215759
0.80245000 0.01215491
0.80250000 0.01215222
0.80255000 0.01214953
0.80260000 0.01214684
0.80265000 0.01214414
0.80270000 0.01214145
0.80275000 0.01213875
0.80280000 0.01213605
0.80285000 0.01213335
0.80290000 0.01213065
0.80295000 0.01212795
0.80300000 0.01212525
0.80305000 0.01212254
0.80310000 0.01211983
0.80315000 0.01211712
0.80320000 0.01211441
0.80325000 0.01211170
0.80330000 0.01210899
0.80335000 0.01210627
0.80340000 0.01210355
0.80345000 0.01210083
0.80350000 0.01209811
0.80355000 0.01209539
0.80360000 0.01209267
0.80365000 0.01208994
0.80370000 0.01208722
0.80375000 0.01208449
0.80380000 0.01208176
0.80385000 0.01207903
0.80390000 0.01207630
0.80395000 0.01207356
0.80400000 0.01207083
0.80405000 0.01206809
0.80410000 0.01206535
0.80415000 0.01206261
0.80420000 0.01205987
0.80425000 0.01205712
0.80430000 0.01205438
0.80435000 0.01205163
0.80440000 0.01204888
0.80445000 0.01204613
0.80450000 0.01204338
0.80455000 0.01204063
0.80460000 0.01203787
0.80465000 0.01203511
0.80470000 0.01203236
0.80475000 0.01202960
0.80480000 0.01202684
0.80485000 0.01202407
0.80490000 0.01202131
0.80495000 0.01201854
0.80500000 0.01201578
0.80505000 0.01201301
0.80510000 0.01201024
0.80515000 0.01200746
0.80520000 0.01200469
0.80525000 0.01200191
0.80530000 0.01199914
0.80535000 0.01199636
0.80540000 0.01199358
0.80545000 0.01199080
0.80550000 0.01198802
0.80555000 0.01198523
0.80560000 0.01198244
0.80565000 0.01197966
0.80570000 0.01197687
0.80575000 0.01197408
0.80580000 0.01197128
0.80585000 0.01196849
0.80590000 0.01196570
0.80595000 0.01196290
0.80600000 0.01196010
0.80605000 0.01195730
0.80610000 0.01195450
0.80615000 0.01195169
0.80620000 0.01194889
0.80625000 0.01194608
0.80630000 0.01194328
0.80635000 0.01194047
0.80640000 0.01193766
0.80645000 0.01193484
0.80650000 0.01193203
0.80655000 0.01192921
0.80660000 0.01192640
0.80665000 0.01192358
0.80670000 0.01192076
0.80675000 0.01191794
0.80680000 0.01191511
0.80685000 0.01191229
0.80690000 0.01190946
0.80695000 0.01190663
0.80700000 0.01190380
0.80705000 0.01190097
0.80710000 0.01189814
0.80715000 0.01189530
0.80720000 0.01189247
0.80725000 0.01188963
0.80730000 0.01188679
0.80735000 0.01188395
0.80740000 0.01188111
0.80745000 0.01187827
0.80750000 0.01187542
0.80755000 0.01187258
0.80760000 0.01186973
0.80765000 0.01186688
0.80770000 0.01186403
0.80775000 0.01186117
0.80780000 0.01185832
0.80785000 0.01185546
0.80790000 0.01185261
0.80795000 0.01184975
0.80800000 0.01184689
0.80805000 0.01184403
0.80810000 0.01184116
0.80815000 0.01183830
0.80820000 0.01183543
0.80825000 0.01183256
0.80830000 0.01182969
0.80835000 0.01182682
0.80840000 0.01182395
0.80845000 0.01182108
0.80850000 0.01181820
0.80855000 0.01181532
0.80860000 0.01181245
0.80865000 0.01180957
0.80870000 0.01180668
0.80875000 0.01180380
0.80880000 0.01180092
0.80885000 0.01179803
0.80890000 0.01179514
0.80895000 0.01179225
0.80900000 0.01178936
0.80905000 0.01178647
0.80910000 0.01178358
0.80915000 0.01178068
0.80920000 0.01177778
0.80925000 0.01177488
0.80930000 0.01177198
0.80935000 0.01176908
0.80940000 0.01176618
0.80945000 0.01176328
0.80950000 0.01176037
0.80955000 0.01175746
0.80960000 0.01175455
0.80965000 0.01175164
0.80970000 0.01174873
0.80975000 0.01174582
0.80980000 0.01174290
0.80985000 0.01173998
0.80990000 0.01173707
0.80995000 0.01173415
0.81000000 0.01173123
0.81005000 0.01172830
0.81010000 0.01172538
0.81015000 0.01172245
0.81020000 0.01171953
0.81025000 0.01171660
0.81030000 0.01171367
0.81035000 0.01171073
0.81040000 0.01170780
0.81045000 0.01170487
0.81050000 0.01170193
0.81055000 0.01169899
0.81060000 0.01169605
0.81065000 0.01169311
0.81070000 0.01169017
0.81075000 0.01168723
0.81080000 0.01168428
0.81085000 0.01168133
0.81090000 0.01167839
0.81095000 0.01167544
0.81100000 0.01167249
0.81105000 0.01166953
0.81110000 0.01166658
0.81115000 0.01166362
0.81120000 0.01166066
0.81125000 0.01165771
0.81130000 0.01165475
0.81135000 0.01165178
0.81140000 0.01164882
0.81145000 0.01164586
0.81150000 0.01164289
0.81155000 0.01163992
0.81160000 0.01163695
0.81165000 0.01163398
0.81170000 0.01163101
0.81175000 0.01162804
0.81180000 0.01162506
0.81185000 0.01162208
0.81190000 0.01161911
0.81195000 0.01161613
0.81200000 0.01161315
0.81205000 0.01161016
0.81210000 0.01160718
0.81215000 0.01160419
0.81220000 0.01160121
0.81225000 0.01159822
0.81230000 0.01159523
0.81235000 0.01159224
0.81240000 0.01158924
0.81245000 0.01158625
0.81250000 0.01158325
0.81255000 0.01158025
0.81260000 0.01157726
0.81265000 0.01157426
0.81270000 0.01157125
0.81275000 0.01156825
0.81280000 0.01156524
0.81285000 0.01156224
0.81290000 0.01155923
0.81295000 0.01155622
0.81300000 0.01155321
0.81305000 0.01155020
0.81310000 0.01154718
0.81315000 0.01154417
0.81320000 0.01154115
0.81325000 0.01153813
0.81330000 0.01153511
0.81335000 0.01153209
0.81340000 0.01152907
0.81345000 0.01152605
0.81350000 0.01152302
0.81355000 0.01151999
0.81360000 0.01151697
0.81365000 0.01151394
0.81370000 0.01151090
0.81375000 0.01150787
0.81380000 0.01150484
0.81385000 0.01150180
0.81390000 0.01149876
0.81395000 0.01149573
0.81400000 0.01149269
0.81405000 0.01148964
0.81410000 0.01148660
0.81415000 0.01148356
0.81420000 0.01148051
0.81425000 0.01147746
0.81430000 0.01147441
0.81435000 0.01147136
0.81440000 0.01146831
0.81445000 0.01146526
0.81450000 0.01146220
0.81455000 0.01145915
0.81460000 0.01145609
0.81465000 0.01145303
0.81470000 0.01144997
0.81475000 0.01144691
0.81480000 0.01144384
0.81485000 0.01144078
0.81490000 0.01143771
0.81495000 0.01143464
0.81500000 0.01143158
0.81505000 0.01142850
0.81510000 0.01142543
0.81515000 0.01142236
0.81520000 0.01141928
0.81525000 0.01141621
0.81530000 0.01141313
0.81535000 0.01141005
0.81540000 0.01140697
0.81545000 0.01140389
0.81550000 0.01140080
0.81555000 0.01139772
0.81560000 0.01139463
0.81565000 0.01139154
0.81570000 0.01138845
0.81575000 0.01138536
0.81580000 0.01138227
0.81585000 0.01137918
0.81590000 0.01137608
0.81595000 0.01137298
0.81600000 0.01136989
0.81605000 0.01136679
0.81610000 0.01136368
0.81615000 0.01136058
0.81620000 0.01135748
0.81625000 0.01135437
0.81630000 0.01135127
0.81635000 0.01134816
0.81640000 0.01134505
0.81645000 0.01134194
0.81650000 0.01133882
0.81655000 0.01133571
0.81660000 0.01133259
0.81665000 0.01132948
0.81670000 0.01132636
0.81675000 0.01132324
0.81680000 0.01132012
0.81685000 0.01131700
0.81690000 0.01131387
0.81695000 0.01131075
0.81700000 0.01130762
0.81705000 0.01130449
0.81710000 0.01130136
0.81715000 0.01129823
0.81720000 0.01129510
0.81725000 0.01129196
0.81730000 0.01128883
0.81735000 0.01128569
0.81740000 0.01128255
0.81745000 0.01127941
0.81750000 0.01127627
0.81755000 0.01127313
0.81760000 0.01126999
0.81765000 0.01126684
0.81770000 0.01126369
0.81775000 0.01126055
0.81780000 0.01125740
0.81785000 0.01125425
0.81790000 0.01125109
0.81795000 0.01124794
0.81800000 0.01124478
0.81805000 0.01124163
0.81810000 0.01123847
0.81815000 0.01123531
0.81820000 0.01123215
0.81825000 0.01122899
0.81830000 0.01122582
0.81835000 0.01122266
0.81840000 0.01121949
0.81845000 0.01121632
0.81850000 0.01121316
0.81855000 0.01120998
0.81860000 0.01120681
0.81865000 0.01120364
0.81870000 0.01120046
0.81875000 0.01119729
0.81880000 0.01119411
0.81885000 0.01119093
0.81890000 0.01118775
0.81895000 0.01118457
0.81900000 0.01118139
0.81905000 0.01117820
0.81910000 0.01117501
0.81915000 0.01117183
0.81920000 0.01116864
0.81925000 0.01116545
0.81930000 0.01116226
0.81935000 0.01115906
0.81940000 0.01115587
0.81945000 0.01115267
0.81950000 0.01114948
0.81955000 0.01114628
0.81960000 0.01114308
0.81965000 0.01113988
0.81970000 0.01113667
0.81975000 0.01113347
0.81980000 0.01113026
0.81985000 0.01112706
0.81990000 0.01112385
0.81995000 0.01112064
0.82000000 0.01111743
0.82005000 0.01111421
0.82010000 0.01111100
0.82015000 0.01110778
0.82020000 0.01110457
0.82025000 0.01110135
0.82030000 0.01109813
0.82035000 0.01109491
0.82040000 0.01109169
0.82045000 0.01108846
0.82050000 0.01108524
0.82055000 0.01108201
0.82060000 0.01107879
0.82065000 0.01107556
0.82070000 0.01107233
0.82075000 0.01106909
0.82080000 0.01106586
0.82085000 0.01106263
0.82090000 0.01105939
0.82095000 0.01105615
0.82100000 0.01105291
0.82105000 0.01104967
0.82110000 0.01104643
0.82115000 0.01104319
0.82120000 0.01103995
0.82125000 0.01103670
0.82130000 0.01103345
0.82135000 0.01103021
0.82140000 0.01102696
0.82145000 0.01102371
0.82150000 0.01102045
0.82155000 0.01101720
0.82160000 0.01101394
0.82165000 0.01101069
0.82170000 0.01100743
0.82175000 0.01100417
0.82180000 0.01100091
0.82185000 0.01099765
0.82190000 0.01099439
0.82195000 0.01099112
0.82200000 0.01098785
0.82205000 0.01098459
0.82210000 0.01098132
0.82215000 0.01097805
0.82220000 0.01097478
0.82225000 0.01097150
0.82230000 0.01096823
0.82235000 0.01096496
0.82240000 0.01096168
0.82245000 0.01095840
0.82250000 0.01095512
0.82255000 0.01095184
0.82260000 0.01094856
0.82265000 0.01094528
0.82270000 0.01094199
0.82275000 0.01093870
0.82280000 0.01093542
0.82285000 0.01093213
0.82290000 0.01092884
0.82295000 0.01092555
0.82300000 0.01092225
0.82305000 0.01091896
0.82310000 0.01091566
0.82315000 0.01091237
0.82320000 0.01090907
0.82325000 0.01090577
0.82330000 0.01090247
0.82335000 0.01089917
0.82340000 0.01089586
0.82345000 0.01089256
0.82350000 0.01088925
0.82355000 0.01088594
0.82360000 0.01088263
0.82365000 0.01087932
0.82370000 0.01087601
0.82375000 0.01087270
0.82380000 0.01086939
0.82385000 0.01086607
0.82390000 0.01086275
0.82395000 0.01085944
0.82400000 0.01085612
0.82405000 0.01085279
0.82410000 0.01084947
0.82415000 0.01084615
0.82420000 0.01084282
0.82425000 0.01083950
0.82430000 0.01083617
0.82435000 0.01083284
0.82440000 0.01082951
0.82445000 0.01082618
0.82450000 0.01082285
0.82455000 0.01081951
0.82460000 0.01081618
0.82465000 0.01081284
0.82470000 0.01080950
0.82475000 0.01080616
0.82480000 0.01080282
0.82485000 0.01079948
0.82490000 0.01079614
0.82495000 0.01079279
0.82500000 0.01078945
0.82505000 0.01078610
0.82510000 0.01078275
0.82515000 0.01077940
0.82520000 0.01077605
0.82525000 0.01077270
0.82530000 0.01076935
0.82535000 0.01076599
0.82540000 0.01076263
0.82545000 0.01075928
0.82550000 0.01075592
0.82555000 0.01075256
0.82560000 0.01074920
0.82565000 0.01074583
0.82570000 0.01074247
0.82575000 0.01073910
0.82580000 0.01073574
0.82585000 0.01073237
0.82590000 0.01072900
0.82595000 0.01072563
0.82600000 0.01072226
0.82605000 0.01071888
0.82610000 0.01071551
0.82615000 0.01071213
0.82620000 0.01070876
0.82625000 0.01070538
0.82630000 0.01070200
0.82635000 0.01069862
0.82640000 0.01069524
0.82645000 0.01069185
0.82650000 0.01068847
0.82655000 0.01068508
0.82660000 0.01068169
0.82665000 0.01067831
0.82670000 0.01067492
0.82675000 0.01067152
0.82680000 0.01066813
0.82685000 0.01066474
0.82690000 0.01066134
0.82695000 0.01065795
0.82700000 0.01065455
0.82705000 0.01065115
0.82710000 0.01064775
0.82715000 0.01064435
0.82720000 0.01064095
0.82725000 0.01063754
0.82730000 0.01063414
0.82735000 0.01063073
0.82740000 0.01062732
0.82745000 0.01062391
0.82750000 0.01062050
0.82755000 0.01061709
0.82760000 0.01061368
0.82765000 0.01061026
0.82770000 0.01060685
0.82775000 0.01060343
0.82780000 0.01060001
0.82785000 0.01059659
0.82790000 0.01059317
0.82795000 0.01058975
0.82800000 0.01058633
0.82805000 0.01058290
0.82810000 0.01057948
0.82815000 0.01057605
0.82820000 0.01057262
0.82825000 0.01056920
0.82830000 0.01056576
0.82835000 0.01056233
0.82840000 0.01055890
0.82845000 0.01055547
0.82850000 0.01055203
0.82855000 0.01054859
0.82860000 0.01054515
0.82865000 0.01054172
0.82870000 0.01053827
0.82875000 0.01053483
0.82880000 0.01053139
0.82885000 0.01052795
0.82890000 0.01052450
0.82895000 0.01052105
0.82900000 0.01051760
0.82905000 0.01051416
0.82910000 0.01051071
0.82915000 0.01050725
0.82920000 0.01050380
0.82925000 0.01050035
0.82930000 0.01049689
0.82935000 0.01049343
0.82940000 0.01048998
0.82945000 0.01048652
0.82950000 0.01048306
0.82955000 0.01047959
0.82960000 0.01047613
0.82965000 0.01047267
0.82970000 0.01046920
0.82975000 0.01046573
0.82980000 0.01046227
0.82985000 0.01045880
0.82990000 0.01045533
0.82995000 0.01045186
0.83000000 0.01044838
0.83005000 0.01044491
0.83010000 0.01044143
0.83015000 0.01043796
0.83020000 0.01043448
0.83025000 0.01043100
0.83030000 0.01042752
0.83035000 0.01042404
0.83040000 0.01042056
0.83045000 0.01041707
0.83050000 0.01041359
0.83055000 0.01041010
0.83060000 0.01040661
0.83065000 0.01040312
0.83070000 0.01039963
0.83075000 0.01039614
0.83080000 0.01039265
0.83085000 0.01038916
0.83090000 0.01038566
0.83095000 0.01038217
0.83100000 0.01037867
0.83105000 0.01037517
0.83110000 0.01037167
0.83115000 0.01036817
0.83120000 0.01036467
0.83125000 0.01036117
0.83130000 0.01035766
0.83135000 0.01035416
0.83140000 0.01035065
0.83145000 0.01034714
0.83150000 0.01034363
0.83155000 0.01034012
0.83160000 0.01033661
0.83165000 0.01033310
0.83170000 0.01032958
0.83175000 0.01032607
0.83180000 0.01032255
0.83185000 0.01031903
0.83190000 0.01031551
0.83195000 0.01031199
0.83200000 0.01030847
0.83205000 0.01030495
0.83210000 0.01030143
0.83215000 0.01029790
0.83220000 0.01029438
0.83225000 0.01029085
0.83230000 0.01028732
0.83235000 0.01028379
0.83240000 0.01028026
0.83245000 0.01027673
0.83250000 0.01027319
0.83255000 0.01026966
0.83260000 0.01026612
0.83265000 0.01026259
0.83270000 0.01025905
0.83275000 0.01025551
0.83280000 0.01025197
0.83285000 0.01024843
0.83290000 0.01024489
0.83295000 0.01024134
0.83300000 0.01023780
0.83305000 0.01023425
0.83310000 0.01023070
0.83315000 0.01022716
0.83320000 0.01022361
0.83325000 0.01022006
0.83330000 0.01021650
0.83335000 0.01021295
0.83340000 0.01020940
0.83345000 0.01020584
0.83350000 0.01020228
0.83355000 0.01019873
0.83360000 0.01019517
0.83365000 0.01019161
0.83370000 0.01018805
0.83375000 0.01018448
0.83380000 0.01018092
0.83385000 0.01017735
0.83390000 0.01017379
0.83395000 0.01017022
0.83400000 0.01016665
0.83405000 0.01016308
0.83410000 0.01015951
0.83415000 0.01015594
0.83420000 0.01015237
0.83425000 0.01014879
0.83430000 0.01014522
0.83435000 0.01014164
0.83440000 0.01013807
0.83445000 0.01013449
0.83450000 0.01013091
0.83455000 0.01012733
0.83460000 0.01012374
0.83465000 0.01012016
0.83470000 0.01011658
0.83475000 0.01011299
0.83480000 0.01010940
0.83485000 0.01010582
0.83490000 0.01010223
0.83495000 0.01009864
0.83500000 0.01009505
0.83505000 0.01009145
0.83510000 0.01008786
0.83515000 0.01008427
0.83520000 0.01008067
0.83525000 0.01007707
0.83530000 0.01007347
0.83535000 0.01006988
0.83540000 0.01006628
0.83545000 0.01006267
0.83550000 0.01005907
0.83555000 0.01005547
0.83560000 0.01005186
0.83565000 0.01004826
0.83570000 0.01004465
0.83575000 0.01004104
0.83580000 0.01003743
0.83585000 0.01003382
0.83590000 0.01003021
0.83595000 0.01002660
0.83600000 0.01002298
0.83605000 0.01001937
0.83610000 0.01001575
0.83615000 0.01001213
0.83620000 0.01000852
0.83625000 0.01000490
0.83630000 0.01000128
0.83635000 0.00999765
0.83640000 0.00999403
0.83645000 0.00999041
0.83650000 0.00998678
0.83655000 0.00998316
0.83660000 0.00997953
0.83665000 0.00997590
0.83670000 0.00997227
0.83675000 0.00996864
0.83680000 0.00996501
0.83685000 0.00996138
0.83690000 0.00995774
0.83695000 0.00995411
0.83700000 0.00995047
0.83705000 0.00994684
0.83710000 0.00994320
0.83715000 0.00993956
0.83720000 0.00993592
0.83725000 0.00993228
0.83730000 0.00992863
0.83735000 0.00992499
0.83740000 0.00992134
0.83745000 0.00991770
0.83750000 0.00991405
0.83755000 0.00991040
0.83760000 0.00990675
0.83765000 0.00990310
0.83770000 0.00989945
0.83775000 0.00989580
0.83780000 0.00989215
0.83785000 0.00988849
0.83790000 0.00988484
0.83795000 0.00988118
0.83800000 0.00987752
0.83805000 0.00987386
0.83810000 0.00987020
0.83815000 0.00986654
0.83820000 0.00986288
0.83825000 0.00985922
0.83830000 0.00985555
0.83835000 0.00985189
0.83840000 0.00984822
0.83845000 0.00984455
0.83850000 0.00984088
0.83855000 0.00983721
0.83860000 0.00983354
0.83865000 0.00982987
0.83870000 0.00982620
0.83875000 0.00982252
0.83880000 0.00981885
0.83885000 0.00981517
0.83890000 0.00981150
0.83895000 0.00980782
0.83900000 0.00980414
0.83905000 0.00980046
0.83910000 0.00979678
0.83915000 0.00979309
0.83920000 0.00978941
0.83925000 0.00978573
0.83930000 0.00978204
0.83935000 0.00977835
0.83940000 0.00977466
0.83945000 0.00977098
0.83950000 0.00976729
0.83955000 0.00976360
0.83960000 0.00975990
0.83965000 0.00975621
0.83970000 0.00975252
0.83975000 0.00974882
0.83980000 0.00974512
0.83985000 0.00974143
0.83990000 0.00973773
0.83995000 0.00973403
0.84000000 0.00973033
0.84005000 0.00972663
0.84010000 0.00972293
0.84015000 0.00971922
0.84020000 0.00971552
0.84025000 0.00971181
0.84030000 0.00970811
0.84035000 0.00970440
0.84040000 0.00970069
0.84045000 0.00969698
0.84050000 0.00969327
0.84055000 0.00968956
0.84060000 0.00968584
0.84065000 0.00968213
0.84070000 0.00967842
0.84075000 0.00967470
0.84080000 0.00967098
0.84085000 0.00966726
0.84090000 0.00966355
0.84095000 0.00965983
0.84100000 0.00965610
0.84105000 0.00965238
0.84110000 0.00964866
0.84115000 0.00964494
0.84120000 0.00964121
0.84125000 0.00963748
0.84130000 0.00963376
0.84135000 0.00963003
0.84140000 0.00962630
0.84145000 0.00962257
0.84150000 0.00961884
0.84155000 0.00961511
0.84160000 0.00961137
0.84165000 0.00960764
0.84170000 0.00960390
0.84175000 0.00960017
0.84180000 0.00959643
0.84185000 0.00959269
0.84190000 0.00958895
0.84195000 0.00958521
0.84200000 0.00958147
0.84205000 0.00957773
0.84210000 0.00957399
0.84215000 0.00957024
0.84220000 0.00956650
0.84225000 0.00956275
0.84230000 0.00955900
0.84235000 0.00955525
0.84240000 0.00955150
0.84245000 0.00954775
0.84250000 0.00954400
0.84255000 0.00954025
0.84260000 0.00953650
0.84265000 0.00953274
0.84270000 0.00952899
0.84275000 0.00952523
0.84280000 0.00952148
0.84285000 0.00951772
0.84290000 0.00951396
0.84295000 0.00951020
0.84300000 0.00950644
0.84305000 0.00950268
0.84310000 0.00949891
0.84315000 0.00949515
0.84320000 0.00949138
0.84325000 0.00948762
0.84330000 0.00948385
0.84335000 0.00948008
0.84340000 0.00947631
0.84345000 0.00947254
0.84350000 0.00946877
0.84355000 0.00946500
0.84360000 0.00946123
0.84365000 0.00945745
0.84370000 0.00945368
0.84375000 0.00944990
0.84380000 0.00944613
0.84385000 0.00944235
0.84390000 0.00943857
0.84395000 0.00943479
0.84400000 0.00943101
0.84405000 0.00942723
0.84410000 0.00942345
0.84415000 0.00941966
0.84420000 0.00941588
0.84425000 0.00941210
0.84430000 0.00940831
0.84435000 0.00940452
0.84440000 0.00940073
0.84445000 0.00939694
0.84450000 0.00939315
0.84455000 0.00938936
0.84460000 0.00938557
0.84465000 0.00938178
0.84470000 0.00937799
0.84475000 0.00937419
0.84480000 0.00937039
0.84485000 0.00936660
0.84490000 0.00936280
0.84495000 0.00935900
0.84500000 0.00935520
0.84505000 0.00935140
0.84510000 0.00934760
0.84515000 0.00934380
0.84520000 0.00934000
0.84525000 0.00933619
0.84530000 0.00933239
0.84535000 0.00932858
0.84540000 0.00932477
0.84545000 0.00932097
0.84550000 0.00931716
0.84555000 0.00931335
0.84560000 0.00930954
0.84565000 0.00930573
0.84570000 0.00930191
0.84575000 0.00929810
0.84580000 0.00929429
0.84585000 0.00929047
0.84590000 0.00928665
0.84595000 0.00928284
0.84600000 0.00927902
0.84605000 0.00927520
0.84610000 0.00927138
0.84615000 0.00926756
0.84620000 0.00926374
0.84625000 0.00925992
0.84630000 0.00925609
0.84635000 0.00925227
0.84640000 0.00924844
0.84645000 0.00924462
0.84650000 0.00924079
0.84655000 0.00923696
0.84660000 0.00923313
0.84665000 0.00922930
0.84670000 0.00922547
0.84675000 0.00922164
0.84680000 0.00921781
0.84685000 0.00921398
0.84690000 0.00921014
0.84695000 0.00920631
0.84700000 0.00920247
0.84705000 0.00919863
0.84710000 0.00919480
0.84715000 0.00919096
0.84720000 0.00918712
0.84725000 0.00918328
0.84730000 0.00917944
0.84735000 0.00917559
0.84740000 0.00917175
0.84745000 0.00916791
0.84750000 0.00916406
0.84755000 0.00916022
0.84760000 0.00915637
0.84765000 0.00915252
0.84770000 0.00914867
0.84775000 0.00914482
0.84780000 0.00914097
0.84785000 0.00913712
0.84790000 0.00913327
0.84795000 0.00912942
0.84800000 0.00912556
0.84805000 0.00912171
0.84810000 0.00911785
0.84815000 0.00911400
0.84820000 0.00911014
0.84825000 0.00910628
0.84830000 0.00910242
0.84835000 0.00909856
0.84840000 0.00909470
0.84845000 0.00909084
0.84850000 0.00908698
0.84855000 0.00908312
0.84860000 0.00907925
0.84865000 0.00907539
0.84870000 0.00907152
0.84875000 0.00906766
0.84880000 0.00906379
0.84885000 0.00905992
0.84890000 0.00905605
0.84895000 0.00905218
0.84900000 0.00904831
0.84905000 0.00904444
0.84910000 0.00904057
0.84915000 0.00903669
0.84920000 0.00903282
0.84925000 0.00902894
0.84930000 0.00902507
0.84935000 0.00902119
0.84940000 0.00901731
0.84945000 0.00901343
0.84950000 0.00900956
0.84955000 0.00900568
0.84960000 0.00900179
0.84965000 0.00899791
0.84970000 0.00899403
0.84975000 0.00899015
0.84980000 0.00898626
0.84985000 0.00898238
0.84990000 0.00897849
0.84995000 0.00897461
0.85000000 0.00897072
0.85005000 0.00896683
0.85010000 0.00896294
0.85015000 0.00895905
0.85020000 0.00895516
0.85025000 0.00895127
0.85030000 0.00894738
0.85035000 0.00894348
0.85040000 0.00893959
0.85045000 0.00893569
0.85050000 0.00893180
0.85055000 0.00892790
0.85060000 0.00892400
0.85065000 0.00892011
0.85070000 0.00891621
0.85075000 0.00891231
0.85080000 0.00890841
0.85085000 0.00890450
0.85090000 0.00890060
0.85095000 0.00889670
0.85100000 0.00889280
0.85105000 0.00888889
0.85110000 0.00888499
0.85115000 0.00888108
0.85120000 0.00887717
0.85125000 0.00887327
0.85130000 0.00886936
0.85135000 0.00886545
0.85140000 0.00886154
0.85145000 0.00885763
0.85150000 0.00885371
0.85155000 0.00884980
0.85160000 0.00884589
0.85165000 0.00884197
0.85170000 0.00883806
0.85175000 0.00883414
0.85180000 0.00883023
0.85185000 0.00882631
0.85190000 0.00882239
0.85195000 0.00881847
0.85200000 0.00881455
0.85205000 0.00881063
0.85210000 0.00880671
0.85215000 0.00880279
0.85220000 0.00879887
0.85225000 0.00879495
0.85230000 0.00879102
0.85235000 0.00878710
0.85240000 0.00878317
0.85245000 0.00877924
0.85250000 0.00877532
0.85255000 0.00877139
0.85260000 0.00876746
0.85265000 0.00876353
0.85270000 0.00875960
0.85275000 0.00875567
0.85280000 0.00875174
0.85285000 0.00874780
0.85290000 0.00874387
0.85295000 0.00873994
0.85300000 0.00873600
0.85305000 0.00873207
0.85310000 0.00872813
0.85315000 0.00872419
0.85320000 0.00872026
0.85325000 0.00871632
0.85330000 0.00871238
0.85335000 0.00870844
0.85340000 0.00870450
0.85345000 0.00870056
0.85350000 0.00869661
0.85355000 0.00869267
0.85360000 0.00868873
0.85365000 0.00868478
0.85370000 0.00868084
0.85375000 0.00867689
0.85380000 0.00867294
0.85385000 0.00866900
0.85390000 0.00866505
0.85395000 0.00866110
0.85400000 0.00865715
0.85405000 0.00865320
0.85410000 0.00864925
0.85415000 0.00864530
0.85420000 0.00864134
0.85425000 0.00863739
0.85430000 0.00863344
0.85435000 0.00862948
0.85440000 0.00862553
0.85445000 0.00862157
0.85450000 0.00861761
0.85455000 0.00861366
0.85460000 0.00860970
0.85465000 0.00860574
0.85470000 0.00860178
0.85475000 0.00859782
0.85480000 0.00859386
0.85485000 0.00858990
0.85490000 0.00858593
0.85495000 0.00858197
0.85500000 0.00857801
0.85505000 0.00857404
0.85510000 0.00857008
0.85515000 0.00856611
0.85520000 0.00856214
0.85525000 0.00855818
0.85530000 0.00855421
0.85535000 0.00855024
0.85540000 0.00854627
0.85545000 0.00854230
0.85550000 0.00853833
0.85555000 0.00853436
0.85560000 0.00853039
0.85565000 0.00852641
0.85570000 0.00852244
0.85575000 0.00851847
0.85580000 0.00851449
0.85585000 0.00851052
0.85590000 0.00850654
0.85595000 0.00850256
0.85600000 0.00849858
0.85605000 0.00849461
0.85610000 0.00849063
0.85615000 0.00848665
0.85620000 0.00848267
0.85625000 0.00847869
0.85630000 0.00847470
0.85635000 0.00847072
0.85640000 0.00846674
0.85645000 0.00846275
0.85650000 0.00845877
0.85655000 0.00845479
0.85660000 0.00845080
0.85665000 0.00844681
0.85670000 0.00844283
0.85675000 0.00843884
0.85680000 0.00843485
0.85685000 0.00843086
0.85690000 0.00842687
0.85695000 0.00842288
0.85700000 0.00841889
0.85705000 0.00841490
0.85710000 0.00841091
0.85715000 0.00840691
0.85720000 0.00840292
0.85725000 0.00839893
0.85730000 0.00839493
0.85735000 0.00839094
0.85740000 0.00838694
0.85745000 0.00838294
0.85750000 0.00837895
0.85755000 0.00837495
0.85760000 0.00837095
0.85765000 0.00836695
0.85770000 0.00836295
0.85775000 0.00835895
0.85780000 0.00835495
0.85785000 0.00835095
0.85790000 0.00834694
0.85795000 0.00834294
0.85800000 0.00833894
0.85805000 0.00833493
0.85810000 0.00833093
0.85815000 0.00832692
0.85820000 0.00832292
0.85825000 0.00831891
0.85830000 0.00831490
0.85835000 0.00831089
0.85840000 0.00830688
0.85845000 0.00830288
0.85850000 0.00829887
0.85855000 0.00829485
0.85860000 0.00829084
0.85865000 0.00828683
0.85870000 0.00828282
0.85875000 0.00827881
0.85880000 0.00827479
0.85885000 0.00827078
0.85890000 0.00826676
0.85895000 0.00826275
0.85900000 0.00825873
0.85905000 0.00825472
0.85910000 0.00825070
0.85915000 0.00824668
0.85920000 0.00824266
0.85925000 0.00823864
0.85930000 0.00823463
0.85935000 0.00823060
0.85940000 0.00822658
0.85945000 0.00822256
0.85950000 0.00821854
0.85955000 0.00821452
0.85960000 0.00821050
0.85965000 0.00820647
0.85970000 0.00820245
0.85975000 0.00819842
0.85980000 0.00819440
0.85985000 0.00819037
0.85990000 0.00818635
0.85995000 0.00818232
0.86000000 0.00817829
0.86005000 0.00817426
0.86010000 0.00817023
0.86015000 0.00816620
0.86020000 0.00816217
0.86025000 0.00815814
0.86030000 0.00815411
0.86035000 0.00815008
0.86040000 0.00814605
0.86045000 0.00814202
0.86050000 0.00813798
0.86055000 0.00813395
0.86060000 0.00812991
0.86065000 0.00812588
0.86070000 0.00812184
0.86075000 0.00811781
0.86080000 0.00811377
0.86085000 0.00810973
0.86090000 0.00810570
0.86095000 0.00810166
0.86100000 0.00809762
0.86105000 0.00809358
0.86110000 0.00808954
0.86115000 0.00808550
0.86120000 0.00808146
0.86125000 0.00807742
0.86130000 0.00807338
0.86135000 0.00806933
0.86140000 0.00806529
0.86145000 0.00806125
0.86150000 0.00805720
0.86155000 0.00805316
0.86160000 0.00804911
0.86165000 0.00804507
0.86170000 0.00804102
0.86175000 0.00803697
0.86180000 0.00803293
0.86185000 0.00802888
0.86190000 0.00802483
0.86195000 0.00802078
0.86200000 0.00801673
0.86205000 0.00801268
0.86210000 0.00800863
0.86215000 0.00800458
0.86220000 0.00800053
0.86225000 0.00799648
0.86230000 0.00799242
0.86235000 0.00798837
0.86240000 0.00798432
0.86245000 0.00798026
0.86250000 0.00797621
0.86255000 0.00797215
0.86260000 0.00796810
0.86265000 0.00796404
0.86270000 0.00795999
0.86275000 0.00795593
0.86280000 0.00795187
0.86285000 0.00794781
0.86290000 0.00794376
0.86295000 0.00793970
0.86300000 0.00793564
0.86305000 0.00793158
0.86310000 0.00792752
0.86315000 0.00792346
0.86320000 0.00791939
0.86325000 0.00791533
0.86330000 0.00791127
0.86335000 0.00790721
0.86340000 0.00790314
0.86345000 0.00789908
0.86350000 0.00789502
0.86355000 0.00789095
0.86360000 0.00788689
0.86365000 0.00788282
0.86370000 0.00787875
0.86375000 0.00787469
0.86380000 0.00787062
0.86385000 0.00786655
0.86390000 0.00786249
0.86395000 0.00785842
0.86400000 0.00785435
0.86405000 0.00785028
0.86410000 0.00784621
0.86415000 0.00784214
0.86420000 0.00783807
0.86425000 0.00783400
0.86430000 0.00782992
0.86435000 0.00782585
0.86440000 0.00782178
0.86445000 0.00781771
0.86450000 0.00781363
0.86455000 0.00780956
0.86460000 0.00780548
0.86465000 0.00780141
0.86470000 0.00779733
0.86475000 0.00779326
0.86480000 0.00778918
0.86485000 0.00778511
0.86490000 0.00778103
0.86495000 0.00777695
0.86500000 0.00777287
0.86505000 0.00776880
0.86510000 0.00776472
0.86515000 0.00776064
0.86520000 0.00775656
0.86525000 0.00775248
0.86530000 0.00774840
0.86535000 0.00774432
0.86540000 0.00774024
0.86545000 0.00773615
0.86550000 0.00773207
0.86555000 0.00772799
0.86560000 0.00772391
0.86565000 0.00771982
0.86570000 0.00771574
0.86575000 0.00771165
0.86580000 0.00770757
0.86585000 0.00770349
0.86590000 0.00769940
0.86595000 0.00769531
0.86600000 0.00769123
0.86605000 0.00768714
0.86610000 0.00768305
0.86615000 0.00767897
0.86620000 0.00767488
0.86625000 0.00767079
0.86630000 0.00766670
0.86635000 0.00766261
0.86640000 0.00765852
0.86645000 0.00765443
0.86650000 0.00765034
0.86655000 0.00764625
0.86660000 0.00764216
0.86665000 0.00763807
0.86670000 0.00763398
0.86675000 0.00762989
0.86680000 0.00762579
0.86685000 0.00762170
0.86690000 0.00761761
0.86695000 0.00761351
0.86700000 0.00760942
0.86705000 0.00760533
0.86710000 0.00760123
0.86715000 0.00759714
0.86720000 0.00759304
0.86725000 0.00758895
0.86730000 0.00758485
0.86735000 0.00758075
0.86740000 0.00757666
0.86745000 0.00757256
0.86750000 0.00756846
0.86755000 0.00756436
0.86760000 0.00756026
0.86765000 0.00755617
0.86770000 0.00755207
0.86775000 0.00754797
0.86780000 0.00754387
0.86785000 0.00753977
0.86790000 0.00753567
0.86795000 0.00753157
0.86800000 0.00752746
0.86805000 0.00752336
0.86810000 0.00751926
0.86815000 0.00751516
0.86820000 0.00751106
0.86825000 0.00750695
0.86830000 0.00750285
0.86835000 0.00749875
0.86840000 0.00749464
0.86845000 0.00749054
0.86850000 0.00748643
0.86855000 0.00748233
0.86860000 0.00747822
0.86865000 0.00747412
0.86870000 0.00747001
0.86875000 0.00746591
0.86880000 0.00746180
0.86885000 0.00745769
0.86890000 0.00745359
0.86895000 0.00744948
0.86900000 0.00744537
0.86905000 0.00744126
0.86910000 0.00743716
0.86915000 0.00743305
0.86920000 0.00742894
0.86925000 0.00742483
0.86930000 0.00742072
0.86935000 0.00741661
0.86940000 0.00741250
0.86945000 0.00740839
0.86950000 0.00740428
0.86955000 0.00740017
0.86960000 0.00739605
0.86965000 0.00739194
0.86970000 0.00738783
0.86975000 0.00738372
0.86980000 0.00737961
0.86985000 0.00737549
0.86990000 0.00737138
0.86995000 0.00736727
0.87000000 0.00736315
0.87005000 0.00735904
0.87010000 0.00735493
0.87015000 0.00735081
0.87020000 0.00734670
0.87025000 0.00734258
0.87030000 0.00733847
0.87035000 0.00733435
0.87040000 0.00733023
0.87045000 0.00732612
0.87050000 0.00732200
0.87055000 0.00731788
0.87060000 0.00731377
0.87065000 0.00730965
0.87070000 0.00730553
0.87075000 0.00730141
0.87080000 0.00729730
0.87085000 0.00729318
0.87090000 0.00728906
0.87095000 0.00728494
0.87100000 0.00728082
0.87105000 0.00727670
0.87110000 0.00727258
0.87115000 0.00726846
0.87120000 0.00726434
0.87125000 0.00726022
0.87130000 0.00725610
0.87135000 0.00725198
0.87140000 0.00724786
0.87145000 0.00724374
0.87150000 0.00723962
0.87155000 0.00723550
0.87160000 0.00723137
0.87165000 0.00722725
0.87170000 0.00722313
0.87175000 0.00721901
0.87180000 0.00721488
0.87185000 0.00721076
0.87190000 0.00720664
0.87195000 0.00720251
0.87200000 0.00719839
0.87205000 0.00719427
0.87210000 0.00719014
0.87215000 0.00718602
0.87220000 0.00718189
0.87225000 0.00717777
0.87230000 0.00717364
0.87235000 0.00716952
0.87240000 0.00716539
0.87245000 0.00716127
0.87250000 0.00715714
0.87255000 0.00715301
0.87260000 0.00714889
0.87265000 0.00714476
0.87270000 0.00714063
0.87275000 0.00713651
0.87280000 0.00713238
0.87285000 0.00712825
0.87290000 0.00712413
0.87295000 0.00712000
0.87300000 0.00711587
0.87305000 0.00711174
0.87310000 0.00710761
0.87315000 0.00710349
0.87320000 0.00709936
0.87325000 0.00709523
0.87330000 0.00709110
0.87335000 0.00708697
0.87340000 0.00708284
0.87345000 0.00707871
0.87350000 0.00707458
0.87355000 0.00707045
0.87360000 0.00706632
0.87365000 0.00706219
0.87370000 0.00705806
0.87375000 0.00705393
0.87380000 0.00704980
0.87385000 0.00704567
0.87390000 0.00704154
0.87395000 0.00703741
0.87400000 0.00703327
0.87405000 0.00702914
0.87410000 0.00702501
0.87415000 0.00702088
0.87420000 0.00701675
0.87425000 0.00701262
0.87430000 0.00700848
0.87435000 0.00700435
0.87440000 0.00700022
0.87445000 0.00699609
0.87450000 0.00699195
0.87455000 0.00698782
0.87460000 0.00698369
0.87465000 0.00697955
0.87470000 0.00697542
0.87475000 0.00697129
0.87480000 0.00696715
0.87485000 0.00696302
0.87490000 0.00695889
0.87495000 0.00695475
0.87500000 0.00695062
0.87505000 0.00694648
0.87510000 0.00694235
0.87515000 0.00693821
0.87520000 0.00693408
0.87525000 0.00692994
0.87530000 0.00692581
0.87535000 0.00692167
0.87540000 0.00691754
0.87545000 0.00691340
0.87550000 0.00690927
0.87555000 0.00690513
0.87560000 0.00690100
0.87565000 0.00689686
0.87570000 0.00689273
0.87575000 0.00688859
0.87580000 0.00688445
0.87585000 0.00688032
0.87590000 0.00687618
0.87595000 0.00687205
0.87600000 0.00686791
0.87605000 0.00686377
0.87610000 0.00685964
0.87615000 0.00685550
0.87620000 0.00685136
0.87625000 0.00684723
0.87630000 0.00684309
0.87635000 0.00683895
0.87640000 0.00683482
0.87645000 0.00683068
0.87650000 0.00682654
0.87655000 0.00682240
0.87660000 0.00681827
0.87665000 0.00681413
0.87670000 0.00680999
0.87675000 0.00680585
0.87680000 0.00680172
0.87685000 0.00679758
0.87690000 0.00679344
0.87695000 0.00678930
0.87700000 0.00678517
0.87705000 0.00678103
0.87710000 0.00677689
0.87715000 0.00677275
0.87720000 0.00676861
0.87725000 0.00676448
0.87730000 0.00676034
0.87735000 0.00675620
0.87740000 0.00675206
0.87745000 0.00674792
0.87750000 0.00674378
0.87755000 0.00673965
0.87760000 0.00673551
0.87765000 0.00673137
0.87770000 0.00672723
0.87775000 0.00672309
0.87780000 0.00671895
0.87785000 0.00671481
0.87790000 0.00671068
0.87795000 0.00670654
0.87800000 0.00670240
0.87805000 0.00669826
0.87810000 0.00669412
0.87815000 0.00668998
0.87820000 0.00668584
0.87825000 0.00668170
0.87830000 0.00667757
0.87835000 0.00667343
0.87840000 0.00666929
0.87845000 0.00666515
0.87850000 0.00666101
0.87855000 0.00665687
0.87860000 0.00665273
0.87865000 0.00664859
0.87870000 0.00664445
0.87875000 0.00664032
0.87880000 0.00663618
0.87885000 0.00663204
0.87890000 0.00662790
0.87895000 0.00662376
0.87900000 0.00661962
0.87905000 0.00661548
0.87910000 0.00661134
0.87915000 0.00660720
0.87920000 0.00660307
0.87925000 0.00659893
0.87930000 0.00659479
0.87935000 0.00659065
0.87940000 0.00658651
0.87945000 0.00658237
0.87950000 0.00657823
0.87955000 0.00657409
0.87960000 0.00656996
0.87965000 0.00656582
0.87970000 0.00656168
0.87975000 0.00655754
0.87980000 0.00655340
0.87985000 0.00654926
0.87990000 0.00654512
0.87995000 0.00654099
0.88000000 0.00653685
0.88005000 0.00653271
0.88010000 0.00652857
0.88015000 0.00652443
0.88020000 0.00652029
0.88025000 0.00651616
0.88030000 0.00651202
0.88035000 0.00650788
0.88040000 0.00650374
0.88045000 0.00649960
0.88050000 0.00649547
0.88055000 0.00649133
0.88060000 0.00648719
0.88065000 0.00648305
0.88070000 0.00647892
0.88075000 0.00647478
0.88080000 0.00647064
0.88085000 0.00646650
0.88090000 0.00646237
0.88095000 0.00645823
0.88100000 0.00645409
0.88105000 0.00644995
0.88110000 0.00644582
0.88115000 0.00644168
0.88120000 0.00643754
0.88125000 0.00643341
0.88130000 0.00642927
0.88135000 0.00642513
0.88140000 0.00642100
0.88145000 0.00641686
0.88150000 0.00641273
0.88155000 0.00640859
0.88160000 0.00640445
0.88165000 0.00640032
0.88170000 0.00639618
0.88175000 0.00639205
0.88180000 0.00638791
0.88185000 0.00638377
0.88190000 0.00637964
0.88195000 0.00637550
0.88200000 0.00637137
0.88205000 0.00636723
0.88210000 0.00636310
0.88215000 0.00635896
0.88220000 0.00635483
0.88225000 0.00635069
0.88230000 0.00634656
0.88235000 0.00634242
0.88240000 0.00633829
0.88245000 0.00633416
0.88250000 0.00633002
0.88255000 0.00632589
0.88260000 0.00632175
0.88265000 0.00631762
0.88270000 0.00631349
0.88275000 0.00630935
0.88280000 0.00630522
0.88285000 0.00630109
0.88290000 0.00629695
0.88295000 0.00629282
0.88300000 0.00628869
0.88305000 0.00628456
0.88310000 0.00628042
0.88315000 0.00627629
0.88320000 0.00627216
0.88325000 0.00626803
0.88330000 0.00626390
0.88335000 0.00625976
0.88340000 0.00625563
0.88345000 0.00625150
0.88350000 0.00624737
0.88355000 0.00624324
0.88360000 0.00623911
0.88365000 0.00623498
0.88370000 0.00623085
0.88375000 0.00622672
0.88380000 0.00622259
0.88385000 0.00621846
0.88390000 0.00621433
0.88395000 0.00621020
0.88400000 0.00620607
0.88405000 0.00620194
0.88410000 0.00619781
0.88415000 0.00619368
0.88420000 0.00618955
0.88425000 0.00618543
0.88430000 0.00618130
0.88435000 0.00617717
0.88440000 0.00617304
0.88445000 0.00616891
0.88450000 0.00616479
0.88455000 0.00616066
0.88460000 0.00615653
0.88465000 0.00615241
0.88470000 0.00614828
0.88475000 0.00614415
0.88480000 0.00614003
0.88485000 0.00613590
0.88490000 0.00613178
0.88495000 0.00612765
0.88500000 0.00612353
0.88505000 0.00611940
0.88510000 0.00611528
0.88515000 0.00611115
0.88520000 0.00610703
0.88525000 0.00610290
0.88530000 0.00609878
0.88535000 0.00609465
0.88540000 0.00609053
0.88545000 0.00608641
0.88550000 0.00608229
0.88555000 0.00607816
0.88560000 0.00607404
0.88565000 0.00606992
0.88570000 0.00606580
0.88575000 0.00606167
0.88580000 0.00605755
0.88585000 0.00605343
0.88590000 0.00604931
0.88595000 0.00604519
0.88600000 0.00604107
0.88605000 0.00603695
0.88610000 0.00603283
0.88615000 0.00602871
0.88620000 0.00602459
0.88625000 0.00602047
0.88630000 0.00601635
0.88635000 0.00601223
0.88640000 0.00600811
0.88645000 0.00600400
0.88650000 0.00599988
0.88655000 0.00599576
0.88660000 0.00599164
0.88665000 0.00598753
0.88670000 0.00598341
0.88675000 0.00597929
0.88680000 0.00597518
0.88685000 0.00597106
0.88690000 0.00596695
0.88695000 0.00596283
0.88700000 0.00595872
0.88705000 0.00595460
0.88710000 0.00595049
0.88715000 0.00594637
0.88720000 0.00594226
0.88725000 0.00593815
0.88730000 0.00593403
0.88735000 0.00592992
0.88740000 0.00592581
0.88745000 0.00592170
0.88750000 0.00591758
0.88755000 0.00591347
0.88760000 0.00590936
0.88765000 0.00590525
0.88770000 0.00590114
0.88775000 0.00589703
0.88780000 0.00589292
0.88785000 0.00588881
0.88790000 0.00588470
0.88795000 0.00588059
0.88800000 0.00587648
0.88805000 0.00587237
0.88810000 0.00586827
0.88815000 0.00586416
0.88820000 0.00586005
0.88825000 0.00585594
0.88830000 0.00585184
0.88835000 0.00584773
0.88840000 0.00584362
0.88845000 0.00583952
0.88850000 0.00583541
0.88855000 0.00583131
0.88860000 0.00582720
0.88865000 0.00582310
0.88870000 0.00581900
0.88875000 0.00581489
0.88880000 0.00581079
0.88885000 0.00580669
0.88890000 0.00580258
0.88895000 0.00579848
0.88900000 0.00579438
0.88905000 0.00579028
0.88910000 0.00578618
0.88915000 0.00578208
0.88920000 0.00577798
0.88925000 0.00577388
0.88930000 0.00576978
0.88935000 0.00576568
0.88940000 0.00576158
0.88945000 0.00575748
0.88950000 0.00575339
0.88955000 0.00574929
0.88960000 0.00574519
0.88965000 0.00574109
0.88970000 0.00573700
0.88975000 0.00573290
0.88980000 0.00572881
0.88985000 0.00572471
0.88990000 0.00572062
0.88995000 0.00571652
0.89000000 0.00571243
0.89005000 0.00570833
0.89010000 0.00570424
0.89015000 0.00570015
0.89020000 0.00569606
0.89025000 0.00569197
0.89030000 0.00568787
0.89035000 0.00568378
0.89040000 0.00567969
0.89045000 0.00567560
0.89050000 0.00567151
0.89055000 0.00566742
0.89060000 0.00566333
0.89065000 0.00565925
0.89070000 0.00565516
0.89075000 0.00565107
0.89080000 0.00564698
0.89085000 0.00564290
0.89090000 0.00563881
0.89095000 0.00563472
0.89100000 0.00563064
0.89105000 0.00562655
0.89110000 0.00562247
0.89115000 0.00561839
0.89120000 0.00561430
0.89125000 0.00561022
0.89130000 0.00560614
0.89135000 0.00560206
0.89140000 0.00559797
0.89145000 0.00559389
0.89150000 0.00558981
0.89155000 0.00558573
0.89160000 0.00558165
0.89165000 0.00557757
0.89170000 0.00557349
0.89175000 0.00556942
0.89180000 0.00556534
0.89185000 0.00556126
0.89190000 0.00555718
0.89195000 0.00555311
0.89200000 0.00554903
0.89205000 0.00554495
0.89210000 0.00554088
0.89215000 0.00553681
0.89220000 0.00553273
0.89225000 0.00552866
0.89230000 0.00552458
0.89235000 0.00552051
0.89240000 0.00551644
0.89245000 0.00551237
0.89250000 0.00550830
0.89255000 0.00550423
0.89260000 0.00550016
0.89265000 0.00549609
0.89270000 0.00549202
0.89275000 0.00548795
0.89280000 0.00548388
0.89285000 0.00547982
0.89290000 0.00547575
0.89295000 0.00547168
0.89300000 0.00546762
0.89305000 0.00546355
0.89310000 0.00545949
0.89315000 0.00545542
0.89320000 0.00545136
0.89325000 0.00544730
0.89330000 0.00544323
0.89335000 0.00543917
0.89340000 0.00543511
0.89345000 0.00543105
0.89350000 0.00542699
0.89355000 0.00542293
0.89360000 0.00541887
0.89365000 0.00541481
0.89370000 0.00541075
0.89375000 0.00540669
0.89380000 0.00540264
0.89385000 0.00539858
0.89390000 0.00539452
0.89395000 0.00539047
0.89400000 0.00538641
0.89405000 0.00538236
0.89410000 0.00537831
0.89415000 0.00537425
0.89420000 0.00537020
0.89425000 0.00536615
0.89430000 0.00536210
0.89435000 0.00535805
0.89440000 0.00535399
0.89445000 0.00534995
0.89450000 0.00534590
0.89455000 0.00534185
0.89460000 0.00533780
0.89465000 0.00533375
0.89470000 0.00532971
0.89475000 0.00532566
0.89480000 0.00532161
0.89485000 0.00531757
0.89490000 0.00531352
0.89495000 0.00530948
0.89500000 0.00530544
0.89505000 0.00530139
0.89510000 0.00529735
0.89515000 0.00529331
0.89520000 0.00528927
0.89525000 0.00528523
0.89530000 0.00528119
0.89535000 0.00527715
0.89540000 0.00527311
0.89545000 0.00526908
0.89550000 0.00526504
0.89555000 0.00526100
0.89560000 0.00525697
0.89565000 0.00525293
0.89570000 0.00524890
0.89575000 0.00524486
0.89580000 0.00524083
0.89585000 0.00523680
0.89590000 0.00523277
0.89595000 0.00522874
0.89600000 0.00522470
0.89605000 0.00522067
0.89610000 0.00521665
0.89615000 0.00521262
0.89620000 0.00520859
0.89625000 0.00520456
0.89630000 0.00520053
0.89635000 0.00519651
0.89640000 0.00519248
0.89645000 0.00518846
0.89650000 0.00518443
0.89655000 0.00518041
0.89660000 0.00517639
0.89665000 0.00517237
0.89670000 0.00516835
0.89675000 0.00516432
0.89680000 0.00516030
0.89685000 0.00515629
0.89690000 0.00515227
0.89695000 0.00514825
0.89700000 0.00514423
0.89705000 0.00514022
0.89710000 0.00513620
0.89715000 0.00513218
0.89720000 0.00512817
0.89725000 0.00512416
0.89730000 0.00512014
0.89735000 0.00511613
0.89740000 0.00511212
0.89745000 0.00510811
0.89750000 0.00510410
0.89755000 0.00510009
0.89760000 0.00509608
0.89765000 0.00509207
0.89770000 0.00508806
0.89775000 0.00508406
0.89780000 0.00508005
0.89785000 0.00507605
0.89790000 0.00507204
0.89795000 0.00506804
0.89800000 0.00506403
0.89805000 0.00506003
0.89810000 0.00505603
0.89815000 0.00505203
0.89820000 0.00504803
0.89825000 0.00504403
0.89830000 0.00504003
0.89835000 0.00503603
0.89840000 0.00503204
0.89845000 0.00502804
0.89850000 0.00502405
0.89855000 0.00502005
0.89860000 0.00501606
0.89865000 0.00501206
0.89870000 0.00500807
0.89875000 0.00500408
0.89880000 0.00500009
0.89885000 0.00499610
0.89890000 0.00499211
0.89895000 0.00498812
0.89900000 0.00498413
0.89905000 0.00498014
0.89910000 0.00497616
0.89915000 0.00497217
0.89920000 0.00496819
0.89925000 0.00496420
0.89930000 0.00496022
0.89935000 0.00495624
0.89940000 0.00495226
0.89945000 0.00494827
0.89950000 0.00494429
0.89955000 0.00494032
0.89960000 0.00493634
0.89965000 0.00493236
0.89970000 0.00492838
0.89975000 0.00492441
0.89980000 0.00492043
0.89985000 0.00491646
0.89990000 0.00491248
0.89995000 0.00490851
0.90000000 0.00490454
0.90005000 0.00490057
0.90010000 0.00489660
0.90015000 0.00489263
0.90020000 0.00488866
0.90025000 0.00488469
0.90030000 0.00488072
0.90035000 0.00487676
0.90040000 0.00487279
0.90045000 0.00486883
0.90050000 0.00486486
0.90055000 0.00486090
0.90060000 0.00485694
0.90065000 0.00485298
0.90070000 0.00484901
0.90075000 0.00484506
0.90080000 0.00484110
0.90085000 0.00483714
0.90090000 0.00483318
0.90095000 0.00482923
0.90100000 0.00482527
0.90105000 0.00482132
0.90110000 0.00481736
0.90115000 0.00481341
0.90120000 0.00480946
0.90125000 0.00480551
0.90130000 0.00480156
0.90135000 0.00479761
0.90140000 0.00479366
0.90145000 0.00478971
0.90150000 0.00478576
0.90155000 0.00478182
0.90160000 0.00477787
0.90165000 0.00477393
0.90170000 0.00476999
0.90175000 0.00476604
0.90180000 0.00476210
0.90185000 0.00475816
0.90190000 0.00475422
0.90195000 0.00475029
0.90200000 0.00474635
0.90205000 0.00474241
0.90210000 0.00473847
0.90215000 0.00473454
0.90220000 0.00473061
0.90225000 0.00472667
0.90230000 0.00472274
0.90235000 0.00471881
0.90240000 0.00471488
0.90245000 0.00471095
0.90250000 0.00470702
0.90255000 0.00470309
0.90260000 0.00469917
0.90265000 0.00469524
0.90270000 0.00469132
0.90275000 0.00468739
0.90280000 0.00468347
0.90285000 0.00467955
0.90290000 0.00467563
0.90295000 0.00467171
0.90300000 0.00466779
0.90305000 0.00466387
0.90310000 0.00465995
0.90315000 0.00465603
0.90320000 0.00465212
0.90325000 0.00464820
0.90330000 0.00464429
0.90335000 0.00464038
0.90340000 0.00463647
0.90345000 0.00463256
0.90350000 0.00462865
0.90355000 0.00462474
0.90360000 0.00462083
0.90365000 0.00461692
0.90370000 0.00461302
0.90375000 0.00460911
0.90380000 0.00460521
0.90385000 0.00460131
0.90390000 0.00459740
0.90395000 0.00459350
0.90400000 0.00458960
0.90405000 0.00458571
0.90410000 0.00458181
0.90415000 0.00457791
0.90420000 0.00457401
0.90425000 0.00457012
0.90430000 0.00456623
0.90435000 0.00456233
0.90440000 0.00455844
0.90445000 0.00455455
0.90450000 0.00455066
0.90455000 0.00454677
0.90460000 0.00454288
0.90465000 0.00453900
0.90470000 0.00453511
0.90475000 0.00453123
0.90480000 0.00452734
0.90485000 0.00452346
0.90490000 0.00451958
0.90495000 0.00451570
0.90500000 0.00451182
0.90505000 0.00450794
0.90510000 0.00450406
0.90515000 0.00450019
0.90520000 0.00449631
0.90525000 0.00449244
0.90530000 0.00448856
0.90535000 0.00448469
0.90540000 0.00448082
0.90545000 0.00447695
0.90550000 0.00447308
0.90555000 0.00446921
0.90560000 0.00446535
0.90565000 0.00446148
0.90570000 0.00445762
0.90575000 0.00445375
0.90580000 0.00444989
0.90585000 0.00444603
0.90590000 0.00444217
0.90595000 0.00443831
0.90600000 0.00443445
0.90605000 0.00443059
0.90610000 0.00442674
0.90615000 0.00442288
0.90620000 0.00441903
0.90625000 0.00441517
0.90630000 0.00441132
0.90635000 0.00440747
0.90640000 0.00440362
0.90645000 0.00439977
0.90650000 0.00439593
0.90655000 0.00439208
0.90660000 0.00438823
0.90665000 0.00438439
0.90670000 0.00438055
0.90675000 0.00437670
0.90680000 0.00437286
0.90685000 0.00436902
0.90690000 0.00436519
0.90695000 0.00436135
0.90700000 0.00435751
0.90705000 0.00435368
0.90710000 0.00434984
0.90715000 0.00434601
0.90720000 0.00434218
0.90725000 0.00433835
0.90730000 0.00433452
0.90735000 0.00433069
0.90740000 0.00432686
0.90745000 0.00432304
0.90750000 0.00431921
0.90755000 0.00431539
0.90760000 0.00431156
0.90765000 0.00430774
0.90770000 0.00430392
0.90775000 0.00430010
0.90780000 0.00429629
0.90785000 0.00429247
0.90790000 0.00428865
0.90795000 0.00428484
0.90800000 0.00428103
0.90805000 0.00427721
0.90810000 0.00427340
0.90815000 0.00426959
0.90820000 0.00426578
0.90825000 0.00426198
0.90830000 0.00425817
0.90835000 0.00425437
0.90840000 0.00425056
0.90845000 0.00424676
0.90850000 0.00424296
0.90855000 0.00423916
0.90860000 0.00423536
0.90865000 0.00423156
0.90870000 0.00422776
0.90875000 0.00422397
0.90880000 0.00422017
0.90885000 0.00421638
0.90890000 0.00421259
0.90895000 0.00420880
0.90900000 0.00420501
0.90905000 0.00420122
0.90910000 0.00419744
0.90915000 0.00419365
0.90920000 0.00418986
0.90925000 0.00418608
0.90930000 0.00418230
0.90935000 0.00417852
0.90940000 0.00417474
0.90945000 0.00417096
0.90950000 0.00416718
0.90955000 0.00416341
0.90960000 0.00415963
0.90965000 0.00415586
0.90970000 0.00415209
0.90975000 0.00414832
0.90980000 0.00414455
0.90985000 0.00414078
0.90990000 0.00413701
0.90995000 0.00413325
0.91000000 0.00412948
0.91005000 0.00412572
0.91010000 0.00412196
0.91015000 0.00411820
0.91020000 0.00411444
0.91025000 0.00411068
0.91030000 0.00410692
0.91035000 0.00410317
0.91040000 0.00409941
0.91045000 0.00409566
0.91050000 0.00409191
0.91055000 0.00408816
0.91060000 0.00408441
0.91065000 0.00408066
0.91070000 0.00407691
0.91075000 0.00407317
0.91080000 0.00406943
0.91085000 0.00406568
0.91090000 0.00406194
0.91095000 0.00405820
0.91100000 0.00405446
0.91105000 0.00405073
0.91110000 0.00404699
0.91115000 0.00404325
0.91120000 0.00403952
0.91125000 0.00403579
0.91130000 0.00403206
0.91135000 0.00402833
0.91140000 0.00402460
0.91145000 0.00402087
0.91150000 0.00401715
0.91155000 0.00401342
0.91160000 0.00400970
0.91165000 0.00400598
0.91170000 0.00400226
0.91175000 0.00399854
0.91180000 0.00399482
0.91185000 0.00399111
0.91190000 0.00398739
0.91195000 0.00398368
0.91200000 0.00397997
0.91205000 0.00397626
0.91210000 0.00397255
0.91215000 0.00396884
0.91220000 0.00396514
0.91225000 0.00396143
0.91230000 0.00395773
0.91235000 0.00395402
0.91240000 0.00395032
0.91245000 0.00394662
0.91250000 0.00394293
0.91255000 0.00393923
0.91260000 0.00393553
0.91265000 0.00393184
0.91270000 0.00392815
0.91275000 0.00392446
0.91280000 0.00392077
0.91285000 0.00391708
0.91290000 0.00391339
0.91295000 0.00390971
0.91300000 0.00390602
0.91305000 0.00390234
0.91310000 0.00389866
0.91315000 0.00389498
0.91320000 0.00389130
0.91325000 0.00388762
0.91330000 0.00388395
0.91335000 0.00388027
0.91340000 0.00387660
0.91345000 0.00387293
0.91350000 0.00386926
0.91355000 0.00386559
0.91360000 0.00386192
0.91365000 0.00385826
0.91370000 0.00385459
0.91375000 0.00385093
0.91380000 0.00384727
0.91385000 0.00384361
0.91390000 0.00383995
0.91395000 0.00383629
0.91400000 0.00383264
0.91405000 0.00382898
0.91410000 0.00382533
0.91415000 0.00382168
0.91420000 0.00381803
0.91425000 0.00381438
0.91430000 0.00381074
0.91435000 0.00380709
0.91440000 0.00380345
0.91445000 0.00379981
0.91450000 0.00379616
0.91455000 0.00379253
0.91460000 0.00378889
0.91465000 0.00378525
0.91470000 0.00378162
0.91475000 0.00377798
0.91480000 0.00377435
0.91485000 0.00377072
0.91490000 0.00376709
0.91495000 0.00376347
0.91500000 0.00375984
0.91505000 0.00375622
0.91510000 0.00375259
0.91515000 0.00374897
0.91520000 0.00374535
0.91525000 0.00374173
0.91530000 0.00373812
0.91535000 0.00373450
0.91540000 0.00373089
0.91545000 0.00372728
0.91550000 0.00372367
0.91555000 0.00372006
0.91560000 0.00371645
0.91565000 0.00371284
0.91570000 0.00370924
0.91575000 0.00370564
0.91580000 0.00370204
0.91585000 0.00369844
0.91590000 0.00369484
0.91595000 0.00369124
0.91600000 0.00368765
0.91605000 0.00368405
0.91610000 0.00368046
0.91615000 0.00367687
0.91620000 0.00367328
0.91625000 0.00366969
0.91630000 0.00366611
0.91635000 0.00366252
0.91640000 0.00365894
0.91645000 0.00365536
0.91650000 0.00365178
0.91655000 0.00364820
0.91660000 0.00364463
0.91665000 0.00364105
0.91670000 0.00363748
0.91675000 0.00363391
0.91680000 0.00363034
0.91685000 0.00362677
0.91690000 0.00362320
0.91695000 0.00361964
0.91700000 0.00361608
0.91705000 0.00361251
0.91710000 0.00360895
0.91715000 0.00360540
0.91720000 0.00360184
0.91725000 0.00359828
0.91730000 0.00359473
0.91735000 0.00359118
0.91740000 0.00358763
0.91745000 0.00358408
0.91750000 0.00358053
0.91755000 0.00357699
0.91760000 0.00357344
0.91765000 0.00356990
0.91770000 0.00356636
0.91775000 0.00356282
0.91780000 0.00355928
0.91785000 0.00355575
0.91790000 0.00355221
0.91795000 0.00354868
0.91800000 0.00354515
0.91805000 0.00354162
0.91810000 0.00353810
0.91815000 0.00353457
0.91820000 0.00353105
0.91825000 0.00352752
0.91830000 0.00352400
0.91835000 0.00352048
0.91840000 0.00351697
0.91845000 0.00351345
0.91850000 0.00350994
0.91855000 0.00350642
0.91860000 0.00350291
0.91865000 0.00349941
0.91870000 0.00349590
0.91875000 0.00349239
0.91880000 0.00348889
0.91885000 0.00348539
0.91890000 0.00348189
0.91895000 0.00347839
0.91900000 0.00347489
0.91905000 0.00347140
0.91910000 0.00346790
0.91915000 0.00346441
0.91920000 0.00346092
0.91925000 0.00345743
0.91930000 0.00345395
0.91935000 0.00345046
0.91940000 0.00344698
0.91945000 0.00344350
0.91950000 0.00344002
0.91955000 0.00343654
0.91960000 0.00343306
0.91965000 0.00342959
0.91970000 0.00342612
0.91975000 0.00342264
0.91980000 0.00341918
0.91985000 0.00341571
0.91990000 0.00341224
0.91995000 0.00340878
0.92000000 0.00340532
0.92005000 0.00340186
0.92010000 0.00339840
0.92015000 0.00339494
0.92020000 0.00339149
0.92025000 0.00338803
0.92030000 0.00338458
0.92035000 0.00338113
0.92040000 0.00337768
0.92045000 0.00337424
0.92050000 0.00337079
0.92055000 0.00336735
0.92060000 0.00336391
0.92065000 0.00336047
0.92070000 0.00335703
0.92075000 0.00335360
0.92080000 0.00335016
0.92085000 0.00334673
0.92090000 0.00334330
0.92095000 0.00333987
0.92100000 0.00333645
0.92105000 0.00333302
0.92110000 0.00332960
0.92115000 0.00332618
0.92120000 0.00332276
0.92125000 0.00331934
0.92130000 0.00331593
0.92135000 0.00331251
0.92140000 0.00330910
0.92145000 0.00330569
0.92150000 0.00330228
0.92155000 0.00329888
0.92160000 0.00329547
0.92165000 0.00329207
0.92170000 0.00328867
0.92175000 0.00328527
0.92180000 0.00328187
0.92185000 0.00327848
0.92190000 0.00327509
0.92195000 0.00327170
0.92200000 0.00326831
0.92205000 0.00326492
0.92210000 0.00326153
0.92215000 0.00325815
0.92220000 0.00325477
0.92225000 0.00325139
0.92230000 0.00324801
0.92235000 0.00324463
0.92240000 0.00324126
0.92245000 0.00323788
0.92250000 0.00323451
0.92255000 0.00323115
0.92260000 0.00322778
0.92265000 0.00322441
0.92270000 0.00322105
0.92275000 0.00321769
0.92280000 0.00321433
0.92285000 0.00321097
0.92290000 0.00320762
0.92295000 0.00320426
0.92300000 0.00320091
0.92305000 0.00319756
0.92310000 0.00319421
0.92315000 0.00319087
0.92320000 0.00318752
0.92325000 0.00318418
0.92330000 0.00318084
0.92335000 0.00317750
0.92340000 0.00317417
0.92345000 0.00317083
0.92350000 0.00316750
0.92355000 0.00316417
0.92360000 0.00316084
0.92365000 0.00315752
0.92370000 0.00315419
0.92375000 0.00315087
0.92380000 0.00314755
0.92385000 0.00314423
0.92390000 0.00314091
0.92395000 0.00313760
0.92400000 0.00313429
0.92405000 0.00313098
0.92410000 0.00312767
0.92415000 0.00312436
0.92420000 0.00312106
0.92425000 0.00311775
0.92430000 0.00311445
0.92435000 0.00311115
0.92440000 0.00310786
0.92445000 0.00310456
0.92450000 0.00310127
0.92455000 0.00309798
0.92460000 0.00309469
0.92465000 0.00309140
0.92470000 0.00308812
0.92475000 0.00308484
0.92480000 0.00308156
0.92485000 0.00307828
0.92490000 0.00307500
0.92495000 0.00307173
0.92500000 0.00306845
0.92505000 0.00306518
0.92510000 0.00306191
0.92515000 0.00305865
0.92520000 0.00305538
0.92525000 0.00305212
0.92530000 0.00304886
0.92535000 0.00304560
0.92540000 0.00304235
0.92545000 0.00303909
0.92550000 0.00303584
0.92555000 0.00303259
0.92560000 0.00302934
0.92565000 0.00302610
0.92570000 0.00302285
0.92575000 0.00301961
0.92580000 0.00301637
0.92585000 0.00301313
0.92590000 0.00300990
0.92595000 0.00300666
0.92600000 0.00300343
0.92605000 0.00300020
0.92610000 0.00299698
0.92615000 0.00299375
0.92620000 0.00299053
0.92625000 0.00298731
0.92630000 0.00298409
0.92635000 0.00298087
0.92640000 0.00297766
0.92645000 0.00297444
0.92650000 0.00297123
0.92655000 0.00296803
0.92660000 0.00296482
0.92665000 0.00296161
0.92670000 0.00295841
0.92675000 0.00295521
0.92680000 0.00295202
0.92685000 0.00294882
0.92690000 0.00294563
0.92695000 0.00294243
0.92700000 0.00293925
0.92705000 0.00293606
0.92710000 0.00293287
0.92715000 0.00292969
0.92720000 0.00292651
0.92725000 0.00292333
0.92730000 0.00292016
0.92735000 0.00291698
0.92740000 0.00291381
0.92745000 0.00291064
0.92750000 0.00290747
0.92755000 0.00290431
0.92760000 0.00290114
0.92765000 0.00289798
0.92770000 0.00289482
0.92775000 0.00289167
0.92780000 0.00288851
0.92785000 0.00288536
0.92790000 0.00288221
0.92795000 0.00287906
0.92800000 0.00287592
0.92805000 0.00287277
0.92810000 0.00286963
0.92815000 0.00286649
0.92820000 0.00286335
0.92825000 0.00286022
0.92830000 0.00285709
0.92835000 0.00285396
0.92840000 0.00285083
0.92845000 0.00284770
0.92850000 0.00284458
0.92855000 0.00284146
0.92860000 0.00283834
0.92865000 0.00283522
0.92870000 0.00283211
0.92875000 0.00282899
0.92880000 0.00282588
0.92885000 0.00282277
0.92890000 0.00281967
0.92895000 0.00281656
0.92900000 0.00281346
0.92905000 0.00281036
0.92910000 0.00280727
0.92915000 0.00280417
0.92920000 0.00280108
0.92925000 0.00279799
0.92930000 0.00279490
0.92935000 0.00279182
0.92940000 0.00278873
0.92945000 0.00278565
0.92950000 0.00278257
0.92955000 0.00277950
0.92960000 0.00277642
0.92965000 0.00277335
0.92970000 0.00277028
0.92975000 0.00276721
0.92980000 0.00276415
0.92985000 0.00276109
0.92990000 0.00275803
0.92995000 0.00275497
0.93000000 0.00275191
0.93005000 0.00274886
0.93010000 0.00274581
0.93015000 0.00274276
0.93020000 0.00273971
0.93025000 0.00273667
0.93030000 0.00273363
0.93035000 0.00273059
0.93040000 0.00272755
0.93045000 0.00272452
0.93050000 0.00272148
0.93055000 0.00271845
0.93060000 0.00271542
0.93065000 0.00271240
0.93070000 0.00270938
0.93075000 0.00270635
0.93080000 0.00270334
0.93085000 0.00270032
0.93090000 0.00269731
0.93095000 0.00269430
0.93100000 0.00269129
0.93105000 0.00268828
0.93110000 0.00268528
0.93115000 0.00268227
0.93120000 0.00267927
0.93125000 0.00267628
0.93130000 0.00267328
0.93135000 0.00267029
0.93140000 0.00266730
0.93145000 0.00266431
0.93150000 0.00266133
0.93155000 0.00265834
0.93160000 0.00265536
0.93165000 0.00265238
0.93170000 0.00264941
0.93175000 0.00264644
0.93180000 0.00264346
0.93185000 0.00264050
0.93190000 0.00263753
0.93195000 0.00263457
0.93200000 0.00263161
0.93205000 0.00262865
0.93210000 0.00262569
0.93215000 0.00262274
0.93220000 0.00261979
0.93225000 0.00261684
0.93230000 0.00261389
0.93235000 0.00261095
0.93240000 0.00260800
0.93245000 0.00260506
0.93250000 0.00260213
0.93255000 0.00259919
0.93260000 0.00259626
0.93265000 0.00259333
0.93270000 0.00259041
0.93275000 0.00258748
0.93280000 0.00258456
0.93285000 0.00258164
0.93290000 0.00257872
0.93295000 0.00257581
0.93300000 0.00257290
0.93305000 0.00256999
0.93310000 0.00256708
0.93315000 0.00256417
0.93320000 0.00256127
0.93325000 0.00255837
0.93330000 0.00255547
0.93335000 0.00255258
0.93340000 0.00254969
0.93345000 0.00254680
0.93350000 0.00254391
0.93355000 0.00254103
0.93360000 0.00253814
0.93365000 0.00253526
0.93370000 0.00253239
0.93375000 0.00252951
0.93380000 0.00252664
0.93385000 0.00252377
0.93390000 0.00252090
0.93395000 0.00251804
0.93400000 0.00251518
0.93405000 0.00251232
0.93410000 0.00250946
0.93415000 0.00250661
0.93420000 0.00250376
0.93425000 0.00250091
0.93430000 0.00249806
0.93435000 0.00249522
0.93440000 0.00249237
0.93445000 0.00248953
0.93450000 0.00248670
0.93455000 0.00248386
0.93460000 0.00248103
0.93465000 0.00247820
0.93470000 0.00247538
0.93475000 0.00247255
0.93480000 0.00246973
0.93485000 0.00246692
0.93490000 0.00246410
0.93495000 0.00246129
0.93500000 0.00245848
0.93505000 0.00245567
0.93510000 0.00245286
0.93515000 0.00245006
0.93520000 0.00244726
0.93525000 0.00244446
0.93530000 0.00244167
0.93535000 0.00243888
0.93540000 0.00243609
0.93545000 0.00243330
0.93550000 0.00243051
0.93555000 0.00242773
0.93560000 0.00242495
0.93565000 0.00242218
0.93570000 0.00241940
0.93575000 0.00241663
0.93580000 0.00241386
0.93585000 0.00241110
0.93590000 0.00240833
0.93595000 0.00240557
0.93600000 0.00240281
0.93605000 0.00240006
0.93610000 0.00239731
0.93615000 0.00239456
0.93620000 0.00239181
0.93625000 0.00238906
0.93630000 0.00238632
0.93635000 0.00238358
0.93640000 0.00238085
0.93645000 0.00237811
0.93650000 0.00237538
0.93655000 0.00237265
0.93660000 0.00236993
0.93665000 0.00236720
0.93670000 0.00236448
0.93675000 0.00236177
0.93680000 0.00235905
0.93685000 0.00235634
0.93690000 0.00235363
0.93695000 0.00235092
0.93700000 0.00234822
0.93705000 0.00234552
0.93710000 0.00234282
0.93715000 0.00234012
0.93720000 0.00233743
0.93725000 0.00233474
0.93730000 0.00233205
0.93735000 0.00232936
0.93740000 0.00232668
0.93745000 0.00232400
0.93750000 0.00232133
0.93755000 0.00231865
0.93760000 0.00231598
0.93765000 0.00231331
0.93770000 0.00231065
0.93775000 0.00230798
0.93780000 0.00230532
0.93785000 0.00230266
0.93790000 0.00230001
0.93795000 0.00229736
0.93800000 0.00229471
0.93805000 0.00229206
0.93810000 0.00228942
0.93815000 0.00228678
0.93820000 0.00228414
0.93825000 0.00228150
0.93830000 0.00227887
0.93835000 0.00227624
0.93840000 0.00227361
0.93845000 0.00227099
0.93850000 0.00226837
0.93855000 0.00226575
0.93860000 0.00226313
0.93865000 0.00226052
0.93870000 0.00225791
0.93875000 0.00225530
0.93880000 0.00225270
0.93885000 0.00225010
0.93890000 0.00224750
0.93895000 0.00224490
0.93900000 0.00224231
0.93905000 0.00223972
0.93910000 0.00223713
0.93915000 0.00223455
0.93920000 0.00223197
0.93925000 0.00222939
0.93930000 0.00222681
0.93935000 0.00222424
0.93940000 0.00222167
0.93945000 0.00221910
0.93950000 0.00221654
0.93955000 0.00221398
0.93960000 0.00221142
0.93965000 0.00220886
0.93970000 0.00220631
0.93975000 0.00220376
0.93980000 0.00220121
0.93985000 0.00219867
0.93990000 0.00219612
0.93995000 0.00219359
0.94000000 0.00219105
0.94005000 0.00218852
0.94010000 0.00218599
0.94015000 0.00218346
0.94020000 0.00218094
0.94025000 0.00217842
0.94030000 0.00217590
0.94035000 0.00217338
0.94040000 0.00217087
0.94045000 0.00216836
0.94050000 0.00216585
0.94055000 0.00216335
0.94060000 0.00216085
0.94065000 0.00215835
0.94070000 0.00215586
0.94075000 0.00215337
0.94080000 0.00215088
0.94085000 0.00214839
0.94090000 0.00214591
0.94095000 0.00214343
0.94100000 0.00214095
0.94105000 0.00213848
0.94110000 0.00213601
0.94115000 0.00213354
0.94120000 0.00213107
0.94125000 0.00212861
0.94130000 0.00212615
0.94135000 0.00212369
0.94140000 0.00212124
0.94145000 0.00211879
0.94150000 0.00211634
0.94155000 0.00211390
0.94160000 0.00211146
0.94165000 0.00210902
0.94170000 0.00210659
0.94175000 0.00210415
0.94180000 0.00210172
0.94185000 0.00209930
0.94190000 0.00209687
0.94195000 0.00209445
0.94200000 0.00209204
0.94205000 0.00208962
0.94210000 0.00208721
0.94215000 0.00208480
0.94220000 0.00208240
0.94225000 0.00208000
0.94230000 0.00207760
0.94235000 0.00207520
0.94240000 0.00207281
0.94245000 0.00207042
0.94250000 0.00206803
0.94255000 0.00206565
0.94260000 0.00206327
0.94265000 0.00206089
0.94270000 0.00205852
0.94275000 0.00205615
0.94280000 0.00205378
0.94285000 0.00205141
0.94290000 0.00204905
0.94295000 0.00204669
0.94300000 0.00204434
0.94305000 0.00204198
0.94310000 0.00203963
0.94315000 0.00203729
0.94320000 0.00203494
0.94325000 0.00203260
0.94330000 0.00203027
0.94335000 0.00202793
0.94340000 0.00202560
0.94345000 0.00202327
0.94350000 0.00202095
0.94355000 0.00201863
0.94360000 0.00201631
0.94365000 0.00201399
0.94370000 0.00201168
0.94375000 0.00200937
0.94380000 0.00200706
0.94385000 0.00200476
0.94390000 0.00200246
0.94395000 0.00200016
0.94400000 0.00199787
0.94405000 0.00199558
0.94410000 0.00199329
0.94415000 0.00199101
0.94420000 0.00198873
0.94425000 0.00198645
0.94430000 0.00198418
0.94435000 0.00198190
0.94440000 0.00197964
0.94445000 0.00197737
0.94450000 0.00197511
0.94455000 0.00197285
0.94460000 0.00197060
0.94465000 0.00196834
0.94470000 0.00196609
0.94475000 0.00196385
0.94480000 0.00196161
0.94485000 0.00195937
0.94490000 0.00195713
0.94495000 0.00195490
0.94500000 0.00195267
0.94505000 0.00195044
0.94510000 0.00194822
0.94515000 0.00194600
0.94520000 0.00194378
0.94525000 0.00194157
0.94530000 0.00193936
0.94535000 0.00193715
0.94540000 0.00193495
0.94545000 0.00193274
0.94550000 0.00193055
0.94555000 0.00192835
0.94560000 0.00192616
0.94565000 0.00192397
0.94570000 0.00192179
0.94575000 0.00191961
0.94580000 0.00191743
0.94585000 0.00191526
0.94590000 0.00191308
0.94595000 0.00191092
0.94600000 0.00190875
0.94605000 0.00190659
0.94610000 0.00190443
0.94615000 0.00190228
0.94620000 0.00190013
0.94625000 0.00189798
0.94630000 0.00189583
0.94635000 0.00189369
0.94640000 0.00189155
0.94645000 0.00188942
0.94650000 0.00188729
0.94655000 0.00188516
0.94660000 0.00188303
0.94665000 0.00188091
0.94670000 0.00187879
0.94675000 0.00187668
0.94680000 0.00187456
0.94685000 0.00187246
0.94690000 0.00187035
0.94695000 0.00186825
0.94700000 0.00186615
0.94705000 0.00186406
0.94710000 0.00186196
0.94715000 0.00185987
0.94720000 0.00185779
0.94725000 0.00185571
0.94730000 0.00185363
0.94735000 0.00185155
0.94740000 0.00184948
0.94745000 0.00184742
0.94750000 0.00184535
0.94755000 0.00184329
0.94760000 0.00184123
0.94765000 0.00183918
0.94770000 0.00183712
0.94775000 0.00183508
0.94780000 0.00183303
0.94785000 0.00183099
0.94790000 0.00182895
0.94795000 0.00182692
0.94800000 0.00182489
0.94805000 0.00182286
0.94810000 0.00182084
0.94815000 0.00181882
0.94820000 0.00181680
0.94825000 0.00181479
0.94830000 0.00181278
0.94835000 0.00181077
0.94840000 0.00180876
0.94845000 0.00180676
0.94850000 0.00180477
0.94855000 0.00180278
0.94860000 0.00180079
0.94865000 0.00179880
0.94870000 0.00179682
0.94875000 0.00179484
0.94880000 0.00179286
0.94885000 0.00179089
0.94890000 0.00178892
0.94895000 0.00178695
0.94900000 0.00178499
0.94905000 0.00178303
0.94910000 0.00178108
0.94915000 0.00177913
0.94920000 0.00177718
0.94925000 0.00177524
0.94930000 0.00177329
0.94935000 0.00177136
0.94940000 0.00176942
0.94945000 0.00176749
0.94950000 0.00176557
0.94955000 0.00176364
0.94960000 0.00176172
0.94965000 0.00175981
0.94970000 0.00175789
0.94975000 0.00175598
0.94980000 0.00175408
0.94985000 0.00175218
0.94990000 0.00175028
0.94995000 0.00174838
0.95000000 0.00174649
0.95005000 0.00174460
0.95010000 0.00174272
0.95015000 0.00174084
0.95020000 0.00173896
0.95025000 0.00173709
0.95030000 0.00173521
0.95035000 0.00173335
0.95040000 0.00173148
0.95045000 0.00172963
0.95050000 0.00172777
0.95055000 0.00172592
0.95060000 0.00172407
0.95065000 0.00172222
0.95070000 0.00172038
0.95075000 0.00171854
0.95080000 0.00171671
0.95085000 0.00171488
0.95090000 0.00171305
0.95095000 0.00171123
0.95100000 0.00170941
0.95105000 0.00170759
0.95110000 0.00170578
0.95115000 0.00170397
0.95120000 0.00170216
0.95125000 0.00170036
0.95130000 0.00169856
0.95135000 0.00169677
0.95140000 0.00169498
0.95145000 0.00169319
0.95150000 0.00169141
0.95155000 0.00168963
0.95160000 0.00168785
0.95165000 0.00168608
0.95170000 0.00168431
0.95175000 0.00168254
0.95180000 0.00168078
0.95185000 0.00167902
0.95190000 0.00167727
0.95195000 0.00167552
0.95200000 0.00167377
0.95205000 0.00167203
0.95210000 0.00167029
0.95215000 0.00166855
0.95220000 0.00166682
0.95225000 0.00166509
0.95230000 0.00166337
0.95235000 0.00166164
0.95240000 0.00165993
0.95245000 0.00165821
0.95250000 0.00165650
0.95255000 0.00165480
0.95260000 0.00165309
0.95265000 0.00165139
0.95270000 0.00164970
0.95275000 0.00164801
0.95280000 0.00164632
0.95285000 0.00164464
0.95290000 0.00164296
0.95295000 0.00164128
0.95300000 0.00163961
0.95305000 0.00163794
0.95310000 0.00163627
0.95315000 0.00163461
0.95320000 0.00163295
0.95325000 0.00163130
0.95330000 0.00162965
0.95335000 0.00162800
0.95340000 0.00162636
0.95345000 0.00162472
0.95350000 0.00162309
0.95355000 0.00162146
0.95360000 0.00161983
0.95365000 0.00161820
0.95370000 0.00161658
0.95375000 0.00161497
0.95380000 0.00161336
0.95385000 0.00161175
0.95390000 0.00161014
0.95395000 0.00160854
0.95400000 0.00160695
0.95405000 0.00160535
0.95410000 0.00160376
0.95415000 0.00160218
0.95420000 0.00160060
0.95425000 0.00159902
0.95430000 0.00159744
0.95435000 0.00159587
0.95440000 0.00159431
0.95445000 0.00159274
0.95450000 0.00159119
0.95455000 0.00158963
0.95460000 0.00158808
0.95465000 0.00158653
0.95470000 0.00158499
0.95475000 0.00158345
0.95480000 0.00158192
0.95485000 0.00158038
0.95490000 0.00157886
0.95495000 0.00157733
0.95500000 0.00157581
0.95505000 0.00157430
0.95510000 0.00157278
0.95515000 0.00157128
0.95520000 0.00156977
0.95525000 0.00156827
0.95530000 0.00156677
0.95535000 0.00156528
0.95540000 0.00156379
0.95545000 0.00156231
0.95550000 0.00156083
0.95555000 0.00155935
0.95560000 0.00155788
0.95565000 0.00155641
0.95570000 0.00155494
0.95575000 0.00155348
0.95580000 0.00155203
0.95585000 0.00155057
0.95590000 0.00154912
0.95595000 0.00154768
0.95600000 0.00154624
0.95605000 0.00154480
0.95610000 0.00154337
0.95615000 0.00154194
0.95620000 0.00154051
0.95625000 0.00153909
0.95630000 0.00153767
0.95635000 0.00153626
0.95640000 0.00153485
0.95645000 0.00153344
0.95650000 0.00153204
0.95655000 0.00153064
0.95660000 0.00152925
0.95665000 0.00152786
0.95670000 0.00152647
0.95675000 0.00152509
0.95680000 0.00152371
0.95685000 0.00152234
0.95690000 0.00152097
0.95695000 0.00151961
0.95700000 0.00151824
0.95705000 0.00151689
0.95710000 0.00151553
0.95715000 0.00151418
0.95720000 0.00151284
0.95725000 0.00151150
0.95730000 0.00151016
0.95735000 0.00150883
0.95740000 0.00150750
0.95745000 0.00150617
0.95750000 0.00150485
0.95755000 0.00150353
0.95760000 0.00150222
0.95765000 0.00150091
0.95770000 0.00149961
0.95775000 0.00149831
0.95780000 0.00149701
0.95785000 0.00149572
0.95790000 0.00149443
0.95795000 0.00149315
0.95800000 0.00149187
0.95805000 0.00149059
0.95810000 0.00148932
0.95815000 0.00148805
0.95820000 0.00148679
0.95825000 0.00148553
0.95830000 0.00148427
0.95835000 0.00148302
0.95840000 0.00148177
0.95845000 0.00148053
0.95850000 0.00147929
0.95855000 0.00147806
0.95860000 0.00147682
0.95865000 0.00147560
0.95870000 0.00147438
0.95875000 0.00147316
0.95880000 0.00147194
0.95885000 0.00147073
0.95890000 0.00146953
0.95895000 0.00146833
0.95900000 0.00146713
0.95905000 0.00146594
0.95910000 0.00146475
0.95915000 0.00146356
0.95920000 0.00146238
0.95925000 0.00146120
0.95930000 0.00146003
0.95935000 0.00145886
0.95940000 0.00145770
0.95945000 0.00145654
0.95950000 0.00145538
0.95955000 0.00145423
0.95960000 0.00145309
0.95965000 0.00145194
0.95970000 0.00145081
0.95975000 0.00144967
0.95980000 0.00144854
0.95985000 0.00144741
0.95990000 0.00144629
0.95995000 0.00144518
0.96000000 0.00144406
0.96005000 0.00144295
0.96010000 0.00144185
0.96015000 0.00144075
0.96020000 0.00143965
0.96025000 0.00143856
0.96030000 0.00143747
0.96035000 0.00143639
0.96040000 0.00143531
0.96045000 0.00143423
0.96050000 0.00143316
0.96055000 0.00143210
0.96060000 0.00143104
0.96065000 0.00142998
0.96070000 0.00142892
0.96075000 0.00142788
0.96080000 0.00142683
0.96085000 0.00142579
0.96090000 0.00142475
0.96095000 0.00142372
0.96100000 0.00142269
0.96105000 0.00142167
0.96110000 0.00142065
0.96115000 0.00141964
0.96120000 0.00141863
0.96125000 0.00141762
0.96130000 0.00141662
0.96135000 0.00141562
0.96140000 0.00141463
0.96145000 0.00141364
0.96150000 0.00141266
0.96155000 0.00141168
0.96160000 0.00141070
0.96165000 0.00140973
0.96170000 0.00140876
0.96175000 0.00140780
0.96180000 0.00140684
0.96185000 0.00140589
0.96190000 0.00140494
0.96195000 0.00140400
0.96200000 0.00140306
0.96205000 0.00140212
0.96210000 0.00140119
0.96215000 0.00140026
0.96220000 0.00139934
0.96225000 0.00139842
0.96230000 0.00139751
0.96235000 0.00139660
0.96240000 0.00139569
0.96245000 0.00139479
0.96250000 0.00139389
0.96255000 0.00139300
0.96260000 0.00139211
0.96265000 0.00139123
0.96270000 0.00139035
0.96275000 0.00138948
0.96280000 0.00138861
0.96285000 0.00138774
0.96290000 0.00138688
0.96295000 0.00138603
0.96300000 0.00138517
0.96305000 0.00138433
0.96310000 0.00138348
0.96315000 0.00138265
0.96320000 0.00138181
0.96325000 0.00138098
0.96330000 0.00138016
0.96335000 0.00137934
0.96340000 0.00137852
0.96345000 0.00137771
0.96350000 0.00137690
0.96355000 0.00137610
0.96360000 0.00137530
0.96365000 0.00137451
0.96370000 0.00137372
0.96375000 0.00137294
0.96380000 0.00137216
0.96385000 0.00137138
0.96390000 0.00137061
0.96395000 0.00136984
0.96400000 0.00136908
0.96405000 0.00136832
0.96410000 0.00136757
0.96415000 0.00136682
0.96420000 0.00136608
0.96425000 0.00136534
0.96430000 0.00136461
0.96435000 0.00136388
0.96440000 0.00136315
0.96445000 0.00136243
0.96450000 0.00136171
0.96455000 0.00136100
0.96460000 0.00136030
0.96465000 0.00135959
0.96470000 0.00135890
0.96475000 0.00135820
0.96480000 0.00135751
0.96485000 0.00135683
0.96490000 0.00135615
0.96495000 0.00135548
0.96500000 0.00135480
0.96505000 0.00135414
0.96510000 0.00135348
0.96515000 0.00135282
0.96520000 0.00135217
0.96525000 0.00135152
0.96530000 0.00135088
0.96535000 0.00135024
0.96540000 0.00134961
0.96545000 0.00134898
0.96550000 0.00134836
0.96555000 0.00134774
0.96560000 0.00134712
0.96565000 0.00134651
0.96570000 0.00134591
0.96575000 0.00134531
0.96580000 0.00134471
0.96585000 0.00134412
0.96590000 0.00134353
0.96595000 0.00134295
0.96600000 0.00134238
0.96605000 0.00134180
0.96610000 0.00134124
0.96615000 0.00134067
0.96620000 0.00134011
0.96625000 0.00133956
0.96630000 0.00133901
0.96635000 0.00133847
0.96640000 0.00133793
0.96645000 0.00133739
0.96650000 0.00133686
0.96655000 0.00133634
0.96660000 0.00133582
0.96665000 0.00133530
0.96670000 0.00133479
0.96675000 0.00133429
0.96680000 0.00133378
0.96685000 0.00133329
0.96690000 0.00133279
0.96695000 0.00133231
0.96700000 0.00133182
0.96705000 0.00133135
0.96710000 0.00133087
0.96715000 0.00133041
0.96720000 0.00132994
0.96725000 0.00132948
0.96730000 0.00132903
0.96735000 0.00132858
0.96740000 0.00132814
0.96745000 0.00132770
0.96750000 0.00132726
0.96755000 0.00132683
0.96760000 0.00132641
0.96765000 0.00132599
0.96770000 0.00132557
0.96775000 0.00132516
0.96780000 0.00132476
0.96785000 0.00132436
0.96790000 0.00132396
0.96795000 0.00132357
0.96800000 0.00132318
0.96805000 0.00132280
0.96810000 0.00132242
0.96815000 0.00132205
0.96820000 0.00132169
0.96825000 0.00132132
0.96830000 0.00132097
0.96835000 0.00132061
0.96840000 0.00132027
0.96845000 0.00131992
0.96850000 0.00131959
0.96855000 0.00131925
0.96860000 0.00131893
0.96865000 0.00131860
0.96870000 0.00131828
0.96875000 0.00131797
0.96880000 0.00131766
0.96885000 0.00131736
0.96890000 0.00131706
0.96895000 0.00131677
0.96900000 0.00131648
0.96905000 0.00131619
0.96910000 0.00131592
0.96915000 0.00131564
0.96920000 0.00131537
0.96925000 0.00131511
0.96930000 0.00131485
0.96935000 0.00131460
0.96940000 0.00131435
0.96945000 0.00131410
0.96950000 0.00131386
0.96955000 0.00131363
0.96960000 0.00131340
0.96965000 0.00131318
0.96970000 0.00131296
0.96975000 0.00131274
0.96980000 0.00131253
0.96985000 0.00131233
0.96990000 0.00131213
0.96995000 0.00131193
0.97000000 0.00131175
0.97005000 0.00131156
0.97010000 0.00131138
0.97015000 0.00131121
0.97020000 0.00131104
0.97025000 0.00131087
0.97030000 0.00131071
0.97035000 0.00131056
0.97040000 0.00131041
0.97045000 0.00131027
0.97050000 0.00131013
0.97055000 0.00130999
0.97060000 0.00130986
0.97065000 0.00130974
0.97070000 0.00130962
0.97075000 0.00130951
0.97080000 0.00130940
0.97085000 0.00130929
0.97090000 0.00130920
0.97095000 0.00130910
0.97100000 0.00130901
0.97105000 0.00130893
0.97110000 0.00130885
0.97115000 0.00130878
0.97120000 0.00130871
0.97125000 0.00130865
0.97130000 0.00130859
0.97135000 0.00130854
0.97140000 0.00130849
0.97145000 0.00130844
0.97150000 0.00130841
0.97155000 0.00130837
0.97160000 0.00130835
0.97165000 0.00130832
0.97170000 0.00130831
0.97175000 0.00130830
0.97180000 0.00130829
0.97185000 0.00130829
0.97190000 0.00130829
0.97195000 0.00130830
0.97200000 0.00130831
0.97205000 0.00130833
0.97210000 0.00130836
0.97215000 0.00130839
0.97220000 0.00130842
0.97225000 0.00130846
0.97230000 0.00130850
0.97235000 0.00130855
0.97240000 0.00130861
0.97245000 0.00130867
0.97250000 0.00130874
0.97255000 0.00130881
0.97260000 0.00130888
0.97265000 0.00130896
0.97270000 0.00130905
0.97275000 0.00130914
0.97280000 0.00130924
0.97285000 0.00130934
0.97290000 0.00130945
0.97295000 0.00130956
0.97300000 0.00130968
0.97305000 0.00130980
0.97310000 0.00130993
0.97315000 0.00131006
0.97320000 0.00131020
0.97325000 0.00131035
0.97330000 0.00131050
0.97335000 0.00131065
0.97340000 0.00131081
0.97345000 0.00131097
0.97350000 0.00131115
0.97355000 0.00131132
0.97360000 0.00131150
0.97365000 0.00131169
0.97370000 0.00131188
0.97375000 0.00131208
0.97380000 0.00131228
0.97385000 0.00131249
0.97390000 0.00131270
0.97395000 0.00131292
0.97400000 0.00131314
0.97405000 0.00131337
0.97410000 0.00131360
0.97415000 0.00131384
0.97420000 0.00131409
0.97425000 0.00131434
0.97430000 0.00131459
0.97435000 0.00131485
0.97440000 0.00131512
0.97445000 0.00131539
0.97450000 0.00131567
0.97455000 0.00131595
0.97460000 0.00131624
0.97465000 0.00131653
0.97470000 0.00131683
0.97475000 0.00131713
0.97480000 0.00131744
0.97485000 0.00131775
0.97490000 0.00131807
0.97495000 0.00131840
0.97500000 0.00131873
0.97505000 0.00131907
0.97510000 0.00131941
0.97515000 0.00131975
0.97520000 0.00132011
0.97525000 0.00132046
0.97530000 0.00132083
0.97535000 0.00132120
0.97540000 0.00132157
0.97545000 0.00132195
0.97550000 0.00132233
0.97555000 0.00132272
0.97560000 0.00132312
0.97565000 0.00132352
0.97570000 0.00132393
0.97575000 0.00132434
0.97580000 0.00132476
0.97585000 0.00132518
0.97590000 0.00132561
0.97595000 0.00132604
0.97600000 0.00132648
0.97605000 0.00132693
0.97610000 0.00132738
0.97615000 0.00132783
0.97620000 0.00132829
0.97625000 0.00132876
0.97630000 0.00132923
0.97635000 0.00132971
0.97640000 0.00133019
0.97645000 0.00133068
0.97650000 0.00133118
0.97655000 0.00133168
0.97660000 0.00133218
0.97665000 0.00133269
0.97670000 0.00133321
0.97675000 0.00133373
0.97680000 0.00133426
0.97685000 0.00133479
0.97690000 0.00133533
0.97695000 0.00133588
0.97700000 0.00133643
0.97705000 0.00133698
0.97710000 0.00133754
0.97715000 0.00133811
0.97720000 0.00133868
0.97725000 0.00133926
0.97730000 0.00133984
0.97735000 0.00134043
0.97740000 0.00134103
0.97745000 0.00134163
0.97750000 0.00134223
0.97755000 0.00134284
0.97760000 0.00134346
0.97765000 0.00134408
0.97770000 0.00134471
0.97775000 0.00134534
0.97780000 0.00134598
0.97785000 0.00134663
0.97790000 0.00134728
0.97795000 0.00134793
0.97800000 0.00134860
0.97805000 0.00134926
0.97810000 0.00134994
0.97815000 0.00135062
0.97820000 0.00135130
0.97825000 0.00135199
0.97830000 0.00135269
0.97835000 0.00135339
0.97840000 0.00135410
0.97845000 0.00135481
0.97850000 0.00135553
0.97855000 0.00135625
0.97860000 0.00135698
0.97865000 0.00135772
0.97870000 0.00135846
0.97875000 0.00135921
0.97880000 0.00135996
0.97885000 0.00136072
0.97890000 0.00136148
0.97895000 0.00136225
0.97900000 0.00136303
0.97905000 0.00136381
0.97910000 0.00136460
0.97915000 0.00136539
0.97920000 0.00136619
0.97925000 0.00136699
0.97930000 0.00136780
0.97935000 0.00136862
0.97940000 0.00136944
0.97945000 0.00137027
0.97950000 0.00137110
0.97955000 0.00137194
0.97960000 0.00137278
0.97965000 0.00137364
0.97970000 0.00137449
0.97975000 0.00137535
0.97980000 0.00137622
0.97985000 0.00137710
0.97990000 0.00137798
0.97995000 0.00137886
0.98000000 0.00137975
0.98005000 0.00138065
0.98010000 0.00138155
0.98015000 0.00138246
0.98020000 0.00138337
0.98025000 0.00138429
0.98030000 0.00138522
0.98035000 0.00138615
0.98040000 0.00138709
0.98045000 0.00138803
0.98050000 0.00138898
0.98055000 0.00138994
0.98060000 0.00139090
0.98065000 0.00139187
0.98070000 0.00139284
0.98075000 0.00139382
0.98080000 0.00139480
0.98085000 0.00139579
0.98090000 0.00139679
0.98095000 0.00139779
0.98100000 0.00139880
0.98105000 0.00139982
0.98110000 0.00140084
0.98115000 0.00140186
0.98120000 0.00140289
0.98125000 0.00140393
0.98130000 0.00140498
0.98135000 0.00140603
0.98140000 0.00140708
0.98145000 0.00140814
0.98150000 0.00140921
0.98155000 0.00141028
0.98160000 0.00141136
0.98165000 0.00141245
0.98170000 0.00141354
0.98175000 0.00141464
0.98180000 0.00141574
0.98185000 0.00141685
0.98190000 0.00141796
0.98195000 0.00141909
0.98200000 0.00142021
0.98205000 0.00142135
0.98210000 0.00142248
0.98215000 0.00142363
0.98220000 0.00142478
0.98225000 0.00142594
0.98230000 0.00142710
0.98235000 0.00142827
0.98240000 0.00142945
0.98245000 0.00143063
0.98250000 0.00143181
0.98255000 0.00143301
0.98260000 0.00143421
0.98265000 0.00143541
0.98270000 0.00143662
0.98275000 0.00143784
0.98280000 0.00143906
0.98285000 0.00144029
0.98290000 0.00144153
0.98295000 0.00144277
0.98300000 0.00144402
0.98305000 0.00144527
0.98310000 0.00144653
0.98315000 0.00144780
0.98320000 0.00144907
0.98325000 0.00145035
0.98330000 0.00145163
0.98335000 0.00145292
0.98340000 0.00145422
0.98345000 0.00145552
0.98350000 0.00145683
0.98355000 0.00145814
0.98360000 0.00145946
0.98365000 0.00146079
0.98370000 0.00146212
0.98375000 0.00146346
0.98380000 0.00146481
0.98385000 0.00146616
0.98390000 0.00146752
0.98395000 0.00146888
0.98400000 0.00147025
0.98405000 0.00147163
0.98410000 0.00147301
0.98415000 0.00147440
0.98420000 0.00147579
0.98425000 0.00147719
0.98430000 0.00147860
0.98435000 0.00148001
0.98440000 0.00148143
0.98445000 0.00148286
0.98450000 0.00148429
0.98455000 0.00148573
0.98460000 0.00148717
0.98465000 0.00148862
0.98470000 0.00149008
0.98475000 0.00149154
0.98480000 0.00149301
0.98485000 0.00149449
0.98490000 0.00149597
0.98495000 0.00149746
0.98500000 0.00149895
0.98505000 0.00150045
0.98510000 0.00150196
0.98515000 0.00150347
0.98520000 0.00150499
0.98525000 0.00150651
0.98530000 0.00150804
0.98535000 0.00150958
0.98540000 0.00151113
0.98545000 0.00151268
0.98550000 0.00151423
0.98555000 0.00151580
0.98560000 0.00151736
0.98565000 0.00151894
0.98570000 0.00152052
0.98575000 0.00152211
0.98580000 0.00152370
0.98585000 0.00152531
0.98590000 0.00152691
0.98595000 0.00152853
0.98600000 0.00153015
0.98605000 0.00153177
0.98610000 0.00153340
0.98615000 0.00153504
0.98620000 0.00153669
0.98625000 0.00153834
0.98630000 0.00154000
0.98635000 0.00154166
0.98640000 0.00154333
0.98645000 0.00154501
0.98650000 0.00154669
0.98655000 0.00154838
0.98660000 0.00155008
0.98665000 0.00155178
0.98670000 0.00155349
0.98675000 0.00155520
0.98680000 0.00155692
0.98685000 0.00155865
0.98690000 0.00156039
0.98695000 0.00156213
0.98700000 0.00156387
0.98705000 0.00156563
0.98710000 0.00156739
0.98715000 0.00156915
0.98720000 0.00157093
0.98725000 0.00157271
0.98730000 0.00157449
0.98735000 0.00157628
0.98740000 0.00157808
0.98745000 0.00157989
0.98750000 0.00158170
0.98755000 0.00158352
0.98760000 0.00158534
0.98765000 0.00158717
0.98770000 0.00158901
0.98775000 0.00159085
0.98780000 0.00159270
0.98785000 0.00159456
0.98790000 0.00159642
0.98795000 0.00159829
0.98800000 0.00160017
0.98805000 0.00160205
0.98810000 0.00160394
0.98815000 0.00160584
0.98820000 0.00160774
0.98825000 0.00160965
0.98830000 0.00161157
0.98835000 0.00161349
0.98840000 0.00161542
0.98845000 0.00161735
0.98850000 0.00161929
0.98855000 0.00162124
0.98860000 0.00162320
0.98865000 0.00162516
0.98870000 0.00162713
0.98875000 0.00162910
0.98880000 0.00163108
0.98885000 0.00163307
0.98890000 0.00163506
0.98895000 0.00163706
0.98900000 0.00163907
0.98905000 0.00164109
0.98910000 0.00164311
0.98915000 0.00164513
0.98920000 0.00164717
0.98925000 0.00164921
0.98930000 0.00165126
0.98935000 0.00165331
0.98940000 0.00165537
0.98945000 0.00165744
0.98950000 0.00165951
0.98955000 0.00166159
0.98960000 0.00166368
0.98965000 0.00166577
0.98970000 0.00166787
0.98975000 0.00166998
0.98980000 0.00167209
0.98985000 0.00167421
0.98990000 0.00167634
0.98995000 0.00167847
0.99000000 0.00168061
0.99005000 0.00168276
0.99010000 0.00168491
0.99015000 0.00168707
0.99020000 0.00168924
0.99025000 0.00169142
0.99030000 0.00169360
0.99035000 0.00169578
0.99040000 0.00169798
0.99045000 0.00170018
0.99050000 0.00170239
0.99055000 0.00170460
0.99060000 0.00170682
0.99065000 0.00170905
0.99070000 0.00171128
0.99075000 0.00171352
0.99080000 0.00171577
0.99085000 0.00171803
0.99090000 0.00172029
0.99095000 0.00172256
0.99100000 0.00172483
0.99105000 0.00172711
0.99110000 0.00172940
0.99115000 0.00173170
0.99120000 0.00173400
0.99125000 0.00173631
0.99130000 0.00173862
0.99135000 0.00174095
0.99140000 0.00174327
0.99145000 0.00174561
0.99150000 0.00174795
0.99155000 0.00175030
0.99160000 0.00175266
0.99165000 0.00175502
0.99170000 0.00175739
0.99175000 0.00175977
0.99180000 0.00176216
0.99185000 0.00176455
0.99190000 0.00176694
0.99195000 0.00176935
0.99200000 0.00177176
0.99205000 0.00177418
0.99210000 0.00177660
0.99215000 0.00177904
0.99220000 0.00178147
0.99225000 0.00178392
0.99230000 0.00178637
0.99235000 0.00178883
0.99240000 0.00179130
0.99245000 0.00179377
0.99250000 0.00179625
0.99255000 0.00179874
0.99260000 0.00180123
0.99265000 0.00180374
0.99270000 0.00180624
0.99275000 0.00180876
0.99280000 0.00181128
0.99285000 0.00181381
0.99290000 0.00181635
0.99295000 0.00181889
0.99300000 0.00182144
0.99305000 0.00182399
0.99310000 0.00182656
0.99315000 0.00182913
0.99320000 0.00183171
0.99325000 0.00183429
0.99330000 0.00183688
0.99335000 0.00183948
0.99340000 0.00184209
0.99345000 0.00184470
0.99350000 0.00184732
0.99355000 0.00184995
0.99360000 0.00185258
0.99365000 0.00185522
0.99370000 0.00185787
0.99375000 0.00186052
0.99380000 0.00186318
0.99385000 0.00186585
0.99390000 0.00186853
0.99395000 0.00187121
0.99400000 0.00187390
0.99405000 0.00187660
0.99410000 0.00187930
0.99415000 0.00188201
0.99420000 0.00188473
0.99425000 0.00188746
0.99430000 0.00189019
0.99435000 0.00189293
0.99440000 0.00189567
0.99445000 0.00189843
0.99450000 0.00190119
0.99455000 0.00190396
0.99460000 0.00190673
0.99465000 0.00190951
0.99470000 0.00191230
0.99475000 0.00191510
0.99480000 0.00191790
0.99485000 0.00192071
0.99490000 0.00192353
0.99495000 0.00192636
0.99500000 0.00192919
0.99505000 0.00193203
0.99510000 0.00193487
0.99515000 0.00193773
0.99520000 0.00194059
0.99525000 0.00194345
0.99530000 0.00194633
0.99535000 0.00194921
0.99540000 0.00195210
0.99545000 0.00195500
0.99550000 0.00195790
0.99555000 0.00196081
0.99560000 0.00196373
0.99565000 0.00196665
0.99570000 0.00196959
0.99575000 0.00197253
0.99580000 0.00197547
0.99585000 0.00197843
0.99590000 0.00198139
0.99595000 0.00198436
0.99600000 0.00198733
0.99605000 0.00199032
0.99610000 0.00199331
0.99615000 0.00199630
0.99620000 0.00199931
0.99625000 0.00200232
0.99630000 0.00200534
0.99635000 0.00200837
0.99640000 0.00201140
0.99645000 0.00201444
0.99650000 0.00201749
0.99655000 0.00202055
0.99660000 0.00202361
0.99665000 0.00202668
0.99670000 0.00202976
0.99675000 0.00203284
0.99680000 0.00203593
0.99685000 0.00203903
0.99690000 0.00204214
0.99695000 0.00204525
0.99700000 0.00204838
0.99705000 0.00205150
0.99710000 0.00205464
0.99715000 0.00205778
0.99720000 0.00206094
0.99725000 0.00206409
0.99730000 0.00206726
0.99735000 0.00207043
0.99740000 0.00207361
0.99745000 0.00207680
0.99750000 0.00208000
0.99755000 0.00208320
0.99760000 0.00208641
0.99765000 0.00208963
0.99770000 0.00209285
0.99775000 0.00209608
0.99780000 0.00209932
0.99785000 0.00210257
0.99790000 0.00210582
0.99795000 0.00210908
0.99800000 0.00211235
0.99805000 0.00211563
0.99810000 0.00211891
0.99815000 0.00212221
0.99820000 0.00212551
0.99825000 0.00212881
0.99830000 0.00213213
0.99835000 0.00213545
0.99840000 0.00213878
0.99845000 0.00214211
0.99850000 0.00214546
0.99855000 0.00214881
0.99860000 0.00215217
0.99865000 0.00215553
0.99870000 0.00215891
0.99875000 0.00216229
0.99880000 0.00216568
0.99885000 0.00216907
0.99890000 0.00217248
0.99895000 0.00217589
0.99900000 0.00217931
0.99905000 0.00218273
0.99910000 0.00218617
0.99915000 0.00218961
0.99920000 0.00219306
0.99925000 0.00219651
0.99930000 0.00219998
0.99935000 0.00220345
0.99940000 0.00220693
0.99945000 0.00221041
0.99950000 0.00221391
0.99955000 0.00221741
0.99960000 0.00222092
0.99965000 0.00222444
0.99970000 0.00222796
0.99975000 0.00223149
0.99980000 0.00223503
0.99985000 0.00223858
0.99990000 0.00224214
0.99995000 0.00224570
1.00000000 0.00224927
